object={
	name="rock_desert_generator_1_0"
	render_pass=Map
	clamp_to_water_level=no
	generated_content=yes
	layer="tree_high_layer"
	pdxmesh="rock_desert_01_mesh"
	count=186
	transform="3761.405273 0.000000 2380.471191 0.000000 0.354413 0.000000 0.935089 1.000000 1.000000 1.000000
3741.810547 0.000000 2450.835205 0.000000 0.414338 0.000000 0.910123 1.000000 1.000000 1.000000
3738.912598 0.000000 2450.335449 0.000000 0.133849 0.000000 0.991002 1.000000 1.000000 1.000000
3747.039307 0.000000 2482.254639 0.000000 0.477611 0.000000 0.878571 1.000000 1.000000 1.000000
3762.464111 0.000000 2542.288086 0.000000 0.332973 0.000000 0.942936 1.000000 1.000000 1.000000
3788.770264 0.000000 2528.679932 0.000000 0.016611 0.000000 0.999862 1.000000 1.000000 1.000000
3805.214844 0.000000 2513.675537 0.000000 0.167320 0.000000 0.985903 1.000000 1.000000 1.000000
3765.193359 0.000000 2554.349609 0.000000 0.056780 0.000000 0.998387 1.000000 1.000000 1.000000
3769.460449 0.000000 2561.029541 0.000000 0.247753 0.000000 0.968823 1.000000 1.000000 1.000000
3724.778076 0.000000 2670.406494 0.000000 0.006604 0.000000 0.999978 1.000000 1.000000 1.000000
3728.146729 0.000000 2662.687988 0.000000 0.220325 0.000000 0.975426 1.000000 1.000000 1.000000
3723.446045 0.000000 2668.009521 0.000000 0.428344 0.000000 0.903616 1.000000 1.000000 1.000000
5268.554688 0.000000 2158.773193 0.000000 0.035260 0.000000 0.999378 1.000000 1.000000 1.000000
5281.812012 0.000000 2147.846436 0.000000 0.168895 0.000000 0.985634 1.000000 1.000000 1.000000
5266.570312 0.000000 2154.101318 0.000000 0.092336 0.000000 0.995728 1.000000 1.000000 1.000000
5281.742188 0.000000 2207.213379 0.000000 0.305109 0.000000 0.952317 1.000000 1.000000 1.000000
5288.976074 0.000000 2209.652344 0.000000 0.082463 0.000000 0.996594 1.000000 1.000000 1.000000
4577.381836 0.000000 2596.566650 0.000000 0.069170 0.000000 0.997605 1.000000 1.000000 1.000000
4581.280762 0.000000 2596.261963 0.000000 0.460294 0.000000 0.887767 1.000000 1.000000 1.000000
4548.558594 0.000000 2591.638184 0.000000 0.126288 0.000000 0.991994 1.000000 1.000000 1.000000
4511.944336 0.000000 2613.081055 0.000000 0.493506 0.000000 0.869743 1.000000 1.000000 1.000000
4513.208496 0.000000 2598.601318 0.000000 0.418017 0.000000 0.908439 1.000000 1.000000 1.000000
4515.416504 0.000000 2600.927002 0.000000 0.142462 0.000000 0.989800 1.000000 1.000000 1.000000
4536.781250 0.000000 2632.240967 0.000000 0.441462 0.000000 0.897280 1.000000 1.000000 1.000000
4544.724609 0.000000 2616.155273 0.000000 0.247568 0.000000 0.968871 1.000000 1.000000 1.000000
4567.845215 0.000000 2600.096924 0.000000 0.086398 0.000000 0.996261 1.000000 1.000000 1.000000
5101.961426 0.000000 2293.885010 0.000000 0.330019 0.000000 0.943974 1.000000 1.000000 1.000000
5118.336914 0.000000 2304.558105 0.000000 0.300560 0.000000 0.953763 1.000000 1.000000 1.000000
5099.792969 0.000000 2357.909424 0.000000 0.443266 0.000000 0.896390 1.000000 1.000000 1.000000
5114.439941 0.000000 2407.987549 0.000000 0.056883 0.000000 0.998381 1.000000 1.000000 1.000000
5095.801270 0.000000 2386.754150 0.000000 0.472346 0.000000 0.881413 1.000000 1.000000 1.000000
4977.314941 0.000000 2514.168457 0.000000 0.199576 0.000000 0.979882 1.000000 1.000000 1.000000
4984.726562 0.000000 2537.756592 0.000000 0.264017 0.000000 0.964518 1.000000 1.000000 1.000000
4973.965332 0.000000 2513.542725 0.000000 0.210337 0.000000 0.977629 1.000000 1.000000 1.000000
5017.068359 0.000000 2542.356934 0.000000 0.133950 0.000000 0.990988 1.000000 1.000000 1.000000
4987.244629 0.000000 2566.865234 0.000000 0.317504 0.000000 0.948257 1.000000 1.000000 1.000000
4981.091309 0.000000 2571.274170 0.000000 0.268826 0.000000 0.963189 1.000000 1.000000 1.000000
4242.601074 0.000000 2804.194336 0.000000 0.250846 0.000000 0.968027 1.000000 1.000000 1.000000
4264.915527 0.000000 2972.592773 0.000000 0.435361 0.000000 0.900256 1.000000 1.000000 1.000000
4243.314941 0.000000 2952.264404 0.000000 0.060093 0.000000 0.998193 1.000000 1.000000 1.000000
4247.706055 0.000000 2975.200928 0.000000 0.119193 0.000000 0.992871 1.000000 1.000000 1.000000
4240.591797 0.000000 2971.477539 0.000000 0.284419 0.000000 0.958700 1.000000 1.000000 1.000000
4253.748535 0.000000 2970.499268 0.000000 0.343683 0.000000 0.939086 1.000000 1.000000 1.000000
4250.165039 0.000000 2975.434814 0.000000 0.483623 0.000000 0.875277 1.000000 1.000000 1.000000
4250.546875 0.000000 2972.038086 0.000000 0.305273 0.000000 0.952265 1.000000 1.000000 1.000000
4236.715820 0.000000 3001.101807 0.000000 0.191471 0.000000 0.981498 1.000000 1.000000 1.000000
4255.975586 0.000000 2991.018555 0.000000 0.095945 0.000000 0.995387 1.000000 1.000000 1.000000
4240.084473 0.000000 2993.383301 0.000000 0.095984 0.000000 0.995383 1.000000 1.000000 1.000000
4229.165039 0.000000 3001.068848 0.000000 0.172695 0.000000 0.984975 1.000000 1.000000 1.000000
4243.314941 0.000000 2999.506592 0.000000 0.193574 0.000000 0.981086 1.000000 1.000000 1.000000
4260.936035 0.000000 2981.772705 0.000000 0.465052 0.000000 0.885284 1.000000 1.000000 1.000000
4239.458496 0.000000 2977.985352 0.000000 0.365855 0.000000 0.930672 1.000000 1.000000 1.000000
4257.007324 0.000000 2994.673096 0.000000 0.033712 0.000000 0.999432 1.000000 1.000000 1.000000
4252.813965 0.000000 2982.423828 0.000000 0.181916 0.000000 0.983314 1.000000 1.000000 1.000000
4249.883789 0.000000 2983.481201 0.000000 0.197535 0.000000 0.980296 1.000000 1.000000 1.000000
4250.917969 0.000000 2986.210205 0.000000 0.431237 0.000000 0.902239 1.000000 1.000000 1.000000
4248.645996 0.000000 2984.105225 0.000000 0.264376 0.000000 0.964420 1.000000 1.000000 1.000000
4287.776367 0.000000 2980.312256 0.000000 0.329590 0.000000 0.944124 1.000000 1.000000 1.000000
5573.000977 0.000000 2339.678223 0.000000 0.055188 0.000000 0.998476 1.000000 1.000000 1.000000
5576.883789 0.000000 2319.144043 0.000000 0.014732 0.000000 0.999891 1.000000 1.000000 1.000000
5579.167480 0.000000 2318.612305 0.000000 0.135037 0.000000 0.990840 1.000000 1.000000 1.000000
5520.150391 0.000000 2368.334473 0.000000 0.270145 0.000000 0.962820 1.000000 1.000000 1.000000
5511.184570 0.000000 2393.093994 0.000000 0.471127 0.000000 0.882066 1.000000 1.000000 1.000000
5559.623535 0.000000 2440.817139 0.000000 0.326438 0.000000 0.945219 1.000000 1.000000 1.000000
5519.302246 0.000000 2505.563477 0.000000 0.193964 0.000000 0.981009 1.000000 1.000000 1.000000
5515.370117 0.000000 2510.140625 0.000000 0.233253 0.000000 0.972416 1.000000 1.000000 1.000000
5489.194336 0.000000 2569.439941 0.000000 0.398598 0.000000 0.917126 1.000000 1.000000 1.000000
5609.296387 0.000000 2637.428223 0.000000 0.302579 0.000000 0.953124 1.000000 1.000000 1.000000
5587.571289 0.000000 2612.728516 0.000000 0.435585 0.000000 0.900148 1.000000 1.000000 1.000000
6092.439941 0.000000 2453.446777 0.000000 0.348696 0.000000 0.937236 1.000000 1.000000 1.000000
5701.754883 0.000000 2598.564697 0.000000 0.487939 0.000000 0.872878 1.000000 1.000000 1.000000
5782.504395 0.000000 2642.284424 0.000000 0.293706 0.000000 0.955896 1.000000 1.000000 1.000000
6107.428711 0.000000 2548.544922 0.000000 0.434274 0.000000 0.900781 1.000000 1.000000 1.000000
6142.687500 0.000000 2542.530518 0.000000 0.477137 0.000000 0.878829 1.000000 1.000000 1.000000
6128.620117 0.000000 2535.397949 0.000000 0.239506 0.000000 0.970895 1.000000 1.000000 1.000000
5987.149902 0.000000 2635.536377 0.000000 0.248758 0.000000 0.968566 1.000000 1.000000 1.000000
6143.030762 0.000000 2563.404785 0.000000 0.021700 0.000000 0.999765 1.000000 1.000000 1.000000
6113.640625 0.000000 2585.150879 0.000000 0.417108 0.000000 0.908857 1.000000 1.000000 1.000000
6108.451660 0.000000 2554.172119 0.000000 0.245174 0.000000 0.969479 1.000000 1.000000 1.000000
6119.300781 0.000000 2596.479980 0.000000 0.061449 0.000000 0.998110 1.000000 1.000000 1.000000
6043.436523 0.000000 2643.029297 0.000000 0.336460 0.000000 0.941698 1.000000 1.000000 1.000000
5577.113281 0.000000 2880.270996 0.000000 0.014676 0.000000 0.999892 1.000000 1.000000 1.000000
5590.596680 0.000000 2893.639160 0.000000 0.277753 0.000000 0.960653 1.000000 1.000000 1.000000
5599.811523 0.000000 2896.534180 0.000000 0.189058 0.000000 0.981966 1.000000 1.000000 1.000000
5574.972168 0.000000 2893.789062 0.000000 0.099514 0.000000 0.995036 1.000000 1.000000 1.000000
5619.758301 0.000000 2913.745361 0.000000 0.257272 0.000000 0.966339 1.000000 1.000000 1.000000
5455.517090 0.000000 3004.630859 0.000000 0.075901 0.000000 0.997115 1.000000 1.000000 1.000000
5459.652832 0.000000 3002.099121 0.000000 0.455620 0.000000 0.890174 1.000000 1.000000 1.000000
5453.696289 0.000000 3005.558105 0.000000 0.284404 0.000000 0.958705 1.000000 1.000000 1.000000
5574.141113 0.000000 2972.777588 0.000000 0.315918 0.000000 0.948787 1.000000 1.000000 1.000000
5513.435059 0.000000 3018.035645 0.000000 0.202617 0.000000 0.979258 1.000000 1.000000 1.000000
5816.649414 0.000000 2653.750732 0.000000 0.065400 0.000000 0.997859 1.000000 1.000000 1.000000
5884.221191 0.000000 2685.514648 0.000000 0.383677 0.000000 0.923467 1.000000 1.000000 1.000000
5793.749512 0.000000 2714.752686 0.000000 0.145925 0.000000 0.989296 1.000000 1.000000 1.000000
5799.260254 0.000000 2720.952881 0.000000 0.045375 0.000000 0.998970 1.000000 1.000000 1.000000
5882.346191 0.000000 2738.682861 0.000000 0.043677 0.000000 0.999046 1.000000 1.000000 1.000000
5824.307129 0.000000 2762.968262 0.000000 0.192323 0.000000 0.981332 1.000000 1.000000 1.000000
5881.636719 0.000000 2743.686523 0.000000 0.328454 0.000000 0.944520 1.000000 1.000000 1.000000
5830.401367 0.000000 2742.948242 0.000000 0.019379 0.000000 0.999812 1.000000 1.000000 1.000000
5925.509277 0.000000 2686.014648 0.000000 0.471694 0.000000 0.881763 1.000000 1.000000 1.000000
5919.657715 0.000000 2657.190186 0.000000 0.477348 0.000000 0.878714 1.000000 1.000000 1.000000
5924.354492 0.000000 2679.689941 0.000000 0.182304 0.000000 0.983242 1.000000 1.000000 1.000000
5924.535156 0.000000 2681.541016 0.000000 0.041260 0.000000 0.999148 1.000000 1.000000 1.000000
5976.951172 0.000000 2684.083496 0.000000 0.185112 0.000000 0.982717 1.000000 1.000000 1.000000
5996.455078 0.000000 2659.780518 0.000000 0.225788 0.000000 0.974176 1.000000 1.000000 1.000000
5959.732422 0.000000 2654.100586 0.000000 0.203516 0.000000 0.979072 1.000000 1.000000 1.000000
5990.388184 0.000000 2677.696045 0.000000 0.121968 0.000000 0.992534 1.000000 1.000000 1.000000
5920.804199 0.000000 2711.219971 0.000000 0.214247 0.000000 0.976780 1.000000 1.000000 1.000000
5945.397949 0.000000 2699.350586 0.000000 0.121706 0.000000 0.992566 1.000000 1.000000 1.000000
6005.729980 0.000000 2706.478516 0.000000 0.475927 0.000000 0.879485 1.000000 1.000000 1.000000
6044.257324 0.000000 2721.752197 0.000000 0.082120 0.000000 0.996622 1.000000 1.000000 1.000000
5689.548340 0.000000 2911.191162 0.000000 0.341683 0.000000 0.939815 1.000000 1.000000 1.000000
5638.214355 0.000000 2918.294678 0.000000 0.281328 0.000000 0.959612 1.000000 1.000000 1.000000
5696.583984 0.000000 2899.608398 0.000000 0.268438 0.000000 0.963297 1.000000 1.000000 1.000000
5756.236816 0.000000 2921.725586 0.000000 0.163537 0.000000 0.986537 1.000000 1.000000 1.000000
5697.750488 0.000000 2902.389893 0.000000 0.494606 0.000000 0.869118 1.000000 1.000000 1.000000
5656.547852 0.000000 3012.434570 0.000000 0.074064 0.000000 0.997254 1.000000 1.000000 1.000000
5809.155273 0.000000 2947.377441 0.000000 0.338105 0.000000 0.941108 1.000000 1.000000 1.000000
5773.239258 0.000000 2932.945068 0.000000 0.477628 0.000000 0.878562 1.000000 1.000000 1.000000
5830.603027 0.000000 2968.630127 0.000000 0.001516 0.000000 0.999999 1.000000 1.000000 1.000000
5819.779297 0.000000 2984.149902 0.000000 0.104930 0.000000 0.994480 1.000000 1.000000 1.000000
5801.272949 0.000000 3015.365723 0.000000 0.440687 0.000000 0.897661 1.000000 1.000000 1.000000
5829.739258 0.000000 2976.502197 0.000000 0.150824 0.000000 0.988561 1.000000 1.000000 1.000000
6350.006348 0.000000 2535.109131 0.000000 0.186676 0.000000 0.982421 1.000000 1.000000 1.000000
6144.529297 0.000000 2568.913086 0.000000 0.351488 0.000000 0.936192 1.000000 1.000000 1.000000
6183.668457 0.000000 2575.722900 0.000000 0.401465 0.000000 0.915874 1.000000 1.000000 1.000000
6190.949219 0.000000 2588.911133 0.000000 0.352814 0.000000 0.935694 1.000000 1.000000 1.000000
6192.211426 0.000000 2592.369629 0.000000 0.262799 0.000000 0.964851 1.000000 1.000000 1.000000
6145.695801 0.000000 2571.694580 0.000000 0.038272 0.000000 0.999267 1.000000 1.000000 1.000000
6334.461914 0.000000 2596.881104 0.000000 0.430673 0.000000 0.902508 1.000000 1.000000 1.000000
6335.263184 0.000000 2623.187988 0.000000 0.465088 0.000000 0.885264 1.000000 1.000000 1.000000
6187.660156 0.000000 2735.846924 0.000000 0.329425 0.000000 0.944182 1.000000 1.000000 1.000000
6186.732910 0.000000 2733.727783 0.000000 0.462731 0.000000 0.886499 1.000000 1.000000 1.000000
6248.153809 0.000000 2692.839844 0.000000 0.136914 0.000000 0.990583 1.000000 1.000000 1.000000
6319.625000 0.000000 2654.041992 0.000000 0.345211 0.000000 0.938525 1.000000 1.000000 1.000000
6376.625000 0.000000 2664.572021 0.000000 0.147439 0.000000 0.989071 1.000000 1.000000 1.000000
6339.324707 0.000000 2667.948975 0.000000 0.442327 0.000000 0.896854 1.000000 1.000000 1.000000
6380.883789 0.000000 2665.331055 0.000000 0.425884 0.000000 0.904778 1.000000 1.000000 1.000000
6159.850098 0.000000 2757.172363 0.000000 0.278054 0.000000 0.960566 1.000000 1.000000 1.000000
6236.479492 0.000000 2961.843506 0.000000 0.346328 0.000000 0.938114 1.000000 1.000000 1.000000
6243.118652 0.000000 2966.231689 0.000000 0.443912 0.000000 0.896070 1.000000 1.000000 1.000000
3935.838379 0.000000 3027.981445 0.000000 0.214746 0.000000 0.976670 1.000000 1.000000 1.000000
4243.920898 0.000000 3027.385254 0.000000 0.403117 0.000000 0.915148 1.000000 1.000000 1.000000
4242.934082 0.000000 3029.673340 0.000000 0.429095 0.000000 0.903259 1.000000 1.000000 1.000000
4966.111328 0.000000 3166.114014 0.000000 0.193873 0.000000 0.981027 1.000000 1.000000 1.000000
5079.604492 0.000000 3353.138428 0.000000 0.237397 0.000000 0.971413 1.000000 1.000000 1.000000
5059.153320 0.000000 3356.942871 0.000000 0.120531 0.000000 0.992710 1.000000 1.000000 1.000000
4956.592285 0.000000 3404.531494 0.000000 0.343007 0.000000 0.939333 1.000000 1.000000 1.000000
5037.969238 0.000000 3474.939697 0.000000 0.202180 0.000000 0.979348 1.000000 1.000000 1.000000
5024.602539 0.000000 3473.248535 0.000000 0.082582 0.000000 0.996584 1.000000 1.000000 1.000000
5429.174316 0.000000 3045.438477 0.000000 0.408203 0.000000 0.912891 1.000000 1.000000 1.000000
5426.591797 0.000000 3044.645752 0.000000 0.436755 0.000000 0.899580 1.000000 1.000000 1.000000
5454.115723 0.000000 3054.773193 0.000000 0.264435 0.000000 0.964403 1.000000 1.000000 1.000000
5459.045898 0.000000 3064.199463 0.000000 0.062253 0.000000 0.998060 1.000000 1.000000 1.000000
5520.150391 0.000000 3029.725098 0.000000 0.202611 0.000000 0.979259 1.000000 1.000000 1.000000
5517.270508 0.000000 3027.429443 0.000000 0.434078 0.000000 0.900875 1.000000 1.000000 1.000000
5568.308105 0.000000 3031.584473 0.000000 0.298059 0.000000 0.954547 1.000000 1.000000 1.000000
5565.812012 0.000000 3094.728760 0.000000 0.222237 0.000000 0.974993 1.000000 1.000000 1.000000
5541.564453 0.000000 3085.051270 0.000000 0.122073 0.000000 0.992521 1.000000 1.000000 1.000000
5520.482422 0.000000 3105.180908 0.000000 0.242873 0.000000 0.970058 1.000000 1.000000 1.000000
5494.821289 0.000000 3159.605469 0.000000 0.424861 0.000000 0.905259 1.000000 1.000000 1.000000
5510.148926 0.000000 3161.746338 0.000000 0.362326 0.000000 0.932052 1.000000 1.000000 1.000000
5541.163574 0.000000 3163.168213 0.000000 0.132960 0.000000 0.991121 1.000000 1.000000 1.000000
5568.599609 0.000000 3135.819336 0.000000 0.392861 0.000000 0.919598 1.000000 1.000000 1.000000
5585.125000 0.000000 3163.648926 0.000000 0.005612 0.000000 0.999984 1.000000 1.000000 1.000000
5517.045898 0.000000 3165.946777 0.000000 0.065136 0.000000 0.997876 1.000000 1.000000 1.000000
5604.309082 0.000000 3194.455078 0.000000 0.064334 0.000000 0.997928 1.000000 1.000000 1.000000
5630.155273 0.000000 3206.642090 0.000000 0.410057 0.000000 0.912060 1.000000 1.000000 1.000000
5256.494629 0.000000 3227.190918 0.000000 0.058427 0.000000 0.998292 1.000000 1.000000 1.000000
5259.583984 0.000000 3229.018799 0.000000 0.263470 0.000000 0.964668 1.000000 1.000000 1.000000
5515.370117 0.000000 3218.773438 0.000000 0.186849 0.000000 0.982389 1.000000 1.000000 1.000000
5512.891602 0.000000 3216.745605 0.000000 0.120892 0.000000 0.992666 1.000000 1.000000 1.000000
5690.369629 0.000000 3069.378174 0.000000 0.113280 0.000000 0.993563 1.000000 1.000000 1.000000
5695.085449 0.000000 3035.826660 0.000000 0.225553 0.000000 0.974231 1.000000 1.000000 1.000000
5697.750488 0.000000 3138.600830 0.000000 0.093973 0.000000 0.995575 1.000000 1.000000 1.000000
5635.351074 0.000000 3199.473145 0.000000 0.274924 0.000000 0.961466 1.000000 1.000000 1.000000
5643.354492 0.000000 3171.531250 0.000000 0.384447 0.000000 0.923147 1.000000 1.000000 1.000000
5683.433105 0.000000 3174.565430 0.000000 0.318742 0.000000 0.947842 1.000000 1.000000 1.000000
5687.952637 0.000000 3209.504150 0.000000 0.162576 0.000000 0.986696 1.000000 1.000000 1.000000
5657.080566 0.000000 3218.031250 0.000000 0.405105 0.000000 0.914270 1.000000 1.000000 1.000000
6019.489746 0.000000 3666.382080 0.000000 0.111235 0.000000 0.993794 1.000000 1.000000 1.000000
6031.216797 0.000000 3646.832275 0.000000 0.023335 0.000000 0.999728 1.000000 1.000000 1.000000
6084.062500 0.000000 3810.867432 0.000000 0.058328 0.000000 0.998297 1.000000 1.000000 1.000000
6085.785156 0.000000 3812.460449 0.000000 0.230532 0.000000 0.973065 1.000000 1.000000 1.000000
6098.377441 0.000000 3812.728516 0.000000 0.148988 0.000000 0.988839 1.000000 1.000000 1.000000
6084.270996 0.000000 3812.492432 0.000000 0.358984 0.000000 0.933344 1.000000 1.000000 1.000000
"}
object={
	name="rock_desert_generator_1_1"
	render_pass=Map
	clamp_to_water_level=no
	generated_content=yes
	layer="tree_high_layer"
	pdxmesh="rock_desert_02_mesh"
	count=200
	transform="3741.681885 0.000000 2399.419678 0.000000 0.659332 0.000000 0.751852 1.000000 1.000000 1.000000
3738.717773 0.000000 2433.010986 0.000000 0.514834 0.000000 0.857290 1.000000 1.000000 1.000000
3745.333740 0.000000 2449.353760 0.000000 0.702003 0.000000 0.712174 1.000000 1.000000 1.000000
3763.611816 0.000000 2545.319336 0.000000 0.808403 0.000000 0.588629 1.000000 1.000000 1.000000
3798.815186 0.000000 2515.701660 0.000000 0.836252 0.000000 0.548346 1.000000 1.000000 1.000000
3776.556641 0.000000 2526.757324 0.000000 0.770091 0.000000 0.637934 1.000000 1.000000 1.000000
3783.190430 0.000000 2563.093750 0.000000 0.826607 0.000000 0.562780 1.000000 1.000000 1.000000
3799.202637 0.000000 2566.317871 0.000000 0.843799 0.000000 0.536659 1.000000 1.000000 1.000000
3918.319824 0.000000 2891.059814 0.000000 0.550258 0.000000 0.834995 1.000000 1.000000 1.000000
5199.548340 0.000000 2154.271484 0.000000 0.651820 0.000000 0.758373 1.000000 1.000000 1.000000
5250.295898 0.000000 2164.968750 0.000000 0.762270 0.000000 0.647260 1.000000 1.000000 1.000000
5284.348145 0.000000 2202.369141 0.000000 0.791068 0.000000 0.611728 1.000000 1.000000 1.000000
5364.998047 0.000000 2176.412109 0.000000 0.782454 0.000000 0.622708 1.000000 1.000000 1.000000
5408.212402 0.000000 2168.651611 0.000000 0.791608 0.000000 0.611029 1.000000 1.000000 1.000000
5515.227539 0.000000 2242.829834 0.000000 0.781356 0.000000 0.624085 1.000000 1.000000 1.000000
4524.574219 0.000000 2580.126953 0.000000 0.768207 0.000000 0.640201 1.000000 1.000000 1.000000
4548.824707 0.000000 2588.234863 0.000000 0.865677 0.000000 0.500603 1.000000 1.000000 1.000000
4516.441895 0.000000 2627.548828 0.000000 0.859631 0.000000 0.510916 1.000000 1.000000 1.000000
4540.687012 0.000000 2615.918213 0.000000 0.521085 0.000000 0.853505 1.000000 1.000000 1.000000
4520.692383 0.000000 2630.431641 0.000000 0.726224 0.000000 0.687458 1.000000 1.000000 1.000000
4529.995605 0.000000 2638.659180 0.000000 0.641733 0.000000 0.766928 1.000000 1.000000 1.000000
4577.232422 0.000000 2638.322510 0.000000 0.689561 0.000000 0.724228 1.000000 1.000000 1.000000
4569.213379 0.000000 2603.882812 0.000000 0.609339 0.000000 0.792909 1.000000 1.000000 1.000000
4566.393555 0.000000 2603.583252 0.000000 0.688445 0.000000 0.725289 1.000000 1.000000 1.000000
5099.399902 0.000000 2354.230957 0.000000 0.802832 0.000000 0.596206 1.000000 1.000000 1.000000
5116.294922 0.000000 2404.122070 0.000000 0.700069 0.000000 0.714076 1.000000 1.000000 1.000000
5024.259277 0.000000 2546.589111 0.000000 0.775685 0.000000 0.631121 1.000000 1.000000 1.000000
4986.624512 0.000000 2564.276611 0.000000 0.707036 0.000000 0.707178 1.000000 1.000000 1.000000
4984.510742 0.000000 2569.181396 0.000000 0.648142 0.000000 0.761519 1.000000 1.000000 1.000000
4985.636230 0.000000 2568.686523 0.000000 0.582761 0.000000 0.812643 1.000000 1.000000 1.000000
4984.273438 0.000000 2566.167969 0.000000 0.684384 0.000000 0.729122 1.000000 1.000000 1.000000
4983.482910 0.000000 2571.217041 0.000000 0.855782 0.000000 0.517337 1.000000 1.000000 1.000000
5023.724121 0.000000 2583.839355 0.000000 0.643152 0.000000 0.765738 1.000000 1.000000 1.000000
4220.468262 0.000000 2798.145996 0.000000 0.648482 0.000000 0.761230 1.000000 1.000000 1.000000
4236.715820 0.000000 2953.859619 0.000000 0.565928 0.000000 0.824455 1.000000 1.000000 1.000000
4244.679688 0.000000 2961.890381 0.000000 0.745618 0.000000 0.666374 1.000000 1.000000 1.000000
4253.619629 0.000000 2966.325928 0.000000 0.633430 0.000000 0.773800 1.000000 1.000000 1.000000
4232.684570 0.000000 2951.491943 0.000000 0.510875 0.000000 0.859655 1.000000 1.000000 1.000000
4234.829102 0.000000 2947.068359 0.000000 0.533620 0.000000 0.845724 1.000000 1.000000 1.000000
4249.252441 0.000000 2981.820312 0.000000 0.857491 0.000000 0.514498 1.000000 1.000000 1.000000
4263.902832 0.000000 3000.902588 0.000000 0.763703 0.000000 0.645568 1.000000 1.000000 1.000000
4255.860840 0.000000 2987.885498 0.000000 0.660049 0.000000 0.751223 1.000000 1.000000 1.000000
4260.907715 0.000000 3000.395508 0.000000 0.795586 0.000000 0.605841 1.000000 1.000000 1.000000
5524.888672 0.000000 2285.522949 0.000000 0.548120 0.000000 0.836400 1.000000 1.000000 1.000000
5521.327148 0.000000 2298.885742 0.000000 0.687708 0.000000 0.725987 1.000000 1.000000 1.000000
5527.335449 0.000000 2286.232178 0.000000 0.859237 0.000000 0.511578 1.000000 1.000000 1.000000
5519.629395 0.000000 2300.198242 0.000000 0.568544 0.000000 0.822653 1.000000 1.000000 1.000000
5530.499023 0.000000 2338.526611 0.000000 0.850896 0.000000 0.525334 1.000000 1.000000 1.000000
5578.762695 0.000000 2316.562988 0.000000 0.593573 0.000000 0.804780 1.000000 1.000000 1.000000
5509.833008 0.000000 2379.377441 0.000000 0.782503 0.000000 0.622647 1.000000 1.000000 1.000000
5543.746582 0.000000 2433.996338 0.000000 0.708621 0.000000 0.705590 1.000000 1.000000 1.000000
5590.596680 0.000000 2421.217285 0.000000 0.636315 0.000000 0.771429 1.000000 1.000000 1.000000
5547.490234 0.000000 2509.553223 0.000000 0.716600 0.000000 0.697484 1.000000 1.000000 1.000000
5532.521973 0.000000 2506.929932 0.000000 0.636451 0.000000 0.771317 1.000000 1.000000 1.000000
5601.772949 0.000000 2525.783936 0.000000 0.835008 0.000000 0.550238 1.000000 1.000000 1.000000
5605.556641 0.000000 2518.145020 0.000000 0.638514 0.000000 0.769610 1.000000 1.000000 1.000000
5423.003906 0.000000 2581.218262 0.000000 0.734566 0.000000 0.678538 1.000000 1.000000 1.000000
5424.578125 0.000000 2584.808350 0.000000 0.813242 0.000000 0.581926 1.000000 1.000000 1.000000
5494.458496 0.000000 2576.175293 0.000000 0.578471 0.000000 0.815703 1.000000 1.000000 1.000000
5493.166504 0.000000 2573.016602 0.000000 0.668323 0.000000 0.743871 1.000000 1.000000 1.000000
5783.518555 0.000000 2644.505615 0.000000 0.828552 0.000000 0.559912 1.000000 1.000000 1.000000
6130.780273 0.000000 2534.774658 0.000000 0.658725 0.000000 0.752384 1.000000 1.000000 1.000000
6118.091797 0.000000 2597.665771 0.000000 0.851136 0.000000 0.524945 1.000000 1.000000 1.000000
6110.961426 0.000000 2587.502930 0.000000 0.733515 0.000000 0.679674 1.000000 1.000000 1.000000
6141.919434 0.000000 2618.911377 0.000000 0.843663 0.000000 0.536873 1.000000 1.000000 1.000000
5588.695312 0.000000 2872.604736 0.000000 0.554466 0.000000 0.832207 1.000000 1.000000 1.000000
5589.873535 0.000000 2875.271973 0.000000 0.759678 0.000000 0.650299 1.000000 1.000000 1.000000
5578.879395 0.000000 2881.682617 0.000000 0.543092 0.000000 0.839673 1.000000 1.000000 1.000000
5581.038086 0.000000 2882.493652 0.000000 0.504897 0.000000 0.863180 1.000000 1.000000 1.000000
5617.238770 0.000000 2911.249756 0.000000 0.616091 0.000000 0.787675 1.000000 1.000000 1.000000
5616.682617 0.000000 2913.335449 0.000000 0.569028 0.000000 0.822318 1.000000 1.000000 1.000000
5618.687500 0.000000 2914.922119 0.000000 0.764510 0.000000 0.644612 1.000000 1.000000 1.000000
5616.097656 0.000000 2904.950439 0.000000 0.694237 0.000000 0.719747 1.000000 1.000000 1.000000
5591.495117 0.000000 2892.040039 0.000000 0.663079 0.000000 0.748549 1.000000 1.000000 1.000000
5494.104004 0.000000 3022.830811 0.000000 0.648006 0.000000 0.761635 1.000000 1.000000 1.000000
5453.278320 0.000000 2980.187256 0.000000 0.673428 0.000000 0.739252 1.000000 1.000000 1.000000
5495.976074 0.000000 3020.535400 0.000000 0.540932 0.000000 0.841066 1.000000 1.000000 1.000000
5450.069336 0.000000 3004.774414 0.000000 0.723840 0.000000 0.689968 1.000000 1.000000 1.000000
5577.113281 0.000000 2974.755371 0.000000 0.779526 0.000000 0.626370 1.000000 1.000000 1.000000
5559.623535 0.000000 3007.723389 0.000000 0.683549 0.000000 0.729904 1.000000 1.000000 1.000000
5565.402832 0.000000 2980.416260 0.000000 0.567982 0.000000 0.823041 1.000000 1.000000 1.000000
5513.121094 0.000000 3021.997559 0.000000 0.731819 0.000000 0.681499 1.000000 1.000000 1.000000
5563.499023 0.000000 2981.788818 0.000000 0.605164 0.000000 0.796101 1.000000 1.000000 1.000000
5732.293457 0.000000 2722.033203 0.000000 0.814356 0.000000 0.580365 1.000000 1.000000 1.000000
5805.875488 0.000000 2671.822510 0.000000 0.788938 0.000000 0.614473 1.000000 1.000000 1.000000
5807.687500 0.000000 2654.041992 0.000000 0.702680 0.000000 0.711506 1.000000 1.000000 1.000000
5819.779297 0.000000 2700.696777 0.000000 0.820091 0.000000 0.572233 1.000000 1.000000 1.000000
5798.569336 0.000000 2728.603760 0.000000 0.776055 0.000000 0.630666 1.000000 1.000000 1.000000
5814.838379 0.000000 2711.807617 0.000000 0.767696 0.000000 0.640814 1.000000 1.000000 1.000000
5791.041016 0.000000 2719.586670 0.000000 0.533353 0.000000 0.845893 1.000000 1.000000 1.000000
5790.284668 0.000000 2716.038330 0.000000 0.667473 0.000000 0.744634 1.000000 1.000000 1.000000
5817.132324 0.000000 2709.210693 0.000000 0.515417 0.000000 0.856940 1.000000 1.000000 1.000000
5817.210938 0.000000 2702.756104 0.000000 0.523597 0.000000 0.851966 1.000000 1.000000 1.000000
5814.489258 0.000000 2709.719727 0.000000 0.685248 0.000000 0.728310 1.000000 1.000000 1.000000
5878.980957 0.000000 2700.205322 0.000000 0.645055 0.000000 0.764136 1.000000 1.000000 1.000000
5858.472168 0.000000 2705.850098 0.000000 0.633676 0.000000 0.773598 1.000000 1.000000 1.000000
5817.644531 0.000000 2743.686523 0.000000 0.778897 0.000000 0.627152 1.000000 1.000000 1.000000
5826.948242 0.000000 2746.590576 0.000000 0.838608 0.000000 0.544735 1.000000 1.000000 1.000000
5884.667480 0.000000 2787.491943 0.000000 0.738788 0.000000 0.673938 1.000000 1.000000 1.000000
5948.515137 0.000000 2663.160400 0.000000 0.731603 0.000000 0.681731 1.000000 1.000000 1.000000
5948.257324 0.000000 2656.419434 0.000000 0.756305 0.000000 0.654219 1.000000 1.000000 1.000000
5950.711426 0.000000 2661.871338 0.000000 0.619624 0.000000 0.784899 1.000000 1.000000 1.000000
5927.378906 0.000000 2668.381836 0.000000 0.629874 0.000000 0.776698 1.000000 1.000000 1.000000
5992.890137 0.000000 2682.074219 0.000000 0.559606 0.000000 0.828759 1.000000 1.000000 1.000000
5974.833008 0.000000 2683.466064 0.000000 0.685802 0.000000 0.727788 1.000000 1.000000 1.000000
5982.304688 0.000000 2648.426025 0.000000 0.533453 0.000000 0.845830 1.000000 1.000000 1.000000
6014.036621 0.000000 2656.513916 0.000000 0.617067 0.000000 0.786911 1.000000 1.000000 1.000000
5913.138672 0.000000 2692.906738 0.000000 0.809421 0.000000 0.587229 1.000000 1.000000 1.000000
6039.487305 0.000000 2691.747803 0.000000 0.850003 0.000000 0.526778 1.000000 1.000000 1.000000
6027.803711 0.000000 2720.978271 0.000000 0.821467 0.000000 0.570256 1.000000 1.000000 1.000000
6024.301758 0.000000 2721.949219 0.000000 0.826452 0.000000 0.563008 1.000000 1.000000 1.000000
6021.479492 0.000000 2722.397217 0.000000 0.774307 0.000000 0.632811 1.000000 1.000000 1.000000
5888.479492 0.000000 2786.997559 0.000000 0.745822 0.000000 0.666146 1.000000 1.000000 1.000000
5652.462891 0.000000 2874.285645 0.000000 0.643435 0.000000 0.765501 1.000000 1.000000 1.000000
5687.449219 0.000000 2884.235107 0.000000 0.655850 0.000000 0.754892 1.000000 1.000000 1.000000
5637.269531 0.000000 2910.225098 0.000000 0.618529 0.000000 0.785762 1.000000 1.000000 1.000000
5753.652344 0.000000 2932.655273 0.000000 0.743300 0.000000 0.668958 1.000000 1.000000 1.000000
5631.612305 0.000000 2980.312256 0.000000 0.835369 0.000000 0.549690 1.000000 1.000000 1.000000
5693.796387 0.000000 3000.244385 0.000000 0.714544 0.000000 0.699590 1.000000 1.000000 1.000000
5661.906250 0.000000 2989.475098 0.000000 0.512692 0.000000 0.858573 1.000000 1.000000 1.000000
5720.982422 0.000000 3014.778809 0.000000 0.830317 0.000000 0.557291 1.000000 1.000000 1.000000
5768.860352 0.000000 2933.292480 0.000000 0.745649 0.000000 0.666339 1.000000 1.000000 1.000000
5822.515625 0.000000 2978.116211 0.000000 0.648301 0.000000 0.761384 1.000000 1.000000 1.000000
5874.552246 0.000000 2982.181885 0.000000 0.641628 0.000000 0.767016 1.000000 1.000000 1.000000
5893.837891 0.000000 3003.658936 0.000000 0.598533 0.000000 0.801098 1.000000 1.000000 1.000000
6156.432129 0.000000 2547.931152 0.000000 0.648556 0.000000 0.761167 1.000000 1.000000 1.000000
6329.988770 0.000000 2525.720703 0.000000 0.671628 0.000000 0.740889 1.000000 1.000000 1.000000
6330.773926 0.000000 2529.092041 0.000000 0.729270 0.000000 0.684226 1.000000 1.000000 1.000000
6351.407715 0.000000 2532.208984 0.000000 0.852489 0.000000 0.522746 1.000000 1.000000 1.000000
6193.376465 0.000000 2551.234131 0.000000 0.582804 0.000000 0.812613 1.000000 1.000000 1.000000
6323.736816 0.000000 2585.876465 0.000000 0.829767 0.000000 0.558110 1.000000 1.000000 1.000000
6324.114258 0.000000 2551.619385 0.000000 0.825428 0.000000 0.564507 1.000000 1.000000 1.000000
6319.059570 0.000000 2586.857910 0.000000 0.746143 0.000000 0.665786 1.000000 1.000000 1.000000
6352.380859 0.000000 2585.516846 0.000000 0.792543 0.000000 0.609816 1.000000 1.000000 1.000000
6332.612793 0.000000 2598.523193 0.000000 0.549888 0.000000 0.835238 1.000000 1.000000 1.000000
6333.718262 0.000000 2622.306885 0.000000 0.626071 0.000000 0.779766 1.000000 1.000000 1.000000
6334.150879 0.000000 2623.933838 0.000000 0.652770 0.000000 0.757556 1.000000 1.000000 1.000000
6335.526367 0.000000 2611.933594 0.000000 0.850465 0.000000 0.526032 1.000000 1.000000 1.000000
6336.397949 0.000000 2625.137451 0.000000 0.835153 0.000000 0.550018 1.000000 1.000000 1.000000
6399.226074 0.000000 2589.782227 0.000000 0.777253 0.000000 0.629188 1.000000 1.000000 1.000000
6268.476074 0.000000 2663.160400 0.000000 0.849197 0.000000 0.528075 1.000000 1.000000 1.000000
6185.358398 0.000000 2739.495361 0.000000 0.520693 0.000000 0.853744 1.000000 1.000000 1.000000
6315.110840 0.000000 2681.368896 0.000000 0.755687 0.000000 0.654933 1.000000 1.000000 1.000000
6334.437012 0.000000 2663.825195 0.000000 0.573593 0.000000 0.819141 1.000000 1.000000 1.000000
6381.028809 0.000000 2667.026611 0.000000 0.557492 0.000000 0.830182 1.000000 1.000000 1.000000
6378.947754 0.000000 2667.645752 0.000000 0.813792 0.000000 0.581157 1.000000 1.000000 1.000000
6147.025879 0.000000 2751.026123 0.000000 0.631918 0.000000 0.775035 1.000000 1.000000 1.000000
6148.629395 0.000000 2777.203613 0.000000 0.785983 0.000000 0.618248 1.000000 1.000000 1.000000
6205.733887 0.000000 2858.517822 0.000000 0.858184 0.000000 0.513343 1.000000 1.000000 1.000000
5025.145996 0.000000 3165.507568 0.000000 0.608704 0.000000 0.793397 1.000000 1.000000 1.000000
4866.342773 0.000000 3393.265625 0.000000 0.654642 0.000000 0.755939 1.000000 1.000000 1.000000
4922.450684 0.000000 3444.052002 0.000000 0.574432 0.000000 0.818552 1.000000 1.000000 1.000000
5008.457031 0.000000 3439.799072 0.000000 0.831546 0.000000 0.555455 1.000000 1.000000 1.000000
5025.843262 0.000000 3470.627686 0.000000 0.837273 0.000000 0.546785 1.000000 1.000000 1.000000
5421.922363 0.000000 3049.760010 0.000000 0.541707 0.000000 0.840567 1.000000 1.000000 1.000000
5428.990234 0.000000 3074.013672 0.000000 0.621815 0.000000 0.783164 1.000000 1.000000 1.000000
5407.979004 0.000000 3101.419434 0.000000 0.704335 0.000000 0.709867 1.000000 1.000000 1.000000
5617.178711 0.000000 3041.861816 0.000000 0.712086 0.000000 0.702093 1.000000 1.000000 1.000000
5596.996582 0.000000 3033.339600 0.000000 0.536918 0.000000 0.843635 1.000000 1.000000 1.000000
5558.450684 0.000000 3095.839355 0.000000 0.541377 0.000000 0.840780 1.000000 1.000000 1.000000
5522.539062 0.000000 3098.945068 0.000000 0.799952 0.000000 0.600064 1.000000 1.000000 1.000000
5626.377441 0.000000 3116.620361 0.000000 0.526786 0.000000 0.849998 1.000000 1.000000 1.000000
5623.615723 0.000000 3102.207764 0.000000 0.652322 0.000000 0.757942 1.000000 1.000000 1.000000
5619.385742 0.000000 3112.225586 0.000000 0.755227 0.000000 0.655464 1.000000 1.000000 1.000000
5590.176758 0.000000 3106.089355 0.000000 0.531264 0.000000 0.847206 1.000000 1.000000 1.000000
5592.555664 0.000000 3106.918945 0.000000 0.513182 0.000000 0.858280 1.000000 1.000000 1.000000
5455.936035 0.000000 3135.109863 0.000000 0.811391 0.000000 0.584504 1.000000 1.000000 1.000000
5455.678711 0.000000 3132.227051 0.000000 0.579453 0.000000 0.815006 1.000000 1.000000 1.000000
5485.138184 0.000000 3186.690674 0.000000 0.772028 0.000000 0.635588 1.000000 1.000000 1.000000
5489.945801 0.000000 3188.721680 0.000000 0.627066 0.000000 0.778966 1.000000 1.000000 1.000000
5516.510254 0.000000 3162.079590 0.000000 0.543709 0.000000 0.839274 1.000000 1.000000 1.000000
5520.394531 0.000000 3156.345947 0.000000 0.744049 0.000000 0.668124 1.000000 1.000000 1.000000
5504.387695 0.000000 3154.292969 0.000000 0.664071 0.000000 0.747670 1.000000 1.000000 1.000000
5625.667969 0.000000 3121.624023 0.000000 0.608403 0.000000 0.793629 1.000000 1.000000 1.000000
5577.113281 0.000000 3163.724121 0.000000 0.747488 0.000000 0.664275 1.000000 1.000000 1.000000
5539.291504 0.000000 3167.833252 0.000000 0.588408 0.000000 0.808564 1.000000 1.000000 1.000000
5627.802734 0.000000 3173.118652 0.000000 0.530723 0.000000 0.847545 1.000000 1.000000 1.000000
5621.456543 0.000000 3204.026611 0.000000 0.701642 0.000000 0.712529 1.000000 1.000000 1.000000
5259.779297 0.000000 3227.399414 0.000000 0.777946 0.000000 0.628331 1.000000 1.000000 1.000000
5249.944824 0.000000 3225.473145 0.000000 0.625859 0.000000 0.779936 1.000000 1.000000 1.000000
5564.562012 0.000000 3230.066650 0.000000 0.815035 0.000000 0.579412 1.000000 1.000000 1.000000
5540.779785 0.000000 3217.983643 0.000000 0.830932 0.000000 0.556374 1.000000 1.000000 1.000000
5543.944824 0.000000 3218.395020 0.000000 0.768001 0.000000 0.640449 1.000000 1.000000 1.000000
5567.620117 0.000000 3226.082031 0.000000 0.703448 0.000000 0.710747 1.000000 1.000000 1.000000
5638.964355 0.000000 3035.515625 0.000000 0.689945 0.000000 0.723862 1.000000 1.000000 1.000000
5637.817383 0.000000 3040.768066 0.000000 0.732092 0.000000 0.681206 1.000000 1.000000 1.000000
5694.540039 0.000000 3069.302979 0.000000 0.724071 0.000000 0.689725 1.000000 1.000000 1.000000
5648.183594 0.000000 3096.195068 0.000000 0.844556 0.000000 0.535467 1.000000 1.000000 1.000000
5654.588867 0.000000 3129.850098 0.000000 0.756097 0.000000 0.654460 1.000000 1.000000 1.000000
5661.447754 0.000000 3155.294678 0.000000 0.635897 0.000000 0.771774 1.000000 1.000000 1.000000
5691.158691 0.000000 3133.771484 0.000000 0.793986 0.000000 0.607936 1.000000 1.000000 1.000000
5695.673828 0.000000 3148.341797 0.000000 0.820502 0.000000 0.571644 1.000000 1.000000 1.000000
5686.797852 0.000000 3206.847656 0.000000 0.711922 0.000000 0.702258 1.000000 1.000000 1.000000
5631.315918 0.000000 3207.595703 0.000000 0.817794 0.000000 0.575511 1.000000 1.000000 1.000000
5641.428223 0.000000 3204.475342 0.000000 0.768681 0.000000 0.639632 1.000000 1.000000 1.000000
5684.964355 0.000000 3171.280762 0.000000 0.513794 0.000000 0.857913 1.000000 1.000000 1.000000
5667.445801 0.000000 3223.774658 0.000000 0.553808 0.000000 0.832644 1.000000 1.000000 1.000000
6017.220215 0.000000 3666.479492 0.000000 0.711838 0.000000 0.702344 1.000000 1.000000 1.000000
6031.780762 0.000000 3647.850830 0.000000 0.771444 0.000000 0.636297 1.000000 1.000000 1.000000
6051.326172 0.000000 3689.367188 0.000000 0.816588 0.000000 0.577221 1.000000 1.000000 1.000000
"}
object={
	name="rock_desert_generator_1_2"
	render_pass=Map
	clamp_to_water_level=no
	generated_content=yes
	layer="tree_high_layer"
	pdxmesh="rock_desert_03_mesh"
	count=202
	transform="3706.611572 0.000000 2407.987549 0.000000 0.993925 0.000000 0.110058 1.000000 1.000000 1.000000
3745.929199 0.000000 2396.182129 0.000000 0.986762 0.000000 0.162173 1.000000 1.000000 1.000000
3737.224609 0.000000 2447.872559 0.000000 0.998405 0.000000 0.056452 1.000000 1.000000 1.000000
3815.957275 0.000000 2528.480713 0.000000 0.912583 0.000000 0.408892 1.000000 1.000000 1.000000
3809.921387 0.000000 2537.908691 0.000000 0.890572 0.000000 0.454842 1.000000 1.000000 1.000000
3779.309082 0.000000 2506.583496 0.000000 0.925404 0.000000 0.378982 1.000000 1.000000 1.000000
3812.527588 0.000000 2580.306641 0.000000 0.965479 0.000000 0.260479 1.000000 1.000000 1.000000
3824.773193 0.000000 2584.808350 0.000000 0.977079 0.000000 0.212877 1.000000 1.000000 1.000000
3805.918457 0.000000 2581.927002 0.000000 0.927514 0.000000 0.373788 1.000000 1.000000 1.000000
3718.092529 0.000000 2651.093994 0.000000 0.985618 0.000000 0.168987 1.000000 1.000000 1.000000
3918.076416 0.000000 2888.412842 0.000000 0.958607 0.000000 0.284734 1.000000 1.000000 1.000000
5198.146973 0.000000 2157.171631 0.000000 0.990474 0.000000 0.137701 1.000000 1.000000 1.000000
5215.858398 0.000000 2187.901367 0.000000 0.985469 0.000000 0.169857 1.000000 1.000000 1.000000
5336.707031 0.000000 2202.042236 0.000000 0.999125 0.000000 0.041827 1.000000 1.000000 1.000000
5408.212402 0.000000 2215.893799 0.000000 0.975605 0.000000 0.219532 1.000000 1.000000 1.000000
5437.021484 0.000000 2235.102295 0.000000 0.939961 0.000000 0.341282 1.000000 1.000000 1.000000
5440.615234 0.000000 2238.217773 0.000000 0.987294 0.000000 0.158901 1.000000 1.000000 1.000000
5482.579102 0.000000 2220.540771 0.000000 0.879754 0.000000 0.475429 1.000000 1.000000 1.000000
5506.969238 0.000000 2215.533447 0.000000 0.983733 0.000000 0.179635 1.000000 1.000000 1.000000
5528.683594 0.000000 2249.284424 0.000000 0.940515 0.000000 0.339753 1.000000 1.000000 1.000000
5546.190918 0.000000 2247.366211 0.000000 0.986569 0.000000 0.163344 1.000000 1.000000 1.000000
5513.829590 0.000000 2240.861328 0.000000 0.928114 0.000000 0.372296 1.000000 1.000000 1.000000
4507.624023 0.000000 2595.787109 0.000000 0.972516 0.000000 0.232835 1.000000 1.000000 1.000000
4503.674805 0.000000 2597.263428 0.000000 0.989448 0.000000 0.144889 1.000000 1.000000 1.000000
4567.666992 0.000000 2597.263428 0.000000 0.997144 0.000000 0.075527 1.000000 1.000000 1.000000
4513.905762 0.000000 2620.268311 0.000000 0.906431 0.000000 0.422355 1.000000 1.000000 1.000000
4528.414551 0.000000 2639.611816 0.000000 0.895774 0.000000 0.444510 1.000000 1.000000 1.000000
4512.200684 0.000000 2600.630859 0.000000 0.987633 0.000000 0.156783 1.000000 1.000000 1.000000
4573.709473 0.000000 2639.803955 0.000000 0.991603 0.000000 0.129318 1.000000 1.000000 1.000000
5101.353516 0.000000 2292.489014 0.000000 0.906669 0.000000 0.421842 1.000000 1.000000 1.000000
5098.865723 0.000000 2355.790283 0.000000 0.982880 0.000000 0.184249 1.000000 1.000000 1.000000
5116.314941 0.000000 2402.061523 0.000000 0.913469 0.000000 0.406908 1.000000 1.000000 1.000000
5117.462891 0.000000 2405.692871 0.000000 0.961433 0.000000 0.275040 1.000000 1.000000 1.000000
5114.427246 0.000000 2404.723877 0.000000 0.999587 0.000000 0.028750 1.000000 1.000000 1.000000
4975.789062 0.000000 2512.315430 0.000000 0.872212 0.000000 0.489128 1.000000 1.000000 1.000000
4988.183105 0.000000 2534.324707 0.000000 0.995134 0.000000 0.098529 1.000000 1.000000 1.000000
4975.037109 0.000000 2515.239014 0.000000 0.975027 0.000000 0.222088 1.000000 1.000000 1.000000
4982.939941 0.000000 2570.081055 0.000000 0.935413 0.000000 0.353556 1.000000 1.000000 1.000000
4985.300293 0.000000 2565.640137 0.000000 0.990552 0.000000 0.137141 1.000000 1.000000 1.000000
4982.250000 0.000000 2569.202881 0.000000 0.959204 0.000000 0.282714 1.000000 1.000000 1.000000
4227.254883 0.000000 2790.036621 0.000000 0.893225 0.000000 0.449610 1.000000 1.000000 1.000000
4244.450684 0.000000 2972.612061 0.000000 0.920965 0.000000 0.389645 1.000000 1.000000 1.000000
4250.655273 0.000000 2952.675049 0.000000 0.912275 0.000000 0.409577 1.000000 1.000000 1.000000
4257.271484 0.000000 2969.017822 0.000000 0.976186 0.000000 0.216937 1.000000 1.000000 1.000000
4248.414062 0.000000 2971.319824 0.000000 0.955603 0.000000 0.294657 1.000000 1.000000 1.000000
4278.394531 0.000000 2988.211426 0.000000 0.956093 0.000000 0.293065 1.000000 1.000000 1.000000
4250.655273 0.000000 2999.917236 0.000000 0.978530 0.000000 0.206103 1.000000 1.000000 1.000000
4273.342773 0.000000 2994.619629 0.000000 0.909934 0.000000 0.414752 1.000000 1.000000 1.000000
4232.440430 0.000000 2993.971191 0.000000 0.979158 0.000000 0.203100 1.000000 1.000000 1.000000
4251.752441 0.000000 2976.377930 0.000000 0.934134 0.000000 0.356922 1.000000 1.000000 1.000000
4273.656738 0.000000 2989.237549 0.000000 1.000000 0.000000 0.000765 1.000000 1.000000 1.000000
4253.782227 0.000000 2995.943848 0.000000 0.888083 0.000000 0.459684 1.000000 1.000000 1.000000
4254.472168 0.000000 2999.491455 0.000000 0.963463 0.000000 0.267841 1.000000 1.000000 1.000000
4249.257812 0.000000 2985.441895 0.000000 0.880265 0.000000 0.474483 1.000000 1.000000 1.000000
4233.591309 0.000000 3018.035645 0.000000 0.999994 0.000000 0.003594 1.000000 1.000000 1.000000
4261.930664 0.000000 2998.065674 0.000000 0.973243 0.000000 0.229779 1.000000 1.000000 1.000000
4249.576660 0.000000 2988.274658 0.000000 0.996522 0.000000 0.083331 1.000000 1.000000 1.000000
4262.332031 0.000000 2999.900879 0.000000 0.880780 0.000000 0.473525 1.000000 1.000000 1.000000
5531.596191 0.000000 2267.745117 0.000000 0.979571 0.000000 0.201100 1.000000 1.000000 1.000000
5533.004395 0.000000 2324.706787 0.000000 0.957645 0.000000 0.287953 1.000000 1.000000 1.000000
5526.184570 0.000000 2350.214355 0.000000 0.942649 0.000000 0.333785 1.000000 1.000000 1.000000
5500.443359 0.000000 2399.146973 0.000000 0.977662 0.000000 0.210184 1.000000 1.000000 1.000000
5498.063477 0.000000 2394.039551 0.000000 0.880436 0.000000 0.474165 1.000000 1.000000 1.000000
5515.370117 0.000000 2368.414062 0.000000 0.991428 0.000000 0.130651 1.000000 1.000000 1.000000
5540.316895 0.000000 2438.580078 0.000000 0.995689 0.000000 0.092758 1.000000 1.000000 1.000000
5523.579102 0.000000 2423.759766 0.000000 0.971696 0.000000 0.236233 1.000000 1.000000 1.000000
5524.610840 0.000000 2421.885986 0.000000 0.951717 0.000000 0.306976 1.000000 1.000000 1.000000
5583.920410 0.000000 2426.477051 0.000000 0.868187 0.000000 0.496238 1.000000 1.000000 1.000000
5561.163574 0.000000 2520.241943 0.000000 0.923417 0.000000 0.383798 1.000000 1.000000 1.000000
5517.270508 0.000000 2507.765381 0.000000 0.999808 0.000000 0.019577 1.000000 1.000000 1.000000
5562.082520 0.000000 2572.962891 0.000000 0.996821 0.000000 0.079679 1.000000 1.000000 1.000000
5513.121094 0.000000 2596.817871 0.000000 0.937138 0.000000 0.348958 1.000000 1.000000 1.000000
5614.980469 0.000000 2628.460449 0.000000 0.982701 0.000000 0.185201 1.000000 1.000000 1.000000
5672.710938 0.000000 2617.329834 0.000000 0.997965 0.000000 0.063762 1.000000 1.000000 1.000000
6076.644043 0.000000 2456.796631 0.000000 0.907438 0.000000 0.420187 1.000000 1.000000 1.000000
6104.187500 0.000000 2546.140137 0.000000 0.984528 0.000000 0.175228 1.000000 1.000000 1.000000
5949.942871 0.000000 2618.911377 0.000000 0.981523 0.000000 0.191342 1.000000 1.000000 1.000000
5960.473633 0.000000 2620.796631 0.000000 0.937108 0.000000 0.349039 1.000000 1.000000 1.000000
6120.688965 0.000000 2594.655273 0.000000 0.958052 0.000000 0.286596 1.000000 1.000000 1.000000
5618.842773 0.000000 2912.712158 0.000000 0.938746 0.000000 0.344610 1.000000 1.000000 1.000000
5609.456543 0.000000 2884.060791 0.000000 0.997208 0.000000 0.074671 1.000000 1.000000 1.000000
5614.662598 0.000000 2900.837158 0.000000 0.884433 0.000000 0.466668 1.000000 1.000000 1.000000
5608.231934 0.000000 2881.808594 0.000000 0.992396 0.000000 0.123085 1.000000 1.000000 1.000000
5608.280762 0.000000 2885.221436 0.000000 0.966725 0.000000 0.255818 1.000000 1.000000 1.000000
5617.305664 0.000000 2902.390137 0.000000 0.882298 0.000000 0.470691 1.000000 1.000000 1.000000
5454.115723 0.000000 3007.531006 0.000000 0.945630 0.000000 0.325244 1.000000 1.000000 1.000000
5464.691406 0.000000 3005.159424 0.000000 0.881666 0.000000 0.471873 1.000000 1.000000 1.000000
5458.546875 0.000000 3004.460693 0.000000 0.919836 0.000000 0.392304 1.000000 1.000000 1.000000
5450.150879 0.000000 2984.644287 0.000000 0.999960 0.000000 0.008899 1.000000 1.000000 1.000000
5564.112793 0.000000 3006.746582 0.000000 0.962278 0.000000 0.272069 1.000000 1.000000 1.000000
5665.765137 0.000000 2714.752686 0.000000 0.885761 0.000000 0.464142 1.000000 1.000000 1.000000
5776.451172 0.000000 2680.001221 0.000000 0.952051 0.000000 0.305941 1.000000 1.000000 1.000000
5814.988770 0.000000 2700.205322 0.000000 0.907813 0.000000 0.419374 1.000000 1.000000 1.000000
5817.865723 0.000000 2711.930420 0.000000 0.937550 0.000000 0.347849 1.000000 1.000000 1.000000
5824.460449 0.000000 2766.864014 0.000000 0.925839 0.000000 0.377918 1.000000 1.000000 1.000000
5881.124512 0.000000 2756.452881 0.000000 0.877628 0.000000 0.479343 1.000000 1.000000 1.000000
5916.957520 0.000000 2655.402100 0.000000 0.906186 0.000000 0.422878 1.000000 1.000000 1.000000
5946.507324 0.000000 2658.760986 0.000000 0.985433 0.000000 0.170066 1.000000 1.000000 1.000000
5925.727539 0.000000 2667.370361 0.000000 0.989187 0.000000 0.146662 1.000000 1.000000 1.000000
5960.836914 0.000000 2649.839355 0.000000 0.943629 0.000000 0.331005 1.000000 1.000000 1.000000
5961.639160 0.000000 2655.303223 0.000000 0.954735 0.000000 0.297457 1.000000 1.000000 1.000000
5961.811523 0.000000 2648.656982 0.000000 0.999934 0.000000 0.011513 1.000000 1.000000 1.000000
5947.763672 0.000000 2700.696777 0.000000 0.952052 0.000000 0.305937 1.000000 1.000000 1.000000
5953.634277 0.000000 2708.211182 0.000000 0.988264 0.000000 0.152758 1.000000 1.000000 1.000000
6022.086426 0.000000 2689.324463 0.000000 0.923390 0.000000 0.383864 1.000000 1.000000 1.000000
5936.515625 0.000000 2773.777100 0.000000 0.938933 0.000000 0.344099 1.000000 1.000000 1.000000
5682.834961 0.000000 2912.712158 0.000000 0.971981 0.000000 0.235062 1.000000 1.000000 1.000000
5694.742676 0.000000 2898.082275 0.000000 0.984706 0.000000 0.174225 1.000000 1.000000 1.000000
5752.999512 0.000000 2920.920654 0.000000 0.929902 0.000000 0.367807 1.000000 1.000000 1.000000
5631.612305 0.000000 2989.871094 0.000000 0.893153 0.000000 0.449753 1.000000 1.000000 1.000000
5657.085938 0.000000 2985.441895 0.000000 0.910932 0.000000 0.412556 1.000000 1.000000 1.000000
5788.749512 0.000000 2954.437500 0.000000 0.996943 0.000000 0.078137 1.000000 1.000000 1.000000
5830.109863 0.000000 2972.777588 0.000000 0.899367 0.000000 0.437194 1.000000 1.000000 1.000000
5833.082031 0.000000 2974.755371 0.000000 0.969593 0.000000 0.244722 1.000000 1.000000 1.000000
5833.404785 0.000000 2968.264404 0.000000 0.996668 0.000000 0.081562 1.000000 1.000000 1.000000
5820.272949 0.000000 2987.114746 0.000000 0.910923 0.000000 0.412576 1.000000 1.000000 1.000000
6177.037109 0.000000 2543.838135 0.000000 0.998417 0.000000 0.056239 1.000000 1.000000 1.000000
6160.316406 0.000000 2542.197510 0.000000 0.999578 0.000000 0.029044 1.000000 1.000000 1.000000
6327.874512 0.000000 2548.113525 0.000000 0.999675 0.000000 0.025497 1.000000 1.000000 1.000000
6143.549805 0.000000 2564.691406 0.000000 0.964620 0.000000 0.263644 1.000000 1.000000 1.000000
6176.772949 0.000000 2569.493408 0.000000 0.903674 0.000000 0.428222 1.000000 1.000000 1.000000
6322.151855 0.000000 2589.530273 0.000000 0.926423 0.000000 0.376484 1.000000 1.000000 1.000000
6318.933594 0.000000 2588.911133 0.000000 0.952447 0.000000 0.304703 1.000000 1.000000 1.000000
6335.007324 0.000000 2610.646973 0.000000 0.982837 0.000000 0.184477 1.000000 1.000000 1.000000
6283.654297 0.000000 2613.250977 0.000000 0.996163 0.000000 0.087513 1.000000 1.000000 1.000000
6184.044434 0.000000 2734.010498 0.000000 0.900729 0.000000 0.434381 1.000000 1.000000 1.000000
6332.019043 0.000000 2676.051270 0.000000 0.951904 0.000000 0.306395 1.000000 1.000000 1.000000
6312.456543 0.000000 2670.893555 0.000000 0.961492 0.000000 0.274832 1.000000 1.000000 1.000000
6385.398926 0.000000 2658.542236 0.000000 0.988845 0.000000 0.148950 1.000000 1.000000 1.000000
6292.565430 0.000000 2700.462891 0.000000 0.946654 0.000000 0.322251 1.000000 1.000000 1.000000
6187.412109 0.000000 2745.764160 0.000000 0.960597 0.000000 0.277944 1.000000 1.000000 1.000000
6173.547852 0.000000 2854.217285 0.000000 0.910787 0.000000 0.412876 1.000000 1.000000 1.000000
6171.502441 0.000000 2895.455078 0.000000 0.955087 0.000000 0.296325 1.000000 1.000000 1.000000
4234.925293 0.000000 3034.201416 0.000000 0.993484 0.000000 0.113969 1.000000 1.000000 1.000000
4828.651367 0.000000 3387.023193 0.000000 0.990329 0.000000 0.138742 1.000000 1.000000 1.000000
4860.198730 0.000000 3384.684082 0.000000 0.926140 0.000000 0.377179 1.000000 1.000000 1.000000
4889.083984 0.000000 3392.716309 0.000000 0.999729 0.000000 0.023280 1.000000 1.000000 1.000000
5081.150879 0.000000 3359.757812 0.000000 0.998856 0.000000 0.047828 1.000000 1.000000 1.000000
5079.782715 0.000000 3355.971924 0.000000 0.993246 0.000000 0.116030 1.000000 1.000000 1.000000
4795.904297 0.000000 3409.329590 0.000000 0.895114 0.000000 0.445838 1.000000 1.000000 1.000000
4791.113770 0.000000 3408.838135 0.000000 0.983917 0.000000 0.178626 1.000000 1.000000 1.000000
4924.338379 0.000000 3441.389648 0.000000 0.999913 0.000000 0.013157 1.000000 1.000000 1.000000
4953.166504 0.000000 3407.000000 0.000000 0.948418 0.000000 0.317023 1.000000 1.000000 1.000000
5002.202637 0.000000 3438.324463 0.000000 0.927846 0.000000 0.372963 1.000000 1.000000 1.000000
5034.253418 0.000000 3475.663086 0.000000 0.987844 0.000000 0.155449 1.000000 1.000000 1.000000
4948.699707 0.000000 3530.573242 0.000000 0.997536 0.000000 0.070155 1.000000 1.000000 1.000000
5425.587402 0.000000 3067.536865 0.000000 0.999718 0.000000 0.023736 1.000000 1.000000 1.000000
5417.164551 0.000000 3045.194336 0.000000 0.998175 0.000000 0.060394 1.000000 1.000000 1.000000
5495.707031 0.000000 3023.616211 0.000000 0.987290 0.000000 0.158928 1.000000 1.000000 1.000000
5404.581055 0.000000 3103.570068 0.000000 0.995356 0.000000 0.096260 1.000000 1.000000 1.000000
5597.914062 0.000000 3036.717285 0.000000 0.944820 0.000000 0.327591 1.000000 1.000000 1.000000
5538.464844 0.000000 3080.433350 0.000000 0.991914 0.000000 0.126915 1.000000 1.000000 1.000000
5531.580566 0.000000 3084.423828 0.000000 0.998967 0.000000 0.045452 1.000000 1.000000 1.000000
5544.974609 0.000000 3083.691406 0.000000 0.934847 0.000000 0.355050 1.000000 1.000000 1.000000
5538.745605 0.000000 3086.797119 0.000000 0.939173 0.000000 0.343445 1.000000 1.000000 1.000000
5541.177246 0.000000 3078.959717 0.000000 0.932123 0.000000 0.362142 1.000000 1.000000 1.000000
5561.234375 0.000000 3095.059326 0.000000 0.920520 0.000000 0.390696 1.000000 1.000000 1.000000
5523.380859 0.000000 3101.177490 0.000000 0.875752 0.000000 0.482761 1.000000 1.000000 1.000000
5617.563965 0.000000 3114.779053 0.000000 0.902701 0.000000 0.430268 1.000000 1.000000 1.000000
5573.000977 0.000000 3095.553223 0.000000 0.989257 0.000000 0.146190 1.000000 1.000000 1.000000
5436.275879 0.000000 3157.936523 0.000000 0.976244 0.000000 0.216675 1.000000 1.000000 1.000000
5502.856445 0.000000 3153.235840 0.000000 0.983213 0.000000 0.182460 1.000000 1.000000 1.000000
5463.557617 0.000000 3164.169678 0.000000 0.980093 0.000000 0.198540 1.000000 1.000000 1.000000
5488.570312 0.000000 3198.956787 0.000000 0.994566 0.000000 0.104112 1.000000 1.000000 1.000000
5544.759277 0.000000 3161.561523 0.000000 0.988148 0.000000 0.153504 1.000000 1.000000 1.000000
5562.082520 0.000000 3139.869141 0.000000 0.999432 0.000000 0.033703 1.000000 1.000000 1.000000
5520.435547 0.000000 3160.446289 0.000000 0.876341 0.000000 0.481692 1.000000 1.000000 1.000000
5523.038086 0.000000 3158.683838 0.000000 0.877365 0.000000 0.479824 1.000000 1.000000 1.000000
5542.303223 0.000000 3160.826416 0.000000 0.958871 0.000000 0.283843 1.000000 1.000000 1.000000
5595.491211 0.000000 3162.693359 0.000000 0.974128 0.000000 0.225999 1.000000 1.000000 1.000000
5623.691406 0.000000 3118.100586 0.000000 0.909968 0.000000 0.414679 1.000000 1.000000 1.000000
5602.503418 0.000000 3131.029785 0.000000 0.895766 0.000000 0.444526 1.000000 1.000000 1.000000
5573.825195 0.000000 3135.252441 0.000000 0.998836 0.000000 0.048226 1.000000 1.000000 1.000000
5514.770508 0.000000 3166.922363 0.000000 0.998011 0.000000 0.063040 1.000000 1.000000 1.000000
5584.191406 0.000000 3190.679443 0.000000 0.963647 0.000000 0.267178 1.000000 1.000000 1.000000
5586.431152 0.000000 3167.356689 0.000000 0.869108 0.000000 0.494623 1.000000 1.000000 1.000000
5247.140137 0.000000 3224.795410 0.000000 0.939834 0.000000 0.341630 1.000000 1.000000 1.000000
5260.980469 0.000000 3229.851562 0.000000 0.963607 0.000000 0.267323 1.000000 1.000000 1.000000
5532.521973 0.000000 3215.562744 0.000000 0.898326 0.000000 0.439329 1.000000 1.000000 1.000000
5526.276367 0.000000 3217.731689 0.000000 0.986342 0.000000 0.164712 1.000000 1.000000 1.000000
5541.177246 0.000000 3220.686279 0.000000 0.945277 0.000000 0.326269 1.000000 1.000000 1.000000
5571.096191 0.000000 3223.447998 0.000000 0.998914 0.000000 0.046585 1.000000 1.000000 1.000000
5575.779297 0.000000 3221.006836 0.000000 0.976382 0.000000 0.216050 1.000000 1.000000 1.000000
5637.858398 0.000000 3029.031494 0.000000 0.952150 0.000000 0.305631 1.000000 1.000000 1.000000
5695.604492 0.000000 3037.113281 0.000000 0.967614 0.000000 0.252435 1.000000 1.000000 1.000000
5651.143066 0.000000 3093.990967 0.000000 0.972835 0.000000 0.231498 1.000000 1.000000 1.000000
5650.535156 0.000000 3090.863037 0.000000 0.972799 0.000000 0.231652 1.000000 1.000000 1.000000
5798.569336 0.000000 3059.299072 0.000000 0.930139 0.000000 0.367208 1.000000 1.000000 1.000000
5677.114746 0.000000 3139.448486 0.000000 0.976848 0.000000 0.213936 1.000000 1.000000 1.000000
5670.287598 0.000000 3160.826416 0.000000 0.873065 0.000000 0.487604 1.000000 1.000000 1.000000
5675.078125 0.000000 3138.102051 0.000000 0.999547 0.000000 0.030105 1.000000 1.000000 1.000000
5651.572266 0.000000 3165.341553 0.000000 0.935437 0.000000 0.353494 1.000000 1.000000 1.000000
5642.754883 0.000000 3166.922363 0.000000 0.869545 0.000000 0.493854 1.000000 1.000000 1.000000
5653.356934 0.000000 3167.215088 0.000000 0.998042 0.000000 0.062541 1.000000 1.000000 1.000000
5645.865723 0.000000 3171.865967 0.000000 0.985510 0.000000 0.169615 1.000000 1.000000 1.000000
5657.085938 0.000000 3221.652832 0.000000 0.999361 0.000000 0.035755 1.000000 1.000000 1.000000
5666.495605 0.000000 3225.514160 0.000000 0.963175 0.000000 0.268875 1.000000 1.000000 1.000000
5842.500000 0.000000 3713.093506 0.000000 0.991544 0.000000 0.129771 1.000000 1.000000 1.000000
5838.465332 0.000000 3708.475342 0.000000 0.964686 0.000000 0.263402 1.000000 1.000000 1.000000
5988.030273 0.000000 3707.354980 0.000000 0.987537 0.000000 0.157386 1.000000 1.000000 1.000000
6049.883789 0.000000 3691.114502 0.000000 0.928591 0.000000 0.371106 1.000000 1.000000 1.000000
6099.131348 0.000000 3814.901367 0.000000 0.980009 0.000000 0.198952 1.000000 1.000000 1.000000
"}
object={
	name="rock_desert_generator_1_3"
	render_pass=Map
	clamp_to_water_level=no
	generated_content=yes
	layer="tree_high_layer"
	pdxmesh="rock_desert_04_mesh"
	count=185
	transform="3693.548828 0.000000 2397.134277 0.000000 0.917372 0.000000 -0.398031 1.000000 1.000000 1.000000
3704.194580 0.000000 2406.386963 0.000000 0.891316 0.000000 -0.453383 1.000000 1.000000 1.000000
3754.202393 0.000000 2392.579102 0.000000 0.954260 0.000000 -0.298978 1.000000 1.000000 1.000000
3747.423096 0.000000 2399.325439 0.000000 0.970746 0.000000 -0.240109 1.000000 1.000000 1.000000
3765.679443 0.000000 2532.315918 0.000000 0.947768 0.000000 -0.318962 1.000000 1.000000 1.000000
3827.061279 0.000000 2534.774658 0.000000 0.999822 0.000000 -0.018878 1.000000 1.000000 1.000000
3824.773193 0.000000 2537.566162 0.000000 0.950382 0.000000 -0.311084 1.000000 1.000000 1.000000
3732.513184 0.000000 2689.158936 0.000000 0.949353 0.000000 -0.314213 1.000000 1.000000 1.000000
3731.256592 0.000000 2686.261963 0.000000 0.870423 0.000000 -0.492305 1.000000 1.000000 1.000000
5175.670410 0.000000 2157.364014 0.000000 0.953733 0.000000 -0.300655 1.000000 1.000000 1.000000
5303.544922 0.000000 2162.091553 0.000000 0.968622 0.000000 -0.248538 1.000000 1.000000 1.000000
5271.279785 0.000000 2147.155029 0.000000 0.937498 0.000000 -0.347990 1.000000 1.000000 1.000000
5357.854980 0.000000 2171.188477 0.000000 0.972245 0.000000 -0.233963 1.000000 1.000000 1.000000
5376.515137 0.000000 2152.715576 0.000000 0.999714 0.000000 -0.023907 1.000000 1.000000 1.000000
5427.929199 0.000000 2239.369629 0.000000 0.978056 0.000000 -0.208342 1.000000 1.000000 1.000000
5401.201172 0.000000 2220.484863 0.000000 0.997867 0.000000 -0.065273 1.000000 1.000000 1.000000
5466.506836 0.000000 2244.042236 0.000000 0.985410 0.000000 -0.170197 1.000000 1.000000 1.000000
5512.284180 0.000000 2238.096191 0.000000 0.999495 0.000000 -0.031782 1.000000 1.000000 1.000000
5512.528320 0.000000 2242.859131 0.000000 0.954628 0.000000 -0.297801 1.000000 1.000000 1.000000
4522.108887 0.000000 2581.547852 0.000000 0.941509 0.000000 -0.336987 1.000000 1.000000 1.000000
4499.712891 0.000000 2598.435303 0.000000 0.977086 0.000000 -0.212843 1.000000 1.000000 1.000000
4526.031738 0.000000 2624.580322 0.000000 0.997947 0.000000 -0.064038 1.000000 1.000000 1.000000
4496.275391 0.000000 2604.545410 0.000000 0.886851 0.000000 -0.462056 1.000000 1.000000 1.000000
4518.567871 0.000000 2630.453857 0.000000 0.931944 0.000000 -0.362602 1.000000 1.000000 1.000000
4526.443359 0.000000 2622.057861 0.000000 0.939912 0.000000 -0.341417 1.000000 1.000000 1.000000
5118.903320 0.000000 2302.876465 0.000000 0.902724 0.000000 -0.430220 1.000000 1.000000 1.000000
5100.018066 0.000000 2293.239502 0.000000 0.997644 0.000000 -0.068607 1.000000 1.000000 1.000000
5096.813965 0.000000 2358.444336 0.000000 0.975928 0.000000 -0.218094 1.000000 1.000000 1.000000
5096.177246 0.000000 2356.072998 0.000000 0.888830 0.000000 -0.458237 1.000000 1.000000 1.000000
4991.759766 0.000000 2534.193359 0.000000 0.939531 0.000000 -0.342465 1.000000 1.000000 1.000000
5021.525879 0.000000 2541.146240 0.000000 0.968420 0.000000 -0.249325 1.000000 1.000000 1.000000
4985.233887 0.000000 2567.484131 0.000000 0.996186 0.000000 -0.087249 1.000000 1.000000 1.000000
4982.666016 0.000000 2571.901855 0.000000 0.876028 0.000000 -0.482260 1.000000 1.000000 1.000000
5019.658691 0.000000 2551.198242 0.000000 0.996053 0.000000 -0.088766 1.000000 1.000000 1.000000
4219.974609 0.000000 2795.181152 0.000000 0.989034 0.000000 -0.147688 1.000000 1.000000 1.000000
4235.526367 0.000000 2793.593750 0.000000 0.994268 0.000000 -0.106918 1.000000 1.000000 1.000000
4224.978516 0.000000 2793.213379 0.000000 0.987156 0.000000 -0.159759 1.000000 1.000000 1.000000
4273.728027 0.000000 2973.052490 0.000000 0.998304 0.000000 -0.058219 1.000000 1.000000 1.000000
4232.440430 0.000000 2946.729004 0.000000 0.997649 0.000000 -0.068537 1.000000 1.000000 1.000000
4251.655273 0.000000 2973.724609 0.000000 0.977209 0.000000 -0.212279 1.000000 1.000000 1.000000
4246.799805 0.000000 2954.537842 0.000000 0.974641 0.000000 -0.223774 1.000000 1.000000 1.000000
4234.201172 0.000000 2945.040527 0.000000 0.950298 0.000000 -0.311343 1.000000 1.000000 1.000000
4288.674805 0.000000 2975.966309 0.000000 0.963594 0.000000 -0.267369 1.000000 1.000000 1.000000
4234.925293 0.000000 2986.959229 0.000000 0.990453 0.000000 -0.137849 1.000000 1.000000 1.000000
4264.882812 0.000000 2995.267334 0.000000 0.876451 0.000000 -0.481491 1.000000 1.000000 1.000000
4257.937012 0.000000 2998.205811 0.000000 0.977814 0.000000 -0.209474 1.000000 1.000000 1.000000
4271.875000 0.000000 2984.737305 0.000000 0.897200 0.000000 -0.441625 1.000000 1.000000 1.000000
4253.160645 0.000000 2986.097412 0.000000 0.880626 0.000000 -0.473812 1.000000 1.000000 1.000000
4251.736816 0.000000 2989.939453 0.000000 0.985449 0.000000 -0.169970 1.000000 1.000000 1.000000
4251.722656 0.000000 2987.751465 0.000000 0.986022 0.000000 -0.166616 1.000000 1.000000 1.000000
4263.582031 0.000000 2999.077148 0.000000 0.953494 0.000000 -0.301413 1.000000 1.000000 1.000000
4260.241211 0.000000 2998.722168 0.000000 0.997466 0.000000 -0.071144 1.000000 1.000000 1.000000
5119.378418 0.000000 2404.478516 0.000000 0.914819 0.000000 -0.403864 1.000000 1.000000 1.000000
5535.072266 0.000000 2294.406982 0.000000 0.962012 0.000000 -0.273009 1.000000 1.000000 1.000000
5574.937500 0.000000 2302.695068 0.000000 0.912690 0.000000 -0.408653 1.000000 1.000000 1.000000
5551.718750 0.000000 2323.346680 0.000000 0.909425 0.000000 -0.415867 1.000000 1.000000 1.000000
5502.856445 0.000000 2397.360840 0.000000 0.999404 0.000000 -0.034524 1.000000 1.000000 1.000000
5524.294434 0.000000 2405.705811 0.000000 0.988982 0.000000 -0.148034 1.000000 1.000000 1.000000
5477.563965 0.000000 2497.045898 0.000000 0.954194 0.000000 -0.299187 1.000000 1.000000 1.000000
5596.312012 0.000000 2485.541260 0.000000 0.931221 0.000000 -0.364456 1.000000 1.000000 1.000000
5420.464844 0.000000 2580.126953 0.000000 0.940423 0.000000 -0.340006 1.000000 1.000000 1.000000
6080.456055 0.000000 2456.302246 0.000000 0.915098 0.000000 -0.403231 1.000000 1.000000 1.000000
5647.912598 0.000000 2520.961426 0.000000 0.886322 0.000000 -0.463069 1.000000 1.000000 1.000000
5677.114746 0.000000 2619.784424 0.000000 0.876641 0.000000 -0.481145 1.000000 1.000000 1.000000
5673.288574 0.000000 2637.428223 0.000000 0.959118 0.000000 -0.283005 1.000000 1.000000 1.000000
6080.537109 0.000000 2521.670898 0.000000 0.963399 0.000000 -0.268071 1.000000 1.000000 1.000000
5963.172852 0.000000 2620.767334 0.000000 0.969356 0.000000 -0.245661 1.000000 1.000000 1.000000
5970.393066 0.000000 2631.673828 0.000000 0.912858 0.000000 -0.408276 1.000000 1.000000 1.000000
6120.656250 0.000000 2570.087646 0.000000 0.908386 0.000000 -0.418134 1.000000 1.000000 1.000000
6113.493164 0.000000 2586.965576 0.000000 0.998647 0.000000 -0.051996 1.000000 1.000000 1.000000
5616.554688 0.000000 2915.503662 0.000000 0.956427 0.000000 -0.291973 1.000000 1.000000 1.000000
5576.422363 0.000000 2881.822754 0.000000 0.891229 0.000000 -0.453554 1.000000 1.000000 1.000000
5617.343750 0.000000 2903.825928 0.000000 0.979171 0.000000 -0.203038 1.000000 1.000000 1.000000
5451.377930 0.000000 2982.562500 0.000000 0.999762 0.000000 -0.021830 1.000000 1.000000 1.000000
5441.781738 0.000000 2996.874268 0.000000 0.999025 0.000000 -0.044143 1.000000 1.000000 1.000000
5559.513672 0.000000 3012.450928 0.000000 0.996163 0.000000 -0.087513 1.000000 1.000000 1.000000
5510.148926 0.000000 3020.019775 0.000000 0.967163 0.000000 -0.254158 1.000000 1.000000 1.000000
5561.022949 0.000000 3015.405029 0.000000 0.926162 0.000000 -0.377125 1.000000 1.000000 1.000000
5566.163574 0.000000 3008.748291 0.000000 0.962262 0.000000 -0.272124 1.000000 1.000000 1.000000
5614.958984 0.000000 2987.660889 0.000000 0.975348 0.000000 -0.220673 1.000000 1.000000 1.000000
5792.388184 0.000000 2682.855469 0.000000 0.963712 0.000000 -0.266945 1.000000 1.000000 1.000000
5884.396484 0.000000 2682.600098 0.000000 0.987762 0.000000 -0.155970 1.000000 1.000000 1.000000
5800.695312 0.000000 2759.056396 0.000000 0.987397 0.000000 -0.158265 1.000000 1.000000 1.000000
5820.081543 0.000000 2770.535645 0.000000 0.985390 0.000000 -0.170311 1.000000 1.000000 1.000000
5803.458984 0.000000 2745.764160 0.000000 0.994216 0.000000 -0.107402 1.000000 1.000000 1.000000
5827.059570 0.000000 2742.794434 0.000000 0.974937 0.000000 -0.222481 1.000000 1.000000 1.000000
5888.560547 0.000000 2663.397461 0.000000 0.987367 0.000000 -0.158448 1.000000 1.000000 1.000000
5908.612305 0.000000 2653.220703 0.000000 0.973521 0.000000 -0.228596 1.000000 1.000000 1.000000
5948.958984 0.000000 2660.281982 0.000000 0.993607 0.000000 -0.112891 1.000000 1.000000 1.000000
5903.624023 0.000000 2659.805176 0.000000 0.910090 0.000000 -0.414410 1.000000 1.000000 1.000000
5961.066406 0.000000 2691.302246 0.000000 0.998837 0.000000 -0.048222 1.000000 1.000000 1.000000
5998.496094 0.000000 2659.041992 0.000000 0.986048 0.000000 -0.166461 1.000000 1.000000 1.000000
5960.105957 0.000000 2689.462158 0.000000 0.903005 0.000000 -0.429631 1.000000 1.000000 1.000000
5948.257324 0.000000 2703.661621 0.000000 0.916851 0.000000 -0.399229 1.000000 1.000000 1.000000
6020.378906 0.000000 2686.122559 0.000000 0.890649 0.000000 -0.454691 1.000000 1.000000 1.000000
5684.192383 0.000000 2882.314697 0.000000 0.881023 0.000000 -0.473074 1.000000 1.000000 1.000000
5691.657227 0.000000 2910.051270 0.000000 0.929662 0.000000 -0.368413 1.000000 1.000000 1.000000
5684.730469 0.000000 2889.660400 0.000000 0.977660 0.000000 -0.210194 1.000000 1.000000 1.000000
5636.353027 0.000000 2911.828125 0.000000 0.931414 0.000000 -0.363962 1.000000 1.000000 1.000000
5696.664062 0.000000 2901.177490 0.000000 0.940462 0.000000 -0.339898 1.000000 1.000000 1.000000
5716.270996 0.000000 2972.612061 0.000000 0.999945 0.000000 -0.010532 1.000000 1.000000 1.000000
5753.421387 0.000000 2935.561523 0.000000 0.973232 0.000000 -0.229824 1.000000 1.000000 1.000000
5652.507812 0.000000 3009.132568 0.000000 0.922068 0.000000 -0.387028 1.000000 1.000000 1.000000
5663.803711 0.000000 2991.018555 0.000000 0.975142 0.000000 -0.221582 1.000000 1.000000 1.000000
5651.143066 0.000000 2999.506592 0.000000 0.995980 0.000000 -0.089573 1.000000 1.000000 1.000000
5690.145996 0.000000 3002.960205 0.000000 0.933554 0.000000 -0.358436 1.000000 1.000000 1.000000
5700.523438 0.000000 2996.610352 0.000000 0.987545 0.000000 -0.157335 1.000000 1.000000 1.000000
5722.670410 0.000000 3017.241699 0.000000 0.957000 0.000000 -0.290088 1.000000 1.000000 1.000000
5810.081055 0.000000 2944.905762 0.000000 0.934054 0.000000 -0.357133 1.000000 1.000000 1.000000
5873.708984 0.000000 2984.095947 0.000000 0.915287 0.000000 -0.402803 1.000000 1.000000 1.000000
6147.025879 0.000000 2467.572998 0.000000 0.946169 0.000000 -0.323674 1.000000 1.000000 1.000000
6163.566895 0.000000 2482.435059 0.000000 0.889730 0.000000 -0.456487 1.000000 1.000000 1.000000
6199.890137 0.000000 2548.113525 0.000000 0.877115 0.000000 -0.480280 1.000000 1.000000 1.000000
6328.315918 0.000000 2524.299561 0.000000 0.980308 0.000000 -0.197477 1.000000 1.000000 1.000000
6148.468750 0.000000 2571.430664 0.000000 0.999991 0.000000 -0.004217 1.000000 1.000000 1.000000
6317.440430 0.000000 2589.895752 0.000000 0.933105 0.000000 -0.359605 1.000000 1.000000 1.000000
6398.747070 0.000000 2586.329590 0.000000 0.934128 0.000000 -0.356939 1.000000 1.000000 1.000000
6333.309082 0.000000 2602.478760 0.000000 0.956690 0.000000 -0.291109 1.000000 1.000000 1.000000
6311.652832 0.000000 2670.207275 0.000000 0.948393 0.000000 -0.317097 1.000000 1.000000 1.000000
6311.197754 0.000000 2673.710693 0.000000 0.979412 0.000000 -0.201871 1.000000 1.000000 1.000000
6317.801270 0.000000 2655.269287 0.000000 0.972364 0.000000 -0.233469 1.000000 1.000000 1.000000
6313.530762 0.000000 2670.791016 0.000000 0.983688 0.000000 -0.179883 1.000000 1.000000 1.000000
6287.834473 0.000000 2709.930176 0.000000 0.994063 0.000000 -0.108802 1.000000 1.000000 1.000000
6156.096191 0.000000 2760.047119 0.000000 0.918400 0.000000 -0.395653 1.000000 1.000000 1.000000
6150.901855 0.000000 2752.062500 0.000000 0.975774 0.000000 -0.218783 1.000000 1.000000 1.000000
6144.309570 0.000000 2776.355469 0.000000 0.999825 0.000000 -0.018719 1.000000 1.000000 1.000000
6156.432129 0.000000 2831.384277 0.000000 0.969204 0.000000 -0.246260 1.000000 1.000000 1.000000
6168.605469 0.000000 2863.432861 0.000000 0.985075 0.000000 -0.172127 1.000000 1.000000 1.000000
6237.728516 0.000000 2963.682617 0.000000 0.886579 0.000000 -0.462576 1.000000 1.000000 1.000000
4968.222656 0.000000 3174.628906 0.000000 0.996952 0.000000 -0.078015 1.000000 1.000000 1.000000
4968.860840 0.000000 3173.066895 0.000000 0.981066 0.000000 -0.193674 1.000000 1.000000 1.000000
5025.327148 0.000000 3163.472900 0.000000 0.938619 0.000000 -0.344955 1.000000 1.000000 1.000000
4992.450195 0.000000 3154.292969 0.000000 0.903591 0.000000 -0.428397 1.000000 1.000000 1.000000
5000.346680 0.000000 3182.939941 0.000000 0.918444 0.000000 -0.395550 1.000000 1.000000 1.000000
4694.706055 0.000000 3366.061035 0.000000 0.974273 0.000000 -0.225373 1.000000 1.000000 1.000000
4691.680664 0.000000 3368.603516 0.000000 0.869536 0.000000 -0.493870 1.000000 1.000000 1.000000
4880.472656 0.000000 3392.556885 0.000000 0.974151 0.000000 -0.225897 1.000000 1.000000 1.000000
4883.116211 0.000000 3394.894775 0.000000 0.923019 0.000000 -0.384753 1.000000 1.000000 1.000000
4836.402832 0.000000 3430.666016 0.000000 0.883104 0.000000 -0.469177 1.000000 1.000000 1.000000
4901.642578 0.000000 3415.746582 0.000000 0.876355 0.000000 -0.481667 1.000000 1.000000 1.000000
4863.706055 0.000000 3499.976318 0.000000 0.999454 0.000000 -0.033033 1.000000 1.000000 1.000000
4948.773438 0.000000 3533.995361 0.000000 0.875512 0.000000 -0.483197 1.000000 1.000000 1.000000
5426.261230 0.000000 3061.952148 0.000000 0.999988 0.000000 -0.004860 1.000000 1.000000 1.000000
5421.145996 0.000000 3044.964111 0.000000 0.882688 0.000000 -0.469959 1.000000 1.000000 1.000000
5430.328613 0.000000 3057.218994 0.000000 0.980853 0.000000 -0.194748 1.000000 1.000000 1.000000
5494.246094 0.000000 3035.453613 0.000000 0.975016 0.000000 -0.222134 1.000000 1.000000 1.000000
5500.569824 0.000000 3041.097900 0.000000 0.911001 0.000000 -0.412405 1.000000 1.000000 1.000000
5495.236328 0.000000 3038.145996 0.000000 0.999468 0.000000 -0.032624 1.000000 1.000000 1.000000
5599.811523 0.000000 3038.260742 0.000000 0.903618 0.000000 -0.428339 1.000000 1.000000 1.000000
5587.637207 0.000000 3049.341309 0.000000 0.919352 0.000000 -0.393437 1.000000 1.000000 1.000000
5544.152344 0.000000 3080.144531 0.000000 0.999846 0.000000 -0.017569 1.000000 1.000000 1.000000
5531.499023 0.000000 3115.451172 0.000000 0.988476 0.000000 -0.151380 1.000000 1.000000 1.000000
5546.449707 0.000000 3078.908691 0.000000 0.962469 0.000000 -0.271393 1.000000 1.000000 1.000000
5559.803223 0.000000 3098.140137 0.000000 0.898809 0.000000 -0.438341 1.000000 1.000000 1.000000
5588.695312 0.000000 3108.815674 0.000000 0.999365 0.000000 -0.035633 1.000000 1.000000 1.000000
5625.556152 0.000000 3100.159912 0.000000 0.981477 0.000000 -0.191579 1.000000 1.000000 1.000000
5625.937988 0.000000 3107.332764 0.000000 0.999997 0.000000 -0.002635 1.000000 1.000000 1.000000
5434.388184 0.000000 3160.598877 0.000000 0.901683 0.000000 -0.432397 1.000000 1.000000 1.000000
5450.776855 0.000000 3128.685791 0.000000 0.869897 0.000000 -0.493234 1.000000 1.000000 1.000000
5502.275879 0.000000 3145.281006 0.000000 0.987267 0.000000 -0.159070 1.000000 1.000000 1.000000
5427.929199 0.000000 3184.213379 0.000000 0.873943 0.000000 -0.486029 1.000000 1.000000 1.000000
5485.914551 0.000000 3191.486572 0.000000 0.893249 0.000000 -0.449563 1.000000 1.000000 1.000000
5489.879883 0.000000 3192.468018 0.000000 0.995248 0.000000 -0.097372 1.000000 1.000000 1.000000
5565.812012 0.000000 3141.970947 0.000000 0.969649 0.000000 -0.244502 1.000000 1.000000 1.000000
5531.596191 0.000000 3118.104492 0.000000 0.938814 0.000000 -0.344424 1.000000 1.000000 1.000000
5517.143555 0.000000 3164.915283 0.000000 0.930481 0.000000 -0.366341 1.000000 1.000000 1.000000
5571.096191 0.000000 3134.229492 0.000000 0.870920 0.000000 -0.491425 1.000000 1.000000 1.000000
5524.659180 0.000000 3172.884766 0.000000 0.878729 0.000000 -0.477321 1.000000 1.000000 1.000000
5523.764648 0.000000 3169.111816 0.000000 0.885008 0.000000 -0.465576 1.000000 1.000000 1.000000
5595.588379 0.000000 3165.346680 0.000000 0.917930 0.000000 -0.396742 1.000000 1.000000 1.000000
5586.531250 0.000000 3193.429443 0.000000 0.998689 0.000000 -0.051184 1.000000 1.000000 1.000000
5591.240723 0.000000 3186.483154 0.000000 0.869954 0.000000 -0.493134 1.000000 1.000000 1.000000
5215.858398 0.000000 3227.229492 0.000000 0.972211 0.000000 -0.234107 1.000000 1.000000 1.000000
5514.769043 0.000000 3223.170166 0.000000 0.968082 0.000000 -0.250633 1.000000 1.000000 1.000000
5514.770508 0.000000 3214.164551 0.000000 0.975447 0.000000 -0.220232 1.000000 1.000000 1.000000
5568.491699 0.000000 3239.285889 0.000000 0.897801 0.000000 -0.440401 1.000000 1.000000 1.000000
5632.330566 0.000000 3046.421387 0.000000 0.927219 0.000000 -0.374520 1.000000 1.000000 1.000000
5748.951172 0.000000 3074.013672 0.000000 0.986588 0.000000 -0.163231 1.000000 1.000000 1.000000
5743.668945 0.000000 3074.936523 0.000000 0.994104 0.000000 -0.108432 1.000000 1.000000 1.000000
5794.740234 0.000000 3055.075928 0.000000 0.992781 0.000000 -0.119940 1.000000 1.000000 1.000000
5692.097168 0.000000 3148.473145 0.000000 0.989007 0.000000 -0.147869 1.000000 1.000000 1.000000
5661.576660 0.000000 3159.468018 0.000000 0.927950 0.000000 -0.372704 1.000000 1.000000 1.000000
5692.990234 0.000000 3132.703857 0.000000 0.980018 0.000000 -0.198907 1.000000 1.000000 1.000000
5685.448730 0.000000 3204.026611 0.000000 0.999977 0.000000 -0.006711 1.000000 1.000000 1.000000
6016.437012 0.000000 3664.465576 0.000000 0.999990 0.000000 -0.004447 1.000000 1.000000 1.000000
"}
object={
	name="rock_desert_generator_1_4"
	render_pass=Map
	clamp_to_water_level=no
	generated_content=yes
	layer="tree_high_layer"
	pdxmesh="rock_desert_05_mesh"
	count=207
	transform="3745.333740 0.000000 2402.111572 0.000000 0.632068 0.000000 -0.774913 1.000000 1.000000 1.000000
3739.119141 0.000000 2397.829834 0.000000 0.533458 0.000000 -0.845827 1.000000 1.000000 1.000000
3731.806396 0.000000 2409.466553 0.000000 0.837000 0.000000 -0.547202 1.000000 1.000000 1.000000
3750.819336 0.000000 2492.392822 0.000000 0.682625 0.000000 -0.730769 1.000000 1.000000 1.000000
3766.314941 0.000000 2503.166748 0.000000 0.584389 0.000000 -0.811473 1.000000 1.000000 1.000000
3792.138916 0.000000 2568.203613 0.000000 0.737794 0.000000 -0.675026 1.000000 1.000000 1.000000
3818.194580 0.000000 2581.547852 0.000000 0.749090 0.000000 -0.662469 1.000000 1.000000 1.000000
3731.806396 0.000000 2645.677490 0.000000 0.689467 0.000000 -0.724317 1.000000 1.000000 1.000000
5267.232910 0.000000 2161.424805 0.000000 0.511638 0.000000 -0.859201 1.000000 1.000000 1.000000
5372.283691 0.000000 2165.850586 0.000000 0.593492 0.000000 -0.804840 1.000000 1.000000 1.000000
5307.754395 0.000000 2240.841064 0.000000 0.743576 0.000000 -0.668651 1.000000 1.000000 1.000000
5304.440918 0.000000 2240.846436 0.000000 0.518469 0.000000 -0.855097 1.000000 1.000000 1.000000
5409.280273 0.000000 2171.386963 0.000000 0.752664 0.000000 -0.658405 1.000000 1.000000 1.000000
5466.326172 0.000000 2246.915283 0.000000 0.723091 0.000000 -0.690753 1.000000 1.000000 1.000000
5505.021484 0.000000 2217.519531 0.000000 0.708888 0.000000 -0.705321 1.000000 1.000000 1.000000
5549.906738 0.000000 2246.642822 0.000000 0.590265 0.000000 -0.807209 1.000000 1.000000 1.000000
5516.174316 0.000000 2240.383057 0.000000 0.590130 0.000000 -0.807308 1.000000 1.000000 1.000000
5511.287598 0.000000 2240.564941 0.000000 0.724223 0.000000 -0.689566 1.000000 1.000000 1.000000
4524.588379 0.000000 2583.260742 0.000000 0.851089 0.000000 -0.525021 1.000000 1.000000 1.000000
4564.411621 0.000000 2594.674561 0.000000 0.704824 0.000000 -0.709382 1.000000 1.000000 1.000000
4546.381836 0.000000 2590.148438 0.000000 0.679424 0.000000 -0.733746 1.000000 1.000000 1.000000
4523.615234 0.000000 2604.037598 0.000000 0.780116 0.000000 -0.625635 1.000000 1.000000 1.000000
4510.440918 0.000000 2621.553955 0.000000 0.640329 0.000000 -0.768101 1.000000 1.000000 1.000000
4519.568848 0.000000 2628.517090 0.000000 0.551242 0.000000 -0.834346 1.000000 1.000000 1.000000
5098.245605 0.000000 2294.608398 0.000000 0.826790 0.000000 -0.562511 1.000000 1.000000 1.000000
5101.377441 0.000000 2349.892090 0.000000 0.748835 0.000000 -0.662756 1.000000 1.000000 1.000000
4983.330566 0.000000 2568.932861 0.000000 0.644367 0.000000 -0.764716 1.000000 1.000000 1.000000
4984.338379 0.000000 2568.119873 0.000000 0.781907 0.000000 -0.623395 1.000000 1.000000 1.000000
4244.679688 0.000000 2772.921631 0.000000 0.770698 0.000000 -0.637200 1.000000 1.000000 1.000000
4223.784180 0.000000 2791.343506 0.000000 0.617960 0.000000 -0.786210 1.000000 1.000000 1.000000
4230.030273 0.000000 2792.820557 0.000000 0.734084 0.000000 -0.679058 1.000000 1.000000 1.000000
4333.471191 0.000000 2916.798340 0.000000 0.547307 0.000000 -0.836932 1.000000 1.000000 1.000000
4240.550781 0.000000 2967.377197 0.000000 0.675417 0.000000 -0.737436 1.000000 1.000000 1.000000
4249.195312 0.000000 2973.460449 0.000000 0.777508 0.000000 -0.628873 1.000000 1.000000 1.000000
4255.799316 0.000000 2980.739258 0.000000 0.818347 0.000000 -0.574724 1.000000 1.000000 1.000000
4246.760742 0.000000 2988.123535 0.000000 0.777309 0.000000 -0.629120 1.000000 1.000000 1.000000
4284.718262 0.000000 2993.855713 0.000000 0.622866 0.000000 -0.782328 1.000000 1.000000 1.000000
4240.306641 0.000000 2982.482910 0.000000 0.653068 0.000000 -0.757299 1.000000 1.000000 1.000000
4231.340820 0.000000 3007.242432 0.000000 0.559197 0.000000 -0.829035 1.000000 1.000000 1.000000
4279.025879 0.000000 2995.260742 0.000000 0.740461 0.000000 -0.672100 1.000000 1.000000 1.000000
4256.021484 0.000000 2996.865234 0.000000 0.690085 0.000000 -0.723728 1.000000 1.000000 1.000000
4249.341797 0.000000 2976.359863 0.000000 0.536885 0.000000 -0.843655 1.000000 1.000000 1.000000
4246.439941 0.000000 2976.278076 0.000000 0.602019 0.000000 -0.798482 1.000000 1.000000 1.000000
4254.357910 0.000000 2997.652832 0.000000 0.759020 0.000000 -0.651067 1.000000 1.000000 1.000000
4232.420410 0.000000 3016.783203 0.000000 0.807471 0.000000 -0.589908 1.000000 1.000000 1.000000
4251.133301 0.000000 2982.679688 0.000000 0.641821 0.000000 -0.766854 1.000000 1.000000 1.000000
4310.752930 0.000000 2988.123535 0.000000 0.803474 0.000000 -0.595340 1.000000 1.000000 1.000000
4291.252441 0.000000 2987.237061 0.000000 0.550467 0.000000 -0.834857 1.000000 1.000000 1.000000
5520.482422 0.000000 2302.063721 0.000000 0.765626 0.000000 -0.643285 1.000000 1.000000 1.000000
5532.521973 0.000000 2270.718994 0.000000 0.865298 0.000000 -0.501258 1.000000 1.000000 1.000000
5528.626465 0.000000 2348.535156 0.000000 0.804932 0.000000 -0.593368 1.000000 1.000000 1.000000
5527.701660 0.000000 2346.200928 0.000000 0.684709 0.000000 -0.728817 1.000000 1.000000 1.000000
5500.120605 0.000000 2392.598145 0.000000 0.565797 0.000000 -0.824544 1.000000 1.000000 1.000000
5500.268066 0.000000 2402.061523 0.000000 0.505540 0.000000 -0.862803 1.000000 1.000000 1.000000
5517.881348 0.000000 2368.748779 0.000000 0.680554 0.000000 -0.732698 1.000000 1.000000 1.000000
5543.291504 0.000000 2437.499756 0.000000 0.666042 0.000000 -0.745914 1.000000 1.000000 1.000000
5473.123047 0.000000 2496.595947 0.000000 0.638193 0.000000 -0.769876 1.000000 1.000000 1.000000
5574.972168 0.000000 2468.609375 0.000000 0.713892 0.000000 -0.700256 1.000000 1.000000 1.000000
5558.869629 0.000000 2522.838867 0.000000 0.675964 0.000000 -0.736935 1.000000 1.000000 1.000000
5509.778320 0.000000 2504.080322 0.000000 0.708531 0.000000 -0.705680 1.000000 1.000000 1.000000
5553.244629 0.000000 2514.168457 0.000000 0.675076 0.000000 -0.737748 1.000000 1.000000 1.000000
5495.670898 0.000000 2573.419678 0.000000 0.859385 0.000000 -0.511329 1.000000 1.000000 1.000000
5428.990234 0.000000 2601.591797 0.000000 0.722588 0.000000 -0.691279 1.000000 1.000000 1.000000
5516.510254 0.000000 2595.173340 0.000000 0.855873 0.000000 -0.517187 1.000000 1.000000 1.000000
5559.020020 0.000000 2605.720947 0.000000 0.685360 0.000000 -0.728204 1.000000 1.000000 1.000000
5554.591309 0.000000 2604.244385 0.000000 0.659785 0.000000 -0.751454 1.000000 1.000000 1.000000
5613.314941 0.000000 2633.345215 0.000000 0.500474 0.000000 -0.865752 1.000000 1.000000 1.000000
5582.116699 0.000000 2607.606689 0.000000 0.778317 0.000000 -0.627872 1.000000 1.000000 1.000000
6089.050781 0.000000 2455.091309 0.000000 0.726544 0.000000 -0.687120 1.000000 1.000000 1.000000
6080.334961 0.000000 2457.493408 0.000000 0.609682 0.000000 -0.792646 1.000000 1.000000 1.000000
5946.035645 0.000000 2620.205078 0.000000 0.640419 0.000000 -0.768026 1.000000 1.000000 1.000000
6014.227539 0.000000 2635.253418 0.000000 0.697441 0.000000 -0.716642 1.000000 1.000000 1.000000
6115.134277 0.000000 2588.294189 0.000000 0.818436 0.000000 -0.574597 1.000000 1.000000 1.000000
6042.328125 0.000000 2641.342773 0.000000 0.835109 0.000000 -0.550085 1.000000 1.000000 1.000000
5590.879883 0.000000 2872.434814 0.000000 0.528100 0.000000 -0.849182 1.000000 1.000000 1.000000
5578.762695 0.000000 2883.469238 0.000000 0.578649 0.000000 -0.815576 1.000000 1.000000 1.000000
5609.141113 0.000000 2903.467773 0.000000 0.849282 0.000000 -0.527939 1.000000 1.000000 1.000000
5593.412598 0.000000 2893.790283 0.000000 0.775674 0.000000 -0.631134 1.000000 1.000000 1.000000
5599.250000 0.000000 2898.689697 0.000000 0.762264 0.000000 -0.647267 1.000000 1.000000 1.000000
5460.302246 0.000000 3019.854248 0.000000 0.813063 0.000000 -0.582176 1.000000 1.000000 1.000000
5489.579590 0.000000 3020.294678 0.000000 0.830213 0.000000 -0.557446 1.000000 1.000000 1.000000
5440.354004 0.000000 2999.179199 0.000000 0.726995 0.000000 -0.686643 1.000000 1.000000 1.000000
5469.471191 0.000000 3013.568115 0.000000 0.505930 0.000000 -0.862574 1.000000 1.000000 1.000000
5558.813477 0.000000 3017.878906 0.000000 0.791676 0.000000 -0.610941 1.000000 1.000000 1.000000
5628.296387 0.000000 2987.114746 0.000000 0.808787 0.000000 -0.588102 1.000000 1.000000 1.000000
5630.218262 0.000000 2982.957275 0.000000 0.573411 0.000000 -0.819268 1.000000 1.000000 1.000000
5734.577148 0.000000 2728.603760 0.000000 0.854970 0.000000 -0.518678 1.000000 1.000000 1.000000
5788.534180 0.000000 2678.390381 0.000000 0.657020 0.000000 -0.753873 1.000000 1.000000 1.000000
5797.533203 0.000000 2659.871582 0.000000 0.687921 0.000000 -0.725786 1.000000 1.000000 1.000000
5814.988770 0.000000 2652.963135 0.000000 0.820988 0.000000 -0.570946 1.000000 1.000000 1.000000
5790.821777 0.000000 2680.299805 0.000000 0.797324 0.000000 -0.603552 1.000000 1.000000 1.000000
5817.413574 0.000000 2652.108398 0.000000 0.851712 0.000000 -0.524010 1.000000 1.000000 1.000000
5789.152344 0.000000 2672.832764 0.000000 0.767318 0.000000 -0.641266 1.000000 1.000000 1.000000
5813.433105 0.000000 2672.225342 0.000000 0.782142 0.000000 -0.623100 1.000000 1.000000 1.000000
5882.346191 0.000000 2691.440674 0.000000 0.549935 0.000000 -0.835208 1.000000 1.000000 1.000000
5831.145508 0.000000 2771.031494 0.000000 0.771871 0.000000 -0.635779 1.000000 1.000000 1.000000
5829.834961 0.000000 2745.578369 0.000000 0.607300 0.000000 -0.794473 1.000000 1.000000 1.000000
5887.062012 0.000000 2752.373535 0.000000 0.575466 0.000000 -0.817826 1.000000 1.000000 1.000000
5827.513184 0.000000 2768.780518 0.000000 0.755438 0.000000 -0.655220 1.000000 1.000000 1.000000
5886.507812 0.000000 2789.147461 0.000000 0.862082 0.000000 -0.506768 1.000000 1.000000 1.000000
5924.732910 0.000000 2651.077393 0.000000 0.764811 0.000000 -0.644255 1.000000 1.000000 1.000000
5905.085938 0.000000 2691.227051 0.000000 0.592865 0.000000 -0.805302 1.000000 1.000000 1.000000
5894.393555 0.000000 2648.463867 0.000000 0.790319 0.000000 -0.612696 1.000000 1.000000 1.000000
6015.046387 0.000000 2657.889160 0.000000 0.830085 0.000000 -0.557637 1.000000 1.000000 1.000000
5999.216309 0.000000 2661.261963 0.000000 0.600726 0.000000 -0.799455 1.000000 1.000000 1.000000
5990.801758 0.000000 2683.850586 0.000000 0.513562 0.000000 -0.858053 1.000000 1.000000 1.000000
5922.698730 0.000000 2708.859619 0.000000 0.809226 0.000000 -0.587497 1.000000 1.000000 1.000000
5905.172852 0.000000 2692.857910 0.000000 0.845655 0.000000 -0.533730 1.000000 1.000000 1.000000
6024.098145 0.000000 2689.462158 0.000000 0.630301 0.000000 -0.776351 1.000000 1.000000 1.000000
5887.581055 0.000000 2753.660156 0.000000 0.544546 0.000000 -0.838731 1.000000 1.000000 1.000000
6142.687500 0.000000 2778.741455 0.000000 0.542418 0.000000 -0.840109 1.000000 1.000000 1.000000
5638.251953 0.000000 2919.884277 0.000000 0.550720 0.000000 -0.834690 1.000000 1.000000 1.000000
5641.054688 0.000000 2919.621582 0.000000 0.552377 0.000000 -0.833594 1.000000 1.000000 1.000000
5715.552246 0.000000 2974.829834 0.000000 0.851360 0.000000 -0.524583 1.000000 1.000000 1.000000
5652.643555 0.000000 2983.916016 0.000000 0.853380 0.000000 -0.521289 1.000000 1.000000 1.000000
5654.597168 0.000000 3009.557861 0.000000 0.786204 0.000000 -0.617967 1.000000 1.000000 1.000000
5705.817383 0.000000 3000.837891 0.000000 0.614235 0.000000 -0.789123 1.000000 1.000000 1.000000
5786.467773 0.000000 2952.675049 0.000000 0.607369 0.000000 -0.794420 1.000000 1.000000 1.000000
5799.715332 0.000000 2953.660400 0.000000 0.614477 0.000000 -0.788935 1.000000 1.000000 1.000000
5799.260254 0.000000 2957.163818 0.000000 0.790392 0.000000 -0.612601 1.000000 1.000000 1.000000
5788.163574 0.000000 2951.018555 0.000000 0.771179 0.000000 -0.636619 1.000000 1.000000 1.000000
5871.679688 0.000000 2984.737305 0.000000 0.731835 0.000000 -0.681482 1.000000 1.000000 1.000000
5824.366211 0.000000 2977.157471 0.000000 0.840553 0.000000 -0.541730 1.000000 1.000000 1.000000
6160.121094 0.000000 2482.046631 0.000000 0.584989 0.000000 -0.811042 1.000000 1.000000 1.000000
6160.357422 0.000000 2546.297852 0.000000 0.633003 0.000000 -0.774149 1.000000 1.000000 1.000000
6195.451660 0.000000 2550.145996 0.000000 0.553088 0.000000 -0.833123 1.000000 1.000000 1.000000
6149.806641 0.000000 2625.721436 0.000000 0.752816 0.000000 -0.658230 1.000000 1.000000 1.000000
6317.229004 0.000000 2586.103027 0.000000 0.602889 0.000000 -0.797825 1.000000 1.000000 1.000000
6322.601562 0.000000 2584.226807 0.000000 0.523288 0.000000 -0.852156 1.000000 1.000000 1.000000
6353.359863 0.000000 2587.060303 0.000000 0.693799 0.000000 -0.720169 1.000000 1.000000 1.000000
6330.067871 0.000000 2625.022705 0.000000 0.615761 0.000000 -0.787933 1.000000 1.000000 1.000000
6315.941895 0.000000 2636.199219 0.000000 0.847566 0.000000 -0.530690 1.000000 1.000000 1.000000
6249.350586 0.000000 2692.253174 0.000000 0.806432 0.000000 -0.591327 1.000000 1.000000 1.000000
6184.681152 0.000000 2736.381836 0.000000 0.854491 0.000000 -0.519467 1.000000 1.000000 1.000000
6189.119141 0.000000 2733.325195 0.000000 0.860720 0.000000 -0.509079 1.000000 1.000000 1.000000
6317.229004 0.000000 2680.587402 0.000000 0.512963 0.000000 -0.858411 1.000000 1.000000 1.000000
6272.513672 0.000000 2663.397461 0.000000 0.556062 0.000000 -0.831141 1.000000 1.000000 1.000000
6318.894531 0.000000 2675.702637 0.000000 0.780211 0.000000 -0.625517 1.000000 1.000000 1.000000
6315.860352 0.000000 2655.955322 0.000000 0.814051 0.000000 -0.580793 1.000000 1.000000 1.000000
6332.341797 0.000000 2682.600098 0.000000 0.823101 0.000000 -0.567895 1.000000 1.000000 1.000000
6273.595215 0.000000 2660.968994 0.000000 0.783200 0.000000 -0.621770 1.000000 1.000000 1.000000
6319.529297 0.000000 2673.422852 0.000000 0.717650 0.000000 -0.696404 1.000000 1.000000 1.000000
6312.161621 0.000000 2672.048828 0.000000 0.830390 0.000000 -0.557183 1.000000 1.000000 1.000000
6331.375000 0.000000 2681.365234 0.000000 0.529799 0.000000 -0.848123 1.000000 1.000000 1.000000
6336.505859 0.000000 2663.397461 0.000000 0.602615 0.000000 -0.798032 1.000000 1.000000 1.000000
6383.169434 0.000000 2661.261963 0.000000 0.586403 0.000000 -0.810020 1.000000 1.000000 1.000000
6288.056641 0.000000 2699.029785 0.000000 0.613534 0.000000 -0.789669 1.000000 1.000000 1.000000
6143.257324 0.000000 2778.750977 0.000000 0.614812 0.000000 -0.788673 1.000000 1.000000 1.000000
6152.813477 0.000000 2838.808105 0.000000 0.606145 0.000000 -0.795354 1.000000 1.000000 1.000000
6169.464844 0.000000 2899.180908 0.000000 0.690130 0.000000 -0.723685 1.000000 1.000000 1.000000
4244.815430 0.000000 3031.158203 0.000000 0.837582 0.000000 -0.546312 1.000000 1.000000 1.000000
4996.770020 0.000000 3155.141113 0.000000 0.833511 0.000000 -0.552503 1.000000 1.000000 1.000000
4824.712402 0.000000 3387.863281 0.000000 0.625916 0.000000 -0.779891 1.000000 1.000000 1.000000
4863.775391 0.000000 3384.552734 0.000000 0.795854 0.000000 -0.605488 1.000000 1.000000 1.000000
4867.444824 0.000000 3388.441895 0.000000 0.798359 0.000000 -0.602182 1.000000 1.000000 1.000000
5059.023926 0.000000 3349.345947 0.000000 0.711973 0.000000 -0.702206 1.000000 1.000000 1.000000
4793.335938 0.000000 3411.388916 0.000000 0.627119 0.000000 -0.778924 1.000000 1.000000 1.000000
4854.899414 0.000000 3490.300781 0.000000 0.858058 0.000000 -0.513553 1.000000 1.000000 1.000000
4955.032715 0.000000 3406.279785 0.000000 0.773697 0.000000 -0.633556 1.000000 1.000000 1.000000
5415.762207 0.000000 3048.144775 0.000000 0.760019 0.000000 -0.649901 1.000000 1.000000 1.000000
5427.409180 0.000000 3064.983398 0.000000 0.532712 0.000000 -0.846296 1.000000 1.000000 1.000000
5424.067383 0.000000 3044.830566 0.000000 0.678030 0.000000 -0.735035 1.000000 1.000000 1.000000
5443.374512 0.000000 3057.746582 0.000000 0.818833 0.000000 -0.574032 1.000000 1.000000 1.000000
5491.921387 0.000000 3042.486816 0.000000 0.569942 0.000000 -0.821685 1.000000 1.000000 1.000000
5488.059570 0.000000 3044.830566 0.000000 0.843922 0.000000 -0.536465 1.000000 1.000000 1.000000
5425.953613 0.000000 3094.237305 0.000000 0.521805 0.000000 -0.853065 1.000000 1.000000 1.000000
5402.180664 0.000000 3102.052490 0.000000 0.737767 0.000000 -0.675055 1.000000 1.000000 1.000000
5514.770508 0.000000 3025.195801 0.000000 0.732796 0.000000 -0.680448 1.000000 1.000000 1.000000
5519.302246 0.000000 3025.227539 0.000000 0.594970 0.000000 -0.803748 1.000000 1.000000 1.000000
5587.150879 0.000000 3046.748779 0.000000 0.632769 0.000000 -0.774340 1.000000 1.000000 1.000000
5568.397461 0.000000 3024.399658 0.000000 0.698984 0.000000 -0.715137 1.000000 1.000000 1.000000
5535.819336 0.000000 3085.502930 0.000000 0.758470 0.000000 -0.651708 1.000000 1.000000 1.000000
5562.082520 0.000000 3092.626953 0.000000 0.545338 0.000000 -0.838216 1.000000 1.000000 1.000000
5526.643555 0.000000 3096.264404 0.000000 0.627046 0.000000 -0.778982 1.000000 1.000000 1.000000
5543.944824 0.000000 3076.668457 0.000000 0.755251 0.000000 -0.655436 1.000000 1.000000 1.000000
5567.689453 0.000000 3101.099609 0.000000 0.556386 0.000000 -0.830924 1.000000 1.000000 1.000000
5622.442871 0.000000 3095.839355 0.000000 0.565344 0.000000 -0.824855 1.000000 1.000000 1.000000
5623.795410 0.000000 3098.140137 0.000000 0.771740 0.000000 -0.635938 1.000000 1.000000 1.000000
5624.648438 0.000000 3104.662842 0.000000 0.618264 0.000000 -0.785970 1.000000 1.000000 1.000000
5462.612305 0.000000 3129.850098 0.000000 0.703297 0.000000 -0.710896 1.000000 1.000000 1.000000
5495.521484 0.000000 3154.177490 0.000000 0.554681 0.000000 -0.832063 1.000000 1.000000 1.000000
5530.499023 0.000000 3141.643799 0.000000 0.583365 0.000000 -0.812210 1.000000 1.000000 1.000000
5530.318359 0.000000 3144.516846 0.000000 0.840745 0.000000 -0.541431 1.000000 1.000000 1.000000
5518.812988 0.000000 3162.801758 0.000000 0.772127 0.000000 -0.635468 1.000000 1.000000 1.000000
5578.761230 0.000000 3128.685791 0.000000 0.626293 0.000000 -0.779588 1.000000 1.000000 1.000000
5602.457031 0.000000 3127.675537 0.000000 0.609710 0.000000 -0.792625 1.000000 1.000000 1.000000
5584.427734 0.000000 3160.446289 0.000000 0.601856 0.000000 -0.798605 1.000000 1.000000 1.000000
5597.584473 0.000000 3159.468018 0.000000 0.833402 0.000000 -0.552667 1.000000 1.000000 1.000000
5571.431152 0.000000 3135.788330 0.000000 0.773921 0.000000 -0.633282 1.000000 1.000000 1.000000
5523.587891 0.000000 3165.341553 0.000000 0.766179 0.000000 -0.642627 1.000000 1.000000 1.000000
5587.756836 0.000000 3169.111816 0.000000 0.749892 0.000000 -0.661561 1.000000 1.000000 1.000000
5603.283691 0.000000 3167.833252 0.000000 0.825280 0.000000 -0.564724 1.000000 1.000000 1.000000
5258.076172 0.000000 3228.493652 0.000000 0.549784 0.000000 -0.835307 1.000000 1.000000 1.000000
5247.659180 0.000000 3263.765381 0.000000 0.749909 0.000000 -0.661541 1.000000 1.000000 1.000000
5531.596191 0.000000 3212.588867 0.000000 0.836386 0.000000 -0.548140 1.000000 1.000000 1.000000
5527.728027 0.000000 3214.245361 0.000000 0.547321 0.000000 -0.836923 1.000000 1.000000 1.000000
5692.288574 0.000000 3034.356934 0.000000 0.704543 0.000000 -0.709661 1.000000 1.000000 1.000000
5650.523438 0.000000 3098.945068 0.000000 0.753648 0.000000 -0.657278 1.000000 1.000000 1.000000
5750.983887 0.000000 3075.589111 0.000000 0.806365 0.000000 -0.591418 1.000000 1.000000 1.000000
5794.433594 0.000000 3033.191162 0.000000 0.723494 0.000000 -0.690330 1.000000 1.000000 1.000000
5672.743652 0.000000 3161.561523 0.000000 0.635715 0.000000 -0.771924 1.000000 1.000000 1.000000
5696.322754 0.000000 3140.905762 0.000000 0.608326 0.000000 -0.793687 1.000000 1.000000 1.000000
5699.528809 0.000000 3146.718018 0.000000 0.853315 0.000000 -0.521396 1.000000 1.000000 1.000000
5684.958984 0.000000 3168.498047 0.000000 0.687195 0.000000 -0.726473 1.000000 1.000000 1.000000
5659.580566 0.000000 3212.588867 0.000000 0.824906 0.000000 -0.565270 1.000000 1.000000 1.000000
5853.674805 0.000000 3881.877197 0.000000 0.827453 0.000000 -0.561535 1.000000 1.000000 1.000000
6096.412109 0.000000 3813.813721 0.000000 0.744263 0.000000 -0.667887 1.000000 1.000000 1.000000
"}
object={
	name="rock_desert_generator_1_5"
	render_pass=Map
	clamp_to_water_level=no
	generated_content=yes
	layer="tree_high_layer"
	pdxmesh="rock_desert_06_mesh"
	count=183
	transform="3703.039795 0.000000 2403.730469 0.000000 0.414257 0.000000 -0.910160 1.000000 1.000000 1.000000
3741.681885 0.000000 2446.661865 0.000000 0.177878 0.000000 -0.984053 1.000000 1.000000 1.000000
3767.031982 0.000000 2498.214844 0.000000 0.250568 0.000000 -0.968099 1.000000 1.000000 1.000000
3799.202637 0.000000 2519.075684 0.000000 0.241347 0.000000 -0.970439 1.000000 1.000000 1.000000
3767.238525 0.000000 2558.478760 0.000000 0.082530 0.000000 -0.996589 1.000000 1.000000 1.000000
3804.530762 0.000000 2580.025635 0.000000 0.240751 0.000000 -0.970587 1.000000 1.000000 1.000000
3794.761475 0.000000 2571.198975 0.000000 0.072936 0.000000 -0.997337 1.000000 1.000000 1.000000
3732.513184 0.000000 2641.916748 0.000000 0.285255 0.000000 -0.958452 1.000000 1.000000 1.000000
3944.347412 0.000000 2891.175781 0.000000 0.491885 0.000000 -0.870660 1.000000 1.000000 1.000000
3944.140137 0.000000 2887.699707 0.000000 0.457514 0.000000 -0.889202 1.000000 1.000000 1.000000
3931.694336 0.000000 3020.966797 0.000000 0.223488 0.000000 -0.974707 1.000000 1.000000 1.000000
5173.205566 0.000000 2147.836914 0.000000 0.140776 0.000000 -0.990041 1.000000 1.000000 1.000000
5270.635742 0.000000 2137.764160 0.000000 0.162199 0.000000 -0.986758 1.000000 1.000000 1.000000
5251.397949 0.000000 2160.145020 0.000000 0.016668 0.000000 -0.999861 1.000000 1.000000 1.000000
5282.802734 0.000000 2204.716553 0.000000 0.356292 0.000000 -0.934375 1.000000 1.000000 1.000000
5293.027344 0.000000 2221.255859 0.000000 0.390507 0.000000 -0.920600 1.000000 1.000000 1.000000
5305.194824 0.000000 2236.788818 0.000000 0.241513 0.000000 -0.970398 1.000000 1.000000 1.000000
5303.259766 0.000000 2235.028809 0.000000 0.438159 0.000000 -0.898898 1.000000 1.000000 1.000000
5376.331543 0.000000 2133.982910 0.000000 0.026916 0.000000 -0.999638 1.000000 1.000000 1.000000
5430.829102 0.000000 2214.761719 0.000000 0.084035 0.000000 -0.996463 1.000000 1.000000 1.000000
5429.479980 0.000000 2211.940674 0.000000 0.080228 0.000000 -0.996777 1.000000 1.000000 1.000000
4511.197266 0.000000 2577.860107 0.000000 0.036684 0.000000 -0.999327 1.000000 1.000000 1.000000
4504.382812 0.000000 2593.382324 0.000000 0.487817 0.000000 -0.872946 1.000000 1.000000 1.000000
4506.818848 0.000000 2592.062012 0.000000 0.122556 0.000000 -0.992462 1.000000 1.000000 1.000000
5100.212402 0.000000 2294.902100 0.000000 0.440855 0.000000 -0.897579 1.000000 1.000000 1.000000
5101.251953 0.000000 2355.387695 0.000000 0.221159 0.000000 -0.975238 1.000000 1.000000 1.000000
5025.327148 0.000000 2549.324463 0.000000 0.367769 0.000000 -0.929917 1.000000 1.000000 1.000000
5022.330566 0.000000 2549.825684 0.000000 0.306805 0.000000 -0.951772 1.000000 1.000000 1.000000
4985.967285 0.000000 2570.203857 0.000000 0.099987 0.000000 -0.994989 1.000000 1.000000 1.000000
4982.590820 0.000000 2567.993164 0.000000 0.425156 0.000000 -0.905120 1.000000 1.000000 1.000000
4984.479980 0.000000 2571.541748 0.000000 0.296235 0.000000 -0.955115 1.000000 1.000000 1.000000
4985.848145 0.000000 2566.625732 0.000000 0.466809 0.000000 -0.884358 1.000000 1.000000 1.000000
5020.627930 0.000000 2583.906006 0.000000 0.391399 0.000000 -0.920221 1.000000 1.000000 1.000000
4223.012695 0.000000 2775.298340 0.000000 0.227572 0.000000 -0.973761 1.000000 1.000000 1.000000
4218.718262 0.000000 2800.487549 0.000000 0.418411 0.000000 -0.908258 1.000000 1.000000 1.000000
4240.084473 0.000000 2804.414551 0.000000 0.040875 0.000000 -0.999164 1.000000 1.000000 1.000000
4233.047852 0.000000 2791.565918 0.000000 0.232019 0.000000 -0.972711 1.000000 1.000000 1.000000
4232.969238 0.000000 2793.808105 0.000000 0.151929 0.000000 -0.988391 1.000000 1.000000 1.000000
4335.175781 0.000000 2919.606445 0.000000 0.443341 0.000000 -0.896353 1.000000 1.000000 1.000000
4337.204102 0.000000 2918.128174 0.000000 0.342348 0.000000 -0.939573 1.000000 1.000000 1.000000
4240.084473 0.000000 2946.141113 0.000000 0.339435 0.000000 -0.940629 1.000000 1.000000 1.000000
4262.756836 0.000000 2964.814697 0.000000 0.166026 0.000000 -0.986121 1.000000 1.000000 1.000000
4249.162109 0.000000 2967.536621 0.000000 0.049448 0.000000 -0.998777 1.000000 1.000000 1.000000
4236.330566 0.000000 2949.015869 0.000000 0.195517 0.000000 -0.980700 1.000000 1.000000 1.000000
4235.904297 0.000000 2943.946289 0.000000 0.423410 0.000000 -0.905938 1.000000 1.000000 1.000000
4242.707031 0.000000 2949.136475 0.000000 0.329209 0.000000 -0.944257 1.000000 1.000000 1.000000
4237.105469 0.000000 2946.398438 0.000000 0.334092 0.000000 -0.942540 1.000000 1.000000 1.000000
4235.383789 0.000000 2951.462646 0.000000 0.475840 0.000000 -0.879532 1.000000 1.000000 1.000000
4253.776367 0.000000 2972.801758 0.000000 0.326107 0.000000 -0.945333 1.000000 1.000000 1.000000
4237.362305 0.000000 2947.854736 0.000000 0.229068 0.000000 -0.973410 1.000000 1.000000 1.000000
4269.152344 0.000000 2977.130859 0.000000 0.061541 0.000000 -0.998105 1.000000 1.000000 1.000000
4234.926758 0.000000 2977.953613 0.000000 0.370626 0.000000 -0.928782 1.000000 1.000000 1.000000
4262.197266 0.000000 2977.145264 0.000000 0.064585 0.000000 -0.997912 1.000000 1.000000 1.000000
4267.646484 0.000000 2981.975098 0.000000 0.385231 0.000000 -0.922820 1.000000 1.000000 1.000000
4245.044922 0.000000 2994.155762 0.000000 0.067521 0.000000 -0.997718 1.000000 1.000000 1.000000
4230.798340 0.000000 3015.872314 0.000000 0.042938 0.000000 -0.999078 1.000000 1.000000 1.000000
4247.884277 0.000000 2978.034424 0.000000 0.215547 0.000000 -0.976494 1.000000 1.000000 1.000000
4251.461914 0.000000 2984.399170 0.000000 0.128666 0.000000 -0.991688 1.000000 1.000000 1.000000
4313.244629 0.000000 2981.820312 0.000000 0.340734 0.000000 -0.940160 1.000000 1.000000 1.000000
5518.107910 0.000000 2298.898193 0.000000 0.157514 0.000000 -0.987517 1.000000 1.000000 1.000000
5575.176758 0.000000 2298.609619 0.000000 0.074688 0.000000 -0.997207 1.000000 1.000000 1.000000
5547.490234 0.000000 2320.584473 0.000000 0.313665 0.000000 -0.949534 1.000000 1.000000 1.000000
5518.124512 0.000000 2371.395752 0.000000 0.179693 0.000000 -0.983723 1.000000 1.000000 1.000000
5578.761230 0.000000 2467.295166 0.000000 0.450996 0.000000 -0.892526 1.000000 1.000000 1.000000
5421.338379 0.000000 2586.103027 0.000000 0.381510 0.000000 -0.924365 1.000000 1.000000 1.000000
5420.051270 0.000000 2588.957031 0.000000 0.074940 0.000000 -0.997188 1.000000 1.000000 1.000000
5564.562012 0.000000 2568.676025 0.000000 0.399533 0.000000 -0.916719 1.000000 1.000000 1.000000
5520.482422 0.000000 2585.516846 0.000000 0.340255 0.000000 -0.940333 1.000000 1.000000 1.000000
5570.256836 0.000000 2637.390625 0.000000 0.186834 0.000000 -0.982391 1.000000 1.000000 1.000000
5606.592773 0.000000 2634.119385 0.000000 0.092546 0.000000 -0.995708 1.000000 1.000000 1.000000
5660.549805 0.000000 2536.663818 0.000000 0.457654 0.000000 -0.889130 1.000000 1.000000 1.000000
5640.268555 0.000000 2521.549316 0.000000 0.453122 0.000000 -0.891448 1.000000 1.000000 1.000000
5639.271973 0.000000 2524.018066 0.000000 0.006761 0.000000 -0.999977 1.000000 1.000000 1.000000
5669.540527 0.000000 2638.772461 0.000000 0.401779 0.000000 -0.915737 1.000000 1.000000 1.000000
5972.468750 0.000000 2631.195068 0.000000 0.284218 0.000000 -0.958760 1.000000 1.000000 1.000000
5988.346680 0.000000 2632.447754 0.000000 0.303994 0.000000 -0.952674 1.000000 1.000000 1.000000
5613.122559 0.000000 2903.237549 0.000000 0.022284 0.000000 -0.999752 1.000000 1.000000 1.000000
5617.930176 0.000000 2905.268555 0.000000 0.168490 0.000000 -0.985703 1.000000 1.000000 1.000000
5576.653320 0.000000 2892.543213 0.000000 0.324285 0.000000 -0.945959 1.000000 1.000000 1.000000
5577.686035 0.000000 2891.514160 0.000000 0.499651 0.000000 -0.866227 1.000000 1.000000 1.000000
5451.874023 0.000000 3004.431396 0.000000 0.282480 0.000000 -0.959273 1.000000 1.000000 1.000000
5512.284180 0.000000 2993.971191 0.000000 0.198210 0.000000 -0.980160 1.000000 1.000000 1.000000
5567.689453 0.000000 3006.615234 0.000000 0.002312 0.000000 -0.999997 1.000000 1.000000 1.000000
5615.710938 0.000000 2984.737305 0.000000 0.460050 0.000000 -0.887893 1.000000 1.000000 1.000000
5631.093262 0.000000 2988.584473 0.000000 0.334185 0.000000 -0.942508 1.000000 1.000000 1.000000
5617.492676 0.000000 2989.237549 0.000000 0.152665 0.000000 -0.988278 1.000000 1.000000 1.000000
5793.083984 0.000000 2685.564697 0.000000 0.241742 0.000000 -0.970341 1.000000 1.000000 1.000000
5793.679688 0.000000 2679.635254 0.000000 0.353630 0.000000 -0.935386 1.000000 1.000000 1.000000
5776.167969 0.000000 2671.015381 0.000000 0.388097 0.000000 -0.921619 1.000000 1.000000 1.000000
5775.478027 0.000000 2673.935547 0.000000 0.061982 0.000000 -0.998077 1.000000 1.000000 1.000000
5788.749512 0.000000 2670.984375 0.000000 0.105512 0.000000 -0.994418 1.000000 1.000000 1.000000
5864.720215 0.000000 2689.139648 0.000000 0.481282 0.000000 -0.876566 1.000000 1.000000 1.000000
5818.051270 0.000000 2714.689453 0.000000 0.324009 0.000000 -0.946054 1.000000 1.000000 1.000000
5791.932129 0.000000 2723.481934 0.000000 0.251943 0.000000 -0.967742 1.000000 1.000000 1.000000
5796.370117 0.000000 2726.932129 0.000000 0.089331 0.000000 -0.996002 1.000000 1.000000 1.000000
5861.525391 0.000000 2707.113770 0.000000 0.396423 0.000000 -0.918068 1.000000 1.000000 1.000000
5858.425781 0.000000 2702.495850 0.000000 0.380171 0.000000 -0.924916 1.000000 1.000000 1.000000
5881.405762 0.000000 2699.350586 0.000000 0.081345 0.000000 -0.996686 1.000000 1.000000 1.000000
5896.634766 0.000000 2672.509766 0.000000 0.254666 0.000000 -0.967029 1.000000 1.000000 1.000000
5924.900879 0.000000 2683.625488 0.000000 0.452470 0.000000 -0.891779 1.000000 1.000000 1.000000
5993.409668 0.000000 2647.849854 0.000000 0.376067 0.000000 -0.926593 1.000000 1.000000 1.000000
5988.346680 0.000000 2679.689941 0.000000 0.408720 0.000000 -0.912660 1.000000 1.000000 1.000000
5988.692871 0.000000 2676.854248 0.000000 0.082981 0.000000 -0.996551 1.000000 1.000000 1.000000
5937.407715 0.000000 2692.960693 0.000000 0.363557 0.000000 -0.931572 1.000000 1.000000 1.000000
5919.818359 0.000000 2713.412109 0.000000 0.291538 0.000000 -0.956559 1.000000 1.000000 1.000000
6004.721191 0.000000 2708.501953 0.000000 0.453918 0.000000 -0.891044 1.000000 1.000000 1.000000
5977.365723 0.000000 2704.821533 0.000000 0.274681 0.000000 -0.961535 1.000000 1.000000 1.000000
6021.314941 0.000000 2687.674561 0.000000 0.260233 0.000000 -0.965546 1.000000 1.000000 1.000000
6015.307129 0.000000 2657.673340 0.000000 0.224679 0.000000 -0.974433 1.000000 1.000000 1.000000
6023.122070 0.000000 2723.789307 0.000000 0.285236 0.000000 -0.958457 1.000000 1.000000 1.000000
6040.208008 0.000000 2719.702881 0.000000 0.293778 0.000000 -0.955874 1.000000 1.000000 1.000000
5933.275879 0.000000 2775.071777 0.000000 0.225113 0.000000 -0.974333 1.000000 1.000000 1.000000
5887.581055 0.000000 2791.343506 0.000000 0.146354 0.000000 -0.989232 1.000000 1.000000 1.000000
5651.022461 0.000000 2875.230713 0.000000 0.020968 0.000000 -0.999780 1.000000 1.000000 1.000000
5637.869141 0.000000 2909.174561 0.000000 0.186034 0.000000 -0.982543 1.000000 1.000000 1.000000
5634.107910 0.000000 2909.128418 0.000000 0.243862 0.000000 -0.969810 1.000000 1.000000 1.000000
5684.536133 0.000000 2891.661865 0.000000 0.445796 0.000000 -0.895135 1.000000 1.000000 1.000000
5634.393555 0.000000 2910.357910 0.000000 0.343691 0.000000 -0.939083 1.000000 1.000000 1.000000
5695.709473 0.000000 2897.762207 0.000000 0.009759 0.000000 -0.999952 1.000000 1.000000 1.000000
5750.846191 0.000000 2948.018555 0.000000 0.449515 0.000000 -0.893273 1.000000 1.000000 1.000000
5642.753418 0.000000 2986.959229 0.000000 0.355562 0.000000 -0.934653 1.000000 1.000000 1.000000
5660.988770 0.000000 2986.097412 0.000000 0.228640 0.000000 -0.973511 1.000000 1.000000 1.000000
5824.487305 0.000000 2975.966309 0.000000 0.393595 0.000000 -0.919284 1.000000 1.000000 1.000000
5812.943359 0.000000 2979.529297 0.000000 0.360433 0.000000 -0.932785 1.000000 1.000000 1.000000
6208.301758 0.000000 2540.144531 0.000000 0.199814 0.000000 -0.979834 1.000000 1.000000 1.000000
6326.002441 0.000000 2550.408936 0.000000 0.237256 0.000000 -0.971447 1.000000 1.000000 1.000000
6322.756836 0.000000 2582.016846 0.000000 0.007105 0.000000 -0.999975 1.000000 1.000000 1.000000
6327.605469 0.000000 2551.194336 0.000000 0.292755 0.000000 -0.956188 1.000000 1.000000 1.000000
6394.270996 0.000000 2593.692627 0.000000 0.151936 0.000000 -0.988390 1.000000 1.000000 1.000000
6398.656250 0.000000 2589.772705 0.000000 0.470022 0.000000 -0.882654 1.000000 1.000000 1.000000
6317.103516 0.000000 2638.840820 0.000000 0.358189 0.000000 -0.933649 1.000000 1.000000 1.000000
6334.174316 0.000000 2625.616943 0.000000 0.497756 0.000000 -0.867317 1.000000 1.000000 1.000000
6331.381836 0.000000 2622.079102 0.000000 0.144690 0.000000 -0.989477 1.000000 1.000000 1.000000
6270.444824 0.000000 2663.825195 0.000000 0.377993 0.000000 -0.925808 1.000000 1.000000 1.000000
6340.445312 0.000000 2665.915039 0.000000 0.023737 0.000000 -0.999718 1.000000 1.000000 1.000000
6288.771484 0.000000 2704.592529 0.000000 0.421300 0.000000 -0.906921 1.000000 1.000000 1.000000
6146.186523 0.000000 2779.117188 0.000000 0.156098 0.000000 -0.987742 1.000000 1.000000 1.000000
6170.420898 0.000000 2858.190674 0.000000 0.273553 0.000000 -0.961857 1.000000 1.000000 1.000000
6155.291992 0.000000 2840.835938 0.000000 0.455343 0.000000 -0.890316 1.000000 1.000000 1.000000
6223.842285 0.000000 2851.656738 0.000000 0.035085 0.000000 -0.999384 1.000000 1.000000 1.000000
6224.602051 0.000000 2853.851562 0.000000 0.207388 0.000000 -0.978259 1.000000 1.000000 1.000000
6171.488281 0.000000 2893.267090 0.000000 0.182454 0.000000 -0.983214 1.000000 1.000000 1.000000
6170.281738 0.000000 2892.913330 0.000000 0.437703 0.000000 -0.899120 1.000000 1.000000 1.000000
6238.767090 0.000000 2963.752930 0.000000 0.470774 0.000000 -0.882254 1.000000 1.000000 1.000000
6237.045410 0.000000 2962.886963 0.000000 0.026043 0.000000 -0.999661 1.000000 1.000000 1.000000
4999.007812 0.000000 3153.054443 0.000000 0.147543 0.000000 -0.989056 1.000000 1.000000 1.000000
5078.331055 0.000000 3359.458252 0.000000 0.003288 0.000000 -0.999995 1.000000 1.000000 1.000000
4793.769531 0.000000 3405.077148 0.000000 0.449050 0.000000 -0.893507 1.000000 1.000000 1.000000
4883.666016 0.000000 3401.552490 0.000000 0.400816 0.000000 -0.916159 1.000000 1.000000 1.000000
4948.593750 0.000000 3528.796631 0.000000 0.007079 0.000000 -0.999975 1.000000 1.000000 1.000000
5431.529297 0.000000 3059.693115 0.000000 0.393244 0.000000 -0.919434 1.000000 1.000000 1.000000
5425.202148 0.000000 3089.104004 0.000000 0.365045 0.000000 -0.930990 1.000000 1.000000 1.000000
5431.022949 0.000000 3075.589111 0.000000 0.001009 0.000000 -0.999999 1.000000 1.000000 1.000000
5617.492676 0.000000 3036.479736 0.000000 0.234390 0.000000 -0.972143 1.000000 1.000000 1.000000
5571.090820 0.000000 3026.247559 0.000000 0.340499 0.000000 -0.940245 1.000000 1.000000 1.000000
5547.490234 0.000000 3076.459473 0.000000 0.456747 0.000000 -0.889597 1.000000 1.000000 1.000000
5541.361328 0.000000 3081.766113 0.000000 0.461398 0.000000 -0.887193 1.000000 1.000000 1.000000
5622.088379 0.000000 3117.315186 0.000000 0.393031 0.000000 -0.919525 1.000000 1.000000 1.000000
5568.491699 0.000000 3097.559326 0.000000 0.163054 0.000000 -0.986617 1.000000 1.000000 1.000000
5486.326172 0.000000 3188.964111 0.000000 0.231885 0.000000 -0.972743 1.000000 1.000000 1.000000
5503.697266 0.000000 3148.341797 0.000000 0.396185 0.000000 -0.918171 1.000000 1.000000 1.000000
5529.542969 0.000000 3135.391846 0.000000 0.182142 0.000000 -0.983272 1.000000 1.000000 1.000000
5521.132812 0.000000 3163.648926 0.000000 0.315647 0.000000 -0.948877 1.000000 1.000000 1.000000
5563.475586 0.000000 3141.743164 0.000000 0.232439 0.000000 -0.972611 1.000000 1.000000 1.000000
5617.446777 0.000000 3118.140381 0.000000 0.260568 0.000000 -0.965456 1.000000 1.000000 1.000000
5601.938477 0.000000 3124.208252 0.000000 0.074756 0.000000 -0.997202 1.000000 1.000000 1.000000
5587.580078 0.000000 3165.341553 0.000000 0.384149 0.000000 -0.923271 1.000000 1.000000 1.000000
5604.393555 0.000000 3199.354004 0.000000 0.031762 0.000000 -0.999495 1.000000 1.000000 1.000000
5194.809570 0.000000 3261.406738 0.000000 0.300967 0.000000 -0.953634 1.000000 1.000000 1.000000
5247.659180 0.000000 3226.082031 0.000000 0.129838 0.000000 -0.991535 1.000000 1.000000 1.000000
5529.918945 0.000000 3215.564697 0.000000 0.193110 0.000000 -0.981177 1.000000 1.000000 1.000000
5514.143066 0.000000 3220.855225 0.000000 0.187116 0.000000 -0.982338 1.000000 1.000000 1.000000
5636.388184 0.000000 3038.751221 0.000000 0.140670 0.000000 -0.990057 1.000000 1.000000 1.000000
5636.872070 0.000000 3032.220703 0.000000 0.261580 0.000000 -0.965182 1.000000 1.000000 1.000000
5672.710938 0.000000 3136.993896 0.000000 0.437817 0.000000 -0.899064 1.000000 1.000000 1.000000
5684.030273 0.000000 3178.551025 0.000000 0.290733 0.000000 -0.956804 1.000000 1.000000 1.000000
5682.560547 0.000000 3233.614502 0.000000 0.351528 0.000000 -0.936177 1.000000 1.000000 1.000000
5840.160156 0.000000 3710.343506 0.000000 0.391395 0.000000 -0.920223 1.000000 1.000000 1.000000
5841.083984 0.000000 3708.466553 0.000000 0.400949 0.000000 -0.916101 1.000000 1.000000 1.000000
5840.943848 0.000000 3712.055664 0.000000 0.040100 0.000000 -0.999196 1.000000 1.000000 1.000000
5852.618652 0.000000 3880.025391 0.000000 0.404394 0.000000 -0.914585 1.000000 1.000000 1.000000
5850.937988 0.000000 3880.281250 0.000000 0.100672 0.000000 -0.994920 1.000000 1.000000 1.000000
6099.576660 0.000000 3813.174316 0.000000 0.370125 0.000000 -0.928982 1.000000 1.000000 1.000000
"}
