object={
	name="tree_pine_01_b_generator_1_0"
	render_pass=Map
	clamp_to_water_level=no
	generated_content=yes
	layer="tree_high_layer"
	pdxmesh="tree_pine_01_b_mesh"
	count=2226
	transform="212.942535 0.000000 1271.893188 0.000000 0.835865 0.000000 -0.548935 0.400000 0.400000 0.400000
173.978363 0.000000 1310.563965 0.000000 0.943694 0.000000 0.330820 0.400000 0.400000 0.400000
187.041077 0.000000 1321.416992 0.000000 0.165428 0.000000 0.986222 0.400000 0.400000 0.400000
173.651794 0.000000 1276.411865 0.000000 0.713086 0.000000 -0.701077 0.400000 0.400000 0.400000
168.808228 0.000000 1284.941284 0.000000 0.815063 0.000000 0.579373 0.400000 0.400000 0.400000
189.217545 0.000000 1293.136719 0.000000 0.949045 0.000000 -0.315140 0.400000 0.400000 0.400000
177.842422 0.000000 1293.900879 0.000000 0.965441 0.000000 -0.260621 0.400000 0.400000 0.400000
176.374588 0.000000 1284.018433 0.000000 0.993282 0.000000 0.115721 0.400000 0.400000 0.400000
188.768326 0.000000 1306.027710 0.000000 0.548545 0.000000 0.836121 0.400000 0.400000 0.400000
161.920395 0.000000 1321.027466 0.000000 0.012519 0.000000 0.999922 0.400000 0.400000 0.400000
224.291183 0.000000 1280.020386 0.000000 0.109939 0.000000 0.993938 0.400000 0.400000 0.400000
219.147202 0.000000 1299.198364 0.000000 0.911783 0.000000 0.410672 0.400000 0.400000 0.400000
193.174301 0.000000 1322.489502 0.000000 0.696919 0.000000 0.717150 0.400000 0.400000 0.400000
205.207504 0.000000 1300.382812 0.000000 0.960971 0.000000 0.276649 0.400000 0.400000 0.400000
212.235870 0.000000 1275.653931 0.000000 0.808377 0.000000 0.588665 0.400000 0.400000 0.400000
202.787994 0.000000 1312.425781 0.000000 0.997023 0.000000 0.077101 0.400000 0.400000 0.400000
215.252563 0.000000 1287.404541 0.000000 0.667575 0.000000 -0.744542 0.400000 0.400000 0.400000
228.964951 0.000000 1304.767456 0.000000 0.990207 0.000000 -0.139606 0.400000 0.400000 0.400000
224.467163 0.000000 1290.299805 0.000000 0.067245 0.000000 -0.997736 0.400000 0.400000 0.400000
233.407425 0.000000 1319.116089 0.000000 0.859803 0.000000 0.510625 0.400000 0.400000 0.400000
194.912613 0.000000 1314.609375 0.000000 0.803099 0.000000 0.595846 0.400000 0.400000 0.400000
198.796829 0.000000 1319.300903 0.000000 0.545144 0.000000 0.838342 0.400000 0.400000 0.400000
123.048889 0.000000 1415.901367 0.000000 0.108283 0.000000 -0.994120 0.400000 0.400000 0.400000
160.298981 0.000000 1327.262573 0.000000 0.548605 0.000000 -0.836082 0.400000 0.400000 0.400000
169.382446 0.000000 1341.790649 0.000000 0.793577 0.000000 -0.608470 0.400000 0.400000 0.400000
141.215302 0.000000 1347.625000 0.000000 0.668014 0.000000 0.744148 0.400000 0.400000 0.400000
151.260361 0.000000 1334.646729 0.000000 0.376185 0.000000 0.926544 0.400000 0.400000 0.400000
184.169510 0.000000 1358.974243 0.000000 0.996081 0.000000 0.088442 0.400000 0.400000 0.400000
160.474960 0.000000 1337.541992 0.000000 0.413811 0.000000 0.910363 0.400000 0.400000 0.400000
189.217545 0.000000 1340.378906 0.000000 0.716117 0.000000 0.697980 0.400000 0.400000 0.400000
162.436371 0.000000 1344.729004 0.000000 0.265503 0.000000 0.964110 0.400000 0.400000 0.400000
188.466431 0.000000 1330.673218 0.000000 0.458240 0.000000 -0.888828 0.400000 0.400000 0.400000
147.814667 0.000000 1346.029785 0.000000 0.190457 0.000000 -0.981696 0.400000 0.400000 0.400000
166.696747 0.000000 1323.668701 0.000000 0.990392 0.000000 -0.138290 0.400000 0.400000 0.400000
191.756805 0.000000 1335.107788 0.000000 0.745241 0.000000 0.666795 0.400000 0.400000 0.400000
191.504272 0.000000 1358.032593 0.000000 0.376208 0.000000 0.926535 0.400000 0.400000 0.400000
165.435379 0.000000 1328.296021 0.000000 0.927923 0.000000 -0.372771 0.400000 0.400000 0.400000
149.544556 0.000000 1340.679077 0.000000 0.998234 0.000000 -0.059407 0.400000 0.400000 0.400000
163.947433 0.000000 1325.387939 0.000000 0.025925 0.000000 -0.999664 0.400000 0.400000 0.400000
212.942535 0.000000 1366.377563 0.000000 0.030615 0.000000 -0.999531 0.400000 0.400000 0.400000
237.970551 0.000000 1357.806152 0.000000 0.317696 0.000000 0.948193 0.400000 0.400000 0.400000
224.291183 0.000000 1327.262573 0.000000 0.067114 0.000000 -0.997745 0.400000 0.400000 0.400000
233.374649 0.000000 1341.790649 0.000000 0.780424 0.000000 0.625250 0.400000 0.400000 0.400000
192.275772 0.000000 1326.835571 0.000000 0.454854 0.000000 -0.890566 0.400000 0.400000 0.400000
228.964951 0.000000 1352.009644 0.000000 0.290965 0.000000 0.956734 0.400000 0.400000 0.400000
224.467163 0.000000 1337.541992 0.000000 0.999040 0.000000 0.043797 0.400000 0.400000 0.400000
232.800415 0.000000 1332.183472 0.000000 0.998975 0.000000 0.045258 0.400000 0.400000 0.400000
233.407425 0.000000 1366.358276 0.000000 0.978620 0.000000 -0.205679 0.400000 0.400000 0.400000
242.219574 0.000000 1366.817993 0.000000 0.942118 0.000000 -0.335282 0.400000 0.400000 0.400000
226.428558 0.000000 1344.729004 0.000000 0.077606 0.000000 -0.996984 0.400000 0.400000 0.400000
220.147202 0.000000 1367.489990 0.000000 0.935676 0.000000 0.352861 0.400000 0.400000 0.400000
231.248703 0.000000 1358.580200 0.000000 0.938152 0.000000 0.346223 0.400000 0.400000 0.400000
199.832504 0.000000 1353.765747 0.000000 0.155377 0.000000 0.987855 0.400000 0.400000 0.400000
232.394531 0.000000 1347.425781 0.000000 0.079536 0.000000 0.996832 0.400000 0.400000 0.400000
234.631882 0.000000 1353.250732 0.000000 0.147840 0.000000 -0.989011 0.400000 0.400000 0.400000
230.212570 0.000000 1337.090210 0.000000 0.977315 0.000000 -0.211792 0.400000 0.400000 0.400000
227.112915 0.000000 1332.472290 0.000000 0.505078 0.000000 -0.863074 0.400000 0.400000 0.400000
226.358673 0.000000 1356.853882 0.000000 0.795292 0.000000 0.606227 0.400000 0.400000 0.400000
198.426514 0.000000 1323.025391 0.000000 0.999436 0.000000 0.033574 0.400000 0.400000 0.400000
196.014587 0.000000 1357.027832 0.000000 0.025445 0.000000 -0.999676 0.400000 0.400000 0.400000
229.427582 0.000000 1328.296021 0.000000 0.944084 0.000000 0.329704 0.400000 0.400000 0.400000
222.111389 0.000000 1360.091309 0.000000 0.429241 0.000000 0.903190 0.400000 0.400000 0.400000
229.008514 0.000000 1341.181763 0.000000 0.258624 0.000000 -0.965978 0.400000 0.400000 0.400000
227.852478 0.000000 1359.997192 0.000000 0.007525 0.000000 0.999972 0.400000 0.400000 0.400000
128.353012 0.000000 1400.380859 0.000000 0.982651 0.000000 0.185463 0.400000 0.400000 0.400000
129.182114 0.000000 1416.973877 0.000000 0.836710 0.000000 0.547646 0.400000 0.400000 0.400000
130.920425 0.000000 1409.093750 0.000000 0.827900 0.000000 0.560875 0.400000 0.400000 0.400000
134.804626 0.000000 1413.785278 0.000000 0.999311 0.000000 0.037117 0.400000 0.400000 0.400000
132.022400 0.000000 1404.270020 0.000000 0.189874 0.000000 -0.981808 0.400000 0.400000 0.400000
135.298065 0.000000 1409.637939 0.000000 0.785059 0.000000 -0.619421 0.400000 0.400000 0.400000
212.942535 0.000000 1413.619751 0.000000 0.454050 0.000000 -0.890976 0.400000 0.400000 0.400000
246.886078 0.000000 1381.977051 0.000000 0.951139 0.000000 0.308764 0.400000 0.400000 0.400000
237.970551 0.000000 1405.048340 0.000000 0.522541 0.000000 0.852614 0.400000 0.400000 0.400000
219.147202 0.000000 1393.682739 0.000000 0.999739 0.000000 -0.022827 0.400000 0.400000 0.400000
233.374649 0.000000 1389.032837 0.000000 0.793206 0.000000 0.608954 0.400000 0.400000 0.400000
237.643982 0.000000 1370.896240 0.000000 0.549242 0.000000 -0.835663 0.400000 0.400000 0.400000
225.763290 0.000000 1410.025635 0.000000 0.992593 0.000000 -0.121486 0.400000 0.400000 0.400000
247.098724 0.000000 1395.120483 0.000000 0.924425 0.000000 0.381364 0.400000 0.400000 0.400000
212.235870 0.000000 1370.138306 0.000000 0.503891 0.000000 0.863767 0.400000 0.400000 0.400000
202.787994 0.000000 1406.910156 0.000000 0.720560 0.000000 0.693393 0.400000 0.400000 0.400000
215.252563 0.000000 1381.888916 0.000000 0.172051 0.000000 0.985088 0.400000 0.400000 0.400000
213.171417 0.000000 1402.898193 0.000000 0.394240 0.000000 -0.919007 0.400000 0.400000 0.400000
232.800415 0.000000 1379.425659 0.000000 0.569788 0.000000 -0.821792 0.400000 0.400000 0.400000
238.554581 0.000000 1396.283203 0.000000 0.142990 0.000000 -0.989724 0.400000 0.400000 0.400000
245.622711 0.000000 1373.294800 0.000000 0.514654 0.000000 -0.857398 0.400000 0.400000 0.400000
242.219574 0.000000 1414.060181 0.000000 0.955520 0.000000 0.294926 0.400000 0.400000 0.400000
226.428558 0.000000 1391.971191 0.000000 0.020027 0.000000 0.999799 0.400000 0.400000 0.400000
240.366791 0.000000 1378.502808 0.000000 0.861103 0.000000 -0.508431 0.400000 0.400000 0.400000
208.798279 0.000000 1376.248413 0.000000 0.820662 0.000000 0.571414 0.400000 0.400000 0.400000
211.806854 0.000000 1393.271973 0.000000 0.617722 0.000000 -0.786397 0.400000 0.400000 0.400000
231.248703 0.000000 1405.822388 0.000000 0.893244 0.000000 0.449572 0.400000 0.400000 0.400000
217.653961 0.000000 1408.544312 0.000000 0.546336 0.000000 -0.837566 0.400000 0.400000 0.400000
209.042496 0.000000 1408.385010 0.000000 0.581668 0.000000 0.813426 0.400000 0.400000 0.400000
237.157562 0.000000 1384.241333 0.000000 0.557409 0.000000 -0.830238 0.400000 0.400000 0.400000
234.631882 0.000000 1400.492920 0.000000 0.976490 0.000000 -0.215560 0.400000 0.400000 0.400000
217.331604 0.000000 1398.924927 0.000000 0.626287 0.000000 -0.779593 0.400000 0.400000 0.400000
209.513168 0.000000 1381.811157 0.000000 0.752148 0.000000 0.658994 0.400000 0.400000 0.400000
226.358673 0.000000 1404.096069 0.000000 0.504273 0.000000 -0.863544 0.400000 0.400000 0.400000
236.138168 0.000000 1375.740601 0.000000 0.739886 0.000000 -0.672732 0.400000 0.400000 0.400000
242.148224 0.000000 1383.003174 0.000000 0.115157 0.000000 -0.993347 0.400000 0.400000 0.400000
222.111389 0.000000 1407.333496 0.000000 0.432923 0.000000 -0.901431 0.400000 0.400000 0.400000
239.636368 0.000000 1400.163330 0.000000 0.794988 0.000000 -0.606625 0.400000 0.400000 0.400000
125.370148 0.000000 1417.468262 0.000000 0.774606 0.000000 -0.632444 0.400000 0.400000 0.400000
124.474243 0.000000 1425.157593 0.000000 0.942439 0.000000 0.334378 0.400000 0.400000 0.400000
127.764618 0.000000 1429.592163 0.000000 0.997583 0.000000 -0.069491 0.400000 0.400000 0.400000
123.048889 0.000000 1510.385742 0.000000 0.636441 0.000000 0.771325 0.400000 0.400000 0.400000
139.424591 0.000000 1427.966919 0.000000 0.890209 0.000000 -0.455552 0.400000 0.400000 0.400000
128.283569 0.000000 1421.319946 0.000000 0.974663 0.000000 0.223678 0.400000 0.400000 0.400000
129.263153 0.000000 1435.100464 0.000000 0.763754 0.000000 -0.645508 0.400000 0.400000 0.400000
139.426086 0.000000 1418.961304 0.000000 0.998175 0.000000 0.060391 0.400000 0.400000 0.400000
131.759537 0.000000 1428.244629 0.000000 0.227856 0.000000 0.973695 0.400000 0.400000 0.400000
134.434326 0.000000 1417.509766 0.000000 0.820351 0.000000 0.571860 0.400000 0.400000 0.400000
133.059631 0.000000 1432.516724 0.000000 0.090053 0.000000 0.995937 0.400000 0.400000 0.400000
128.283493 0.000000 1430.878784 0.000000 0.865177 0.000000 0.501466 0.400000 0.400000 0.400000
246.886078 0.000000 1429.219238 0.000000 0.975997 0.000000 0.217784 0.400000 0.400000 0.400000
251.033279 0.000000 1463.143555 0.000000 0.855297 0.000000 0.518138 0.400000 0.400000 0.400000
233.407425 0.000000 1460.842651 0.000000 0.995217 0.000000 0.097686 0.400000 0.400000 0.400000
245.622711 0.000000 1420.536987 0.000000 0.182348 0.000000 -0.983234 0.400000 0.400000 0.400000
254.459839 0.000000 1441.252075 0.000000 0.638278 0.000000 0.769806 0.400000 0.400000 0.400000
242.102539 0.000000 1417.421631 0.000000 0.988429 0.000000 0.151685 0.400000 0.400000 0.400000
187.041077 0.000000 1510.385742 0.000000 0.510329 0.000000 -0.859979 0.400000 0.400000 0.400000
188.916229 0.000000 1504.459839 0.000000 0.061732 0.000000 -0.998093 0.400000 0.400000 0.400000
191.504272 0.000000 1499.759155 0.000000 0.994885 0.000000 -0.101010 0.400000 0.400000 0.400000
203.416779 0.000000 1475.209106 0.000000 0.999807 0.000000 0.019637 0.400000 0.400000 0.400000
224.291183 0.000000 1468.989136 0.000000 0.673069 0.000000 -0.739579 0.400000 0.400000 0.400000
205.207504 0.000000 1489.351562 0.000000 0.993619 0.000000 -0.112788 0.400000 0.400000 0.400000
253.354523 0.000000 1464.710449 0.000000 0.615308 0.000000 0.788287 0.400000 0.400000 0.400000
237.643982 0.000000 1465.380615 0.000000 0.585095 0.000000 0.810965 0.400000 0.400000 0.400000
215.252563 0.000000 1476.373291 0.000000 0.357537 0.000000 0.933899 0.400000 0.400000 0.400000
232.800415 0.000000 1473.910034 0.000000 0.999285 0.000000 -0.037818 0.400000 0.400000 0.400000
208.576157 0.000000 1481.633179 0.000000 0.175953 0.000000 0.984399 0.400000 0.400000 0.400000
253.209747 0.000000 1482.105469 0.000000 0.721181 0.000000 -0.692747 0.400000 0.400000 0.400000
197.656845 0.000000 1489.318848 0.000000 0.316087 0.000000 -0.948730 0.400000 0.400000 0.400000
200.931931 0.000000 1482.221069 0.000000 0.744248 0.000000 -0.667903 0.400000 0.400000 0.400000
252.458618 0.000000 1472.399780 0.000000 0.827891 0.000000 0.560888 0.400000 0.400000 0.400000
217.744064 0.000000 1470.070190 0.000000 0.990347 0.000000 -0.138613 0.400000 0.400000 0.400000
230.688950 0.000000 1465.395264 0.000000 0.841552 0.000000 0.540177 0.400000 0.400000 0.400000
254.459839 0.000000 1488.494263 0.000000 0.999703 0.000000 0.024374 0.400000 0.400000 0.400000
255.749008 0.000000 1476.834351 0.000000 0.902257 0.000000 0.431199 0.400000 0.400000 0.400000
251.202271 0.000000 1477.706177 0.000000 0.925858 0.000000 -0.377872 0.400000 0.400000 0.400000
250.323608 0.000000 1468.147339 0.000000 0.643782 0.000000 0.765209 0.400000 0.400000 0.400000
221.305893 0.000000 1470.673584 0.000000 0.233330 0.000000 0.972398 0.400000 0.400000 0.400000
276.934723 0.000000 1508.104126 0.000000 0.206545 0.000000 0.978437 0.400000 0.400000 0.400000
267.408966 0.000000 1475.209106 0.000000 0.613916 0.000000 -0.789371 0.400000 0.400000 0.400000
256.337402 0.000000 1494.865234 0.000000 0.638759 0.000000 -0.769407 0.400000 0.400000 0.400000
256.267944 0.000000 1468.562134 0.000000 0.491354 0.000000 0.870960 0.400000 0.400000 0.400000
257.247528 0.000000 1482.342651 0.000000 0.412783 0.000000 0.910829 0.400000 0.400000 0.400000
258.904816 0.000000 1503.578125 0.000000 0.840304 0.000000 -0.542115 0.400000 0.400000 0.400000
269.150391 0.000000 1508.602905 0.000000 0.979056 0.000000 -0.203590 0.400000 0.400000 0.400000
259.743927 0.000000 1475.486816 0.000000 0.490132 0.000000 -0.871648 0.400000 0.400000 0.400000
275.799042 0.000000 1487.756348 0.000000 0.897439 0.000000 0.441140 0.400000 0.400000 0.400000
270.748016 0.000000 1495.780884 0.000000 0.975115 0.000000 0.221701 0.400000 0.400000 0.400000
262.789001 0.000000 1508.269653 0.000000 0.722910 0.000000 0.690942 0.400000 0.400000 0.400000
256.986115 0.000000 1487.429077 0.000000 0.999993 0.000000 -0.003851 0.400000 0.400000 0.400000
2841.424072 0.000000 241.773148 0.000000 0.784826 0.000000 -0.619716 0.400000 0.400000 0.400000
3006.124023 0.000000 260.197296 0.000000 0.914150 0.000000 0.405377 0.400000 0.400000 0.400000
118.901695 0.000000 1523.703613 0.000000 0.418091 0.000000 -0.908405 0.400000 0.400000 0.400000
109.986168 0.000000 1546.774902 0.000000 0.910661 0.000000 0.413155 0.400000 0.400000 0.400000
105.390259 0.000000 1530.759399 0.000000 0.972548 0.000000 0.232702 0.400000 0.400000 0.400000
125.370148 0.000000 1511.952637 0.000000 0.893064 0.000000 -0.449929 0.400000 0.400000 0.400000
119.114334 0.000000 1536.847046 0.000000 0.982211 0.000000 -0.187780 0.400000 0.400000 0.400000
105.423035 0.000000 1555.327026 0.000000 0.605935 0.000000 -0.795514 0.400000 0.400000 0.400000
114.235199 0.000000 1555.786743 0.000000 0.795791 0.000000 -0.605571 0.400000 0.400000 0.400000
113.850235 0.000000 1530.111816 0.000000 0.057988 0.000000 -0.998317 0.400000 0.400000 0.400000
115.514145 0.000000 1542.688477 0.000000 0.696777 0.000000 -0.717287 0.400000 0.400000 0.400000
126.475449 0.000000 1535.736450 0.000000 0.860219 0.000000 0.509924 0.400000 0.400000 0.400000
109.860733 0.000000 1552.270508 0.000000 0.556114 0.000000 0.831106 0.400000 0.400000 0.400000
127.764618 0.000000 1524.076538 0.000000 0.131282 0.000000 -0.991345 0.400000 0.400000 0.400000
123.217896 0.000000 1524.948364 0.000000 0.664465 0.000000 0.747320 0.400000 0.400000 0.400000
117.439491 0.000000 1527.447144 0.000000 0.370684 0.000000 0.928759 0.400000 0.400000 0.400000
109.659599 0.000000 1559.864990 0.000000 0.152937 0.000000 -0.988236 0.400000 0.400000 0.400000
129.263153 0.000000 1529.584839 0.000000 0.690016 0.000000 0.723794 0.400000 0.400000 0.400000
133.664658 0.000000 1536.561035 0.000000 0.968065 0.000000 0.250699 0.400000 0.400000 0.400000
136.939728 0.000000 1529.463257 0.000000 0.783041 0.000000 0.621970 0.400000 0.400000 0.400000
135.840317 0.000000 1542.734497 0.000000 0.998356 0.000000 0.057323 0.400000 0.400000 0.400000
129.001724 0.000000 1534.671265 0.000000 0.036050 0.000000 -0.999350 0.400000 0.400000 0.400000
128.283493 0.000000 1525.363159 0.000000 0.567377 0.000000 -0.823458 0.400000 0.400000 0.400000
224.291183 0.000000 1516.231323 0.000000 0.960325 0.000000 -0.278884 0.400000 0.400000 0.400000
233.374649 0.000000 1530.759399 0.000000 0.990340 0.000000 0.138662 0.400000 0.400000 0.400000
228.964951 0.000000 1540.978394 0.000000 0.462118 0.000000 -0.886818 0.400000 0.400000 0.400000
224.467163 0.000000 1526.510742 0.000000 0.182824 0.000000 0.983146 0.400000 0.400000 0.400000
238.554581 0.000000 1538.009766 0.000000 0.899422 0.000000 0.437081 0.400000 0.400000 0.400000
253.209747 0.000000 1529.347656 0.000000 0.996372 0.000000 -0.085099 0.400000 0.400000 0.400000
240.366791 0.000000 1520.229370 0.000000 0.386890 0.000000 -0.922126 0.400000 0.400000 0.400000
220.147202 0.000000 1556.458740 0.000000 0.921126 0.000000 -0.389265 0.400000 0.400000 0.400000
230.688950 0.000000 1512.637451 0.000000 0.014923 0.000000 -0.999889 0.400000 0.400000 0.400000
254.459839 0.000000 1535.736450 0.000000 0.998429 0.000000 0.056037 0.400000 0.400000 0.400000
227.112915 0.000000 1521.441040 0.000000 0.996612 0.000000 0.082250 0.400000 0.400000 0.400000
229.427582 0.000000 1517.264771 0.000000 0.646151 0.000000 -0.763209 0.400000 0.400000 0.400000
224.611420 0.000000 1542.427002 0.000000 0.584054 0.000000 -0.811715 0.400000 0.400000 0.400000
187.041077 0.000000 1604.870117 0.000000 0.895572 0.000000 -0.444917 0.400000 0.400000 0.400000
183.106537 0.000000 1584.089233 0.000000 0.968916 0.000000 0.247389 0.400000 0.400000 0.400000
168.808228 0.000000 1568.394409 0.000000 0.049690 0.000000 0.998765 0.400000 0.400000 0.400000
190.467636 0.000000 1582.978638 0.000000 0.321788 0.000000 -0.946812 0.400000 0.400000 0.400000
173.165375 0.000000 1573.210083 0.000000 0.772271 0.000000 -0.635293 0.400000 0.400000 0.400000
166.220367 0.000000 1573.301147 0.000000 0.999992 0.000000 0.003970 0.400000 0.400000 0.400000
190.064072 0.000000 1602.575684 0.000000 0.935640 0.000000 -0.352956 0.400000 0.400000 0.400000
212.942535 0.000000 1602.588501 0.000000 0.314985 0.000000 -0.949097 0.400000 0.400000 0.400000
224.291183 0.000000 1563.473511 0.000000 0.558950 0.000000 0.829201 0.400000 0.400000 0.400000
193.174301 0.000000 1605.942627 0.000000 0.936850 0.000000 -0.349732 0.400000 0.400000 0.400000
193.255356 0.000000 1576.827026 0.000000 0.919338 0.000000 -0.393469 0.400000 0.400000 0.400000
202.787994 0.000000 1595.878906 0.000000 0.985092 0.000000 -0.172029 0.400000 0.400000 0.400000
215.252563 0.000000 1570.857666 0.000000 0.961949 0.000000 0.273230 0.400000 0.400000 0.400000
232.800415 0.000000 1568.394409 0.000000 0.391089 0.000000 0.920353 0.400000 0.400000 0.400000
208.576157 0.000000 1576.117554 0.000000 0.259758 0.000000 0.965674 0.400000 0.400000 0.400000
194.912613 0.000000 1598.062500 0.000000 0.851326 0.000000 0.524637 0.400000 0.400000 0.400000
240.366791 0.000000 1567.471558 0.000000 0.973770 0.000000 0.227534 0.400000 0.400000 0.400000
252.760513 0.000000 1589.480835 0.000000 0.941420 0.000000 0.337236 0.400000 0.400000 0.400000
217.744064 0.000000 1564.554565 0.000000 0.611006 0.000000 -0.791626 0.400000 0.400000 0.400000
237.157562 0.000000 1573.210083 0.000000 0.411698 0.000000 0.911320 0.400000 0.400000 0.400000
220.244370 0.000000 1559.112305 0.000000 0.902140 0.000000 -0.431443 0.400000 0.400000 0.400000
247.667938 0.000000 1566.392578 0.000000 0.411918 0.000000 0.911221 0.400000 0.400000 0.400000
191.979584 0.000000 1601.361328 0.000000 0.043147 0.000000 -0.999069 0.400000 0.400000 0.400000
220.228653 0.000000 1572.673706 0.000000 0.859657 0.000000 0.510872 0.400000 0.400000 0.400000
238.479523 0.000000 1604.282227 0.000000 0.847940 0.000000 0.530092 0.400000 0.400000 0.400000
212.227280 0.000000 1573.400269 0.000000 0.267544 0.000000 0.963546 0.400000 0.400000 0.400000
199.593079 0.000000 1594.062134 0.000000 0.930173 0.000000 0.367120 0.400000 0.400000 0.400000
215.639877 0.000000 1574.231689 0.000000 0.701438 0.000000 0.712730 0.400000 0.400000 0.400000
119.114334 0.000000 1631.331421 0.000000 0.976104 0.000000 0.217304 0.400000 0.400000 0.400000
110.570190 0.000000 1632.494141 0.000000 0.675271 0.000000 0.737570 0.400000 0.400000 0.400000
124.776131 0.000000 1636.723022 0.000000 0.286097 0.000000 -0.958201 0.400000 0.400000 0.400000
122.745911 0.000000 1628.119019 0.000000 0.973701 0.000000 -0.227829 0.400000 0.400000 0.400000
59.056698 0.000000 1699.354492 0.000000 0.968595 0.000000 -0.248642 0.400000 0.400000 0.400000
66.928230 0.000000 1692.546875 0.000000 0.986708 0.000000 -0.162503 0.400000 0.400000 0.400000
70.812439 0.000000 1697.238403 0.000000 0.883460 0.000000 -0.468507 0.400000 0.400000 0.400000
128.353012 0.000000 1636.591797 0.000000 0.996468 0.000000 -0.083978 0.400000 0.400000 0.400000
189.362335 0.000000 1606.437012 0.000000 0.984670 0.000000 -0.174428 0.400000 0.400000 0.400000
168.808228 0.000000 1615.636597 0.000000 0.161183 0.000000 -0.986924 0.400000 0.400000 0.400000
141.166000 0.000000 1650.329468 0.000000 0.083945 0.000000 -0.996470 0.400000 0.400000 0.400000
173.165375 0.000000 1620.452271 0.000000 0.264424 0.000000 -0.964407 0.400000 0.400000 0.400000
186.331406 0.000000 1609.873901 0.000000 0.109320 0.000000 -0.994007 0.400000 0.400000 0.400000
219.147202 0.000000 1629.893677 0.000000 0.999818 0.000000 -0.019060 0.400000 0.400000 0.400000
237.643982 0.000000 1607.107178 0.000000 0.978617 0.000000 0.205692 0.400000 0.400000 0.400000
212.235870 0.000000 1606.349243 0.000000 0.899180 0.000000 -0.437579 0.400000 0.400000 0.400000
215.252563 0.000000 1618.099854 0.000000 0.224362 0.000000 -0.974506 0.400000 0.400000 0.400000
224.467163 0.000000 1620.995117 0.000000 0.576999 0.000000 0.816745 0.400000 0.400000 0.400000
217.744064 0.000000 1611.796753 0.000000 0.495143 0.000000 0.868811 0.400000 0.400000 0.400000
218.190979 0.000000 1623.641724 0.000000 0.997990 0.000000 0.063376 0.400000 0.400000 0.400000
216.376099 0.000000 1608.010986 0.000000 0.721166 0.000000 -0.692762 0.400000 0.400000 0.400000
139.424591 0.000000 1664.177856 0.000000 0.048701 0.000000 0.998813 0.400000 0.400000 0.400000
155.154999 0.000000 1677.135864 0.000000 0.978423 0.000000 -0.206610 0.400000 0.400000 0.400000
129.182114 0.000000 1700.427002 0.000000 0.979683 0.000000 0.200553 0.400000 0.400000 0.400000
139.426086 0.000000 1655.172241 0.000000 0.592245 0.000000 0.805758 0.400000 0.400000 0.400000
144.583954 0.000000 1670.601929 0.000000 0.999968 0.000000 -0.007989 0.400000 0.400000 0.400000
157.221085 0.000000 1686.304321 0.000000 0.132497 0.000000 0.991183 0.400000 0.400000 0.400000
154.198776 0.000000 1670.883911 0.000000 0.472505 0.000000 -0.881328 0.400000 0.400000 0.400000
170.639694 0.000000 1683.946045 0.000000 0.593371 0.000000 -0.804929 0.400000 0.400000 0.400000
143.958038 0.000000 1655.203857 0.000000 0.218911 0.000000 -0.975745 0.400000 0.400000 0.400000
267.408966 0.000000 1522.451294 0.000000 0.850542 0.000000 0.525907 0.400000 0.400000 0.400000
283.139374 0.000000 1535.409302 0.000000 0.380031 0.000000 -0.924974 0.400000 0.400000 0.400000
315.025452 0.000000 1557.627930 0.000000 0.562194 0.000000 0.827006 0.400000 0.400000 0.400000
269.199677 0.000000 1536.593750 0.000000 0.037374 0.000000 0.999301 0.400000 0.400000 0.400000
276.228058 0.000000 1511.864868 0.000000 0.872524 0.000000 0.488572 0.400000 0.400000 0.400000
257.247528 0.000000 1529.584839 0.000000 0.121639 0.000000 0.992574 0.400000 0.400000 0.400000
279.244751 0.000000 1523.615479 0.000000 0.363876 0.000000 0.931448 0.400000 0.400000 0.400000
292.957123 0.000000 1540.978394 0.000000 0.504480 0.000000 0.863423 0.400000 0.400000 0.400000
261.649048 0.000000 1536.561035 0.000000 0.598694 0.000000 -0.800978 0.400000 0.400000 0.400000
290.420746 0.000000 1533.697754 0.000000 0.932611 0.000000 -0.360884 0.400000 0.400000 0.400000
259.743927 0.000000 1522.729004 0.000000 0.708711 0.000000 0.705499 0.400000 0.400000 0.400000
264.924133 0.000000 1529.463257 0.000000 0.239585 0.000000 -0.970875 0.400000 0.400000 0.400000
272.790466 0.000000 1517.974976 0.000000 0.491590 0.000000 0.870827 0.400000 0.400000 0.400000
275.799042 0.000000 1534.998535 0.000000 0.538224 0.000000 -0.842802 0.400000 0.400000 0.400000
282.183167 0.000000 1529.157349 0.000000 0.778538 0.000000 -0.627598 0.400000 0.400000 0.400000
262.514099 0.000000 1517.281250 0.000000 0.454975 0.000000 -0.890504 0.400000 0.400000 0.400000
298.624084 0.000000 1542.219482 0.000000 0.083722 0.000000 -0.996489 0.400000 0.400000 0.400000
287.712646 0.000000 1538.531860 0.000000 0.100973 0.000000 0.994889 0.400000 0.400000 0.400000
281.323792 0.000000 1540.651489 0.000000 0.129588 0.000000 -0.991568 0.400000 0.400000 0.400000
262.418701 0.000000 1511.994141 0.000000 0.928966 0.000000 0.370164 0.400000 0.400000 0.400000
256.986115 0.000000 1534.671265 0.000000 0.841462 0.000000 -0.540316 0.400000 0.400000 0.400000
286.266296 0.000000 1531.435791 0.000000 0.513138 0.000000 0.858306 0.400000 0.400000 0.400000
268.814423 0.000000 1531.750000 0.000000 0.918767 0.000000 -0.394801 0.400000 0.400000 0.400000
271.942413 0.000000 1513.477295 0.000000 0.635000 0.000000 0.772513 0.400000 0.400000 0.400000
268.010193 0.000000 1518.054565 0.000000 0.963121 0.000000 0.269068 0.400000 0.400000 0.400000
265.168396 0.000000 1534.226196 0.000000 0.981239 0.000000 0.192798 0.400000 0.400000 0.400000
270.764832 0.000000 1521.036255 0.000000 0.740627 0.000000 0.671916 0.400000 0.400000 0.400000
279.632080 0.000000 1526.989502 0.000000 0.874730 0.000000 0.484611 0.400000 0.400000 0.400000
285.810760 0.000000 1528.344971 0.000000 0.724355 0.000000 0.689427 0.400000 0.400000 0.400000
321.158691 0.000000 1558.700439 0.000000 0.872412 0.000000 -0.488770 0.400000 0.400000 0.400000
276.934723 0.000000 1602.588501 0.000000 0.996168 0.000000 -0.087461 0.400000 0.400000 0.400000
301.962738 0.000000 1594.017090 0.000000 0.999751 0.000000 0.022329 0.400000 0.400000 0.400000
269.199677 0.000000 1583.835938 0.000000 0.919557 0.000000 0.392956 0.400000 0.400000 0.400000
317.346710 0.000000 1559.194824 0.000000 0.603390 0.000000 -0.797446 0.400000 0.400000 0.400000
301.636169 0.000000 1559.864990 0.000000 0.941580 0.000000 -0.336789 0.400000 0.400000 0.400000
289.755493 0.000000 1598.994385 0.000000 0.613113 0.000000 -0.789995 0.400000 0.400000 0.400000
266.780182 0.000000 1595.878906 0.000000 0.953507 0.000000 -0.301370 0.400000 0.400000 0.400000
261.649048 0.000000 1583.803223 0.000000 0.355678 0.000000 -0.934608 0.400000 0.400000 0.400000
284.139404 0.000000 1603.700928 0.000000 0.910361 0.000000 0.413815 0.400000 0.400000 0.400000
281.646149 0.000000 1597.513062 0.000000 0.279259 0.000000 -0.960216 0.400000 0.400000 0.400000
263.824707 0.000000 1589.976685 0.000000 0.938287 0.000000 0.345857 0.400000 0.400000 0.400000
262.789001 0.000000 1602.754028 0.000000 0.997241 0.000000 0.074229 0.400000 0.400000 0.400000
289.904785 0.000000 1604.480591 0.000000 0.955835 0.000000 0.293905 0.400000 0.400000 0.400000
301.837311 0.000000 1599.512695 0.000000 0.415105 0.000000 0.909773 0.400000 0.400000 0.400000
275.179260 0.000000 1587.194946 0.000000 0.244906 0.000000 0.969547 0.400000 0.400000 0.400000
260.006775 0.000000 1593.238770 0.000000 0.780375 0.000000 -0.625312 0.400000 0.400000 0.400000
261.186920 0.000000 1579.344727 0.000000 0.999763 0.000000 -0.021786 0.400000 0.400000 0.400000
265.168396 0.000000 1581.468384 0.000000 0.628213 0.000000 -0.778042 0.400000 0.400000 0.400000
265.321564 0.000000 1585.939209 0.000000 0.515818 0.000000 -0.856698 0.400000 0.400000 0.400000
280.190155 0.000000 1605.177246 0.000000 0.577907 0.000000 0.816103 0.400000 0.400000 0.400000
265.761383 0.000000 1604.731689 0.000000 0.109490 0.000000 0.993988 0.400000 0.400000 0.400000
286.908142 0.000000 1604.981689 0.000000 0.911463 0.000000 -0.411383 0.400000 0.400000 0.400000
340.926910 0.000000 1602.588501 0.000000 0.912456 0.000000 -0.409174 0.400000 0.400000 0.400000
331.401184 0.000000 1569.693481 0.000000 0.873425 0.000000 -0.486958 0.400000 0.400000 0.400000
353.747681 0.000000 1598.994385 0.000000 0.661097 0.000000 -0.750301 0.400000 0.400000 0.400000
320.260162 0.000000 1563.046509 0.000000 0.985982 0.000000 -0.166851 0.400000 0.400000 0.400000
330.772400 0.000000 1595.878906 0.000000 0.997039 0.000000 0.076900 0.400000 0.400000 0.400000
343.236938 0.000000 1570.857666 0.000000 0.919975 0.000000 -0.391976 0.400000 0.400000 0.400000
341.155823 0.000000 1591.866943 0.000000 0.971958 0.000000 0.235156 0.400000 0.400000 0.400000
361.391815 0.000000 1602.569214 0.000000 0.565062 0.000000 -0.825048 0.400000 0.400000 0.400000
348.131592 0.000000 1603.700928 0.000000 0.606481 0.000000 0.795098 0.400000 0.400000 0.400000
339.791260 0.000000 1582.240723 0.000000 0.837331 0.000000 0.546697 0.400000 0.400000 0.400000
337.026886 0.000000 1597.353760 0.000000 0.740821 0.000000 0.671703 0.400000 0.400000 0.400000
353.896973 0.000000 1604.480591 0.000000 0.489838 0.000000 0.871814 0.400000 0.400000 0.400000
332.806641 0.000000 1578.992188 0.000000 0.958151 0.000000 -0.286265 0.400000 0.400000 0.400000
358.188721 0.000000 1599.444214 0.000000 0.566746 0.000000 0.823892 0.400000 0.400000 0.400000
332.380524 0.000000 1573.922607 0.000000 0.281505 0.000000 0.959560 0.400000 0.400000 0.400000
341.335297 0.000000 1597.065430 0.000000 0.880181 0.000000 -0.474638 0.400000 0.400000 0.400000
337.067963 0.000000 1601.453979 0.000000 0.448493 0.000000 -0.893786 0.400000 0.400000 0.400000
357.795715 0.000000 1604.175781 0.000000 0.378530 0.000000 0.925589 0.400000 0.400000 0.400000
355.836884 0.000000 1596.208130 0.000000 0.706849 0.000000 0.707365 0.400000 0.400000 0.400000
352.829132 0.000000 1601.745239 0.000000 0.939147 0.000000 -0.343516 0.400000 0.400000 0.400000
267.408966 0.000000 1616.935669 0.000000 0.332549 0.000000 0.943086 0.400000 0.400000 0.400000
288.283356 0.000000 1610.715698 0.000000 0.293897 0.000000 0.955837 0.400000 0.400000 0.400000
276.228058 0.000000 1606.349243 0.000000 0.209046 0.000000 0.977906 0.400000 0.400000 0.400000
279.244751 0.000000 1618.099854 0.000000 0.359986 0.000000 0.932958 0.400000 0.400000 0.400000
296.792603 0.000000 1615.636597 0.000000 0.516218 0.000000 -0.856457 0.400000 0.400000 0.400000
267.410461 0.000000 1607.930054 0.000000 0.406262 0.000000 0.913756 0.400000 0.400000 0.400000
272.790466 0.000000 1612.459351 0.000000 0.626510 0.000000 0.779413 0.400000 0.400000 0.400000
281.736267 0.000000 1611.796753 0.000000 0.590073 0.000000 0.807350 0.400000 0.400000 0.400000
282.183167 0.000000 1623.641724 0.000000 0.948168 0.000000 -0.317769 0.400000 0.400000 0.400000
284.236572 0.000000 1606.354492 0.000000 0.357475 0.000000 0.933923 0.400000 0.400000 0.400000
291.105103 0.000000 1615.925415 0.000000 0.879157 0.000000 0.476532 0.400000 0.400000 0.400000
293.419769 0.000000 1611.749146 0.000000 0.382467 0.000000 -0.923969 0.400000 0.400000 0.400000
277.299072 0.000000 1613.892334 0.000000 0.364731 0.000000 0.931113 0.400000 0.400000 0.400000
289.723846 0.000000 1606.515137 0.000000 0.974603 0.000000 -0.223939 0.400000 0.400000 0.400000
280.368286 0.000000 1608.010986 0.000000 0.466541 0.000000 0.884499 0.400000 0.400000 0.400000
276.404968 0.000000 1610.119629 0.000000 0.106851 0.000000 0.994275 0.400000 0.400000 0.400000
281.741821 0.000000 1615.418457 0.000000 0.387857 0.000000 0.921719 0.400000 0.400000 0.400000
264.427307 0.000000 1614.772339 0.000000 0.841607 0.000000 0.540091 0.400000 0.400000 0.400000
352.275574 0.000000 1610.715698 0.000000 0.133284 0.000000 -0.991078 0.400000 0.400000 0.400000
379.017670 0.000000 1652.112305 0.000000 0.863862 0.000000 -0.503729 0.400000 0.400000 0.400000
360.784790 0.000000 1615.636597 0.000000 0.747778 0.000000 0.663949 0.400000 0.400000 0.400000
331.402679 0.000000 1607.930054 0.000000 0.431789 0.000000 0.901975 0.400000 0.400000 0.400000
361.391815 0.000000 1649.811401 0.000000 0.550513 0.000000 0.834827 0.400000 0.400000 0.400000
381.194122 0.000000 1623.832031 0.000000 0.307968 0.000000 -0.951397 0.400000 0.400000 0.400000
348.131592 0.000000 1650.943115 0.000000 0.993993 0.000000 -0.109440 0.400000 0.400000 0.400000
383.733398 0.000000 1618.560913 0.000000 0.771760 0.000000 0.635914 0.400000 0.400000 0.400000
353.716034 0.000000 1606.515137 0.000000 0.924775 0.000000 0.380515 0.400000 0.400000 0.400000
341.335297 0.000000 1644.307617 0.000000 0.202523 0.000000 0.979277 0.400000 0.400000 0.400000
344.182343 0.000000 1652.419434 0.000000 0.036072 0.000000 0.999349 0.400000 0.400000 0.400000
374.870483 0.000000 1665.430176 0.000000 0.406802 0.000000 -0.913516 0.400000 0.400000 0.400000
331.401184 0.000000 1664.177856 0.000000 0.655908 0.000000 0.754841 0.400000 0.400000 0.400000
347.131592 0.000000 1677.135864 0.000000 0.996139 0.000000 0.087789 0.400000 0.400000 0.400000
365.628387 0.000000 1654.349365 0.000000 0.488334 0.000000 0.872657 0.400000 0.400000 0.400000
353.747681 0.000000 1693.478760 0.000000 0.667280 0.000000 0.744807 0.400000 0.400000 0.400000
375.083130 0.000000 1678.573608 0.000000 0.626955 0.000000 0.779055 0.400000 0.400000 0.400000
340.220245 0.000000 1653.591431 0.000000 0.936626 0.000000 0.350331 0.400000 0.400000 0.400000
343.236938 0.000000 1665.342041 0.000000 0.552384 0.000000 0.833590 0.400000 0.400000 0.400000
356.949341 0.000000 1682.704956 0.000000 0.323919 0.000000 -0.946085 0.400000 0.400000 0.400000
352.451538 0.000000 1668.237305 0.000000 0.272328 0.000000 -0.962204 0.400000 0.400000 0.400000
366.538971 0.000000 1679.736328 0.000000 0.972540 0.000000 -0.232737 0.400000 0.400000 0.400000
361.391815 0.000000 1697.053589 0.000000 0.989951 0.000000 0.141409 0.400000 0.400000 0.400000
336.560547 0.000000 1670.601929 0.000000 0.443721 0.000000 -0.896165 0.400000 0.400000 0.400000
354.412964 0.000000 1675.424316 0.000000 0.266102 0.000000 0.963945 0.400000 0.400000 0.400000
368.351166 0.000000 1661.955933 0.000000 0.997756 0.000000 0.066955 0.400000 0.400000 0.400000
380.443024 0.000000 1661.368530 0.000000 0.441130 0.000000 0.897443 0.400000 0.400000 0.400000
339.791260 0.000000 1676.725098 0.000000 0.894970 0.000000 -0.446126 0.400000 0.400000 0.400000
359.233093 0.000000 1689.275513 0.000000 0.972749 0.000000 0.231859 0.400000 0.400000 0.400000
345.728455 0.000000 1659.038940 0.000000 0.136417 0.000000 0.990652 0.400000 0.400000 0.400000
358.673340 0.000000 1654.364014 0.000000 0.549357 0.000000 0.835588 0.400000 0.400000 0.400000
348.228760 0.000000 1653.596680 0.000000 0.445836 0.000000 0.895114 0.400000 0.400000 0.400000
351.704865 0.000000 1680.258423 0.000000 0.959920 0.000000 -0.280273 0.400000 0.400000 0.400000
383.733398 0.000000 1665.803101 0.000000 0.837714 0.000000 0.546109 0.400000 0.400000 0.400000
354.343079 0.000000 1687.549194 0.000000 0.994297 0.000000 0.106645 0.400000 0.400000 0.400000
364.122559 0.000000 1659.193726 0.000000 0.109820 0.000000 0.993951 0.400000 0.400000 0.400000
341.521118 0.000000 1671.374390 0.000000 0.640161 0.000000 -0.768241 0.400000 0.400000 0.400000
358.188721 0.000000 1693.928589 0.000000 0.238214 0.000000 0.971213 0.400000 0.400000 0.400000
332.380524 0.000000 1668.406982 0.000000 0.834374 0.000000 -0.551198 0.400000 0.400000 0.400000
361.936340 0.000000 1692.584229 0.000000 0.999551 0.000000 0.029954 0.400000 0.400000 0.400000
420.941528 0.000000 1635.462769 0.000000 0.998825 0.000000 0.048458 0.400000 0.400000 0.400000
397.134766 0.000000 1650.329468 0.000000 0.875579 0.000000 0.483075 0.400000 0.400000 0.400000
387.728302 0.000000 1617.213379 0.000000 0.975281 0.000000 0.220966 0.400000 0.400000 0.400000
423.225281 0.000000 1642.033325 0.000000 0.815681 0.000000 -0.578502 0.400000 0.400000 0.400000
426.608459 0.000000 1636.703857 0.000000 0.124896 0.000000 -0.992170 0.400000 0.400000 0.400000
384.252258 0.000000 1619.847534 0.000000 0.874941 0.000000 -0.484230 0.400000 0.400000 0.400000
395.393372 0.000000 1664.177856 0.000000 0.892515 0.000000 -0.451017 0.400000 0.400000 0.400000
416.267761 0.000000 1657.957886 0.000000 0.778728 0.000000 0.627361 0.400000 0.400000 0.400000
411.123779 0.000000 1677.135864 0.000000 0.050463 0.000000 0.998726 0.400000 0.400000 0.400000
404.212433 0.000000 1653.591431 0.000000 0.772046 0.000000 -0.635566 0.400000 0.400000 0.400000
405.148010 0.000000 1686.351318 0.000000 0.719215 0.000000 0.694788 0.400000 0.400000 0.400000
416.443726 0.000000 1668.237305 0.000000 0.992710 0.000000 0.120527 0.400000 0.400000 0.400000
424.776978 0.000000 1662.878784 0.000000 0.328353 0.000000 -0.944555 0.400000 0.400000 0.400000
400.552734 0.000000 1670.601929 0.000000 0.974113 0.000000 0.226063 0.400000 0.400000 0.400000
433.811188 0.000000 1671.838379 0.000000 0.741196 0.000000 0.671289 0.400000 0.400000 0.400000
400.774841 0.000000 1659.701538 0.000000 0.093355 0.000000 0.995633 0.400000 0.400000 0.400000
403.783447 0.000000 1676.725098 0.000000 0.576731 0.000000 0.816934 0.400000 0.400000 0.400000
409.720642 0.000000 1659.038940 0.000000 0.794220 0.000000 -0.607630 0.400000 0.400000 0.400000
429.134155 0.000000 1667.694458 0.000000 0.995914 0.000000 -0.090303 0.400000 0.400000 0.400000
439.494354 0.000000 1672.479492 0.000000 0.138555 0.000000 0.990355 0.400000 0.400000 0.400000
413.628815 0.000000 1663.316040 0.000000 0.959647 0.000000 0.281206 0.400000 0.400000 0.400000
409.308167 0.000000 1682.378052 0.000000 0.978766 0.000000 0.204979 0.400000 0.400000 0.400000
422.189148 0.000000 1667.785522 0.000000 0.849964 0.000000 -0.526841 0.400000 0.400000 0.400000
419.089478 0.000000 1663.167603 0.000000 0.467591 0.000000 0.883945 0.400000 0.400000 0.400000
399.926819 0.000000 1655.203857 0.000000 0.657946 0.000000 -0.753065 0.400000 0.400000 0.400000
412.205231 0.000000 1667.158081 0.000000 0.132014 0.000000 -0.991248 0.400000 0.400000 0.400000
400.293243 0.000000 1675.111328 0.000000 0.692384 0.000000 0.721529 0.400000 0.400000 0.400000
421.985809 0.000000 1664.500488 0.000000 0.734608 0.000000 0.678492 0.400000 0.400000 0.400000
54.909504 0.000000 1712.672363 0.000000 0.979945 0.000000 -0.199269 0.400000 0.400000 0.400000
61.377953 0.000000 1700.921387 0.000000 0.486138 0.000000 -0.873882 0.400000 0.400000 0.400000
60.482048 0.000000 1708.610718 0.000000 0.624344 0.000000 -0.781150 0.400000 0.400000 0.400000
55.691364 0.000000 1708.119141 0.000000 0.235172 0.000000 -0.971954 0.400000 0.400000 0.400000
58.347023 0.000000 1704.358276 0.000000 0.174886 0.000000 -0.984589 0.400000 0.400000 0.400000
84.958145 0.000000 1744.315063 0.000000 0.960836 0.000000 -0.277119 0.400000 0.400000 0.400000
75.432388 0.000000 1711.420044 0.000000 0.818520 0.000000 -0.574478 0.400000 0.400000 0.400000
77.223114 0.000000 1725.562500 0.000000 0.984291 0.000000 0.176555 0.400000 0.400000 0.400000
74.803612 0.000000 1737.605469 0.000000 0.741390 0.000000 0.671074 0.400000 0.400000 0.400000
75.433899 0.000000 1702.414429 0.000000 0.990169 0.000000 0.139876 0.400000 0.400000 0.400000
105.423035 0.000000 1744.295776 0.000000 0.262108 0.000000 0.965039 0.400000 0.400000 0.400000
66.928230 0.000000 1739.789062 0.000000 0.234985 0.000000 -0.971999 0.400000 0.400000 0.400000
69.672462 0.000000 1725.529785 0.000000 0.547163 0.000000 -0.837026 0.400000 0.400000 0.400000
77.173805 0.000000 1744.813843 0.000000 0.946035 0.000000 -0.324066 0.400000 0.400000 0.400000
67.767342 0.000000 1711.697754 0.000000 0.185099 0.000000 0.982720 0.400000 0.400000 0.400000
72.947540 0.000000 1718.432007 0.000000 0.935751 0.000000 -0.352661 0.400000 0.400000 0.400000
92.162819 0.000000 1745.427490 0.000000 0.988453 0.000000 -0.151525 0.400000 0.400000 0.400000
124.776131 0.000000 1731.207397 0.000000 0.758008 0.000000 -0.652245 0.400000 0.400000 0.400000
71.848122 0.000000 1731.703247 0.000000 0.090792 0.000000 0.995870 0.400000 0.400000 0.400000
126.475449 0.000000 1724.705200 0.000000 0.196806 0.000000 -0.980442 0.400000 0.400000 0.400000
81.058105 0.000000 1739.080322 0.000000 0.688734 0.000000 0.725014 0.400000 0.400000 0.400000
70.812439 0.000000 1744.480591 0.000000 0.739622 0.000000 -0.673022 0.400000 0.400000 0.400000
70.537521 0.000000 1706.250000 0.000000 0.106003 0.000000 -0.994366 0.400000 0.400000 0.400000
95.736076 0.000000 1727.500610 0.000000 0.922849 0.000000 -0.385161 0.400000 0.400000 0.400000
68.030212 0.000000 1734.965332 0.000000 0.947999 0.000000 0.318272 0.400000 0.400000 0.400000
68.215752 0.000000 1729.452271 0.000000 0.041725 0.000000 -0.999129 0.400000 0.400000 0.400000
99.484467 0.000000 1726.379517 0.000000 0.571634 0.000000 -0.820509 0.400000 0.400000 0.400000
75.237648 0.000000 1733.869751 0.000000 0.852245 0.000000 0.523143 0.400000 0.400000 0.400000
75.432388 0.000000 1758.662231 0.000000 0.773988 0.000000 -0.633201 0.400000 0.400000 0.400000
96.306793 0.000000 1752.442261 0.000000 0.683399 0.000000 0.730045 0.400000 0.400000 0.400000
84.251480 0.000000 1748.075806 0.000000 0.971593 0.000000 0.236658 0.400000 0.400000 0.400000
87.268173 0.000000 1759.826416 0.000000 0.610990 0.000000 -0.791638 0.400000 0.400000 0.400000
104.816025 0.000000 1757.363159 0.000000 0.513874 0.000000 -0.857866 0.400000 0.400000 0.400000
125.225357 0.000000 1765.558594 0.000000 0.993708 0.000000 0.112006 0.400000 0.400000 0.400000
102.704559 0.000000 1748.848389 0.000000 0.439370 0.000000 0.898306 0.400000 0.400000 0.400000
126.475449 0.000000 1771.947388 0.000000 0.490525 0.000000 -0.871427 0.400000 0.400000 0.400000
92.259987 0.000000 1748.081055 0.000000 0.518066 0.000000 0.855341 0.400000 0.400000 0.400000
119.533386 0.000000 1766.963867 0.000000 0.035328 0.000000 -0.999376 0.400000 0.400000 0.400000
79.965851 0.000000 1749.688232 0.000000 0.832672 0.000000 -0.553767 0.400000 0.400000 0.400000
148.950333 0.000000 1744.315063 0.000000 0.612582 0.000000 -0.790407 0.400000 0.400000 0.400000
128.353012 0.000000 1731.076172 0.000000 0.554526 0.000000 0.832166 0.400000 0.400000 0.400000
129.182114 0.000000 1747.669189 0.000000 0.731932 0.000000 0.681378 0.400000 0.400000 0.400000
128.283569 0.000000 1704.773071 0.000000 0.993831 0.000000 -0.110907 0.400000 0.400000 0.400000
129.263153 0.000000 1718.553589 0.000000 0.554194 0.000000 -0.832388 0.400000 0.400000 0.400000
164.972748 0.000000 1729.947144 0.000000 0.730545 0.000000 -0.682865 0.400000 0.400000 0.400000
149.179230 0.000000 1733.593506 0.000000 0.971323 0.000000 0.237762 0.400000 0.400000 0.400000
141.166000 0.000000 1744.813843 0.000000 0.999978 0.000000 0.006696 0.400000 0.400000 0.400000
131.759537 0.000000 1711.697754 0.000000 0.928496 0.000000 0.371343 0.400000 0.400000 0.400000
153.661774 0.000000 1739.239624 0.000000 0.641944 0.000000 0.766752 0.400000 0.400000 0.400000
142.763626 0.000000 1731.991821 0.000000 0.791408 0.000000 -0.611288 0.400000 0.400000 0.400000
145.050293 0.000000 1739.080322 0.000000 0.445277 0.000000 -0.895393 0.400000 0.400000 0.400000
129.001724 0.000000 1723.640015 0.000000 0.464597 0.000000 -0.885522 0.400000 0.400000 0.400000
133.059631 0.000000 1715.969849 0.000000 0.548863 0.000000 -0.835912 0.400000 0.400000 0.400000
133.202530 0.000000 1721.071289 0.000000 0.334117 0.000000 -0.942532 0.400000 0.400000 0.400000
149.358719 0.000000 1738.791992 0.000000 0.914648 0.000000 -0.404251 0.400000 0.400000 0.400000
160.619232 0.000000 1731.395752 0.000000 0.958170 0.000000 0.286200 0.400000 0.400000 0.400000
237.970551 0.000000 1735.743652 0.000000 0.376202 0.000000 -0.926538 0.400000 0.400000 0.400000
239.636368 0.000000 1730.858643 0.000000 0.931640 0.000000 -0.363382 0.400000 0.400000 0.400000
148.950333 0.000000 1791.557251 0.000000 0.000904 0.000000 1.000000 0.400000 0.400000 0.400000
169.382446 0.000000 1766.970337 0.000000 0.965899 0.000000 -0.258920 0.400000 0.400000 0.400000
148.243668 0.000000 1748.075806 0.000000 0.044753 0.000000 -0.998998 0.400000 0.400000 0.400000
129.263153 0.000000 1765.795776 0.000000 0.193892 0.000000 0.981023 0.400000 0.400000 0.400000
145.050293 0.000000 1786.322510 0.000000 0.052820 0.000000 0.998604 0.400000 0.400000 0.400000
134.529709 0.000000 1753.492188 0.000000 0.794422 0.000000 0.607367 0.400000 0.400000 0.400000
168.402328 0.000000 1772.605469 0.000000 0.354669 0.000000 -0.934992 0.400000 0.400000 0.400000
134.434326 0.000000 1748.205078 0.000000 0.271050 0.000000 -0.962565 0.400000 0.400000 0.400000
173.786072 0.000000 1769.424805 0.000000 0.962169 0.000000 0.272455 0.400000 0.400000 0.400000
149.314697 0.000000 1755.618896 0.000000 0.976958 0.000000 0.213431 0.400000 0.400000 0.400000
137.184021 0.000000 1770.437134 0.000000 0.801707 0.000000 -0.597717 0.400000 0.400000 0.400000
166.430023 0.000000 1769.768555 0.000000 0.580599 0.000000 -0.814190 0.400000 0.400000 0.400000
140.521912 0.000000 1776.134277 0.000000 0.494704 0.000000 -0.869062 0.400000 0.400000 0.400000
171.489258 0.000000 1771.779175 0.000000 0.963389 0.000000 0.268106 0.400000 0.400000 0.400000
169.804901 0.000000 1769.655151 0.000000 0.723842 0.000000 0.689966 0.400000 0.400000 0.400000
123.048889 0.000000 1841.081055 0.000000 0.999386 0.000000 -0.035023 0.400000 0.400000 0.400000
120.177315 0.000000 1831.396118 0.000000 0.333704 0.000000 -0.942678 0.400000 0.400000 0.400000
114.235199 0.000000 1839.239868 0.000000 0.785796 0.000000 -0.618486 0.400000 0.400000 0.400000
119.477089 0.000000 1836.823975 0.000000 0.529735 0.000000 -0.848163 0.400000 0.400000 0.400000
127.512070 0.000000 1830.454468 0.000000 0.720817 0.000000 0.693125 0.400000 0.400000 0.400000
110.495148 0.000000 1840.493164 0.000000 0.989949 0.000000 0.141423 0.400000 0.400000 0.400000
118.127792 0.000000 1834.003052 0.000000 0.478691 0.000000 0.877984 0.400000 0.400000 0.400000
117.325165 0.000000 1839.273804 0.000000 0.871113 0.000000 0.491083 0.400000 0.400000 0.400000
127.421509 0.000000 1833.897461 0.000000 0.356961 0.000000 -0.934119 0.400000 0.400000 0.400000
109.986168 0.000000 1877.470215 0.000000 0.999397 0.000000 0.034726 0.400000 0.400000 0.400000
96.306793 0.000000 1846.926636 0.000000 0.994739 0.000000 -0.102445 0.400000 0.400000 0.400000
91.162811 0.000000 1866.104614 0.000000 0.083716 0.000000 -0.996490 0.400000 0.400000 0.400000
123.048889 0.000000 1888.323242 0.000000 0.982226 0.000000 -0.187703 0.400000 0.400000 0.400000
109.659599 0.000000 1843.318115 0.000000 0.997435 0.000000 -0.071581 0.400000 0.400000 0.400000
97.778900 0.000000 1882.447510 0.000000 0.250488 0.000000 -0.968120 0.400000 0.400000 0.400000
100.980560 0.000000 1871.673706 0.000000 0.545581 0.000000 0.838058 0.400000 0.400000 0.400000
120.177315 0.000000 1878.638306 0.000000 0.214536 0.000000 -0.976716 0.400000 0.400000 0.400000
96.482773 0.000000 1857.206055 0.000000 0.675234 0.000000 0.737603 0.400000 0.400000 0.400000
104.816025 0.000000 1851.847534 0.000000 0.817333 0.000000 0.576166 0.400000 0.400000 0.400000
105.423035 0.000000 1886.022339 0.000000 0.371906 0.000000 -0.928271 0.400000 0.400000 0.400000
125.225357 0.000000 1860.042969 0.000000 0.804617 0.000000 -0.593794 0.400000 0.400000 0.400000
93.228897 0.000000 1875.273071 0.000000 0.897429 0.000000 0.441158 0.400000 0.400000 0.400000
98.444176 0.000000 1864.393066 0.000000 0.982700 0.000000 -0.185202 0.400000 0.400000 0.400000
124.776131 0.000000 1872.933960 0.000000 0.777132 0.000000 0.629337 0.400000 0.400000 0.400000
103.264313 0.000000 1878.244263 0.000000 0.646906 0.000000 -0.762570 0.400000 0.400000 0.400000
90.206589 0.000000 1859.852661 0.000000 0.361319 0.000000 0.932442 0.400000 0.400000 0.400000
124.924042 0.000000 1882.397339 0.000000 0.770574 0.000000 -0.637351 0.400000 0.400000 0.400000
93.667847 0.000000 1852.284790 0.000000 0.872508 0.000000 -0.488600 0.400000 0.400000 0.400000
114.909286 0.000000 1880.897217 0.000000 0.727182 0.000000 -0.686445 0.400000 0.400000 0.400000
106.647499 0.000000 1872.914795 0.000000 0.130547 0.000000 -0.991442 0.400000 0.400000 0.400000
95.736076 0.000000 1869.227173 0.000000 0.151123 0.000000 -0.988515 0.400000 0.400000 0.400000
109.860733 0.000000 1882.965820 0.000000 0.563789 0.000000 0.825919 0.400000 0.400000 0.400000
98.374290 0.000000 1876.517944 0.000000 0.065074 0.000000 0.997880 0.400000 0.400000 0.400000
101.443192 0.000000 1847.960083 0.000000 0.302855 0.000000 -0.953037 0.400000 0.400000 0.400000
120.286980 0.000000 1873.910767 0.000000 0.913394 0.000000 -0.407076 0.400000 0.400000 0.400000
94.289734 0.000000 1862.131104 0.000000 0.270408 0.000000 0.962746 0.400000 0.400000 0.400000
94.127007 0.000000 1879.755371 0.000000 0.537955 0.000000 -0.842974 0.400000 0.400000 0.400000
92.244263 0.000000 1856.126831 0.000000 0.892340 0.000000 0.451364 0.400000 0.400000 0.400000
87.307175 0.000000 1867.967529 0.000000 0.903744 0.000000 -0.428073 0.400000 0.400000 0.400000
94.255730 0.000000 1883.928711 0.000000 0.996104 0.000000 0.088185 0.400000 0.400000 0.400000
96.627037 0.000000 1873.122314 0.000000 0.307629 0.000000 -0.951506 0.400000 0.400000 0.400000
99.484467 0.000000 1868.106079 0.000000 0.932674 0.000000 0.360721 0.400000 0.400000 0.400000
92.983627 0.000000 1871.392822 0.000000 0.121016 0.000000 0.992651 0.400000 0.400000 0.400000
93.834175 0.000000 1859.040283 0.000000 0.202817 0.000000 0.979217 0.400000 0.400000 0.400000
169.382446 0.000000 1814.212524 0.000000 0.896263 0.000000 -0.443523 0.400000 0.400000 0.400000
161.771088 0.000000 1835.205322 0.000000 0.671803 0.000000 0.740730 0.400000 0.400000 0.400000
183.106537 0.000000 1820.300171 0.000000 0.291543 0.000000 0.956558 0.400000 0.400000 0.400000
149.179230 0.000000 1828.077881 0.000000 0.399030 0.000000 -0.916938 0.400000 0.400000 0.400000
157.221085 0.000000 1828.030884 0.000000 0.562098 0.000000 -0.827071 0.400000 0.400000 0.400000
162.436371 0.000000 1817.150879 0.000000 0.697813 0.000000 -0.716280 0.400000 0.400000 0.400000
163.120712 0.000000 1804.894165 0.000000 0.888437 0.000000 0.458999 0.400000 0.400000 0.400000
132.022400 0.000000 1829.449707 0.000000 0.399274 0.000000 -0.916832 0.400000 0.400000 0.400000
165.435379 0.000000 1800.717896 0.000000 0.493491 0.000000 -0.869751 0.400000 0.400000 0.400000
178.593781 0.000000 1818.697998 0.000000 0.173731 0.000000 0.984793 0.400000 0.400000 0.400000
166.212143 0.000000 1835.655151 0.000000 0.819926 0.000000 -0.572470 0.400000 0.400000 0.400000
145.138245 0.000000 1829.641846 0.000000 0.570444 0.000000 0.821337 0.400000 0.400000 0.400000
219.147202 0.000000 1818.862427 0.000000 0.853061 0.000000 -0.521810 0.400000 0.400000 0.400000
233.374649 0.000000 1814.212524 0.000000 0.951922 0.000000 0.306340 0.400000 0.400000 0.400000
197.656845 0.000000 1820.014160 0.000000 0.979455 0.000000 0.201664 0.400000 0.400000 0.400000
252.760513 0.000000 1825.691772 0.000000 0.905044 0.000000 -0.425318 0.400000 0.400000 0.400000
198.796829 0.000000 1838.964966 0.000000 0.581748 0.000000 -0.813369 0.400000 0.400000 0.400000
232.394531 0.000000 1819.847656 0.000000 0.162199 0.000000 0.986758 0.400000 0.400000 0.400000
191.979584 0.000000 1837.572266 0.000000 0.292484 0.000000 0.956270 0.400000 0.400000 0.400000
173.978363 0.000000 1877.470215 0.000000 0.371387 0.000000 0.928478 0.400000 0.400000 0.400000
128.353012 0.000000 1872.802734 0.000000 0.971890 0.000000 0.235434 0.400000 0.400000 0.400000
187.041077 0.000000 1888.323242 0.000000 0.007930 0.000000 -0.999969 0.400000 0.400000 0.400000
129.182114 0.000000 1889.395752 0.000000 0.052670 0.000000 0.998612 0.400000 0.400000 0.400000
161.771088 0.000000 1882.447510 0.000000 0.809764 0.000000 -0.586755 0.400000 0.400000 0.400000
169.415222 0.000000 1886.022339 0.000000 0.343332 0.000000 -0.939214 0.400000 0.400000 0.400000
156.155014 0.000000 1887.154053 0.000000 0.791568 0.000000 0.611081 0.400000 0.400000 0.400000
167.256500 0.000000 1878.244263 0.000000 0.545920 0.000000 0.837837 0.400000 0.400000 0.400000
153.661774 0.000000 1880.966187 0.000000 0.243697 0.000000 -0.969851 0.400000 0.400000 0.400000
145.050293 0.000000 1880.806885 0.000000 0.949590 0.000000 0.313493 0.400000 0.400000 0.400000
134.804626 0.000000 1886.207153 0.000000 0.229524 0.000000 -0.973303 0.400000 0.400000 0.400000
170.639694 0.000000 1872.914795 0.000000 0.636091 0.000000 -0.771614 0.400000 0.400000 0.400000
161.920395 0.000000 1887.933716 0.000000 0.420701 0.000000 0.907199 0.400000 0.400000 0.400000
162.366486 0.000000 1876.517944 0.000000 0.666503 0.000000 -0.745502 0.400000 0.400000 0.400000
158.119202 0.000000 1879.755371 0.000000 0.167965 0.000000 0.985793 0.400000 0.400000 0.400000
149.358719 0.000000 1880.518555 0.000000 0.125450 0.000000 -0.992100 0.400000 0.400000 0.400000
186.738098 0.000000 1864.329956 0.000000 0.074800 0.000000 -0.997199 0.400000 0.400000 0.400000
135.298065 0.000000 1882.059814 0.000000 0.537047 0.000000 0.843552 0.400000 0.400000 0.400000
169.959778 0.000000 1881.552979 0.000000 0.763627 0.000000 -0.645657 0.400000 0.400000 0.400000
141.313492 0.000000 1882.308716 0.000000 0.582106 0.000000 0.813113 0.400000 0.400000 0.400000
158.247925 0.000000 1883.928711 0.000000 0.369838 0.000000 -0.929096 0.400000 0.400000 0.400000
163.860291 0.000000 1879.661255 0.000000 0.003351 0.000000 0.999994 0.400000 0.400000 0.400000
205.207504 0.000000 1867.289062 0.000000 0.472105 0.000000 0.881542 0.400000 0.400000 0.400000
212.235870 0.000000 1842.560181 0.000000 0.401174 0.000000 -0.916002 0.400000 0.400000 0.400000
193.255356 0.000000 1860.280151 0.000000 0.744872 0.000000 0.667208 0.400000 0.400000 0.400000
202.787994 0.000000 1879.332031 0.000000 0.492849 0.000000 0.870115 0.400000 0.400000 0.400000
213.171417 0.000000 1875.320068 0.000000 0.743383 0.000000 0.668866 0.400000 0.400000 0.400000
200.931931 0.000000 1860.158569 0.000000 0.995638 0.000000 -0.093305 0.400000 0.400000 0.400000
206.755829 0.000000 1873.718384 0.000000 0.038428 0.000000 0.999261 0.400000 0.400000 0.400000
199.832504 0.000000 1873.429810 0.000000 0.597658 0.000000 -0.801751 0.400000 0.400000 0.400000
192.993912 0.000000 1865.366577 0.000000 0.926974 0.000000 -0.375126 0.400000 0.400000 0.400000
247.667938 0.000000 1849.845703 0.000000 0.882176 0.000000 0.470920 0.400000 0.400000 0.400000
250.323608 0.000000 1846.084839 0.000000 0.011382 0.000000 -0.999935 0.400000 0.400000 0.400000
315.025452 0.000000 1746.596680 0.000000 0.410665 0.000000 -0.911786 0.400000 0.400000 0.400000
504.130463 0.000000 1736.911743 0.000000 0.013612 0.000000 -0.999907 0.400000 0.400000 0.400000
508.877197 0.000000 1740.670776 0.000000 0.395197 0.000000 0.918597 0.400000 0.400000 0.400000
503.430237 0.000000 1742.339600 0.000000 0.597725 0.000000 -0.801701 0.400000 0.400000 0.400000
502.713165 0.000000 1747.291626 0.000000 0.539917 0.000000 -0.841719 0.400000 0.400000 0.400000
510.025024 0.000000 1744.302246 0.000000 0.252546 0.000000 0.967585 0.400000 0.400000 0.400000
505.639557 0.000000 1739.865723 0.000000 0.821063 0.000000 0.570838 0.400000 0.400000 0.400000
506.989166 0.000000 1743.333130 0.000000 0.614470 0.000000 0.788940 0.400000 0.400000 0.400000
509.052124 0.000000 1737.756104 0.000000 0.658221 0.000000 0.752825 0.400000 0.400000 0.400000
504.585083 0.000000 1744.996094 0.000000 0.672257 0.000000 0.740318 0.400000 0.400000 0.400000
511.374664 0.000000 1739.413086 0.000000 0.956433 0.000000 -0.291953 0.400000 0.400000 0.400000
502.854858 0.000000 1759.914551 0.000000 0.914341 0.000000 -0.404946 0.400000 0.400000 0.400000
509.323303 0.000000 1748.163574 0.000000 0.999714 0.000000 -0.023899 0.400000 0.400000 0.400000
503.067505 0.000000 1773.057983 0.000000 0.993823 0.000000 -0.110979 0.400000 0.400000 0.400000
501.591492 0.000000 1751.232300 0.000000 0.249912 0.000000 -0.968269 0.400000 0.400000 0.400000
450.881378 0.000000 1787.031250 0.000000 0.998993 0.000000 -0.044867 0.400000 0.400000 0.400000
497.803375 0.000000 1766.322754 0.000000 0.224371 0.000000 0.974504 0.400000 0.400000 0.400000
464.767029 0.000000 1754.185913 0.000000 0.944539 0.000000 0.328399 0.400000 0.400000 0.400000
508.729279 0.000000 1778.449585 0.000000 0.354552 0.000000 0.935036 0.400000 0.400000 0.400000
503.486542 0.000000 1766.963867 0.000000 0.792036 0.000000 0.610474 0.400000 0.400000 0.400000
498.117004 0.000000 1760.940674 0.000000 0.748304 0.000000 0.663355 0.400000 0.400000 0.400000
503.636719 0.000000 1755.361328 0.000000 0.751502 0.000000 -0.659731 0.400000 0.400000 0.400000
469.275665 0.000000 1755.618896 0.000000 0.990317 0.000000 0.138828 0.400000 0.400000 0.400000
506.778320 0.000000 1774.663086 0.000000 0.159539 0.000000 -0.987192 0.400000 0.400000 0.400000
501.392639 0.000000 1763.658081 0.000000 0.491600 0.000000 0.870821 0.400000 0.400000 0.400000
504.316010 0.000000 1748.077148 0.000000 0.731760 0.000000 -0.681562 0.400000 0.400000 0.400000
500.065369 0.000000 1757.299805 0.000000 0.146038 0.000000 0.989279 0.400000 0.400000 0.400000
455.561859 0.000000 1783.030884 0.000000 0.952314 0.000000 -0.305119 0.400000 0.400000 0.400000
501.775513 0.000000 1769.899292 0.000000 0.084645 0.000000 -0.996411 0.400000 0.400000 0.400000
453.324158 0.000000 1785.117554 0.000000 0.601713 0.000000 0.798712 0.400000 0.400000 0.400000
500.530090 0.000000 1766.947754 0.000000 0.252642 0.000000 0.967560 0.400000 0.400000 0.400000
505.851257 0.000000 1772.277954 0.000000 0.456618 0.000000 0.889663 0.400000 0.400000 0.400000
503.623962 0.000000 1752.807739 0.000000 0.970448 0.000000 0.241312 0.400000 0.400000 0.400000
500.662781 0.000000 1761.285278 0.000000 0.171517 0.000000 0.985181 0.400000 0.400000 0.400000
256.337402 0.000000 1825.560547 0.000000 0.902868 0.000000 0.429917 0.400000 0.400000 0.400000
283.139374 0.000000 1818.862427 0.000000 0.995109 0.000000 -0.098783 0.400000 0.400000 0.400000
256.986115 0.000000 1818.124390 0.000000 0.493670 0.000000 0.869649 0.400000 0.400000 0.400000
318.452026 0.000000 1866.431763 0.000000 0.123733 0.000000 -0.992316 0.400000 0.400000 0.400000
365.954956 0.000000 1877.470215 0.000000 0.548166 0.000000 -0.836369 0.400000 0.400000 0.400000
320.329590 0.000000 1872.802734 0.000000 0.949165 0.000000 0.314779 0.400000 0.400000 0.400000
321.239746 0.000000 1860.280151 0.000000 0.808763 0.000000 -0.588135 0.400000 0.400000 0.400000
330.772400 0.000000 1879.332031 0.000000 0.199807 0.000000 0.979835 0.400000 0.400000 0.400000
361.391815 0.000000 1886.022339 0.000000 0.952396 0.000000 -0.304863 0.400000 0.400000 0.400000
370.203979 0.000000 1886.482056 0.000000 0.957658 0.000000 -0.287908 0.400000 0.400000 0.400000
322.897003 0.000000 1881.515625 0.000000 0.991523 0.000000 0.129930 0.400000 0.400000 0.400000
333.142578 0.000000 1886.540405 0.000000 0.262284 0.000000 -0.964991 0.400000 0.400000 0.400000
371.482910 0.000000 1873.383789 0.000000 0.875830 0.000000 0.482620 0.400000 0.400000 0.400000
370.878052 0.000000 1880.897217 0.000000 0.521196 0.000000 0.853437 0.400000 0.400000 0.400000
365.829529 0.000000 1882.965820 0.000000 0.783812 0.000000 0.620998 0.400000 0.400000 0.400000
323.998993 0.000000 1876.691895 0.000000 0.627354 0.000000 0.778734 0.400000 0.400000 0.400000
570.994202 0.000000 1746.596680 0.000000 0.990064 0.000000 0.140616 0.400000 0.400000 0.400000
513.135254 0.000000 1747.669189 0.000000 0.366618 0.000000 0.930372 0.400000 0.400000 0.400000
522.748962 0.000000 1737.605469 0.000000 0.990788 0.000000 0.135419 0.400000 0.400000 0.400000
533.132385 0.000000 1733.593506 0.000000 0.420607 0.000000 0.907243 0.400000 0.400000 0.400000
514.873596 0.000000 1739.789062 0.000000 0.952732 0.000000 -0.303811 0.400000 0.400000 0.400000
526.716797 0.000000 1731.991821 0.000000 0.994005 0.000000 0.109338 0.400000 0.400000 0.400000
572.869385 0.000000 1740.670776 0.000000 0.803721 0.000000 0.595006 0.400000 0.400000 0.400000
537.292542 0.000000 1729.620239 0.000000 0.371121 0.000000 0.928584 0.400000 0.400000 0.400000
531.148010 0.000000 1728.921509 0.000000 0.451459 0.000000 -0.892292 0.400000 0.400000 0.400000
511.940521 0.000000 1743.087891 0.000000 0.999437 0.000000 -0.033546 0.400000 0.400000 0.400000
566.705322 0.000000 1747.291626 0.000000 0.255026 0.000000 0.966934 0.400000 0.400000 0.400000
519.251221 0.000000 1740.333252 0.000000 0.996630 0.000000 -0.082032 0.400000 0.400000 0.400000
529.091370 0.000000 1735.157471 0.000000 0.660811 0.000000 0.750552 0.400000 0.400000 0.400000
528.807983 0.000000 1726.171387 0.000000 0.004284 0.000000 0.999991 0.400000 0.400000 0.400000
526.101868 0.000000 1736.952637 0.000000 0.798687 0.000000 0.601746 0.400000 0.400000 0.400000
515.578125 0.000000 1743.111572 0.000000 0.761600 0.000000 -0.648048 0.400000 0.400000 0.400000
529.935913 0.000000 1731.979370 0.000000 0.348696 0.000000 -0.937236 0.400000 0.400000 0.400000
517.316345 0.000000 1737.875366 0.000000 0.376122 0.000000 -0.926570 0.400000 0.400000 0.400000
528.118347 0.000000 1729.091553 0.000000 0.708079 0.000000 0.706133 0.400000 0.400000 0.400000
513.630615 0.000000 1745.097534 0.000000 0.614312 0.000000 0.789063 0.400000 0.400000 0.400000
511.944397 0.000000 1739.422729 0.000000 0.144337 0.000000 0.989529 0.400000 0.400000 0.400000
525.671204 0.000000 1734.388306 0.000000 0.392680 0.000000 -0.919675 0.400000 0.400000 0.400000
520.348206 0.000000 1738.082275 0.000000 0.761633 0.000000 0.648009 0.400000 0.400000 0.400000
577.127502 0.000000 1747.669189 0.000000 0.856644 0.000000 0.515909 0.400000 0.400000 0.400000
578.865784 0.000000 1739.789062 0.000000 0.763372 0.000000 -0.645959 0.400000 0.400000 0.400000
582.750000 0.000000 1744.480591 0.000000 0.243741 0.000000 -0.969840 0.400000 0.400000 0.400000
575.932739 0.000000 1743.087891 0.000000 0.016153 0.000000 -0.999870 0.400000 0.400000 0.400000
579.570312 0.000000 1743.111572 0.000000 0.611131 0.000000 0.791529 0.400000 0.400000 0.400000
512.306152 0.000000 1778.318359 0.000000 0.623148 0.000000 0.782104 0.400000 0.400000 0.400000
525.168457 0.000000 1772.804688 0.000000 0.941946 0.000000 0.335763 0.400000 0.400000 0.400000
573.315491 0.000000 1748.163574 0.000000 0.366041 0.000000 -0.930599 0.400000 0.400000 0.400000
545.724243 0.000000 1787.963135 0.000000 0.957255 0.000000 0.289245 0.400000 0.400000 0.400000
567.059692 0.000000 1773.057983 0.000000 0.919563 0.000000 0.392942 0.400000 0.400000 0.400000
533.132385 0.000000 1780.835693 0.000000 0.588991 0.000000 -0.808139 0.400000 0.400000 0.400000
553.368347 0.000000 1791.537964 0.000000 0.917534 0.000000 -0.397657 0.400000 0.400000 0.400000
565.583679 0.000000 1751.232300 0.000000 0.654009 0.000000 0.756487 0.400000 0.400000 0.400000
517.617798 0.000000 1772.771973 0.000000 0.676901 0.000000 0.736074 0.400000 0.400000 0.400000
525.119141 0.000000 1792.056030 0.000000 0.452791 0.000000 -0.891617 0.400000 0.400000 0.400000
551.209656 0.000000 1783.759888 0.000000 0.958188 0.000000 -0.286141 0.400000 0.400000 0.400000
563.459473 0.000000 1778.899414 0.000000 0.358899 0.000000 0.933377 0.400000 0.400000 0.400000
537.614929 0.000000 1786.481812 0.000000 0.995325 0.000000 -0.096583 0.400000 0.400000 0.400000
529.003418 0.000000 1786.322510 0.000000 0.792170 0.000000 -0.610300 0.400000 0.400000 0.400000
537.292542 0.000000 1776.862427 0.000000 0.079511 0.000000 0.996834 0.400000 0.400000 0.400000
512.954895 0.000000 1770.882202 0.000000 0.920618 0.000000 0.390464 0.400000 0.400000 0.400000
568.232300 0.000000 1779.426392 0.000000 0.589405 0.000000 -0.807838 0.400000 0.400000 0.400000
517.155701 0.000000 1768.313477 0.000000 0.945127 0.000000 -0.326703 0.400000 0.400000 0.400000
550.165283 0.000000 1788.412964 0.000000 0.239510 0.000000 0.970894 0.400000 0.400000 0.400000
533.311890 0.000000 1786.034180 0.000000 0.207683 0.000000 -0.978196 0.400000 0.400000 0.400000
570.691284 0.000000 1769.845581 0.000000 0.944969 0.000000 0.327159 0.400000 0.400000 0.400000
521.137146 0.000000 1770.437134 0.000000 0.731646 0.000000 0.681684 0.400000 0.400000 0.400000
521.290344 0.000000 1774.907959 0.000000 0.902702 0.000000 -0.430267 0.400000 0.400000 0.400000
516.161072 0.000000 1776.694458 0.000000 0.949563 0.000000 -0.313578 0.400000 0.400000 0.400000
553.912903 0.000000 1787.068604 0.000000 0.524041 0.000000 0.851693 0.400000 0.400000 0.400000
570.770508 0.000000 1774.663086 0.000000 0.282755 0.000000 -0.959192 0.400000 0.400000 0.400000
529.044495 0.000000 1790.422729 0.000000 0.071810 0.000000 -0.997418 0.400000 0.400000 0.400000
537.235229 0.000000 1781.628906 0.000000 0.479735 0.000000 0.877413 0.400000 0.400000 0.400000
529.091370 0.000000 1782.399658 0.000000 0.793776 0.000000 0.608210 0.400000 0.400000 0.400000
562.481018 0.000000 1775.202271 0.000000 0.958375 0.000000 -0.285512 0.400000 0.400000 0.400000
551.051575 0.000000 1780.094238 0.000000 0.653187 0.000000 0.757197 0.400000 0.400000 0.400000
566.069824 0.000000 1776.440674 0.000000 0.133077 0.000000 -0.991106 0.400000 0.400000 0.400000
534.195557 0.000000 1777.679321 0.000000 0.591422 0.000000 0.806362 0.400000 0.400000 0.400000
531.646973 0.000000 1788.660278 0.000000 0.810834 0.000000 -0.585276 0.400000 0.400000 0.400000
525.752258 0.000000 1794.891602 0.000000 0.542497 0.000000 -0.840058 0.400000 0.400000 0.400000
534.793518 0.000000 1783.307861 0.000000 0.862683 0.000000 -0.505746 0.400000 0.400000 0.400000
570.172729 0.000000 1777.378540 0.000000 0.524249 0.000000 -0.851565 0.400000 0.400000 0.400000
564.817078 0.000000 1748.502197 0.000000 0.345882 0.000000 0.938278 0.400000 0.400000 0.400000
514.382812 0.000000 1768.577271 0.000000 0.498929 0.000000 0.866643 0.400000 0.400000 0.400000
518.493530 0.000000 1775.361816 0.000000 0.995396 0.000000 0.095850 0.400000 0.400000 0.400000
549.010193 0.000000 1782.088379 0.000000 0.147444 0.000000 -0.989070 0.400000 0.400000 0.400000
515.018555 0.000000 1772.621948 0.000000 0.991097 0.000000 0.133143 0.400000 0.400000 0.400000
523.836548 0.000000 1770.407715 0.000000 0.067583 0.000000 0.997714 0.400000 0.400000 0.400000
536.310608 0.000000 1779.294678 0.000000 0.976719 0.000000 -0.214523 0.400000 0.400000 0.400000
526.543396 0.000000 1790.058472 0.000000 0.999175 0.000000 0.040621 0.400000 0.400000 0.400000
568.411987 0.000000 1775.358643 0.000000 0.022847 0.000000 0.999739 0.400000 0.400000 0.400000
518.462036 0.000000 1770.400024 0.000000 0.639046 0.000000 -0.769168 0.400000 0.400000 0.400000
522.449768 0.000000 1772.540894 0.000000 0.458582 0.000000 0.888652 0.400000 0.400000 0.400000
551.465454 0.000000 1786.248901 0.000000 0.519636 0.000000 -0.854388 0.400000 0.400000 0.400000
552.731445 0.000000 1789.166504 0.000000 0.295212 0.000000 -0.955432 0.400000 0.400000 0.400000
527.422119 0.000000 1792.778076 0.000000 0.997256 0.000000 -0.074029 0.400000 0.400000 0.400000
576.298401 0.000000 1778.318359 0.000000 0.272902 0.000000 -0.962042 0.400000 0.400000 0.400000
582.379700 0.000000 1748.205078 0.000000 0.254653 0.000000 -0.967033 0.400000 0.400000 0.400000
566.847046 0.000000 1807.156738 0.000000 0.975296 0.000000 0.220903 0.400000 0.400000 0.400000
539.108154 0.000000 1818.862427 0.000000 0.897050 0.000000 -0.441928 0.400000 0.400000 0.400000
544.428101 0.000000 1809.963867 0.000000 0.949261 0.000000 0.314489 0.400000 0.400000 0.400000
552.761353 0.000000 1804.605347 0.000000 0.943092 0.000000 0.332532 0.400000 0.400000 0.400000
523.379211 0.000000 1796.898804 0.000000 0.401414 0.000000 0.915897 0.400000 0.400000 0.400000
561.795593 0.000000 1813.564941 0.000000 0.413009 0.000000 0.910727 0.400000 0.400000 0.400000
528.759216 0.000000 1801.428101 0.000000 0.369530 0.000000 0.929219 0.400000 0.400000 0.400000
567.478699 0.000000 1814.206055 0.000000 0.393469 0.000000 0.919338 0.400000 0.400000 0.400000
552.355469 0.000000 1819.847656 0.000000 0.151881 0.000000 0.988399 0.400000 0.400000 0.400000
554.592834 0.000000 1825.672607 0.000000 0.857312 0.000000 -0.514798 0.400000 0.400000 0.400000
529.474121 0.000000 1806.990845 0.000000 0.293586 0.000000 -0.955933 0.400000 0.400000 0.400000
550.173523 0.000000 1809.512085 0.000000 0.735568 0.000000 -0.677450 0.400000 0.400000 0.400000
547.073853 0.000000 1804.894165 0.000000 0.782196 0.000000 0.623032 0.400000 0.400000 0.400000
562.109192 0.000000 1808.182861 0.000000 0.355161 0.000000 -0.934805 0.400000 0.400000 0.400000
533.497681 0.000000 1813.100952 0.000000 0.330728 0.000000 -0.943726 0.400000 0.400000 0.400000
567.628906 0.000000 1802.603516 0.000000 0.921342 0.000000 -0.388754 0.400000 0.400000 0.400000
533.267822 0.000000 1802.861084 0.000000 0.589319 0.000000 -0.807900 0.400000 0.400000 0.400000
571.163208 0.000000 1808.401489 0.000000 0.917313 0.000000 0.398167 0.400000 0.400000 0.400000
548.969482 0.000000 1813.603638 0.000000 0.928246 0.000000 -0.371968 0.400000 0.400000 0.400000
565.384827 0.000000 1810.900269 0.000000 0.301017 0.000000 -0.953619 0.400000 0.400000 0.400000
532.188232 0.000000 1809.611206 0.000000 0.218376 0.000000 -0.975865 0.400000 0.400000 0.400000
569.772278 0.000000 1811.609131 0.000000 0.849640 0.000000 -0.527363 0.400000 0.400000 0.400000
545.460144 0.000000 1813.618286 0.000000 0.828723 0.000000 0.559659 0.400000 0.400000 0.400000
554.799927 0.000000 1822.186401 0.000000 0.893592 0.000000 0.448881 0.400000 0.400000 0.400000
569.850891 0.000000 1805.154541 0.000000 0.981254 0.000000 -0.192721 0.400000 0.400000 0.400000
549.970154 0.000000 1806.227051 0.000000 0.327054 0.000000 -0.945006 0.400000 0.400000 0.400000
547.120117 0.000000 1808.248413 0.000000 0.047636 0.000000 -0.998865 0.400000 0.400000 0.400000
532.230652 0.000000 1805.804199 0.000000 0.829022 0.000000 0.559216 0.400000 0.400000 0.400000
547.354675 0.000000 1811.257935 0.000000 0.752993 0.000000 -0.658028 0.400000 0.400000 0.400000
567.837463 0.000000 1809.848877 0.000000 0.936013 0.000000 -0.351966 0.400000 0.400000 0.400000
562.721436 0.000000 1811.093018 0.000000 0.883375 0.000000 -0.468666 0.400000 0.400000 0.400000
587.369934 0.000000 1805.904419 0.000000 0.600762 0.000000 0.799428 0.400000 0.400000 0.400000
599.205750 0.000000 1807.068604 0.000000 0.971616 0.000000 0.236565 0.400000 0.400000 0.400000
608.420349 0.000000 1809.963867 0.000000 0.545014 0.000000 0.838427 0.400000 0.400000 0.400000
579.704895 0.000000 1806.182129 0.000000 0.834930 0.000000 0.550355 0.400000 0.400000 0.400000
584.885132 0.000000 1812.916382 0.000000 0.907843 0.000000 -0.419310 0.400000 0.400000 0.400000
601.697266 0.000000 1800.765503 0.000000 0.214387 0.000000 0.976749 0.400000 0.400000 0.400000
602.144165 0.000000 1812.610474 0.000000 0.723104 0.000000 -0.690739 0.400000 0.400000 0.400000
582.475098 0.000000 1800.734375 0.000000 0.465976 0.000000 -0.884797 0.400000 0.400000 0.400000
605.605408 0.000000 1805.042603 0.000000 0.740360 0.000000 0.672211 0.400000 0.400000 0.400000
597.489929 0.000000 1813.100952 0.000000 0.931794 0.000000 0.362987 0.400000 0.400000 0.400000
597.260071 0.000000 1802.861084 0.000000 0.399728 0.000000 0.916634 0.400000 0.400000 0.400000
581.005005 0.000000 1810.454224 0.000000 0.998986 0.000000 -0.045030 0.400000 0.400000 0.400000
604.181824 0.000000 1808.884644 0.000000 0.329965 0.000000 0.943993 0.400000 0.400000 0.400000
583.580933 0.000000 1807.218628 0.000000 0.632897 0.000000 -0.774236 0.400000 0.400000 0.400000
601.702820 0.000000 1804.387207 0.000000 0.975245 0.000000 0.221127 0.400000 0.400000 0.400000
96.306793 0.000000 1894.168823 0.000000 0.491947 0.000000 0.870625 0.400000 0.400000 0.400000
125.370148 0.000000 1889.890137 0.000000 0.458171 0.000000 -0.888864 0.400000 0.400000 0.400000
109.659599 0.000000 1890.560303 0.000000 0.331574 0.000000 0.943429 0.400000 0.400000 0.400000
87.268173 0.000000 1901.552979 0.000000 0.999526 0.000000 -0.030775 0.400000 0.400000 0.400000
117.638329 0.000000 1892.958862 0.000000 0.994473 0.000000 -0.104994 0.400000 0.400000 0.400000
125.225357 0.000000 1907.285156 0.000000 0.706545 0.000000 0.707668 0.400000 0.400000 0.400000
108.153786 0.000000 1895.404663 0.000000 0.129724 0.000000 -0.991550 0.400000 0.400000 0.400000
120.362862 0.000000 1889.803711 0.000000 0.912836 0.000000 -0.408327 0.400000 0.400000 0.400000
182.893890 0.000000 1901.641113 0.000000 0.578767 0.000000 0.815493 0.400000 0.400000 0.400000
160.298981 0.000000 1894.168823 0.000000 0.843833 0.000000 -0.536606 0.400000 0.400000 0.400000
189.362335 0.000000 1889.890137 0.000000 0.255447 0.000000 0.966823 0.400000 0.400000 0.400000
173.651794 0.000000 1890.560303 0.000000 0.749188 0.000000 -0.662357 0.400000 0.400000 0.400000
128.283569 0.000000 1893.741821 0.000000 0.887101 0.000000 -0.461576 0.400000 0.400000 0.400000
129.263153 0.000000 1907.522339 0.000000 0.593909 0.000000 0.804532 0.400000 0.400000 0.400000
168.808228 0.000000 1899.089722 0.000000 0.897226 0.000000 0.441571 0.400000 0.400000 0.400000
139.426086 0.000000 1891.383179 0.000000 0.447432 0.000000 -0.894318 0.400000 0.400000 0.400000
181.630524 0.000000 1892.958862 0.000000 0.593297 0.000000 -0.804984 0.400000 0.400000 0.400000
189.217545 0.000000 1907.285156 0.000000 0.504714 0.000000 -0.863287 0.400000 0.400000 0.400000
131.759537 0.000000 1900.666504 0.000000 0.906120 0.000000 -0.423020 0.400000 0.400000 0.400000
176.374588 0.000000 1898.166870 0.000000 0.834776 0.000000 0.550589 0.400000 0.400000 0.400000
144.806091 0.000000 1895.912476 0.000000 0.051615 0.000000 0.998667 0.400000 0.400000 0.400000
188.466431 0.000000 1897.579468 0.000000 0.999793 0.000000 -0.020340 0.400000 0.400000 0.400000
153.751877 0.000000 1895.249878 0.000000 0.837305 0.000000 0.546736 0.400000 0.400000 0.400000
173.165375 0.000000 1903.905396 0.000000 0.999639 0.000000 -0.026874 0.400000 0.400000 0.400000
134.529709 0.000000 1895.218750 0.000000 0.305145 0.000000 0.952306 0.400000 0.400000 0.400000
156.252182 0.000000 1889.807617 0.000000 0.912157 0.000000 -0.409841 0.400000 0.400000 0.400000
157.660034 0.000000 1899.526978 0.000000 0.227431 0.000000 0.973794 0.400000 0.400000 0.400000
191.756805 0.000000 1902.014038 0.000000 0.999966 0.000000 -0.008194 0.400000 0.400000 0.400000
172.145981 0.000000 1895.404663 0.000000 0.923452 0.000000 -0.383714 0.400000 0.400000 0.400000
183.675751 0.000000 1897.087891 0.000000 0.996928 0.000000 0.078322 0.400000 0.400000 0.400000
187.210083 0.000000 1902.885864 0.000000 0.987434 0.000000 0.158032 0.400000 0.400000 0.400000
140.025818 0.000000 1895.992065 0.000000 0.787467 0.000000 -0.616357 0.400000 0.400000 0.400000
152.383896 0.000000 1891.464111 0.000000 0.975925 0.000000 -0.218106 0.400000 0.400000 0.400000
172.609726 0.000000 1900.080322 0.000000 0.388570 0.000000 -0.921419 0.400000 0.400000 0.400000
192.345200 0.000000 1920.044922 0.000000 0.959069 0.000000 0.283172 0.400000 0.400000 0.400000
193.255356 0.000000 1907.522339 0.000000 0.936296 0.000000 -0.351213 0.400000 0.400000 0.400000
238.554581 0.000000 1915.947266 0.000000 0.203592 0.000000 -0.979056 0.400000 0.400000 0.400000
241.834625 0.000000 1908.049316 0.000000 0.688755 0.000000 0.724994 0.400000 0.400000 0.400000
199.832504 0.000000 1920.671997 0.000000 0.202905 0.000000 -0.979198 0.400000 0.400000 0.400000
242.585968 0.000000 1913.182373 0.000000 0.603172 0.000000 0.797611 0.400000 0.400000 0.400000
196.200134 0.000000 1918.421021 0.000000 0.556634 0.000000 -0.830758 0.400000 0.400000 0.400000
182.893890 0.000000 1948.883301 0.000000 0.860103 0.000000 0.510120 0.400000 0.400000 0.400000
169.382446 0.000000 1955.939087 0.000000 0.992486 0.000000 -0.122362 0.400000 0.400000 0.400000
173.651794 0.000000 1937.802490 0.000000 0.826827 0.000000 0.562456 0.400000 0.400000 0.400000
174.562378 0.000000 1963.189453 0.000000 0.984661 0.000000 -0.174476 0.400000 0.400000 0.400000
181.630524 0.000000 1940.201050 0.000000 0.880243 0.000000 0.474523 0.400000 0.400000 0.400000
176.374588 0.000000 1945.409058 0.000000 0.651014 0.000000 -0.759066 0.400000 0.400000 0.400000
183.525574 0.000000 1955.932617 0.000000 0.217461 0.000000 -0.976069 0.400000 0.400000 0.400000
168.402328 0.000000 1961.574219 0.000000 0.919536 0.000000 0.393006 0.400000 0.400000 0.400000
183.675751 0.000000 1944.330078 0.000000 0.107661 0.000000 -0.994188 0.400000 0.400000 0.400000
233.374649 0.000000 1955.939087 0.000000 0.071921 0.000000 -0.997410 0.400000 0.400000 0.400000
247.098724 0.000000 1962.026733 0.000000 0.665777 0.000000 0.746151 0.400000 0.400000 0.400000
215.252563 0.000000 1948.795166 0.000000 0.159213 0.000000 0.987244 0.400000 0.400000 0.400000
224.467163 0.000000 1951.690430 0.000000 0.772296 0.000000 -0.635263 0.400000 0.400000 0.400000
238.554581 0.000000 1963.189453 0.000000 0.046806 0.000000 0.998904 0.400000 0.400000 0.400000
208.576157 0.000000 1954.055054 0.000000 0.566783 0.000000 0.823867 0.400000 0.400000 0.400000
241.834625 0.000000 1955.291504 0.000000 0.998103 0.000000 -0.061574 0.400000 0.400000 0.400000
243.498535 0.000000 1967.868164 0.000000 0.121631 0.000000 0.992575 0.400000 0.400000 0.400000
218.190979 0.000000 1954.337036 0.000000 0.194943 0.000000 -0.980815 0.400000 0.400000 0.400000
237.157562 0.000000 1951.147583 0.000000 0.082942 0.000000 -0.996554 0.400000 0.400000 0.400000
252.908432 0.000000 1976.881714 0.000000 0.244353 0.000000 0.969686 0.400000 0.400000 0.400000
255.496460 0.000000 1972.181030 0.000000 0.652838 0.000000 -0.757498 0.400000 0.400000 0.400000
242.148224 0.000000 1949.909424 0.000000 0.771567 0.000000 0.636149 0.400000 0.400000 0.400000
213.536743 0.000000 1954.827515 0.000000 0.273902 0.000000 0.961758 0.400000 0.400000 0.400000
229.008514 0.000000 1955.330200 0.000000 0.556084 0.000000 0.831126 0.400000 0.400000 0.400000
212.942535 0.000000 2027.768188 0.000000 0.410337 0.000000 -0.911934 0.400000 0.400000 0.400000
219.147202 0.000000 2007.831177 0.000000 0.365692 0.000000 -0.930736 0.400000 0.400000 0.400000
205.207504 0.000000 2009.015625 0.000000 0.434106 0.000000 -0.900862 0.400000 0.400000 0.400000
237.643982 0.000000 1985.044678 0.000000 0.727131 0.000000 0.686498 0.400000 0.400000 0.400000
215.252563 0.000000 1996.037354 0.000000 0.787555 0.000000 -0.616244 0.400000 0.400000 0.400000
228.964951 0.000000 2013.400269 0.000000 0.638430 0.000000 -0.769680 0.400000 0.400000 0.400000
213.171417 0.000000 2017.046631 0.000000 0.966251 0.000000 -0.257602 0.400000 0.400000 0.400000
220.147202 0.000000 2028.880615 0.000000 0.714539 0.000000 0.699596 0.400000 0.400000 0.400000
211.806854 0.000000 2007.420410 0.000000 0.229080 0.000000 0.973408 0.400000 0.400000 0.400000
217.653961 0.000000 2022.692749 0.000000 0.770269 0.000000 0.637719 0.400000 0.400000 0.400000
211.187088 0.000000 2012.374634 0.000000 0.949917 0.000000 0.312504 0.400000 0.400000 0.400000
213.536743 0.000000 2002.069702 0.000000 0.951913 0.000000 0.306369 0.400000 0.400000 0.400000
215.896286 0.000000 2005.428467 0.000000 0.769865 0.000000 0.638207 0.400000 0.400000 0.400000
237.970551 0.000000 2066.438965 0.000000 0.957001 0.000000 -0.290086 0.400000 0.400000 0.400000
224.291183 0.000000 2035.895386 0.000000 0.991830 0.000000 -0.127566 0.400000 0.400000 0.400000
251.033279 0.000000 2077.291992 0.000000 0.715539 0.000000 -0.698573 0.400000 0.400000 0.400000
233.374649 0.000000 2050.423584 0.000000 0.967935 0.000000 -0.251202 0.400000 0.400000 0.400000
212.235870 0.000000 2031.528931 0.000000 0.232668 0.000000 0.972556 0.400000 0.400000 0.400000
248.161697 0.000000 2067.606934 0.000000 0.224729 0.000000 0.974421 0.400000 0.400000 0.400000
253.209747 0.000000 2049.011719 0.000000 0.671558 0.000000 -0.740952 0.400000 0.400000 0.400000
242.219574 0.000000 2075.450684 0.000000 0.774478 0.000000 0.632601 0.400000 0.400000 0.400000
241.834625 0.000000 2049.775879 0.000000 0.735799 0.000000 -0.677200 0.400000 0.400000 0.400000
252.908432 0.000000 2071.365967 0.000000 0.006594 0.000000 -0.999978 0.400000 0.400000 0.400000
242.893677 0.000000 2069.865967 0.000000 0.353637 0.000000 -0.935383 0.400000 0.400000 0.400000
237.845123 0.000000 2071.934570 0.000000 0.732479 0.000000 0.680790 0.400000 0.400000 0.400000
331.401184 0.000000 1900.388794 0.000000 0.047132 0.000000 -0.998889 0.400000 0.400000 0.400000
347.131592 0.000000 1913.346802 0.000000 0.983750 0.000000 -0.179543 0.400000 0.400000 0.400000
365.628387 0.000000 1890.560303 0.000000 0.809305 0.000000 -0.587389 0.400000 0.400000 0.400000
321.239746 0.000000 1907.522339 0.000000 0.689846 0.000000 -0.723956 0.400000 0.400000 0.400000
330.772400 0.000000 1926.574219 0.000000 0.149773 0.000000 -0.988720 0.400000 0.400000 0.400000
341.155823 0.000000 1922.562256 0.000000 0.993499 0.000000 0.113841 0.400000 0.400000 0.400000
331.402679 0.000000 1891.383179 0.000000 0.274629 0.000000 0.961550 0.400000 0.400000 0.400000
349.197662 0.000000 1922.515259 0.000000 0.335927 0.000000 -0.941888 0.400000 0.400000 0.400000
334.740204 0.000000 1920.960571 0.000000 0.944199 0.000000 0.329376 0.400000 0.400000 0.400000
345.315979 0.000000 1918.588989 0.000000 0.968374 0.000000 0.249502 0.400000 0.400000 0.400000
315.025452 0.000000 1982.807617 0.000000 0.859644 0.000000 0.510893 0.400000 0.400000 0.400000
269.199677 0.000000 1961.773438 0.000000 0.790708 0.000000 -0.612194 0.400000 0.400000 0.400000
266.780182 0.000000 1973.816406 0.000000 0.692069 0.000000 0.721831 0.400000 0.400000 0.400000
272.568329 0.000000 1954.055054 0.000000 0.119082 0.000000 -0.992884 0.400000 0.400000 0.400000
263.824707 0.000000 1967.914185 0.000000 0.932493 0.000000 -0.361189 0.400000 0.400000 0.400000
347.131592 0.000000 1960.588989 0.000000 0.992654 0.000000 0.120988 0.400000 0.400000 0.400000
321.158691 0.000000 1983.880127 0.000000 0.114083 0.000000 -0.993471 0.400000 0.400000 0.400000
336.560547 0.000000 1954.055054 0.000000 0.907102 0.000000 0.420911 0.400000 0.400000 0.400000
322.897003 0.000000 1976.000000 0.000000 0.130313 0.000000 -0.991473 0.400000 0.400000 0.400000
328.916321 0.000000 1954.642944 0.000000 0.245560 0.000000 -0.969381 0.400000 0.400000 0.400000
339.791260 0.000000 1960.178223 0.000000 0.472965 0.000000 -0.881081 0.400000 0.400000 0.400000
332.806641 0.000000 1956.929688 0.000000 0.974209 0.000000 0.225649 0.400000 0.400000 0.400000
325.036224 0.000000 1952.180786 0.000000 0.025022 0.000000 -0.999687 0.400000 0.400000 0.400000
336.301056 0.000000 1958.564453 0.000000 0.532618 0.000000 0.846356 0.400000 0.400000 0.400000
397.184082 0.000000 1914.531250 0.000000 0.429441 0.000000 -0.903095 0.400000 0.400000 0.400000
394.764587 0.000000 1926.574219 0.000000 0.975196 0.000000 0.221342 0.400000 0.400000 0.400000
400.552734 0.000000 1906.812866 0.000000 0.508177 0.000000 -0.861253 0.400000 0.400000 0.400000
391.809082 0.000000 1920.671997 0.000000 0.999244 0.000000 0.038871 0.400000 0.400000 0.400000
417.739868 0.000000 1976.931885 0.000000 0.242601 0.000000 0.970126 0.400000 0.400000 0.400000
420.941528 0.000000 1966.158081 0.000000 0.317719 0.000000 -0.948185 0.400000 0.400000 0.400000
412.123779 0.000000 1981.638428 0.000000 0.984656 0.000000 0.174508 0.400000 0.400000 0.400000
423.225281 0.000000 1972.728638 0.000000 0.995904 0.000000 -0.090419 0.400000 0.400000 0.400000
426.608459 0.000000 1967.399170 0.000000 0.765916 0.000000 -0.642941 0.400000 0.400000 0.400000
418.335266 0.000000 1971.002319 0.000000 0.183307 0.000000 0.983056 0.400000 0.400000 0.400000
414.087982 0.000000 1974.239746 0.000000 0.844034 0.000000 -0.536290 0.400000 0.400000 0.400000
414.216705 0.000000 1978.413086 0.000000 0.999773 0.000000 0.021287 0.400000 0.400000 0.400000
419.829071 0.000000 1974.145630 0.000000 0.774303 0.000000 -0.632815 0.400000 0.400000 0.400000
310.878265 0.000000 1996.125488 0.000000 0.986816 0.000000 -0.161847 0.400000 0.400000 0.400000
267.408966 0.000000 1994.873169 0.000000 0.064861 0.000000 -0.997894 0.400000 0.400000 0.400000
301.962738 0.000000 2019.196777 0.000000 0.791156 0.000000 -0.611614 0.400000 0.400000 0.400000
297.366821 0.000000 2003.181274 0.000000 0.393559 0.000000 -0.919299 0.400000 0.400000 0.400000
292.957123 0.000000 2013.400269 0.000000 0.336243 0.000000 -0.941775 0.400000 0.400000 0.400000
277.163605 0.000000 2017.046631 0.000000 0.853781 0.000000 -0.520633 0.400000 0.400000 0.400000
267.410461 0.000000 1985.867554 0.000000 0.790326 0.000000 0.612687 0.400000 0.400000 0.400000
302.546753 0.000000 2010.431641 0.000000 0.243420 0.000000 -0.969921 0.400000 0.400000 0.400000
309.614899 0.000000 1987.443237 0.000000 0.901568 0.000000 0.432638 0.400000 0.400000 0.400000
284.139404 0.000000 2028.880615 0.000000 0.962735 0.000000 0.270446 0.400000 0.400000 0.400000
295.240875 0.000000 2019.970825 0.000000 0.804790 0.000000 -0.593560 0.400000 0.400000 0.400000
281.646149 0.000000 2022.692749 0.000000 0.604142 0.000000 0.796877 0.400000 0.400000 0.400000
311.509949 0.000000 2003.174805 0.000000 0.327795 0.000000 0.944749 0.400000 0.400000 0.400000
275.179260 0.000000 2012.374634 0.000000 0.153683 0.000000 0.988120 0.400000 0.400000 0.400000
281.266479 0.000000 2017.839844 0.000000 0.063964 0.000000 0.997952 0.400000 0.400000 0.400000
272.839203 0.000000 2009.624512 0.000000 0.995312 0.000000 0.096718 0.400000 0.400000 0.400000
276.934723 0.000000 2075.010498 0.000000 0.618980 0.000000 -0.785407 0.400000 0.400000 0.400000
267.408966 0.000000 2042.115356 0.000000 0.985159 0.000000 -0.171646 0.400000 0.400000 0.400000
288.283356 0.000000 2035.895386 0.000000 0.170739 0.000000 0.985316 0.400000 0.400000 0.400000
257.166504 0.000000 2078.364502 0.000000 0.971953 0.000000 0.235176 0.400000 0.400000 0.400000
269.199677 0.000000 2056.257812 0.000000 0.728621 0.000000 0.684917 0.400000 0.400000 0.400000
277.163605 0.000000 2064.288818 0.000000 0.775679 0.000000 -0.631128 0.400000 0.400000 0.400000
261.649048 0.000000 2056.225098 0.000000 0.969623 0.000000 0.244605 0.400000 0.400000 0.400000
259.743927 0.000000 2042.393066 0.000000 0.992265 0.000000 -0.124140 0.400000 0.400000 0.400000
264.924133 0.000000 2049.127197 0.000000 0.807865 0.000000 -0.589368 0.400000 0.400000 0.400000
272.790466 0.000000 2037.639038 0.000000 0.315786 0.000000 0.948830 0.400000 0.400000 0.400000
262.514099 0.000000 2036.945312 0.000000 0.552584 0.000000 -0.833457 0.400000 0.400000 0.400000
265.168396 0.000000 2053.890381 0.000000 0.850015 0.000000 -0.526758 0.400000 0.400000 0.400000
263.619934 0.000000 2043.429565 0.000000 0.464175 0.000000 0.885744 0.400000 0.400000 0.400000
265.103729 0.000000 2046.135986 0.000000 0.332739 0.000000 -0.943019 0.400000 0.400000 0.400000
340.926910 0.000000 2075.010498 0.000000 0.246427 0.000000 -0.969161 0.400000 0.400000 0.400000
375.083130 0.000000 2056.511230 0.000000 0.347398 0.000000 -0.937718 0.400000 0.400000 0.400000
376.146088 0.000000 2067.606934 0.000000 0.378177 0.000000 0.925733 0.400000 0.400000 0.400000
366.538971 0.000000 2057.673828 0.000000 0.722958 0.000000 0.690892 0.400000 0.400000 0.400000
333.142578 0.000000 2075.509277 0.000000 0.973293 0.000000 0.229566 0.400000 0.400000 0.400000
380.744904 0.000000 2061.902588 0.000000 0.535390 0.000000 0.844605 0.400000 0.400000 0.400000
371.482910 0.000000 2062.352539 0.000000 0.191944 0.000000 -0.981406 0.400000 0.400000 0.400000
337.026886 0.000000 2069.775635 0.000000 0.869973 0.000000 -0.493099 0.400000 0.400000 0.400000
365.762665 0.000000 2052.877930 0.000000 0.700169 0.000000 0.713977 0.400000 0.400000 0.400000
370.570374 0.000000 2054.908936 0.000000 0.940064 0.000000 -0.340998 0.400000 0.400000 0.400000
333.290070 0.000000 2071.277344 0.000000 0.515762 0.000000 0.856732 0.400000 0.400000 0.400000
395.393372 0.000000 1994.873169 0.000000 0.101629 0.000000 0.994822 0.400000 0.400000 0.400000
385.150879 0.000000 2031.122314 0.000000 0.391742 0.000000 -0.920075 0.400000 0.400000 0.400000
397.184082 0.000000 2009.015625 0.000000 0.248820 0.000000 -0.968550 0.400000 0.400000 0.400000
395.394867 0.000000 1985.867554 0.000000 0.663022 0.000000 -0.748600 0.400000 0.400000 0.400000
400.774841 0.000000 1990.396851 0.000000 0.985257 0.000000 0.171081 0.400000 0.400000 0.400000
409.720642 0.000000 1989.734253 0.000000 0.269667 0.000000 0.962954 0.400000 0.400000 0.400000
396.798828 0.000000 2004.171875 0.000000 0.016767 0.000000 0.999859 0.400000 0.400000 0.400000
399.926819 0.000000 1985.899170 0.000000 0.628183 0.000000 0.778065 0.400000 0.400000 0.400000
395.393372 0.000000 2042.115356 0.000000 0.378400 0.000000 -0.925642 0.400000 0.400000 0.400000
384.252350 0.000000 2035.468384 0.000000 0.013156 0.000000 -0.999913 0.400000 0.400000 0.400000
387.728302 0.000000 2042.393066 0.000000 0.110592 0.000000 0.993866 0.400000 0.400000 0.400000
392.908508 0.000000 2049.127197 0.000000 0.243989 0.000000 -0.969778 0.400000 0.400000 0.400000
390.498474 0.000000 2036.945312 0.000000 0.734911 0.000000 0.678164 0.400000 0.400000 0.400000
389.028412 0.000000 2046.665161 0.000000 0.986913 0.000000 0.161255 0.400000 0.400000 0.400000
384.252258 0.000000 2045.027222 0.000000 0.739099 0.000000 0.673597 0.400000 0.400000 0.400000
384.940552 0.000000 2039.498413 0.000000 0.749577 0.000000 -0.661917 0.400000 0.400000 0.400000
237.643982 0.000000 2079.529297 0.000000 0.996965 0.000000 -0.077858 0.400000 0.400000 0.400000
247.098724 0.000000 2103.753418 0.000000 0.942969 0.000000 -0.332881 0.400000 0.400000 0.400000
248.161697 0.000000 2114.849365 0.000000 0.956694 0.000000 -0.291094 0.400000 0.400000 0.400000
232.800415 0.000000 2088.058594 0.000000 0.576978 0.000000 -0.816760 0.400000 0.400000 0.400000
245.622711 0.000000 2081.927734 0.000000 0.918857 0.000000 0.394590 0.400000 0.400000 0.400000
242.219574 0.000000 2122.693115 0.000000 0.292612 0.000000 0.956231 0.400000 0.400000 0.400000
241.834625 0.000000 2097.018066 0.000000 0.707434 0.000000 0.706779 0.400000 0.400000 0.400000
240.366791 0.000000 2087.135742 0.000000 0.584576 0.000000 0.811339 0.400000 0.400000 0.400000
242.148224 0.000000 2091.635986 0.000000 0.999454 0.000000 -0.033048 0.400000 0.400000 0.400000
242.585968 0.000000 2102.151367 0.000000 0.961859 0.000000 -0.273546 0.400000 0.400000 0.400000
251.202271 0.000000 2091.854736 0.000000 0.636363 0.000000 -0.771389 0.400000 0.400000 0.400000
246.886078 0.000000 2137.852051 0.000000 0.999535 0.000000 0.030480 0.400000 0.400000 0.400000
245.622711 0.000000 2129.169922 0.000000 0.851865 0.000000 -0.523762 0.400000 0.400000 0.400000
253.209747 0.000000 2143.496338 0.000000 0.996742 0.000000 0.080655 0.400000 0.400000 0.400000
267.408966 0.000000 2089.357666 0.000000 0.737718 0.000000 -0.675109 0.400000 0.400000 0.400000
269.199677 0.000000 2103.500244 0.000000 0.694180 0.000000 0.719802 0.400000 0.400000 0.400000
276.228058 0.000000 2078.771240 0.000000 0.626124 0.000000 0.779724 0.400000 0.400000 0.400000
256.267944 0.000000 2082.710693 0.000000 0.875262 0.000000 0.483648 0.400000 0.400000 0.400000
266.780182 0.000000 2115.543213 0.000000 0.190599 0.000000 -0.981668 0.400000 0.400000 0.400000
277.163605 0.000000 2111.531006 0.000000 0.594524 0.000000 -0.804078 0.400000 0.400000 0.400000
261.649048 0.000000 2103.467285 0.000000 0.973915 0.000000 0.226913 0.400000 0.400000 0.400000
264.924133 0.000000 2096.369629 0.000000 0.389846 0.000000 -0.920880 0.400000 0.400000 0.400000
272.790466 0.000000 2084.881348 0.000000 0.395374 0.000000 -0.918520 0.400000 0.400000 0.400000
271.942413 0.000000 2080.383789 0.000000 0.195236 0.000000 0.980756 0.400000 0.400000 0.400000
261.044006 0.000000 2093.907471 0.000000 0.910729 0.000000 0.413005 0.400000 0.400000 0.400000
261.186920 0.000000 2099.008789 0.000000 0.993860 0.000000 -0.110647 0.400000 0.400000 0.400000
268.010193 0.000000 2084.960938 0.000000 0.356896 0.000000 -0.934144 0.400000 0.400000 0.400000
265.168396 0.000000 2101.132568 0.000000 0.500645 0.000000 -0.865653 0.400000 0.400000 0.400000
265.321564 0.000000 2105.603516 0.000000 0.239524 0.000000 0.970890 0.400000 0.400000 0.400000
263.619934 0.000000 2090.671875 0.000000 0.982495 0.000000 -0.186291 0.400000 0.400000 0.400000
267.214233 0.000000 2111.807373 0.000000 0.758482 0.000000 0.651694 0.400000 0.400000 0.400000
340.926910 0.000000 2122.252686 0.000000 0.954878 0.000000 0.296999 0.400000 0.400000 0.400000
365.954956 0.000000 2113.681152 0.000000 0.929529 0.000000 0.368748 0.400000 0.400000 0.400000
347.131592 0.000000 2102.315674 0.000000 0.411702 0.000000 -0.911318 0.400000 0.400000 0.400000
365.628387 0.000000 2079.529297 0.000000 0.470147 0.000000 -0.882588 0.400000 0.400000 0.400000
340.220245 0.000000 2078.771240 0.000000 0.861807 0.000000 -0.507236 0.400000 0.400000 0.400000
376.146088 0.000000 2114.849365 0.000000 0.973446 0.000000 -0.228919 0.400000 0.400000 0.400000
366.538971 0.000000 2104.916260 0.000000 0.198129 0.000000 0.980176 0.400000 0.400000 0.400000
361.391815 0.000000 2122.233398 0.000000 0.714420 0.000000 0.699717 0.400000 0.400000 0.400000
373.607117 0.000000 2081.927734 0.000000 0.875796 0.000000 -0.482681 0.400000 0.400000 0.400000
370.203979 0.000000 2122.693115 0.000000 0.966158 0.000000 -0.257950 0.400000 0.400000 0.400000
369.819000 0.000000 2097.018066 0.000000 0.023779 0.000000 -0.999717 0.400000 0.400000 0.400000
371.482910 0.000000 2109.594971 0.000000 0.948927 0.000000 -0.315497 0.400000 0.400000 0.400000
370.878052 0.000000 2117.108398 0.000000 0.722128 0.000000 -0.691759 0.400000 0.400000 0.400000
362.616272 0.000000 2109.125977 0.000000 0.519886 0.000000 0.854236 0.400000 0.400000 0.400000
351.704865 0.000000 2105.438232 0.000000 0.318967 0.000000 0.947766 0.400000 0.400000 0.400000
364.122559 0.000000 2084.373535 0.000000 0.703779 0.000000 0.710419 0.400000 0.400000 0.400000
368.324707 0.000000 2082.850586 0.000000 0.393412 0.000000 -0.919362 0.400000 0.400000 0.400000
267.408966 0.000000 2136.599854 0.000000 0.544486 0.000000 -0.838770 0.400000 0.400000 0.400000
256.337402 0.000000 2156.255859 0.000000 0.311005 0.000000 0.950408 0.400000 0.400000 0.400000
311.090912 0.000000 2150.995605 0.000000 0.966431 0.000000 -0.256926 0.400000 0.400000 0.400000
312.153900 0.000000 2162.091553 0.000000 0.563324 0.000000 0.826236 0.400000 0.400000 0.400000
306.211761 0.000000 2169.935303 0.000000 0.741614 0.000000 0.670827 0.400000 0.400000 0.400000
258.904816 0.000000 2164.968750 0.000000 0.317847 0.000000 0.948142 0.400000 0.400000 0.400000
259.743927 0.000000 2136.877686 0.000000 0.071834 0.000000 -0.997417 0.400000 0.400000 0.400000
307.490723 0.000000 2156.837158 0.000000 0.664706 0.000000 0.747105 0.400000 0.400000 0.400000
262.789001 0.000000 2169.660400 0.000000 0.869796 0.000000 0.493411 0.400000 0.400000 0.400000
306.885864 0.000000 2164.350586 0.000000 0.700264 0.000000 0.713884 0.400000 0.400000 0.400000
263.282440 0.000000 2165.512939 0.000000 0.670164 0.000000 0.742213 0.400000 0.400000 0.400000
308.470795 0.000000 2160.696777 0.000000 0.687901 0.000000 -0.725804 0.400000 0.400000 0.400000
365.954956 0.000000 2160.923340 0.000000 0.655556 0.000000 0.755147 0.400000 0.400000 0.400000
352.275574 0.000000 2130.379883 0.000000 0.997388 0.000000 0.072235 0.400000 0.400000 0.400000
379.017670 0.000000 2171.776611 0.000000 0.797157 0.000000 0.603772 0.400000 0.400000 0.400000
361.359039 0.000000 2144.907959 0.000000 0.092589 0.000000 -0.995704 0.400000 0.400000 0.400000
365.628387 0.000000 2126.771484 0.000000 0.919359 0.000000 -0.393420 0.400000 0.400000 0.400000
375.083130 0.000000 2150.995605 0.000000 0.275039 0.000000 -0.961433 0.400000 0.400000 0.400000
340.220245 0.000000 2126.013428 0.000000 0.644754 0.000000 0.764390 0.400000 0.400000 0.400000
343.236938 0.000000 2137.764160 0.000000 0.950930 0.000000 0.309408 0.400000 0.400000 0.400000
356.949341 0.000000 2155.126953 0.000000 0.934340 0.000000 -0.356383 0.400000 0.400000 0.400000
376.146088 0.000000 2162.091553 0.000000 0.505169 0.000000 -0.863020 0.400000 0.400000 0.400000
366.538971 0.000000 2152.158447 0.000000 0.949003 0.000000 0.315266 0.400000 0.400000 0.400000
370.203979 0.000000 2169.935303 0.000000 0.915143 0.000000 -0.403129 0.400000 0.400000 0.400000
354.412964 0.000000 2147.846436 0.000000 0.668863 0.000000 -0.743386 0.400000 0.400000 0.400000
380.744904 0.000000 2156.387207 0.000000 0.896398 0.000000 -0.443250 0.400000 0.400000 0.400000
359.233093 0.000000 2161.697510 0.000000 0.844480 0.000000 -0.535587 0.400000 0.400000 0.400000
371.482910 0.000000 2156.837158 0.000000 0.284320 0.000000 0.958729 0.400000 0.400000 0.400000
345.728455 0.000000 2131.460938 0.000000 0.985048 0.000000 -0.172283 0.400000 0.400000 0.400000
358.673340 0.000000 2126.785889 0.000000 0.986676 0.000000 -0.162700 0.400000 0.400000 0.400000
380.892822 0.000000 2165.850586 0.000000 0.643746 0.000000 -0.765240 0.400000 0.400000 0.400000
349.636627 0.000000 2135.738037 0.000000 0.732013 0.000000 0.681291 0.400000 0.400000 0.400000
360.378906 0.000000 2150.543213 0.000000 0.859076 0.000000 0.511848 0.400000 0.400000 0.400000
370.878052 0.000000 2164.350586 0.000000 0.933891 0.000000 -0.357559 0.400000 0.400000 0.400000
362.616272 0.000000 2156.368164 0.000000 0.169402 0.000000 -0.985547 0.400000 0.400000 0.400000
365.829529 0.000000 2166.418945 0.000000 0.738088 0.000000 0.674705 0.400000 0.400000 0.400000
355.097290 0.000000 2135.589600 0.000000 0.058311 0.000000 -0.998298 0.400000 0.400000 0.400000
341.291290 0.000000 2133.556641 0.000000 0.319772 0.000000 0.947495 0.400000 0.400000 0.400000
378.714691 0.000000 2147.783203 0.000000 0.634081 0.000000 -0.773267 0.400000 0.400000 0.400000
348.213043 0.000000 2139.580078 0.000000 0.737663 0.000000 0.675169 0.400000 0.400000 0.400000
378.793945 0.000000 2152.600830 0.000000 0.401363 0.000000 -0.915919 0.400000 0.400000 0.400000
367.620758 0.000000 2156.038574 0.000000 0.594551 0.000000 -0.804058 0.400000 0.400000 0.400000
355.453247 0.000000 2151.559326 0.000000 0.910061 0.000000 0.414473 0.400000 0.400000 0.400000
340.397186 0.000000 2129.783691 0.000000 0.751512 0.000000 -0.659719 0.400000 0.400000 0.400000
362.481476 0.000000 2160.001465 0.000000 0.512154 0.000000 0.858894 0.400000 0.400000 0.400000
345.734009 0.000000 2135.082520 0.000000 0.890875 0.000000 0.454249 0.400000 0.400000 0.400000
359.075012 0.000000 2158.031982 0.000000 0.252704 0.000000 -0.967544 0.400000 0.400000 0.400000
359.923737 0.000000 2154.046631 0.000000 0.467892 0.000000 0.883786 0.400000 0.400000 0.400000
364.667847 0.000000 2163.777344 0.000000 0.366230 0.000000 0.930524 0.400000 0.400000 0.400000
385.150879 0.000000 2172.849121 0.000000 0.421536 0.000000 -0.906812 0.400000 0.400000 0.400000
283.139374 0.000000 2196.800049 0.000000 0.367397 0.000000 0.930064 0.400000 0.400000 0.400000
297.366821 0.000000 2192.150146 0.000000 0.458191 0.000000 0.888854 0.400000 0.400000 0.400000
301.636169 0.000000 2174.013672 0.000000 0.688008 0.000000 0.725703 0.400000 0.400000 0.400000
289.755493 0.000000 2213.142822 0.000000 0.917527 0.000000 -0.397673 0.400000 0.400000 0.400000
292.957123 0.000000 2202.369141 0.000000 0.170830 0.000000 -0.985301 0.400000 0.400000 0.400000
288.459351 0.000000 2187.901367 0.000000 0.211263 0.000000 0.977429 0.400000 0.400000 0.400000
296.792603 0.000000 2182.542969 0.000000 0.887939 0.000000 0.459961 0.400000 0.400000 0.400000
305.826813 0.000000 2191.502441 0.000000 0.681165 0.000000 0.732130 0.400000 0.400000 0.400000
285.205475 0.000000 2205.968506 0.000000 0.956713 0.000000 0.291032 0.400000 0.400000 0.400000
304.358978 0.000000 2181.620117 0.000000 0.258919 0.000000 -0.965899 0.400000 0.400000 0.400000
301.149750 0.000000 2187.358643 0.000000 0.975587 0.000000 -0.219615 0.400000 0.400000 0.400000
296.386719 0.000000 2197.785400 0.000000 0.938486 0.000000 0.345317 0.400000 0.400000 0.400000
271.942413 0.000000 2174.868164 0.000000 0.779015 0.000000 0.627005 0.400000 0.400000 0.400000
352.275574 0.000000 2177.622070 0.000000 0.546142 0.000000 0.837693 0.400000 0.400000 0.400000
379.017670 0.000000 2219.018799 0.000000 0.749867 0.000000 0.661588 0.400000 0.400000 0.400000
361.359039 0.000000 2192.150146 0.000000 0.964312 0.000000 -0.264767 0.400000 0.400000 0.400000
381.338928 0.000000 2173.343506 0.000000 0.968679 0.000000 0.248318 0.400000 0.400000 0.400000
343.236938 0.000000 2185.006348 0.000000 0.309450 0.000000 0.950916 0.400000 0.400000 0.400000
376.146088 0.000000 2209.333740 0.000000 0.948514 0.000000 -0.316736 0.400000 0.400000 0.400000
352.451538 0.000000 2187.901367 0.000000 0.312569 0.000000 -0.949895 0.400000 0.400000 0.400000
360.784790 0.000000 2182.542969 0.000000 0.512881 0.000000 0.858460 0.400000 0.400000 0.400000
366.538971 0.000000 2199.400635 0.000000 0.654181 0.000000 -0.756338 0.400000 0.400000 0.400000
373.607117 0.000000 2176.412109 0.000000 0.268353 0.000000 -0.963321 0.400000 0.400000 0.400000
371.482910 0.000000 2204.079346 0.000000 0.961857 0.000000 -0.273554 0.400000 0.400000 0.400000
349.636627 0.000000 2182.980225 0.000000 0.998056 0.000000 0.062317 0.400000 0.400000 0.400000
360.378906 0.000000 2197.785400 0.000000 0.426614 0.000000 0.904434 0.400000 0.400000 0.400000
370.878052 0.000000 2211.592773 0.000000 0.571649 0.000000 0.820498 0.400000 0.400000 0.400000
375.445862 0.000000 2214.761719 0.000000 0.787765 0.000000 -0.615976 0.400000 0.400000 0.400000
358.196960 0.000000 2187.449707 0.000000 0.438024 0.000000 0.898963 0.400000 0.400000 0.400000
355.097290 0.000000 2182.831787 0.000000 0.616815 0.000000 -0.787108 0.400000 0.400000 0.400000
357.411957 0.000000 2178.655518 0.000000 0.338942 0.000000 -0.940807 0.400000 0.400000 0.400000
370.086945 0.000000 2173.296631 0.000000 0.136487 0.000000 0.990642 0.400000 0.400000 0.400000
348.213043 0.000000 2186.822266 0.000000 0.874347 0.000000 0.485301 0.400000 0.400000 0.400000
310.878265 0.000000 2232.336426 0.000000 0.386707 0.000000 0.922203 0.400000 0.400000 0.400000
317.201935 0.000000 2237.980713 0.000000 0.327461 0.000000 0.944865 0.400000 0.400000 0.400000
318.452026 0.000000 2244.369385 0.000000 0.594336 0.000000 -0.804217 0.400000 0.400000 0.400000
315.194458 0.000000 2233.581299 0.000000 0.040468 0.000000 0.999181 0.400000 0.400000 0.400000
340.926910 0.000000 2263.979248 0.000000 0.467353 0.000000 0.884071 0.400000 0.400000 0.400000
374.870483 0.000000 2232.336426 0.000000 0.688588 0.000000 -0.725153 0.400000 0.400000 0.400000
331.401184 0.000000 2231.084229 0.000000 0.377648 0.000000 -0.925949 0.400000 0.400000 0.400000
320.329590 0.000000 2250.740234 0.000000 0.397180 0.000000 -0.917741 0.400000 0.400000 0.400000
347.131592 0.000000 2244.042236 0.000000 0.421771 0.000000 0.906702 0.400000 0.400000 0.400000
353.747681 0.000000 2260.385010 0.000000 0.562890 0.000000 0.826532 0.400000 0.400000 0.400000
340.220245 0.000000 2220.497803 0.000000 0.998726 0.000000 0.050457 0.400000 0.400000 0.400000
321.239746 0.000000 2238.217773 0.000000 0.635252 0.000000 0.772305 0.400000 0.400000 0.400000
343.236938 0.000000 2232.248535 0.000000 0.495671 0.000000 0.868510 0.400000 0.400000 0.400000
331.402679 0.000000 2222.078613 0.000000 0.729721 0.000000 -0.683745 0.400000 0.400000 0.400000
361.391815 0.000000 2263.959961 0.000000 0.347259 0.000000 -0.937769 0.400000 0.400000 0.400000
336.560547 0.000000 2237.508301 0.000000 0.558381 0.000000 -0.829585 0.400000 0.400000 0.400000
381.194122 0.000000 2237.980713 0.000000 0.998267 0.000000 -0.058853 0.400000 0.400000 0.400000
325.641235 0.000000 2245.193848 0.000000 0.996924 0.000000 -0.078377 0.400000 0.400000 0.400000
336.782654 0.000000 2226.607910 0.000000 0.950131 0.000000 -0.311852 0.400000 0.400000 0.400000
371.482910 0.000000 2251.321533 0.000000 0.882891 0.000000 0.469578 0.400000 0.400000 0.400000
327.816895 0.000000 2251.367432 0.000000 0.999770 0.000000 -0.021431 0.400000 0.400000 0.400000
382.444214 0.000000 2244.369385 0.000000 0.949852 0.000000 0.312700 0.400000 0.400000 0.400000
323.998993 0.000000 2254.629395 0.000000 0.415754 0.000000 0.909477 0.400000 0.400000 0.400000
341.291290 0.000000 2228.041016 0.000000 0.358393 0.000000 -0.933571 0.400000 0.400000 0.400000
332.380524 0.000000 2235.313477 0.000000 0.465435 0.000000 0.885082 0.400000 0.400000 0.400000
376.331635 0.000000 2220.499023 0.000000 0.806297 0.000000 0.591511 0.400000 0.400000 0.400000
385.231934 0.000000 2238.217773 0.000000 0.731667 0.000000 -0.681662 0.400000 0.400000 0.400000
843.338684 0.000000 2231.084229 0.000000 0.360625 0.000000 0.932711 0.400000 0.400000 0.400000
842.709900 0.000000 2257.269775 0.000000 0.904983 0.000000 -0.425447 0.400000 0.400000 0.400000
838.443848 0.000000 2225.914307 0.000000 0.130206 0.000000 0.991487 0.400000 0.400000 0.400000
843.939941 0.000000 2226.687500 0.000000 0.359781 0.000000 0.933037 0.400000 0.400000 0.400000
844.318054 0.000000 2235.313477 0.000000 0.388139 0.000000 -0.921601 0.400000 0.400000 0.400000
841.251282 0.000000 2247.330078 0.000000 0.162398 0.000000 0.986725 0.400000 0.400000 0.400000
843.143982 0.000000 2253.533936 0.000000 0.981432 0.000000 0.191813 0.400000 0.400000 0.400000
840.357056 0.000000 2228.920898 0.000000 0.484930 0.000000 -0.874553 0.400000 0.400000 0.400000
841.461609 0.000000 2224.659668 0.000000 0.880433 0.000000 -0.474171 0.400000 0.400000 0.400000
842.860901 0.000000 2250.819580 0.000000 0.613112 0.000000 -0.789996 0.400000 0.400000 0.400000
502.854858 0.000000 2940.969238 0.000000 0.942818 0.000000 0.333307 0.400000 0.400000 0.400000
501.591492 0.000000 2932.287109 0.000000 0.738757 0.000000 -0.673972 0.400000 0.400000 0.400000
509.178497 0.000000 2946.613525 0.000000 0.443600 0.000000 0.896225 0.400000 0.400000 0.400000
497.803375 0.000000 2947.377441 0.000000 0.192235 0.000000 -0.981349 0.400000 0.400000 0.400000
496.335541 0.000000 2937.495117 0.000000 0.986318 0.000000 -0.164853 0.400000 0.400000 0.400000
510.428589 0.000000 2953.002197 0.000000 0.827624 0.000000 -0.561283 0.400000 0.400000 0.400000
503.486542 0.000000 2948.018555 0.000000 0.805940 0.000000 -0.591998 0.400000 0.400000 0.400000
510.606537 0.000000 2949.606689 0.000000 0.986213 0.000000 -0.165483 0.400000 0.400000 0.400000
513.216309 0.000000 2946.850586 0.000000 0.408041 0.000000 0.912964 0.400000 0.400000 0.400000
529.003418 0.000000 2967.377197 0.000000 0.794083 0.000000 0.607809 0.400000 0.400000 0.400000
512.236633 0.000000 2942.628906 0.000000 0.310875 0.000000 -0.950451 0.400000 0.400000 0.400000
526.101868 0.000000 2965.249756 0.000000 0.607098 0.000000 0.794627 0.400000 0.400000 0.400000
1522.737549 0.000000 2400.561523 0.000000 0.469961 0.000000 -0.882687 0.400000 0.400000 0.400000
1527.305298 0.000000 2403.730469 0.000000 0.680921 0.000000 0.732356 0.400000 0.400000 0.400000
1509.655151 0.000000 2407.293213 0.000000 0.997120 0.000000 0.075843 0.400000 0.400000 0.400000
1525.956055 0.000000 2400.909424 0.000000 0.863376 0.000000 0.504561 0.400000 0.400000 0.400000
1517.487793 0.000000 2410.224609 0.000000 0.458148 0.000000 0.888876 0.400000 0.400000 0.400000
1520.210693 0.000000 2417.831055 0.000000 0.818114 0.000000 0.575055 0.400000 0.400000 0.400000
1480.775757 0.000000 2427.064941 0.000000 0.934908 0.000000 -0.354890 0.400000 0.400000 0.400000
1477.038574 0.000000 2429.704102 0.000000 0.950996 0.000000 -0.309203 0.400000 0.400000 0.400000
1520.184204 0.000000 2413.545898 0.000000 0.297388 0.000000 0.954757 0.400000 0.400000 0.400000
1523.083008 0.000000 2415.275635 0.000000 0.794660 0.000000 -0.607054 0.400000 0.400000 0.400000
1522.625244 0.000000 2412.364502 0.000000 0.683240 0.000000 -0.730194 0.400000 0.400000 0.400000
1521.736572 0.000000 2419.684082 0.000000 0.483940 0.000000 0.875101 0.400000 0.400000 0.400000
1567.556519 0.000000 2436.133545 0.000000 0.946783 0.000000 -0.321873 0.400000 0.400000 0.400000
1557.372803 0.000000 2427.249512 0.000000 0.829576 0.000000 -0.558394 0.400000 0.400000 0.400000
1559.732300 0.000000 2430.608154 0.000000 0.235321 0.000000 -0.971918 0.400000 0.400000 0.400000
3578.627197 0.000000 2219.018799 0.000000 0.632958 0.000000 0.774186 0.400000 0.400000 0.400000
3582.053711 0.000000 2197.127197 0.000000 0.710220 0.000000 0.703979 0.400000 0.400000 0.400000
3578.403564 0.000000 2199.843018 0.000000 0.792191 0.000000 0.610274 0.400000 0.400000 0.400000
3576.210205 0.000000 2217.418213 0.000000 0.365866 0.000000 -0.930667 0.400000 0.400000 0.400000
3580.948486 0.000000 2220.585693 0.000000 0.148533 0.000000 0.988907 0.400000 0.400000 0.400000
3604.528809 0.000000 2169.494873 0.000000 0.963220 0.000000 -0.268714 0.400000 0.400000 0.400000
3642.619385 0.000000 2171.776611 0.000000 0.694189 0.000000 0.719793 0.400000 0.400000 0.400000
3612.799561 0.000000 2158.726318 0.000000 0.751683 0.000000 0.659524 0.400000 0.400000 0.400000
3608.917725 0.000000 2154.800049 0.000000 0.350727 0.000000 0.936478 0.400000 0.400000 0.400000
3639.047607 0.000000 2167.519531 0.000000 0.825729 0.000000 0.564067 0.400000 0.400000 0.400000
3647.082520 0.000000 2161.149902 0.000000 0.756195 0.000000 0.654346 0.400000 0.400000 0.400000
3604.937012 0.000000 2163.971924 0.000000 0.454837 0.000000 -0.890575 0.400000 0.400000 0.400000
3608.860352 0.000000 2159.566406 0.000000 0.336029 0.000000 0.941852 0.400000 0.400000 0.400000
3597.377441 0.000000 2172.829346 0.000000 0.652177 0.000000 0.758066 0.400000 0.400000 0.400000
3610.398926 0.000000 2157.208740 0.000000 0.763063 0.000000 0.646324 0.400000 0.400000 0.400000
3714.483154 0.000000 2164.968750 0.000000 0.469713 0.000000 -0.882819 0.400000 0.400000 0.400000
3718.860840 0.000000 2165.512939 0.000000 0.864474 0.000000 -0.502678 0.400000 0.400000 0.400000
3715.187744 0.000000 2168.291260 0.000000 0.161438 0.000000 -0.986883 0.400000 0.400000 0.400000
3807.854004 0.000000 2130.379883 0.000000 0.756412 0.000000 -0.654095 0.400000 0.400000 0.400000
3788.770264 0.000000 2150.742432 0.000000 0.998201 0.000000 0.059953 0.400000 0.400000 0.400000
3809.325928 0.000000 2165.900635 0.000000 0.995130 0.000000 -0.098569 0.400000 0.400000 0.400000
3825.397461 0.000000 2144.260254 0.000000 0.100884 0.000000 0.994898 0.400000 0.400000 0.400000
3801.216797 0.000000 2164.419434 0.000000 0.563351 0.000000 0.826218 0.400000 0.400000 0.400000
3783.395264 0.000000 2156.883057 0.000000 0.031934 0.000000 -0.999490 0.400000 0.400000 0.400000
3809.921387 0.000000 2159.971191 0.000000 0.228923 0.000000 -0.973444 0.400000 0.400000 0.400000
3821.341064 0.000000 2147.362549 0.000000 0.851373 0.000000 -0.524561 0.400000 0.400000 0.400000
3808.174072 0.000000 2156.575684 0.000000 0.508740 0.000000 0.860920 0.400000 0.400000 0.400000
3807.901367 0.000000 2133.994141 0.000000 0.283706 0.000000 0.958911 0.400000 0.400000 0.400000
3798.092041 0.000000 2166.639160 0.000000 0.548636 0.000000 -0.836061 0.400000 0.400000 0.400000
3780.343750 0.000000 2157.390869 0.000000 0.991774 0.000000 -0.128003 0.400000 0.400000 0.400000
3809.770020 0.000000 2154.285889 0.000000 0.921106 0.000000 0.389311 0.400000 0.400000 0.400000
3822.528809 0.000000 2149.635986 0.000000 0.007920 0.000000 -0.999969 0.400000 0.400000 0.400000
3583.931396 0.000000 2203.498047 0.000000 0.721595 0.000000 0.692316 0.400000 0.400000 0.400000
3644.940674 0.000000 2173.343506 0.000000 0.869186 0.000000 0.494485 0.400000 0.400000 0.400000
3595.004395 0.000000 2174.836426 0.000000 0.721550 0.000000 -0.692363 0.400000 0.400000 0.400000
3586.498779 0.000000 2212.210938 0.000000 0.981936 0.000000 -0.189213 0.400000 0.400000 0.400000
3617.317871 0.000000 2173.421631 0.000000 0.434543 0.000000 0.900651 0.400000 0.400000 0.400000
3614.572510 0.000000 2173.922363 0.000000 0.257824 0.000000 0.966192 0.400000 0.400000 0.400000
3660.736572 0.000000 2217.235840 0.000000 0.999638 0.000000 -0.026904 0.400000 0.400000 0.400000
3663.895020 0.000000 2194.775391 0.000000 0.300958 0.000000 0.953637 0.400000 0.400000 0.400000
3660.092529 0.000000 2201.314209 0.000000 0.843898 0.000000 -0.536504 0.400000 0.400000 0.400000
3663.735840 0.000000 2201.513672 0.000000 0.745405 0.000000 -0.666612 0.400000 0.400000 0.400000
3658.517334 0.000000 2203.577393 0.000000 0.999097 0.000000 -0.042499 0.400000 0.400000 0.400000
3616.053223 0.000000 2235.143555 0.000000 0.340227 0.000000 0.940343 0.400000 0.400000 0.400000
3621.798828 0.000000 2234.691895 0.000000 0.143191 0.000000 -0.989695 0.400000 0.400000 0.400000
3608.860352 0.000000 2254.050781 0.000000 0.318813 0.000000 -0.947818 0.400000 0.400000 0.400000
3615.938965 0.000000 2232.010498 0.000000 0.174041 0.000000 0.984738 0.400000 0.400000 0.400000
3611.134766 0.000000 2256.103271 0.000000 0.957966 0.000000 -0.286880 0.400000 0.400000 0.400000
3693.548828 0.000000 2255.407715 0.000000 0.817413 0.000000 0.576052 0.400000 0.400000 0.400000
3648.752686 0.000000 2267.333496 0.000000 0.993669 0.000000 -0.112346 0.400000 0.400000 0.400000
3654.004883 0.000000 2220.627197 0.000000 0.149616 0.000000 -0.988744 0.400000 0.400000 0.400000
3690.075439 0.000000 2254.485840 0.000000 0.666512 0.000000 -0.745495 0.400000 0.400000 0.400000
3692.689941 0.000000 2252.565430 0.000000 0.914419 0.000000 -0.404770 0.400000 0.400000 0.400000
3866.702148 0.000000 2102.315674 0.000000 0.802182 0.000000 -0.597080 0.400000 0.400000 0.400000
3872.021973 0.000000 2093.416992 0.000000 0.872537 0.000000 0.488548 0.400000 0.400000 0.400000
3865.745850 0.000000 2096.063721 0.000000 0.922075 0.000000 -0.387010 0.400000 0.400000 0.400000
3864.886475 0.000000 2107.557861 0.000000 0.916903 0.000000 -0.399111 0.400000 0.400000 0.400000
3874.667725 0.000000 2088.347412 0.000000 0.699972 0.000000 0.714170 0.400000 0.400000 0.400000
3869.373535 0.000000 2095.251465 0.000000 0.099497 0.000000 0.995038 0.400000 0.400000 0.400000
3569.813477 0.000000 2311.661865 0.000000 0.860970 0.000000 0.508656 0.400000 0.400000 0.400000
3582.797607 0.000000 2313.427979 0.000000 0.060758 0.000000 0.998152 0.400000 0.400000 0.400000
3638.472168 0.000000 2279.578613 0.000000 0.619163 0.000000 0.785262 0.400000 0.400000 0.400000
3615.877441 0.000000 2272.106445 0.000000 0.729943 0.000000 0.683508 0.400000 0.400000 0.400000
3638.684814 0.000000 2292.722168 0.000000 0.944656 0.000000 0.328062 0.400000 0.400000 0.400000
3644.795898 0.000000 2285.222900 0.000000 0.457115 0.000000 -0.889408 0.400000 0.400000 0.400000
3589.242920 0.000000 2292.436035 0.000000 0.440710 0.000000 0.897649 0.400000 0.400000 0.400000
3592.518066 0.000000 2285.338379 0.000000 0.371953 0.000000 -0.928252 0.400000 0.400000 0.400000
3644.044678 0.000000 2275.517090 0.000000 0.973047 0.000000 0.230608 0.400000 0.400000 0.400000
3590.383057 0.000000 2311.386963 0.000000 0.961803 0.000000 0.273744 0.400000 0.400000 0.400000
3634.172119 0.000000 2291.120117 0.000000 0.446313 0.000000 0.894877 0.400000 0.400000 0.400000
3593.668945 0.000000 2309.402832 0.000000 0.653146 0.000000 -0.757232 0.400000 0.400000 0.400000
3593.355469 0.000000 2313.364746 0.000000 0.500691 0.000000 0.865626 0.400000 0.400000 0.400000
3587.686768 0.000000 2313.062012 0.000000 0.860483 0.000000 -0.509479 0.400000 0.400000 0.400000
3664.154541 0.000000 2284.750488 0.000000 0.784990 0.000000 0.619509 0.400000 0.400000 0.400000
3664.376709 0.000000 2273.850098 0.000000 0.301460 0.000000 -0.953479 0.400000 0.400000 0.400000
3669.114990 0.000000 2285.522949 0.000000 0.633519 0.000000 0.773727 0.400000 0.400000 0.400000
3666.670898 0.000000 2284.530273 0.000000 0.992804 0.000000 0.119752 0.400000 0.400000 0.400000
3595.002930 0.000000 2325.568604 0.000000 0.912651 0.000000 0.408739 0.400000 0.400000 0.400000
3618.014648 0.000000 2336.815186 0.000000 0.970207 0.000000 -0.242279 0.400000 0.400000 0.400000
3587.337891 0.000000 2325.846436 0.000000 0.239000 0.000000 -0.971020 0.400000 0.400000 0.400000
3595.982422 0.000000 2329.797852 0.000000 0.634571 0.000000 0.772864 0.400000 0.400000 0.400000
3591.213867 0.000000 2326.882812 0.000000 0.224877 0.000000 0.974387 0.400000 0.400000 0.400000
3584.639404 0.000000 2315.766846 0.000000 0.005382 0.000000 0.999986 0.400000 0.400000 0.400000
3655.171387 0.000000 2349.937256 0.000000 0.957067 0.000000 0.289868 0.400000 0.400000 0.400000
3648.725830 0.000000 2341.684326 0.000000 0.777775 0.000000 -0.628543 0.400000 0.400000 0.400000
3624.960938 0.000000 2381.118896 0.000000 0.779899 0.000000 0.625905 0.400000 0.400000 0.400000
3628.743652 0.000000 2376.327393 0.000000 0.690139 0.000000 -0.723677 0.400000 0.400000 0.400000
3621.798828 0.000000 2376.418457 0.000000 0.361949 0.000000 0.932198 0.400000 0.400000 0.400000
3628.461426 0.000000 2379.936768 0.000000 0.432144 0.000000 -0.901805 0.400000 0.400000 0.400000
3624.443115 0.000000 2378.052734 0.000000 0.803610 0.000000 -0.595156 0.400000 0.400000 0.400000
5612.501953 0.000000 2895.991455 0.000000 0.891920 0.000000 0.452193 0.400000 0.400000 0.400000
5690.369629 0.000000 2880.409424 0.000000 0.975321 0.000000 0.220792 0.400000 0.400000 0.400000
5672.743652 0.000000 2878.108398 0.000000 0.607042 0.000000 -0.794670 0.400000 0.400000 0.400000
5634.249023 0.000000 2873.601562 0.000000 0.336324 0.000000 0.941746 0.400000 0.400000 0.400000
5693.392578 0.000000 2878.114746 0.000000 0.720853 0.000000 -0.693088 0.400000 0.400000 0.400000
5692.690918 0.000000 2881.976318 0.000000 0.853126 0.000000 0.521704 0.400000 0.400000 0.400000
5675.474609 0.000000 2887.490723 0.000000 0.268826 0.000000 0.963189 0.400000 0.400000 0.400000
5662.322754 0.000000 2882.555176 0.000000 0.147072 0.000000 0.989126 0.400000 0.400000 0.400000
7140.121582 0.000000 2533.064453 0.000000 0.233566 0.000000 0.972341 0.400000 0.400000 0.400000
7147.758789 0.000000 2514.228760 0.000000 0.400634 0.000000 -0.916238 0.400000 0.400000 0.400000
6932.122559 0.000000 2641.916748 0.000000 0.317301 0.000000 -0.948325 0.400000 0.400000 0.400000
6950.428711 0.000000 2634.119385 0.000000 0.162991 0.000000 -0.986628 0.400000 0.400000 0.400000
6953.132324 0.000000 2637.428223 0.000000 0.989050 0.000000 -0.147579 0.400000 0.400000 0.400000
7143.957031 0.000000 2560.480469 0.000000 0.039523 0.000000 -0.999219 0.400000 0.400000 0.400000
7152.991211 0.000000 2569.439941 0.000000 0.019592 0.000000 -0.999808 0.400000 0.400000 0.400000
7153.742676 0.000000 2574.573242 0.000000 0.338102 0.000000 -0.941109 0.400000 0.400000 0.400000
7147.758789 0.000000 2561.470947 0.000000 0.178750 0.000000 -0.983895 0.400000 0.400000 0.400000
7153.676758 0.000000 2578.319580 0.000000 0.935588 0.000000 0.353093 0.400000 0.400000 0.400000
7165.794434 0.000000 2618.911377 0.000000 0.808822 0.000000 -0.588054 0.400000 0.400000 0.400000
6897.407715 0.000000 2736.841553 0.000000 0.994747 0.000000 0.102363 0.400000 0.400000 0.400000
6897.022461 0.000000 2711.166504 0.000000 0.545213 0.000000 -0.838298 0.400000 0.400000 0.400000
6898.686523 0.000000 2723.743408 0.000000 0.074736 0.000000 -0.997203 0.400000 0.400000 0.400000
6909.647949 0.000000 2716.791260 0.000000 0.706763 0.000000 -0.707451 0.400000 0.400000 0.400000
6898.081543 0.000000 2731.256836 0.000000 0.406156 0.000000 -0.913804 0.400000 0.400000 0.400000
6889.819824 0.000000 2723.274414 0.000000 0.972401 0.000000 0.233316 0.400000 0.400000 0.400000
6903.459473 0.000000 2724.270264 0.000000 0.733635 0.000000 -0.679544 0.400000 0.400000 0.400000
6893.158691 0.000000 2775.071777 0.000000 0.950952 0.000000 0.309338 0.400000 0.400000 0.400000
6908.542480 0.000000 2740.249756 0.000000 0.762339 0.000000 -0.647178 0.400000 0.400000 0.400000
6892.832031 0.000000 2740.919922 0.000000 0.083329 0.000000 -0.996522 0.400000 0.400000 0.400000
6900.810547 0.000000 2743.318359 0.000000 0.767450 0.000000 -0.641109 0.400000 0.400000 0.400000
6908.397949 0.000000 2757.644775 0.000000 0.882111 0.000000 -0.471041 0.400000 0.400000 0.400000
6895.554688 0.000000 2748.526367 0.000000 0.710996 0.000000 0.703196 0.400000 0.400000 0.400000
6909.647949 0.000000 2764.033447 0.000000 0.977072 0.000000 0.212908 0.400000 0.400000 0.400000
6882.300781 0.000000 2749.738037 0.000000 0.483184 0.000000 0.875519 0.400000 0.400000 0.400000
6897.773926 0.000000 2763.541992 0.000000 0.962944 0.000000 -0.269701 0.400000 0.400000 0.400000
6902.855957 0.000000 2747.447510 0.000000 0.346217 0.000000 -0.938155 0.400000 0.400000 0.400000
6895.528320 0.000000 2744.241211 0.000000 0.955371 0.000000 0.295408 0.400000 0.400000 0.400000
6903.535156 0.000000 2740.163086 0.000000 0.731337 0.000000 0.682017 0.400000 0.400000 0.400000
6899.666504 0.000000 2774.845215 0.000000 0.967558 0.000000 0.252649 0.400000 0.400000 0.400000
6970.213379 0.000000 2691.440674 0.000000 0.270256 0.000000 -0.962788 0.400000 0.400000 0.400000
6931.416016 0.000000 2645.677490 0.000000 0.805243 0.000000 -0.592945 0.400000 0.400000 0.400000
6950.428711 0.000000 2681.361572 0.000000 0.009521 0.000000 -0.999955 0.400000 0.400000 0.400000
6962.678711 0.000000 2676.501221 0.000000 0.580456 0.000000 -0.814292 0.400000 0.400000 0.400000
6967.451660 0.000000 2677.028076 0.000000 0.799597 0.000000 0.600537 0.400000 0.400000 0.400000
6950.270996 0.000000 2677.696045 0.000000 0.953013 0.000000 0.302929 0.400000 0.400000 0.400000
6965.289062 0.000000 2674.042480 0.000000 0.904120 0.000000 -0.427280 0.400000 0.400000 0.400000
6976.346680 0.000000 2692.513184 0.000000 0.864141 0.000000 -0.503250 0.400000 0.400000 0.400000
6972.534668 0.000000 2693.007568 0.000000 0.514952 0.000000 0.857219 0.400000 0.400000 0.400000
6966.278809 0.000000 2717.901855 0.000000 0.417031 0.000000 -0.908892 0.400000 0.400000 0.400000
6921.968262 0.000000 2729.691650 0.000000 0.328478 0.000000 -0.944511 0.400000 0.400000 0.400000
6967.341797 0.000000 2728.997803 0.000000 0.990289 0.000000 -0.139023 0.400000 0.400000 0.400000
6914.092773 0.000000 2731.875000 0.000000 0.997950 0.000000 -0.063993 0.400000 0.400000 0.400000
6962.678711 0.000000 2723.743408 0.000000 0.991156 0.000000 -0.132700 0.400000 0.400000 0.400000
6919.012695 0.000000 2723.789307 0.000000 0.794500 0.000000 -0.607264 0.400000 0.400000 0.400000
6966.641602 0.000000 2734.425781 0.000000 0.504967 0.000000 0.863139 0.400000 0.400000 0.400000
6963.731934 0.000000 2718.250977 0.000000 0.986248 0.000000 -0.165275 0.400000 0.400000 0.400000
6911.525391 0.000000 2770.404297 0.000000 0.599682 0.000000 0.800239 0.400000 0.400000 0.400000
6911.456055 0.000000 2744.101318 0.000000 0.999977 0.000000 0.006788 0.400000 0.400000 0.400000
6916.231934 0.000000 2755.298096 0.000000 0.981049 0.000000 0.193758 0.400000 0.400000 0.400000
7183.996094 0.000000 2623.773193 0.000000 0.328335 0.000000 -0.944561 0.400000 0.400000 0.400000
7281.360840 0.000000 2689.599365 0.000000 0.731241 0.000000 0.682120 0.400000 0.400000 0.400000
7237.937988 0.000000 2689.324463 0.000000 0.697400 0.000000 0.716682 0.400000 0.400000 0.400000
7240.910156 0.000000 2691.302246 0.000000 0.972907 0.000000 0.231196 0.400000 0.400000 0.400000
7286.027344 0.000000 2704.758301 0.000000 0.098460 0.000000 0.995141 0.400000 0.400000 0.400000
7284.763672 0.000000 2696.076172 0.000000 0.381716 0.000000 -0.924280 0.400000 0.400000 0.400000
7237.663086 0.000000 2698.336182 0.000000 0.970216 0.000000 0.242242 0.400000 0.400000 0.400000
7286.809082 0.000000 2700.205322 0.000000 0.597018 0.000000 -0.802228 0.400000 0.400000 0.400000
7243.159180 0.000000 2699.109375 0.000000 0.998609 0.000000 0.052718 0.400000 0.400000 0.400000
7306.551758 0.000000 2694.500488 0.000000 0.942396 0.000000 0.334499 0.400000 0.400000 0.400000
7345.353027 0.000000 2736.841553 0.000000 0.550422 0.000000 -0.834887 0.400000 0.400000 0.400000
7316.440430 0.000000 2700.462891 0.000000 0.756162 0.000000 0.654384 0.400000 0.400000 0.400000
7349.877441 0.000000 2739.377686 0.000000 0.081604 0.000000 0.996665 0.400000 0.400000 0.400000
7354.153809 0.000000 2735.419189 0.000000 0.526779 0.000000 0.850002 0.400000 0.400000 0.400000
7348.442871 0.000000 2736.875488 0.000000 0.984903 0.000000 -0.173106 0.400000 0.400000 0.400000
7242.558105 0.000000 2750.748291 0.000000 0.799350 0.000000 0.600866 0.400000 0.400000 0.400000
7264.904297 0.000000 2780.049072 0.000000 0.575235 0.000000 -0.817988 0.400000 0.400000 0.400000
7250.947754 0.000000 2763.295654 0.000000 0.586512 0.000000 -0.809941 0.400000 0.400000 0.400000
7238.973633 0.000000 2771.031494 0.000000 0.991067 0.000000 -0.133367 0.400000 0.400000 0.400000
7289.464844 0.000000 2743.686523 0.000000 0.861465 0.000000 -0.507818 0.400000 0.400000 0.400000
7243.537109 0.000000 2754.977539 0.000000 0.886152 0.000000 -0.463394 0.400000 0.400000 0.400000
7245.913574 0.000000 2749.333252 0.000000 0.761672 0.000000 -0.647962 0.400000 0.400000 0.400000
7250.339844 0.000000 2760.167725 0.000000 0.648924 0.000000 -0.760853 0.400000 0.400000 0.400000
7280.078613 0.000000 2781.338379 0.000000 0.254252 0.000000 0.967138 0.400000 0.400000 0.400000
7253.973633 0.000000 2775.394043 0.000000 0.966899 0.000000 -0.255161 0.400000 0.400000 0.400000
7223.310547 0.000000 2823.482178 0.000000 0.594944 0.000000 -0.803767 0.400000 0.400000 0.400000
7230.645508 0.000000 2822.540527 0.000000 0.714758 0.000000 0.699372 0.400000 0.400000 0.400000
7296.388672 0.000000 2757.881836 0.000000 0.265903 0.000000 -0.964000 0.400000 0.400000 0.400000
7304.065430 0.000000 2757.760254 0.000000 0.077635 0.000000 -0.996982 0.400000 0.400000 0.400000
7296.097168 0.000000 2748.131348 0.000000 0.881093 0.000000 -0.472943 0.400000 0.400000 0.400000
7304.672852 0.000000 2744.323730 0.000000 0.121287 0.000000 -0.992617 0.400000 0.400000 0.400000
7450.264648 0.000000 2810.948486 0.000000 0.985443 0.000000 -0.170006 0.400000 0.400000 0.400000
7476.740234 0.000000 2790.560547 0.000000 0.989199 0.000000 -0.146581 0.400000 0.400000 0.400000
7484.327637 0.000000 2804.886963 0.000000 0.860715 0.000000 -0.509088 0.400000 0.400000 0.400000
7448.861816 0.000000 2792.851562 0.000000 0.753192 0.000000 -0.657800 0.400000 0.400000 0.400000
7444.654297 0.000000 2805.187012 0.000000 0.988091 0.000000 0.153868 0.400000 0.400000 0.400000
7465.614746 0.000000 2821.392090 0.000000 0.309065 0.000000 -0.951041 0.400000 0.400000 0.400000
7448.867188 0.000000 2796.473145 0.000000 0.435821 0.000000 -0.900033 0.400000 0.400000 0.400000
7459.057129 0.000000 2789.895752 0.000000 0.939339 0.000000 -0.342991 0.400000 0.400000 0.400000
7488.284180 0.000000 2834.239746 0.000000 0.452701 0.000000 -0.891662 0.400000 0.400000 0.400000
7488.104004 0.000000 2810.210449 0.000000 0.999901 0.000000 0.014039 0.400000 0.400000 0.400000
7491.310059 0.000000 2816.022705 0.000000 0.630853 0.000000 -0.775903 0.400000 0.400000 0.400000
7615.439453 0.000000 2770.404297 0.000000 0.881069 0.000000 -0.472987 0.400000 0.400000 0.400000
7618.006836 0.000000 2779.117188 0.000000 0.449656 0.000000 0.893202 0.400000 0.400000 0.400000
7619.294434 0.000000 2768.780518 0.000000 0.870497 0.000000 0.492173 0.400000 0.400000 0.400000
7218.647461 0.000000 2865.469971 0.000000 0.831950 0.000000 -0.554851 0.400000 0.400000 0.400000
7248.224609 0.000000 2924.235352 0.000000 0.725438 0.000000 0.688287 0.400000 0.400000 0.400000
7242.363281 0.000000 2914.924561 0.000000 0.999978 0.000000 0.006601 0.400000 0.400000 0.400000
7245.282227 0.000000 2918.007568 0.000000 0.915095 0.000000 0.403238 0.400000 0.400000 0.400000
7277.620605 0.000000 2974.305664 0.000000 0.919354 0.000000 0.393432 0.400000 0.400000 0.400000
7292.495605 0.000000 2976.460693 0.000000 0.682410 0.000000 -0.730970 0.400000 0.400000 0.400000
7275.279297 0.000000 2981.975098 0.000000 0.922665 0.000000 0.385602 0.400000 0.400000 0.400000
7281.243652 0.000000 2976.413818 0.000000 0.941431 0.000000 0.337205 0.400000 0.400000 0.400000
7293.191895 0.000000 2980.416260 0.000000 0.120687 0.000000 -0.992691 0.400000 0.400000 0.400000
7301.930176 0.000000 2972.777588 0.000000 0.953557 0.000000 0.301214 0.400000 0.400000 0.400000
7298.750488 0.000000 2971.408447 0.000000 0.206747 0.000000 0.978394 0.400000 0.400000 0.400000
7356.487793 0.000000 2976.460693 0.000000 0.994165 0.000000 -0.107873 0.400000 0.400000 0.400000
7295.409180 0.000000 2980.312256 0.000000 0.808530 0.000000 0.588455 0.400000 0.400000 0.400000
7301.559570 0.000000 2976.502197 0.000000 0.007861 0.000000 0.999969 0.400000 0.400000 0.400000
7313.077148 0.000000 2985.200684 0.000000 0.272112 0.000000 0.962266 0.400000 0.400000 0.400000
7486.312500 0.000000 2836.389648 0.000000 0.635368 0.000000 -0.772210 0.400000 0.400000 0.400000
475.115967 0.000000 3236.128174 0.000000 0.997636 0.000000 -0.068719 0.400000 0.400000 0.400000
481.732056 0.000000 3252.470947 0.000000 0.785454 0.000000 0.618920 0.400000 0.400000 0.400000
477.182037 0.000000 3245.296631 0.000000 0.218022 0.000000 0.975944 0.400000 0.400000 0.400000
467.775635 0.000000 3235.717529 0.000000 0.915549 0.000000 0.402206 0.400000 0.400000 0.400000
473.622742 0.000000 3250.989746 0.000000 0.716088 0.000000 0.698010 0.400000 0.400000 0.400000
473.300354 0.000000 3241.370361 0.000000 0.884492 0.000000 -0.466555 0.400000 0.400000 0.400000
469.505493 0.000000 3230.366699 0.000000 0.306557 0.000000 0.951852 0.400000 0.400000 0.400000
478.080170 0.000000 3249.779053 0.000000 0.871512 0.000000 -0.490374 0.400000 0.400000 0.400000
473.243042 0.000000 3246.136719 0.000000 0.923708 0.000000 -0.383098 0.400000 0.400000 0.400000
471.865051 0.000000 3233.725342 0.000000 0.998345 0.000000 0.057514 0.400000 0.400000 0.400000
471.260315 0.000000 3237.990967 0.000000 0.972039 0.000000 -0.234819 0.400000 0.400000 0.400000
478.208893 0.000000 3253.952393 0.000000 0.976583 0.000000 -0.215140 0.400000 0.400000 0.400000
475.517273 0.000000 3248.189209 0.000000 0.330349 0.000000 -0.943859 0.400000 0.400000 0.400000
475.310730 0.000000 3253.452637 0.000000 0.103811 0.000000 0.994597 0.400000 0.400000 0.400000
376.146088 0.000000 3343.146240 0.000000 0.049300 0.000000 0.998784 0.400000 0.400000 0.400000
380.892822 0.000000 3346.905273 0.000000 0.910844 0.000000 -0.412752 0.400000 0.400000 0.400000
365.954956 0.000000 3389.220215 0.000000 0.938302 0.000000 -0.345817 0.400000 0.400000 0.400000
362.616272 0.000000 3384.665039 0.000000 0.996153 0.000000 -0.087634 0.400000 0.400000 0.400000
365.829529 0.000000 3394.715820 0.000000 0.806321 0.000000 0.591479 0.400000 0.400000 0.400000
367.620758 0.000000 3384.335449 0.000000 0.165958 0.000000 0.986133 0.400000 0.400000 0.400000
539.108154 0.000000 3047.159424 0.000000 0.399913 0.000000 0.916553 0.400000 0.400000 0.400000
525.168457 0.000000 3048.343994 0.000000 0.923092 0.000000 0.384578 0.400000 0.400000 0.400000
533.132385 0.000000 3056.374756 0.000000 0.993317 0.000000 0.115418 0.400000 0.400000 0.400000
517.617798 0.000000 3048.311035 0.000000 0.763224 0.000000 -0.646134 0.400000 0.400000 0.400000
531.767822 0.000000 3046.748779 0.000000 0.998843 0.000000 0.048083 0.400000 0.400000 0.400000
541.613159 0.000000 3033.339600 0.000000 0.651993 0.000000 0.758225 0.400000 0.400000 0.400000
537.292542 0.000000 3052.401611 0.000000 0.831833 0.000000 -0.555025 0.400000 0.400000 0.400000
531.148010 0.000000 3051.702881 0.000000 0.963194 0.000000 -0.268806 0.400000 0.400000 0.400000
521.290344 0.000000 3050.447266 0.000000 0.425163 0.000000 -0.905117 0.400000 0.400000 0.400000
535.252502 0.000000 3049.022217 0.000000 0.985433 0.000000 0.170065 0.400000 0.400000 0.400000
528.807983 0.000000 3048.952881 0.000000 0.392483 0.000000 -0.919759 0.400000 0.400000 0.400000
524.475037 0.000000 3051.673584 0.000000 0.869658 0.000000 0.493655 0.400000 0.400000 0.400000
528.118347 0.000000 3051.873047 0.000000 0.832850 0.000000 -0.553498 0.400000 0.400000 0.400000
539.108154 0.000000 3236.128174 0.000000 0.707960 0.000000 -0.706252 0.400000 0.400000 0.400000
553.335571 0.000000 3231.478271 0.000000 0.928440 0.000000 0.371483 0.400000 0.400000 0.400000
546.389526 0.000000 3234.416748 0.000000 0.462922 0.000000 0.886399 0.400000 0.400000 0.400000
538.151917 0.000000 3229.876221 0.000000 0.904421 0.000000 -0.426641 0.400000 0.400000 0.400000
550.173523 0.000000 3226.777832 0.000000 0.998109 0.000000 0.061464 0.400000 0.400000 0.400000
542.235107 0.000000 3232.154785 0.000000 0.670294 0.000000 -0.742095 0.400000 0.400000 0.400000
548.969482 0.000000 3230.869385 0.000000 0.502513 0.000000 0.864570 0.400000 0.400000 0.400000
540.189575 0.000000 3226.150391 0.000000 0.665278 0.000000 0.746595 0.400000 0.400000 0.400000
542.924866 0.000000 3235.702393 0.000000 0.998332 0.000000 0.057732 0.400000 0.400000 0.400000
545.460144 0.000000 3230.884033 0.000000 0.607587 0.000000 -0.794253 0.400000 0.400000 0.400000
541.779541 0.000000 3229.063965 0.000000 0.990682 0.000000 -0.136194 0.400000 0.400000 0.400000
352.275574 0.000000 3405.918945 0.000000 0.755478 0.000000 -0.655174 0.400000 0.400000 0.400000
375.083130 0.000000 3426.534668 0.000000 0.993525 0.000000 -0.113613 0.400000 0.400000 0.400000
381.194122 0.000000 3419.035400 0.000000 0.606549 0.000000 -0.795046 0.400000 0.400000 0.400000
380.744904 0.000000 3431.926270 0.000000 0.377999 0.000000 -0.925806 0.400000 0.400000 0.400000
371.482910 0.000000 3432.376221 0.000000 0.767888 0.000000 -0.640584 0.400000 0.400000 0.400000
382.444214 0.000000 3425.424072 0.000000 0.937640 0.000000 -0.347607 0.400000 0.400000 0.400000
357.411957 0.000000 3406.952393 0.000000 0.920497 0.000000 -0.390749 0.400000 0.400000 0.400000
378.793945 0.000000 3428.139893 0.000000 0.741433 0.000000 -0.671027 0.400000 0.400000 0.400000
365.954956 0.000000 3483.704590 0.000000 0.356122 0.000000 -0.934439 0.400000 0.400000 0.400000
361.391815 0.000000 3492.256836 0.000000 0.933523 0.000000 0.358518 0.400000 0.400000 0.400000
381.194122 0.000000 3466.277588 0.000000 0.570032 0.000000 0.821622 0.400000 0.400000 0.400000
369.819000 0.000000 3467.041504 0.000000 0.626474 0.000000 -0.779442 0.400000 0.400000 0.400000
368.351166 0.000000 3457.159180 0.000000 0.939683 0.000000 0.342047 0.400000 0.400000 0.400000
362.616272 0.000000 3479.149414 0.000000 0.798333 0.000000 -0.602216 0.400000 0.400000 0.400000
365.829529 0.000000 3489.200195 0.000000 0.045593 0.000000 0.998960 0.400000 0.400000 0.400000
365.762665 0.000000 3470.143799 0.000000 0.645476 0.000000 0.763780 0.400000 0.400000 0.400000
395.393372 0.000000 3412.138916 0.000000 0.769780 0.000000 -0.638309 0.400000 0.400000 0.400000
397.184082 0.000000 3426.281494 0.000000 0.018628 0.000000 -0.999826 0.400000 0.400000 0.400000
407.229126 0.000000 3413.303223 0.000000 0.733949 0.000000 0.679205 0.400000 0.400000 0.400000
395.394867 0.000000 3403.133301 0.000000 0.774227 0.000000 0.632908 0.400000 0.400000 0.400000
400.552734 0.000000 3418.562988 0.000000 0.333473 0.000000 -0.942760 0.400000 0.400000 0.400000
387.728302 0.000000 3412.416748 0.000000 0.990405 0.000000 0.138195 0.400000 0.400000 0.400000
400.774841 0.000000 3407.662598 0.000000 0.399761 0.000000 0.916619 0.400000 0.400000 0.400000
391.809082 0.000000 3432.422119 0.000000 0.203611 0.000000 0.979052 0.400000 0.400000 0.400000
387.991180 0.000000 3435.684082 0.000000 0.991215 0.000000 -0.132259 0.400000 0.400000 0.400000
387.728302 0.000000 3459.658936 0.000000 0.174611 0.000000 -0.984637 0.400000 0.400000 0.400000
390.498474 0.000000 3454.211182 0.000000 0.999807 0.000000 -0.019643 0.400000 0.400000 0.400000
360.784790 0.000000 3505.324219 0.000000 0.841076 0.000000 0.540916 0.400000 0.400000 0.400000
358.673340 0.000000 3496.809326 0.000000 0.567787 0.000000 -0.823176 0.400000 0.400000 0.400000
357.411957 0.000000 3501.436768 0.000000 0.229356 0.000000 0.973342 0.400000 0.400000 0.400000
2934.558105 0.000000 3413.391113 0.000000 0.280292 0.000000 -0.959915 0.400000 0.400000 0.400000
2938.874268 0.000000 3414.635986 0.000000 0.744855 0.000000 0.667226 0.400000 0.400000 0.400000
2931.768799 0.000000 3410.776367 0.000000 0.940227 0.000000 -0.340548 0.400000 0.400000 0.400000
2944.919678 0.000000 3419.272461 0.000000 0.221198 0.000000 -0.975229 0.400000 0.400000 0.400000
2985.749023 0.000000 3448.128174 0.000000 0.912273 0.000000 -0.409582 0.400000 0.400000 0.400000
2998.550293 0.000000 3460.633301 0.000000 0.084367 0.000000 0.996435 0.400000 0.400000 0.400000
2995.760986 0.000000 3458.018555 0.000000 0.453630 0.000000 -0.891190 0.400000 0.400000 0.400000
2985.776611 0.000000 3450.967041 0.000000 0.733882 0.000000 0.679277 0.400000 0.400000 0.400000
3028.599121 0.000000 3492.276123 0.000000 0.301305 0.000000 -0.953528 0.400000 0.400000 0.400000
3008.001709 0.000000 3479.037109 0.000000 0.877859 0.000000 -0.478919 0.400000 0.400000 0.400000
3020.814697 0.000000 3492.774902 0.000000 0.721368 0.000000 -0.692552 0.400000 0.400000 0.400000
3041.569092 0.000000 3494.168213 0.000000 0.983895 0.000000 0.178746 0.400000 0.400000 0.400000
3031.854492 0.000000 3494.864990 0.000000 0.544441 0.000000 -0.838799 0.400000 0.400000 0.400000
3021.447754 0.000000 3495.610596 0.000000 0.945396 0.000000 0.325923 0.400000 0.400000 0.400000
3057.491211 0.000000 3514.283691 0.000000 0.990024 0.000000 -0.140898 0.400000 0.400000 0.400000
3056.023193 0.000000 3504.401367 0.000000 0.976640 0.000000 0.214880 0.400000 0.400000 0.400000
3033.847412 0.000000 3513.329346 0.000000 0.866395 0.000000 -0.499359 0.400000 0.400000 0.400000
3035.900879 0.000000 3496.041992 0.000000 0.995571 0.000000 0.094017 0.400000 0.400000 0.400000
3048.051025 0.000000 3520.566650 0.000000 0.858298 0.000000 0.513152 0.400000 0.400000 0.400000
3044.665039 0.000000 3514.322510 0.000000 0.077499 0.000000 -0.996992 0.400000 0.400000 0.400000
3061.080322 0.000000 3511.619141 0.000000 0.354301 0.000000 -0.935131 0.400000 0.400000 0.400000
3052.258301 0.000000 3506.314697 0.000000 0.476734 0.000000 -0.879047 0.400000 0.400000 0.400000
3049.768799 0.000000 3498.209229 0.000000 0.479324 0.000000 -0.877638 0.400000 0.400000 0.400000
3049.279053 0.000000 3508.871094 0.000000 0.853241 0.000000 -0.521517 0.400000 0.400000 0.400000
3039.995117 0.000000 3504.017578 0.000000 0.137437 0.000000 -0.990511 0.400000 0.400000 0.400000
3055.332031 0.000000 3533.754883 0.000000 0.912671 0.000000 0.408696 0.400000 0.400000 0.400000
3055.271240 0.000000 3507.324951 0.000000 0.431655 0.000000 -0.902039 0.400000 0.400000 0.400000
3060.217773 0.000000 3514.908691 0.000000 0.739223 0.000000 0.673461 0.400000 0.400000 0.400000
3053.409424 0.000000 3503.764648 0.000000 0.055643 0.000000 -0.998451 0.400000 0.400000 0.400000
3050.753906 0.000000 3504.088379 0.000000 0.261791 0.000000 -0.965125 0.400000 0.400000 0.400000
3136.815186 0.000000 3542.872559 0.000000 0.937873 0.000000 0.346980 0.400000 0.400000 0.400000
3148.848389 0.000000 3520.765869 0.000000 0.685823 0.000000 0.727768 0.400000 0.400000 0.400000
3142.437744 0.000000 3539.683838 0.000000 0.170347 0.000000 0.985384 0.400000 0.400000 0.400000
3126.534668 0.000000 3555.117676 0.000000 0.772048 0.000000 0.635565 0.400000 0.400000 0.400000
3117.619141 0.000000 3578.188965 0.000000 0.526906 0.000000 0.849924 0.400000 0.400000 0.400000
3133.003174 0.000000 3543.366943 0.000000 0.873434 0.000000 0.486943 0.400000 0.400000 0.400000
3121.483398 0.000000 3561.525879 0.000000 0.938124 0.000000 0.346299 0.400000 0.400000 0.400000
3120.015381 0.000000 3551.643555 0.000000 0.205140 0.000000 -0.978733 0.400000 0.400000 0.400000
3123.147217 0.000000 3574.102783 0.000000 0.925037 0.000000 -0.379877 0.400000 0.400000 0.400000
3122.542236 0.000000 3581.616211 0.000000 0.283715 0.000000 -0.958909 0.400000 0.400000 0.400000
3114.280518 0.000000 3573.633789 0.000000 0.631403 0.000000 -0.775455 0.400000 0.400000 0.400000
3127.110107 0.000000 3584.785156 0.000000 0.725191 0.000000 -0.688547 0.400000 0.400000 0.400000
3121.796875 0.000000 3556.143799 0.000000 0.968545 0.000000 -0.248839 0.400000 0.400000 0.400000
3119.285156 0.000000 3573.304199 0.000000 0.969078 0.000000 0.246754 0.400000 0.400000 0.400000
3133.704834 0.000000 3586.747559 0.000000 0.000976 0.000000 -1.000000 0.400000 0.400000 0.400000
3181.611328 0.000000 3578.188965 0.000000 0.947311 0.000000 0.320315 0.400000 0.400000 0.400000
3135.986084 0.000000 3573.521484 0.000000 0.417514 0.000000 -0.908671 0.400000 0.400000 0.400000
3136.815186 0.000000 3590.114746 0.000000 0.358005 0.000000 -0.933720 0.400000 0.400000 0.400000
3169.404053 0.000000 3583.166260 0.000000 0.772332 0.000000 0.635220 0.400000 0.400000 0.400000
3135.916504 0.000000 3547.218506 0.000000 0.529686 0.000000 -0.848194 0.400000 0.400000 0.400000
3174.889648 0.000000 3578.963135 0.000000 0.410569 0.000000 -0.911830 0.400000 0.400000 0.400000
3171.493408 0.000000 3580.380127 0.000000 0.359095 0.000000 -0.933301 0.400000 0.400000 0.400000
3117.619141 0.000000 3625.431152 0.000000 0.748172 0.000000 -0.663505 0.400000 0.400000 0.400000
3113.023438 0.000000 3609.415771 0.000000 0.886823 0.000000 0.462108 0.400000 0.400000 0.400000
3133.003174 0.000000 3590.609131 0.000000 0.999138 0.000000 0.041524 0.400000 0.400000 0.400000
3117.292725 0.000000 3591.279297 0.000000 0.974341 0.000000 -0.225078 0.400000 0.400000 0.400000
3126.747314 0.000000 3615.503418 0.000000 0.176491 0.000000 0.984302 0.400000 0.400000 0.400000
3127.810303 0.000000 3626.599365 0.000000 0.992237 0.000000 0.124359 0.400000 0.400000 0.400000
3118.203125 0.000000 3616.666260 0.000000 0.790162 0.000000 -0.612898 0.400000 0.400000 0.400000
3121.483398 0.000000 3608.768066 0.000000 0.558780 0.000000 -0.829316 0.400000 0.400000 0.400000
3116.806152 0.000000 3604.624268 0.000000 0.600567 0.000000 0.799574 0.400000 0.400000 0.400000
3132.557129 0.000000 3630.358398 0.000000 0.999949 0.000000 -0.010134 0.400000 0.400000 0.400000
3135.397705 0.000000 3602.732910 0.000000 0.174577 0.000000 0.984643 0.400000 0.400000 0.400000
3127.316650 0.000000 3597.806885 0.000000 0.881227 0.000000 -0.472693 0.400000 0.400000 0.400000
3119.989014 0.000000 3594.600586 0.000000 0.856377 0.000000 0.516351 0.400000 0.400000 0.400000
3124.127197 0.000000 3625.204590 0.000000 0.852910 0.000000 0.522059 0.400000 0.400000 0.400000
3122.168701 0.000000 3617.647705 0.000000 0.999853 0.000000 -0.017124 0.400000 0.400000 0.400000
3129.538574 0.000000 3600.357666 0.000000 0.941733 0.000000 0.336362 0.400000 0.400000 0.400000
3132.601074 0.000000 3601.263184 0.000000 0.439988 0.000000 -0.898004 0.400000 0.400000 0.400000
3134.522705 0.000000 3597.105713 0.000000 0.127140 0.000000 -0.991885 0.400000 0.400000 0.400000
3134.388428 0.000000 3599.558838 0.000000 0.185785 0.000000 -0.982590 0.400000 0.400000 0.400000
3121.352295 0.000000 3626.760986 0.000000 0.978136 0.000000 0.207969 0.400000 0.400000 0.400000
3156.583496 0.000000 3634.002686 0.000000 0.589459 0.000000 -0.807798 0.400000 0.400000 0.400000
3161.385010 0.000000 3595.968750 0.000000 0.922690 0.000000 0.385542 0.400000 0.400000 0.400000
3163.885254 0.000000 3590.526367 0.000000 0.905938 0.000000 -0.423410 0.400000 0.400000 0.400000
3136.604736 0.000000 3598.490723 0.000000 0.343875 0.000000 0.939016 0.400000 0.400000 0.400000
3146.862793 0.000000 3623.557373 0.000000 0.157832 0.000000 -0.987466 0.400000 0.400000 0.400000
3136.788330 0.000000 3617.223389 0.000000 0.981290 0.000000 -0.192538 0.400000 0.400000 0.400000
3149.781738 0.000000 3626.640381 0.000000 0.748122 0.000000 -0.663562 0.400000 0.400000 0.400000
3164.810547 0.000000 3593.500244 0.000000 0.169486 0.000000 0.985533 0.400000 0.400000 0.400000
3155.326904 0.000000 3631.105713 0.000000 0.022598 0.000000 -0.999745 0.400000 0.400000 0.400000
3140.421875 0.000000 3621.898682 0.000000 0.083348 0.000000 -0.996521 0.400000 0.400000 0.400000
3138.062744 0.000000 3611.022705 0.000000 0.570863 0.000000 0.821045 0.400000 0.400000 0.400000
3138.698486 0.000000 3615.067383 0.000000 0.956888 0.000000 0.290456 0.400000 0.400000 0.400000
3149.351074 0.000000 3624.075928 0.000000 0.486169 0.000000 -0.873865 0.400000 0.400000 0.400000
4023.700928 0.000000 3721.083740 0.000000 0.867639 0.000000 -0.497195 0.400000 0.400000 0.400000
4019.037842 0.000000 3715.829346 0.000000 0.581087 0.000000 0.813841 0.400000 0.400000 0.400000
4009.624023 0.000000 3731.581299 0.000000 0.691941 0.000000 0.721954 0.400000 0.400000 0.400000
4052.474121 0.000000 3728.487061 0.000000 0.483056 0.000000 0.875589 0.400000 0.400000 0.400000
4042.319580 0.000000 3721.777588 0.000000 0.613707 0.000000 0.789534 0.400000 0.400000 0.400000
2921.079590 0.000000 4059.163086 0.000000 0.799875 0.000000 0.600167 0.400000 0.400000 0.400000
3062.542480 0.000000 4027.539551 0.000000 0.954908 0.000000 0.296903 0.400000 0.400000 0.400000
3062.755127 0.000000 4040.683105 0.000000 0.378868 0.000000 0.925451 0.400000 0.400000 0.400000
3066.466064 0.000000 4042.288330 0.000000 0.824113 0.000000 0.566425 0.400000 0.400000 0.400000
3058.176514 0.000000 4042.827393 0.000000 0.512325 0.000000 0.858792 0.400000 0.400000 0.400000
3065.467773 0.000000 4031.991943 0.000000 0.912533 0.000000 0.409002 0.400000 0.400000 0.400000
2836.622559 0.000000 4106.424805 0.000000 0.989984 0.000000 0.141177 0.400000 0.400000 0.400000
2836.851318 0.000000 4095.702881 0.000000 0.339446 0.000000 0.940626 0.400000 0.400000 0.400000
2844.893311 0.000000 4095.656006 0.000000 0.963460 0.000000 -0.267851 0.400000 0.400000 0.400000
2841.333984 0.000000 4101.349121 0.000000 0.125147 0.000000 0.992138 0.400000 0.400000 0.400000
2832.722412 0.000000 4101.189941 0.000000 0.826135 0.000000 0.563473 0.400000 0.400000 0.400000
2832.763428 0.000000 4105.290039 0.000000 0.287729 0.000000 -0.957712 0.400000 0.400000 0.400000
2833.460938 0.000000 4108.492676 0.000000 0.849400 0.000000 0.527750 0.400000 0.400000 0.400000
2835.365967 0.000000 4103.527344 0.000000 0.019623 0.000000 0.999807 0.400000 0.400000 0.400000
2838.512451 0.000000 4098.175293 0.000000 0.460007 0.000000 -0.887915 0.400000 0.400000 0.400000
2847.180664 0.000000 4097.565430 0.000000 0.041815 0.000000 -0.999125 0.400000 0.400000 0.400000
2911.963379 0.000000 4067.309570 0.000000 0.974582 0.000000 -0.224033 0.400000 0.400000 0.400000
2920.472412 0.000000 4072.230469 0.000000 0.225771 0.000000 -0.974180 0.400000 0.400000 0.400000
2909.324219 0.000000 4072.667725 0.000000 0.437726 0.000000 -0.899108 0.400000 0.400000 0.400000
2913.403809 0.000000 4063.109131 0.000000 0.932250 0.000000 -0.361815 0.400000 0.400000 0.400000
2914.831299 0.000000 4075.873535 0.000000 0.556138 0.000000 -0.831090 0.400000 0.400000 0.400000
2826.468018 0.000000 4146.957520 0.000000 0.166244 0.000000 -0.986085 0.400000 0.400000 0.400000
2832.256104 0.000000 4127.196289 0.000000 0.998681 0.000000 -0.051353 0.400000 0.400000 0.400000
2828.838135 0.000000 4154.166016 0.000000 0.740666 0.000000 -0.671874 0.400000 0.400000 0.400000
2835.486816 0.000000 4133.319336 0.000000 0.396260 0.000000 -0.918138 0.400000 0.400000 0.400000
2832.722412 0.000000 4148.432129 0.000000 0.775818 0.000000 -0.630957 0.400000 0.400000 0.400000
2833.193115 0.000000 4121.858398 0.000000 0.825355 0.000000 0.564615 0.400000 0.400000 0.400000
2837.216553 0.000000 4127.968262 0.000000 0.947118 0.000000 -0.320887 0.400000 0.400000 0.400000
2832.763428 0.000000 4152.532227 0.000000 0.665249 0.000000 0.746621 0.400000 0.400000 0.400000
2828.985596 0.000000 4149.934082 0.000000 0.986997 0.000000 -0.160741 0.400000 0.400000 0.400000
2829.820801 0.000000 4146.304688 0.000000 0.727939 0.000000 -0.685642 0.400000 0.400000 0.400000
2834.878662 0.000000 4130.191406 0.000000 0.201658 0.000000 -0.979456 0.400000 0.400000 0.400000
2830.262451 0.000000 4152.168457 0.000000 0.552477 0.000000 0.833528 0.400000 0.400000 0.400000
2913.584717 0.000000 4297.285645 0.000000 0.404418 0.000000 -0.914574 0.400000 0.400000 0.400000
2896.470459 0.000000 4305.264160 0.000000 0.991478 0.000000 0.130277 0.400000 0.400000 0.400000
2915.611816 0.000000 4301.645996 0.000000 0.670601 0.000000 0.741818 0.400000 0.400000 0.400000
2605.355225 0.000000 4441.638672 0.000000 0.587192 0.000000 -0.809448 0.400000 0.400000 0.400000
3072.822998 0.000000 4062.536621 0.000000 0.406841 0.000000 0.913499 0.400000 0.400000 0.400000
3084.856201 0.000000 4040.429932 0.000000 0.921718 0.000000 0.387862 0.400000 0.400000 0.400000
3084.806885 0.000000 4059.681152 0.000000 0.162360 0.000000 0.986732 0.400000 0.400000 0.400000
3086.404541 0.000000 4046.859131 0.000000 0.164570 0.000000 -0.986365 0.400000 0.400000 0.400000
3084.162842 0.000000 4043.759521 0.000000 0.711094 0.000000 -0.703097 0.400000 0.400000 0.400000
3083.065430 0.000000 4073.529541 0.000000 0.885874 0.000000 0.463926 0.400000 0.400000 0.400000
3089.161865 0.000000 4074.615967 0.000000 0.384379 0.000000 0.923175 0.400000 0.400000 0.400000
3092.955566 0.000000 4070.486328 0.000000 0.983190 0.000000 0.182587 0.400000 0.400000 0.400000
3076.700439 0.000000 4078.079346 0.000000 0.654054 0.000000 0.756448 0.400000 0.400000 0.400000
3091.918457 0.000000 4073.429443 0.000000 0.765600 0.000000 0.643317 0.400000 0.400000 0.400000
3353.808350 0.000000 4127.478027 0.000000 0.765454 0.000000 -0.643490 0.400000 0.400000 0.400000
3545.338135 0.000000 4068.390625 0.000000 0.368344 0.000000 0.929690 0.400000 0.400000 0.400000
3660.092529 0.000000 3902.032959 0.000000 0.997653 0.000000 0.068470 0.400000 0.400000 0.400000
3584.841553 0.000000 3938.936523 0.000000 0.641117 0.000000 0.767443 0.400000 0.400000 0.400000
3589.242920 0.000000 3945.912598 0.000000 0.654514 0.000000 -0.756050 0.400000 0.400000 0.400000
3937.310303 0.000000 3819.377197 0.000000 0.074204 0.000000 -0.997243 0.400000 0.400000 0.400000
3931.694336 0.000000 3824.083984 0.000000 0.822305 0.000000 0.569046 0.400000 0.400000 0.400000
3959.008545 0.000000 3820.996094 0.000000 0.596218 0.000000 0.802823 0.400000 0.400000 0.400000
3941.751465 0.000000 3819.827148 0.000000 0.369931 0.000000 0.929059 0.400000 0.400000 0.400000
3933.787109 0.000000 3820.858643 0.000000 0.005007 0.000000 -0.999987 0.400000 0.400000 0.400000
3894.440918 0.000000 3838.570801 0.000000 0.726052 0.000000 0.687640 0.400000 0.400000 0.400000
3903.303955 0.000000 3838.943848 0.000000 0.994498 0.000000 -0.104753 0.400000 0.400000 0.400000
3923.782959 0.000000 3826.732178 0.000000 0.974043 0.000000 -0.226364 0.400000 0.400000 0.400000
3903.822754 0.000000 3840.230469 0.000000 0.636771 0.000000 -0.771053 0.400000 0.400000 0.400000
3923.959961 0.000000 3830.502441 0.000000 0.472048 0.000000 0.881573 0.400000 0.400000 0.400000
4058.678711 0.000000 3803.034424 0.000000 0.099642 0.000000 -0.995023 0.400000 0.400000 0.400000
4063.251953 0.000000 3806.156982 0.000000 0.986410 0.000000 0.164302 0.400000 0.400000 0.400000
3595.004395 0.000000 3970.039551 0.000000 0.533810 0.000000 -0.845605 0.400000 0.400000 0.400000
3590.108154 0.000000 3973.875244 0.000000 0.053071 0.000000 -0.998591 0.400000 0.400000 0.400000
3593.125732 0.000000 3972.620605 0.000000 0.725219 0.000000 0.688519 0.400000 0.400000 0.400000
3679.869629 0.000000 4114.551758 0.000000 0.195625 0.000000 0.980679 0.400000 0.400000 0.400000
3377.836914 0.000000 4201.349609 0.000000 0.941806 0.000000 -0.336156 0.400000 0.400000 0.400000
3421.849609 0.000000 4198.796387 0.000000 0.729205 0.000000 -0.684296 0.400000 0.400000 0.400000
3401.692383 0.000000 4199.090820 0.000000 0.404680 0.000000 0.914458 0.400000 0.400000 0.400000
3388.075928 0.000000 4212.447266 0.000000 0.704466 0.000000 0.709738 0.400000 0.400000 0.400000
3377.719971 0.000000 4204.710938 0.000000 0.842528 0.000000 0.538653 0.400000 0.400000 0.400000
3403.027832 0.000000 4206.250977 0.000000 0.293869 0.000000 0.955846 0.400000 0.400000 0.400000
3466.389893 0.000000 4241.441895 0.000000 0.405438 0.000000 0.914123 0.400000 0.400000 0.400000
3472.644287 0.000000 4242.916504 0.000000 0.054169 0.000000 0.998532 0.400000 0.400000 0.400000
3465.693604 0.000000 4243.803711 0.000000 0.667046 0.000000 0.745017 0.400000 0.400000 0.400000
3476.773193 0.000000 4284.671875 0.000000 0.971068 0.000000 -0.238805 0.400000 0.400000 0.400000
3470.357666 0.000000 4283.070312 0.000000 0.910597 0.000000 -0.413295 0.400000 0.400000 0.400000
3474.788818 0.000000 4280.000000 0.000000 0.337344 0.000000 0.941381 0.400000 0.400000 0.400000
3488.669189 0.000000 4289.090332 0.000000 0.582573 0.000000 0.812778 0.400000 0.400000 0.400000
3481.351318 0.000000 4308.223633 0.000000 0.228149 0.000000 -0.973626 0.400000 0.400000 0.400000
3481.670410 0.000000 4311.056152 0.000000 0.793219 0.000000 0.608937 0.400000 0.400000 0.400000
3580.052490 0.000000 4354.173828 0.000000 0.043374 0.000000 -0.999059 0.400000 0.400000 0.400000
3706.611572 0.000000 4250.433105 0.000000 0.637757 0.000000 -0.770237 0.400000 0.400000 0.400000
3702.677002 0.000000 4229.652344 0.000000 0.996391 0.000000 -0.084882 0.400000 0.400000 0.400000
3684.543213 0.000000 4233.783691 0.000000 0.504464 0.000000 0.863433 0.400000 0.400000 0.400000
3710.038086 0.000000 4228.541504 0.000000 0.974180 0.000000 -0.225773 0.400000 0.400000 0.400000
3703.039795 0.000000 4246.175781 0.000000 0.962495 0.000000 0.271298 0.400000 0.400000 0.400000
3711.074707 0.000000 4239.806641 0.000000 0.238826 0.000000 -0.971062 0.400000 0.400000 0.400000
3693.356689 0.000000 4226.019043 0.000000 0.058229 0.000000 -0.998303 0.400000 0.400000 0.400000
3698.164307 0.000000 4228.049805 0.000000 0.983720 0.000000 0.179706 0.400000 0.400000 0.400000
3706.308594 0.000000 4226.439941 0.000000 0.157683 0.000000 0.987490 0.400000 0.400000 0.400000
3706.387939 0.000000 4231.257324 0.000000 0.648309 0.000000 -0.761378 0.400000 0.400000 0.400000
3691.059814 0.000000 4228.373535 0.000000 0.036808 0.000000 -0.999322 0.400000 0.400000 0.400000
3711.915771 0.000000 4234.912598 0.000000 0.695843 0.000000 -0.718193 0.400000 0.400000 0.400000
3702.464355 0.000000 4263.750977 0.000000 0.692205 0.000000 -0.721701 0.400000 0.400000 0.400000
3697.413086 0.000000 4270.159180 0.000000 0.994982 0.000000 0.100054 0.400000 0.400000 0.400000
3686.267334 0.000000 4252.684570 0.000000 0.779986 0.000000 0.625796 0.400000 0.400000 0.400000
3703.246338 0.000000 4259.197754 0.000000 0.922182 0.000000 -0.386755 0.400000 0.400000 0.400000
3706.780518 0.000000 4264.995605 0.000000 0.263591 0.000000 0.964634 0.400000 0.400000 0.400000
3695.918701 0.000000 4255.991211 0.000000 0.491770 0.000000 0.870725 0.400000 0.400000 0.400000
3701.002197 0.000000 4267.494629 0.000000 0.993747 0.000000 -0.111657 0.400000 0.400000 0.400000
3602.784912 0.000000 4319.160156 0.000000 0.900530 0.000000 -0.434793 0.400000 0.400000 0.400000
3708.338867 0.000000 4329.527832 0.000000 0.983562 0.000000 0.180571 0.400000 0.400000 0.400000
3718.367432 0.000000 4342.801270 0.000000 0.293761 0.000000 -0.955879 0.400000 0.400000 0.400000
3745.302246 0.000000 4299.320312 0.000000 0.197437 0.000000 -0.980316 0.400000 0.400000 0.400000
3727.887207 0.000000 4320.674316 0.000000 0.219674 0.000000 -0.975573 0.400000 0.400000 0.400000
3721.339844 0.000000 4344.778809 0.000000 0.802430 0.000000 0.596746 0.400000 0.400000 0.400000
3765.377197 0.000000 4320.978027 0.000000 0.171674 0.000000 0.985154 0.400000 0.400000 0.400000
4081.750977 0.000000 4248.591797 0.000000 0.998024 0.000000 0.062834 0.400000 0.400000 0.400000
4087.802734 0.000000 4236.020508 0.000000 0.717545 0.000000 0.696512 0.400000 0.400000 0.400000
3583.861816 0.000000 4350.335938 0.000000 0.647299 0.000000 -0.762236 0.400000 0.400000 0.400000
3592.915527 0.000000 4373.228516 0.000000 0.775950 0.000000 -0.630794 0.400000 0.400000 0.400000
3590.118652 0.000000 4373.682617 0.000000 0.914285 0.000000 -0.405072 0.400000 0.400000 0.400000
3634.479736 0.000000 4431.975586 0.000000 0.775016 0.000000 0.631942 0.400000 0.400000 0.400000
3647.082520 0.000000 4428.775391 0.000000 0.710337 0.000000 -0.703862 0.400000 0.400000 0.400000
3610.928223 0.000000 4434.507812 0.000000 0.782180 0.000000 0.623052 0.400000 0.400000 0.400000
3653.235107 0.000000 4418.334961 0.000000 0.646330 0.000000 0.763058 0.400000 0.400000 0.400000
3648.614014 0.000000 4429.832031 0.000000 0.445537 0.000000 -0.895264 0.400000 0.400000 0.400000
3634.172119 0.000000 4464.260742 0.000000 0.978487 0.000000 -0.206309 0.400000 0.400000 0.400000
2556.479492 0.000000 4801.949707 0.000000 0.730649 0.000000 0.682753 0.400000 0.400000 0.400000
2653.814697 0.000000 4619.802734 0.000000 0.461721 0.000000 0.887025 0.400000 0.400000 0.400000
2678.589355 0.000000 4736.172852 0.000000 0.691277 0.000000 0.722590 0.400000 0.400000 0.400000
2668.860840 0.000000 4738.437012 0.000000 0.713821 0.000000 -0.700328 0.400000 0.400000 0.400000
2570.499268 0.000000 4808.348145 0.000000 0.765634 0.000000 0.643276 0.400000 0.400000 0.400000
2566.508057 0.000000 4815.223145 0.000000 0.472230 0.000000 0.881475 0.400000 0.400000 0.400000
2571.127930 0.000000 4829.404785 0.000000 0.391799 0.000000 0.920051 0.400000 0.400000 0.400000
2559.986816 0.000000 4822.757812 0.000000 0.117954 0.000000 0.993019 0.400000 0.400000 0.400000
2587.955566 0.000000 4818.823730 0.000000 0.985949 0.000000 0.167046 0.400000 0.400000 0.400000
2900.614746 0.000000 4767.815430 0.000000 0.841411 0.000000 -0.540396 0.400000 0.400000 0.400000
2892.977783 0.000000 4764.082520 0.000000 0.189065 0.000000 0.981965 0.400000 0.400000 0.400000
2903.568359 0.000000 4792.717773 0.000000 0.311683 0.000000 -0.950186 0.400000 0.400000 0.400000
2894.444824 0.000000 4780.747559 0.000000 0.923514 0.000000 0.383566 0.400000 0.400000 0.400000
2903.655518 0.000000 4790.068359 0.000000 0.653983 0.000000 0.756509 0.400000 0.400000 0.400000
2860.837402 0.000000 4832.921387 0.000000 0.917715 0.000000 -0.397240 0.400000 0.400000 0.400000
2108.681885 0.000000 5000.381836 0.000000 0.356343 0.000000 0.934355 0.400000 0.400000 0.400000
2103.235107 0.000000 5002.050781 0.000000 0.216289 0.000000 0.976329 0.400000 0.400000 0.400000
2107.422607 0.000000 4994.754883 0.000000 0.676305 0.000000 0.736621 0.400000 0.400000 0.400000
2105.444336 0.000000 4999.577148 0.000000 0.233545 0.000000 0.972346 0.400000 0.400000 0.400000
2170.799072 0.000000 5006.308105 0.000000 0.996977 0.000000 0.077702 0.400000 0.400000 0.400000
2112.940186 0.000000 5007.380371 0.000000 0.280392 0.000000 0.959886 0.400000 0.400000 0.400000
2145.529053 0.000000 5000.432129 0.000000 0.975969 0.000000 -0.217908 0.400000 0.400000 0.400000
2166.864502 0.000000 4985.527344 0.000000 0.830420 0.000000 0.557138 0.400000 0.400000 0.400000
2113.021240 0.000000 4978.265137 0.000000 0.734785 0.000000 -0.678300 0.400000 0.400000 0.400000
2122.553955 0.000000 4997.316895 0.000000 0.858745 0.000000 0.512403 0.400000 0.400000 0.400000
2167.927490 0.000000 4996.623047 0.000000 0.457058 0.000000 -0.889437 0.400000 0.400000 0.400000
2146.194336 0.000000 4982.377930 0.000000 0.817547 0.000000 0.575862 0.400000 0.400000 0.400000
2120.697754 0.000000 4978.143066 0.000000 0.772482 0.000000 0.635036 0.400000 0.400000 0.400000
2137.419922 0.000000 4998.950684 0.000000 0.921238 0.000000 -0.389000 0.400000 0.400000 0.400000
2126.521729 0.000000 4991.703125 0.000000 0.039618 0.000000 -0.999215 0.400000 0.400000 0.400000
2119.598389 0.000000 4991.414551 0.000000 0.861791 0.000000 0.507264 0.400000 0.400000 0.400000
2172.674316 0.000000 5000.381836 0.000000 0.809002 0.000000 -0.587806 0.400000 0.400000 0.400000
2152.160400 0.000000 4985.074707 0.000000 0.291771 0.000000 -0.956488 0.400000 0.400000 0.400000
2157.611084 0.000000 5000.950684 0.000000 0.396323 0.000000 0.918111 0.400000 0.400000 0.400000
2175.262207 0.000000 4995.681641 0.000000 0.660903 0.000000 -0.750471 0.400000 0.400000 0.400000
2157.544189 0.000000 4981.894043 0.000000 0.456674 0.000000 -0.889634 0.400000 0.400000 0.400000
2141.877197 0.000000 4997.740234 0.000000 0.594686 0.000000 -0.803958 0.400000 0.400000 0.400000
2142.729736 0.000000 4983.663574 0.000000 0.570057 0.000000 -0.821605 0.400000 0.400000 0.400000
2159.441406 0.000000 4998.263184 0.000000 0.414618 0.000000 -0.909996 0.400000 0.400000 0.400000
2139.314453 0.000000 4996.150391 0.000000 0.894609 0.000000 0.446849 0.400000 0.400000 0.400000
2295.911865 0.000000 4996.623047 0.000000 0.987324 0.000000 -0.158719 0.400000 0.400000 0.400000
2246.547119 0.000000 5004.191895 0.000000 0.861048 0.000000 -0.508524 0.400000 0.400000 0.400000
2295.211670 0.000000 5002.050781 0.000000 0.369982 0.000000 0.929039 0.400000 0.400000 0.400000
2299.399170 0.000000 4994.754883 0.000000 0.795911 0.000000 0.605414 0.400000 0.400000 0.400000
2297.421143 0.000000 4999.577148 0.000000 0.490385 0.000000 0.871506 0.400000 0.400000 0.400000
2096.113770 0.000000 5011.866211 0.000000 0.999052 0.000000 -0.043530 0.400000 0.400000 0.400000
2153.140625 0.000000 5026.681641 0.000000 0.129387 0.000000 -0.991594 0.400000 0.400000 0.400000
2112.041504 0.000000 5011.726562 0.000000 0.074672 0.000000 -0.997208 0.400000 0.400000 0.400000
2165.388672 0.000000 5010.943359 0.000000 0.993578 0.000000 -0.113147 0.400000 0.400000 0.400000
2146.194336 0.000000 5029.620117 0.000000 0.994111 0.000000 0.108366 0.400000 0.400000 0.400000
2115.517578 0.000000 5018.651367 0.000000 0.368289 0.000000 0.929712 0.400000 0.400000 0.400000
2118.287842 0.000000 5013.203613 0.000000 0.021704 0.000000 -0.999764 0.400000 0.400000 0.400000
2129.279053 0.000000 5019.459961 0.000000 0.609056 0.000000 0.793127 0.400000 0.400000 0.400000
2167.433838 0.000000 5015.072754 0.000000 0.793740 0.000000 -0.608257 0.400000 0.400000 0.400000
2170.089355 0.000000 5011.312012 0.000000 0.786290 0.000000 0.617857 0.400000 0.400000 0.400000
2138.815674 0.000000 5028.148926 0.000000 0.823077 0.000000 -0.567929 0.400000 0.400000 0.400000
2221.402100 0.000000 5008.544922 0.000000 0.980297 0.000000 -0.197531 0.400000 0.400000 0.400000
2236.967773 0.000000 5025.270020 0.000000 0.949761 0.000000 0.312975 0.400000 0.400000 0.400000
2231.275879 0.000000 5026.675293 0.000000 0.054606 0.000000 -0.998508 0.400000 0.400000 0.400000
2219.896240 0.000000 5013.389160 0.000000 0.587673 0.000000 0.809099 0.400000 0.400000 0.400000
2280.550537 0.000000 5017.074707 0.000000 0.221553 0.000000 0.975148 0.400000 0.400000 0.400000
2243.501953 0.000000 5018.651367 0.000000 0.270900 0.000000 -0.962608 0.400000 0.400000 0.400000
2246.176758 0.000000 5007.916504 0.000000 0.743953 0.000000 0.668232 0.400000 0.400000 0.400000
2283.888428 0.000000 5013.389160 0.000000 0.291361 0.000000 0.956613 0.400000 0.400000 0.400000
2304.087646 0.000000 4990.787598 0.000000 0.573122 0.000000 -0.819470 0.400000 0.400000 0.400000
2314.530518 0.000000 4997.316895 0.000000 0.614195 0.000000 -0.789154 0.400000 0.400000 0.400000
2318.498291 0.000000 4991.703125 0.000000 0.660364 0.000000 -0.750946 0.400000 0.400000 0.400000
2314.964355 0.000000 4993.581055 0.000000 0.986203 0.000000 0.165541 0.400000 0.400000 0.400000
2577.224365 0.000000 4924.975586 0.000000 0.986140 0.000000 0.165917 0.400000 0.400000 0.400000
3028.599121 0.000000 5051.268555 0.000000 0.523368 0.000000 -0.852107 0.400000 0.400000 0.400000
3033.310547 0.000000 5046.192871 0.000000 0.028745 0.000000 -0.999587 0.400000 0.400000 0.400000
3029.007324 0.000000 5045.745605 0.000000 0.948374 0.000000 0.317153 0.400000 0.400000 0.400000
2997.088135 0.000000 5070.611816 0.000000 0.794713 0.000000 0.606985 0.400000 0.400000 0.400000
3007.932129 0.000000 5058.968750 0.000000 0.437274 0.000000 0.899328 0.400000 0.400000 0.400000
3030.908936 0.000000 5066.779785 0.000000 0.880903 0.000000 -0.473297 0.400000 0.400000 0.400000
3042.769287 0.000000 5064.605469 0.000000 0.963700 0.000000 0.266988 0.400000 0.400000 0.400000
3008.620361 0.000000 5062.999023 0.000000 0.995858 0.000000 -0.090926 0.400000 0.400000 0.400000
3536.636475 0.000000 4573.611816 0.000000 0.145125 0.000000 -0.989413 0.400000 0.400000 0.400000
3536.677490 0.000000 4577.711914 0.000000 0.691983 0.000000 -0.721914 0.400000 0.400000 0.400000
3529.363281 0.000000 4580.989746 0.000000 0.878921 0.000000 -0.476968 0.400000 0.400000 0.400000
3578.614258 0.000000 4577.864746 0.000000 0.025185 0.000000 0.999683 0.400000 0.400000 0.400000
3531.010742 0.000000 4593.193848 0.000000 0.130960 0.000000 -0.991388 0.400000 0.400000 0.400000
3523.345703 0.000000 4593.471680 0.000000 0.172039 0.000000 -0.985090 0.400000 0.400000 0.400000
3526.020508 0.000000 4582.736816 0.000000 0.984918 0.000000 0.173020 0.400000 0.400000 0.400000
3578.796143 0.000000 4595.690918 0.000000 0.914890 0.000000 0.403704 0.400000 0.400000 0.400000
3520.557861 0.000000 4590.577148 0.000000 0.997980 0.000000 -0.063533 0.400000 0.400000 0.400000
3528.672119 0.000000 4582.541504 0.000000 0.307026 0.000000 0.951701 0.400000 0.400000 0.400000
3220.575684 0.000000 4909.541992 0.000000 0.513391 0.000000 0.858155 0.400000 0.400000 0.400000
3233.396240 0.000000 4905.947754 0.000000 0.982697 0.000000 0.185220 0.400000 0.400000 0.400000
3236.597900 0.000000 4895.174316 0.000000 0.940417 0.000000 -0.340024 0.400000 0.400000 0.400000
3228.846436 0.000000 4898.773438 0.000000 0.206362 0.000000 -0.978476 0.400000 0.400000 0.400000
3586.498779 0.000000 4574.320801 0.000000 0.526884 0.000000 0.849937 0.400000 0.400000 0.400000
3661.719238 0.000000 4571.484375 0.000000 0.840778 0.000000 -0.541380 0.400000 0.400000 0.400000
3609.335693 0.000000 4638.918945 0.000000 0.876784 0.000000 -0.480885 0.400000 0.400000 0.400000
3893.177734 0.000000 4680.248047 0.000000 0.636683 0.000000 -0.771126 0.400000 0.400000 0.400000
3903.892334 0.000000 4707.334473 0.000000 0.821564 0.000000 0.570116 0.400000 0.400000 0.400000
3937.975586 0.000000 4698.924805 0.000000 0.962918 0.000000 0.269796 0.400000 0.400000 0.400000
3934.510986 0.000000 4700.210449 0.000000 0.459709 0.000000 0.888069 0.400000 0.400000 0.400000
3845.211670 0.000000 4749.030273 0.000000 0.970679 0.000000 0.240379 0.400000 0.400000 0.400000
3848.486816 0.000000 4741.932129 0.000000 0.706324 0.000000 -0.707888 0.400000 0.400000 0.400000
3844.606689 0.000000 4739.470215 0.000000 0.438616 0.000000 0.898674 0.400000 0.400000 0.400000
3920.345459 0.000000 4730.443848 0.000000 0.765038 0.000000 0.643985 0.400000 0.400000 0.400000
3937.278809 0.000000 4724.500000 0.000000 0.435221 0.000000 0.900324 0.400000 0.400000 0.400000
3923.959961 0.000000 4728.104492 0.000000 0.885702 0.000000 -0.464255 0.400000 0.400000 0.400000
3939.486816 0.000000 4726.825684 0.000000 0.656343 0.000000 0.754463 0.400000 0.400000 0.400000
3939.896973 0.000000 4724.274902 0.000000 0.814251 0.000000 -0.580513 0.400000 0.400000 0.400000
3931.775635 0.000000 4785.142578 0.000000 0.993746 0.000000 0.111669 0.400000 0.400000 0.400000
3988.481934 0.000000 4862.299805 0.000000 0.999916 0.000000 -0.012966 0.400000 0.400000 0.400000
3991.737305 0.000000 4864.888672 0.000000 0.791293 0.000000 -0.611438 0.400000 0.400000 0.400000
3097.839600 0.000000 4930.595215 0.000000 0.578366 0.000000 -0.815777 0.400000 0.400000 0.400000
3101.922852 0.000000 4932.873535 0.000000 0.942201 0.000000 -0.335048 0.400000 0.400000 0.400000
3130.378906 0.000000 4935.072754 0.000000 0.512150 0.000000 -0.858896 0.400000 0.400000 0.400000
3130.458252 0.000000 4939.890137 0.000000 0.882155 0.000000 -0.470959 0.400000 0.400000 0.400000
3098.698486 0.000000 4933.664551 0.000000 0.739365 0.000000 -0.673305 0.400000 0.400000 0.400000
3093.185303 0.000000 4978.327637 0.000000 0.241038 0.000000 -0.970516 0.400000 0.400000 0.400000
3095.544922 0.000000 4981.686523 0.000000 0.987487 0.000000 -0.157698 0.400000 0.400000 0.400000
3148.799072 0.000000 5004.525391 0.000000 0.759545 0.000000 -0.650455 0.400000 0.400000 0.400000
3181.486084 0.000000 5000.950684 0.000000 0.568045 0.000000 -0.822997 0.400000 0.400000 0.400000
3183.316406 0.000000 4998.263184 0.000000 0.591303 0.000000 -0.806449 0.400000 0.400000 0.400000
3180.324219 0.000000 4998.309082 0.000000 0.794753 0.000000 -0.606932 0.400000 0.400000 0.400000
3177.233643 0.000000 4996.941895 0.000000 0.067742 0.000000 -0.997703 0.400000 0.400000 0.400000
3238.322021 0.000000 4914.075195 0.000000 0.558779 0.000000 -0.829317 0.400000 0.400000 0.400000
3318.723877 0.000000 4985.527344 0.000000 0.321492 0.000000 -0.946912 0.400000 0.400000 0.400000
3310.179688 0.000000 4986.689941 0.000000 0.784051 0.000000 0.620696 0.400000 0.400000 0.400000
3317.248047 0.000000 4963.701172 0.000000 0.931151 0.000000 -0.364635 0.400000 0.400000 0.400000
3324.834961 0.000000 4978.027832 0.000000 0.546068 0.000000 0.837741 0.400000 0.400000 0.400000
3324.083740 0.000000 4968.322266 0.000000 0.221596 0.000000 -0.975139 0.400000 0.400000 0.400000
3315.123779 0.000000 4991.368652 0.000000 0.608216 0.000000 0.793771 0.400000 0.400000 0.400000
3326.084961 0.000000 4984.416504 0.000000 0.978966 0.000000 0.204023 0.400000 0.400000 0.400000
3324.533691 0.000000 5000.381836 0.000000 0.454456 0.000000 -0.890769 0.400000 0.400000 0.400000
3319.143066 0.000000 4979.433105 0.000000 0.999992 0.000000 -0.003892 0.400000 0.400000 0.400000
3319.293213 0.000000 4967.830566 0.000000 0.540438 0.000000 0.841384 0.400000 0.400000 0.400000
3319.896484 0.000000 4991.895508 0.000000 0.527863 0.000000 0.849329 0.400000 0.400000 0.400000
3314.145264 0.000000 4987.671387 0.000000 0.752619 0.000000 -0.658457 0.400000 0.400000 0.400000
3317.734131 0.000000 4988.909668 0.000000 0.179607 0.000000 0.983738 0.400000 0.400000 0.400000
3317.431885 0.000000 4982.368652 0.000000 0.949948 0.000000 -0.312409 0.400000 0.400000 0.400000
3319.280518 0.000000 4965.276855 0.000000 0.779694 0.000000 0.626160 0.400000 0.400000 0.400000
3133.699463 0.000000 5011.830566 0.000000 0.519517 0.000000 -0.854460 0.400000 0.400000 0.400000
3133.302734 0.000000 5022.391602 0.000000 0.768446 0.000000 0.639915 0.400000 0.400000 0.400000
3194.674072 0.000000 5053.550293 0.000000 0.131542 0.000000 0.991311 0.400000 0.400000 0.400000
3135.916504 0.000000 5011.726562 0.000000 0.887282 0.000000 -0.461228 0.400000 0.400000 0.400000
3196.549316 0.000000 5047.624023 0.000000 0.999785 0.000000 0.020713 0.400000 0.400000 0.400000
3181.486084 0.000000 5048.192871 0.000000 0.497079 0.000000 0.867705 0.400000 0.400000 0.400000
3197.697021 0.000000 5051.255859 0.000000 0.552506 0.000000 -0.833509 0.400000 0.400000 0.400000
3182.427002 0.000000 5050.458496 0.000000 0.999023 0.000000 0.044203 0.400000 0.400000 0.400000
3196.995361 0.000000 5055.117188 0.000000 0.413209 0.000000 0.910636 0.400000 0.400000 0.400000
3181.284912 0.000000 5055.787109 0.000000 0.991634 0.000000 0.129079 0.400000 0.400000 0.400000
3196.099365 0.000000 5062.806641 0.000000 0.874721 0.000000 0.484626 0.400000 0.400000 0.400000
3185.743408 0.000000 5055.070312 0.000000 0.278419 0.000000 -0.960460 0.400000 0.400000 0.400000
3193.964355 0.000000 5058.554199 0.000000 0.883185 0.000000 -0.469025 0.400000 0.400000 0.400000
4750.201660 0.000000 4141.343750 0.000000 0.651846 0.000000 0.758351 0.400000 0.400000 0.400000
4753.420898 0.000000 4141.331543 0.000000 0.823431 0.000000 -0.567417 0.400000 0.400000 0.400000
4321.413086 0.000000 4297.285645 0.000000 0.888346 0.000000 -0.459174 0.400000 0.400000 0.400000
4318.416504 0.000000 4297.786621 0.000000 0.343639 0.000000 0.939102 0.400000 0.400000 0.400000
4321.231934 0.000000 4299.320312 0.000000 0.633869 0.000000 -0.773440 0.400000 0.400000 0.400000
4282.541504 0.000000 4533.886230 0.000000 0.443920 0.000000 -0.896067 0.400000 0.400000 0.400000
4264.915527 0.000000 4531.585449 0.000000 0.253174 0.000000 0.967421 0.400000 0.400000 0.400000
4251.655273 0.000000 4532.716797 0.000000 0.112349 0.000000 0.993669 0.400000 0.400000 0.400000
4269.987793 0.000000 4533.298340 0.000000 0.858808 0.000000 0.512297 0.400000 0.400000 0.400000
4248.414062 0.000000 4530.312012 0.000000 0.928908 0.000000 0.370311 0.400000 0.400000 0.400000
4285.564453 0.000000 4531.591797 0.000000 0.436297 0.000000 0.899803 0.400000 0.400000 0.400000
4282.528809 0.000000 4530.622559 0.000000 0.986633 0.000000 0.162961 0.400000 0.400000 0.400000
4267.894531 0.000000 4531.050293 0.000000 0.521067 0.000000 -0.853516 0.400000 0.400000 0.400000
4288.674805 0.000000 4534.958496 0.000000 0.999336 0.000000 0.036438 0.400000 0.400000 0.400000
4287.479980 0.000000 4530.377441 0.000000 0.988979 0.000000 0.148057 0.400000 0.400000 0.400000
4362.280762 0.000000 4383.168457 0.000000 0.946356 0.000000 0.323127 0.400000 0.400000 0.400000
4368.623047 0.000000 4380.720215 0.000000 0.969489 0.000000 -0.245135 0.400000 0.400000 0.400000
4362.714844 0.000000 4379.432617 0.000000 0.888443 0.000000 -0.458987 0.400000 0.400000 0.400000
4436.656250 0.000000 4426.398438 0.000000 0.921227 0.000000 0.389026 0.400000 0.400000 0.400000
4432.527344 0.000000 4431.885254 0.000000 0.217714 0.000000 -0.976013 0.400000 0.400000 0.400000
4422.774902 0.000000 4433.138184 0.000000 0.050118 0.000000 -0.998743 0.400000 0.400000 0.400000
4419.102051 0.000000 4435.916504 0.000000 0.509804 0.000000 0.860291 0.400000 0.400000 0.400000
4560.045410 0.000000 4363.407227 0.000000 0.292719 0.000000 0.956198 0.400000 0.400000 0.400000
4560.982422 0.000000 4358.069336 0.000000 0.545343 0.000000 0.838213 0.400000 0.400000 0.400000
4490.894043 0.000000 4404.225098 0.000000 0.020887 0.000000 0.999782 0.400000 0.400000 0.400000
4575.760254 0.000000 4398.004883 0.000000 0.776974 0.000000 -0.629533 0.400000 0.400000 0.400000
4544.724609 0.000000 4411.358887 0.000000 0.945565 0.000000 -0.325433 0.400000 0.400000 0.400000
4548.664062 0.000000 4413.876465 0.000000 0.158569 0.000000 -0.987348 0.400000 0.400000 0.400000
4575.808105 0.000000 4401.619141 0.000000 0.201617 0.000000 -0.979465 0.400000 0.400000 0.400000
4355.244629 0.000000 4451.745117 0.000000 0.939329 0.000000 -0.343018 0.400000 0.400000 0.400000
4372.435059 0.000000 4531.604492 0.000000 0.959161 0.000000 0.282861 0.400000 0.400000 0.400000
4364.700195 0.000000 4512.852051 0.000000 0.901896 0.000000 0.431954 0.400000 0.400000 0.400000
4362.280762 0.000000 4524.895020 0.000000 0.988562 0.000000 -0.150812 0.400000 0.400000 0.400000
4423.317383 0.000000 4518.992676 0.000000 0.332354 0.000000 0.943155 0.400000 0.400000 0.400000
4449.397461 0.000000 4533.496582 0.000000 0.681418 0.000000 -0.731894 0.400000 0.400000 0.400000
4426.707031 0.000000 4521.159180 0.000000 0.919876 0.000000 -0.392211 0.400000 0.400000 0.400000
4500.419434 0.000000 4531.604492 0.000000 0.928552 0.000000 0.371202 0.400000 0.400000 0.400000
4490.265137 0.000000 4524.895020 0.000000 0.999770 0.000000 -0.021433 0.400000 0.400000 0.400000
4496.519531 0.000000 4526.369629 0.000000 0.997072 0.000000 0.076475 0.400000 0.400000 0.400000
4500.828125 0.000000 4526.081543 0.000000 0.884478 0.000000 -0.466583 0.400000 0.400000 0.400000
4492.782715 0.000000 4527.871582 0.000000 0.775476 0.000000 0.631377 0.400000 0.400000 0.400000
4648.835938 0.000000 4318.048828 0.000000 0.651073 0.000000 -0.759016 0.400000 0.400000 0.400000
4653.239746 0.000000 4320.503418 0.000000 0.088937 0.000000 0.996037 0.400000 0.400000 0.400000
4608.635742 0.000000 4440.474121 0.000000 0.650332 0.000000 0.759650 0.400000 0.400000 0.400000
4648.835938 0.000000 4412.533203 0.000000 0.608372 0.000000 0.793652 0.400000 0.400000 0.400000
4624.503906 0.000000 4431.885254 0.000000 0.899656 0.000000 -0.436599 0.400000 0.400000 0.400000
4628.812500 0.000000 4431.597168 0.000000 0.934979 0.000000 -0.354702 0.400000 0.400000 0.400000
4646.552246 0.000000 4425.657227 0.000000 0.213343 0.000000 -0.976977 0.400000 0.400000 0.400000
4626.660156 0.000000 4413.644531 0.000000 0.261463 0.000000 0.965214 0.400000 0.400000 0.400000
4717.424316 0.000000 4523.033203 0.000000 0.882788 0.000000 -0.469771 0.400000 0.400000 0.400000
4671.798828 0.000000 4518.365723 0.000000 0.374044 0.000000 0.927411 0.400000 0.400000 0.400000
4705.216797 0.000000 4528.010254 0.000000 0.980520 0.000000 0.196419 0.400000 0.400000 0.400000
4682.241699 0.000000 4524.895020 0.000000 0.772825 0.000000 -0.634620 0.400000 0.400000 0.400000
4708.418457 0.000000 4517.236816 0.000000 0.191183 0.000000 0.981554 0.400000 0.400000 0.400000
4692.625000 0.000000 4520.882812 0.000000 0.954544 0.000000 -0.298071 0.400000 0.400000 0.400000
4727.615234 0.000000 4524.201172 0.000000 0.999971 0.000000 0.007588 0.400000 0.400000 0.400000
4718.008301 0.000000 4514.268066 0.000000 0.595433 0.000000 -0.803405 0.400000 0.400000 0.400000
4712.860840 0.000000 4531.585449 0.000000 0.998426 0.000000 0.056083 0.400000 0.400000 0.400000
4721.673340 0.000000 4532.044922 0.000000 0.254742 0.000000 -0.967009 0.400000 0.400000 0.400000
4677.110352 0.000000 4512.819336 0.000000 0.707332 0.000000 -0.706881 0.400000 0.400000 0.400000
4710.702148 0.000000 4523.807129 0.000000 0.708335 0.000000 0.705876 0.400000 0.400000 0.400000
4722.952148 0.000000 4518.946777 0.000000 0.770930 0.000000 -0.636920 0.400000 0.400000 0.400000
4679.286133 0.000000 4518.992676 0.000000 0.949409 0.000000 -0.314043 0.400000 0.400000 0.400000
4722.347168 0.000000 4526.459961 0.000000 0.991383 0.000000 -0.130992 0.400000 0.400000 0.400000
4717.298828 0.000000 4528.528809 0.000000 0.259213 0.000000 0.965820 0.400000 0.400000 0.400000
4794.479004 0.000000 4486.644043 0.000000 0.636267 0.000000 0.771469 0.400000 0.400000 0.400000
4791.607422 0.000000 4476.958984 0.000000 0.687814 0.000000 0.725887 0.400000 0.400000 0.400000
4796.354004 0.000000 4480.717773 0.000000 0.817426 0.000000 0.576034 0.400000 0.400000 0.400000
4786.339355 0.000000 4479.217773 0.000000 0.646335 0.000000 0.763054 0.400000 0.400000 0.400000
4790.907227 0.000000 4482.386719 0.000000 0.502611 0.000000 -0.864513 0.400000 0.400000 0.400000
4797.501953 0.000000 4484.349609 0.000000 0.967868 0.000000 0.251458 0.400000 0.400000 0.400000
4793.116699 0.000000 4479.913086 0.000000 0.530416 0.000000 -0.847737 0.400000 0.400000 0.400000
4794.466309 0.000000 4483.380371 0.000000 0.639984 0.000000 0.768388 0.400000 0.400000 0.400000
4789.558105 0.000000 4479.565918 0.000000 0.645115 0.000000 -0.764086 0.400000 0.400000 0.400000
4845.408691 0.000000 4475.791016 0.000000 0.360976 0.000000 0.932575 0.400000 0.400000 0.400000
4799.783203 0.000000 4471.123535 0.000000 0.450469 0.000000 -0.892792 0.400000 0.400000 0.400000
4800.612305 0.000000 4487.716309 0.000000 0.890134 0.000000 0.455699 0.400000 0.400000 0.400000
4840.812500 0.000000 4459.775391 0.000000 0.755572 0.000000 -0.655065 0.400000 0.400000 0.400000
4833.201172 0.000000 4480.768066 0.000000 0.973943 0.000000 0.226791 0.400000 0.400000 0.400000
4810.226074 0.000000 4477.652832 0.000000 0.567995 0.000000 0.823032 0.400000 0.400000 0.400000
4855.599609 0.000000 4476.958984 0.000000 0.934918 0.000000 0.354864 0.400000 0.400000 0.400000
4840.238281 0.000000 4450.168457 0.000000 0.807093 0.000000 0.590425 0.400000 0.400000 0.400000
4849.657715 0.000000 4484.802734 0.000000 0.922471 0.000000 -0.386067 0.400000 0.400000 0.400000
4802.350586 0.000000 4479.836426 0.000000 0.993305 0.000000 -0.115522 0.400000 0.400000 0.400000
4828.651367 0.000000 4473.593750 0.000000 0.986713 0.000000 0.162476 0.400000 0.400000 0.400000
4805.094727 0.000000 4465.577148 0.000000 0.955094 0.000000 0.296304 0.400000 0.400000 0.400000
4807.270508 0.000000 4471.750488 0.000000 0.787520 0.000000 -0.616289 0.400000 0.400000 0.400000
4844.595703 0.000000 4454.983887 0.000000 0.959540 0.000000 -0.281572 0.400000 0.400000 0.400000
4860.346191 0.000000 4480.717773 0.000000 0.753195 0.000000 0.657798 0.400000 0.400000 0.400000
4850.331543 0.000000 4479.217773 0.000000 0.924876 0.000000 0.380268 0.400000 0.400000 0.400000
4833.796875 0.000000 4474.838379 0.000000 0.835819 0.000000 0.549005 0.400000 0.400000 0.400000
4800.432129 0.000000 4463.687012 0.000000 0.929118 0.000000 -0.369782 0.400000 0.400000 0.400000
4862.934570 0.000000 4476.017578 0.000000 0.127426 0.000000 0.991848 0.400000 0.400000 0.400000
4803.452637 0.000000 4475.012695 0.000000 0.909065 0.000000 0.416655 0.400000 0.400000 0.400000
4829.549316 0.000000 4478.076172 0.000000 0.076756 0.000000 -0.997050 0.400000 0.400000 0.400000
4803.638184 0.000000 4469.499512 0.000000 0.792055 0.000000 -0.610450 0.400000 0.400000 0.400000
4800.585449 0.000000 4467.583008 0.000000 0.739149 0.000000 0.673542 0.400000 0.400000 0.400000
4841.060547 0.000000 4453.714844 0.000000 0.885671 0.000000 -0.464312 0.400000 0.400000 0.400000
4847.113281 0.000000 4478.599121 0.000000 0.024120 0.000000 0.999709 0.400000 0.400000 0.400000
4756.388184 0.000000 4531.604492 0.000000 0.001273 0.000000 -0.999999 0.400000 0.400000 0.400000
4735.791016 0.000000 4518.365723 0.000000 0.806110 0.000000 0.591766 0.400000 0.400000 0.400000
4746.233887 0.000000 4524.895020 0.000000 0.375349 0.000000 0.926884 0.400000 0.400000 0.400000
4756.617188 0.000000 4520.882812 0.000000 0.192449 0.000000 -0.981307 0.400000 0.400000 0.400000
4776.853027 0.000000 4531.585449 0.000000 0.920897 0.000000 0.389807 0.400000 0.400000 0.400000
4738.358398 0.000000 4527.078613 0.000000 0.845593 0.000000 -0.533828 0.400000 0.400000 0.400000
4748.604004 0.000000 4532.103516 0.000000 0.996912 0.000000 0.078531 0.400000 0.400000 0.400000
4743.278320 0.000000 4518.992676 0.000000 0.899646 0.000000 -0.436620 0.400000 0.400000 0.400000
4752.488281 0.000000 4526.369629 0.000000 0.544876 0.000000 -0.838517 0.400000 0.400000 0.400000
4742.242676 0.000000 4531.770020 0.000000 0.790447 0.000000 0.612530 0.400000 0.400000 0.400000
4739.460449 0.000000 4522.254883 0.000000 0.134904 0.000000 0.990859 0.400000 0.400000 0.400000
4742.735840 0.000000 4527.622559 0.000000 0.539276 0.000000 0.842129 0.400000 0.400000 0.400000
4810.854980 0.000000 4498.709473 0.000000 0.015093 0.000000 0.999886 0.400000 0.400000 0.400000
4822.690430 0.000000 4499.873535 0.000000 0.722988 0.000000 0.690861 0.400000 0.400000 0.400000
4810.856445 0.000000 4489.704102 0.000000 0.957940 0.000000 0.286967 0.400000 0.400000 0.400000
4816.236328 0.000000 4494.232910 0.000000 0.796729 0.000000 0.604337 0.400000 0.400000 0.400000
4861.897949 0.000000 4511.994629 0.000000 0.932113 0.000000 0.362167 0.400000 0.400000 0.400000
4816.951172 0.000000 4499.795898 0.000000 0.905532 0.000000 0.424279 0.400000 0.400000 0.400000
4820.745117 0.000000 4495.666016 0.000000 0.565715 0.000000 0.824601 0.400000 0.400000 0.400000
4811.456055 0.000000 4494.312500 0.000000 0.203995 0.000000 0.978972 0.400000 0.400000 0.400000
4814.210449 0.000000 4497.294434 0.000000 0.293993 0.000000 -0.955808 0.400000 0.400000 0.400000
4863.775391 0.000000 4471.123535 0.000000 0.654985 0.000000 0.755642 0.400000 0.400000 0.400000
4874.218262 0.000000 4477.652832 0.000000 0.985799 0.000000 -0.167931 0.400000 0.400000 0.400000
4884.601562 0.000000 4473.640625 0.000000 0.179030 0.000000 -0.983844 0.400000 0.400000 0.400000
4866.342773 0.000000 4479.836426 0.000000 0.707062 0.000000 0.707151 0.400000 0.400000 0.400000
4876.588379 0.000000 4484.861328 0.000000 0.594976 0.000000 0.803744 0.400000 0.400000 0.400000
4889.083984 0.000000 4479.286621 0.000000 0.965506 0.000000 0.260381 0.400000 0.400000 0.400000
4878.186035 0.000000 4472.039062 0.000000 0.406465 0.000000 0.913666 0.400000 0.400000 0.400000
4880.472656 0.000000 4479.127441 0.000000 0.000652 0.000000 -1.000000 0.400000 0.400000 0.400000
4870.227051 0.000000 4484.527832 0.000000 0.999888 0.000000 -0.014997 0.400000 0.400000 0.400000
4884.781250 0.000000 4478.839355 0.000000 0.896628 0.000000 0.442785 0.400000 0.400000 0.400000
4888.704590 0.000000 4474.434082 0.000000 0.458176 0.000000 0.888862 0.400000 0.400000 0.400000
4876.735840 0.000000 4480.629395 0.000000 0.557630 0.000000 0.830090 0.400000 0.400000 0.400000
4880.560547 0.000000 4475.204590 0.000000 0.111301 0.000000 -0.993787 0.400000 0.400000 0.400000
4873.513184 0.000000 4482.543945 0.000000 0.731315 0.000000 0.682040 0.400000 0.400000 0.400000
4884.372559 0.000000 4531.604492 0.000000 0.968810 0.000000 0.247806 0.400000 0.400000 0.400000
4909.400879 0.000000 4523.033203 0.000000 0.046049 0.000000 0.998939 0.400000 0.400000 0.400000
4890.577148 0.000000 4511.667480 0.000000 0.122602 0.000000 0.992456 0.400000 0.400000 0.400000
4876.637695 0.000000 4512.852051 0.000000 0.105241 0.000000 -0.994447 0.400000 0.400000 0.400000
4864.685547 0.000000 4505.843262 0.000000 0.843302 0.000000 -0.537439 0.400000 0.400000 0.400000
4874.218262 0.000000 4524.895020 0.000000 0.360329 0.000000 -0.932825 0.400000 0.400000 0.400000
4900.395020 0.000000 4517.236816 0.000000 0.974048 0.000000 -0.226343 0.400000 0.400000 0.400000
4884.601562 0.000000 4520.882812 0.000000 0.998916 0.000000 -0.046546 0.400000 0.400000 0.400000
4919.591797 0.000000 4524.201172 0.000000 0.863637 0.000000 -0.504114 0.400000 0.400000 0.400000
4874.848633 0.000000 4489.704102 0.000000 0.417048 0.000000 -0.908884 0.400000 0.400000 0.400000
4904.837402 0.000000 4531.585449 0.000000 0.718599 0.000000 -0.695424 0.400000 0.400000 0.400000
4869.086914 0.000000 4512.819336 0.000000 0.999911 0.000000 0.013322 0.400000 0.400000 0.400000
4897.858887 0.000000 4509.956055 0.000000 0.960348 0.000000 0.278805 0.400000 0.400000 0.400000
4876.588379 0.000000 4532.103516 0.000000 0.418424 0.000000 0.908252 0.400000 0.400000 0.400000
4914.928711 0.000000 4518.946777 0.000000 0.362946 0.000000 0.931810 0.400000 0.400000 0.400000
4878.186035 0.000000 4519.281250 0.000000 0.993097 0.000000 -0.117292 0.400000 0.400000 0.400000
4880.472656 0.000000 4526.369629 0.000000 0.914787 0.000000 0.403938 0.400000 0.400000 0.400000
4870.227051 0.000000 4531.770020 0.000000 0.334633 0.000000 0.942348 0.400000 0.400000 0.400000
4903.824707 0.000000 4512.652832 0.000000 0.830886 0.000000 -0.556443 0.400000 0.400000 0.400000
4914.323730 0.000000 4526.459961 0.000000 0.731366 0.000000 -0.681985 0.400000 0.400000 0.400000
4895.150391 0.000000 4514.790039 0.000000 0.696810 0.000000 -0.717255 0.400000 0.400000 0.400000
4909.275391 0.000000 4528.528809 0.000000 0.251621 0.000000 0.967826 0.400000 0.400000 0.400000
4901.642578 0.000000 4502.316895 0.000000 0.284563 0.000000 0.958657 0.400000 0.400000 0.400000
4864.424316 0.000000 4510.929199 0.000000 0.889823 0.000000 0.456306 0.400000 0.400000 0.400000
4882.617188 0.000000 4516.210938 0.000000 0.997240 0.000000 -0.074247 0.400000 0.400000 0.400000
4884.781250 0.000000 4526.081543 0.000000 0.804430 0.000000 0.594047 0.400000 0.400000 0.400000
4872.759766 0.000000 4514.955078 0.000000 0.562199 0.000000 -0.827002 0.400000 0.400000 0.400000
4905.382324 0.000000 4527.115723 0.000000 0.952492 0.000000 0.304563 0.400000 0.400000 0.400000
4876.735840 0.000000 4527.871582 0.000000 0.853986 0.000000 0.520296 0.400000 0.400000 0.400000
4886.721680 0.000000 4513.530273 0.000000 0.545747 0.000000 0.837950 0.400000 0.400000 0.400000
4915.908691 0.000000 4522.806641 0.000000 0.978948 0.000000 0.204108 0.400000 0.400000 0.400000
4880.560547 0.000000 4522.446777 0.000000 0.948674 0.000000 -0.316256 0.400000 0.400000 0.400000
4898.898926 0.000000 4513.668945 0.000000 0.229154 0.000000 -0.973390 0.400000 0.400000 0.400000
4873.513184 0.000000 4529.786133 0.000000 0.137379 0.000000 -0.990519 0.400000 0.400000 0.400000
4912.640625 0.000000 4521.738281 0.000000 0.484163 0.000000 0.874978 0.400000 0.400000 0.400000
4877.571289 0.000000 4524.242188 0.000000 0.813657 0.000000 0.581346 0.400000 0.400000 0.400000
6381.221191 0.000000 3247.493652 0.000000 0.859159 0.000000 -0.511709 0.400000 0.400000 0.400000
6350.006348 0.000000 3243.741943 0.000000 0.397332 0.000000 -0.917675 0.400000 0.400000 0.400000
6402.994629 0.000000 3270.690186 0.000000 0.166104 0.000000 -0.986108 0.400000 0.400000 0.400000
7024.382812 0.000000 3293.441162 0.000000 0.314729 0.000000 -0.949181 0.400000 0.400000 0.400000
7098.185059 0.000000 3255.083252 0.000000 0.789546 0.000000 0.613691 0.400000 0.400000 0.400000
7071.455566 0.000000 3264.192383 0.000000 0.464968 0.000000 0.885328 0.400000 0.400000 0.400000
7070.150879 0.000000 3260.492676 0.000000 0.027573 0.000000 -0.999620 0.400000 0.400000 0.400000
7129.347656 0.000000 3277.118408 0.000000 0.535751 0.000000 0.844376 0.400000 0.400000 0.400000
7148.032227 0.000000 3277.538330 0.000000 0.657698 0.000000 -0.753282 0.400000 0.400000 0.400000
7281.360840 0.000000 3162.021240 0.000000 0.006016 0.000000 0.999982 0.400000 0.400000 0.400000
7273.772949 0.000000 3195.696289 0.000000 0.993502 0.000000 0.113817 0.400000 0.400000 0.400000
7294.637695 0.000000 3200.478027 0.000000 0.982261 0.000000 0.187520 0.400000 0.400000 0.400000
7273.979980 0.000000 3192.209961 0.000000 0.110997 0.000000 -0.993821 0.400000 0.400000 0.400000
7306.550293 0.000000 3175.927979 0.000000 0.662193 0.000000 0.749333 0.400000 0.400000 0.400000
7296.307617 0.000000 3212.177246 0.000000 0.993038 0.000000 0.117796 0.400000 0.400000 0.400000
7301.655273 0.000000 3170.758057 0.000000 0.408267 0.000000 0.912863 0.400000 0.400000 0.400000
7309.905762 0.000000 3174.512939 0.000000 0.415032 0.000000 -0.909807 0.400000 0.400000 0.400000
7308.924805 0.000000 3212.157471 0.000000 0.634918 0.000000 -0.772579 0.400000 0.400000 0.400000
7226.182129 0.000000 3258.346924 0.000000 0.387687 0.000000 0.921791 0.400000 0.400000 0.400000
7180.307129 0.000000 3256.563965 0.000000 0.630231 0.000000 -0.776407 0.400000 0.400000 0.400000
7228.057129 0.000000 3252.420898 0.000000 0.862294 0.000000 0.506409 0.400000 0.400000 0.400000
7218.042480 0.000000 3250.920898 0.000000 0.277742 0.000000 0.960656 0.400000 0.400000 0.400000
7180.454590 0.000000 3252.332275 0.000000 0.201795 0.000000 -0.979428 0.400000 0.400000 0.400000
7219.627441 0.000000 3247.267090 0.000000 0.460629 0.000000 -0.887593 0.400000 0.400000 0.400000
7202.617676 0.000000 3238.129639 0.000000 0.928267 0.000000 -0.371915 0.400000 0.400000 0.400000
7229.205078 0.000000 3256.052246 0.000000 0.180788 0.000000 0.983522 0.400000 0.400000 0.400000
7224.819824 0.000000 3251.615967 0.000000 0.002019 0.000000 0.999998 0.400000 0.400000 0.400000
7205.043945 0.000000 3239.030029 0.000000 0.591404 0.000000 0.806376 0.400000 0.400000 0.400000
7181.731445 0.000000 3254.566406 0.000000 0.858524 0.000000 0.512774 0.400000 0.400000 0.400000
7204.548340 0.000000 3236.606445 0.000000 0.868806 0.000000 -0.495153 0.400000 0.400000 0.400000
7252.448242 0.000000 3220.126953 0.000000 0.986272 0.000000 -0.165126 0.400000 0.400000 0.400000
7238.734375 0.000000 3247.538818 0.000000 0.593101 0.000000 -0.805128 0.400000 0.400000 0.400000
7228.503418 0.000000 3259.913818 0.000000 0.909721 0.000000 -0.415219 0.400000 0.400000 0.400000
7215.515625 0.000000 3268.190430 0.000000 0.465410 0.000000 0.885095 0.400000 0.400000 0.400000
7227.607422 0.000000 3267.603027 0.000000 0.166900 0.000000 -0.985974 0.400000 0.400000 0.400000
7217.297363 0.000000 3272.690674 0.000000 0.438676 0.000000 0.898645 0.400000 0.400000 0.400000
7222.816895 0.000000 3267.111572 0.000000 0.936988 0.000000 0.349363 0.400000 0.400000 0.400000
7225.039062 0.000000 3269.662354 0.000000 0.792155 0.000000 -0.610319 0.400000 0.400000 0.400000
7207.741699 0.000000 3265.637207 0.000000 0.970981 0.000000 0.239158 0.400000 0.400000 0.400000
7237.663086 0.000000 3265.242432 0.000000 0.973044 0.000000 0.230619 0.400000 0.400000 0.400000
7295.409180 0.000000 3216.523193 0.000000 0.637790 0.000000 0.770210 0.400000 0.400000 0.400000
7306.551758 0.000000 3214.164551 0.000000 0.788878 0.000000 -0.614549 0.400000 0.400000 0.400000
7296.097168 0.000000 3220.553223 0.000000 0.813809 0.000000 0.581133 0.400000 0.400000 0.400000
7304.672852 0.000000 3216.745605 0.000000 0.821598 0.000000 0.570067 0.400000 0.400000 0.400000
7296.186523 0.000000 3213.368408 0.000000 0.460786 0.000000 0.887511 0.400000 0.400000 0.400000
4158.439453 0.000000 4562.546875 0.000000 0.826511 0.000000 0.562921 0.400000 0.400000 0.400000
4159.861328 0.000000 4565.607910 0.000000 0.934381 0.000000 0.356276 0.400000 0.400000 0.400000
4214.614746 0.000000 4560.347656 0.000000 0.695356 0.000000 0.718666 0.400000 0.400000 0.400000
4206.070801 0.000000 4561.510254 0.000000 0.811155 0.000000 -0.584831 0.400000 0.400000 0.400000
4209.350586 0.000000 4553.612305 0.000000 0.389564 0.000000 0.920999 0.400000 0.400000 0.400000
4165.172852 0.000000 4560.061523 0.000000 0.384725 0.000000 0.923031 0.400000 0.400000 0.400000
4179.322754 0.000000 4558.499023 0.000000 0.838567 0.000000 -0.544798 0.400000 0.400000 0.400000
4211.014648 0.000000 4566.188965 0.000000 0.964398 0.000000 -0.264454 0.400000 0.400000 0.400000
4174.271973 0.000000 4566.523438 0.000000 0.993398 0.000000 0.114719 0.400000 0.400000 0.400000
4197.728516 0.000000 4549.559082 0.000000 0.989011 0.000000 0.147839 0.400000 0.400000 0.400000
4194.628906 0.000000 4544.941406 0.000000 0.839139 0.000000 -0.543918 0.400000 0.400000 0.400000
4178.703125 0.000000 4563.453125 0.000000 0.181062 0.000000 -0.983472 0.400000 0.400000 0.400000
4196.943848 0.000000 4540.765137 0.000000 0.169084 0.000000 0.985602 0.400000 0.400000 0.400000
4164.710938 0.000000 4555.603027 0.000000 0.024037 0.000000 0.999711 0.400000 0.400000 0.400000
4180.867188 0.000000 4573.323730 0.000000 0.194667 0.000000 0.980869 0.400000 0.400000 0.400000
4168.845703 0.000000 4562.197266 0.000000 0.622758 0.000000 0.782414 0.400000 0.400000 0.400000
4211.994629 0.000000 4570.048828 0.000000 0.775304 0.000000 -0.631588 0.400000 0.400000 0.400000
4170.738281 0.000000 4568.401367 0.000000 0.372352 0.000000 -0.928092 0.400000 0.400000 0.400000
4210.036133 0.000000 4562.491699 0.000000 0.087906 0.000000 -0.996129 0.400000 0.400000 0.400000
4213.625000 0.000000 4563.729980 0.000000 0.935303 0.000000 -0.353847 0.400000 0.400000 0.400000
4172.030273 0.000000 4563.423828 0.000000 0.830163 0.000000 -0.557521 0.400000 0.400000 0.400000
4197.525391 0.000000 4546.274414 0.000000 0.301871 0.000000 -0.953349 0.400000 0.400000 0.400000
4181.750488 0.000000 4564.968750 0.000000 0.075902 0.000000 -0.997115 0.400000 0.400000 0.400000
4177.491211 0.000000 4566.511230 0.000000 0.930676 0.000000 -0.365846 0.400000 0.400000 0.400000
4207.435059 0.000000 4550.949707 0.000000 0.845697 0.000000 -0.533664 0.400000 0.400000 0.400000
4175.673340 0.000000 4563.623047 0.000000 0.999955 0.000000 0.009449 0.400000 0.400000 0.400000
4170.455078 0.000000 4565.687012 0.000000 0.945232 0.000000 -0.326399 0.400000 0.400000 0.400000
4197.341309 0.000000 4543.467773 0.000000 0.999349 0.000000 0.036071 0.400000 0.400000 0.400000
4161.853027 0.000000 4550.656738 0.000000 0.667683 0.000000 -0.744446 0.400000 0.400000 0.400000
4179.809082 0.000000 4561.091309 0.000000 0.821493 0.000000 -0.570219 0.400000 0.400000 0.400000
4207.882812 0.000000 4590.972168 0.000000 0.899316 0.000000 0.437298 0.400000 0.400000 0.400000
4223.265137 0.000000 4594.819336 0.000000 0.222584 0.000000 -0.974913 0.400000 0.400000 0.400000
4211.612793 0.000000 4591.831543 0.000000 0.864639 0.000000 0.502393 0.400000 0.400000 0.400000
4220.468262 0.000000 4593.349121 0.000000 0.391630 0.000000 0.920123 0.400000 0.400000 0.400000
4234.925293 0.000000 4545.951660 0.000000 0.441876 0.000000 -0.897076 0.400000 0.400000 0.400000
4269.479004 0.000000 4570.275391 0.000000 0.997315 0.000000 -0.073227 0.400000 0.400000 0.400000
4255.799316 0.000000 4539.731445 0.000000 0.720240 0.000000 0.693725 0.400000 0.400000 0.400000
4250.655273 0.000000 4558.909668 0.000000 0.867902 0.000000 -0.496736 0.400000 0.400000 0.400000
4278.606934 0.000000 4560.347656 0.000000 0.206992 0.000000 -0.978343 0.400000 0.400000 0.400000
4284.718262 0.000000 4552.848145 0.000000 0.624114 0.000000 -0.781333 0.400000 0.400000 0.400000
4252.721680 0.000000 4568.078125 0.000000 0.932782 0.000000 -0.360441 0.400000 0.400000 0.400000
4271.875000 0.000000 4543.729980 0.000000 0.696600 0.000000 0.717460 0.400000 0.400000 0.400000
4249.162109 0.000000 4573.770996 0.000000 0.118107 0.000000 -0.993001 0.400000 0.400000 0.400000
4251.752441 0.000000 4535.370605 0.000000 0.122917 0.000000 -0.992417 0.400000 0.400000 0.400000
4255.228516 0.000000 4562.032227 0.000000 0.361035 0.000000 -0.932552 0.400000 0.400000 0.400000
4248.839844 0.000000 4564.151855 0.000000 0.860537 0.000000 0.509387 0.400000 0.400000 0.400000
4278.969727 0.000000 4576.871094 0.000000 0.526827 0.000000 0.849973 0.400000 0.400000 0.400000
4258.621094 0.000000 4544.941406 0.000000 0.098464 0.000000 0.995141 0.400000 0.400000 0.400000
4260.936035 0.000000 4540.765137 0.000000 0.495934 0.000000 -0.868360 0.400000 0.400000 0.400000
4228.560059 0.000000 4550.501465 0.000000 0.141796 0.000000 -0.989896 0.400000 0.400000 0.400000
4228.703125 0.000000 4555.603027 0.000000 0.484854 0.000000 0.874595 0.400000 0.400000 0.400000
4235.904297 0.000000 4550.180664 0.000000 0.978966 0.000000 0.204024 0.400000 0.400000 0.400000
4248.782715 0.000000 4568.918457 0.000000 0.988137 0.000000 -0.153573 0.400000 0.400000 0.400000
4256.119629 0.000000 4565.927246 0.000000 0.005834 0.000000 -0.999983 0.400000 0.400000 0.400000
4265.620605 0.000000 4537.537598 0.000000 0.330565 0.000000 -0.943783 0.400000 0.400000 0.400000
4255.847168 0.000000 4543.345703 0.000000 0.062952 0.000000 -0.998017 0.400000 0.400000 0.400000
4271.183594 0.000000 4573.083496 0.000000 0.534984 0.000000 0.844862 0.400000 0.400000 0.400000
4282.528809 0.000000 4577.864746 0.000000 0.075413 0.000000 -0.997152 0.400000 0.400000 0.400000
4237.679199 0.000000 4547.550781 0.000000 0.557782 0.000000 -0.829987 0.400000 0.400000 0.400000
4232.619629 0.000000 4549.972168 0.000000 0.807947 0.000000 0.589256 0.400000 0.400000 0.400000
4268.191895 0.000000 4573.129395 0.000000 0.456770 0.000000 -0.889585 0.400000 0.400000 0.400000
4250.474609 0.000000 4561.782715 0.000000 0.198237 0.000000 -0.980154 0.400000 0.400000 0.400000
4282.053223 0.000000 4554.375977 0.000000 0.075163 0.000000 0.997171 0.400000 0.400000 0.400000
4261.333496 0.000000 4543.467773 0.000000 0.972828 0.000000 -0.231528 0.400000 0.400000 0.400000
4298.918945 0.000000 4536.946289 0.000000 0.160820 0.000000 0.986984 0.400000 0.400000 0.400000
4307.307129 0.000000 4558.499023 0.000000 0.887109 0.000000 0.461560 0.400000 0.400000 0.400000
4313.691406 0.000000 4552.657715 0.000000 0.248677 0.000000 -0.968587 0.400000 0.400000 0.400000
4303.450684 0.000000 4536.977539 0.000000 0.063656 0.000000 0.997972 0.400000 0.400000 0.400000
4315.729004 0.000000 4548.931641 0.000000 0.500734 0.000000 0.865601 0.400000 0.400000 0.400000
4311.876465 0.000000 4537.026855 0.000000 0.935448 0.000000 0.353464 0.400000 0.400000 0.400000
4310.791992 0.000000 4560.772461 0.000000 0.878912 0.000000 -0.476983 0.400000 0.400000 0.400000
4301.418945 0.000000 4539.179688 0.000000 0.828352 0.000000 -0.560208 0.400000 0.400000 0.400000
4234.925293 0.000000 4593.193848 0.000000 0.962106 0.000000 0.272675 0.400000 0.400000 0.400000
4246.760742 0.000000 4594.357910 0.000000 0.268386 0.000000 -0.963311 0.400000 0.400000 0.400000
4227.260254 0.000000 4593.471680 0.000000 0.174708 0.000000 -0.984620 0.400000 0.400000 0.400000
4224.472168 0.000000 4590.577148 0.000000 0.977754 0.000000 0.209754 0.400000 0.400000 0.400000
4224.487793 0.000000 4593.425781 0.000000 0.559369 0.000000 -0.828919 0.400000 0.400000 0.400000
4346.533691 0.000000 4675.612793 0.000000 0.496232 0.000000 -0.868190 0.400000 0.400000 0.400000
4342.599121 0.000000 4654.832031 0.000000 0.522637 0.000000 -0.852556 0.400000 0.400000 0.400000
4338.020508 0.000000 4656.976074 0.000000 0.999922 0.000000 -0.012528 0.400000 0.400000 0.400000
4337.603027 0.000000 4677.132812 0.000000 0.802769 0.000000 0.596290 0.400000 0.400000 0.400000
4371.728516 0.000000 4535.365234 0.000000 0.287563 0.000000 0.957762 0.400000 0.400000 0.400000
4449.216309 0.000000 4535.531250 0.000000 0.145342 0.000000 -0.989381 0.400000 0.400000 0.400000
4575.936523 0.000000 4597.253418 0.000000 0.971480 0.000000 0.237123 0.400000 0.400000 0.400000
4580.896973 0.000000 4588.007324 0.000000 0.642555 0.000000 -0.766239 0.400000 0.400000 0.400000
4578.628418 0.000000 4595.538086 0.000000 0.930964 0.000000 0.365111 0.400000 0.400000 0.400000
4578.063477 0.000000 4588.716309 0.000000 0.475662 0.000000 0.879628 0.400000 0.400000 0.400000
4384.991699 0.000000 4695.392090 0.000000 0.227763 0.000000 -0.973716 0.400000 0.400000 0.400000
4653.432129 0.000000 4570.275391 0.000000 0.676419 0.000000 -0.736517 0.400000 0.400000 0.400000
4648.835938 0.000000 4554.259766 0.000000 0.358568 0.000000 -0.933504 0.400000 0.400000 0.400000
4641.224609 0.000000 4575.252441 0.000000 0.999947 0.000000 0.010303 0.400000 0.400000 0.400000
4644.426270 0.000000 4564.479004 0.000000 0.986365 0.000000 0.164573 0.400000 0.400000 0.400000
4654.016113 0.000000 4561.510254 0.000000 0.731684 0.000000 -0.681644 0.400000 0.400000 0.400000
4648.868652 0.000000 4578.827637 0.000000 0.524565 0.000000 0.851370 0.400000 0.400000 0.400000
4646.709961 0.000000 4571.049316 0.000000 0.871908 0.000000 -0.489670 0.400000 0.400000 0.400000
4647.855957 0.000000 4559.895020 0.000000 0.529814 0.000000 0.848114 0.400000 0.400000 0.400000
4650.093262 0.000000 4565.719727 0.000000 0.996604 0.000000 0.082339 0.400000 0.400000 0.400000
4645.665527 0.000000 4575.702637 0.000000 0.979700 0.000000 0.200469 0.400000 0.400000 0.400000
4649.413574 0.000000 4574.357910 0.000000 0.785913 0.000000 -0.618337 0.400000 0.400000 0.400000
4703.744629 0.000000 4539.731445 0.000000 0.996962 0.000000 -0.077892 0.400000 0.400000 0.400000
4732.808105 0.000000 4535.453125 0.000000 0.516540 0.000000 0.856263 0.400000 0.400000 0.400000
4717.097656 0.000000 4536.123047 0.000000 0.469763 0.000000 -0.882793 0.400000 0.400000 0.400000
4725.076172 0.000000 4538.521484 0.000000 0.834750 0.000000 0.550629 0.400000 0.400000 0.400000
4662.347656 0.000000 4594.446289 0.000000 0.853462 0.000000 -0.521155 0.400000 0.400000 0.400000
4653.432129 0.000000 4617.517578 0.000000 0.218828 0.000000 -0.975763 0.400000 0.400000 0.400000
4662.560059 0.000000 4607.589844 0.000000 0.474137 0.000000 0.880451 0.400000 0.400000 0.400000
4654.016113 0.000000 4608.752441 0.000000 0.968309 0.000000 -0.249755 0.400000 0.400000 0.400000
4661.083984 0.000000 4585.763672 0.000000 0.247446 0.000000 0.968902 0.400000 0.400000 0.400000
4655.828125 0.000000 4590.972168 0.000000 0.282516 0.000000 0.959263 0.400000 0.400000 0.400000
4667.919922 0.000000 4590.384766 0.000000 0.031030 0.000000 -0.999518 0.400000 0.400000 0.400000
4658.959961 0.000000 4613.431152 0.000000 0.050291 0.000000 -0.998735 0.400000 0.400000 0.400000
4668.369629 0.000000 4622.444336 0.000000 0.367083 0.000000 -0.930188 0.400000 0.400000 0.400000
4662.979004 0.000000 4601.495605 0.000000 0.985517 0.000000 0.169577 0.400000 0.400000 0.400000
4671.210449 0.000000 4594.819336 0.000000 0.833652 0.000000 -0.552290 0.400000 0.400000 0.400000
4670.958008 0.000000 4617.744141 0.000000 0.655273 0.000000 0.755392 0.400000 0.400000 0.400000
4651.599609 0.000000 4588.209473 0.000000 0.699193 0.000000 0.714933 0.400000 0.400000 0.400000
4663.129395 0.000000 4589.893066 0.000000 0.688043 0.000000 0.725670 0.400000 0.400000 0.400000
4666.663574 0.000000 4595.690918 0.000000 0.373369 0.000000 0.927683 0.400000 0.400000 0.400000
4655.801758 0.000000 4586.686523 0.000000 0.983536 0.000000 0.180710 0.400000 0.400000 0.400000
4655.097656 0.000000 4612.632324 0.000000 0.365869 0.000000 0.930667 0.400000 0.400000 0.400000
4659.558105 0.000000 4591.831543 0.000000 0.863401 0.000000 0.504519 0.400000 0.400000 0.400000
4657.981445 0.000000 4609.733887 0.000000 0.532118 0.000000 -0.846670 0.400000 0.400000 0.400000
4658.700684 0.000000 4588.416504 0.000000 0.279478 0.000000 0.960152 0.400000 0.400000 0.400000
4665.351562 0.000000 4592.443848 0.000000 0.072830 0.000000 0.997344 0.400000 0.400000 0.400000
4682.870605 0.000000 4593.193848 0.000000 0.708644 0.000000 -0.705566 0.400000 0.400000 0.400000
4671.798828 0.000000 4612.850098 0.000000 0.963894 0.000000 -0.266285 0.400000 0.400000 0.400000
4672.627930 0.000000 4629.442871 0.000000 0.868611 0.000000 -0.495495 0.400000 0.400000 0.400000
4672.708984 0.000000 4600.327637 0.000000 0.993028 0.000000 -0.117881 0.400000 0.400000 0.400000
4682.872070 0.000000 4584.188477 0.000000 0.682822 0.000000 -0.730584 0.400000 0.400000 0.400000
4674.366211 0.000000 4621.562988 0.000000 0.267282 0.000000 -0.963618 0.400000 0.400000 0.400000
4675.205566 0.000000 4593.471680 0.000000 0.999662 0.000000 0.025997 0.400000 0.400000 0.400000
4680.385742 0.000000 4600.205566 0.000000 0.109525 0.000000 0.993984 0.400000 0.400000 0.400000
4699.600586 0.000000 4627.201172 0.000000 0.827579 0.000000 0.561349 0.400000 0.400000 0.400000
4678.250488 0.000000 4626.254395 0.000000 0.978310 0.000000 -0.207147 0.400000 0.400000 0.400000
4677.975586 0.000000 4588.023926 0.000000 0.749434 0.000000 0.662079 0.400000 0.400000 0.400000
4675.468262 0.000000 4616.739258 0.000000 0.559543 0.000000 -0.828802 0.400000 0.400000 0.400000
4676.505371 0.000000 4597.743652 0.000000 0.533238 0.000000 -0.845965 0.400000 0.400000 0.400000
4671.433105 0.000000 4624.861816 0.000000 0.109544 0.000000 -0.993982 0.400000 0.400000 0.400000
4683.471680 0.000000 4588.796875 0.000000 0.383907 0.000000 0.923372 0.400000 0.400000 0.400000
4683.849609 0.000000 4597.422852 0.000000 0.759765 0.000000 -0.650198 0.400000 0.400000 0.400000
4671.729492 0.000000 4596.105957 0.000000 0.999981 0.000000 -0.006099 0.400000 0.400000 0.400000
4678.743652 0.000000 4622.106934 0.000000 0.666640 0.000000 -0.745380 0.400000 0.400000 0.400000
4679.081543 0.000000 4594.507812 0.000000 0.291172 0.000000 -0.956671 0.400000 0.400000 0.400000
4672.489258 0.000000 4618.800781 0.000000 0.981466 0.000000 -0.191637 0.400000 0.400000 0.400000
4680.993164 0.000000 4586.769531 0.000000 0.345658 0.000000 -0.938361 0.400000 0.400000 0.400000
4781.416504 0.000000 4570.275391 0.000000 0.453189 0.000000 0.891414 0.400000 0.400000 0.400000
4767.736816 0.000000 4539.731445 0.000000 0.726388 0.000000 -0.687285 0.400000 0.400000 0.400000
4762.592773 0.000000 4558.909668 0.000000 0.069873 0.000000 0.997556 0.400000 0.400000 0.400000
4794.479004 0.000000 4581.128418 0.000000 0.974539 0.000000 0.224216 0.400000 0.400000 0.400000
4776.820312 0.000000 4554.259766 0.000000 0.885256 0.000000 -0.465105 0.400000 0.400000 0.400000
4748.653320 0.000000 4560.094238 0.000000 0.134005 0.000000 -0.990981 0.400000 0.400000 0.400000
4769.208984 0.000000 4575.252441 0.000000 0.541068 0.000000 -0.840979 0.400000 0.400000 0.400000
4758.698242 0.000000 4547.115723 0.000000 0.689324 0.000000 -0.724453 0.400000 0.400000 0.400000
4776.246094 0.000000 4544.652832 0.000000 0.835410 0.000000 0.549627 0.400000 0.400000 0.400000
4746.864258 0.000000 4536.946289 0.000000 0.984570 0.000000 0.174991 0.400000 0.400000 0.400000
4782.000488 0.000000 4561.510254 0.000000 0.754828 0.000000 -0.655923 0.400000 0.400000 0.400000
4776.853027 0.000000 4578.827637 0.000000 0.414266 0.000000 -0.910156 0.400000 0.400000 0.400000
4752.021973 0.000000 4552.375977 0.000000 0.934203 0.000000 0.356743 0.400000 0.400000 0.400000
4785.665527 0.000000 4579.287109 0.000000 0.566612 0.000000 -0.823985 0.400000 0.400000 0.400000
4785.280273 0.000000 4553.612305 0.000000 0.550780 0.000000 0.834650 0.400000 0.400000 0.400000
4769.874512 0.000000 4557.198242 0.000000 0.999496 0.000000 0.031750 0.400000 0.400000 0.400000
4752.244141 0.000000 4541.475098 0.000000 0.109716 0.000000 0.993963 0.400000 0.400000 0.400000
4755.252441 0.000000 4558.499023 0.000000 0.227296 0.000000 0.973826 0.400000 0.400000 0.400000
4774.694336 0.000000 4571.049316 0.000000 0.419092 0.000000 -0.907944 0.400000 0.400000 0.400000
4774.134766 0.000000 4536.137695 0.000000 0.809763 0.000000 -0.586757 0.400000 0.400000 0.400000
4775.840332 0.000000 4559.895020 0.000000 0.441722 0.000000 0.897152 0.400000 0.400000 0.400000
4778.077637 0.000000 4565.719727 0.000000 0.643686 0.000000 0.765290 0.400000 0.400000 0.400000
4781.291016 0.000000 4575.770996 0.000000 0.664813 0.000000 0.747010 0.400000 0.400000 0.400000
4820.380371 0.000000 4578.846680 0.000000 0.576617 0.000000 -0.817015 0.400000 0.400000 0.400000
4799.783203 0.000000 4565.607910 0.000000 0.969634 0.000000 -0.244562 0.400000 0.400000 0.400000
4858.471191 0.000000 4581.128418 0.000000 0.950834 0.000000 -0.309701 0.400000 0.400000 0.400000
4800.612305 0.000000 4582.200684 0.000000 0.748586 0.000000 0.663037 0.400000 0.400000 0.400000
4812.645508 0.000000 4560.094238 0.000000 0.979604 0.000000 -0.200939 0.400000 0.400000 0.400000
4833.201172 0.000000 4575.252441 0.000000 0.160702 0.000000 -0.987003 0.400000 0.400000 0.400000
4810.226074 0.000000 4572.137207 0.000000 0.202599 0.000000 0.979262 0.400000 0.400000 0.400000
4836.402832 0.000000 4564.479004 0.000000 0.968017 0.000000 -0.250884 0.400000 0.400000 0.400000
4840.845215 0.000000 4578.827637 0.000000 0.795677 0.000000 -0.605722 0.400000 0.400000 0.400000
4849.657715 0.000000 4579.287109 0.000000 0.143716 0.000000 -0.989619 0.400000 0.400000 0.400000
4802.350586 0.000000 4574.320801 0.000000 0.951539 0.000000 0.307529 0.400000 0.400000 0.400000
4828.651367 0.000000 4568.078125 0.000000 0.972490 0.000000 -0.232947 0.400000 0.400000 0.400000
4805.094727 0.000000 4560.061523 0.000000 0.897542 0.000000 -0.440929 0.400000 0.400000 0.400000
4812.596191 0.000000 4579.345703 0.000000 0.116604 0.000000 0.993178 0.400000 0.400000 0.400000
4814.193848 0.000000 4566.523438 0.000000 0.785949 0.000000 0.618291 0.400000 0.400000 0.400000
4816.480469 0.000000 4573.611816 0.000000 0.315666 0.000000 0.948870 0.400000 0.400000 0.400000
4806.234863 0.000000 4579.012207 0.000000 0.388914 0.000000 -0.921274 0.400000 0.400000 0.400000
4748.653320 0.000000 4607.336426 0.000000 0.621757 0.000000 0.783210 0.400000 0.400000 0.400000
4796.800293 0.000000 4582.695312 0.000000 0.585508 0.000000 0.810667 0.400000 0.400000 0.400000
4781.089844 0.000000 4583.365234 0.000000 0.803559 0.000000 -0.595225 0.400000 0.400000 0.400000
4756.617188 0.000000 4615.367188 0.000000 0.111368 0.000000 -0.993779 0.400000 0.400000 0.400000
4789.068359 0.000000 4585.763672 0.000000 0.884716 0.000000 0.466130 0.400000 0.400000 0.400000
4750.201660 0.000000 4613.765625 0.000000 0.331414 0.000000 -0.943485 0.400000 0.400000 0.400000
4754.632812 0.000000 4610.695312 0.000000 0.134142 0.000000 -0.990962 0.400000 0.400000 0.400000
4785.548340 0.000000 4582.648438 0.000000 0.984788 0.000000 -0.173760 0.400000 0.400000 0.400000
4845.082031 0.000000 4583.365234 0.000000 0.985025 0.000000 0.172413 0.400000 0.400000 0.400000
4819.673828 0.000000 4582.607422 0.000000 0.815925 0.000000 -0.578158 0.400000 0.400000 0.400000
4810.856445 0.000000 4584.188477 0.000000 0.793050 0.000000 -0.609157 0.400000 0.400000 0.400000
4853.060547 0.000000 4585.763672 0.000000 0.261214 0.000000 0.965281 0.400000 0.400000 0.400000
4860.647949 0.000000 4600.090332 0.000000 0.007118 0.000000 -0.999975 0.400000 0.400000 0.400000
4698.600586 0.000000 4653.394043 0.000000 0.938992 0.000000 0.343940 0.400000 0.400000 0.400000
4691.689453 0.000000 4629.849609 0.000000 0.282200 0.000000 -0.959356 0.400000 0.400000 0.400000
4692.625000 0.000000 4662.609375 0.000000 0.273095 0.000000 0.961987 0.400000 0.400000 0.400000
4705.882324 0.000000 4651.682617 0.000000 0.782727 0.000000 -0.622365 0.400000 0.400000 0.400000
4688.251953 0.000000 4635.959473 0.000000 0.402087 0.000000 -0.915601 0.400000 0.400000 0.400000
4697.197754 0.000000 4635.296875 0.000000 0.984054 0.000000 -0.177871 0.400000 0.400000 0.400000
4699.697754 0.000000 4629.854980 0.000000 0.924841 0.000000 0.380354 0.400000 0.400000 0.400000
4703.173828 0.000000 4656.516602 0.000000 0.664296 0.000000 0.747470 0.400000 0.400000 0.400000
4688.966797 0.000000 4641.522461 0.000000 0.949482 0.000000 -0.313822 0.400000 0.400000 0.400000
4677.879883 0.000000 4629.979004 0.000000 0.996570 0.000000 -0.082753 0.400000 0.400000 0.400000
4692.760742 0.000000 4637.392578 0.000000 0.784401 0.000000 0.620254 0.400000 0.400000 0.400000
4701.727539 0.000000 4649.420410 0.000000 0.281006 0.000000 -0.959706 0.400000 0.400000 0.400000
4687.403809 0.000000 4631.461914 0.000000 0.754745 0.000000 -0.656019 0.400000 0.400000 0.400000
4699.682129 0.000000 4643.416016 0.000000 0.856384 0.000000 -0.516339 0.400000 0.400000 0.400000
4688.583984 0.000000 4664.173340 0.000000 0.112393 0.000000 0.993664 0.400000 0.400000 0.400000
4702.417480 0.000000 4652.968262 0.000000 0.663819 0.000000 -0.747893 0.400000 0.400000 0.400000
4704.952637 0.000000 4648.149902 0.000000 0.935125 0.000000 0.354319 0.400000 0.400000 0.400000
4700.759277 0.000000 4635.900391 0.000000 0.581600 0.000000 0.813475 0.400000 0.400000 0.400000
4755.681641 0.000000 4629.849609 0.000000 0.288967 0.000000 -0.957339 0.400000 0.400000 0.400000
4758.698242 0.000000 4641.600098 0.000000 0.170649 0.000000 0.985332 0.400000 0.400000 0.400000
4752.244141 0.000000 4635.959473 0.000000 0.999189 0.000000 0.040264 0.400000 0.400000 0.400000
4761.189941 0.000000 4635.296875 0.000000 0.571487 0.000000 0.820611 0.400000 0.400000 0.400000
4756.752930 0.000000 4637.392578 0.000000 0.125136 0.000000 0.992140 0.400000 0.400000 0.400000
4755.858398 0.000000 4633.620117 0.000000 0.995878 0.000000 -0.090704 0.400000 0.400000 0.400000
4909.074219 0.000000 4536.123047 0.000000 0.878523 0.000000 0.477701 0.400000 0.400000 0.400000
4913.532715 0.000000 4535.406250 0.000000 0.993866 0.000000 -0.110589 0.400000 0.400000 0.400000
4874.847168 0.000000 4593.193848 0.000000 0.655341 0.000000 0.755333 0.400000 0.400000 0.400000
4864.685547 0.000000 4600.327637 0.000000 0.530162 0.000000 -0.847897 0.400000 0.400000 0.400000
4867.182129 0.000000 4593.471680 0.000000 0.659946 0.000000 -0.751313 0.400000 0.400000 0.400000
4872.362305 0.000000 4600.205566 0.000000 0.999854 0.000000 -0.017099 0.400000 0.400000 0.400000
5279.850586 0.000000 5164.159668 0.000000 0.980633 0.000000 -0.195853 0.400000 0.400000 0.400000
5282.542480 0.000000 5162.444336 0.000000 0.540451 0.000000 -0.841376 0.400000 0.400000 0.400000
5282.776855 0.000000 5165.453613 0.000000 0.897961 0.000000 0.440075 0.400000 0.400000 0.400000
5286.072266 0.000000 5197.528320 0.000000 0.967020 0.000000 0.254701 0.400000 0.400000 0.400000
5285.595703 0.000000 5210.949707 0.000000 0.214425 0.000000 0.976740 0.400000 0.400000 0.400000
5291.521484 0.000000 5202.357910 0.000000 0.943421 0.000000 0.331597 0.400000 0.400000 0.400000
5297.531738 0.000000 5209.620605 0.000000 0.891245 0.000000 0.453522 0.400000 0.400000 0.400000
"}
