object={
	name="tree_pine_impassable_01_a_generator_1_0"
	render_pass=Map
	clamp_to_water_level=no
	generated_content=yes
	layer="tree_high_layer"
	pdxmesh="tree_pine_impassable_01_a_mesh"
	count=1894
	transform="3156.583496 0.000000 421.533722 0.000000 0.069804 0.000000 -0.997561 0.400000 0.400000 0.400000
3126.534668 0.000000 437.133179 0.000000 0.018945 0.000000 -0.999821 0.400000 0.400000 0.400000
3130.681885 0.000000 471.057556 0.000000 0.998203 0.000000 -0.059927 0.400000 0.400000 0.400000
3194.674072 0.000000 471.057556 0.000000 0.835597 0.000000 -0.549342 0.400000 0.400000 0.400000
3136.815186 0.000000 472.130066 0.000000 0.998039 0.000000 0.062594 0.400000 0.400000 0.400000
3169.404053 0.000000 465.181732 0.000000 0.453356 0.000000 -0.891330 0.400000 0.400000 0.400000
3135.916504 0.000000 429.233887 0.000000 0.834528 0.000000 0.550965 0.400000 0.400000 0.400000
3136.896240 0.000000 443.014496 0.000000 0.748402 0.000000 -0.663245 0.400000 0.400000 0.400000
3199.978271 0.000000 455.537018 0.000000 0.183335 0.000000 0.983050 0.400000 0.400000 0.400000
3133.003174 0.000000 472.624451 0.000000 0.486625 0.000000 0.873611 0.400000 0.400000 0.400000
3147.057617 0.000000 483.123108 0.000000 0.371132 0.000000 -0.928580 0.400000 0.400000 0.400000
3196.995361 0.000000 472.624451 0.000000 0.654596 0.000000 -0.755979 0.400000 0.400000 0.400000
3189.263672 0.000000 475.693085 0.000000 0.789053 0.000000 0.614326 0.400000 0.400000 0.400000
3241.007812 0.000000 491.431244 0.000000 0.793446 0.000000 0.608640 0.400000 0.400000 0.400000
3245.277100 0.000000 473.294647 0.000000 0.325127 0.000000 0.945670 0.400000 0.400000 0.400000
3276.832764 0.000000 497.265594 0.000000 0.017944 0.000000 -0.999839 0.400000 0.400000 0.400000
3269.281982 0.000000 497.232788 0.000000 0.689384 0.000000 0.724396 0.400000 0.400000 0.400000
3275.041992 0.000000 530.365356 0.000000 0.852671 0.000000 -0.522448 0.400000 0.400000 0.400000
3283.861084 0.000000 519.778870 0.000000 0.613214 0.000000 -0.789917 0.400000 0.400000 0.400000
1457.686279 0.000000 2427.713379 0.000000 0.219753 0.000000 0.975555 0.400000 0.400000 0.400000
1526.729980 0.000000 2421.305176 0.000000 0.934989 0.000000 0.354676 0.400000 0.400000 0.400000
1510.532837 0.000000 2410.239014 0.000000 0.745441 0.000000 -0.666572 0.400000 0.400000 0.400000
1509.271484 0.000000 2414.866455 0.000000 0.188956 0.000000 -0.981986 0.400000 0.400000 0.400000
1525.267700 0.000000 2425.048828 0.000000 0.109968 0.000000 -0.993935 0.400000 0.400000 0.400000
1527.720337 0.000000 2423.997559 0.000000 0.962036 0.000000 -0.272922 0.400000 0.400000 0.400000
1522.604370 0.000000 2425.241699 0.000000 0.914737 0.000000 0.404049 0.400000 0.400000 0.400000
1594.869263 0.000000 2455.229736 0.000000 0.992055 0.000000 0.125808 0.400000 0.400000 0.400000
1562.026978 0.000000 2426.759033 0.000000 0.620474 0.000000 -0.784227 0.400000 0.400000 0.400000
1581.681152 0.000000 2449.872070 0.000000 0.996906 0.000000 0.078598 0.400000 0.400000 0.400000
1536.800049 0.000000 2417.436035 0.000000 0.954572 0.000000 0.297981 0.400000 0.400000 0.400000
1565.654663 0.000000 2425.946777 0.000000 0.589601 0.000000 -0.807694 0.400000 0.400000 0.400000
1580.519531 0.000000 2447.230469 0.000000 0.850255 0.000000 0.526372 0.400000 0.400000 0.400000
1538.173096 0.000000 2424.758057 0.000000 0.614211 0.000000 -0.789142 0.400000 0.400000 0.400000
1594.709595 0.000000 2457.531006 0.000000 0.320826 0.000000 0.947138 0.400000 0.400000 0.400000
3645.642334 0.000000 2169.481934 0.000000 0.722084 0.000000 0.691806 0.400000 0.400000 0.400000
3647.557861 0.000000 2168.267578 0.000000 0.724445 0.000000 -0.689333 0.400000 0.400000 0.400000
3796.505371 0.000000 2169.494873 0.000000 0.967589 0.000000 -0.252529 0.400000 0.400000 0.400000
3826.148682 0.000000 2149.393555 0.000000 0.456574 0.000000 0.889685 0.400000 0.400000 0.400000
3667.385254 0.000000 2196.389404 0.000000 0.977533 0.000000 -0.210780 0.400000 0.400000 0.400000
3666.765381 0.000000 2201.343506 0.000000 0.103387 0.000000 -0.994641 0.400000 0.400000 0.400000
3664.425293 0.000000 2198.593506 0.000000 0.855929 0.000000 -0.517094 0.400000 0.400000 0.400000
3609.240234 0.000000 2258.903809 0.000000 0.260765 0.000000 -0.965402 0.400000 0.400000 0.400000
3873.983398 0.000000 2100.604248 0.000000 0.539037 0.000000 0.842282 0.400000 0.400000 0.400000
3884.712402 0.000000 2092.874268 0.000000 0.223453 0.000000 0.974715 0.400000 0.400000 0.400000
3630.140625 0.000000 2293.885010 0.000000 0.675260 0.000000 -0.737580 0.400000 0.400000 0.400000
3596.744385 0.000000 2311.720215 0.000000 0.323659 0.000000 -0.946174 0.400000 0.400000 0.400000
3618.698975 0.000000 2277.316162 0.000000 0.018051 0.000000 0.999837 0.400000 0.400000 0.400000
3621.013672 0.000000 2273.139893 0.000000 0.853385 0.000000 0.521281 0.400000 0.400000 0.400000
3596.408447 0.000000 2287.625244 0.000000 0.435285 0.000000 -0.900293 0.400000 0.400000 0.400000
3617.317871 0.000000 2267.906006 0.000000 0.660263 0.000000 -0.751034 0.400000 0.400000 0.400000
3600.669678 0.000000 2310.086914 0.000000 0.851543 0.000000 -0.524285 0.400000 0.400000 0.400000
3601.367188 0.000000 2313.289551 0.000000 0.880231 0.000000 0.474546 0.400000 0.400000 0.400000
3621.411377 0.000000 2275.842529 0.000000 0.994792 0.000000 -0.101929 0.400000 0.400000 0.400000
3636.137939 0.000000 2293.071289 0.000000 0.089375 0.000000 -0.995998 0.400000 0.400000 0.400000
3619.936035 0.000000 2267.680664 0.000000 0.373652 0.000000 -0.927569 0.400000 0.400000 0.400000
3599.047363 0.000000 2312.442383 0.000000 0.480575 0.000000 0.876954 0.400000 0.400000 0.400000
3651.324707 0.000000 2270.372559 0.000000 0.948780 0.000000 -0.315937 0.400000 0.400000 0.400000
3629.230225 0.000000 2315.740234 0.000000 0.276098 0.000000 -0.961130 0.400000 0.400000 0.400000
3639.104004 0.000000 2381.112305 0.000000 0.331456 0.000000 -0.943471 0.400000 0.400000 0.400000
5617.563965 0.000000 2878.568115 0.000000 0.899536 0.000000 0.436847 0.400000 0.400000 0.400000
5676.980469 0.000000 2882.646484 0.000000 0.438060 0.000000 -0.898946 0.400000 0.400000 0.400000
5679.676758 0.000000 2885.967773 0.000000 0.902852 0.000000 -0.429951 0.400000 0.400000 0.400000
6935.377930 0.000000 2644.505615 0.000000 0.359873 0.000000 0.933001 0.400000 0.400000 0.400000
6953.677246 0.000000 2632.423340 0.000000 0.150516 0.000000 -0.988608 0.400000 0.400000 0.400000
6955.566406 0.000000 2641.362549 0.000000 0.142105 0.000000 0.989852 0.400000 0.400000 0.400000
6903.349609 0.000000 2728.997803 0.000000 0.949711 0.000000 0.313128 0.400000 0.400000 0.400000
6886.436523 0.000000 2728.603760 0.000000 0.960991 0.000000 0.276581 0.400000 0.400000 0.400000
6885.392090 0.000000 2733.256836 0.000000 0.595270 0.000000 0.803526 0.400000 0.400000 0.400000
6888.562500 0.000000 2759.056396 0.000000 0.235849 0.000000 -0.971790 0.400000 0.400000 0.400000
6907.646484 0.000000 2747.938965 0.000000 0.247546 0.000000 -0.968876 0.400000 0.400000 0.400000
6948.145020 0.000000 2674.791016 0.000000 0.540156 0.000000 -0.841565 0.400000 0.400000 0.400000
6967.341797 0.000000 2681.755615 0.000000 0.645474 0.000000 0.763782 0.400000 0.400000 0.400000
6953.812012 0.000000 2676.032227 0.000000 0.922130 0.000000 0.386880 0.400000 0.400000 0.400000
6953.132324 0.000000 2684.670410 0.000000 0.539230 0.000000 0.842159 0.400000 0.400000 0.400000
6951.119629 0.000000 2673.710693 0.000000 0.998920 0.000000 -0.046464 0.400000 0.400000 0.400000
6956.824219 0.000000 2693.677734 0.000000 0.838239 0.000000 -0.545303 0.400000 0.400000 0.400000
6915.380371 0.000000 2721.538330 0.000000 0.828069 0.000000 0.560626 0.400000 0.400000 0.400000
6951.772949 0.000000 2698.730957 0.000000 0.944185 0.000000 -0.329417 0.400000 0.400000 0.400000
6950.591309 0.000000 2696.284424 0.000000 0.622076 0.000000 0.782957 0.400000 0.400000 0.400000
6969.883789 0.000000 2724.734863 0.000000 0.278391 0.000000 -0.960468 0.400000 0.400000 0.400000
7207.543457 0.000000 2670.207275 0.000000 0.977914 0.000000 0.209007 0.400000 0.400000 0.400000
7232.315430 0.000000 2692.513184 0.000000 0.334823 0.000000 0.942281 0.400000 0.400000 0.400000
7242.558105 0.000000 2703.506104 0.000000 0.565427 0.000000 0.824799 0.400000 0.400000 0.400000
7279.507812 0.000000 2701.284180 0.000000 0.984134 0.000000 -0.177428 0.400000 0.400000 0.400000
7276.298828 0.000000 2707.022705 0.000000 0.228146 0.000000 -0.973627 0.400000 0.400000 0.400000
7248.224609 0.000000 2735.266602 0.000000 0.659692 0.000000 0.751536 0.400000 0.400000 0.400000
7354.166504 0.000000 2738.682861 0.000000 0.995012 0.000000 -0.099758 0.400000 0.400000 0.400000
7327.600586 0.000000 2707.565430 0.000000 0.694528 0.000000 0.719466 0.400000 0.400000 0.400000
7311.931641 0.000000 2699.029785 0.000000 0.915510 0.000000 0.402296 0.400000 0.400000 0.400000
7302.761230 0.000000 2704.820312 0.000000 0.277035 0.000000 -0.960860 0.400000 0.400000 0.400000
7357.189453 0.000000 2736.388184 0.000000 0.971067 0.000000 0.238807 0.400000 0.400000 0.400000
7327.485840 0.000000 2704.432373 0.000000 0.982668 0.000000 0.185373 0.400000 0.400000 0.400000
7234.887695 0.000000 2742.794434 0.000000 0.988359 0.000000 -0.152139 0.400000 0.400000 0.400000
7254.780762 0.000000 2755.286621 0.000000 0.183452 0.000000 -0.983029 0.400000 0.400000 0.400000
7482.150879 0.000000 2833.167236 0.000000 0.983608 0.000000 0.180317 0.400000 0.400000 0.400000
7446.370117 0.000000 2799.154785 0.000000 0.805007 0.000000 0.593266 0.400000 0.400000 0.400000
7465.229980 0.000000 2789.576416 0.000000 0.897988 0.000000 0.440020 0.400000 0.400000 0.400000
7449.186035 0.000000 2799.305908 0.000000 0.789519 0.000000 0.613726 0.400000 0.400000 0.400000
7490.167480 0.000000 2811.950195 0.000000 0.965435 0.000000 0.260645 0.400000 0.400000 0.400000
7479.464844 0.000000 2834.647461 0.000000 0.758116 0.000000 0.652119 0.400000 0.400000 0.400000
7481.991211 0.000000 2835.468506 0.000000 0.956460 0.000000 -0.291864 0.400000 0.400000 0.400000
3027.892334 0.000000 3496.036865 0.000000 0.685592 0.000000 0.727986 0.400000 0.400000 0.400000
3044.621338 0.000000 3525.150391 0.000000 0.482841 0.000000 0.875708 0.400000 0.400000 0.400000
3042.084961 0.000000 3517.869873 0.000000 0.853867 0.000000 -0.520491 0.400000 0.400000 0.400000
3154.827881 0.000000 3524.124756 0.000000 0.684791 0.000000 0.728740 0.400000 0.400000 0.400000
3159.838867 0.000000 3542.107178 0.000000 0.999691 0.000000 0.024863 0.400000 0.400000 0.400000
3155.876709 0.000000 3543.279053 0.000000 0.378549 0.000000 -0.925581 0.400000 0.400000 0.400000
3167.361328 0.000000 3569.946045 0.000000 0.981558 0.000000 -0.191165 0.400000 0.400000 0.400000
3139.387207 0.000000 3545.911621 0.000000 0.846531 0.000000 -0.532339 0.400000 0.400000 0.400000
3165.069580 0.000000 3568.585938 0.000000 0.998638 0.000000 -0.052177 0.400000 0.400000 0.400000
3172.605713 0.000000 3619.634766 0.000000 0.947184 0.000000 -0.320690 0.400000 0.400000 0.400000
3176.035400 0.000000 3615.051025 0.000000 0.839038 0.000000 -0.544073 0.400000 0.400000 0.400000
3177.263428 0.000000 3603.355469 0.000000 0.148584 0.000000 0.988900 0.400000 0.400000 0.400000
3139.258057 0.000000 3632.799072 0.000000 0.639190 0.000000 0.769049 0.400000 0.400000 0.400000
3165.459473 0.000000 3607.001465 0.000000 0.541825 0.000000 -0.840492 0.400000 0.400000 0.400000
3092.591309 0.000000 3681.244873 0.000000 0.988098 0.000000 -0.153825 0.400000 0.400000 0.400000
3120.015381 0.000000 3646.127930 0.000000 0.756739 0.000000 0.653717 0.400000 0.400000 0.400000
3133.699463 0.000000 3641.806885 0.000000 0.696212 0.000000 0.717837 0.400000 0.400000 0.400000
3122.168701 0.000000 3664.889893 0.000000 0.479524 0.000000 0.877529 0.400000 0.400000 0.400000
3125.757568 0.000000 3666.128418 0.000000 0.064468 0.000000 0.997920 0.400000 0.400000 0.400000
3129.319580 0.000000 3676.795654 0.000000 0.575901 0.000000 0.817519 0.400000 0.400000 0.400000
3143.473389 0.000000 3668.633057 0.000000 0.819767 0.000000 -0.572697 0.400000 0.400000 0.400000
3139.841064 0.000000 3666.382080 0.000000 0.991808 0.000000 -0.127734 0.400000 0.400000 0.400000
3148.946533 0.000000 3677.511963 0.000000 0.070805 0.000000 0.997490 0.400000 0.400000 0.400000
3083.065430 0.000000 3695.592041 0.000000 0.939172 0.000000 -0.343448 0.400000 0.400000 0.400000
3103.939941 0.000000 3689.372070 0.000000 0.919475 0.000000 -0.393149 0.400000 0.400000 0.400000
3113.023438 0.000000 3703.900146 0.000000 0.932115 0.000000 -0.362162 0.400000 0.400000 0.400000
3091.884521 0.000000 3685.005615 0.000000 0.862157 0.000000 0.506642 0.400000 0.400000 0.400000
3106.077148 0.000000 3706.838623 0.000000 0.987613 0.000000 0.156912 0.400000 0.400000 0.400000
3138.553467 0.000000 3723.960938 0.000000 0.973412 0.000000 0.229062 0.400000 0.400000 0.400000
3139.655518 0.000000 3719.137207 0.000000 0.734099 0.000000 -0.679043 0.400000 0.400000 0.400000
3156.991699 0.000000 3722.964111 0.000000 0.389000 0.000000 0.921238 0.400000 0.400000 0.400000
3140.996338 0.000000 3722.047363 0.000000 0.274910 0.000000 0.961470 0.400000 0.400000 0.400000
3155.490479 0.000000 3720.416992 0.000000 0.886928 0.000000 0.461907 0.400000 0.400000 0.400000
3098.795898 0.000000 3755.792236 0.000000 0.827183 0.000000 0.561933 0.400000 0.400000 0.400000
3113.023438 0.000000 3751.142334 0.000000 0.511971 0.000000 -0.859003 0.400000 0.400000 0.400000
3108.613525 0.000000 3761.361328 0.000000 0.936436 0.000000 -0.350839 0.400000 0.400000 0.400000
3121.483398 0.000000 3750.494629 0.000000 0.618483 0.000000 0.785798 0.400000 0.400000 0.400000
3100.862061 0.000000 3764.960693 0.000000 0.993143 0.000000 0.116903 0.400000 0.400000 0.400000
3156.583496 0.000000 3775.729248 0.000000 0.570697 0.000000 0.821160 0.400000 0.400000 0.400000
3156.812256 0.000000 3765.007568 0.000000 0.905212 0.000000 0.424960 0.400000 0.400000 0.400000
3254.519043 0.000000 3744.086426 0.000000 0.097185 0.000000 -0.995266 0.400000 0.400000 0.400000
3226.780273 0.000000 3755.792236 0.000000 0.981666 0.000000 0.190609 0.400000 0.400000 0.400000
3232.100098 0.000000 3746.893555 0.000000 0.323509 0.000000 0.946225 0.400000 0.400000 0.400000
3241.040527 0.000000 3775.709961 0.000000 0.921760 0.000000 -0.387762 0.400000 0.400000 0.400000
3208.564941 0.000000 3749.846191 0.000000 0.422373 0.000000 -0.906422 0.400000 0.400000 0.400000
3260.393555 0.000000 3762.621582 0.000000 0.207170 0.000000 0.978305 0.400000 0.400000 0.400000
3255.150879 0.000000 3751.135742 0.000000 0.057761 0.000000 -0.998330 0.400000 0.400000 0.400000
3255.094482 0.000000 3773.753906 0.000000 0.872842 0.000000 -0.488002 0.400000 0.400000 0.400000
3247.973389 0.000000 3736.327148 0.000000 0.917557 0.000000 -0.397603 0.400000 0.400000 0.400000
3229.873047 0.000000 3773.616455 0.000000 0.944568 0.000000 -0.328316 0.400000 0.400000 0.400000
3257.303955 0.000000 3771.280029 0.000000 0.750698 0.000000 -0.660645 0.400000 0.400000 0.400000
3257.522949 0.000000 3742.084229 0.000000 0.710386 0.000000 -0.703812 0.400000 0.400000 0.400000
3226.975098 0.000000 3773.116699 0.000000 0.691767 0.000000 -0.722121 0.400000 0.400000 0.400000
3235.052246 0.000000 3763.708740 0.000000 0.839578 0.000000 -0.543239 0.400000 0.400000 0.400000
3238.584229 0.000000 3774.974854 0.000000 0.939486 0.000000 0.342588 0.400000 0.400000 0.400000
3206.114258 0.000000 3749.400879 0.000000 0.927226 0.000000 -0.374502 0.400000 0.400000 0.400000
3240.403564 0.000000 3773.338623 0.000000 0.992601 0.000000 -0.121425 0.400000 0.400000 0.400000
3263.970459 0.000000 3762.490234 0.000000 0.086863 0.000000 -0.996220 0.400000 0.400000 0.400000
3264.880615 0.000000 3749.967773 0.000000 0.800304 0.000000 0.599595 0.400000 0.400000 0.400000
3266.537842 0.000000 3771.203125 0.000000 0.071878 0.000000 -0.997413 0.400000 0.400000 0.400000
3270.147217 0.000000 3737.664307 0.000000 0.625813 0.000000 0.779973 0.400000 0.400000 0.400000
3267.639893 0.000000 3766.379395 0.000000 0.999574 0.000000 -0.029170 0.400000 0.400000 0.400000
3268.677002 0.000000 3747.384033 0.000000 0.301619 0.000000 -0.953429 0.400000 0.400000 0.400000
3273.164795 0.000000 3736.409668 0.000000 0.957962 0.000000 0.286894 0.400000 0.400000 0.400000
3268.980713 0.000000 3769.289551 0.000000 0.997495 0.000000 -0.070737 0.400000 0.400000 0.400000
3267.712158 0.000000 3749.936768 0.000000 0.722350 0.000000 -0.691528 0.400000 0.400000 0.400000
3361.530029 0.000000 3730.379150 0.000000 0.225784 0.000000 0.974177 0.400000 0.400000 0.400000
3362.730225 0.000000 3741.823975 0.000000 0.131053 0.000000 0.991375 0.400000 0.400000 0.400000
3361.349121 0.000000 3732.413818 0.000000 0.996487 0.000000 0.083751 0.400000 0.400000 0.400000
3355.845947 0.000000 3745.814453 0.000000 0.212928 0.000000 -0.977068 0.400000 0.400000 0.400000
3406.365479 0.000000 3763.406006 0.000000 0.944162 0.000000 -0.329482 0.400000 0.400000 0.400000
3408.739990 0.000000 3766.571533 0.000000 0.994554 0.000000 -0.104224 0.400000 0.400000 0.400000
3404.123779 0.000000 3760.306396 0.000000 0.714005 0.000000 0.700141 0.400000 0.400000 0.400000
4063.998535 0.000000 3746.893555 0.000000 0.038772 0.000000 -0.999248 0.400000 0.400000 0.400000
4061.183594 0.000000 3741.972412 0.000000 0.918835 0.000000 0.394641 0.400000 0.400000 0.400000
3070.294189 0.000000 4036.177002 0.000000 0.203043 0.000000 -0.979170 0.400000 0.400000 0.400000
2849.443115 0.000000 4102.830566 0.000000 0.511982 0.000000 0.858996 0.400000 0.400000 0.400000
2837.030762 0.000000 4100.901367 0.000000 0.088112 0.000000 -0.996111 0.400000 0.400000 0.400000
2847.971191 0.000000 4114.551758 0.000000 0.462483 0.000000 0.886628 0.400000 0.400000 0.400000
2874.713135 0.000000 4155.948730 0.000000 0.999967 0.000000 0.008076 0.400000 0.400000 0.400000
2857.054688 0.000000 4129.080078 0.000000 0.655887 0.000000 0.754859 0.400000 0.400000 0.400000
2835.915771 0.000000 4110.185547 0.000000 0.697937 0.000000 0.716159 0.400000 0.400000 0.400000
2871.841553 0.000000 4146.263672 0.000000 0.992232 0.000000 -0.124400 0.400000 0.400000 0.400000
2832.478271 0.000000 4116.295410 0.000000 0.714914 0.000000 -0.699212 0.400000 0.400000 0.400000
2867.178467 0.000000 4141.009277 0.000000 0.975472 0.000000 0.220124 0.400000 0.400000 0.400000
2830.435791 0.000000 4141.343750 0.000000 0.101661 0.000000 -0.994819 0.400000 0.400000 0.400000
2856.074463 0.000000 4134.715332 0.000000 0.598214 0.000000 -0.801336 0.400000 0.400000 0.400000
2871.141357 0.000000 4151.691406 0.000000 0.079071 0.000000 0.996869 0.400000 0.400000 0.400000
2861.525146 0.000000 4150.591309 0.000000 0.952145 0.000000 0.305648 0.400000 0.400000 0.400000
2850.792725 0.000000 4119.761719 0.000000 0.701390 0.000000 0.712777 0.400000 0.400000 0.400000
2834.866943 0.000000 4138.273438 0.000000 0.895730 0.000000 0.444598 0.400000 0.400000 0.400000
2836.986816 0.000000 4117.728516 0.000000 0.942489 0.000000 0.334236 0.400000 0.400000 0.400000
2839.877930 0.000000 4156.255859 0.000000 0.056000 0.000000 -0.998431 0.400000 0.400000 0.400000
2839.576172 0.000000 4131.327148 0.000000 0.554052 0.000000 -0.832482 0.400000 0.400000 0.400000
2853.491211 0.000000 4155.254395 0.000000 0.309307 0.000000 -0.950962 0.400000 0.400000 0.400000
2832.810303 0.000000 4144.509277 0.000000 0.830666 0.000000 0.556771 0.400000 0.400000 0.400000
2848.291260 0.000000 4140.747559 0.000000 0.717408 0.000000 0.696653 0.400000 0.400000 0.400000
2841.429443 0.000000 4119.254883 0.000000 0.722099 0.000000 -0.691790 0.400000 0.400000 0.400000
2837.914551 0.000000 4139.789062 0.000000 0.084295 0.000000 0.996441 0.400000 0.400000 0.400000
2851.099121 0.000000 4141.646484 0.000000 0.060321 0.000000 -0.998179 0.400000 0.400000 0.400000
2687.199707 0.000000 4287.048828 0.000000 0.999783 0.000000 0.020852 0.400000 0.400000 0.400000
2670.182861 0.000000 4297.087402 0.000000 0.997792 0.000000 0.066413 0.400000 0.400000 0.400000
2668.089355 0.000000 4294.839355 0.000000 0.795019 0.000000 -0.606585 0.400000 0.400000 0.400000
2655.994629 0.000000 4303.520508 0.000000 0.356210 0.000000 -0.934406 0.400000 0.400000 0.400000
2656.170410 0.000000 4313.800293 0.000000 0.657030 0.000000 -0.753864 0.400000 0.400000 0.400000
2673.922852 0.000000 4343.076172 0.000000 0.584449 0.000000 0.811430 0.400000 0.400000 0.400000
2636.861572 0.000000 4343.134766 0.000000 0.338029 0.000000 0.941136 0.400000 0.400000 0.400000
2662.952148 0.000000 4334.838379 0.000000 0.072292 0.000000 -0.997384 0.400000 0.400000 0.400000
2662.392334 0.000000 4299.926758 0.000000 0.275553 0.000000 -0.961286 0.400000 0.400000 0.400000
2655.423828 0.000000 4325.821289 0.000000 0.018623 0.000000 0.999827 0.400000 0.400000 0.400000
2667.841553 0.000000 4304.756348 0.000000 0.811239 0.000000 -0.584715 0.400000 0.400000 0.400000
2682.905518 0.000000 4312.237793 0.000000 0.954212 0.000000 -0.299130 0.400000 0.400000 0.400000
2682.433594 0.000000 4320.924316 0.000000 0.896920 0.000000 0.442194 0.400000 0.400000 0.400000
2660.711914 0.000000 4317.439941 0.000000 0.352427 0.000000 -0.935839 0.400000 0.400000 0.400000
2648.977539 0.000000 4332.707520 0.000000 0.997540 0.000000 0.070095 0.400000 0.400000 0.400000
2677.127197 0.000000 4314.736816 0.000000 0.595833 0.000000 0.803108 0.400000 0.400000 0.400000
2668.305176 0.000000 4309.432129 0.000000 0.374503 0.000000 -0.927226 0.400000 0.400000 0.400000
2652.671387 0.000000 4327.986816 0.000000 0.410205 0.000000 -0.911993 0.400000 0.400000 0.400000
2659.555908 0.000000 4336.255371 0.000000 0.998528 0.000000 0.054244 0.400000 0.400000 0.400000
2686.341064 0.000000 4319.630371 0.000000 0.999762 0.000000 -0.021826 0.400000 0.400000 0.400000
2656.041992 0.000000 4307.134766 0.000000 0.500186 0.000000 -0.865918 0.400000 0.400000 0.400000
2664.296387 0.000000 4304.965332 0.000000 0.162903 0.000000 0.986642 0.400000 0.400000 0.400000
2671.622314 0.000000 4314.738770 0.000000 0.998073 0.000000 0.062047 0.400000 0.400000 0.400000
2658.862549 0.000000 4312.084961 0.000000 0.210176 0.000000 0.977664 0.400000 0.400000 0.400000
2672.640869 0.000000 4340.330566 0.000000 0.999720 0.000000 -0.023660 0.400000 0.400000 0.400000
2685.357422 0.000000 4313.758789 0.000000 0.998630 0.000000 -0.052334 0.400000 0.400000 0.400000
2669.456299 0.000000 4306.881836 0.000000 0.998953 0.000000 0.045756 0.400000 0.400000 0.400000
2653.132080 0.000000 4324.460938 0.000000 0.230197 0.000000 -0.973144 0.400000 0.400000 0.400000
2648.052979 0.000000 4330.373047 0.000000 0.764719 0.000000 -0.644364 0.400000 0.400000 0.400000
2660.053223 0.000000 4299.095215 0.000000 0.497346 0.000000 0.867552 0.400000 0.400000 0.400000
2669.524414 0.000000 4302.705566 0.000000 0.877855 0.000000 0.478926 0.400000 0.400000 0.400000
2742.581543 0.000000 4263.750977 0.000000 0.998238 0.000000 -0.059332 0.400000 0.400000 0.400000
2714.842773 0.000000 4275.456543 0.000000 0.157664 0.000000 -0.987493 0.400000 0.400000 0.400000
2729.070312 0.000000 4270.806641 0.000000 0.457460 0.000000 0.889230 0.400000 0.400000 0.400000
2724.660400 0.000000 4281.025879 0.000000 0.562796 0.000000 0.826596 0.400000 0.400000 0.400000
2743.857178 0.000000 4287.990234 0.000000 0.061049 0.000000 -0.998135 0.400000 0.400000 0.400000
2748.905273 0.000000 4269.395020 0.000000 0.855666 0.000000 -0.517529 0.400000 0.400000 0.400000
2690.608154 0.000000 4290.867676 0.000000 0.427894 0.000000 0.903829 0.400000 0.400000 0.400000
2722.124023 0.000000 4273.745117 0.000000 0.998277 0.000000 -0.058685 0.400000 0.400000 0.400000
2695.528076 0.000000 4282.781738 0.000000 0.734715 0.000000 0.678376 0.400000 0.400000 0.400000
2694.492432 0.000000 4295.559082 0.000000 0.942975 0.000000 0.332863 0.400000 0.400000 0.400000
2730.327393 0.000000 4282.266602 0.000000 0.290910 0.000000 -0.956750 0.400000 0.400000 0.400000
2724.704102 0.000000 4270.197754 0.000000 0.668339 0.000000 0.743857 0.400000 0.400000 0.400000
2694.985840 0.000000 4291.411621 0.000000 0.933482 0.000000 0.358625 0.400000 0.400000 0.400000
2740.174072 0.000000 4286.595703 0.000000 0.736542 0.000000 -0.676391 0.400000 0.400000 0.400000
2695.288574 0.000000 4286.867188 0.000000 0.662458 0.000000 -0.749099 0.400000 0.400000 0.400000
2732.570801 0.000000 4269.624512 0.000000 0.571078 0.000000 0.820896 0.400000 0.400000 0.400000
2726.786133 0.000000 4283.930664 0.000000 0.782008 0.000000 0.623269 0.400000 0.400000 0.400000
2693.051025 0.000000 4288.953613 0.000000 0.526382 0.000000 0.850248 0.400000 0.400000 0.400000
2703.853027 0.000000 4280.169922 0.000000 0.331254 0.000000 -0.943542 0.400000 0.400000 0.400000
2742.656494 0.000000 4285.516113 0.000000 0.981917 0.000000 -0.189313 0.400000 0.400000 0.400000
2760.619629 0.000000 4269.510254 0.000000 0.476667 0.000000 0.879084 0.400000 0.400000 0.400000
2785.600342 0.000000 4297.285645 0.000000 0.999522 0.000000 0.030913 0.400000 0.400000 0.400000
2775.583984 0.000000 4273.053711 0.000000 0.955551 0.000000 -0.294826 0.400000 0.400000 0.400000
2782.603760 0.000000 4297.786621 0.000000 0.878680 0.000000 0.477412 0.400000 0.400000 0.400000
2699.112305 0.000000 4309.740723 0.000000 0.856014 0.000000 0.516953 0.400000 0.400000 0.400000
2688.950928 0.000000 4316.874512 0.000000 0.936208 0.000000 0.351447 0.400000 0.400000 0.400000
2693.352295 0.000000 4323.850586 0.000000 0.347923 0.000000 0.937523 0.400000 0.400000 0.400000
2713.439697 0.000000 4304.601562 0.000000 0.200160 0.000000 0.979763 0.400000 0.400000 0.400000
2717.347656 0.000000 4308.878906 0.000000 0.863395 0.000000 0.504529 0.400000 0.400000 0.400000
2725.908203 0.000000 4313.348145 0.000000 0.733656 0.000000 -0.679521 0.400000 0.400000 0.400000
2746.897705 0.000000 4312.237793 0.000000 0.958804 0.000000 -0.284069 0.400000 0.400000 0.400000
2711.591797 0.000000 4320.295898 0.000000 0.921205 0.000000 0.389078 0.400000 0.400000 0.400000
2701.614014 0.000000 4302.968750 0.000000 0.957776 0.000000 0.287516 0.400000 0.400000 0.400000
2749.349609 0.000000 4313.758789 0.000000 0.996486 0.000000 0.083755 0.400000 0.400000 0.400000
2806.573730 0.000000 4310.993164 0.000000 0.428952 0.000000 0.903327 0.400000 0.400000 0.400000
2797.658203 0.000000 4334.064453 0.000000 0.430466 0.000000 0.902607 0.400000 0.400000 0.400000
2806.786377 0.000000 4324.136719 0.000000 0.528826 0.000000 -0.848730 0.400000 0.400000 0.400000
2774.940186 0.000000 4310.904785 0.000000 0.928026 0.000000 -0.372514 0.400000 0.400000 0.400000
2807.849365 0.000000 4335.232422 0.000000 0.860505 0.000000 0.509443 0.400000 0.400000 0.400000
2812.897461 0.000000 4316.637207 0.000000 0.984820 0.000000 0.173580 0.400000 0.400000 0.400000
2803.186279 0.000000 4329.978027 0.000000 0.460162 0.000000 0.887835 0.400000 0.400000 0.400000
2777.431885 0.000000 4304.601562 0.000000 0.973089 0.000000 -0.230429 0.400000 0.400000 0.400000
2781.339844 0.000000 4308.878906 0.000000 1.000000 0.000000 0.000045 0.400000 0.400000 0.400000
2804.166260 0.000000 4333.837891 0.000000 0.954758 0.000000 0.297384 0.400000 0.400000 0.400000
2802.207764 0.000000 4326.280762 0.000000 0.239846 0.000000 0.970811 0.400000 0.400000 0.400000
2809.577637 0.000000 4308.990723 0.000000 0.061794 0.000000 -0.998089 0.400000 0.400000 0.400000
2796.371094 0.000000 4336.918457 0.000000 0.218961 0.000000 0.975734 0.400000 0.400000 0.400000
2809.899414 0.000000 4328.457031 0.000000 0.446071 0.000000 0.894998 0.400000 0.400000 0.400000
2806.648682 0.000000 4332.758301 0.000000 0.820410 0.000000 0.571776 0.400000 0.400000 0.400000
2802.448242 0.000000 4314.929199 0.000000 0.887897 0.000000 0.460043 0.400000 0.400000 0.400000
2804.381836 0.000000 4312.363770 0.000000 0.646344 0.000000 0.763047 0.400000 0.400000 0.400000
2874.713135 0.000000 4203.190918 0.000000 0.938622 0.000000 -0.344947 0.400000 0.400000 0.400000
2877.034424 0.000000 4157.515625 0.000000 0.883663 0.000000 -0.468124 0.400000 0.400000 0.400000
2861.323975 0.000000 4158.185547 0.000000 0.210771 0.000000 0.977535 0.400000 0.400000 0.400000
2835.915771 0.000000 4157.427734 0.000000 0.422595 0.000000 -0.906318 0.400000 0.400000 0.400000
2848.146973 0.000000 4172.073730 0.000000 0.949707 0.000000 -0.313139 0.400000 0.400000 0.400000
2856.480225 0.000000 4166.715332 0.000000 0.185548 0.000000 -0.982635 0.400000 0.400000 0.400000
2865.899414 0.000000 4201.349609 0.000000 0.307701 0.000000 0.951483 0.400000 0.400000 0.400000
2865.514648 0.000000 4175.674805 0.000000 0.452221 0.000000 -0.891906 0.400000 0.400000 0.400000
2850.108398 0.000000 4179.260742 0.000000 0.849407 0.000000 -0.527738 0.400000 0.400000 0.400000
2876.138428 0.000000 4165.205078 0.000000 0.750301 0.000000 0.661096 0.400000 0.400000 0.400000
2860.837402 0.000000 4171.530762 0.000000 0.764616 0.000000 0.644487 0.400000 0.400000 0.400000
2847.400391 0.000000 4184.094727 0.000000 0.519022 0.000000 0.854761 0.400000 0.400000 0.400000
2874.003418 0.000000 4160.952637 0.000000 0.539703 0.000000 0.841856 0.400000 0.400000 0.400000
2874.410156 0.000000 4179.197754 0.000000 0.420104 0.000000 -0.907476 0.400000 0.400000 0.400000
2864.020264 0.000000 4161.506836 0.000000 0.914054 0.000000 0.405592 0.400000 0.400000 0.400000
2852.688477 0.000000 4175.713379 0.000000 0.872832 0.000000 0.488021 0.400000 0.400000 0.400000
2840.055908 0.000000 4159.089355 0.000000 0.808699 0.000000 -0.588223 0.400000 0.400000 0.400000
2875.328857 0.000000 4191.637695 0.000000 0.693228 0.000000 0.720718 0.400000 0.400000 0.400000
2863.316406 0.000000 4187.452637 0.000000 0.876741 0.000000 -0.480963 0.400000 0.400000 0.400000
2872.027100 0.000000 4157.429199 0.000000 0.187281 0.000000 0.982306 0.400000 0.400000 0.400000
2836.092773 0.000000 4161.198242 0.000000 0.938215 0.000000 -0.346052 0.400000 0.400000 0.400000
2877.730713 0.000000 4161.471191 0.000000 0.641154 0.000000 0.767412 0.400000 0.400000 0.400000
2849.179199 0.000000 4175.728027 0.000000 0.773784 0.000000 -0.633449 0.400000 0.400000 0.400000
2856.272949 0.000000 4163.238770 0.000000 0.782265 0.000000 -0.622945 0.400000 0.400000 0.400000
2880.017334 0.000000 4187.670410 0.000000 0.976405 0.000000 0.215948 0.400000 0.400000 0.400000
2879.947754 0.000000 4161.367188 0.000000 0.862355 0.000000 -0.506303 0.400000 0.400000 0.400000
2880.927490 0.000000 4175.147949 0.000000 0.164211 0.000000 -0.986425 0.400000 0.400000 0.400000
2882.584717 0.000000 4196.383301 0.000000 0.928914 0.000000 -0.370296 0.400000 0.400000 0.400000
2883.872314 0.000000 4186.046387 0.000000 0.768893 0.000000 0.639378 0.400000 0.400000 0.400000
2877.034424 0.000000 4204.757812 0.000000 0.479746 0.000000 -0.877407 0.400000 0.400000 0.400000
2861.323975 0.000000 4205.427734 0.000000 0.950097 0.000000 0.311956 0.400000 0.400000 0.400000
2816.935303 0.000000 4222.390137 0.000000 0.744591 0.000000 -0.667521 0.400000 0.400000 0.400000
2822.180908 0.000000 4226.994141 0.000000 0.725554 0.000000 0.688165 0.400000 0.400000 0.400000
2623.207520 0.000000 4381.533203 0.000000 0.066250 0.000000 0.997803 0.400000 0.400000 0.400000
2614.455566 0.000000 4392.854492 0.000000 0.307284 0.000000 0.951618 0.400000 0.400000 0.400000
2620.794434 0.000000 4383.318848 0.000000 0.681135 0.000000 0.732158 0.400000 0.400000 0.400000
2622.522705 0.000000 4378.771973 0.000000 0.895533 0.000000 -0.444996 0.400000 0.400000 0.400000
2635.120117 0.000000 4356.982910 0.000000 0.772269 0.000000 0.635296 0.400000 0.400000 0.400000
2655.994629 0.000000 4350.762695 0.000000 0.697836 0.000000 -0.716257 0.400000 0.400000 0.400000
2629.360107 0.000000 4371.092773 0.000000 0.974312 0.000000 -0.225203 0.400000 0.400000 0.400000
2638.459229 0.000000 4377.554688 0.000000 0.535832 0.000000 -0.844325 0.400000 0.400000 0.400000
2653.009277 0.000000 4352.447266 0.000000 0.233516 0.000000 0.972353 0.400000 0.400000 0.400000
2641.678223 0.000000 4377.542480 0.000000 0.549370 0.000000 -0.835579 0.400000 0.400000 0.400000
2620.169678 0.000000 4401.416016 0.000000 0.893319 0.000000 0.449423 0.400000 0.400000 0.400000
2617.601074 0.000000 4403.475098 0.000000 0.927778 0.000000 0.373134 0.400000 0.400000 0.400000
2793.800049 0.000000 4348.568848 0.000000 0.998221 0.000000 -0.059617 0.400000 0.400000 0.400000
2750.611572 0.000000 4515.304688 0.000000 0.898961 0.000000 0.438028 0.400000 0.400000 0.400000
3126.534668 0.000000 3791.328613 0.000000 0.567094 0.000000 -0.823653 0.400000 0.400000 0.400000
3132.858398 0.000000 3796.972900 0.000000 0.597744 0.000000 -0.801687 0.400000 0.400000 0.400000
3134.108398 0.000000 3803.361572 0.000000 0.011897 0.000000 -0.999929 0.400000 0.400000 0.400000
3155.876709 0.000000 3779.489990 0.000000 0.931574 0.000000 0.363551 0.400000 0.400000 0.400000
3136.896240 0.000000 3797.209961 0.000000 0.315013 0.000000 0.949087 0.400000 0.400000 0.400000
3144.572754 0.000000 3797.088379 0.000000 0.936303 0.000000 -0.351193 0.400000 0.400000 0.400000
3184.007568 0.000000 3835.096680 0.000000 0.982494 0.000000 -0.186292 0.400000 0.400000 0.400000
3208.564941 0.000000 3797.088379 0.000000 0.423061 0.000000 -0.906101 0.400000 0.400000 0.400000
3212.455322 0.000000 3799.375244 0.000000 0.852142 0.000000 0.523311 0.400000 0.400000 0.400000
3212.029297 0.000000 3794.305664 0.000000 0.424724 0.000000 0.905323 0.400000 0.400000 0.400000
3215.949707 0.000000 3801.009766 0.000000 0.999958 0.000000 -0.009176 0.400000 0.400000 0.400000
3214.405762 0.000000 3788.661377 0.000000 0.412818 0.000000 0.910814 0.400000 0.400000 0.400000
3213.230225 0.000000 3796.757812 0.000000 0.858949 0.000000 0.512061 0.400000 0.400000 0.400000
3295.916504 0.000000 3783.856445 0.000000 0.896324 0.000000 0.443399 0.400000 0.400000 0.400000
3263.900879 0.000000 3830.671631 0.000000 0.122111 0.000000 0.992516 0.400000 0.400000 0.400000
3267.260254 0.000000 3833.160889 0.000000 0.803460 0.000000 0.595359 0.400000 0.400000 0.400000
3386.650635 0.000000 3825.253174 0.000000 0.985690 0.000000 -0.168567 0.400000 0.400000 0.400000
3373.462646 0.000000 3819.895508 0.000000 0.760547 0.000000 0.649283 0.400000 0.400000 0.400000
3382.361816 0.000000 3825.947998 0.000000 0.656795 0.000000 0.754069 0.400000 0.400000 0.400000
3375.292969 0.000000 3817.208008 0.000000 0.739524 0.000000 -0.673130 0.400000 0.400000 0.400000
3452.518066 0.000000 3819.327148 0.000000 0.888766 0.000000 0.458362 0.400000 0.400000 0.400000
3455.105957 0.000000 3814.626465 0.000000 0.876711 0.000000 0.481018 0.400000 0.400000 0.400000
3407.559814 0.000000 3781.102539 0.000000 0.532390 0.000000 0.846499 0.400000 0.400000 0.400000
3455.015381 0.000000 3818.069580 0.000000 0.582626 0.000000 -0.812741 0.400000 0.400000 0.400000
3383.964600 0.000000 3826.733398 0.000000 0.651262 0.000000 0.758853 0.400000 0.400000 0.400000
3386.490967 0.000000 3827.554443 0.000000 0.876960 0.000000 0.480563 0.400000 0.400000 0.400000
3395.361328 0.000000 3837.596436 0.000000 0.874321 0.000000 -0.485348 0.400000 0.400000 0.400000
3456.776123 0.000000 3826.325684 0.000000 0.524315 0.000000 -0.851524 0.400000 0.400000 0.400000
3459.702393 0.000000 3824.812012 0.000000 0.979751 0.000000 -0.200221 0.400000 0.400000 0.400000
3467.020020 0.000000 3828.312988 0.000000 0.212852 0.000000 0.977084 0.400000 0.400000 0.400000
3462.028320 0.000000 3826.861572 0.000000 0.995569 0.000000 0.094038 0.400000 0.400000 0.400000
3471.552002 0.000000 3828.344727 0.000000 0.739571 0.000000 -0.673078 0.400000 0.400000 0.400000
3459.348145 0.000000 3829.364746 0.000000 0.944828 0.000000 -0.327568 0.400000 0.400000 0.400000
3469.520264 0.000000 3830.546631 0.000000 0.984174 0.000000 0.177203 0.400000 0.400000 0.400000
3072.904053 0.000000 4033.420898 0.000000 0.123046 0.000000 0.992401 0.400000 0.400000 0.400000
3075.663330 0.000000 4049.832520 0.000000 0.278719 0.000000 -0.960373 0.400000 0.400000 0.400000
3083.066895 0.000000 4064.523926 0.000000 0.712714 0.000000 -0.701454 0.400000 0.400000 0.400000
3656.907715 0.000000 3900.806641 0.000000 0.996609 0.000000 -0.082280 0.400000 0.400000 0.400000
3680.423096 0.000000 3916.612549 0.000000 0.806834 0.000000 0.590778 0.400000 0.400000 0.400000
3658.067139 0.000000 3898.439453 0.000000 0.247696 0.000000 -0.968838 0.400000 0.400000 0.400000
4069.744141 0.000000 3793.684082 0.000000 0.659441 0.000000 -0.751756 0.400000 0.400000 0.400000
4068.540039 0.000000 3797.775635 0.000000 0.878784 0.000000 0.477220 0.400000 0.400000 0.400000
4069.540771 0.000000 3790.398926 0.000000 0.793489 0.000000 0.608585 0.400000 0.400000 0.400000
3675.725586 0.000000 4107.537109 0.000000 0.999955 0.000000 0.009440 0.400000 0.400000 0.400000
3693.548828 0.000000 4145.095703 0.000000 0.615945 0.000000 0.787789 0.400000 0.400000 0.400000
3676.791748 0.000000 4142.898438 0.000000 0.558997 0.000000 -0.829169 0.400000 0.400000 0.400000
3682.006836 0.000000 4132.018555 0.000000 0.974980 0.000000 0.222292 0.400000 0.400000 0.400000
3401.378906 0.000000 4203.052246 0.000000 0.591933 0.000000 -0.805987 0.400000 0.400000 0.400000
3388.971924 0.000000 4204.757812 0.000000 0.274693 0.000000 -0.961532 0.400000 0.400000 0.400000
3380.473633 0.000000 4205.096191 0.000000 0.859836 0.000000 0.510571 0.400000 0.400000 0.400000
3391.885254 0.000000 4208.609375 0.000000 0.781196 0.000000 0.624285 0.400000 0.400000 0.400000
3398.036133 0.000000 4204.799316 0.000000 0.318633 0.000000 -0.947878 0.400000 0.400000 0.400000
4048.573975 0.000000 4242.916504 0.000000 0.049640 0.000000 0.998767 0.400000 0.400000 0.400000
4092.439941 0.000000 4244.506836 0.000000 0.535486 0.000000 -0.844544 0.400000 0.400000 0.400000
4082.425049 0.000000 4243.006836 0.000000 0.999625 0.000000 -0.027384 0.400000 0.400000 0.400000
4065.444092 0.000000 4250.043457 0.000000 0.213690 0.000000 0.976902 0.400000 0.400000 0.400000
4073.483398 0.000000 4243.662598 0.000000 0.704450 0.000000 0.709753 0.400000 0.400000 0.400000
4048.614990 0.000000 4247.016602 0.000000 0.919679 0.000000 0.392672 0.400000 0.400000 0.400000
4078.010986 0.000000 4249.845215 0.000000 0.087080 0.000000 0.996201 0.400000 0.400000 0.400000
4069.342773 0.000000 4249.738770 0.000000 0.316314 0.000000 -0.948654 0.400000 0.400000 0.400000
4083.572754 0.000000 4246.038086 0.000000 0.561756 0.000000 -0.827303 0.400000 0.400000 0.400000
4092.614746 0.000000 4241.592285 0.000000 0.119945 0.000000 -0.992781 0.400000 0.400000 0.400000
4013.509766 0.000000 4286.822266 0.000000 0.912900 0.000000 -0.408184 0.400000 0.400000 0.400000
4022.637939 0.000000 4276.894531 0.000000 0.840377 0.000000 0.542002 0.400000 0.400000 0.400000
4023.700928 0.000000 4287.990234 0.000000 0.005456 0.000000 0.999985 0.400000 0.400000 0.400000
4014.093750 0.000000 4278.057129 0.000000 0.905865 0.000000 -0.423566 0.400000 0.400000 0.400000
4008.946777 0.000000 4295.374512 0.000000 0.243560 0.000000 -0.969886 0.400000 0.400000 0.400000
4017.758789 0.000000 4295.833984 0.000000 0.945378 0.000000 -0.325976 0.400000 0.400000 0.400000
4017.374023 0.000000 4270.159180 0.000000 0.089058 0.000000 -0.996026 0.400000 0.400000 0.400000
3995.686523 0.000000 4296.505859 0.000000 0.573667 0.000000 -0.819089 0.400000 0.400000 0.400000
4019.037842 0.000000 4282.735840 0.000000 0.994227 0.000000 0.107294 0.400000 0.400000 0.400000
4012.696777 0.000000 4266.015137 0.000000 0.094365 0.000000 0.995538 0.400000 0.400000 0.400000
4028.447754 0.000000 4291.749023 0.000000 0.285682 0.000000 -0.958324 0.400000 0.400000 0.400000
4007.933838 0.000000 4276.441895 0.000000 0.892065 0.000000 -0.451908 0.400000 0.400000 0.400000
4018.432861 0.000000 4290.249023 0.000000 0.476560 0.000000 0.879142 0.400000 0.400000 0.400000
4013.384521 0.000000 4292.317871 0.000000 0.973744 0.000000 -0.227645 0.400000 0.400000 0.400000
4002.652100 0.000000 4261.488281 0.000000 0.169334 0.000000 0.985559 0.400000 0.400000 0.400000
4031.035645 0.000000 4287.048828 0.000000 0.420592 0.000000 -0.907250 0.400000 0.400000 0.400000
4018.125244 0.000000 4275.291992 0.000000 0.984521 0.000000 0.175267 0.400000 0.400000 0.400000
4023.810547 0.000000 4283.262695 0.000000 0.716739 0.000000 0.697342 0.400000 0.400000 0.400000
4022.283691 0.000000 4298.370117 0.000000 0.086880 0.000000 0.996219 0.400000 0.400000 0.400000
4009.491211 0.000000 4290.904785 0.000000 0.999619 0.000000 0.027612 0.400000 0.400000 0.400000
4026.348877 0.000000 4278.499512 0.000000 0.692600 0.000000 -0.721322 0.400000 0.400000 0.400000
4015.175781 0.000000 4281.937012 0.000000 0.999892 0.000000 0.014670 0.400000 0.400000 0.400000
4014.018799 0.000000 4297.087402 0.000000 0.321938 0.000000 -0.946761 0.400000 0.400000 0.400000
3997.779297 0.000000 4293.280762 0.000000 0.850721 0.000000 -0.525618 0.400000 0.400000 0.400000
3992.444824 0.000000 4294.101074 0.000000 0.893037 0.000000 0.449982 0.400000 0.400000 0.400000
4010.036377 0.000000 4285.900391 0.000000 0.498201 0.000000 0.867061 0.400000 0.400000 0.400000
4029.595459 0.000000 4295.380859 0.000000 0.308413 0.000000 0.951253 0.400000 0.400000 0.400000
4021.648193 0.000000 4280.276855 0.000000 0.212008 0.000000 0.977268 0.400000 0.400000 0.400000
4005.961426 0.000000 4273.604980 0.000000 0.972461 0.000000 0.233065 0.400000 0.400000 0.400000
4025.210205 0.000000 4290.944336 0.000000 0.977800 0.000000 -0.209539 0.400000 0.400000 0.400000
4021.345947 0.000000 4273.735840 0.000000 0.856360 0.000000 -0.516379 0.400000 0.400000 0.400000
4026.559570 0.000000 4294.411621 0.000000 0.932439 0.000000 -0.361327 0.400000 0.400000 0.400000
4021.651367 0.000000 4290.597168 0.000000 0.447450 0.000000 -0.894309 0.400000 0.400000 0.400000
4019.580566 0.000000 4293.280273 0.000000 0.556283 0.000000 0.830993 0.400000 0.400000 0.400000
4015.458252 0.000000 4267.496582 0.000000 0.589209 0.000000 -0.807981 0.400000 0.400000 0.400000
4002.698486 0.000000 4264.842773 0.000000 0.780626 0.000000 -0.624998 0.400000 0.400000 0.400000
4016.476807 0.000000 4293.088379 0.000000 0.370594 0.000000 -0.928795 0.400000 0.400000 0.400000
4012.650879 0.000000 4283.979492 0.000000 0.971164 0.000000 0.238411 0.400000 0.400000 0.400000
4028.622559 0.000000 4288.834473 0.000000 0.755573 0.000000 0.655064 0.400000 0.400000 0.400000
4011.925293 0.000000 4294.839355 0.000000 0.972725 0.000000 0.231961 0.400000 0.400000 0.400000
4030.350830 0.000000 4284.287598 0.000000 0.384125 0.000000 0.923281 0.400000 0.400000 0.400000
4025.750977 0.000000 4281.214844 0.000000 0.893440 0.000000 0.449182 0.400000 0.400000 0.400000
4012.636475 0.000000 4280.845703 0.000000 0.473169 0.000000 -0.880971 0.400000 0.400000 0.400000
4020.091064 0.000000 4277.243164 0.000000 0.373913 0.000000 -0.927464 0.400000 0.400000 0.400000
4026.133057 0.000000 4288.387695 0.000000 0.466148 0.000000 0.884707 0.400000 0.400000 0.400000
4007.043701 0.000000 4290.084961 0.000000 0.322108 0.000000 0.946703 0.400000 0.400000 0.400000
4004.938721 0.000000 4275.935059 0.000000 0.685452 0.000000 -0.728118 0.400000 0.400000 0.400000
4052.474121 0.000000 4295.393555 0.000000 0.166250 0.000000 -0.986084 0.400000 0.400000 0.400000
4086.417480 0.000000 4263.750977 0.000000 0.492336 0.000000 -0.870405 0.400000 0.400000 0.400000
4044.739014 0.000000 4276.641113 0.000000 0.546232 0.000000 0.837634 0.400000 0.400000 0.400000
4092.885986 0.000000 4252.000000 0.000000 0.778691 0.000000 -0.627408 0.400000 0.400000 0.400000
4077.175537 0.000000 4252.669922 0.000000 0.999838 0.000000 0.018002 0.400000 0.400000 0.400000
4042.319580 0.000000 4288.684082 0.000000 0.408538 0.000000 -0.912741 0.400000 0.400000 0.400000
4063.998535 0.000000 4266.558105 0.000000 0.849683 0.000000 -0.527294 0.400000 0.400000 0.400000
4092.741211 0.000000 4269.395020 0.000000 0.856719 0.000000 -0.515783 0.400000 0.400000 0.400000
4034.444092 0.000000 4290.867676 0.000000 0.999850 0.000000 -0.017307 0.400000 0.400000 0.400000
4060.744873 0.000000 4284.625000 0.000000 0.466418 0.000000 0.884564 0.400000 0.400000 0.400000
4079.898193 0.000000 4260.276855 0.000000 0.985210 0.000000 0.171349 0.400000 0.400000 0.400000
4040.463379 0.000000 4269.510254 0.000000 0.549935 0.000000 0.835208 0.400000 0.400000 0.400000
4091.989990 0.000000 4259.689453 0.000000 0.888883 0.000000 0.458135 0.400000 0.400000 0.400000
4051.338379 0.000000 4275.045898 0.000000 0.963377 0.000000 -0.268151 0.400000 0.400000 0.400000
4057.185547 0.000000 4290.317871 0.000000 0.955068 0.000000 -0.296388 0.400000 0.400000 0.400000
4076.688965 0.000000 4266.015137 0.000000 0.997339 0.000000 -0.072910 0.400000 0.400000 0.400000
4038.053467 0.000000 4257.328613 0.000000 0.978703 0.000000 0.205281 0.400000 0.400000 0.400000
4071.926025 0.000000 4276.441895 0.000000 0.972718 0.000000 -0.231990 0.400000 0.400000 0.400000
4095.280518 0.000000 4264.124023 0.000000 0.285154 0.000000 -0.958482 0.400000 0.400000 0.400000
4069.744141 0.000000 4266.105957 0.000000 0.979339 0.000000 -0.202225 0.400000 0.400000 0.400000
4032.525391 0.000000 4274.718262 0.000000 0.431879 0.000000 -0.901931 0.400000 0.400000 0.400000
4075.669678 0.000000 4257.514160 0.000000 0.763985 0.000000 0.645234 0.400000 0.400000 0.400000
4050.718506 0.000000 4280.000000 0.000000 0.674623 0.000000 -0.738162 0.400000 0.400000 0.400000
4035.546143 0.000000 4286.043945 0.000000 0.977386 0.000000 -0.211463 0.400000 0.400000 0.400000
4081.679688 0.000000 4264.776855 0.000000 0.959904 0.000000 0.280328 0.400000 0.400000 0.400000
4052.838379 0.000000 4259.455078 0.000000 0.978998 0.000000 -0.203869 0.400000 0.400000 0.400000
4081.634033 0.000000 4251.953125 0.000000 0.546067 0.000000 0.837742 0.400000 0.400000 0.400000
4090.733643 0.000000 4264.995605 0.000000 0.618371 0.000000 -0.785886 0.400000 0.400000 0.400000
4031.510986 0.000000 4294.166504 0.000000 0.697256 0.000000 -0.716822 0.400000 0.400000 0.400000
4043.549561 0.000000 4258.101562 0.000000 0.719309 0.000000 0.694690 0.400000 0.400000 0.400000
4079.871826 0.000000 4255.991211 0.000000 0.985519 0.000000 -0.169566 0.400000 0.400000 0.400000
4038.821777 0.000000 4291.411621 0.000000 0.186454 0.000000 0.982464 0.400000 0.400000 0.400000
4048.614990 0.000000 4294.258789 0.000000 0.133942 0.000000 0.990989 0.400000 0.400000 0.400000
4054.822998 0.000000 4277.319336 0.000000 0.874472 0.000000 0.485075 0.400000 0.400000 0.400000
4076.133301 0.000000 4262.189941 0.000000 0.785601 0.000000 0.618733 0.400000 0.400000 0.400000
4067.000244 0.000000 4277.458008 0.000000 0.158147 0.000000 0.987416 0.400000 0.400000 0.400000
4093.582275 0.000000 4255.955566 0.000000 0.462346 0.000000 0.886700 0.400000 0.400000 0.400000
4073.643799 0.000000 4254.084473 0.000000 0.903328 0.000000 -0.428950 0.400000 0.400000 0.400000
4039.124512 0.000000 4286.867188 0.000000 0.844611 0.000000 -0.535380 0.400000 0.400000 0.400000
4048.378418 0.000000 4277.250000 0.000000 0.737329 0.000000 -0.675533 0.400000 0.400000 0.400000
4044.045654 0.000000 4279.970703 0.000000 0.812167 0.000000 0.583425 0.400000 0.400000 0.400000
4032.567139 0.000000 4288.105469 0.000000 0.530730 0.000000 -0.847541 0.400000 0.400000 0.400000
4049.312500 0.000000 4297.461914 0.000000 0.989825 0.000000 0.142290 0.400000 0.400000 0.400000
4069.540771 0.000000 4262.821289 0.000000 0.230371 0.000000 -0.973103 0.400000 0.400000 0.400000
4041.071045 0.000000 4256.074219 0.000000 0.595892 0.000000 -0.803065 0.400000 0.400000 0.400000
4066.690674 0.000000 4264.842773 0.000000 0.509320 0.000000 0.860577 0.400000 0.400000 0.400000
4062.447510 0.000000 4297.786621 0.000000 0.641108 0.000000 -0.767451 0.400000 0.400000 0.400000
4040.643066 0.000000 4266.519043 0.000000 0.504000 0.000000 0.863704 0.400000 0.400000 0.400000
4079.146240 0.000000 4263.200195 0.000000 0.078491 0.000000 -0.996915 0.400000 0.400000 0.400000
4032.782715 0.000000 4284.962402 0.000000 0.464096 0.000000 -0.885785 0.400000 0.400000 0.400000
4051.824463 0.000000 4277.638184 0.000000 0.759514 0.000000 -0.650491 0.400000 0.400000 0.400000
4064.719238 0.000000 4276.366211 0.000000 0.401375 0.000000 -0.915914 0.400000 0.400000 0.400000
4022.425293 0.000000 4310.993164 0.000000 0.657509 0.000000 0.753447 0.400000 0.400000 0.400000
3999.830566 0.000000 4303.520508 0.000000 0.737884 0.000000 0.674928 0.400000 0.400000 0.400000
3994.686523 0.000000 4322.698730 0.000000 0.185879 0.000000 0.982573 0.400000 0.400000 0.400000
4013.183350 0.000000 4299.912109 0.000000 0.161265 0.000000 -0.986911 0.400000 0.400000 0.400000
3990.791748 0.000000 4310.904785 0.000000 0.918521 0.000000 -0.395372 0.400000 0.400000 0.400000
4004.504150 0.000000 4328.268066 0.000000 0.801606 0.000000 -0.597852 0.400000 0.400000 0.400000
3988.710693 0.000000 4331.914062 0.000000 0.785977 0.000000 -0.618256 0.400000 0.400000 0.400000
4000.006348 0.000000 4313.800293 0.000000 0.814060 0.000000 -0.580781 0.400000 0.400000 0.400000
4008.339600 0.000000 4308.441895 0.000000 0.510815 0.000000 -0.859691 0.400000 0.400000 0.400000
4014.093750 0.000000 4325.299316 0.000000 0.138971 0.000000 0.990296 0.400000 0.400000 0.400000
4028.749023 0.000000 4316.637207 0.000000 0.989392 0.000000 0.145271 0.400000 0.400000 0.400000
4017.374023 0.000000 4317.401367 0.000000 0.970442 0.000000 0.241336 0.400000 0.400000 0.400000
4028.299805 0.000000 4329.527832 0.000000 0.462469 0.000000 0.886635 0.400000 0.400000 0.400000
3987.346191 0.000000 4322.288086 0.000000 0.458800 0.000000 -0.888540 0.400000 0.400000 0.400000
4019.037842 0.000000 4329.978027 0.000000 0.965034 0.000000 -0.262125 0.400000 0.400000 0.400000
3993.193359 0.000000 4337.560059 0.000000 0.809153 0.000000 -0.587598 0.400000 0.400000 0.400000
3982.295166 0.000000 4330.312500 0.000000 0.372248 0.000000 -0.928133 0.400000 0.400000 0.400000
4006.228271 0.000000 4299.926758 0.000000 0.913822 0.000000 0.406114 0.400000 0.400000 0.400000
4029.999023 0.000000 4323.025879 0.000000 0.319427 0.000000 0.947611 0.400000 0.400000 0.400000
4012.696777 0.000000 4313.257324 0.000000 0.536043 0.000000 -0.844191 0.400000 0.400000 0.400000
4028.447754 0.000000 4338.991211 0.000000 0.532900 0.000000 -0.846178 0.400000 0.400000 0.400000
3992.870850 0.000000 4327.940918 0.000000 0.547903 0.000000 -0.836542 0.400000 0.400000 0.400000
4013.384521 0.000000 4339.560059 0.000000 0.995149 0.000000 0.098378 0.400000 0.400000 0.400000
4005.751953 0.000000 4313.348145 0.000000 0.134525 0.000000 -0.990910 0.400000 0.400000 0.400000
4011.677490 0.000000 4304.756348 0.000000 0.262814 0.000000 0.964846 0.400000 0.400000 0.400000
4018.125244 0.000000 4322.534180 0.000000 0.490371 0.000000 0.871514 0.400000 0.400000 0.400000
4023.207275 0.000000 4306.439941 0.000000 0.001153 0.000000 0.999999 0.400000 0.400000 0.400000
4023.810547 0.000000 4330.504883 0.000000 0.730507 0.000000 0.682906 0.400000 0.400000 0.400000
4017.641846 0.000000 4299.195312 0.000000 0.926358 0.000000 0.376645 0.400000 0.400000 0.400000
4026.741455 0.000000 4312.237793 0.000000 0.464324 0.000000 0.885665 0.400000 0.400000 0.400000
4001.270996 0.000000 4299.320312 0.000000 0.026251 0.000000 -0.999655 0.400000 0.400000 0.400000
3988.890137 0.000000 4337.112793 0.000000 0.939518 0.000000 0.342501 0.400000 0.400000 0.400000
4004.547852 0.000000 4317.439941 0.000000 0.763336 0.000000 0.646002 0.400000 0.400000 0.400000
3995.767822 0.000000 4312.720703 0.000000 0.915567 0.000000 -0.402165 0.400000 0.400000 0.400000
4026.348877 0.000000 4325.741699 0.000000 0.321421 0.000000 -0.946936 0.400000 0.400000 0.400000
4015.175781 0.000000 4329.179199 0.000000 0.225305 0.000000 0.974288 0.400000 0.400000 0.400000
4023.886475 0.000000 4299.155762 0.000000 0.039406 0.000000 0.999223 0.400000 0.400000 0.400000
4000.150635 0.000000 4329.716309 0.000000 0.978324 0.000000 0.207081 0.400000 0.400000 0.400000
4019.635986 0.000000 4308.378418 0.000000 0.995822 0.000000 -0.091313 0.400000 0.400000 0.400000
4012.141113 0.000000 4309.432129 0.000000 0.999636 0.000000 -0.026987 0.400000 0.400000 0.400000
4025.350586 0.000000 4315.445312 0.000000 0.878744 0.000000 0.477294 0.400000 0.400000 0.400000
4001.038574 0.000000 4317.454590 0.000000 0.985138 0.000000 -0.171766 0.400000 0.400000 0.400000
3996.845215 0.000000 4305.205078 0.000000 0.995084 0.000000 -0.099032 0.400000 0.400000 0.400000
4005.548584 0.000000 4310.063477 0.000000 0.892427 0.000000 -0.451192 0.400000 0.400000 0.400000
4015.214844 0.000000 4336.872559 0.000000 0.599931 0.000000 0.800052 0.400000 0.400000 0.400000
4003.479004 0.000000 4301.645996 0.000000 0.526871 0.000000 -0.849945 0.400000 0.400000 0.400000
4015.458252 0.000000 4314.738770 0.000000 0.999648 0.000000 -0.026539 0.400000 0.400000 0.400000
3996.708984 0.000000 4302.133301 0.000000 0.750263 0.000000 -0.661140 0.400000 0.400000 0.400000
4008.396240 0.000000 4314.982422 0.000000 0.254844 0.000000 0.966982 0.400000 0.400000 0.400000
4015.154053 0.000000 4310.442383 0.000000 0.694216 0.000000 -0.719767 0.400000 0.400000 0.400000
4012.222656 0.000000 4336.918457 0.000000 0.331149 0.000000 -0.943579 0.400000 0.400000 0.400000
3994.505615 0.000000 4325.571777 0.000000 0.355322 0.000000 0.934744 0.400000 0.400000 0.400000
3990.068604 0.000000 4339.779785 0.000000 0.845553 0.000000 0.533891 0.400000 0.400000 0.400000
4025.750977 0.000000 4328.457031 0.000000 0.800344 0.000000 -0.599541 0.400000 0.400000 0.400000
4020.395508 0.000000 4299.580566 0.000000 0.620107 0.000000 -0.784518 0.400000 0.400000 0.400000
4012.636475 0.000000 4328.087891 0.000000 0.853580 0.000000 0.520962 0.400000 0.400000 0.400000
4002.958496 0.000000 4330.615234 0.000000 0.204279 0.000000 0.978913 0.400000 0.400000 0.400000
4010.636719 0.000000 4307.205566 0.000000 0.280634 0.000000 -0.959815 0.400000 0.400000 0.400000
4003.889160 0.000000 4299.095215 0.000000 0.904870 0.000000 0.425687 0.400000 0.400000 0.400000
4013.360352 0.000000 4302.705566 0.000000 0.955273 0.000000 0.295724 0.400000 0.400000 0.400000
4016.471924 0.000000 4324.386230 0.000000 0.435226 0.000000 0.900321 0.400000 0.400000 0.400000
4031.876709 0.000000 4329.396973 0.000000 0.283924 0.000000 0.958847 0.400000 0.400000 0.400000
4063.822754 0.000000 4303.520508 0.000000 0.505554 0.000000 0.862795 0.400000 0.400000 0.400000
4058.678711 0.000000 4322.698730 0.000000 0.437300 0.000000 -0.899316 0.400000 0.400000 0.400000
4032.705811 0.000000 4345.989746 0.000000 0.597706 0.000000 -0.801715 0.400000 0.400000 0.400000
4044.739014 0.000000 4323.883301 0.000000 0.306200 0.000000 0.951967 0.400000 0.400000 0.400000
4051.767334 0.000000 4299.154297 0.000000 0.190423 0.000000 0.981702 0.400000 0.400000 0.400000
4032.786865 0.000000 4316.874512 0.000000 0.243401 0.000000 0.969926 0.400000 0.400000 0.400000
4072.938965 0.000000 4342.616699 0.000000 0.181838 0.000000 0.983328 0.400000 0.400000 0.400000
4060.744873 0.000000 4331.867188 0.000000 0.343794 0.000000 -0.939045 0.400000 0.400000 0.400000
4065.959961 0.000000 4320.987305 0.000000 0.931922 0.000000 0.362660 0.400000 0.400000 0.400000
4044.689697 0.000000 4343.134766 0.000000 0.810135 0.000000 -0.586243 0.400000 0.400000 0.400000
4035.283203 0.000000 4310.018555 0.000000 0.976654 0.000000 0.214817 0.400000 0.400000 0.400000
4040.463379 0.000000 4316.752441 0.000000 0.866644 0.000000 -0.498926 0.400000 0.400000 0.400000
4059.678711 0.000000 4343.748047 0.000000 0.856200 0.000000 -0.516644 0.400000 0.400000 0.400000
4048.329834 0.000000 4305.264160 0.000000 0.094290 0.000000 0.995545 0.400000 0.400000 0.400000
4051.338379 0.000000 4322.288086 0.000000 0.684231 0.000000 -0.729266 0.400000 0.400000 0.400000
4083.030029 0.000000 4329.978027 0.000000 0.688920 0.000000 0.724837 0.400000 0.400000 0.400000
4057.275635 0.000000 4304.601562 0.000000 0.862550 0.000000 0.505971 0.400000 0.400000 0.400000
4039.364014 0.000000 4330.023926 0.000000 0.457893 0.000000 -0.889007 0.400000 0.400000 0.400000
4038.053467 0.000000 4304.570801 0.000000 0.323780 0.000000 0.946133 0.400000 0.400000 0.400000
4061.183594 0.000000 4308.878906 0.000000 0.945527 0.000000 -0.325543 0.400000 0.400000 0.400000
4086.992920 0.000000 4340.660156 0.000000 0.708728 0.000000 0.705482 0.400000 0.400000 0.400000
4049.044678 0.000000 4310.827148 0.000000 0.273919 0.000000 -0.961753 0.400000 0.400000 0.400000
4095.280518 0.000000 4311.366211 0.000000 0.061393 0.000000 -0.998114 0.400000 0.400000 0.400000
4065.890137 0.000000 4333.111816 0.000000 0.583225 0.000000 0.812311 0.400000 0.400000 0.400000
4032.525391 0.000000 4321.960449 0.000000 0.944908 0.000000 -0.327335 0.400000 0.400000 0.400000
4050.718506 0.000000 4327.242188 0.000000 0.964622 0.000000 0.263638 0.400000 0.400000 0.400000
4081.679688 0.000000 4312.019043 0.000000 0.810967 0.000000 0.585092 0.400000 0.400000 0.400000
4068.958984 0.000000 4304.554199 0.000000 0.873503 0.000000 -0.486819 0.400000 0.400000 0.400000
4053.068115 0.000000 4316.937012 0.000000 0.217761 0.000000 -0.976002 0.400000 0.400000 0.400000
4087.802734 0.000000 4330.504883 0.000000 0.921735 0.000000 -0.387820 0.400000 0.400000 0.400000
4061.805664 0.000000 4318.725098 0.000000 0.556164 0.000000 -0.831072 0.400000 0.400000 0.400000
4043.549561 0.000000 4305.343750 0.000000 0.936542 0.000000 -0.350555 0.400000 0.400000 0.400000
4043.927734 0.000000 4313.969727 0.000000 0.364295 0.000000 0.931284 0.400000 0.400000 0.400000
4052.882324 0.000000 4337.112793 0.000000 0.839539 0.000000 -0.543299 0.400000 0.400000 0.400000
4040.707764 0.000000 4321.515625 0.000000 0.624144 0.000000 0.781309 0.400000 0.400000 0.400000
4040.860840 0.000000 4325.986328 0.000000 0.903115 0.000000 0.429399 0.400000 0.400000 0.400000
4059.760010 0.000000 4312.720703 0.000000 0.734718 0.000000 -0.678373 0.400000 0.400000 0.400000
4073.483398 0.000000 4338.146973 0.000000 0.380156 0.000000 -0.924922 0.400000 0.400000 0.400000
4055.427734 0.000000 4320.295898 0.000000 0.574471 0.000000 0.818525 0.400000 0.400000 0.400000
4044.837158 0.000000 4338.902832 0.000000 0.868181 0.000000 -0.496248 0.400000 0.400000 0.400000
4048.661865 0.000000 4333.478027 0.000000 0.919768 0.000000 0.392464 0.400000 0.400000 0.400000
4064.142822 0.000000 4329.716309 0.000000 0.995202 0.000000 0.097842 0.400000 0.400000 0.400000
4076.133301 0.000000 4309.432129 0.000000 0.832590 0.000000 -0.553890 0.400000 0.400000 0.400000
4051.944336 0.000000 4302.924805 0.000000 0.227920 0.000000 -0.973680 0.400000 0.400000 0.400000
4051.758789 0.000000 4313.447266 0.000000 0.999886 0.000000 -0.015109 0.400000 0.400000 0.400000
4032.678955 0.000000 4325.856445 0.000000 0.796441 0.000000 -0.604716 0.400000 0.400000 0.400000
4065.030762 0.000000 4317.454590 0.000000 0.049435 0.000000 -0.998777 0.400000 0.400000 0.400000
4060.837402 0.000000 4305.205078 0.000000 0.058123 0.000000 0.998309 0.400000 0.400000 0.400000
4072.124512 0.000000 4304.965332 0.000000 0.607736 0.000000 0.794139 0.400000 0.400000 0.400000
4051.801270 0.000000 4309.640625 0.000000 0.167164 0.000000 0.985929 0.400000 0.400000 0.400000
4079.146240 0.000000 4310.442383 0.000000 0.886264 0.000000 0.463181 0.400000 0.400000 0.400000
4051.381104 0.000000 4334.565918 0.000000 0.972687 0.000000 -0.232123 0.400000 0.400000 0.400000
4054.455566 0.000000 4304.302246 0.000000 0.282838 0.000000 -0.959168 0.400000 0.400000 0.400000
4036.312500 0.000000 4330.531738 0.000000 0.951559 0.000000 -0.307465 0.400000 0.400000 0.400000
4062.517822 0.000000 4299.821289 0.000000 0.388041 0.000000 -0.921642 0.400000 0.400000 0.400000
4033.953369 0.000000 4319.655762 0.000000 0.984623 0.000000 -0.174692 0.400000 0.400000 0.400000
4035.618408 0.000000 4316.843262 0.000000 0.938728 0.000000 -0.344659 0.400000 0.400000 0.400000
4051.824463 0.000000 4324.880371 0.000000 0.159313 0.000000 -0.987228 0.400000 0.400000 0.400000
4074.628906 0.000000 4307.205566 0.000000 0.825789 0.000000 0.563979 0.400000 0.400000 0.400000
4082.291992 0.000000 4314.929199 0.000000 0.505793 0.000000 -0.862655 0.400000 0.400000 0.400000
4043.406982 0.000000 4321.486328 0.000000 0.534624 0.000000 -0.845090 0.400000 0.400000 0.400000
4049.392822 0.000000 4302.941406 0.000000 0.510725 0.000000 -0.859744 0.400000 0.400000 0.400000
4036.809082 0.000000 4311.900879 0.000000 0.008670 0.000000 0.999962 0.400000 0.400000 0.400000
3681.341553 0.000000 4480.768066 0.000000 1.000000 0.000000 -0.000071 0.400000 0.400000 0.400000
3664.620850 0.000000 4479.127441 0.000000 0.885363 0.000000 -0.464901 0.400000 0.400000 0.400000
3683.443848 0.000000 4483.295898 0.000000 0.980234 0.000000 0.197840 0.400000 0.400000 0.400000
3667.264404 0.000000 4481.465332 0.000000 0.556444 0.000000 -0.830885 0.400000 0.400000 0.400000
3658.996582 0.000000 4489.704102 0.000000 0.977992 0.000000 0.208645 0.400000 0.400000 0.400000
3663.528564 0.000000 4489.735352 0.000000 0.541423 0.000000 0.840750 0.400000 0.400000 0.400000
4013.183350 0.000000 4347.154297 0.000000 0.896131 0.000000 -0.443789 0.400000 0.400000 0.400000
4021.162109 0.000000 4349.552734 0.000000 0.591508 0.000000 -0.806299 0.400000 0.400000 0.400000
4028.749023 0.000000 4363.879395 0.000000 0.778516 0.000000 -0.627624 0.400000 0.400000 0.400000
4023.207275 0.000000 4353.682129 0.000000 0.996887 0.000000 0.078841 0.400000 0.400000 0.400000
4017.641846 0.000000 4346.437500 0.000000 0.503153 0.000000 -0.864197 0.400000 0.400000 0.400000
4029.595459 0.000000 4389.865234 0.000000 0.974004 0.000000 -0.226531 0.400000 0.400000 0.400000
4030.177002 0.000000 4366.872559 0.000000 0.482450 0.000000 0.875923 0.400000 0.400000 0.400000
4026.559570 0.000000 4388.895996 0.000000 0.424028 0.000000 -0.905649 0.400000 0.400000 0.400000
4023.194580 0.000000 4351.128418 0.000000 0.078847 0.000000 -0.996887 0.400000 0.400000 0.400000
4032.705811 0.000000 4393.231934 0.000000 0.329796 0.000000 -0.944052 0.400000 0.400000 0.400000
4032.786865 0.000000 4364.116699 0.000000 0.831328 0.000000 0.555782 0.400000 0.400000 0.400000
4072.938965 0.000000 4389.858887 0.000000 0.999945 0.000000 -0.010519 0.400000 0.400000 0.400000
4037.188232 0.000000 4371.092773 0.000000 0.864565 0.000000 -0.502520 0.400000 0.400000 0.400000
4079.898193 0.000000 4354.761230 0.000000 0.712417 0.000000 0.701756 0.400000 0.400000 0.400000
4046.287354 0.000000 4377.554688 0.000000 0.438896 0.000000 0.898538 0.400000 0.400000 0.400000
4059.775879 0.000000 4346.401855 0.000000 0.999984 0.000000 -0.005623 0.400000 0.400000 0.400000
4063.251953 0.000000 4373.063477 0.000000 0.606502 0.000000 -0.795082 0.400000 0.400000 0.400000
4049.044678 0.000000 4358.069336 0.000000 0.511135 0.000000 -0.859501 0.400000 0.400000 0.400000
4077.376709 0.000000 4386.802246 0.000000 0.390299 0.000000 0.920688 0.400000 0.400000 0.400000
4037.958008 0.000000 4346.525879 0.000000 0.980670 0.000000 0.195667 0.400000 0.400000 0.400000
4050.718506 0.000000 4374.484375 0.000000 0.978906 0.000000 0.204310 0.400000 0.400000 0.400000
4079.871826 0.000000 4350.475586 0.000000 0.943653 0.000000 -0.330936 0.400000 0.400000 0.400000
4035.731689 0.000000 4375.015137 0.000000 0.653342 0.000000 0.757063 0.400000 0.400000 0.400000
4064.142822 0.000000 4376.958496 0.000000 0.976334 0.000000 0.216270 0.400000 0.400000 0.400000
4051.801270 0.000000 4356.882812 0.000000 0.014488 0.000000 -0.999895 0.400000 0.400000 0.400000
4086.630127 0.000000 4418.621094 0.000000 0.842381 0.000000 -0.538882 0.400000 0.400000 0.400000
4092.741211 0.000000 4411.121582 0.000000 0.197847 0.000000 0.980233 0.400000 0.400000 0.400000
4092.439941 0.000000 4433.475586 0.000000 0.865787 0.000000 0.500413 0.400000 0.400000 0.400000
4095.280518 0.000000 4405.850586 0.000000 0.206015 0.000000 -0.978549 0.400000 0.400000 0.400000
4095.027832 0.000000 4428.775391 0.000000 0.046816 0.000000 0.998904 0.400000 0.400000 0.400000
4090.733643 0.000000 4406.722168 0.000000 0.962434 0.000000 0.271516 0.400000 0.400000 0.400000
4090.261719 0.000000 4415.408691 0.000000 0.581756 0.000000 -0.813363 0.400000 0.400000 0.400000
4079.871826 0.000000 4397.717773 0.000000 0.143741 0.000000 -0.989615 0.400000 0.400000 0.400000
4092.483887 0.000000 4404.380371 0.000000 0.843931 0.000000 0.536451 0.400000 0.400000 0.400000
4093.185547 0.000000 4408.243164 0.000000 0.998058 0.000000 -0.062287 0.400000 0.400000 0.400000
4089.414062 0.000000 4417.840820 0.000000 0.764683 0.000000 0.644407 0.400000 0.400000 0.400000
4086.417480 0.000000 4452.719727 0.000000 0.996636 0.000000 0.081958 0.400000 0.400000 0.400000
4090.564697 0.000000 4486.644043 0.000000 0.350597 0.000000 -0.936526 0.400000 0.400000 0.400000
4085.154297 0.000000 4444.037109 0.000000 0.196536 0.000000 -0.980497 0.400000 0.400000 0.400000
4086.992920 0.000000 4482.386719 0.000000 0.989988 0.000000 -0.141152 0.400000 0.400000 0.400000
4081.679688 0.000000 4453.745605 0.000000 0.031068 0.000000 0.999517 0.400000 0.400000 0.400000
4087.802734 0.000000 4472.231445 0.000000 0.941036 0.000000 0.338306 0.400000 0.400000 0.400000
4090.733643 0.000000 4453.964355 0.000000 0.872703 0.000000 -0.488251 0.400000 0.400000 0.400000
4084.955322 0.000000 4456.463379 0.000000 0.127135 0.000000 0.991885 0.400000 0.400000 0.400000
4083.628174 0.000000 4450.104980 0.000000 0.885518 0.000000 0.464605 0.400000 0.400000 0.400000
4089.342773 0.000000 4457.171875 0.000000 0.598074 0.000000 0.801441 0.400000 0.400000 0.400000
4082.770752 0.000000 4446.689941 0.000000 0.997717 0.000000 -0.067532 0.400000 0.400000 0.400000
4090.551758 0.000000 4483.380371 0.000000 0.555105 0.000000 0.831780 0.400000 0.400000 0.400000
4093.185547 0.000000 4455.485352 0.000000 0.058865 0.000000 0.998266 0.400000 0.400000 0.400000
4089.743164 0.000000 4470.183594 0.000000 0.063724 0.000000 0.997968 0.400000 0.400000 0.400000
4087.407959 0.000000 4455.411621 0.000000 0.864197 0.000000 -0.503153 0.400000 0.400000 0.400000
4077.501953 0.000000 4523.033203 0.000000 0.635546 0.000000 -0.772063 0.400000 0.400000 0.400000
4072.906250 0.000000 4507.017578 0.000000 0.618676 0.000000 -0.785646 0.400000 0.400000 0.400000
4068.496338 0.000000 4517.236816 0.000000 0.425873 0.000000 -0.904783 0.400000 0.400000 0.400000
4078.085938 0.000000 4514.268066 0.000000 0.479545 0.000000 0.877517 0.400000 0.400000 0.400000
4085.154297 0.000000 4491.279297 0.000000 0.665136 0.000000 -0.746722 0.400000 0.400000 0.400000
4092.439941 0.000000 4527.959961 0.000000 0.984554 0.000000 -0.175080 0.400000 0.400000 0.400000
4071.926025 0.000000 4512.652832 0.000000 0.331403 0.000000 -0.943489 0.400000 0.400000 0.400000
4082.425049 0.000000 4526.459961 0.000000 0.728846 0.000000 -0.684678 0.400000 0.400000 0.400000
4081.634033 0.000000 4488.164062 0.000000 0.797038 0.000000 -0.603930 0.400000 0.400000 0.400000
4090.341064 0.000000 4514.710449 0.000000 0.286901 0.000000 -0.957960 0.400000 0.400000 0.400000
4067.000244 0.000000 4513.668945 0.000000 0.528921 0.000000 0.848671 0.400000 0.400000 0.400000
4074.028564 0.000000 4522.111328 0.000000 0.110008 0.000000 0.993931 0.400000 0.400000 0.400000
4074.370605 0.000000 4514.991699 0.000000 0.868421 0.000000 -0.495828 0.400000 0.400000 0.400000
4094.447510 0.000000 4515.304688 0.000000 0.347693 0.000000 -0.937608 0.400000 0.400000 0.400000
4085.643555 0.000000 4526.808105 0.000000 0.756967 0.000000 -0.653453 0.400000 0.400000 0.400000
4083.572754 0.000000 4529.491211 0.000000 0.243971 0.000000 -0.969783 0.400000 0.400000 0.400000
4072.388428 0.000000 4503.951172 0.000000 0.122080 0.000000 0.992520 0.400000 0.400000 0.400000
4069.426758 0.000000 4514.569336 0.000000 0.911088 0.000000 -0.412213 0.400000 0.400000 0.400000
2580.653809 0.000000 4626.088867 0.000000 0.853073 0.000000 -0.521792 0.400000 0.400000 0.400000
2586.858398 0.000000 4606.151855 0.000000 0.317540 0.000000 0.948245 0.400000 0.400000 0.400000
2601.085938 0.000000 4601.501953 0.000000 0.964486 0.000000 -0.264134 0.400000 0.400000 0.400000
2588.924561 0.000000 4615.320312 0.000000 0.906245 0.000000 -0.422752 0.400000 0.400000 0.400000
2572.869385 0.000000 4626.587891 0.000000 0.932882 0.000000 -0.360182 0.400000 0.400000 0.400000
2591.431641 0.000000 4609.274414 0.000000 0.432506 0.000000 -0.901631 0.400000 0.400000 0.400000
2588.679199 0.000000 4611.439941 0.000000 0.959129 0.000000 -0.282969 0.400000 0.400000 0.400000
2580.653809 0.000000 4673.331055 0.000000 0.298542 0.000000 -0.954397 0.400000 0.400000 0.400000
2614.597168 0.000000 4641.688477 0.000000 0.268446 0.000000 -0.963295 0.400000 0.400000 0.400000
2601.085938 0.000000 4648.744141 0.000000 0.263596 0.000000 -0.964633 0.400000 0.400000 0.400000
2572.918701 0.000000 4654.578613 0.000000 0.847464 0.000000 -0.530853 0.400000 0.400000 0.400000
2576.287354 0.000000 4646.860352 0.000000 0.379318 0.000000 -0.925266 0.400000 0.400000 0.400000
2563.462891 0.000000 4640.713867 0.000000 0.968010 0.000000 0.250910 0.400000 0.400000 0.400000
2585.365234 0.000000 4668.255371 0.000000 0.996613 0.000000 -0.082236 0.400000 0.400000 0.400000
2579.938477 0.000000 4644.142578 0.000000 0.909892 0.000000 0.414846 0.400000 0.400000 0.400000
2560.056396 0.000000 4707.334473 0.000000 0.591833 0.000000 0.806060 0.400000 0.400000 0.400000
2592.002441 0.000000 4681.458008 0.000000 0.804406 0.000000 -0.594081 0.400000 0.400000 0.400000
2586.858398 0.000000 4700.636230 0.000000 0.734500 0.000000 -0.678609 0.400000 0.400000 0.400000
2560.885498 0.000000 4723.927246 0.000000 0.695370 0.000000 -0.718652 0.400000 0.400000 0.400000
2572.918701 0.000000 4701.820801 0.000000 0.987215 0.000000 -0.159393 0.400000 0.400000 0.400000
2585.902100 0.000000 4694.384277 0.000000 0.147894 0.000000 0.989003 0.400000 0.400000 0.400000
2585.042725 0.000000 4705.878418 0.000000 0.192457 0.000000 -0.981305 0.400000 0.400000 0.400000
2563.911377 0.000000 4705.710449 0.000000 0.424572 0.000000 0.905394 0.400000 0.400000 0.400000
2583.002686 0.000000 4702.499023 0.000000 0.293114 0.000000 0.956077 0.400000 0.400000 0.400000
2586.760986 0.000000 4697.453613 0.000000 0.550388 0.000000 0.834909 0.400000 0.400000 0.400000
2563.462891 0.000000 4735.198242 0.000000 0.203839 0.000000 -0.979004 0.400000 0.400000 0.400000
2560.966553 0.000000 4836.538574 0.000000 0.527778 0.000000 -0.849382 0.400000 0.400000 0.400000
2106.806885 0.000000 5006.308105 0.000000 0.172065 0.000000 -0.985086 0.400000 0.400000 0.400000
2103.935303 0.000000 4996.623047 0.000000 0.932896 0.000000 -0.360146 0.400000 0.400000 0.400000
2124.973389 0.000000 4985.273926 0.000000 0.430923 0.000000 -0.902389 0.400000 0.400000 0.400000
2140.979248 0.000000 4993.257812 0.000000 0.701059 0.000000 -0.713103 0.400000 0.400000 0.400000
2142.040039 0.000000 4980.115723 0.000000 0.439548 0.000000 0.898219 0.400000 0.400000 0.400000
2172.849121 0.000000 4997.467285 0.000000 0.139619 0.000000 0.990205 0.400000 0.400000 0.400000
2234.791260 0.000000 5006.308105 0.000000 0.643148 0.000000 -0.765742 0.400000 0.400000 0.400000
2204.971436 0.000000 4993.257812 0.000000 0.915583 0.000000 0.402129 0.400000 0.400000 0.400000
2109.128174 0.000000 5007.875000 0.000000 0.644900 0.000000 0.764267 0.400000 0.400000 0.400000
2101.396240 0.000000 5010.943359 0.000000 0.997722 0.000000 -0.067456 0.400000 0.400000 0.400000
2138.913086 0.000000 5031.331543 0.000000 0.367843 0.000000 -0.929888 0.400000 0.400000 0.400000
2135.018311 0.000000 5019.537598 0.000000 0.681860 0.000000 -0.731483 0.400000 0.400000 0.400000
2133.072754 0.000000 5015.330078 0.000000 0.601129 0.000000 0.799152 0.400000 0.400000 0.400000
2239.507080 0.000000 5019.999023 0.000000 0.825169 0.000000 -0.564886 0.400000 0.400000 0.400000
2225.906250 0.000000 5020.651855 0.000000 0.104411 0.000000 -0.994534 0.400000 0.400000 0.400000
2285.394287 0.000000 5008.544922 0.000000 0.982909 0.000000 0.184091 0.400000 0.400000 0.400000
2240.025879 0.000000 5021.285645 0.000000 0.527669 0.000000 0.849450 0.400000 0.400000 0.400000
2288.090576 0.000000 5011.866211 0.000000 0.452125 0.000000 0.891954 0.400000 0.400000 0.400000
2285.571289 0.000000 5011.338379 0.000000 0.992724 0.000000 0.120413 0.400000 0.400000 0.400000
3540.536621 0.000000 4578.846680 0.000000 0.608227 0.000000 -0.793763 0.400000 0.400000 0.400000
3526.390869 0.000000 4579.012207 0.000000 0.999083 0.000000 -0.042813 0.400000 0.400000 0.400000
3580.502441 0.000000 4575.202148 0.000000 0.853380 0.000000 -0.521289 0.400000 0.400000 0.400000
3523.211182 0.000000 4577.643066 0.000000 0.999921 0.000000 -0.012547 0.400000 0.400000 0.400000
3577.264893 0.000000 4574.397461 0.000000 0.997696 0.000000 -0.067846 0.400000 0.400000 0.400000
3539.280029 0.000000 4575.949707 0.000000 0.999690 0.000000 -0.024890 0.400000 0.400000 0.400000
3537.455322 0.000000 4586.394531 0.000000 0.052350 0.000000 -0.998629 0.400000 0.400000 0.400000
3531.010742 0.000000 4640.436035 0.000000 0.350196 0.000000 0.936676 0.400000 0.400000 0.400000
3549.868164 0.000000 4649.420410 0.000000 0.481308 0.000000 0.876552 0.400000 0.400000 0.400000
3528.029053 0.000000 4638.272461 0.000000 0.059926 0.000000 -0.998203 0.400000 0.400000 0.400000
3549.412598 0.000000 4646.329590 0.000000 0.622530 0.000000 -0.782596 0.400000 0.400000 0.400000
3533.191162 0.000000 4647.117188 0.000000 0.859183 0.000000 0.511669 0.400000 0.400000 0.400000
3587.337891 0.000000 4593.471680 0.000000 0.337858 0.000000 0.941197 0.400000 0.400000 0.400000
3591.213867 0.000000 4594.507812 0.000000 0.849873 0.000000 0.526988 0.400000 0.400000 0.400000
3589.121582 0.000000 4591.213379 0.000000 0.999641 0.000000 0.026787 0.400000 0.400000 0.400000
4086.630127 0.000000 4560.347656 0.000000 0.295664 0.000000 -0.955292 0.400000 0.400000 0.400000
4068.496338 0.000000 4564.479004 0.000000 0.819937 0.000000 0.572454 0.400000 0.400000 0.400000
4087.693115 0.000000 4571.443359 0.000000 0.077160 0.000000 0.997019 0.400000 0.400000 0.400000
4081.750977 0.000000 4579.287109 0.000000 0.715791 0.000000 -0.698314 0.400000 0.400000 0.400000
4070.780273 0.000000 4571.049316 0.000000 0.834921 0.000000 -0.550370 0.400000 0.400000 0.400000
4063.251953 0.000000 4562.032227 0.000000 0.155014 0.000000 0.987912 0.400000 0.400000 0.400000
4077.376709 0.000000 4575.770996 0.000000 0.663495 0.000000 0.748181 0.400000 0.400000 0.400000
4087.802734 0.000000 4566.715820 0.000000 0.951513 0.000000 -0.307608 0.400000 0.400000 0.400000
4055.729492 0.000000 4581.435547 0.000000 0.784924 0.000000 -0.619592 0.400000 0.400000 0.400000
4091.180420 0.000000 4569.575195 0.000000 0.432668 0.000000 -0.901554 0.400000 0.400000 0.400000
4064.142822 0.000000 4565.927246 0.000000 0.942549 0.000000 -0.334068 0.400000 0.400000 0.400000
4082.051514 0.000000 4562.491699 0.000000 0.968206 0.000000 0.250154 0.400000 0.400000 0.400000
4070.622070 0.000000 4567.383789 0.000000 0.119759 0.000000 0.992803 0.400000 0.400000 0.400000
4085.640381 0.000000 4563.729980 0.000000 0.926103 0.000000 -0.377271 0.400000 0.400000 0.400000
4065.738770 0.000000 4563.637695 0.000000 0.751849 0.000000 -0.659335 0.400000 0.400000 0.400000
4066.950684 0.000000 4566.826172 0.000000 0.965572 0.000000 -0.260135 0.400000 0.400000 0.400000
4068.580811 0.000000 4569.377930 0.000000 0.935010 0.000000 -0.354622 0.400000 0.400000 0.400000
4051.767334 0.000000 4582.607422 0.000000 0.904100 0.000000 -0.427320 0.400000 0.400000 0.400000
4085.154297 0.000000 4585.763672 0.000000 0.920861 0.000000 0.389891 0.400000 0.400000 0.400000
4087.199463 0.000000 4589.893066 0.000000 0.965525 0.000000 0.260310 0.400000 0.400000 0.400000
4089.854980 0.000000 4586.132324 0.000000 0.654826 0.000000 0.755780 0.400000 0.400000 0.400000
4087.186768 0.000000 4587.339355 0.000000 0.999252 0.000000 -0.038662 0.400000 0.400000 0.400000
4116.466309 0.000000 4248.151367 0.000000 0.168854 0.000000 0.985641 0.400000 0.400000 0.400000
4141.494141 0.000000 4239.580078 0.000000 0.991928 0.000000 0.126805 0.400000 0.400000 0.400000
4106.311523 0.000000 4241.441895 0.000000 0.880211 0.000000 -0.474583 0.400000 0.400000 0.400000
4134.772461 0.000000 4240.354004 0.000000 0.959395 0.000000 -0.282065 0.400000 0.400000 0.400000
4146.417480 0.000000 4243.006836 0.000000 0.877061 0.000000 0.480380 0.400000 0.400000 0.400000
4137.475586 0.000000 4243.662598 0.000000 0.872079 0.000000 0.489366 0.400000 0.400000 0.400000
4108.829590 0.000000 4244.418457 0.000000 0.668494 0.000000 0.743717 0.400000 0.400000 0.400000
4120.429199 0.000000 4246.858887 0.000000 0.242525 0.000000 0.970145 0.400000 0.400000 0.400000
4138.020996 0.000000 4238.658203 0.000000 0.419965 0.000000 0.907540 0.400000 0.400000 0.400000
4149.635742 0.000000 4243.354980 0.000000 0.579360 0.000000 0.815072 0.400000 0.400000 0.400000
4167.348633 0.000000 4235.539551 0.000000 0.977007 0.000000 -0.213207 0.400000 0.400000 0.400000
4163.530762 0.000000 4238.801758 0.000000 0.976531 0.000000 -0.215377 0.400000 0.400000 0.400000
4170.738281 0.000000 4237.706055 0.000000 0.822739 0.000000 0.568420 0.400000 0.400000 0.400000
4167.109375 0.000000 4239.625000 0.000000 0.457449 0.000000 -0.889236 0.400000 0.400000 0.400000
4169.285156 0.000000 4250.294434 0.000000 0.744235 0.000000 -0.667918 0.400000 0.400000 0.400000
4164.871582 0.000000 4241.711426 0.000000 0.831390 0.000000 0.555689 0.400000 0.400000 0.400000
4173.226562 0.000000 4238.224609 0.000000 0.710976 0.000000 -0.703216 0.400000 0.400000 0.400000
4116.466309 0.000000 4295.393555 0.000000 0.285125 0.000000 -0.958490 0.400000 0.400000 0.400000
4106.940430 0.000000 4262.498535 0.000000 0.630612 0.000000 -0.776099 0.400000 0.400000 0.400000
4127.814941 0.000000 4256.278320 0.000000 0.889198 0.000000 0.457523 0.400000 0.400000 0.400000
4108.730957 0.000000 4276.641113 0.000000 0.727902 0.000000 -0.685681 0.400000 0.400000 0.400000
4095.799316 0.000000 4255.851562 0.000000 0.460011 0.000000 0.887913 0.400000 0.400000 0.400000
4096.778809 0.000000 4269.632324 0.000000 0.305750 0.000000 -0.952112 0.400000 0.400000 0.400000
4127.990723 0.000000 4266.558105 0.000000 0.932143 0.000000 -0.362090 0.400000 0.400000 0.400000
4149.146484 0.000000 4255.068359 0.000000 0.880863 0.000000 -0.473372 0.400000 0.400000 0.400000
4156.733398 0.000000 4269.395020 0.000000 0.141060 0.000000 -0.990001 0.400000 0.400000 0.400000
4145.358398 0.000000 4270.159180 0.000000 0.470684 0.000000 -0.882302 0.400000 0.400000 0.400000
4124.736816 0.000000 4284.625000 0.000000 0.516442 0.000000 -0.856322 0.400000 0.400000 0.400000
4129.952148 0.000000 4273.745117 0.000000 0.764293 0.000000 -0.644869 0.400000 0.400000 0.400000
4143.890625 0.000000 4260.276855 0.000000 0.438583 0.000000 -0.898691 0.400000 0.400000 0.400000
4104.455566 0.000000 4269.510254 0.000000 0.341466 0.000000 -0.939894 0.400000 0.400000 0.400000
4112.321777 0.000000 4258.021973 0.000000 0.853962 0.000000 0.520335 0.400000 0.400000 0.400000
4156.284180 0.000000 4282.285645 0.000000 0.945982 0.000000 0.324220 0.400000 0.400000 0.400000
4121.177734 0.000000 4290.317871 0.000000 0.978617 0.000000 0.205689 0.400000 0.400000 0.400000
4110.279297 0.000000 4283.070312 0.000000 0.393588 0.000000 0.919287 0.400000 0.400000 0.400000
4103.355957 0.000000 4282.781738 0.000000 0.386676 0.000000 -0.922216 0.400000 0.400000 0.400000
4112.565918 0.000000 4290.158691 0.000000 0.574787 0.000000 0.818303 0.400000 0.400000 0.400000
4121.714844 0.000000 4269.204590 0.000000 0.277319 0.000000 0.960778 0.400000 0.400000 0.400000
4125.175781 0.000000 4261.636719 0.000000 0.313851 0.000000 -0.949472 0.400000 0.400000 0.400000
4127.244141 0.000000 4278.579102 0.000000 0.551054 0.000000 0.834470 0.400000 0.400000 0.400000
4133.736328 0.000000 4266.105957 0.000000 0.682319 0.000000 -0.731054 0.400000 0.400000 0.400000
4139.661621 0.000000 4257.514160 0.000000 0.826216 0.000000 0.563354 0.400000 0.400000 0.400000
4114.710938 0.000000 4280.000000 0.000000 0.980819 0.000000 0.194922 0.400000 0.400000 0.400000
4141.301758 0.000000 4273.261230 0.000000 0.365255 0.000000 0.930907 0.400000 0.400000 0.400000
4117.060547 0.000000 4269.694824 0.000000 0.092264 0.000000 0.995735 0.400000 0.400000 0.400000
4116.830566 0.000000 4259.455078 0.000000 0.994726 0.000000 0.102564 0.400000 0.400000 0.400000
4108.345703 0.000000 4271.797363 0.000000 0.009426 0.000000 -0.999956 0.400000 0.400000 0.400000
4153.847168 0.000000 4255.437012 0.000000 0.991936 0.000000 -0.126742 0.400000 0.400000 0.400000
4107.919922 0.000000 4266.727539 0.000000 0.119510 0.000000 -0.992833 0.400000 0.400000 0.400000
4150.268066 0.000000 4298.370117 0.000000 0.298080 0.000000 0.954541 0.400000 0.400000 0.400000
4095.799316 0.000000 4265.410645 0.000000 0.126413 0.000000 -0.991978 0.400000 0.400000 0.400000
4104.853027 0.000000 4278.744141 0.000000 0.884890 0.000000 -0.465800 0.400000 0.400000 0.400000
4123.752441 0.000000 4265.478516 0.000000 0.679264 0.000000 -0.733894 0.400000 0.400000 0.400000
4099.723633 0.000000 4280.530762 0.000000 0.983466 0.000000 0.181094 0.400000 0.400000 0.400000
4120.797852 0.000000 4285.465332 0.000000 0.690413 0.000000 0.723416 0.400000 0.400000 0.400000
4103.151367 0.000000 4263.812500 0.000000 0.576894 0.000000 -0.816819 0.400000 0.400000 0.400000
4096.487793 0.000000 4259.881836 0.000000 0.123028 0.000000 -0.992403 0.400000 0.400000 0.400000
4155.172852 0.000000 4286.122070 0.000000 0.992771 0.000000 -0.120025 0.400000 0.400000 0.400000
4112.654297 0.000000 4286.235840 0.000000 0.908958 0.000000 -0.416889 0.400000 0.400000 0.400000
4147.620117 0.000000 4261.136230 0.000000 0.969525 0.000000 -0.244994 0.400000 0.400000 0.400000
4106.745605 0.000000 4284.948242 0.000000 0.629444 0.000000 0.777045 0.400000 0.400000 0.400000
4137.636230 0.000000 4254.084473 0.000000 0.787254 0.000000 0.616628 0.400000 0.400000 0.400000
4126.487793 0.000000 4275.030762 0.000000 0.944968 0.000000 -0.327162 0.400000 0.400000 0.400000
4124.491699 0.000000 4280.744629 0.000000 0.270659 0.000000 0.962675 0.400000 0.400000 0.400000
4129.022949 0.000000 4270.212402 0.000000 0.978166 0.000000 0.207824 0.400000 0.400000 0.400000
4108.037598 0.000000 4279.970703 0.000000 0.301770 0.000000 0.953381 0.400000 0.400000 0.400000
4124.829590 0.000000 4257.962891 0.000000 0.585407 0.000000 0.810740 0.400000 0.400000 0.400000
4119.163574 0.000000 4267.036621 0.000000 0.094661 0.000000 0.995510 0.400000 0.400000 0.400000
4127.862305 0.000000 4259.892578 0.000000 0.331540 0.000000 0.943441 0.400000 0.400000 0.400000
4136.116699 0.000000 4257.723145 0.000000 0.221950 0.000000 -0.975058 0.400000 0.400000 0.400000
4113.498535 0.000000 4283.058105 0.000000 0.773782 0.000000 0.633452 0.400000 0.400000 0.400000
4130.682617 0.000000 4264.842773 0.000000 0.986271 0.000000 -0.165133 0.400000 0.400000 0.400000
4099.158691 0.000000 4258.340820 0.000000 0.985494 0.000000 0.169713 0.400000 0.400000 0.400000
4123.072266 0.000000 4287.517578 0.000000 0.517103 0.000000 -0.855923 0.400000 0.400000 0.400000
4111.681152 0.000000 4280.169922 0.000000 0.598010 0.000000 -0.801488 0.400000 0.400000 0.400000
4104.635254 0.000000 4266.519043 0.000000 0.636555 0.000000 -0.771231 0.400000 0.400000 0.400000
4115.373535 0.000000 4287.323730 0.000000 0.757448 0.000000 0.652895 0.400000 0.400000 0.400000
4130.917480 0.000000 4267.852051 0.000000 0.880922 0.000000 0.473262 0.400000 0.400000 0.400000
4118.052734 0.000000 4292.537598 0.000000 0.933604 0.000000 0.358305 0.400000 0.400000 0.400000
4100.304688 0.000000 4283.289551 0.000000 0.899928 0.000000 -0.436038 0.400000 0.400000 0.400000
4154.068848 0.000000 4270.922852 0.000000 0.244958 0.000000 0.969534 0.400000 0.400000 0.400000
4122.336426 0.000000 4283.107422 0.000000 0.626553 0.000000 0.779379 0.400000 0.400000 0.400000
4106.462891 0.000000 4282.233887 0.000000 0.478206 0.000000 0.878248 0.400000 0.400000 0.400000
4109.233887 0.000000 4285.466797 0.000000 0.703517 0.000000 -0.710679 0.400000 0.400000 0.400000
4159.861328 0.000000 4282.154785 0.000000 0.744771 0.000000 0.667320 0.400000 0.400000 0.400000
4160.690430 0.000000 4298.747559 0.000000 0.842498 0.000000 -0.538700 0.400000 0.400000 0.400000
4193.279297 0.000000 4291.799316 0.000000 0.192637 0.000000 -0.981270 0.400000 0.400000 0.400000
4170.304199 0.000000 4288.684082 0.000000 0.886123 0.000000 -0.463450 0.400000 0.400000 0.400000
4191.983398 0.000000 4266.558105 0.000000 0.889987 0.000000 -0.455987 0.400000 0.400000 0.400000
4188.729492 0.000000 4284.625000 0.000000 0.255420 0.000000 0.966830 0.400000 0.400000 0.400000
4165.172852 0.000000 4276.608398 0.000000 0.506693 0.000000 -0.862126 0.400000 0.400000 0.400000
4163.268066 0.000000 4262.776367 0.000000 0.505316 0.000000 0.862934 0.400000 0.400000 0.400000
4168.448242 0.000000 4269.510254 0.000000 0.670425 0.000000 0.741977 0.400000 0.400000 0.400000
4187.663086 0.000000 4296.505859 0.000000 0.723589 0.000000 -0.690231 0.400000 0.400000 0.400000
4198.764648 0.000000 4287.596191 0.000000 0.966464 0.000000 0.256802 0.400000 0.400000 0.400000
4166.038086 0.000000 4257.328613 0.000000 0.796578 0.000000 0.604536 0.400000 0.400000 0.400000
4189.168457 0.000000 4261.636719 0.000000 0.715450 0.000000 -0.698664 0.400000 0.400000 0.400000
4199.910645 0.000000 4276.441895 0.000000 0.865328 0.000000 -0.501206 0.400000 0.400000 0.400000
4193.875000 0.000000 4285.869629 0.000000 0.637159 0.000000 0.770732 0.400000 0.400000 0.400000
4189.627441 0.000000 4289.107422 0.000000 0.271841 0.000000 0.962342 0.400000 0.400000 0.400000
4164.710938 0.000000 4272.149902 0.000000 0.993753 0.000000 0.111604 0.400000 0.400000 0.400000
4196.524414 0.000000 4270.197754 0.000000 0.967360 0.000000 0.253406 0.400000 0.400000 0.400000
4166.806152 0.000000 4291.411621 0.000000 0.058438 0.000000 0.998291 0.400000 0.400000 0.400000
4187.744629 0.000000 4265.478516 0.000000 0.869145 0.000000 0.494558 0.400000 0.400000 0.400000
4163.716309 0.000000 4280.530762 0.000000 0.078573 0.000000 -0.996908 0.400000 0.400000 0.400000
4160.479980 0.000000 4259.881836 0.000000 0.991551 0.000000 -0.129720 0.400000 0.400000 0.400000
4160.663574 0.000000 4278.614258 0.000000 0.781764 0.000000 -0.623574 0.400000 0.400000 0.400000
4169.599121 0.000000 4293.575195 0.000000 0.999131 0.000000 0.041674 0.400000 0.400000 0.400000
4167.951172 0.000000 4260.334961 0.000000 0.970443 0.000000 0.241329 0.400000 0.400000 0.400000
4193.015137 0.000000 4270.212402 0.000000 0.017227 0.000000 -0.999852 0.400000 0.400000 0.400000
4202.354980 0.000000 4278.780762 0.000000 0.515933 0.000000 0.856629 0.400000 0.400000 0.400000
4163.151367 0.000000 4258.340820 0.000000 0.613858 0.000000 0.789417 0.400000 0.400000 0.400000
4191.017090 0.000000 4286.534668 0.000000 0.040565 0.000000 0.999177 0.400000 0.400000 0.400000
4196.565430 0.000000 4285.924805 0.000000 0.222490 0.000000 -0.974935 0.400000 0.400000 0.400000
4167.451660 0.000000 4271.979492 0.000000 0.949817 0.000000 -0.312805 0.400000 0.400000 0.400000
4116.466309 0.000000 4342.635742 0.000000 0.382964 0.000000 -0.923763 0.400000 0.400000 0.400000
4154.557129 0.000000 4344.917480 0.000000 0.957639 0.000000 -0.287972 0.400000 0.400000 0.400000
4096.697754 0.000000 4345.989746 0.000000 0.981920 0.000000 -0.189294 0.400000 0.400000 0.400000
4106.941895 0.000000 4300.735352 0.000000 0.914367 0.000000 0.404886 0.400000 0.400000 0.400000
4142.078125 0.000000 4325.299316 0.000000 0.123065 0.000000 -0.992399 0.400000 0.400000 0.400000
4156.733398 0.000000 4316.637207 0.000000 0.452906 0.000000 -0.891558 0.400000 0.400000 0.400000
4099.275391 0.000000 4310.018555 0.000000 0.973345 0.000000 0.229347 0.400000 0.400000 0.400000
4112.321777 0.000000 4305.264160 0.000000 0.890621 0.000000 -0.454747 0.400000 0.400000 0.400000
4110.279297 0.000000 4330.312500 0.000000 0.119770 0.000000 -0.992802 0.400000 0.400000 0.400000
4151.041504 0.000000 4318.042480 0.000000 0.929292 0.000000 0.369345 0.400000 0.400000 0.400000
4113.036621 0.000000 4310.827148 0.000000 0.993521 0.000000 -0.113650 0.400000 0.400000 0.400000
4114.710938 0.000000 4327.242188 0.000000 0.989684 0.000000 0.143267 0.400000 0.400000 0.400000
4108.345703 0.000000 4319.039551 0.000000 0.988838 0.000000 -0.148995 0.400000 0.400000 0.400000
4153.847168 0.000000 4302.679199 0.000000 0.948229 0.000000 0.317586 0.400000 0.400000 0.400000
4120.797852 0.000000 4332.707520 0.000000 0.999335 0.000000 -0.036457 0.400000 0.400000 0.400000
4096.487793 0.000000 4307.124023 0.000000 0.084191 0.000000 0.996450 0.400000 0.400000 0.400000
4143.160156 0.000000 4329.179199 0.000000 0.998458 0.000000 0.055508 0.400000 0.400000 0.400000
4151.871094 0.000000 4299.155762 0.000000 0.847610 0.000000 0.530621 0.400000 0.400000 0.400000
4157.580078 0.000000 4342.623047 0.000000 0.175793 0.000000 0.984427 0.400000 0.400000 0.400000
4110.296387 0.000000 4308.325684 0.000000 0.650555 0.000000 -0.759459 0.400000 0.400000 0.400000
4154.543945 0.000000 4341.653809 0.000000 0.763579 0.000000 -0.645715 0.400000 0.400000 0.400000
4154.068848 0.000000 4318.165039 0.000000 0.050700 0.000000 -0.998714 0.400000 0.400000 0.400000
4096.502930 0.000000 4309.972656 0.000000 0.281178 0.000000 -0.959656 0.400000 0.400000 0.400000
4180.458496 0.000000 4342.635742 0.000000 0.995739 0.000000 -0.092216 0.400000 0.400000 0.400000
4172.723633 0.000000 4323.883301 0.000000 0.035675 0.000000 0.999363 0.400000 0.400000 0.400000
4182.768555 0.000000 4310.904785 0.000000 0.984228 0.000000 0.176903 0.400000 0.400000 0.400000
4206.070801 0.000000 4325.299316 0.000000 0.558967 0.000000 -0.829190 0.400000 0.400000 0.400000
4200.923340 0.000000 4342.616699 0.000000 0.974471 0.000000 -0.224515 0.400000 0.400000 0.400000
4220.726074 0.000000 4316.637207 0.000000 0.999336 0.000000 0.036436 0.400000 0.400000 0.400000
4163.268066 0.000000 4310.018555 0.000000 0.579260 0.000000 0.815143 0.400000 0.400000 0.400000
4168.448242 0.000000 4316.752441 0.000000 0.311886 0.000000 0.950120 0.400000 0.400000 0.400000
4179.322754 0.000000 4322.288086 0.000000 0.096009 0.000000 0.995381 0.400000 0.400000 0.400000
4185.260254 0.000000 4304.601562 0.000000 0.099234 0.000000 0.995064 0.400000 0.400000 0.400000
4185.169922 0.000000 4337.560059 0.000000 0.984883 0.000000 -0.173223 0.400000 0.400000 0.400000
4221.976074 0.000000 4323.025879 0.000000 0.599587 0.000000 -0.800310 0.400000 0.400000 0.400000
4176.558594 0.000000 4337.400879 0.000000 0.732377 0.000000 -0.680900 0.400000 0.400000 0.400000
4166.312988 0.000000 4342.801270 0.000000 0.159231 0.000000 0.987241 0.400000 0.400000 0.400000
4187.760254 0.000000 4299.159668 0.000000 0.443111 0.000000 -0.896467 0.400000 0.400000 0.400000
4205.294434 0.000000 4320.503418 0.000000 0.321616 0.000000 -0.946870 0.400000 0.400000 0.400000
4180.823242 0.000000 4306.697266 0.000000 0.749355 0.000000 0.662168 0.400000 0.400000 0.400000
4164.567871 0.000000 4314.290527 0.000000 0.949865 0.000000 -0.312660 0.400000 0.400000 0.400000
4171.912109 0.000000 4313.969727 0.000000 0.205619 0.000000 0.978632 0.400000 0.400000 0.400000
4180.867188 0.000000 4337.112793 0.000000 0.999476 0.000000 -0.032369 0.400000 0.400000 0.400000
4218.246582 0.000000 4320.924316 0.000000 0.484946 0.000000 -0.874544 0.400000 0.400000 0.400000
4166.806152 0.000000 4338.653809 0.000000 0.142561 0.000000 0.989786 0.400000 0.400000 0.400000
4183.713867 0.000000 4345.224609 0.000000 0.112061 0.000000 0.993701 0.400000 0.400000 0.400000
4183.892090 0.000000 4300.815918 0.000000 0.937474 0.000000 0.348055 0.400000 0.400000 0.400000
4183.412598 0.000000 4320.295898 0.000000 0.172411 0.000000 -0.985025 0.400000 0.400000 0.400000
4167.144043 0.000000 4311.054688 0.000000 0.930845 0.000000 0.365413 0.400000 0.400000 0.400000
4169.599121 0.000000 4340.817383 0.000000 0.145167 0.000000 0.989407 0.400000 0.400000 0.400000
4176.363281 0.000000 4324.492188 0.000000 0.728548 0.000000 0.684994 0.400000 0.400000 0.400000
4201.600586 0.000000 4345.729980 0.000000 0.027968 0.000000 0.999609 0.400000 0.400000 0.400000
4160.569336 0.000000 4299.938965 0.000000 0.851379 0.000000 -0.524552 0.400000 0.400000 0.400000
4179.202148 0.000000 4339.738770 0.000000 0.962298 0.000000 -0.271997 0.400000 0.400000 0.400000
4179.785645 0.000000 4309.640625 0.000000 0.507426 0.000000 0.861695 0.400000 0.400000 0.400000
4168.627441 0.000000 4313.761230 0.000000 0.952124 0.000000 -0.305711 0.400000 0.400000 0.400000
4179.365723 0.000000 4334.565918 0.000000 0.995088 0.000000 -0.098990 0.400000 0.400000 0.400000
4182.045410 0.000000 4339.779785 0.000000 0.156924 0.000000 -0.987611 0.400000 0.400000 0.400000
4182.440430 0.000000 4304.302246 0.000000 0.891497 0.000000 0.453027 0.400000 0.400000 0.400000
4226.420898 0.000000 4290.867676 0.000000 0.008648 0.000000 0.999963 0.400000 0.400000 0.400000
4236.666504 0.000000 4295.892578 0.000000 0.334054 0.000000 0.942554 0.400000 0.400000 0.400000
4223.487793 0.000000 4294.166504 0.000000 0.943539 0.000000 0.331263 0.400000 0.400000 0.400000
4240.591797 0.000000 4294.258789 0.000000 0.222427 0.000000 0.974949 0.400000 0.400000 0.400000
4241.289062 0.000000 4297.461914 0.000000 0.998655 0.000000 0.051842 0.400000 0.400000 0.400000
4234.925293 0.000000 4309.740723 0.000000 0.734082 0.000000 -0.679060 0.400000 0.400000 0.400000
4269.479004 0.000000 4334.064453 0.000000 0.988886 0.000000 0.148678 0.400000 0.400000 0.400000
4243.744141 0.000000 4299.154297 0.000000 0.999140 0.000000 0.041461 0.400000 0.400000 0.400000
4255.975586 0.000000 4313.800293 0.000000 0.700963 0.000000 -0.713198 0.400000 0.400000 0.400000
4234.926758 0.000000 4300.735352 0.000000 0.163649 0.000000 0.986519 0.400000 0.400000 0.400000
4252.721680 0.000000 4331.867188 0.000000 0.791429 0.000000 0.611260 0.400000 0.400000 0.400000
4235.526367 0.000000 4305.343750 0.000000 0.995134 0.000000 0.098530 0.400000 0.400000 0.400000
4260.516602 0.000000 4317.439941 0.000000 0.829928 0.000000 -0.557871 0.400000 0.400000 0.400000
4240.638672 0.000000 4333.478027 0.000000 0.686167 0.000000 -0.727444 0.400000 0.400000 0.400000
4266.005371 0.000000 4333.142578 0.000000 0.556621 0.000000 0.830766 0.400000 0.400000 0.400000
4238.280762 0.000000 4308.325684 0.000000 0.584244 0.000000 0.811578 0.400000 0.400000 0.400000
4257.007324 0.000000 4317.454590 0.000000 0.866822 0.000000 0.498618 0.400000 0.400000 0.400000
4243.357910 0.000000 4334.565918 0.000000 0.758364 0.000000 -0.651832 0.400000 0.400000 0.400000
4571.017578 0.000000 4240.275391 0.000000 0.154573 0.000000 -0.987981 0.400000 0.400000 0.400000
4458.116699 0.000000 4282.266602 0.000000 0.480509 0.000000 0.876990 0.400000 0.400000 0.400000
4116.466309 0.000000 4389.877930 0.000000 0.621889 0.000000 0.783106 0.400000 0.400000 0.400000
4150.409668 0.000000 4358.235352 0.000000 0.929592 0.000000 -0.368590 0.400000 0.400000 0.400000
4141.494141 0.000000 4381.306641 0.000000 0.171019 0.000000 -0.985268 0.400000 0.400000 0.400000
4122.670898 0.000000 4369.940918 0.000000 0.930899 0.000000 -0.365277 0.400000 0.400000 0.400000
4136.898438 0.000000 4365.291016 0.000000 0.227991 0.000000 0.973663 0.400000 0.400000 0.400000
4108.730957 0.000000 4371.125488 0.000000 0.831971 0.000000 -0.554819 0.400000 0.400000 0.400000
4156.878418 0.000000 4346.484375 0.000000 0.983370 0.000000 0.181615 0.400000 0.400000 0.400000
4129.287109 0.000000 4386.283691 0.000000 0.852609 0.000000 0.522549 0.400000 0.400000 0.400000
4150.622559 0.000000 4371.378906 0.000000 0.393107 0.000000 0.919493 0.400000 0.400000 0.400000
4095.799316 0.000000 4350.335938 0.000000 0.588247 0.000000 0.808681 0.400000 0.400000 0.400000
4106.311523 0.000000 4383.168457 0.000000 0.548120 0.000000 -0.836400 0.400000 0.400000 0.400000
4118.776367 0.000000 4358.146973 0.000000 0.830572 0.000000 0.556911 0.400000 0.400000 0.400000
4132.488770 0.000000 4375.510254 0.000000 0.984429 0.000000 0.175782 0.400000 0.400000 0.400000
4116.695312 0.000000 4379.156250 0.000000 0.958525 0.000000 -0.285008 0.400000 0.400000 0.400000
4127.990723 0.000000 4361.042480 0.000000 0.037628 0.000000 0.999292 0.400000 0.400000 0.400000
4136.324219 0.000000 4355.684082 0.000000 0.859088 0.000000 -0.511827 0.400000 0.400000 0.400000
4142.078125 0.000000 4372.541504 0.000000 0.991686 0.000000 0.128680 0.400000 0.400000 0.400000
4112.099609 0.000000 4363.407227 0.000000 0.900655 0.000000 -0.434535 0.400000 0.400000 0.400000
4149.146484 0.000000 4349.552734 0.000000 0.284989 0.000000 -0.958531 0.400000 0.400000 0.400000
4156.733398 0.000000 4363.879395 0.000000 0.411281 0.000000 -0.911509 0.400000 0.400000 0.400000
4145.358398 0.000000 4364.643555 0.000000 0.449441 0.000000 -0.893310 0.400000 0.400000 0.400000
4124.736816 0.000000 4379.109375 0.000000 0.105432 0.000000 0.994427 0.400000 0.400000 0.400000
4101.180664 0.000000 4371.092773 0.000000 0.864945 0.000000 -0.501867 0.400000 0.400000 0.400000
4129.952148 0.000000 4368.229492 0.000000 0.129460 0.000000 -0.991585 0.400000 0.400000 0.400000
4143.890625 0.000000 4354.761230 0.000000 0.124695 0.000000 0.992195 0.400000 0.400000 0.400000
4123.670898 0.000000 4390.990234 0.000000 0.813787 0.000000 0.581163 0.400000 0.400000 0.400000
4155.982422 0.000000 4354.173828 0.000000 0.950177 0.000000 0.311709 0.400000 0.400000 0.400000
4156.284180 0.000000 4376.770020 0.000000 0.492829 0.000000 0.870126 0.400000 0.400000 0.400000
4115.330566 0.000000 4369.530273 0.000000 0.825939 0.000000 0.563759 0.400000 0.400000 0.400000
4134.772461 0.000000 4382.080566 0.000000 0.848725 0.000000 -0.528834 0.400000 0.400000 0.400000
4147.021973 0.000000 4377.220215 0.000000 0.995323 0.000000 -0.096603 0.400000 0.400000 0.400000
4121.177734 0.000000 4384.802246 0.000000 0.965943 0.000000 -0.258756 0.400000 0.400000 0.400000
4110.279297 0.000000 4377.554688 0.000000 0.097219 0.000000 -0.995263 0.400000 0.400000 0.400000
4103.355957 0.000000 4377.266113 0.000000 0.085392 0.000000 -0.996347 0.400000 0.400000 0.400000
4157.983398 0.000000 4370.268066 0.000000 0.714572 0.000000 0.699562 0.400000 0.400000 0.400000
4112.565918 0.000000 4384.643066 0.000000 0.995536 0.000000 -0.094378 0.400000 0.400000 0.400000
4121.714844 0.000000 4363.688965 0.000000 0.699996 0.000000 0.714147 0.400000 0.400000 0.400000
4140.681152 0.000000 4360.499512 0.000000 0.222172 0.000000 0.975007 0.400000 0.400000 0.400000
4151.041504 0.000000 4365.284668 0.000000 0.874810 0.000000 -0.484467 0.400000 0.400000 0.400000
4125.175781 0.000000 4356.121094 0.000000 0.365835 0.000000 0.930680 0.400000 0.400000 0.400000
4135.917969 0.000000 4370.926270 0.000000 0.010729 0.000000 0.999942 0.400000 0.400000 0.400000
4138.155762 0.000000 4376.750977 0.000000 0.935258 0.000000 -0.353966 0.400000 0.400000 0.400000
4127.244141 0.000000 4373.063477 0.000000 0.655002 0.000000 -0.755627 0.400000 0.400000 0.400000
4120.855469 0.000000 4375.183105 0.000000 0.689830 0.000000 -0.723971 0.400000 0.400000 0.400000
4129.436035 0.000000 4391.770020 0.000000 0.320528 0.000000 -0.947239 0.400000 0.400000 0.400000
4159.272461 0.000000 4358.608398 0.000000 0.983373 0.000000 -0.181600 0.400000 0.400000 0.400000
4133.736328 0.000000 4360.590332 0.000000 0.399471 0.000000 0.916746 0.400000 0.400000 0.400000
4130.636719 0.000000 4355.972656 0.000000 0.946497 0.000000 0.322712 0.400000 0.400000 0.400000
4129.882324 0.000000 4380.354004 0.000000 0.633152 0.000000 0.774028 0.400000 0.400000 0.400000
4096.517578 0.000000 4369.202637 0.000000 0.710616 0.000000 0.703580 0.400000 0.400000 0.400000
4139.661621 0.000000 4351.998535 0.000000 0.772162 0.000000 0.635425 0.400000 0.400000 0.400000
4114.710938 0.000000 4374.484375 0.000000 0.990991 0.000000 -0.133928 0.400000 0.400000 0.400000
4145.671875 0.000000 4359.261230 0.000000 0.888969 0.000000 -0.457968 0.400000 0.400000 0.400000
4141.301758 0.000000 4367.745605 0.000000 0.994444 0.000000 0.105266 0.400000 0.400000 0.400000
4117.060547 0.000000 4364.179199 0.000000 0.821331 0.000000 -0.570451 0.400000 0.400000 0.400000
4146.109863 0.000000 4369.776367 0.000000 0.599593 0.000000 0.800305 0.400000 0.400000 0.400000
4151.191406 0.000000 4353.682129 0.000000 0.169144 0.000000 0.985591 0.400000 0.400000 0.400000
4151.794922 0.000000 4377.747070 0.000000 0.917558 0.000000 0.397601 0.400000 0.400000 0.400000
4125.797852 0.000000 4365.967285 0.000000 0.841739 0.000000 0.539884 0.400000 0.400000 0.400000
4108.345703 0.000000 4366.281738 0.000000 0.027150 0.000000 -0.999631 0.400000 0.400000 0.400000
4154.726074 0.000000 4359.479980 0.000000 0.769294 0.000000 0.638895 0.400000 0.400000 0.400000
4125.635254 0.000000 4383.591797 0.000000 0.368713 0.000000 0.929543 0.400000 0.400000 0.400000
4153.847168 0.000000 4349.921387 0.000000 0.854846 0.000000 0.518882 0.400000 0.400000 0.400000
4100.718262 0.000000 4366.634277 0.000000 0.778975 0.000000 0.627055 0.400000 0.400000 0.400000
4133.728027 0.000000 4386.733887 0.000000 0.290890 0.000000 0.956757 0.400000 0.400000 0.400000
4116.874512 0.000000 4384.354980 0.000000 0.962020 0.000000 0.272979 0.400000 0.400000 0.400000
4143.863770 0.000000 4350.475586 0.000000 0.998919 0.000000 0.046494 0.400000 0.400000 0.400000
4102.813965 0.000000 4385.895996 0.000000 0.926338 0.000000 0.376693 0.400000 0.400000 0.400000
4123.752441 0.000000 4359.962891 0.000000 0.156690 0.000000 -0.987648 0.400000 0.400000 0.400000
4119.721680 0.000000 4392.466797 0.000000 0.381789 0.000000 0.924250 0.400000 0.400000 0.400000
4137.475586 0.000000 4385.389160 0.000000 0.623092 0.000000 0.782149 0.400000 0.400000 0.400000
4154.333008 0.000000 4372.983887 0.000000 0.667617 0.000000 -0.744505 0.400000 0.400000 0.400000
4112.607422 0.000000 4388.743164 0.000000 0.988295 0.000000 0.152552 0.400000 0.400000 0.400000
4120.797852 0.000000 4379.949707 0.000000 0.997520 0.000000 0.070380 0.400000 0.400000 0.400000
4119.419922 0.000000 4367.538086 0.000000 0.605461 0.000000 0.795875 0.400000 0.400000 0.400000
4148.947754 0.000000 4361.979004 0.000000 0.996993 0.000000 0.077485 0.400000 0.400000 0.400000
4108.829590 0.000000 4386.145020 0.000000 0.080049 0.000000 -0.996791 0.400000 0.400000 0.400000
4143.160156 0.000000 4376.421387 0.000000 0.939752 0.000000 0.341857 0.400000 0.400000 0.400000
4118.815430 0.000000 4371.803711 0.000000 0.527888 0.000000 -0.849314 0.400000 0.400000 0.400000
4125.763672 0.000000 4387.765137 0.000000 0.207079 0.000000 -0.978324 0.400000 0.400000 0.400000
4128.135254 0.000000 4376.958496 0.000000 0.978076 0.000000 0.208249 0.400000 0.400000 0.400000
4147.620117 0.000000 4355.620605 0.000000 0.413232 0.000000 0.910626 0.400000 0.400000 0.400000
4111.840332 0.000000 4367.916504 0.000000 0.823484 0.000000 -0.567339 0.400000 0.400000 0.400000
4120.429199 0.000000 4388.585449 0.000000 0.943736 0.000000 -0.330701 0.400000 0.400000 0.400000
4130.992676 0.000000 4371.942383 0.000000 0.413527 0.000000 -0.910492 0.400000 0.400000 0.400000
4146.043945 0.000000 4373.522949 0.000000 0.645964 0.000000 -0.763368 0.400000 0.400000 0.400000
4103.116699 0.000000 4381.351562 0.000000 0.999767 0.000000 0.021573 0.400000 0.400000 0.400000
4137.146484 0.000000 4359.230469 0.000000 0.823983 0.000000 -0.566615 0.400000 0.400000 0.400000
4099.270020 0.000000 4349.029297 0.000000 0.706926 0.000000 0.707287 0.400000 0.400000 0.400000
4126.487793 0.000000 4369.515137 0.000000 0.243225 0.000000 0.969970 0.400000 0.400000 0.400000
4134.614258 0.000000 4378.415039 0.000000 0.272239 0.000000 0.962230 0.400000 0.400000 0.400000
4112.370605 0.000000 4371.734375 0.000000 0.765860 0.000000 0.643008 0.400000 0.400000 0.400000
4149.632324 0.000000 4374.761230 0.000000 0.541299 0.000000 0.840830 0.400000 0.400000 0.400000
4129.022949 0.000000 4364.696777 0.000000 0.566880 0.000000 -0.823801 0.400000 0.400000 0.400000
4131.375977 0.000000 4383.497559 0.000000 0.077649 0.000000 0.996981 0.400000 0.400000 0.400000
4108.037598 0.000000 4374.455078 0.000000 0.982721 0.000000 0.185094 0.400000 0.400000 0.400000
4109.664551 0.000000 4382.515625 0.000000 0.532292 0.000000 0.846561 0.400000 0.400000 0.400000
4138.362793 0.000000 4373.265137 0.000000 0.955307 0.000000 0.295614 0.400000 0.400000 0.400000
4146.762695 0.000000 4352.205566 0.000000 0.186623 0.000000 0.982432 0.400000 0.400000 0.400000
4149.330566 0.000000 4368.220215 0.000000 0.506149 0.000000 0.862446 0.400000 0.400000 0.400000
4119.163574 0.000000 4361.520996 0.000000 0.915517 0.000000 -0.402279 0.400000 0.400000 0.400000
4153.413574 0.000000 4356.232910 0.000000 0.490175 0.000000 0.871624 0.400000 0.400000 0.400000
4133.532715 0.000000 4357.305664 0.000000 0.695346 0.000000 -0.718675 0.400000 0.400000 0.400000
4114.722168 0.000000 4366.402344 0.000000 0.995332 0.000000 0.096515 0.400000 0.400000 0.400000
4117.758301 0.000000 4376.000000 0.000000 0.380815 0.000000 -0.924651 0.400000 0.400000 0.400000
4139.004883 0.000000 4370.100098 0.000000 0.578774 0.000000 -0.815488 0.400000 0.400000 0.400000
4113.498535 0.000000 4377.542480 0.000000 0.852993 0.000000 0.521922 0.400000 0.400000 0.400000
4131.389160 0.000000 4388.811523 0.000000 0.025669 0.000000 -0.999671 0.400000 0.400000 0.400000
4143.442383 0.000000 4361.980957 0.000000 0.670805 0.000000 -0.741633 0.400000 0.400000 0.400000
4130.682617 0.000000 4359.327148 0.000000 0.403288 0.000000 -0.915073 0.400000 0.400000 0.400000
4125.342285 0.000000 4362.876465 0.000000 0.401686 0.000000 -0.915777 0.400000 0.400000 0.400000
4100.878906 0.000000 4383.437988 0.000000 0.815468 0.000000 -0.578803 0.400000 0.400000 0.400000
4115.209473 0.000000 4386.980957 0.000000 0.904786 0.000000 -0.425867 0.400000 0.400000 0.400000
4111.681152 0.000000 4374.654297 0.000000 0.888599 0.000000 0.458686 0.400000 0.400000 0.400000
4128.368652 0.000000 4389.034668 0.000000 0.318140 0.000000 0.948044 0.400000 0.400000 0.400000
4109.314941 0.000000 4393.212402 0.000000 0.071508 0.000000 0.997440 0.400000 0.400000 0.400000
4118.356445 0.000000 4381.628418 0.000000 0.291541 0.000000 -0.956558 0.400000 0.400000 0.400000
4127.024414 0.000000 4381.019043 0.000000 0.515443 0.000000 0.856924 0.400000 0.400000 0.400000
4115.373535 0.000000 4381.808105 0.000000 0.545008 0.000000 -0.838431 0.400000 0.400000 0.400000
4130.917480 0.000000 4362.336426 0.000000 0.240670 0.000000 0.970607 0.400000 0.400000 0.400000
4118.052734 0.000000 4387.021973 0.000000 0.267000 0.000000 -0.963697 0.400000 0.400000 0.400000
4144.223145 0.000000 4367.611816 0.000000 0.688797 0.000000 -0.724954 0.400000 0.400000 0.400000
4100.304688 0.000000 4377.773926 0.000000 0.677191 0.000000 0.735807 0.400000 0.400000 0.400000
4122.865723 0.000000 4387.265625 0.000000 0.749820 0.000000 -0.661641 0.400000 0.400000 0.400000
4129.730957 0.000000 4374.668945 0.000000 0.833000 0.000000 -0.553273 0.400000 0.400000 0.400000
4140.620605 0.000000 4375.330078 0.000000 0.952011 0.000000 0.306063 0.400000 0.400000 0.400000
4128.590820 0.000000 4383.574707 0.000000 0.684434 0.000000 0.729075 0.400000 0.400000 0.400000
4130.942871 0.000000 4377.857422 0.000000 0.999828 0.000000 -0.018555 0.400000 0.400000 0.400000
4132.572754 0.000000 4380.409180 0.000000 0.995548 0.000000 -0.094252 0.400000 0.400000 0.400000
4115.816895 0.000000 4372.122559 0.000000 0.675947 0.000000 -0.736950 0.400000 0.400000 0.400000
4148.075684 0.000000 4371.727539 0.000000 0.654179 0.000000 0.756340 0.400000 0.400000 0.400000
4119.507324 0.000000 4364.888672 0.000000 0.967027 0.000000 0.254675 0.400000 0.400000 0.400000
4128.711426 0.000000 4370.850586 0.000000 0.517379 0.000000 0.855756 0.400000 0.400000 0.400000
4137.116699 0.000000 4382.793457 0.000000 0.684797 0.000000 -0.728734 0.400000 0.400000 0.400000
4119.873535 0.000000 4377.615234 0.000000 0.989482 0.000000 -0.144660 0.400000 0.400000 0.400000
4135.028320 0.000000 4384.569336 0.000000 0.981957 0.000000 -0.189102 0.400000 0.400000 0.400000
4151.834473 0.000000 4368.623047 0.000000 0.998690 0.000000 -0.051168 0.400000 0.400000 0.400000
4146.748047 0.000000 4367.427246 0.000000 0.029018 0.000000 -0.999579 0.400000 0.400000 0.400000
4170.933105 0.000000 4356.982910 0.000000 0.630433 0.000000 0.776243 0.400000 0.400000 0.400000
4159.861328 0.000000 4376.639160 0.000000 0.444684 0.000000 0.895687 0.400000 0.400000 0.400000
4172.723633 0.000000 4371.125488 0.000000 0.774014 0.000000 0.633169 0.400000 0.400000 0.400000
4179.751953 0.000000 4346.396484 0.000000 0.840858 0.000000 -0.541256 0.400000 0.400000 0.400000
4160.771484 0.000000 4364.116699 0.000000 0.722740 0.000000 -0.691120 0.400000 0.400000 0.400000
4176.092285 0.000000 4363.407227 0.000000 0.992790 0.000000 -0.119868 0.400000 0.400000 0.400000
4163.268066 0.000000 4357.260742 0.000000 0.394878 0.000000 0.918734 0.400000 0.400000 0.400000
4168.448242 0.000000 4363.994629 0.000000 0.730930 0.000000 0.682452 0.400000 0.400000 0.400000
4179.322754 0.000000 4369.530273 0.000000 0.736741 0.000000 -0.676175 0.400000 0.400000 0.400000
4198.205078 0.000000 4347.168945 0.000000 0.919377 0.000000 -0.393377 0.400000 0.400000 0.400000
4167.348633 0.000000 4377.266113 0.000000 0.070369 0.000000 0.997521 0.400000 0.400000 0.400000
4185.707031 0.000000 4363.688965 0.000000 0.438471 0.000000 -0.898745 0.400000 0.400000 0.400000
4177.029297 0.000000 4358.069336 0.000000 0.604442 0.000000 -0.796649 0.400000 0.400000 0.400000
4160.510254 0.000000 4369.202637 0.000000 0.120010 0.000000 0.992773 0.400000 0.400000 0.400000
4181.052734 0.000000 4364.179199 0.000000 0.985074 0.000000 -0.172130 0.400000 0.400000 0.400000
4172.338379 0.000000 4366.281738 0.000000 0.816645 0.000000 0.577140 0.400000 0.400000 0.400000
4164.567871 0.000000 4361.532715 0.000000 0.788351 0.000000 0.615226 0.400000 0.400000 0.400000
4164.710938 0.000000 4366.634277 0.000000 0.052381 0.000000 -0.998627 0.400000 0.400000 0.400000
4171.912109 0.000000 4361.211914 0.000000 0.634324 0.000000 0.773067 0.400000 0.400000 0.400000
4159.791992 0.000000 4359.895020 0.000000 0.529999 0.000000 -0.847998 0.400000 0.400000 0.400000
4168.692383 0.000000 4368.757812 0.000000 0.389775 0.000000 -0.920910 0.400000 0.400000 0.400000
4168.845703 0.000000 4373.228516 0.000000 0.955948 0.000000 0.293535 0.400000 0.400000 0.400000
4163.716309 0.000000 4375.015137 0.000000 0.747364 0.000000 -0.664415 0.400000 0.400000 0.400000
4167.144043 0.000000 4358.296875 0.000000 0.877439 0.000000 0.479688 0.400000 0.400000 0.400000
4160.479980 0.000000 4354.366211 0.000000 0.988200 0.000000 -0.153169 0.400000 0.400000 0.400000
4175.833008 0.000000 4367.916504 0.000000 0.793301 0.000000 -0.608830 0.400000 0.400000 0.400000
4179.743164 0.000000 4360.689453 0.000000 0.993763 0.000000 0.111513 0.400000 0.400000 0.400000
4173.687012 0.000000 4358.582031 0.000000 0.995742 0.000000 0.092186 0.400000 0.400000 0.400000
4168.627441 0.000000 4361.003418 0.000000 0.858425 0.000000 0.512939 0.400000 0.400000 0.400000
4175.834961 0.000000 4360.524414 0.000000 0.574234 0.000000 -0.818691 0.400000 0.400000 0.400000
4173.113281 0.000000 4363.664062 0.000000 0.985490 0.000000 -0.169736 0.400000 0.400000 0.400000
4166.048828 0.000000 4373.682617 0.000000 0.946735 0.000000 -0.322013 0.400000 0.400000 0.400000
4162.573730 0.000000 4370.942871 0.000000 0.999859 0.000000 0.016797 0.400000 0.400000 0.400000
4165.997070 0.000000 4363.549316 0.000000 0.905564 0.000000 -0.424210 0.400000 0.400000 0.400000
4116.466309 0.000000 4437.120117 0.000000 0.596452 0.000000 0.802649 0.400000 0.400000 0.400000
4106.940430 0.000000 4404.225098 0.000000 0.833605 0.000000 0.552362 0.400000 0.400000 0.400000
4141.494141 0.000000 4428.548828 0.000000 0.766988 0.000000 0.641662 0.400000 0.400000 0.400000
4122.670898 0.000000 4417.183105 0.000000 0.498417 0.000000 0.866938 0.400000 0.400000 0.400000
4154.557129 0.000000 4439.401855 0.000000 0.621877 0.000000 -0.783115 0.400000 0.400000 0.400000
4136.898438 0.000000 4412.533203 0.000000 0.538101 0.000000 -0.842880 0.400000 0.400000 0.400000
4129.287109 0.000000 4433.525879 0.000000 0.998666 0.000000 0.051628 0.400000 0.400000 0.400000
4150.622559 0.000000 4418.621094 0.000000 0.260127 0.000000 -0.965574 0.400000 0.400000 0.400000
4115.759766 0.000000 4393.638672 0.000000 0.691537 0.000000 -0.722341 0.400000 0.400000 0.400000
4095.799316 0.000000 4397.578125 0.000000 0.829033 0.000000 -0.559200 0.400000 0.400000 0.400000
4096.778809 0.000000 4411.358887 0.000000 0.207950 0.000000 0.978140 0.400000 0.400000 0.400000
4132.488770 0.000000 4422.752441 0.000000 0.299293 0.000000 0.954161 0.400000 0.400000 0.400000
4151.685547 0.000000 4429.716797 0.000000 0.978174 0.000000 -0.207789 0.400000 0.400000 0.400000
4127.990723 0.000000 4408.284668 0.000000 0.940895 0.000000 0.338699 0.400000 0.400000 0.400000
4106.941895 0.000000 4395.219727 0.000000 0.130838 0.000000 -0.991404 0.400000 0.400000 0.400000
4142.078125 0.000000 4419.783691 0.000000 0.981011 0.000000 -0.193952 0.400000 0.400000 0.400000
4136.931152 0.000000 4437.101074 0.000000 0.224704 0.000000 0.974427 0.400000 0.400000 0.400000
4149.146484 0.000000 4396.794922 0.000000 0.999425 0.000000 -0.033895 0.400000 0.400000 0.400000
4156.733398 0.000000 4411.121582 0.000000 0.432499 0.000000 0.901634 0.400000 0.400000 0.400000
4145.743164 0.000000 4437.560547 0.000000 0.389933 0.000000 -0.920843 0.400000 0.400000 0.400000
4098.436523 0.000000 4432.594238 0.000000 0.384703 0.000000 -0.923041 0.400000 0.400000 0.400000
4124.736816 0.000000 4426.351562 0.000000 0.236389 0.000000 -0.971658 0.400000 0.400000 0.400000
4101.180664 0.000000 4418.334961 0.000000 0.930157 0.000000 -0.367161 0.400000 0.400000 0.400000
4143.890625 0.000000 4402.003418 0.000000 0.786493 0.000000 0.617599 0.400000 0.400000 0.400000
4104.455566 0.000000 4411.236816 0.000000 0.651074 0.000000 -0.759014 0.400000 0.400000 0.400000
4155.982422 0.000000 4401.416016 0.000000 0.982451 0.000000 -0.186523 0.400000 0.400000 0.400000
4156.284180 0.000000 4424.012207 0.000000 0.983369 0.000000 -0.181621 0.400000 0.400000 0.400000
4115.330566 0.000000 4416.772461 0.000000 0.973886 0.000000 -0.227037 0.400000 0.400000 0.400000
4134.772461 0.000000 4429.322754 0.000000 0.465471 0.000000 -0.885063 0.400000 0.400000 0.400000
4147.021973 0.000000 4424.462402 0.000000 0.998443 0.000000 -0.055783 0.400000 0.400000 0.400000
4121.177734 0.000000 4432.044434 0.000000 0.535044 0.000000 -0.844824 0.400000 0.400000 0.400000
4110.279297 0.000000 4424.796875 0.000000 0.239822 0.000000 0.970817 0.400000 0.400000 0.400000
4103.355957 0.000000 4424.508301 0.000000 0.083076 0.000000 -0.996543 0.400000 0.400000 0.400000
4157.983398 0.000000 4417.510254 0.000000 0.069255 0.000000 0.997599 0.400000 0.400000 0.400000
4121.714844 0.000000 4410.931152 0.000000 0.999488 0.000000 -0.031987 0.400000 0.400000 0.400000
4140.681152 0.000000 4407.741699 0.000000 0.417754 0.000000 0.908560 0.400000 0.400000 0.400000
4156.432129 0.000000 4433.475586 0.000000 0.168604 0.000000 0.985684 0.400000 0.400000 0.400000
4123.768066 0.000000 4393.644043 0.000000 0.961340 0.000000 -0.275363 0.400000 0.400000 0.400000
4151.041504 0.000000 4412.526855 0.000000 0.685932 0.000000 -0.727666 0.400000 0.400000 0.400000
4125.175781 0.000000 4403.363281 0.000000 0.778164 0.000000 0.628062 0.400000 0.400000 0.400000
4146.417480 0.000000 4431.975586 0.000000 0.000831 0.000000 1.000000 0.400000 0.400000 0.400000
4150.985352 0.000000 4435.144531 0.000000 0.999996 0.000000 0.002849 0.400000 0.400000 0.400000
4129.436035 0.000000 4439.012207 0.000000 0.985985 0.000000 -0.166831 0.400000 0.400000 0.400000
4141.368652 0.000000 4434.044434 0.000000 0.190567 0.000000 0.981674 0.400000 0.400000 0.400000
4129.882324 0.000000 4427.596191 0.000000 0.734952 0.000000 -0.678119 0.400000 0.400000 0.400000
4159.020020 0.000000 4428.775391 0.000000 0.646446 0.000000 -0.762960 0.400000 0.400000 0.400000
4139.661621 0.000000 4399.240723 0.000000 0.233605 0.000000 0.972332 0.400000 0.400000 0.400000
4141.301758 0.000000 4414.987793 0.000000 0.450757 0.000000 -0.892647 0.400000 0.400000 0.400000
4132.951172 0.000000 4399.038574 0.000000 0.981352 0.000000 0.192219 0.400000 0.400000 0.400000
4117.060547 0.000000 4411.421387 0.000000 0.961013 0.000000 -0.276502 0.400000 0.400000 0.400000
4146.109863 0.000000 4417.018555 0.000000 0.888464 0.000000 -0.458946 0.400000 0.400000 0.400000
4151.191406 0.000000 4400.924316 0.000000 0.406592 0.000000 0.913610 0.400000 0.400000 0.400000
4116.830566 0.000000 4401.181641 0.000000 0.997970 0.000000 -0.063678 0.400000 0.400000 0.400000
4111.474121 0.000000 4395.250977 0.000000 0.043739 0.000000 -0.999043 0.400000 0.400000 0.400000
4125.635254 0.000000 4430.833984 0.000000 0.999386 0.000000 -0.035032 0.400000 0.400000 0.400000
4153.847168 0.000000 4397.163574 0.000000 0.712718 0.000000 0.701450 0.400000 0.400000 0.400000
4100.575684 0.000000 4408.774902 0.000000 0.857114 0.000000 -0.515126 0.400000 0.400000 0.400000
4095.503174 0.000000 4435.893066 0.000000 0.579130 0.000000 0.815235 0.400000 0.400000 0.400000
4107.541504 0.000000 4399.828125 0.000000 0.080597 0.000000 0.996747 0.400000 0.400000 0.400000
4150.268066 0.000000 4440.096680 0.000000 0.752437 0.000000 -0.658664 0.400000 0.400000 0.400000
4116.874512 0.000000 4431.597168 0.000000 0.981699 0.000000 0.190440 0.400000 0.400000 0.400000
4095.799316 0.000000 4407.137207 0.000000 0.226202 0.000000 -0.974081 0.400000 0.400000 0.400000
4154.253906 0.000000 4415.408691 0.000000 0.991979 0.000000 0.126401 0.400000 0.400000 0.400000
4104.853027 0.000000 4420.470703 0.000000 0.096178 0.000000 0.995364 0.400000 0.400000 0.400000
4119.721680 0.000000 4439.708984 0.000000 0.476104 0.000000 0.879389 0.400000 0.400000 0.400000
4119.899902 0.000000 4395.300293 0.000000 0.663560 0.000000 -0.748123 0.400000 0.400000 0.400000
4154.333008 0.000000 4420.226074 0.000000 0.927161 0.000000 0.374663 0.400000 0.400000 0.400000
4120.797852 0.000000 4427.191895 0.000000 0.999988 0.000000 0.004835 0.400000 0.400000 0.400000
4119.419922 0.000000 4414.780273 0.000000 0.853205 0.000000 -0.521575 0.400000 0.400000 0.400000
4096.487793 0.000000 4401.608398 0.000000 0.985412 0.000000 0.170187 0.400000 0.400000 0.400000
4142.003418 0.000000 4438.813965 0.000000 0.854044 0.000000 -0.520200 0.400000 0.400000 0.400000
4133.334961 0.000000 4438.707520 0.000000 0.989326 0.000000 -0.145721 0.400000 0.400000 0.400000
4118.815430 0.000000 4419.045898 0.000000 0.070276 0.000000 0.997528 0.400000 0.400000 0.400000
4148.002441 0.000000 4428.322266 0.000000 0.993436 0.000000 -0.114391 0.400000 0.400000 0.400000
4147.620117 0.000000 4402.862793 0.000000 0.770650 0.000000 0.637259 0.400000 0.400000 0.400000
4140.125488 0.000000 4403.916504 0.000000 0.847474 0.000000 -0.530837 0.400000 0.400000 0.400000
4146.043945 0.000000 4420.765137 0.000000 0.475503 0.000000 0.879714 0.400000 0.400000 0.400000
4157.580078 0.000000 4437.107422 0.000000 0.233202 0.000000 0.972428 0.400000 0.400000 0.400000
4134.614258 0.000000 4425.657227 0.000000 0.134938 0.000000 0.990854 0.400000 0.400000 0.400000
4149.632324 0.000000 4422.003418 0.000000 0.204072 0.000000 0.978956 0.400000 0.400000 0.400000
4131.375977 0.000000 4430.739746 0.000000 0.329757 0.000000 -0.944066 0.400000 0.400000 0.400000
4144.733887 0.000000 4427.253906 0.000000 0.385136 0.000000 -0.922860 0.400000 0.400000 0.400000
4099.140625 0.000000 4435.916504 0.000000 0.970010 0.000000 -0.243065 0.400000 0.400000 0.400000
4096.559570 0.000000 4429.832031 0.000000 0.987164 0.000000 -0.159708 0.400000 0.400000 0.400000
4158.161621 0.000000 4414.114746 0.000000 0.071032 0.000000 -0.997474 0.400000 0.400000 0.400000
4154.543945 0.000000 4436.138184 0.000000 0.778873 0.000000 0.627181 0.400000 0.400000 0.400000
4139.004883 0.000000 4417.342285 0.000000 0.120367 0.000000 -0.992729 0.400000 0.400000 0.400000
4149.635742 0.000000 4432.323730 0.000000 0.510653 0.000000 0.859787 0.400000 0.400000 0.400000
4147.564941 0.000000 4435.006836 0.000000 0.390486 0.000000 -0.920609 0.400000 0.400000 0.400000
4127.876465 0.000000 4405.151367 0.000000 0.710067 0.000000 -0.704134 0.400000 0.400000 0.400000
4109.441895 0.000000 4397.453125 0.000000 0.998222 0.000000 -0.059600 0.400000 0.400000 0.400000
4143.138184 0.000000 4404.926758 0.000000 0.882272 0.000000 0.470739 0.400000 0.400000 0.400000
4156.606934 0.000000 4430.561035 0.000000 0.463741 0.000000 0.885971 0.400000 0.400000 0.400000
4148.833008 0.000000 4437.594238 0.000000 0.879821 0.000000 0.475305 0.400000 0.400000 0.400000
4152.140137 0.000000 4437.801270 0.000000 0.386803 0.000000 -0.922162 0.400000 0.400000 0.400000
4130.118164 0.000000 4399.747559 0.000000 0.933015 0.000000 0.359838 0.400000 0.400000 0.400000
4118.052734 0.000000 4434.264160 0.000000 0.212568 0.000000 -0.977146 0.400000 0.400000 0.400000
4154.068848 0.000000 4412.649414 0.000000 0.367116 0.000000 0.930175 0.400000 0.400000 0.400000
4158.929688 0.000000 4432.218262 0.000000 0.961844 0.000000 -0.273600 0.400000 0.400000 0.400000
4126.510254 0.000000 4394.305664 0.000000 0.127187 0.000000 0.991879 0.400000 0.400000 0.400000
4106.462891 0.000000 4423.960449 0.000000 0.368946 0.000000 0.929451 0.400000 0.400000 0.400000
4132.572754 0.000000 4427.651367 0.000000 0.977307 0.000000 -0.211827 0.400000 0.400000 0.400000
4153.406250 0.000000 4417.840820 0.000000 0.949381 0.000000 0.314127 0.400000 0.400000 0.400000
4119.507324 0.000000 4412.130859 0.000000 0.950656 0.000000 -0.310247 0.400000 0.400000 0.400000
4134.474609 0.000000 4436.365723 0.000000 0.135247 0.000000 -0.990812 0.400000 0.400000 0.400000
4109.217285 0.000000 4394.243652 0.000000 0.375587 0.000000 0.926787 0.400000 0.400000 0.400000
4180.458496 0.000000 4437.120117 0.000000 0.959666 0.000000 0.281143 0.400000 0.400000 0.400000
4170.933105 0.000000 4404.225098 0.000000 0.975148 0.000000 0.221556 0.400000 0.400000 0.400000
4159.861328 0.000000 4423.881348 0.000000 0.204214 0.000000 -0.978926 0.400000 0.400000 0.400000
4186.663086 0.000000 4417.183105 0.000000 0.878000 0.000000 0.478661 0.400000 0.400000 0.400000
4160.690430 0.000000 4440.474121 0.000000 0.956718 0.000000 -0.291018 0.400000 0.400000 0.400000
4172.723633 0.000000 4418.367676 0.000000 0.289176 0.000000 0.957276 0.400000 0.400000 0.400000
4193.279297 0.000000 4433.525879 0.000000 0.552944 0.000000 -0.833218 0.400000 0.400000 0.400000
4160.771484 0.000000 4411.358887 0.000000 0.999789 0.000000 0.020536 0.400000 0.400000 0.400000
4170.304199 0.000000 4430.410645 0.000000 0.800187 0.000000 0.599750 0.400000 0.400000 0.400000
4180.687500 0.000000 4426.398438 0.000000 0.554264 0.000000 0.832341 0.400000 0.400000 0.400000
4200.923340 0.000000 4437.101074 0.000000 0.204332 0.000000 -0.978902 0.400000 0.400000 0.400000
4176.092285 0.000000 4410.649414 0.000000 0.857816 0.000000 -0.513958 0.400000 0.400000 0.400000
4162.428711 0.000000 4432.594238 0.000000 0.020191 0.000000 0.999796 0.400000 0.400000 0.400000
4188.729492 0.000000 4426.351562 0.000000 0.907239 0.000000 0.420616 0.400000 0.400000 0.400000
4172.674316 0.000000 4437.619141 0.000000 0.885067 0.000000 0.465465 0.400000 0.400000 0.400000
4163.268066 0.000000 4404.502930 0.000000 0.966040 0.000000 -0.258391 0.400000 0.400000 0.400000
4168.448242 0.000000 4411.236816 0.000000 0.692791 0.000000 -0.721138 0.400000 0.400000 0.400000
4187.663086 0.000000 4438.232422 0.000000 0.981707 0.000000 0.190397 0.400000 0.400000 0.400000
4179.322754 0.000000 4416.772461 0.000000 0.770468 0.000000 0.637479 0.400000 0.400000 0.400000
4185.169922 0.000000 4432.044434 0.000000 0.097194 0.000000 0.995265 0.400000 0.400000 0.400000
4174.271973 0.000000 4424.796875 0.000000 0.979160 0.000000 -0.203091 0.400000 0.400000 0.400000
4167.348633 0.000000 4424.508301 0.000000 0.781592 0.000000 -0.623790 0.400000 0.400000 0.400000
4176.558594 0.000000 4431.885254 0.000000 0.975366 0.000000 0.220592 0.400000 0.400000 0.400000
4185.707031 0.000000 4410.931152 0.000000 0.175373 0.000000 -0.984502 0.400000 0.400000 0.400000
4166.312988 0.000000 4437.285645 0.000000 0.759441 0.000000 0.650577 0.400000 0.400000 0.400000
4184.847656 0.000000 4422.425293 0.000000 0.932466 0.000000 0.361257 0.400000 0.400000 0.400000
4193.428711 0.000000 4439.012207 0.000000 0.915308 0.000000 0.402754 0.400000 0.400000 0.400000
4193.875000 0.000000 4427.596191 0.000000 0.977436 0.000000 -0.211234 0.400000 0.400000 0.400000
4160.510254 0.000000 4416.444824 0.000000 0.316995 0.000000 0.948427 0.400000 0.400000 0.400000
4163.530762 0.000000 4427.770508 0.000000 0.630941 0.000000 -0.775831 0.400000 0.400000 0.400000
4181.052734 0.000000 4411.421387 0.000000 0.711623 0.000000 -0.702561 0.400000 0.400000 0.400000
4189.790039 0.000000 4413.209473 0.000000 0.372854 0.000000 -0.927890 0.400000 0.400000 0.400000
4172.338379 0.000000 4413.523926 0.000000 0.269381 0.000000 0.963034 0.400000 0.400000 0.400000
4189.627441 0.000000 4430.833984 0.000000 0.832949 0.000000 0.553350 0.400000 0.400000 0.400000
4164.567871 0.000000 4408.774902 0.000000 0.481147 0.000000 -0.876640 0.400000 0.400000 0.400000
4164.710938 0.000000 4413.876465 0.000000 0.986092 0.000000 0.166202 0.400000 0.400000 0.400000
4159.495605 0.000000 4435.893066 0.000000 0.024301 0.000000 0.999705 0.400000 0.400000 0.400000
4197.720215 0.000000 4433.976074 0.000000 0.995702 0.000000 -0.092618 0.400000 0.400000 0.400000
4171.912109 0.000000 4408.454102 0.000000 0.522511 0.000000 -0.852633 0.400000 0.400000 0.400000
4159.791992 0.000000 4407.137207 0.000000 0.995502 0.000000 0.094740 0.400000 0.400000 0.400000
4168.845703 0.000000 4420.470703 0.000000 0.661679 0.000000 0.749788 0.400000 0.400000 0.400000
4183.713867 0.000000 4439.708984 0.000000 0.467242 0.000000 0.884129 0.400000 0.400000 0.400000
4163.716309 0.000000 4422.257324 0.000000 0.933811 0.000000 -0.357767 0.400000 0.400000 0.400000
4176.599609 0.000000 4435.985352 0.000000 0.040139 0.000000 -0.999194 0.400000 0.400000 0.400000
4184.790527 0.000000 4427.191895 0.000000 0.267241 0.000000 -0.963630 0.400000 0.400000 0.400000
4183.412598 0.000000 4414.780273 0.000000 0.788842 0.000000 -0.614596 0.400000 0.400000 0.400000
4167.144043 0.000000 4405.539062 0.000000 0.912855 0.000000 -0.408285 0.400000 0.400000 0.400000
4172.821777 0.000000 4433.387207 0.000000 0.474139 0.000000 -0.880450 0.400000 0.400000 0.400000
4197.327637 0.000000 4438.707520 0.000000 0.513634 0.000000 -0.858010 0.400000 0.400000 0.400000
4182.807617 0.000000 4419.045898 0.000000 0.074901 0.000000 -0.997191 0.400000 0.400000 0.400000
4189.756348 0.000000 4435.007324 0.000000 0.999881 0.000000 -0.015402 0.400000 0.400000 0.400000
4175.833008 0.000000 4415.158691 0.000000 0.915399 0.000000 -0.402548 0.400000 0.400000 0.400000
4170.738281 0.000000 4426.674805 0.000000 0.798806 0.000000 0.601588 0.400000 0.400000 0.400000
4169.599121 0.000000 4435.301758 0.000000 0.916725 0.000000 -0.399519 0.400000 0.400000 0.400000
4176.363281 0.000000 4418.976562 0.000000 0.828932 0.000000 0.559349 0.400000 0.400000 0.400000
4177.296875 0.000000 4439.188477 0.000000 0.949382 0.000000 -0.314125 0.400000 0.400000 0.400000
4178.714844 0.000000 4413.644531 0.000000 0.924629 0.000000 -0.380870 0.400000 0.400000 0.400000
4191.017090 0.000000 4428.261230 0.000000 0.993658 0.000000 0.112442 0.400000 0.400000 0.400000
4173.113281 0.000000 4410.906250 0.000000 0.701984 0.000000 -0.712193 0.400000 0.400000 0.400000
4161.853027 0.000000 4408.930176 0.000000 0.630974 0.000000 -0.775804 0.400000 0.400000 0.400000
4159.499512 0.000000 4432.227539 0.000000 0.933549 0.000000 -0.358450 0.400000 0.400000 0.400000
4232.586426 0.000000 4346.330566 0.000000 0.690713 0.000000 0.723129 0.400000 0.400000 0.400000
4249.162109 0.000000 4432.044434 0.000000 0.695073 0.000000 0.718939 0.400000 0.400000 0.400000
4246.340820 0.000000 4428.870605 0.000000 0.920251 0.000000 0.391328 0.400000 0.400000 0.400000
4297.583496 0.000000 4435.301758 0.000000 0.998976 0.000000 0.045241 0.400000 0.400000 0.400000
4116.466309 0.000000 4484.362305 0.000000 0.855424 0.000000 -0.517928 0.400000 0.400000 0.400000
4150.409668 0.000000 4452.719727 0.000000 0.672773 0.000000 0.739849 0.400000 0.400000 0.400000
4141.494141 0.000000 4475.791016 0.000000 0.211376 0.000000 -0.977405 0.400000 0.400000 0.400000
4127.814941 0.000000 4445.247070 0.000000 0.880639 0.000000 0.473787 0.400000 0.400000 0.400000
4122.670898 0.000000 4464.425293 0.000000 0.706551 0.000000 0.707663 0.400000 0.400000 0.400000
4154.557129 0.000000 4486.644043 0.000000 0.701385 0.000000 -0.712782 0.400000 0.400000 0.400000
4136.898438 0.000000 4459.775391 0.000000 0.227872 0.000000 -0.973691 0.400000 0.400000 0.400000
4108.730957 0.000000 4465.609863 0.000000 0.981413 0.000000 0.191907 0.400000 0.400000 0.400000
4156.878418 0.000000 4440.968750 0.000000 0.641938 0.000000 -0.766757 0.400000 0.400000 0.400000
4141.167480 0.000000 4441.638672 0.000000 0.082748 0.000000 -0.996570 0.400000 0.400000 0.400000
4129.287109 0.000000 4480.768066 0.000000 0.596057 0.000000 0.802942 0.400000 0.400000 0.400000
4150.622559 0.000000 4465.863281 0.000000 0.973478 0.000000 0.228781 0.400000 0.400000 0.400000
4115.759766 0.000000 4440.880859 0.000000 0.028385 0.000000 -0.999597 0.400000 0.400000 0.400000
4106.311523 0.000000 4477.652832 0.000000 0.983662 0.000000 0.180027 0.400000 0.400000 0.400000
4118.776367 0.000000 4452.631348 0.000000 0.146992 0.000000 0.989138 0.400000 0.400000 0.400000
4116.695312 0.000000 4473.640625 0.000000 0.581692 0.000000 0.813409 0.400000 0.400000 0.400000
4151.685547 0.000000 4476.958984 0.000000 0.437918 0.000000 0.899015 0.400000 0.400000 0.400000
4136.324219 0.000000 4450.168457 0.000000 0.995479 0.000000 -0.094982 0.400000 0.400000 0.400000
4142.078125 0.000000 4467.025879 0.000000 0.625019 0.000000 0.780610 0.400000 0.400000 0.400000
4136.931152 0.000000 4484.343262 0.000000 0.465938 0.000000 -0.884817 0.400000 0.400000 0.400000
4149.146484 0.000000 4444.037109 0.000000 0.735810 0.000000 0.677188 0.400000 0.400000 0.400000
4156.733398 0.000000 4458.363770 0.000000 0.731853 0.000000 -0.681463 0.400000 0.400000 0.400000
4145.743164 0.000000 4484.802734 0.000000 0.879151 0.000000 0.476543 0.400000 0.400000 0.400000
4145.358398 0.000000 4459.127930 0.000000 0.383255 0.000000 0.923643 0.400000 0.400000 0.400000
4129.952148 0.000000 4462.713867 0.000000 0.538148 0.000000 -0.842850 0.400000 0.400000 0.400000
4108.681641 0.000000 4484.861328 0.000000 0.920502 0.000000 -0.390737 0.400000 0.400000 0.400000
4143.890625 0.000000 4449.245605 0.000000 0.993100 0.000000 -0.117274 0.400000 0.400000 0.400000
4104.455566 0.000000 4458.479004 0.000000 0.961368 0.000000 0.275267 0.400000 0.400000 0.400000
4123.670898 0.000000 4485.474609 0.000000 0.975345 0.000000 -0.220684 0.400000 0.400000 0.400000
4112.321777 0.000000 4446.990723 0.000000 0.898677 0.000000 0.438610 0.400000 0.400000 0.400000
4155.982422 0.000000 4448.658203 0.000000 0.521744 0.000000 -0.853102 0.400000 0.400000 0.400000
4134.772461 0.000000 4476.564941 0.000000 0.992912 0.000000 -0.118855 0.400000 0.400000 0.400000
4147.021973 0.000000 4471.704590 0.000000 0.848505 0.000000 0.529188 0.400000 0.400000 0.400000
4121.267578 0.000000 4446.328125 0.000000 0.650110 0.000000 0.759840 0.400000 0.400000 0.400000
4121.177734 0.000000 4479.286621 0.000000 0.187234 0.000000 0.982315 0.400000 0.400000 0.400000
4110.279297 0.000000 4472.039062 0.000000 0.065713 0.000000 -0.997839 0.400000 0.400000 0.400000
4134.212402 0.000000 4441.653320 0.000000 0.762795 0.000000 -0.646640 0.400000 0.400000 0.400000
4157.983398 0.000000 4464.752441 0.000000 0.589993 0.000000 -0.807409 0.400000 0.400000 0.400000
4112.565918 0.000000 4479.127441 0.000000 0.594222 0.000000 -0.804301 0.400000 0.400000 0.400000
4121.714844 0.000000 4458.173340 0.000000 0.855594 0.000000 0.517648 0.400000 0.400000 0.400000
4102.320312 0.000000 4484.527832 0.000000 0.135504 0.000000 -0.990777 0.400000 0.400000 0.400000
4140.681152 0.000000 4454.983887 0.000000 0.901484 0.000000 -0.432813 0.400000 0.400000 0.400000
4156.432129 0.000000 4480.717773 0.000000 0.898877 0.000000 -0.438201 0.400000 0.400000 0.400000
4151.041504 0.000000 4459.769043 0.000000 0.973182 0.000000 -0.230035 0.400000 0.400000 0.400000
4125.175781 0.000000 4450.605469 0.000000 0.999428 0.000000 -0.033824 0.400000 0.400000 0.400000
4146.417480 0.000000 4479.217773 0.000000 0.629060 0.000000 0.777357 0.400000 0.400000 0.400000
4138.155762 0.000000 4471.235352 0.000000 0.998316 0.000000 -0.058015 0.400000 0.400000 0.400000
4127.244141 0.000000 4467.547852 0.000000 0.967703 0.000000 0.252093 0.400000 0.400000 0.400000
4120.855469 0.000000 4469.667480 0.000000 0.111862 0.000000 0.993724 0.400000 0.400000 0.400000
4150.985352 0.000000 4482.386719 0.000000 0.531732 0.000000 0.846913 0.400000 0.400000 0.400000
4129.436035 0.000000 4486.254395 0.000000 0.996519 0.000000 -0.083368 0.400000 0.400000 0.400000
4141.368652 0.000000 4481.286621 0.000000 0.996009 0.000000 0.089252 0.400000 0.400000 0.400000
4159.272461 0.000000 4453.092773 0.000000 0.222318 0.000000 0.974974 0.400000 0.400000 0.400000
4133.736328 0.000000 4455.074707 0.000000 0.486532 0.000000 -0.873663 0.400000 0.400000 0.400000
4129.882324 0.000000 4474.838379 0.000000 0.933437 0.000000 0.358740 0.400000 0.400000 0.400000
4159.020020 0.000000 4476.017578 0.000000 0.621771 0.000000 -0.783199 0.400000 0.400000 0.400000
4139.661621 0.000000 4446.482910 0.000000 0.999288 0.000000 -0.037728 0.400000 0.400000 0.400000
4114.710938 0.000000 4468.968750 0.000000 0.711111 0.000000 0.703080 0.400000 0.400000 0.400000
4145.671875 0.000000 4453.745605 0.000000 0.861914 0.000000 0.507054 0.400000 0.400000 0.400000
4141.301758 0.000000 4462.229980 0.000000 0.187583 0.000000 0.982249 0.400000 0.400000 0.400000
4132.951172 0.000000 4446.280762 0.000000 0.181947 0.000000 0.983308 0.400000 0.400000 0.400000
4146.109863 0.000000 4464.260742 0.000000 0.792253 0.000000 -0.610192 0.400000 0.400000 0.400000
4151.191406 0.000000 4448.166504 0.000000 0.908080 0.000000 -0.418798 0.400000 0.400000 0.400000
4116.830566 0.000000 4448.423828 0.000000 0.706049 0.000000 -0.708163 0.400000 0.400000 0.400000
4151.794922 0.000000 4472.231445 0.000000 0.662328 0.000000 0.749214 0.400000 0.400000 0.400000
4125.797852 0.000000 4460.451660 0.000000 0.330584 0.000000 -0.943777 0.400000 0.400000 0.400000
4111.474121 0.000000 4442.493164 0.000000 0.540995 0.000000 -0.841026 0.400000 0.400000 0.400000
4145.625977 0.000000 4440.921875 0.000000 0.691329 0.000000 0.722540 0.400000 0.400000 0.400000
4154.726074 0.000000 4453.964355 0.000000 0.770047 0.000000 -0.637988 0.400000 0.400000 0.400000
4125.635254 0.000000 4478.076172 0.000000 0.338403 0.000000 -0.941001 0.400000 0.400000 0.400000
4153.847168 0.000000 4444.405762 0.000000 0.687153 0.000000 0.726513 0.400000 0.400000 0.400000
4100.575684 0.000000 4456.017090 0.000000 0.979992 0.000000 0.199035 0.400000 0.400000 0.400000
4133.728027 0.000000 4481.218262 0.000000 0.649770 0.000000 -0.760130 0.400000 0.400000 0.400000
4129.255371 0.000000 4441.046875 0.000000 0.884055 0.000000 -0.467382 0.400000 0.400000 0.400000
4116.874512 0.000000 4478.839355 0.000000 0.960817 0.000000 0.277185 0.400000 0.400000 0.400000
4143.863770 0.000000 4444.959961 0.000000 0.983117 0.000000 0.182980 0.400000 0.400000 0.400000
4123.752441 0.000000 4454.447266 0.000000 0.997684 0.000000 -0.068021 0.400000 0.400000 0.400000
4119.721680 0.000000 4486.951172 0.000000 0.998847 0.000000 -0.048002 0.400000 0.400000 0.400000
4137.475586 0.000000 4479.873535 0.000000 0.604313 0.000000 0.796747 0.400000 0.400000 0.400000
4119.899902 0.000000 4442.542480 0.000000 0.395910 0.000000 -0.918289 0.400000 0.400000 0.400000
4154.333008 0.000000 4467.468262 0.000000 0.350805 0.000000 0.936448 0.400000 0.400000 0.400000
4112.607422 0.000000 4483.227539 0.000000 0.975201 0.000000 0.221321 0.400000 0.400000 0.400000
4120.797852 0.000000 4474.434082 0.000000 0.537861 0.000000 -0.843034 0.400000 0.400000 0.400000
4119.419922 0.000000 4462.022461 0.000000 0.833517 0.000000 -0.552494 0.400000 0.400000 0.400000
4108.829590 0.000000 4480.629395 0.000000 0.885152 0.000000 -0.465303 0.400000 0.400000 0.400000
4143.160156 0.000000 4470.905762 0.000000 0.946347 0.000000 0.323151 0.400000 0.400000 0.400000
4142.003418 0.000000 4486.056152 0.000000 0.403733 0.000000 -0.914877 0.400000 0.400000 0.400000
4133.334961 0.000000 4485.949707 0.000000 0.913312 0.000000 -0.407261 0.400000 0.400000 0.400000
4118.815430 0.000000 4466.288086 0.000000 0.994255 0.000000 -0.107038 0.400000 0.400000 0.400000
4125.763672 0.000000 4482.249512 0.000000 0.668041 0.000000 0.744125 0.400000 0.400000 0.400000
4112.654297 0.000000 4475.204590 0.000000 0.983083 0.000000 0.183158 0.400000 0.400000 0.400000
4128.135254 0.000000 4471.442871 0.000000 0.991689 0.000000 -0.128660 0.400000 0.400000 0.400000
4140.125488 0.000000 4451.158691 0.000000 0.498740 0.000000 0.866752 0.400000 0.400000 0.400000
4115.936523 0.000000 4444.651367 0.000000 0.748727 0.000000 0.662879 0.400000 0.400000 0.400000
4146.043945 0.000000 4468.007324 0.000000 0.307196 0.000000 -0.951646 0.400000 0.400000 0.400000
4137.636230 0.000000 4443.053223 0.000000 0.834101 0.000000 0.551612 0.400000 0.400000 0.400000
4138.020996 0.000000 4474.869141 0.000000 0.111273 0.000000 0.993790 0.400000 0.400000 0.400000
4157.580078 0.000000 4484.349609 0.000000 0.949094 0.000000 -0.314994 0.400000 0.400000 0.400000
4126.487793 0.000000 4463.999512 0.000000 0.579319 0.000000 -0.815101 0.400000 0.400000 0.400000
4105.606445 0.000000 4482.543945 0.000000 0.125007 0.000000 -0.992156 0.400000 0.400000 0.400000
4149.632324 0.000000 4469.245605 0.000000 0.357167 0.000000 -0.934040 0.400000 0.400000 0.400000
4129.022949 0.000000 4459.181152 0.000000 0.084581 0.000000 -0.996417 0.400000 0.400000 0.400000
4131.375977 0.000000 4477.981934 0.000000 0.737174 0.000000 0.675703 0.400000 0.400000 0.400000
4108.037598 0.000000 4468.939453 0.000000 0.828942 0.000000 -0.559335 0.400000 0.400000 0.400000
4144.733887 0.000000 4474.496094 0.000000 0.667341 0.000000 0.744752 0.400000 0.400000 0.400000
4138.362793 0.000000 4467.749512 0.000000 0.951760 0.000000 -0.306843 0.400000 0.400000 0.400000
4124.829590 0.000000 4446.931641 0.000000 0.948612 0.000000 -0.316442 0.400000 0.400000 0.400000
4153.413574 0.000000 4450.717285 0.000000 0.337397 0.000000 0.941363 0.400000 0.400000 0.400000
4113.304688 0.000000 4486.430664 0.000000 0.990103 0.000000 -0.140344 0.400000 0.400000 0.400000
4143.199219 0.000000 4478.599121 0.000000 0.999987 0.000000 -0.005105 0.400000 0.400000 0.400000
4136.116699 0.000000 4446.691895 0.000000 0.874346 0.000000 0.485302 0.400000 0.400000 0.400000
4131.389160 0.000000 4483.295898 0.000000 0.441900 0.000000 -0.897064 0.400000 0.400000 0.400000
4149.635742 0.000000 4479.565918 0.000000 0.938898 0.000000 -0.344196 0.400000 0.400000 0.400000
4147.564941 0.000000 4482.249023 0.000000 0.775344 0.000000 -0.631540 0.400000 0.400000 0.400000
4115.209473 0.000000 4481.465332 0.000000 0.130960 0.000000 0.991388 0.400000 0.400000 0.400000
4144.460938 0.000000 4482.057129 0.000000 0.820838 0.000000 -0.571161 0.400000 0.400000 0.400000
4140.635254 0.000000 4472.948242 0.000000 0.223923 0.000000 0.974607 0.400000 0.400000 0.400000
4156.476074 0.000000 4451.622559 0.000000 0.840745 0.000000 0.541431 0.400000 0.400000 0.400000
4128.368652 0.000000 4483.519043 0.000000 0.320173 0.000000 -0.947359 0.400000 0.400000 0.400000
4109.314941 0.000000 4487.696777 0.000000 0.119837 0.000000 0.992794 0.400000 0.400000 0.400000
4115.373535 0.000000 4476.292480 0.000000 0.061092 0.000000 0.998132 0.400000 0.400000 0.400000
4118.447754 0.000000 4446.028809 0.000000 0.693386 0.000000 -0.720566 0.400000 0.400000 0.400000
4140.620605 0.000000 4469.814453 0.000000 0.956502 0.000000 -0.291725 0.400000 0.400000 0.400000
4128.590820 0.000000 4478.059082 0.000000 0.325948 0.000000 0.945388 0.400000 0.400000 0.400000
4130.942871 0.000000 4472.341797 0.000000 0.965101 0.000000 -0.261879 0.400000 0.400000 0.400000
4141.276367 0.000000 4448.608398 0.000000 0.240908 0.000000 0.970548 0.400000 0.400000 0.400000
4132.572754 0.000000 4474.893555 0.000000 0.233698 0.000000 -0.972309 0.400000 0.400000 0.400000
4148.075684 0.000000 4466.211914 0.000000 0.428325 0.000000 -0.903625 0.400000 0.400000 0.400000
4110.105957 0.000000 4482.863770 0.000000 0.474474 0.000000 0.880270 0.400000 0.400000 0.400000
4151.974609 0.000000 4468.163574 0.000000 0.107226 0.000000 0.994235 0.400000 0.400000 0.400000
4135.028320 0.000000 4479.053711 0.000000 0.293652 0.000000 0.955912 0.400000 0.400000 0.400000
4145.227539 0.000000 4477.120605 0.000000 0.275523 0.000000 0.961294 0.400000 0.400000 0.400000
4136.293945 0.000000 4481.971680 0.000000 0.999991 0.000000 -0.004295 0.400000 0.400000 0.400000
4144.456543 0.000000 4466.112793 0.000000 0.962485 0.000000 -0.271334 0.400000 0.400000 0.400000
4214.402344 0.000000 4452.719727 0.000000 0.877625 0.000000 0.479349 0.400000 0.400000 0.400000
4170.933105 0.000000 4451.467285 0.000000 0.940404 0.000000 -0.340059 0.400000 0.400000 0.400000
4186.663086 0.000000 4464.425293 0.000000 0.999274 0.000000 0.038087 0.400000 0.400000 0.400000
4218.549316 0.000000 4486.644043 0.000000 0.968100 0.000000 0.250563 0.400000 0.400000 0.400000
4160.690430 0.000000 4487.716309 0.000000 0.739066 0.000000 0.673633 0.400000 0.400000 0.400000
4200.890625 0.000000 4459.775391 0.000000 0.967214 0.000000 -0.253962 0.400000 0.400000 0.400000
4172.723633 0.000000 4465.609863 0.000000 0.768364 0.000000 0.640013 0.400000 0.400000 0.400000
4205.160156 0.000000 4441.638672 0.000000 0.378466 0.000000 0.925615 0.400000 0.400000 0.400000
4193.279297 0.000000 4480.768066 0.000000 0.999977 0.000000 0.006826 0.400000 0.400000 0.400000
4214.614746 0.000000 4465.863281 0.000000 0.970335 0.000000 0.241763 0.400000 0.400000 0.400000
4179.751953 0.000000 4440.880859 0.000000 0.722980 0.000000 0.690869 0.400000 0.400000 0.400000
4159.791992 0.000000 4444.820312 0.000000 0.203269 0.000000 0.979123 0.400000 0.400000 0.400000
4160.771484 0.000000 4458.601074 0.000000 0.050615 0.000000 0.998718 0.400000 0.400000 0.400000
4170.304199 0.000000 4477.652832 0.000000 0.911838 0.000000 0.410549 0.400000 0.400000 0.400000
4182.768555 0.000000 4452.631348 0.000000 0.891193 0.000000 -0.453624 0.400000 0.400000 0.400000
4196.480957 0.000000 4469.994629 0.000000 0.460950 0.000000 -0.887426 0.400000 0.400000 0.400000
4180.687500 0.000000 4473.640625 0.000000 0.770360 0.000000 0.637609 0.400000 0.400000 0.400000
4215.677734 0.000000 4476.958984 0.000000 0.910759 0.000000 -0.412938 0.400000 0.400000 0.400000
4200.316406 0.000000 4450.168457 0.000000 0.427803 0.000000 -0.903872 0.400000 0.400000 0.400000
4170.934570 0.000000 4442.461914 0.000000 0.812358 0.000000 0.583159 0.400000 0.400000 0.400000
4200.923340 0.000000 4484.343262 0.000000 0.090119 0.000000 -0.995931 0.400000 0.400000 0.400000
4176.092285 0.000000 4457.891602 0.000000 0.240116 0.000000 0.970744 0.400000 0.400000 0.400000
4213.138672 0.000000 4444.037109 0.000000 0.279757 0.000000 -0.960071 0.400000 0.400000 0.400000
4220.726074 0.000000 4458.363770 0.000000 0.936182 0.000000 0.351516 0.400000 0.400000 0.400000
4162.428711 0.000000 4479.836426 0.000000 0.601997 0.000000 -0.798499 0.400000 0.400000 0.400000
4209.350586 0.000000 4459.127930 0.000000 0.152794 0.000000 -0.988258 0.400000 0.400000 0.400000
4188.729492 0.000000 4473.593750 0.000000 0.622214 0.000000 0.782847 0.400000 0.400000 0.400000
4165.172852 0.000000 4465.577148 0.000000 0.826847 0.000000 0.562427 0.400000 0.400000 0.400000
4193.944824 0.000000 4462.713867 0.000000 0.726770 0.000000 -0.686881 0.400000 0.400000 0.400000
4172.674316 0.000000 4484.861328 0.000000 0.556207 0.000000 -0.831044 0.400000 0.400000 0.400000
4163.268066 0.000000 4451.745117 0.000000 0.432041 0.000000 0.901854 0.400000 0.400000 0.400000
4207.882812 0.000000 4449.245605 0.000000 0.142304 0.000000 -0.989823 0.400000 0.400000 0.400000
4168.448242 0.000000 4458.479004 0.000000 0.990658 0.000000 0.136372 0.400000 0.400000 0.400000
4219.974609 0.000000 4448.658203 0.000000 0.991139 0.000000 -0.132826 0.400000 0.400000 0.400000
4220.276855 0.000000 4471.254395 0.000000 0.761955 0.000000 0.647630 0.400000 0.400000 0.400000
4179.322754 0.000000 4464.014648 0.000000 0.767599 0.000000 0.640930 0.400000 0.400000 0.400000
4198.764648 0.000000 4476.564941 0.000000 0.489080 0.000000 0.872239 0.400000 0.400000 0.400000
4211.014648 0.000000 4471.704590 0.000000 0.049335 0.000000 0.998782 0.400000 0.400000 0.400000
4185.260254 0.000000 4446.328125 0.000000 0.689497 0.000000 -0.724289 0.400000 0.400000 0.400000
4185.169922 0.000000 4479.286621 0.000000 0.595570 0.000000 -0.803303 0.400000 0.400000 0.400000
4174.271973 0.000000 4472.039062 0.000000 0.529397 0.000000 0.848374 0.400000 0.400000 0.400000
4198.205078 0.000000 4441.653320 0.000000 0.953601 0.000000 -0.301072 0.400000 0.400000 0.400000
4221.976074 0.000000 4464.752441 0.000000 0.997184 0.000000 -0.074999 0.400000 0.400000 0.400000
4176.558594 0.000000 4479.127441 0.000000 0.620279 0.000000 0.784382 0.400000 0.400000 0.400000
4204.673828 0.000000 4454.983887 0.000000 0.713379 0.000000 0.700778 0.400000 0.400000 0.400000
4166.038086 0.000000 4446.297363 0.000000 0.475371 0.000000 0.879785 0.400000 0.400000 0.400000
4220.424316 0.000000 4480.717773 0.000000 0.933494 0.000000 -0.358593 0.400000 0.400000 0.400000
4187.760254 0.000000 4440.886230 0.000000 0.999960 0.000000 0.008987 0.400000 0.400000 0.400000
4215.033691 0.000000 4459.769043 0.000000 0.998399 0.000000 -0.056563 0.400000 0.400000 0.400000
4199.910645 0.000000 4465.410645 0.000000 0.103622 0.000000 -0.994617 0.400000 0.400000 0.400000
4210.409668 0.000000 4479.217773 0.000000 0.959754 0.000000 0.280842 0.400000 0.400000 0.400000
4202.147949 0.000000 4471.235352 0.000000 0.387907 0.000000 -0.921698 0.400000 0.400000 0.400000
4191.236328 0.000000 4467.547852 0.000000 0.062727 0.000000 -0.998031 0.400000 0.400000 0.400000
4184.847656 0.000000 4469.667480 0.000000 0.569369 0.000000 -0.822082 0.400000 0.400000 0.400000
4214.977539 0.000000 4482.386719 0.000000 0.455507 0.000000 -0.890232 0.400000 0.400000 0.400000
4193.428711 0.000000 4486.254395 0.000000 0.651542 0.000000 0.758613 0.400000 0.400000 0.400000
4205.361328 0.000000 4481.286621 0.000000 0.991532 0.000000 0.129859 0.400000 0.400000 0.400000
4223.265137 0.000000 4453.092773 0.000000 0.990536 0.000000 0.137251 0.400000 0.400000 0.400000
4197.728516 0.000000 4455.074707 0.000000 0.456772 0.000000 0.889584 0.400000 0.400000 0.400000
4193.875000 0.000000 4474.838379 0.000000 0.999341 0.000000 0.036307 0.400000 0.400000 0.400000
4165.942383 0.000000 4441.010254 0.000000 0.547469 0.000000 -0.836826 0.400000 0.400000 0.400000
4160.510254 0.000000 4463.687012 0.000000 0.221373 0.000000 -0.975189 0.400000 0.400000 0.400000
4223.012695 0.000000 4476.017578 0.000000 0.793378 0.000000 0.608729 0.400000 0.400000 0.400000
4203.654297 0.000000 4446.482910 0.000000 0.802680 0.000000 0.596410 0.400000 0.400000 0.400000
4178.703125 0.000000 4468.968750 0.000000 0.999990 0.000000 -0.004509 0.400000 0.400000 0.400000
4209.664551 0.000000 4453.745605 0.000000 0.863478 0.000000 0.504387 0.400000 0.400000 0.400000
4205.294434 0.000000 4462.229980 0.000000 0.150699 0.000000 -0.988580 0.400000 0.400000 0.400000
4196.943848 0.000000 4446.280762 0.000000 0.825597 0.000000 -0.564260 0.400000 0.400000 0.400000
4210.102051 0.000000 4464.260742 0.000000 0.785702 0.000000 0.618605 0.400000 0.400000 0.400000
4180.823242 0.000000 4448.423828 0.000000 0.606757 0.000000 -0.794887 0.400000 0.400000 0.400000
4215.787598 0.000000 4472.231445 0.000000 0.563790 0.000000 0.825918 0.400000 0.400000 0.400000
4172.338379 0.000000 4460.766113 0.000000 0.227759 0.000000 -0.973717 0.400000 0.400000 0.400000
4218.718262 0.000000 4453.964355 0.000000 0.089046 0.000000 -0.996028 0.400000 0.400000 0.400000
4164.567871 0.000000 4456.017090 0.000000 0.897717 0.000000 0.440573 0.400000 0.400000 0.400000
4164.710938 0.000000 4461.118652 0.000000 0.385284 0.000000 -0.922798 0.400000 0.400000 0.400000
4159.495605 0.000000 4483.135254 0.000000 0.901223 0.000000 -0.433356 0.400000 0.400000 0.400000
4197.720215 0.000000 4481.218262 0.000000 0.372931 0.000000 -0.927859 0.400000 0.400000 0.400000
4171.534180 0.000000 4447.070312 0.000000 0.746539 0.000000 0.665342 0.400000 0.400000 0.400000
4171.912109 0.000000 4455.696289 0.000000 0.543892 0.000000 -0.839155 0.400000 0.400000 0.400000
4180.867188 0.000000 4478.839355 0.000000 0.988392 0.000000 0.151922 0.400000 0.400000 0.400000
4159.791992 0.000000 4454.379395 0.000000 0.935910 0.000000 0.352240 0.400000 0.400000 0.400000
4218.246582 0.000000 4462.650879 0.000000 0.769757 0.000000 0.638336 0.400000 0.400000 0.400000
4207.856445 0.000000 4444.959961 0.000000 0.258001 0.000000 0.966145 0.400000 0.400000 0.400000
4168.692383 0.000000 4463.242188 0.000000 0.462405 0.000000 -0.886669 0.400000 0.400000 0.400000
4196.524414 0.000000 4459.166504 0.000000 0.560327 0.000000 -0.828272 0.400000 0.400000 0.400000
4166.806152 0.000000 4480.380371 0.000000 0.298366 0.000000 0.954452 0.400000 0.400000 0.400000
4201.468262 0.000000 4479.873535 0.000000 0.660245 0.000000 -0.751051 0.400000 0.400000 0.400000
4183.892090 0.000000 4442.542480 0.000000 0.143645 0.000000 -0.989629 0.400000 0.400000 0.400000
4218.325684 0.000000 4467.468262 0.000000 0.750989 0.000000 0.660314 0.400000 0.400000 0.400000
4176.599609 0.000000 4483.227539 0.000000 0.661460 0.000000 0.749980 0.400000 0.400000 0.400000
4184.790527 0.000000 4474.434082 0.000000 0.477769 0.000000 -0.878486 0.400000 0.400000 0.400000
4183.412598 0.000000 4462.022461 0.000000 0.961196 0.000000 0.275866 0.400000 0.400000 0.400000
4167.144043 0.000000 4452.781250 0.000000 0.966552 0.000000 0.256471 0.400000 0.400000 0.400000
4160.479980 0.000000 4448.850586 0.000000 0.495954 0.000000 -0.868349 0.400000 0.400000 0.400000
4172.821777 0.000000 4480.629395 0.000000 0.036647 0.000000 -0.999328 0.400000 0.400000 0.400000
4207.152344 0.000000 4470.905762 0.000000 0.703973 0.000000 0.710227 0.400000 0.400000 0.400000
4197.327637 0.000000 4485.949707 0.000000 0.987822 0.000000 0.155589 0.400000 0.400000 0.400000
4182.807617 0.000000 4466.288086 0.000000 0.705275 0.000000 0.708933 0.400000 0.400000 0.400000
4176.646484 0.000000 4475.204590 0.000000 0.818232 0.000000 0.574888 0.400000 0.400000 0.400000
4192.127441 0.000000 4471.442871 0.000000 0.193888 0.000000 -0.981024 0.400000 0.400000 0.400000
4204.118164 0.000000 4451.158691 0.000000 0.998723 0.000000 0.050526 0.400000 0.400000 0.400000
4194.984863 0.000000 4466.426758 0.000000 0.730925 0.000000 0.682457 0.400000 0.400000 0.400000
4179.928711 0.000000 4444.651367 0.000000 0.734310 0.000000 -0.678814 0.400000 0.400000 0.400000
4170.738281 0.000000 4473.916992 0.000000 0.026585 0.000000 0.999647 0.400000 0.400000 0.400000
4210.036133 0.000000 4468.007324 0.000000 0.983265 0.000000 -0.182183 0.400000 0.400000 0.400000
4179.743164 0.000000 4455.173828 0.000000 0.090074 0.000000 -0.995935 0.400000 0.400000 0.400000
4202.013184 0.000000 4474.869141 0.000000 0.648266 0.000000 0.761414 0.400000 0.400000 0.400000
4221.572266 0.000000 4484.349609 0.000000 0.997563 0.000000 -0.069771 0.400000 0.400000 0.400000
4201.138672 0.000000 4453.714844 0.000000 0.789782 0.000000 0.613388 0.400000 0.400000 0.400000
4163.262695 0.000000 4443.513672 0.000000 0.167290 0.000000 -0.985908 0.400000 0.400000 0.400000
4169.599121 0.000000 4482.543945 0.000000 0.081545 0.000000 0.996670 0.400000 0.400000 0.400000
4197.938477 0.000000 4462.573730 0.000000 0.918513 0.000000 0.395391 0.400000 0.400000 0.400000
4172.030273 0.000000 4468.939453 0.000000 0.558261 0.000000 0.829665 0.400000 0.400000 0.400000
4197.525391 0.000000 4451.790039 0.000000 0.591029 0.000000 0.806650 0.400000 0.400000 0.400000
4169.055664 0.000000 4445.042969 0.000000 0.499411 0.000000 -0.866365 0.400000 0.400000 0.400000
4177.491211 0.000000 4472.026855 0.000000 0.998476 0.000000 0.055185 0.400000 0.400000 0.400000
4213.628418 0.000000 4479.565918 0.000000 0.563813 0.000000 0.825903 0.400000 0.400000 0.400000
4207.435059 0.000000 4456.465332 0.000000 0.890802 0.000000 0.454393 0.400000 0.400000 0.400000
4175.673340 0.000000 4469.138672 0.000000 0.044958 0.000000 0.998989 0.400000 0.400000 0.400000
4204.199707 0.000000 4478.645020 0.000000 0.418900 0.000000 0.908032 0.400000 0.400000 0.400000
4221.169922 0.000000 4455.485352 0.000000 0.195300 0.000000 0.980744 0.400000 0.400000 0.400000
4173.307617 0.000000 4487.696777 0.000000 0.948902 0.000000 -0.315572 0.400000 0.400000 0.400000
4182.348633 0.000000 4476.112793 0.000000 0.998114 0.000000 0.061385 0.400000 0.400000 0.400000
4194.909668 0.000000 4456.820801 0.000000 0.750781 0.000000 0.660551 0.400000 0.400000 0.400000
4205.269043 0.000000 4448.608398 0.000000 0.568972 0.000000 -0.822357 0.400000 0.400000 0.400000
4202.613770 0.000000 4448.932129 0.000000 0.025745 0.000000 0.999669 0.400000 0.400000 0.400000
4106.940430 0.000000 4498.709473 0.000000 0.220617 0.000000 -0.975361 0.400000 0.400000 0.400000
4129.287109 0.000000 4528.010254 0.000000 0.634783 0.000000 -0.772690 0.400000 0.400000 0.400000
4115.759766 0.000000 4488.123047 0.000000 0.488016 0.000000 0.872835 0.400000 0.400000 0.400000
4132.488770 0.000000 4517.236816 0.000000 0.795771 0.000000 -0.605597 0.400000 0.400000 0.400000
4106.941895 0.000000 4489.704102 0.000000 0.865660 0.000000 0.500633 0.400000 0.400000 0.400000
4142.078125 0.000000 4514.268066 0.000000 0.921591 0.000000 -0.388162 0.400000 0.400000 0.400000
4101.180664 0.000000 4512.819336 0.000000 0.624852 0.000000 -0.780744 0.400000 0.400000 0.400000
4112.321777 0.000000 4494.232910 0.000000 0.521727 0.000000 0.853113 0.400000 0.400000 0.400000
4123.768066 0.000000 4488.128418 0.000000 0.954885 0.000000 -0.296977 0.400000 0.400000 0.400000
4129.436035 0.000000 4533.496582 0.000000 0.983368 0.000000 -0.181622 0.400000 0.400000 0.400000
4159.272461 0.000000 4500.334961 0.000000 0.999976 0.000000 0.006908 0.400000 0.400000 0.400000
4145.671875 0.000000 4500.987793 0.000000 0.243950 0.000000 -0.969788 0.400000 0.400000 0.400000
4111.474121 0.000000 4489.735352 0.000000 0.426112 0.000000 0.904670 0.400000 0.400000 0.400000
4129.255371 0.000000 4488.289062 0.000000 0.514202 0.000000 0.857669 0.400000 0.400000 0.400000
4104.699707 0.000000 4510.484375 0.000000 0.985886 0.000000 0.167419 0.400000 0.400000 0.400000
4104.853027 0.000000 4514.955078 0.000000 0.399505 0.000000 0.916731 0.400000 0.400000 0.400000
4123.752441 0.000000 4501.689453 0.000000 0.954570 0.000000 0.297988 0.400000 0.400000 0.400000
4119.899902 0.000000 4489.784668 0.000000 0.402288 0.000000 -0.915513 0.400000 0.400000 0.400000
4154.333008 0.000000 4514.710449 0.000000 0.223398 0.000000 0.974727 0.400000 0.400000 0.400000
4103.151367 0.000000 4500.023438 0.000000 0.975521 0.000000 0.219904 0.400000 0.400000 0.400000
4155.172852 0.000000 4522.333008 0.000000 0.115512 0.000000 0.993306 0.400000 0.400000 0.400000
4125.763672 0.000000 4529.491699 0.000000 0.287769 0.000000 -0.957700 0.400000 0.400000 0.400000
4128.135254 0.000000 4518.685059 0.000000 0.563179 0.000000 0.826335 0.400000 0.400000 0.400000
4115.936523 0.000000 4491.893555 0.000000 0.723276 0.000000 -0.690559 0.400000 0.400000 0.400000
4104.635254 0.000000 4502.729980 0.000000 0.863000 0.000000 -0.505205 0.400000 0.400000 0.400000
4128.368652 0.000000 4530.761230 0.000000 0.241090 0.000000 0.970503 0.400000 0.400000 0.400000
4113.467285 0.000000 4496.950684 0.000000 0.937334 0.000000 0.348433 0.400000 0.400000 0.400000
4130.942871 0.000000 4519.583984 0.000000 0.956568 0.000000 -0.291510 0.400000 0.400000 0.400000
4191.807129 0.000000 4492.489258 0.000000 0.771184 0.000000 0.636612 0.400000 0.400000 0.400000
4170.934570 0.000000 4489.704102 0.000000 0.994050 0.000000 0.108926 0.400000 0.400000 0.400000
4167.348633 0.000000 4518.992676 0.000000 0.888870 0.000000 -0.458160 0.400000 0.400000 0.400000
4220.424316 0.000000 4527.959961 0.000000 0.102614 0.000000 -0.994721 0.400000 0.400000 0.400000
4189.168457 0.000000 4497.847656 0.000000 0.683940 0.000000 0.729538 0.400000 0.400000 0.400000
4160.510254 0.000000 4510.929199 0.000000 0.970940 0.000000 0.239323 0.400000 0.400000 0.400000
4175.466309 0.000000 4489.735352 0.000000 0.940715 0.000000 0.339198 0.400000 0.400000 0.400000
4168.845703 0.000000 4514.955078 0.000000 0.911121 0.000000 0.412138 0.400000 0.400000 0.400000
4188.821777 0.000000 4494.173828 0.000000 0.242470 0.000000 0.970159 0.400000 0.400000 0.400000
4191.854980 0.000000 4496.103516 0.000000 0.818947 0.000000 0.573869 0.400000 0.400000 0.400000
4166.048828 0.000000 4515.409180 0.000000 0.931563 0.000000 0.363580 0.400000 0.400000 0.400000
4234.925293 0.000000 4451.467285 0.000000 0.576063 0.000000 -0.817406 0.400000 0.400000 0.400000
4269.479004 0.000000 4475.791016 0.000000 0.383450 0.000000 0.923562 0.400000 0.400000 0.400000
4223.853516 0.000000 4471.123535 0.000000 0.669365 0.000000 -0.742933 0.400000 0.400000 0.400000
4250.655273 0.000000 4464.425293 0.000000 0.483063 0.000000 -0.875586 0.400000 0.400000 0.400000
4236.715820 0.000000 4465.609863 0.000000 0.983417 0.000000 0.181360 0.400000 0.400000 0.400000
4284.862793 0.000000 4440.968750 0.000000 0.843660 0.000000 -0.536878 0.400000 0.400000 0.400000
4257.271484 0.000000 4480.768066 0.000000 0.661441 0.000000 0.749997 0.400000 0.400000 0.400000
4278.606934 0.000000 4465.863281 0.000000 0.116674 0.000000 -0.993170 0.400000 0.400000 0.400000
4224.763672 0.000000 4458.601074 0.000000 0.944888 0.000000 -0.327393 0.400000 0.400000 0.400000
4234.296387 0.000000 4477.652832 0.000000 0.637245 0.000000 -0.770661 0.400000 0.400000 0.400000
4246.760742 0.000000 4452.631348 0.000000 0.749287 0.000000 0.662245 0.400000 0.400000 0.400000
4260.473145 0.000000 4469.994629 0.000000 0.998955 0.000000 -0.045697 0.400000 0.400000 0.400000
4264.308594 0.000000 4450.168457 0.000000 0.138636 0.000000 -0.990343 0.400000 0.400000 0.400000
4264.915527 0.000000 4484.343262 0.000000 0.929516 0.000000 0.368783 0.400000 0.400000 0.400000
4240.084473 0.000000 4457.891602 0.000000 0.009315 0.000000 0.999957 0.400000 0.400000 0.400000
4252.721680 0.000000 4473.593750 0.000000 0.755002 0.000000 -0.655723 0.400000 0.400000 0.400000
4229.165039 0.000000 4465.577148 0.000000 0.702257 0.000000 0.711923 0.400000 0.400000 0.400000
4257.937012 0.000000 4462.713867 0.000000 0.985269 0.000000 -0.171012 0.400000 0.400000 0.400000
4236.666504 0.000000 4484.861328 0.000000 0.877521 0.000000 0.479538 0.400000 0.400000 0.400000
4227.260254 0.000000 4451.745117 0.000000 0.994138 0.000000 0.108121 0.400000 0.400000 0.400000
4243.314941 0.000000 4464.014648 0.000000 0.269537 0.000000 0.962990 0.400000 0.400000 0.400000
4262.756836 0.000000 4476.564941 0.000000 0.998663 0.000000 0.051698 0.400000 0.400000 0.400000
4249.162109 0.000000 4479.286621 0.000000 0.871763 0.000000 0.489928 0.400000 0.400000 0.400000
4238.264160 0.000000 4472.039062 0.000000 0.205311 0.000000 0.978697 0.400000 0.400000 0.400000
4231.340820 0.000000 4471.750488 0.000000 0.702598 0.000000 -0.711587 0.400000 0.400000 0.400000
4240.550781 0.000000 4479.127441 0.000000 0.416994 0.000000 0.908909 0.400000 0.400000 0.400000
4249.699219 0.000000 4458.173340 0.000000 0.534705 0.000000 0.845039 0.400000 0.400000 0.400000
4284.416504 0.000000 4480.717773 0.000000 0.233609 0.000000 0.972331 0.400000 0.400000 0.400000
4274.401855 0.000000 4479.217773 0.000000 0.191757 0.000000 -0.981442 0.400000 0.400000 0.400000
4255.228516 0.000000 4467.547852 0.000000 0.616714 0.000000 0.787187 0.400000 0.400000 0.400000
4248.839844 0.000000 4469.667480 0.000000 0.572357 0.000000 0.820005 0.400000 0.400000 0.400000
4278.969727 0.000000 4482.386719 0.000000 0.642008 0.000000 0.766698 0.400000 0.400000 0.400000
4241.021484 0.000000 4452.553711 0.000000 0.356447 0.000000 -0.934315 0.400000 0.400000 0.400000
4269.353516 0.000000 4481.286621 0.000000 0.086033 0.000000 0.996292 0.400000 0.400000 0.400000
4261.720703 0.000000 4455.074707 0.000000 0.385177 0.000000 -0.922843 0.400000 0.400000 0.400000
4257.867188 0.000000 4474.838379 0.000000 0.093527 0.000000 0.995617 0.400000 0.400000 0.400000
4227.522949 0.000000 4475.012695 0.000000 0.986474 0.000000 -0.163916 0.400000 0.400000 0.400000
4245.044922 0.000000 4458.663574 0.000000 0.998112 0.000000 -0.061424 0.400000 0.400000 0.400000
4274.094238 0.000000 4464.260742 0.000000 0.990859 0.000000 0.134904 0.400000 0.400000 0.400000
4253.782227 0.000000 4460.451660 0.000000 0.698505 0.000000 0.715605 0.400000 0.400000 0.400000
4253.619629 0.000000 4478.076172 0.000000 0.012114 0.000000 -0.999927 0.400000 0.400000 0.400000
4281.832031 0.000000 4444.405762 0.000000 0.149417 0.000000 0.988774 0.400000 0.400000 0.400000
4228.560059 0.000000 4456.017090 0.000000 0.874887 0.000000 -0.484328 0.400000 0.400000 0.400000
4228.703125 0.000000 4461.118652 0.000000 0.119132 0.000000 0.992878 0.400000 0.400000 0.400000
4223.487793 0.000000 4483.135254 0.000000 0.489626 0.000000 0.871933 0.400000 0.400000 0.400000
4261.712402 0.000000 4481.218262 0.000000 0.552489 0.000000 0.833520 0.400000 0.400000 0.400000
4235.904297 0.000000 4455.696289 0.000000 0.253471 0.000000 -0.967343 0.400000 0.400000 0.400000
4223.784180 0.000000 4454.379395 0.000000 0.943976 0.000000 -0.330015 0.400000 0.400000 0.400000
4232.684570 0.000000 4463.242188 0.000000 0.965778 0.000000 0.259369 0.400000 0.400000 0.400000
4232.837891 0.000000 4467.712891 0.000000 0.914887 0.000000 0.403711 0.400000 0.400000 0.400000
4260.516602 0.000000 4459.166504 0.000000 0.772302 0.000000 0.635256 0.400000 0.400000 0.400000
4227.708496 0.000000 4469.499512 0.000000 0.343311 0.000000 0.939222 0.400000 0.400000 0.400000
4265.460449 0.000000 4479.873535 0.000000 0.750834 0.000000 -0.660491 0.400000 0.400000 0.400000
4240.591797 0.000000 4483.227539 0.000000 0.799257 0.000000 -0.600990 0.400000 0.400000 0.400000
4248.782715 0.000000 4474.434082 0.000000 0.640402 0.000000 0.768040 0.400000 0.400000 0.400000
4247.404785 0.000000 4462.022461 0.000000 0.443971 0.000000 -0.896041 0.400000 0.400000 0.400000
4231.136230 0.000000 4452.781250 0.000000 0.088399 0.000000 0.996085 0.400000 0.400000 0.400000
4236.813965 0.000000 4480.629395 0.000000 0.646574 0.000000 0.762851 0.400000 0.400000 0.400000
4246.799805 0.000000 4466.288086 0.000000 0.473290 0.000000 0.880907 0.400000 0.400000 0.400000
4240.638672 0.000000 4475.204590 0.000000 0.228876 0.000000 -0.973456 0.400000 0.400000 0.400000
4256.119629 0.000000 4471.442871 0.000000 0.925131 0.000000 0.379649 0.400000 0.400000 0.400000
4258.977051 0.000000 4466.426758 0.000000 0.159960 0.000000 -0.987124 0.400000 0.400000 0.400000
4234.730469 0.000000 4473.916992 0.000000 0.984981 0.000000 0.172664 0.400000 0.400000 0.400000
4243.735352 0.000000 4455.173828 0.000000 0.578446 0.000000 -0.815721 0.400000 0.400000 0.400000
4266.005371 0.000000 4474.869141 0.000000 0.993007 0.000000 -0.118055 0.400000 0.400000 0.400000
4285.564453 0.000000 4484.349609 0.000000 0.669965 0.000000 -0.742393 0.400000 0.400000 0.400000
4265.130859 0.000000 4453.714844 0.000000 0.995832 0.000000 0.091207 0.400000 0.400000 0.400000
4254.472168 0.000000 4463.999512 0.000000 0.793544 0.000000 0.608513 0.400000 0.400000 0.400000
4238.280762 0.000000 4450.052246 0.000000 0.899464 0.000000 0.436994 0.400000 0.400000 0.400000
4252.476074 0.000000 4469.713379 0.000000 0.999667 0.000000 -0.025812 0.400000 0.400000 0.400000
4259.360840 0.000000 4477.981934 0.000000 0.959772 0.000000 -0.280782 0.400000 0.400000 0.400000
4247.147949 0.000000 4456.005371 0.000000 0.924018 0.000000 -0.382349 0.400000 0.400000 0.400000
4242.707031 0.000000 4460.886719 0.000000 0.819460 0.000000 -0.573136 0.400000 0.400000 0.400000
4282.528809 0.000000 4483.380371 0.000000 0.494010 0.000000 -0.869456 0.400000 0.400000 0.400000
4277.620605 0.000000 4479.565918 0.000000 0.665509 0.000000 0.746390 0.400000 0.400000 0.400000
4255.009277 0.000000 4475.503418 0.000000 0.984715 0.000000 -0.174176 0.400000 0.400000 0.400000
4250.474609 0.000000 4467.298340 0.000000 0.991030 0.000000 0.133642 0.400000 0.400000 0.400000
4250.321289 0.000000 4472.076172 0.000000 0.374686 0.000000 -0.927152 0.400000 0.400000 0.400000
4281.390625 0.000000 4465.083008 0.000000 0.424072 0.000000 0.905629 0.400000 0.400000 0.400000
4256.696289 0.000000 4465.334961 0.000000 0.967296 0.000000 0.253649 0.400000 0.400000 0.400000
4296.432617 0.000000 4458.479004 0.000000 0.805948 0.000000 0.591986 0.400000 0.400000 0.400000
4292.695312 0.000000 4461.118652 0.000000 0.034433 0.000000 -0.999407 0.400000 0.400000 0.400000
4287.479980 0.000000 4483.135254 0.000000 0.991694 0.000000 -0.128618 0.400000 0.400000 0.400000
4295.436035 0.000000 4460.948242 0.000000 0.452968 0.000000 0.891527 0.400000 0.400000 0.400000
4240.084473 0.000000 4505.133789 0.000000 0.650420 0.000000 0.759575 0.400000 0.400000 0.400000
4230.030273 0.000000 4493.539551 0.000000 0.286270 0.000000 0.958149 0.400000 0.400000 0.400000
4245.044922 0.000000 4505.905762 0.000000 0.827604 0.000000 0.561312 0.400000 0.400000 0.400000
4243.735352 0.000000 4502.416016 0.000000 0.943108 0.000000 -0.332488 0.400000 0.400000 0.400000
4231.943359 0.000000 4496.545898 0.000000 0.004058 0.000000 -0.999992 0.400000 0.400000 0.400000
4286.711914 0.000000 4533.811035 0.000000 0.492902 0.000000 -0.870085 0.400000 0.400000 0.400000
4368.535156 0.000000 4384.643066 0.000000 0.759457 0.000000 0.650557 0.400000 0.400000 0.400000
4423.078125 0.000000 4428.593750 0.000000 0.784930 0.000000 0.619585 0.400000 0.400000 0.400000
4606.385254 0.000000 4420.820312 0.000000 0.440361 0.000000 0.897821 0.400000 0.400000 0.400000
4355.127930 0.000000 4447.309570 0.000000 0.946823 0.000000 0.321754 0.400000 0.400000 0.400000
4360.424805 0.000000 4505.721191 0.000000 0.794762 0.000000 0.606921 0.400000 0.400000 0.400000
4359.325195 0.000000 4518.992676 0.000000 0.999932 0.000000 0.011619 0.400000 0.400000 0.400000
5050.447754 0.000000 4344.917480 0.000000 0.627270 0.000000 0.778802 0.400000 0.400000 0.400000
5076.349121 0.000000 4342.635742 0.000000 0.195689 0.000000 0.980666 0.400000 0.400000 0.400000
5056.581055 0.000000 4345.989746 0.000000 0.936193 0.000000 0.351485 0.400000 0.400000 0.400000
5066.194824 0.000000 4335.926270 0.000000 0.391510 0.000000 0.920174 0.400000 0.400000 0.400000
5068.564941 0.000000 4343.134766 0.000000 0.998900 0.000000 0.046892 0.400000 0.400000 0.400000
5062.203613 0.000000 4342.801270 0.000000 0.836589 0.000000 -0.547831 0.400000 0.400000 0.400000
4607.806641 0.000000 4423.881348 0.000000 0.187164 0.000000 0.982329 0.400000 0.400000 0.400000
4608.608887 0.000000 4420.340820 0.000000 0.865699 0.000000 -0.500566 0.400000 0.400000 0.400000
4698.600586 0.000000 4511.667480 0.000000 0.989196 0.000000 0.146601 0.400000 0.400000 0.400000
4730.486816 0.000000 4533.886230 0.000000 0.805842 0.000000 0.592131 0.400000 0.400000 0.400000
4700.666992 0.000000 4520.835938 0.000000 0.730521 0.000000 0.682890 0.400000 0.400000 0.400000
4826.584961 0.000000 4464.425293 0.000000 0.514702 0.000000 0.857369 0.400000 0.400000 0.400000
4820.609375 0.000000 4473.640625 0.000000 0.610401 0.000000 0.792092 0.400000 0.400000 0.400000
4840.845215 0.000000 4484.343262 0.000000 0.762787 0.000000 -0.646650 0.400000 0.400000 0.400000
4838.686523 0.000000 4476.564941 0.000000 0.228954 0.000000 -0.973437 0.400000 0.400000 0.400000
4831.158203 0.000000 4467.547852 0.000000 0.541628 0.000000 0.840618 0.400000 0.400000 0.400000
4824.769531 0.000000 4469.667480 0.000000 0.440351 0.000000 0.897826 0.400000 0.400000 0.400000
4845.283203 0.000000 4481.286621 0.000000 0.928442 0.000000 -0.371479 0.400000 0.400000 0.400000
4841.390137 0.000000 4479.873535 0.000000 0.297470 0.000000 0.954731 0.400000 0.400000 0.400000
4736.620117 0.000000 4534.958496 0.000000 0.980277 0.000000 0.197629 0.400000 0.400000 0.400000
4796.800293 0.000000 4488.210938 0.000000 0.563939 0.000000 -0.825816 0.400000 0.400000 0.400000
4795.904297 0.000000 4495.900391 0.000000 0.979447 0.000000 0.201702 0.400000 0.400000 0.400000
4797.496582 0.000000 4492.166504 0.000000 0.642021 0.000000 -0.766687 0.400000 0.400000 0.400000
4854.324219 0.000000 4499.961914 0.000000 0.221600 0.000000 -0.975138 0.400000 0.400000 0.400000
4831.729004 0.000000 4492.489258 0.000000 0.729265 0.000000 0.684231 0.400000 0.400000 0.400000
4799.713867 0.000000 4492.062500 0.000000 0.927758 0.000000 -0.373182 0.400000 0.400000 0.400000
4840.238281 0.000000 4497.410645 0.000000 0.900141 0.000000 -0.435598 0.400000 0.400000 0.400000
4860.647949 0.000000 4505.605957 0.000000 0.984687 0.000000 -0.174329 0.400000 0.400000 0.400000
4859.896484 0.000000 4495.900391 0.000000 0.994145 0.000000 0.108054 0.400000 0.400000 0.400000
4860.198730 0.000000 4518.496582 0.000000 0.394714 0.000000 -0.918804 0.400000 0.400000 0.400000
4838.126953 0.000000 4488.895508 0.000000 0.755765 0.000000 0.654843 0.400000 0.400000 0.400000
4863.187012 0.000000 4500.334961 0.000000 0.817141 0.000000 0.576438 0.400000 0.400000 0.400000
4834.550781 0.000000 4497.699219 0.000000 0.679612 0.000000 -0.733572 0.400000 0.400000 0.400000
4862.934570 0.000000 4523.259766 0.000000 0.513167 0.000000 -0.858289 0.400000 0.400000 0.400000
4836.865723 0.000000 4493.522949 0.000000 0.084074 0.000000 -0.996459 0.400000 0.400000 0.400000
4858.640137 0.000000 4501.206543 0.000000 0.989714 0.000000 0.143060 0.400000 0.400000 0.400000
4833.169434 0.000000 4488.289062 0.000000 0.784118 0.000000 -0.620611 0.400000 0.400000 0.400000
5052.769043 0.000000 4346.484375 0.000000 0.788661 0.000000 -0.614829 0.400000 0.400000 0.400000
5076.349121 0.000000 4389.877930 0.000000 0.209196 0.000000 0.977874 0.400000 0.400000 0.400000
5066.823730 0.000000 4356.982910 0.000000 0.671923 0.000000 -0.740621 0.400000 0.400000 0.400000
5066.825195 0.000000 4347.977539 0.000000 0.857632 0.000000 0.514264 0.400000 0.400000 0.400000
5071.982910 0.000000 4363.407227 0.000000 0.961349 0.000000 0.275333 0.400000 0.400000 0.400000
5083.553711 0.000000 4390.990234 0.000000 0.542118 0.000000 -0.840302 0.400000 0.400000 0.400000
5083.650879 0.000000 4346.401855 0.000000 0.875943 0.000000 0.482415 0.400000 0.400000 0.400000
5087.697754 0.000000 4398.004883 0.000000 0.549203 0.000000 -0.835689 0.400000 0.400000 0.400000
5096.781250 0.000000 4412.533203 0.000000 0.609108 0.000000 -0.793087 0.400000 0.400000 0.400000
5075.642578 0.000000 4393.638672 0.000000 0.477767 0.000000 -0.878486 0.400000 0.400000 0.400000
5078.659180 0.000000 4405.389160 0.000000 0.943578 0.000000 -0.331150 0.400000 0.400000 0.400000
5096.207031 0.000000 4402.926270 0.000000 0.637240 0.000000 -0.770666 0.400000 0.400000 0.400000
5105.241211 0.000000 4411.885742 0.000000 0.598645 0.000000 0.801015 0.400000 0.400000 0.400000
5115.865234 0.000000 4401.416016 0.000000 0.541561 0.000000 -0.840662 0.400000 0.400000 0.400000
5081.150879 0.000000 4399.085938 0.000000 0.051842 0.000000 0.998655 0.400000 0.400000 0.400000
5100.564453 0.000000 4407.741699 0.000000 0.993094 0.000000 -0.117322 0.400000 0.400000 0.400000
5083.650879 0.000000 4393.644043 0.000000 0.926442 0.000000 0.376438 0.400000 0.400000 0.400000
5085.059082 0.000000 4403.363281 0.000000 0.931300 0.000000 0.364254 0.400000 0.400000 0.400000
5093.619141 0.000000 4407.832520 0.000000 0.903004 0.000000 -0.429632 0.400000 0.400000 0.400000
5090.519531 0.000000 4403.214844 0.000000 0.517699 0.000000 0.855563 0.400000 0.400000 0.400000
5092.834473 0.000000 4399.038574 0.000000 0.634007 0.000000 -0.773328 0.400000 0.400000 0.400000
5111.074707 0.000000 4400.924316 0.000000 0.820469 0.000000 -0.571691 0.400000 0.400000 0.400000
5114.608887 0.000000 4406.722168 0.000000 0.865020 0.000000 0.501738 0.400000 0.400000 0.400000
5079.782715 0.000000 4395.300293 0.000000 0.669061 0.000000 0.743208 0.400000 0.400000 0.400000
4884.372559 0.000000 4484.362305 0.000000 0.732669 0.000000 0.680585 0.400000 0.400000 0.400000
4887.627930 0.000000 4486.951172 0.000000 0.507607 0.000000 0.861589 0.400000 0.400000 0.400000
4863.775391 0.000000 4518.365723 0.000000 0.808845 0.000000 0.588022 0.400000 0.400000 0.400000
4897.193359 0.000000 4528.010254 0.000000 0.453890 0.000000 -0.891058 0.400000 0.400000 0.400000
4883.666016 0.000000 4488.123047 0.000000 0.994564 0.000000 -0.104131 0.400000 0.400000 0.400000
4863.706055 0.000000 4492.062500 0.000000 0.840176 0.000000 -0.542314 0.400000 0.400000 0.400000
4886.682617 0.000000 4499.873535 0.000000 0.091065 0.000000 0.995845 0.400000 0.400000 0.400000
4895.897461 0.000000 4502.769043 0.000000 0.869207 0.000000 0.494449 0.400000 0.400000 0.400000
4891.577148 0.000000 4532.716797 0.000000 0.251189 0.000000 0.967938 0.400000 0.400000 0.400000
4880.228516 0.000000 4494.232910 0.000000 0.984194 0.000000 0.177092 0.400000 0.400000 0.400000
4883.236816 0.000000 4511.256836 0.000000 0.797281 0.000000 -0.603608 0.400000 0.400000 0.400000
4889.174316 0.000000 4493.570312 0.000000 0.755455 0.000000 0.655200 0.400000 0.400000 0.400000
4889.083984 0.000000 4526.528809 0.000000 0.141873 0.000000 -0.989885 0.400000 0.400000 0.400000
4871.262695 0.000000 4518.992676 0.000000 0.329710 0.000000 -0.944082 0.400000 0.400000 0.400000
4889.621094 0.000000 4505.415527 0.000000 0.990337 0.000000 0.138679 0.400000 0.400000 0.400000
4891.674316 0.000000 4488.128418 0.000000 0.790224 0.000000 -0.612818 0.400000 0.400000 0.400000
4893.082520 0.000000 4497.847656 0.000000 0.998640 0.000000 0.052138 0.400000 0.400000 0.400000
4897.342773 0.000000 4533.496582 0.000000 0.805793 0.000000 -0.592197 0.400000 0.400000 0.400000
4867.444824 0.000000 4522.254883 0.000000 0.503595 0.000000 0.863940 0.400000 0.400000 0.400000
4884.737305 0.000000 4495.666016 0.000000 0.930793 0.000000 0.365547 0.400000 0.400000 0.400000
4863.706055 0.000000 4501.621582 0.000000 0.295171 0.000000 -0.955444 0.400000 0.400000 0.400000
4891.658691 0.000000 4501.689453 0.000000 0.164163 0.000000 0.986433 0.400000 0.400000 0.400000
4867.630371 0.000000 4516.741699 0.000000 0.997609 0.000000 0.069108 0.400000 0.400000 0.400000
4887.806152 0.000000 4489.784668 0.000000 0.202961 0.000000 0.979187 0.400000 0.400000 0.400000
4887.326660 0.000000 4509.264648 0.000000 0.580609 0.000000 0.814183 0.400000 0.400000 0.400000
4888.335938 0.000000 4530.312012 0.000000 0.001763 0.000000 -0.999998 0.400000 0.400000 0.400000
4889.179688 0.000000 4497.192383 0.000000 0.059482 0.000000 -0.998229 0.400000 0.400000 0.400000
4905.514648 0.000000 4534.698730 0.000000 0.957444 0.000000 0.288620 0.400000 0.400000 0.400000
5114.439941 0.000000 4486.644043 0.000000 0.319039 0.000000 -0.947741 0.400000 0.400000 0.400000
5110.505371 0.000000 4465.863281 0.000000 0.976211 0.000000 -0.216823 0.400000 0.400000 0.400000
5105.626465 0.000000 4484.802734 0.000000 0.343540 0.000000 -0.939138 0.400000 0.400000 0.400000
5116.167480 0.000000 4471.254395 0.000000 0.157623 0.000000 -0.987499 0.400000 0.400000 0.400000
5106.300293 0.000000 4479.217773 0.000000 0.096679 0.000000 0.995316 0.400000 0.400000 0.400000
5087.697754 0.000000 4492.489258 0.000000 0.950331 0.000000 -0.311242 0.400000 0.400000 0.400000
5096.207031 0.000000 4497.410645 0.000000 0.287356 0.000000 0.957824 0.400000 0.400000 0.400000
5103.773438 0.000000 4496.487793 0.000000 0.020915 0.000000 -0.999781 0.400000 0.400000 0.400000
5094.095703 0.000000 4488.895508 0.000000 0.324812 0.000000 0.945779 0.400000 0.400000 0.400000
5099.544922 0.000000 4493.725098 0.000000 0.519841 0.000000 -0.854263 0.400000 0.400000 0.400000
5105.509277 0.000000 4488.164062 0.000000 0.172466 0.000000 0.985015 0.400000 0.400000 0.400000
5165.369629 0.000000 4428.548828 0.000000 0.446722 0.000000 -0.894673 0.400000 0.400000 0.400000
5146.545898 0.000000 4417.183105 0.000000 0.694188 0.000000 -0.719793 0.400000 0.400000 0.400000
5153.162109 0.000000 4433.525879 0.000000 0.255075 0.000000 -0.966921 0.400000 0.400000 0.400000
5119.674805 0.000000 4397.578125 0.000000 0.554287 0.000000 -0.832325 0.400000 0.400000 0.400000
5156.363770 0.000000 4422.752441 0.000000 0.655974 0.000000 -0.754784 0.400000 0.400000 0.400000
5158.647461 0.000000 4429.322754 0.000000 0.912393 0.000000 -0.409316 0.400000 0.400000 0.400000
5144.730469 0.000000 4422.425293 0.000000 0.650636 0.000000 0.759390 0.400000 0.400000 0.400000
5139.634766 0.000000 4440.880859 0.000000 0.823537 0.000000 -0.567262 0.400000 0.400000 0.400000
5175.560547 0.000000 4476.958984 0.000000 0.070381 0.000000 -0.997520 0.400000 0.400000 0.400000
5180.159668 0.000000 4471.254395 0.000000 0.153012 0.000000 -0.988224 0.400000 0.400000 0.400000
5182.895508 0.000000 4476.017578 0.000000 0.516461 0.000000 -0.856311 0.400000 0.400000 0.400000
5204.333496 0.000000 4484.362305 0.000000 0.288535 0.000000 -0.957469 0.400000 0.400000 0.400000
5183.736328 0.000000 4471.123535 0.000000 0.786312 0.000000 0.617829 0.400000 0.400000 0.400000
5217.154297 0.000000 4480.768066 0.000000 0.494210 0.000000 0.869343 0.400000 0.400000 0.400000
5194.179199 0.000000 4477.652832 0.000000 0.676481 0.000000 0.736460 0.400000 0.400000 0.400000
5186.303711 0.000000 4479.836426 0.000000 0.741780 0.000000 -0.670644 0.400000 0.400000 0.400000
5196.549316 0.000000 4484.861328 0.000000 0.292544 0.000000 -0.956252 0.400000 0.400000 0.400000
5211.538086 0.000000 4485.474609 0.000000 0.543275 0.000000 -0.839555 0.400000 0.400000 0.400000
5191.223633 0.000000 4471.750488 0.000000 0.720690 0.000000 0.693257 0.400000 0.400000 0.400000
5217.303711 0.000000 4486.254395 0.000000 0.400933 0.000000 -0.916108 0.400000 0.400000 0.400000
5187.405762 0.000000 4475.012695 0.000000 0.823300 0.000000 0.567606 0.400000 0.400000 0.400000
5215.682129 0.000000 4492.489258 0.000000 0.950740 0.000000 0.309990 0.400000 0.400000 0.400000
5203.626953 0.000000 4488.123047 0.000000 0.462813 0.000000 0.886456 0.400000 0.400000 0.400000
7026.065918 0.000000 3298.163086 0.000000 0.959032 0.000000 -0.283296 0.400000 0.400000 0.400000
7029.284668 0.000000 3298.510986 0.000000 0.423775 0.000000 0.905768 0.400000 0.400000 0.400000
7148.314453 0.000000 3273.928955 0.000000 0.793542 0.000000 -0.608516 0.400000 0.400000 0.400000
7226.169434 0.000000 3255.083252 0.000000 0.769475 0.000000 0.638677 0.400000 0.400000 0.400000
4136.931152 0.000000 4578.827637 0.000000 0.977667 0.000000 -0.210160 0.400000 0.400000 0.400000
4156.284180 0.000000 4565.738770 0.000000 0.736842 0.000000 0.676065 0.400000 0.400000 0.400000
4157.983398 0.000000 4559.236816 0.000000 0.522108 0.000000 -0.852880 0.400000 0.400000 0.400000
4137.475586 0.000000 4574.357910 0.000000 0.996334 0.000000 -0.085543 0.400000 0.400000 0.400000
4191.807129 0.000000 4539.731445 0.000000 0.165238 0.000000 -0.986254 0.400000 0.400000 0.400000
4172.723633 0.000000 4560.094238 0.000000 0.549340 0.000000 0.835599 0.400000 0.400000 0.400000
4160.771484 0.000000 4553.085449 0.000000 0.311621 0.000000 0.950207 0.400000 0.400000 0.400000
4180.687500 0.000000 4568.125000 0.000000 0.023807 0.000000 0.999717 0.400000 0.400000 0.400000
4219.974609 0.000000 4543.142578 0.000000 0.936171 0.000000 0.351545 0.400000 0.400000 0.400000
4167.348633 0.000000 4566.234863 0.000000 0.553756 0.000000 -0.832679 0.400000 0.400000 0.400000
4221.566895 0.000000 4539.408691 0.000000 0.984803 0.000000 0.173673 0.400000 0.400000 0.400000
4176.363281 0.000000 4560.703125 0.000000 0.446349 0.000000 -0.894859 0.400000 0.400000 0.400000
4188.686035 0.000000 4538.344238 0.000000 0.598157 0.000000 0.801379 0.400000 0.400000 0.400000
4163.603027 0.000000 4553.054199 0.000000 0.322374 0.000000 0.946612 0.400000 0.400000 0.400000
4284.862793 0.000000 4535.453125 0.000000 0.990025 0.000000 0.140891 0.400000 0.400000 0.400000
4223.784180 0.000000 4539.304688 0.000000 0.957940 0.000000 0.286968 0.400000 0.400000 0.400000
4252.476074 0.000000 4564.197754 0.000000 0.880929 0.000000 0.473248 0.400000 0.400000 0.400000
4229.989258 0.000000 4552.518066 0.000000 0.984877 0.000000 0.173254 0.400000 0.400000 0.400000
4657.681152 0.000000 4579.287109 0.000000 0.997844 0.000000 0.065626 0.400000 0.400000 0.400000
4712.828125 0.000000 4554.259766 0.000000 0.084338 0.000000 -0.996437 0.400000 0.400000 0.400000
4712.253906 0.000000 4544.652832 0.000000 0.434611 0.000000 -0.900618 0.400000 0.400000 0.400000
4721.288086 0.000000 4553.612305 0.000000 0.992523 0.000000 -0.122057 0.400000 0.400000 0.400000
4653.105469 0.000000 4583.365234 0.000000 0.050326 0.000000 0.998733 0.400000 0.400000 0.400000
4639.928711 0.000000 4597.253418 0.000000 0.950557 0.000000 -0.310549 0.400000 0.400000 0.400000
4668.671387 0.000000 4600.090332 0.000000 0.993283 0.000000 0.115707 0.400000 0.400000 0.400000
4657.563965 0.000000 4582.648438 0.000000 0.791683 0.000000 -0.610932 0.400000 0.400000 0.400000
4684.661133 0.000000 4607.336426 0.000000 0.984902 0.000000 0.173111 0.400000 0.400000 0.400000
4692.625000 0.000000 4615.367188 0.000000 0.640143 0.000000 -0.768256 0.400000 0.400000 0.400000
4677.110352 0.000000 4607.303711 0.000000 0.994524 0.000000 0.104510 0.400000 0.400000 0.400000
4684.611816 0.000000 4626.587891 0.000000 0.084383 0.000000 0.996433 0.400000 0.400000 0.400000
4688.496094 0.000000 4620.854004 0.000000 0.962018 0.000000 -0.272987 0.400000 0.400000 0.400000
4692.804688 0.000000 4620.565918 0.000000 0.594729 0.000000 0.803926 0.400000 0.400000 0.400000
4680.629883 0.000000 4604.968750 0.000000 0.757279 0.000000 -0.653091 0.400000 0.400000 0.400000
4680.783203 0.000000 4609.439453 0.000000 0.469803 0.000000 0.882771 0.400000 0.400000 0.400000
4681.536621 0.000000 4624.270508 0.000000 0.874740 0.000000 0.484593 0.400000 0.400000 0.400000
4746.862793 0.000000 4545.951660 0.000000 0.132019 0.000000 -0.991247 0.400000 0.400000 0.400000
4781.089844 0.000000 4536.123047 0.000000 0.871644 0.000000 -0.490140 0.400000 0.400000 0.400000
4790.544434 0.000000 4560.347656 0.000000 0.213648 0.000000 0.976911 0.400000 0.400000 0.400000
4735.721680 0.000000 4539.304688 0.000000 0.763703 0.000000 0.645568 0.400000 0.400000 0.400000
4772.410645 0.000000 4564.479004 0.000000 0.497755 0.000000 -0.867318 0.400000 0.400000 0.400000
4796.655762 0.000000 4552.848145 0.000000 0.928156 0.000000 0.372192 0.400000 0.400000 0.400000
4797.905762 0.000000 4559.236816 0.000000 0.351052 0.000000 -0.936356 0.400000 0.400000 0.400000
4741.967773 0.000000 4540.781738 0.000000 0.072099 0.000000 0.997397 0.400000 0.400000 0.400000
4767.166016 0.000000 4562.032227 0.000000 0.999628 0.000000 0.027281 0.400000 0.400000 0.400000
4800.693359 0.000000 4553.085449 0.000000 0.973536 0.000000 -0.228534 0.400000 0.400000 0.400000
4860.792480 0.000000 4582.695312 0.000000 0.195562 0.000000 0.980691 0.400000 0.400000 0.400000
4703.744629 0.000000 4634.215820 0.000000 0.600033 0.000000 -0.799976 0.400000 0.400000 0.400000
4694.706055 0.000000 4641.600098 0.000000 0.605335 0.000000 -0.795971 0.400000 0.400000 0.400000
4703.920898 0.000000 4644.495605 0.000000 0.843725 0.000000 0.536775 0.400000 0.400000 0.400000
4682.872070 0.000000 4631.430664 0.000000 0.394417 0.000000 0.918932 0.400000 0.400000 0.400000
4701.105957 0.000000 4639.574219 0.000000 0.971404 0.000000 -0.237431 0.400000 0.400000 0.400000
4864.604492 0.000000 4582.200684 0.000000 0.728620 0.000000 0.684918 0.400000 0.400000 0.400000
4902.119141 0.000000 4536.137695 0.000000 0.744730 0.000000 0.667366 0.400000 0.400000 0.400000
4891.674316 0.000000 4535.370605 0.000000 0.940997 0.000000 -0.338415 0.400000 0.400000 0.400000
4905.542480 0.000000 4537.537598 0.000000 0.052158 0.000000 -0.998639 0.400000 0.400000 0.400000
4863.706055 0.000000 4586.546875 0.000000 0.362514 0.000000 0.931978 0.400000 0.400000 0.400000
4456.859375 0.000000 5073.923828 0.000000 0.926790 0.000000 0.375580 0.400000 0.400000 0.400000
5268.554688 0.000000 5135.031250 0.000000 0.977766 0.000000 -0.209698 0.400000 0.400000 0.400000
5268.734375 0.000000 5140.229980 0.000000 0.326496 0.000000 -0.945199 0.400000 0.400000 0.400000
5289.335449 0.000000 5188.506348 0.000000 0.098077 0.000000 -0.995179 0.400000 0.400000 0.400000
5285.805664 0.000000 5218.448730 0.000000 0.796697 0.000000 0.604378 0.400000 0.400000 0.400000
"}
