object={
	name="tree_savanna_generator_1_0"
	render_pass=Map
	clamp_to_water_level=no
	generated_content=yes
	layer="tree_high_layer"
	pdxmesh="tree_acacia_01_mesh"
	count=698
	transform="3958.291504 0.000000 707.963379 0.000000 0.327153 0.000000 0.944972 1.000000 1.000000 1.000000
3822.640625 0.000000 883.511292 0.000000 0.321812 0.000000 0.946804 1.000000 1.000000 1.000000
3894.653564 0.000000 780.971985 0.000000 0.341178 0.000000 0.939999 1.000000 1.000000 1.000000
3898.364502 0.000000 782.577087 0.000000 0.370662 0.000000 0.928768 1.000000 1.000000 1.000000
3914.963867 0.000000 766.576294 0.000000 0.058879 0.000000 0.998265 1.000000 1.000000 1.000000
3958.645752 0.000000 780.971985 0.000000 0.096269 0.000000 0.995355 1.000000 1.000000 1.000000
3910.343994 0.000000 799.636780 0.000000 0.018897 0.000000 0.999821 1.000000 1.000000 1.000000
3935.267578 0.000000 782.656860 0.000000 0.248583 0.000000 0.968611 1.000000 1.000000 1.000000
3967.814941 0.000000 769.488098 0.000000 0.116256 0.000000 0.993219 1.000000 1.000000 1.000000
4067.000244 0.000000 781.535706 0.000000 0.199505 0.000000 0.979897 1.000000 1.000000 1.000000
4065.174072 0.000000 782.349121 0.000000 0.184507 0.000000 0.982831 1.000000 1.000000 1.000000
4077.376709 0.000000 843.637634 0.000000 0.226399 0.000000 0.974035 1.000000 1.000000 1.000000
3860.497559 0.000000 941.197815 0.000000 0.250882 0.000000 0.968018 1.000000 1.000000 1.000000
3851.951172 0.000000 912.531921 0.000000 0.336789 0.000000 0.941580 1.000000 1.000000 1.000000
3864.460449 0.000000 939.905579 0.000000 0.277638 0.000000 0.960686 1.000000 1.000000 1.000000
4021.162109 0.000000 853.630615 0.000000 0.212116 0.000000 0.977245 1.000000 1.000000 1.000000
4060.701172 0.000000 853.453308 0.000000 0.363451 0.000000 0.931613 1.000000 1.000000 1.000000
4044.446289 0.000000 905.842102 0.000000 0.349206 0.000000 0.937046 1.000000 1.000000 1.000000
3849.637695 0.000000 986.621521 0.000000 0.018900 0.000000 0.999821 1.000000 1.000000 1.000000
3948.704590 0.000000 1006.303772 0.000000 0.020880 0.000000 0.999782 1.000000 1.000000 1.000000
4068.540039 0.000000 1010.486450 0.000000 0.179045 0.000000 0.983841 1.000000 1.000000 1.000000
3925.706055 0.000000 1109.880737 0.000000 0.093630 0.000000 0.995607 1.000000 1.000000 1.000000
4074.750732 0.000000 1039.485962 0.000000 0.020628 0.000000 0.999787 1.000000 1.000000 1.000000
3927.896729 0.000000 1165.146240 0.000000 0.180242 0.000000 0.983622 1.000000 1.000000 1.000000
3918.302979 0.000000 1212.327759 0.000000 0.228370 0.000000 0.973574 1.000000 1.000000 1.000000
4076.214844 0.000000 1171.691284 0.000000 0.300352 0.000000 0.953829 1.000000 1.000000 1.000000
4084.083252 0.000000 1159.258545 0.000000 0.076734 0.000000 0.997052 1.000000 1.000000 1.000000
3967.814941 0.000000 1185.109009 0.000000 0.242984 0.000000 0.970030 1.000000 1.000000 1.000000
4046.287354 0.000000 1212.327759 0.000000 0.302706 0.000000 0.953084 1.000000 1.000000 1.000000
4060.514160 0.000000 1227.546753 0.000000 0.081925 0.000000 0.996639 1.000000 1.000000 1.000000
4081.998779 0.000000 1334.489502 0.000000 0.245410 0.000000 0.969419 1.000000 1.000000 1.000000
3834.583008 0.000000 1979.544067 0.000000 0.350992 0.000000 0.936378 1.000000 1.000000 1.000000
3831.230713 0.000000 2038.814453 0.000000 0.156723 0.000000 0.987643 1.000000 1.000000 1.000000
3843.641846 0.000000 2049.218018 0.000000 0.288449 0.000000 0.957495 1.000000 1.000000 1.000000
3827.659424 0.000000 2087.995117 0.000000 0.000082 0.000000 1.000000 1.000000 1.000000 1.000000
3821.533203 0.000000 2255.407715 0.000000 0.123489 0.000000 0.992346 1.000000 1.000000 1.000000
3810.092285 0.000000 2258.766113 0.000000 0.006862 0.000000 0.999976 1.000000 1.000000 1.000000
3935.267578 0.000000 2199.922607 0.000000 0.284407 0.000000 0.958704 1.000000 1.000000 1.000000
3934.510986 0.000000 2196.374268 0.000000 0.049742 0.000000 0.998762 1.000000 1.000000 1.000000
3917.144287 0.000000 2190.523438 0.000000 0.040938 0.000000 0.999162 1.000000 1.000000 1.000000
3918.181152 0.000000 2188.688965 0.000000 0.168033 0.000000 0.985781 1.000000 1.000000 1.000000
3863.451172 0.000000 2241.639404 0.000000 0.008096 0.000000 0.999967 1.000000 1.000000 1.000000
3882.394043 0.000000 2247.366211 0.000000 0.107877 0.000000 0.994164 1.000000 1.000000 1.000000
3874.948730 0.000000 2236.437744 0.000000 0.035052 0.000000 0.999385 1.000000 1.000000 1.000000
3839.538330 0.000000 2259.086914 0.000000 0.235395 0.000000 0.971900 1.000000 1.000000 1.000000
3923.782959 0.000000 2220.497803 0.000000 0.146156 0.000000 0.989262 1.000000 1.000000 1.000000
3910.837402 0.000000 2259.997314 0.000000 0.167541 0.000000 0.985865 1.000000 1.000000 1.000000
3939.015869 0.000000 2246.043701 0.000000 0.353638 0.000000 0.935382 1.000000 1.000000 1.000000
3939.942383 0.000000 2241.065674 0.000000 0.049980 0.000000 0.998750 1.000000 1.000000 1.000000
3447.771240 0.000000 2634.513428 0.000000 0.309493 0.000000 0.950902 1.000000 1.000000 1.000000
3454.247314 0.000000 2618.911377 0.000000 0.229566 0.000000 0.973293 1.000000 1.000000 1.000000
3405.400879 0.000000 2645.251221 0.000000 0.067887 0.000000 0.997693 1.000000 1.000000 1.000000
3493.413086 0.000000 2596.261963 0.000000 0.020076 0.000000 0.999798 1.000000 1.000000 1.000000
3520.768311 0.000000 2598.028809 0.000000 0.342477 0.000000 0.939526 1.000000 1.000000 1.000000
3548.807373 0.000000 2583.906006 0.000000 0.022424 0.000000 0.999749 1.000000 1.000000 1.000000
3554.022461 0.000000 2573.026123 0.000000 0.042790 0.000000 0.999084 1.000000 1.000000 1.000000
3575.111816 0.000000 2570.081055 0.000000 0.010902 0.000000 0.999941 1.000000 1.000000 1.000000
3541.130615 0.000000 2568.976074 0.000000 0.217672 0.000000 0.976022 1.000000 1.000000 1.000000
3487.893066 0.000000 2602.801758 0.000000 0.208395 0.000000 0.978045 1.000000 1.000000 1.000000
3503.968506 0.000000 2606.799805 0.000000 0.108805 0.000000 0.994063 1.000000 1.000000 1.000000
3468.424072 0.000000 2618.320557 0.000000 0.241569 0.000000 0.970384 1.000000 1.000000 1.000000
3501.354736 0.000000 2606.163086 0.000000 0.365446 0.000000 0.930832 1.000000 1.000000 1.000000
3747.423096 0.000000 2304.841064 0.000000 0.328375 0.000000 0.944547 1.000000 1.000000 1.000000
3728.146729 0.000000 2331.992676 0.000000 0.275239 0.000000 0.961376 1.000000 1.000000 1.000000
3720.502441 0.000000 2332.580566 0.000000 0.293181 0.000000 0.956057 1.000000 1.000000 1.000000
3736.902100 0.000000 2343.768799 0.000000 0.106996 0.000000 0.994259 1.000000 1.000000 1.000000
3757.415771 0.000000 2355.387695 0.000000 0.289387 0.000000 0.957212 1.000000 1.000000 1.000000
3702.464355 0.000000 2374.062988 0.000000 0.296555 0.000000 0.955016 1.000000 1.000000 1.000000
3642.788330 0.000000 2422.550049 0.000000 0.038774 0.000000 0.999248 1.000000 1.000000 1.000000
3650.766846 0.000000 2418.172852 0.000000 0.113405 0.000000 0.993549 1.000000 1.000000 1.000000
3723.588623 0.000000 2368.414062 0.000000 0.078019 0.000000 0.996952 1.000000 1.000000 1.000000
3613.238281 0.000000 2466.433350 0.000000 0.008121 0.000000 0.999967 1.000000 1.000000 1.000000
3646.781006 0.000000 2458.452148 0.000000 0.120209 0.000000 0.992749 1.000000 1.000000 1.000000
3679.869629 0.000000 2461.075195 0.000000 0.299144 0.000000 0.954208 1.000000 1.000000 1.000000
3688.953125 0.000000 2475.603271 0.000000 0.217596 0.000000 0.976039 1.000000 1.000000 1.000000
3647.854004 0.000000 2460.648193 0.000000 0.231551 0.000000 0.972823 1.000000 1.000000 1.000000
3699.756104 0.000000 2502.903809 0.000000 0.116630 0.000000 0.993175 1.000000 1.000000 1.000000
3686.099854 0.000000 2463.174561 0.000000 0.305360 0.000000 0.952237 1.000000 1.000000 1.000000
3711.327393 0.000000 2516.162598 0.000000 0.029593 0.000000 0.999562 1.000000 1.000000 1.000000
3688.171387 0.000000 2509.762207 0.000000 0.154602 0.000000 0.987977 1.000000 1.000000 1.000000
3695.497314 0.000000 2519.535400 0.000000 0.337485 0.000000 0.941331 1.000000 1.000000 1.000000
3679.931152 0.000000 2515.463623 0.000000 0.264583 0.000000 0.964363 1.000000 1.000000 1.000000
3696.515869 0.000000 2545.127441 0.000000 0.311937 0.000000 0.950103 1.000000 1.000000 1.000000
3688.514893 0.000000 2507.283936 0.000000 0.263505 0.000000 0.964658 1.000000 1.000000 1.000000
3745.999023 0.000000 2478.541748 0.000000 0.259700 0.000000 0.965689 1.000000 1.000000 1.000000
3761.405273 0.000000 2522.197754 0.000000 0.251723 0.000000 0.967799 1.000000 1.000000 1.000000
3732.877441 0.000000 2511.494141 0.000000 0.363343 0.000000 0.931655 1.000000 1.000000 1.000000
3746.729736 0.000000 2516.881348 0.000000 0.106820 0.000000 0.994278 1.000000 1.000000 1.000000
3593.355469 0.000000 2596.817871 0.000000 0.190694 0.000000 0.981650 1.000000 1.000000 1.000000
3619.438721 0.000000 2588.294189 0.000000 0.369080 0.000000 0.929398 1.000000 1.000000 1.000000
3642.606445 0.000000 2593.692627 0.000000 0.250207 0.000000 0.968192 1.000000 1.000000 1.000000
3688.171387 0.000000 2557.004395 0.000000 0.106127 0.000000 0.994353 1.000000 1.000000 1.000000
3839.900146 0.000000 2581.435547 0.000000 0.081710 0.000000 0.996656 1.000000 1.000000 1.000000
3438.089111 0.000000 2690.852539 0.000000 0.189970 0.000000 0.981790 1.000000 1.000000 1.000000
3411.879395 0.000000 2656.163818 0.000000 0.212003 0.000000 0.977269 1.000000 1.000000 1.000000
3441.712158 0.000000 2692.960693 0.000000 0.300663 0.000000 0.953730 1.000000 1.000000 1.000000
3431.020508 0.000000 2696.284424 0.000000 0.039028 0.000000 0.999238 1.000000 1.000000 1.000000
3454.813232 0.000000 2738.607666 0.000000 0.029108 0.000000 0.999576 1.000000 1.000000 1.000000
3452.819336 0.000000 2757.644775 0.000000 0.271083 0.000000 0.962556 1.000000 1.000000 1.000000
3459.348145 0.000000 2742.794434 0.000000 0.231943 0.000000 0.972729 1.000000 1.000000 1.000000
3463.593750 0.000000 2782.089355 0.000000 0.135470 0.000000 0.990781 1.000000 1.000000 1.000000
3462.587158 0.000000 2785.011230 0.000000 0.275516 0.000000 0.961296 1.000000 1.000000 1.000000
3510.487793 0.000000 2799.242676 0.000000 0.350993 0.000000 0.936378 1.000000 1.000000 1.000000
3516.554199 0.000000 2798.145996 0.000000 0.327977 0.000000 0.944686 1.000000 1.000000 1.000000
3487.458496 0.000000 2806.194824 0.000000 0.229012 0.000000 0.973424 1.000000 1.000000 1.000000
3540.536621 0.000000 2830.885498 0.000000 0.145835 0.000000 0.989309 1.000000 1.000000 1.000000
3545.338135 0.000000 2840.093750 0.000000 0.191516 0.000000 0.981490 1.000000 1.000000 1.000000
3536.724365 0.000000 2868.969971 0.000000 0.061241 0.000000 0.998123 1.000000 1.000000 1.000000
3547.838379 0.000000 2881.893555 0.000000 0.296685 0.000000 0.954975 1.000000 1.000000 1.000000
3561.545898 0.000000 2920.881348 0.000000 0.196266 0.000000 0.980551 1.000000 1.000000 1.000000
3557.405273 0.000000 2926.957275 0.000000 0.032594 0.000000 0.999469 1.000000 1.000000 1.000000
3567.269531 0.000000 2919.606445 0.000000 0.219824 0.000000 0.975540 1.000000 1.000000 1.000000
3744.037598 0.000000 2660.323242 0.000000 0.118301 0.000000 0.992978 1.000000 1.000000 1.000000
3739.119141 0.000000 2681.282959 0.000000 0.024637 0.000000 0.999696 1.000000 1.000000 1.000000
3594.063965 0.000000 2902.251953 0.000000 0.143778 0.000000 0.989610 1.000000 1.000000 1.000000
5025.327148 0.000000 754.121094 0.000000 0.190747 0.000000 0.981639 1.000000 1.000000 1.000000
5047.686035 0.000000 740.098206 0.000000 0.314206 0.000000 0.949355 1.000000 1.000000 1.000000
4175.377441 0.000000 815.700500 0.000000 0.314037 0.000000 0.949411 1.000000 1.000000 1.000000
4095.868896 0.000000 880.716736 0.000000 0.357389 0.000000 0.933956 1.000000 1.000000 1.000000
4103.151367 0.000000 862.374756 0.000000 0.309591 0.000000 0.950870 1.000000 1.000000 1.000000
4215.171387 0.000000 855.206177 0.000000 0.047738 0.000000 0.998860 1.000000 1.000000 1.000000
4096.778809 0.000000 915.436401 0.000000 0.040956 0.000000 0.999161 1.000000 1.000000 1.000000
4156.284180 0.000000 928.090149 0.000000 0.316208 0.000000 0.948690 1.000000 1.000000 1.000000
4102.045410 0.000000 903.132751 0.000000 0.068080 0.000000 0.997680 1.000000 1.000000 1.000000
4189.790039 0.000000 917.287292 0.000000 0.258554 0.000000 0.965997 1.000000 1.000000 1.000000
4213.625000 0.000000 926.081299 0.000000 0.021030 0.000000 0.999779 1.000000 1.000000 1.000000
4194.687988 0.000000 898.342163 0.000000 0.340561 0.000000 0.940222 1.000000 1.000000 1.000000
4258.667480 0.000000 910.646851 0.000000 0.129705 0.000000 0.991553 1.000000 1.000000 1.000000
4109.694824 0.000000 957.144287 0.000000 0.284293 0.000000 0.958737 1.000000 1.000000 1.000000
4099.896484 0.000000 949.504150 0.000000 0.203018 0.000000 0.979175 1.000000 1.000000 1.000000
4160.690430 0.000000 991.794189 0.000000 0.234688 0.000000 0.972071 1.000000 1.000000 1.000000
4222.255859 0.000000 953.996277 0.000000 0.230082 0.000000 0.973171 1.000000 1.000000 1.000000
4129.882324 0.000000 1026.158447 0.000000 0.353290 0.000000 0.935514 1.000000 1.000000 1.000000
4125.342285 0.000000 1008.680908 0.000000 0.200042 0.000000 0.979787 1.000000 1.000000 1.000000
4117.544434 0.000000 994.074341 0.000000 0.357417 0.000000 0.933945 1.000000 1.000000 1.000000
4123.270020 0.000000 1007.953552 0.000000 0.292990 0.000000 0.956115 1.000000 1.000000 1.000000
4171.912109 0.000000 1007.016296 0.000000 0.252854 0.000000 0.967505 1.000000 1.000000 1.000000
4278.236816 0.000000 1087.736816 0.000000 0.077942 0.000000 0.996958 1.000000 1.000000 1.000000
4810.854980 0.000000 861.060669 0.000000 0.360008 0.000000 0.932949 1.000000 1.000000 1.000000
5059.480957 0.000000 778.261169 0.000000 0.366653 0.000000 0.930358 1.000000 1.000000 1.000000
4113.304688 0.000000 1273.961304 0.000000 0.325383 0.000000 0.945582 1.000000 1.000000 1.000000
4105.063477 0.000000 1232.573730 0.000000 0.204616 0.000000 0.978842 1.000000 1.000000 1.000000
4114.616211 0.000000 1245.201904 0.000000 0.176943 0.000000 0.984221 1.000000 1.000000 1.000000
4119.264648 0.000000 1236.083984 0.000000 0.282863 0.000000 0.959160 1.000000 1.000000 1.000000
4113.154785 0.000000 1255.461792 0.000000 0.251120 0.000000 0.967956 1.000000 1.000000 1.000000
4119.759766 0.000000 1234.496704 0.000000 0.299846 0.000000 0.953987 1.000000 1.000000 1.000000
4136.324219 0.000000 1284.941284 0.000000 0.347454 0.000000 0.937697 1.000000 1.000000 1.000000
4141.352539 0.000000 1287.668701 0.000000 0.253542 0.000000 0.967324 1.000000 1.000000 1.000000
4138.512207 0.000000 1289.744995 0.000000 0.069088 0.000000 0.997611 1.000000 1.000000 1.000000
5019.721191 0.000000 1246.856567 0.000000 0.188591 0.000000 0.982056 1.000000 1.000000 1.000000
5110.924316 0.000000 1294.541992 0.000000 0.253668 0.000000 0.967291 1.000000 1.000000 1.000000
5081.973633 0.000000 1278.634766 0.000000 0.280272 0.000000 0.959920 1.000000 1.000000 1.000000
5233.610840 0.000000 941.638184 0.000000 0.142726 0.000000 0.989762 1.000000 1.000000 1.000000
5217.750000 0.000000 931.674072 0.000000 0.333275 0.000000 0.942830 1.000000 1.000000 1.000000
5260.590820 0.000000 969.687500 0.000000 0.296049 0.000000 0.955173 1.000000 1.000000 1.000000
5263.959473 0.000000 961.969116 0.000000 0.096001 0.000000 0.995381 1.000000 1.000000 1.000000
5327.325684 0.000000 993.813232 0.000000 0.288876 0.000000 0.957367 1.000000 1.000000 1.000000
5348.340332 0.000000 1068.556519 0.000000 0.325008 0.000000 0.945711 1.000000 1.000000 1.000000
5340.218262 0.000000 1061.330933 0.000000 0.128259 0.000000 0.991741 1.000000 1.000000 1.000000
5340.663086 0.000000 1062.993896 0.000000 0.146318 0.000000 0.989238 1.000000 1.000000 1.000000
5355.368652 0.000000 1078.691895 0.000000 0.085859 0.000000 0.996307 1.000000 1.000000 1.000000
5263.333496 0.000000 1088.297607 0.000000 0.262835 0.000000 0.964841 1.000000 1.000000 1.000000
5423.003906 0.000000 974.983582 0.000000 0.288905 0.000000 0.957358 1.000000 1.000000 1.000000
5407.273438 0.000000 961.759766 0.000000 0.220261 0.000000 0.975441 1.000000 1.000000 1.000000
5449.128906 0.000000 990.583191 0.000000 0.076263 0.000000 0.997088 1.000000 1.000000 1.000000
5442.417480 0.000000 969.504761 0.000000 0.236264 0.000000 0.971689 1.000000 1.000000 1.000000
5410.836426 0.000000 1017.746643 0.000000 0.267381 0.000000 0.963591 1.000000 1.000000 1.000000
5436.946777 0.000000 1004.737183 0.000000 0.138370 0.000000 0.990381 1.000000 1.000000 1.000000
5416.320801 0.000000 1030.018433 0.000000 0.178280 0.000000 0.983980 1.000000 1.000000 1.000000
5419.271484 0.000000 1029.012695 0.000000 0.098026 0.000000 0.995184 1.000000 1.000000 1.000000
5418.083496 0.000000 1028.693726 0.000000 0.163003 0.000000 0.986626 1.000000 1.000000 1.000000
5494.877441 0.000000 1011.088806 0.000000 0.100272 0.000000 0.994960 1.000000 1.000000 1.000000
5445.786133 0.000000 992.330017 0.000000 0.007041 0.000000 0.999975 1.000000 1.000000 1.000000
5443.106445 0.000000 994.833435 0.000000 0.124027 0.000000 0.992279 1.000000 1.000000 1.000000
5450.328613 0.000000 1035.922119 0.000000 0.298538 0.000000 0.954398 1.000000 1.000000 1.000000
5499.182129 0.000000 1007.872986 0.000000 0.253401 0.000000 0.967361 1.000000 1.000000 1.000000
5479.451660 0.000000 1022.282593 0.000000 0.318685 0.000000 0.947861 1.000000 1.000000 1.000000
5393.342773 0.000000 1070.588745 0.000000 0.046172 0.000000 0.998933 1.000000 1.000000 1.000000
5427.919434 0.000000 1064.774170 0.000000 0.216163 0.000000 0.976357 1.000000 1.000000 1.000000
5391.254395 0.000000 1043.612671 0.000000 0.042173 0.000000 0.999110 1.000000 1.000000 1.000000
5391.645020 0.000000 1071.901367 0.000000 0.174258 0.000000 0.984700 1.000000 1.000000 1.000000
5397.853516 0.000000 1070.932007 0.000000 0.268200 0.000000 0.963363 1.000000 1.000000 1.000000
5457.975586 0.000000 1064.501831 0.000000 0.097992 0.000000 0.995187 1.000000 1.000000 1.000000
5439.635742 0.000000 1090.624634 0.000000 0.261756 0.000000 0.965134 1.000000 1.000000 1.000000
5281.812012 0.000000 1155.760254 0.000000 0.096188 0.000000 0.995363 1.000000 1.000000 1.000000
5123.599121 0.000000 1304.272583 0.000000 0.088959 0.000000 0.996035 1.000000 1.000000 1.000000
4379.721191 0.000000 1714.400269 0.000000 0.328939 0.000000 0.944351 1.000000 1.000000 1.000000
4383.831543 0.000000 1756.056396 0.000000 0.232247 0.000000 0.972657 1.000000 1.000000 1.000000
4520.851562 0.000000 1719.728149 0.000000 0.129787 0.000000 0.991542 1.000000 1.000000 1.000000
4496.053223 0.000000 1717.844116 0.000000 0.279867 0.000000 0.960039 1.000000 1.000000 1.000000
4513.905762 0.000000 1722.666504 0.000000 0.222215 0.000000 0.974998 1.000000 1.000000 1.000000
4488.806641 0.000000 1727.665771 0.000000 0.229332 0.000000 0.973348 1.000000 1.000000 1.000000
4517.288574 0.000000 1745.902344 0.000000 0.083645 0.000000 0.996496 1.000000 1.000000 1.000000
4518.567871 0.000000 1732.852051 0.000000 0.298796 0.000000 0.954317 1.000000 1.000000 1.000000
4508.459473 0.000000 1747.210815 0.000000 0.191604 0.000000 0.981472 1.000000 1.000000 1.000000
4522.778809 0.000000 1733.197021 0.000000 0.065122 0.000000 0.997877 1.000000 1.000000 1.000000
4479.752930 0.000000 1752.015259 0.000000 0.135246 0.000000 0.990812 1.000000 1.000000 1.000000
4546.381836 0.000000 1787.031250 0.000000 0.168377 0.000000 0.985723 1.000000 1.000000 1.000000
4598.430176 0.000000 1781.679932 0.000000 0.230682 0.000000 0.973029 1.000000 1.000000 1.000000
4545.714355 0.000000 1782.832397 0.000000 0.324318 0.000000 0.945948 1.000000 1.000000 1.000000
4354.405273 0.000000 1834.273438 0.000000 0.164821 0.000000 0.986324 1.000000 1.000000 1.000000
4355.507324 0.000000 1829.449707 0.000000 0.026458 0.000000 0.999650 1.000000 1.000000 1.000000
4455.503906 0.000000 1840.604858 0.000000 0.196391 0.000000 0.980526 1.000000 1.000000 1.000000
4478.663574 0.000000 1813.465576 0.000000 0.268313 0.000000 0.963332 1.000000 1.000000 1.000000
4447.390625 0.000000 1859.361328 0.000000 0.028790 0.000000 0.999585 1.000000 1.000000 1.000000
4520.277344 0.000000 1804.605347 0.000000 0.107679 0.000000 0.994186 1.000000 1.000000 1.000000
4540.385254 0.000000 1835.155151 0.000000 0.067105 0.000000 0.997746 1.000000 1.000000 1.000000
4532.900879 0.000000 1810.900269 0.000000 0.363813 0.000000 0.931472 1.000000 1.000000 1.000000
4525.956543 0.000000 1840.493164 0.000000 0.154610 0.000000 0.987976 1.000000 1.000000 1.000000
4497.452148 0.000000 1826.463745 0.000000 0.082910 0.000000 0.996557 1.000000 1.000000 1.000000
4517.302246 0.000000 1803.420654 0.000000 0.131587 0.000000 0.991305 1.000000 1.000000 1.000000
4479.536621 0.000000 1815.311768 0.000000 0.228570 0.000000 0.973527 1.000000 1.000000 1.000000
4540.576660 0.000000 1840.810669 0.000000 0.134057 0.000000 0.990974 1.000000 1.000000 1.000000
4523.214355 0.000000 1799.151489 0.000000 0.079481 0.000000 0.996836 1.000000 1.000000 1.000000
4577.232422 0.000000 1835.205322 0.000000 0.181959 0.000000 0.983306 1.000000 1.000000 1.000000
4543.745117 0.000000 1808.816284 0.000000 0.125188 0.000000 0.992133 1.000000 1.000000 1.000000
4579.321777 0.000000 1832.419067 0.000000 0.123298 0.000000 0.992370 1.000000 1.000000 1.000000
4593.987793 0.000000 1835.541992 0.000000 0.141274 0.000000 0.989971 1.000000 1.000000 1.000000
4521.718750 0.000000 1846.899780 0.000000 0.140714 0.000000 0.990050 1.000000 1.000000 1.000000
4564.640625 0.000000 1875.320068 0.000000 0.025273 0.000000 0.999681 1.000000 1.000000 1.000000
4659.939941 0.000000 1641.032715 0.000000 0.110819 0.000000 0.993841 1.000000 1.000000 1.000000
4657.981445 0.000000 1633.475708 0.000000 0.212980 0.000000 0.977057 1.000000 1.000000 1.000000
4682.241699 0.000000 1690.363281 0.000000 0.294683 0.000000 0.955595 1.000000 1.000000 1.000000
4671.433105 0.000000 1695.845703 0.000000 0.159031 0.000000 0.987274 1.000000 1.000000 1.000000
4701.693848 0.000000 1694.959961 0.000000 0.238876 0.000000 0.971050 1.000000 1.000000 1.000000
4735.721680 0.000000 1657.530884 0.000000 0.037566 0.000000 0.999294 1.000000 1.000000 1.000000
4735.429199 0.000000 1692.180542 0.000000 0.288850 0.000000 0.957374 1.000000 1.000000 1.000000
4815.754883 0.000000 1675.111328 0.000000 0.200624 0.000000 0.979668 1.000000 1.000000 1.000000
4862.075684 0.000000 1674.067383 0.000000 0.312004 0.000000 0.950081 1.000000 1.000000 1.000000
4852.242676 0.000000 1690.472900 0.000000 0.284692 0.000000 0.958619 1.000000 1.000000 1.000000
4866.342773 0.000000 1645.304688 0.000000 0.327904 0.000000 0.944711 1.000000 1.000000 1.000000
4922.239746 0.000000 1632.936523 0.000000 0.109912 0.000000 0.993941 1.000000 1.000000 1.000000
4892.735840 0.000000 1612.400146 0.000000 0.242886 0.000000 0.970055 1.000000 1.000000 1.000000
4982.166504 0.000000 1652.807251 0.000000 0.287650 0.000000 0.957736 1.000000 1.000000 1.000000
4929.091797 0.000000 1650.613159 0.000000 0.314689 0.000000 0.949195 1.000000 1.000000 1.000000
4871.262695 0.000000 1684.461060 0.000000 0.164198 0.000000 0.986427 1.000000 1.000000 1.000000
4918.947754 0.000000 1672.479492 0.000000 0.073495 0.000000 0.997296 1.000000 1.000000 1.000000
4909.208496 0.000000 1674.940430 0.000000 0.189690 0.000000 0.981844 1.000000 1.000000 1.000000
4873.513184 0.000000 1695.254395 0.000000 0.223016 0.000000 0.974815 1.000000 1.000000 1.000000
4908.113770 0.000000 1691.355347 0.000000 0.192345 0.000000 0.981327 1.000000 1.000000 1.000000
4883.279785 0.000000 1689.002930 0.000000 0.058234 0.000000 0.998303 1.000000 1.000000 1.000000
4943.741211 0.000000 1667.719238 0.000000 0.350151 0.000000 0.936693 1.000000 1.000000 1.000000
5011.264160 0.000000 1689.002930 0.000000 0.096565 0.000000 0.995327 1.000000 1.000000 1.000000
5054.226074 0.000000 1685.967041 0.000000 0.073879 0.000000 0.997267 1.000000 1.000000 1.000000
5066.194824 0.000000 1690.363281 0.000000 0.134574 0.000000 0.990903 1.000000 1.000000 1.000000
5059.421387 0.000000 1687.723145 0.000000 0.062395 0.000000 0.998052 1.000000 1.000000 1.000000
5056.657715 0.000000 1686.641968 0.000000 0.068705 0.000000 0.997637 1.000000 1.000000 1.000000
4608.455566 0.000000 1770.882202 0.000000 0.161536 0.000000 0.986867 1.000000 1.000000 1.000000
4655.097656 0.000000 1778.100830 0.000000 0.104205 0.000000 0.994556 1.000000 1.000000 1.000000
4650.942871 0.000000 1771.779175 0.000000 0.028430 0.000000 0.999596 1.000000 1.000000 1.000000
4781.416504 0.000000 1735.743652 0.000000 0.344477 0.000000 0.938795 1.000000 1.000000 1.000000
4781.089844 0.000000 1701.591553 0.000000 0.232985 0.000000 0.972480 1.000000 1.000000 1.000000
4819.673828 0.000000 1700.833618 0.000000 0.006772 0.000000 0.999977 1.000000 1.000000 1.000000
4861.488770 0.000000 1704.877075 0.000000 0.006311 0.000000 0.999980 1.000000 1.000000 1.000000
4833.350586 0.000000 1793.449341 0.000000 0.314888 0.000000 0.949129 1.000000 1.000000 1.000000
4662.922852 0.000000 1836.823975 0.000000 0.307441 0.000000 0.951567 1.000000 1.000000 1.000000
4637.817383 0.000000 1826.051880 0.000000 0.053299 0.000000 0.998579 1.000000 1.000000 1.000000
4607.467773 0.000000 1800.525879 0.000000 0.320283 0.000000 0.947322 1.000000 1.000000 1.000000
4657.681152 0.000000 1886.482056 0.000000 0.370915 0.000000 0.928667 1.000000 1.000000 1.000000
4653.940918 0.000000 1887.735352 0.000000 0.002655 0.000000 0.999996 1.000000 1.000000 1.000000
4613.486816 0.000000 1884.557129 0.000000 0.371598 0.000000 0.928394 1.000000 1.000000 1.000000
4651.841309 0.000000 1843.159668 0.000000 0.229257 0.000000 0.973366 1.000000 1.000000 1.000000
4786.685059 0.000000 1801.126953 0.000000 0.240606 0.000000 0.970623 1.000000 1.000000 1.000000
4807.031250 0.000000 1830.273071 0.000000 0.285043 0.000000 0.958515 1.000000 1.000000 1.000000
4798.942383 0.000000 1877.696655 0.000000 0.103850 0.000000 0.994593 1.000000 1.000000 1.000000
4794.940430 0.000000 1880.825317 0.000000 0.090632 0.000000 0.995884 1.000000 1.000000 1.000000
4804.489746 0.000000 1857.696411 0.000000 0.047462 0.000000 0.998873 1.000000 1.000000 1.000000
4830.354004 0.000000 1888.434814 0.000000 0.280857 0.000000 0.959750 1.000000 1.000000 1.000000
4918.174316 0.000000 1747.291626 0.000000 0.114574 0.000000 0.993415 1.000000 1.000000 1.000000
4867.065430 0.000000 1707.262207 0.000000 0.274603 0.000000 0.961558 1.000000 1.000000 1.000000
4922.023926 0.000000 1737.309204 0.000000 0.338355 0.000000 0.941018 1.000000 1.000000 1.000000
4918.598633 0.000000 1764.875854 0.000000 0.164004 0.000000 0.986460 1.000000 1.000000 1.000000
4928.677734 0.000000 1765.795776 0.000000 0.239558 0.000000 0.970882 1.000000 1.000000 1.000000
4990.060059 0.000000 1768.551758 0.000000 0.174226 0.000000 0.984706 1.000000 1.000000 1.000000
5046.300781 0.000000 1712.672363 0.000000 0.278372 0.000000 0.960473 1.000000 1.000000 1.000000
4998.502930 0.000000 1703.620117 0.000000 0.228415 0.000000 0.973564 1.000000 1.000000 1.000000
4997.915527 0.000000 1723.157837 0.000000 0.346048 0.000000 0.938217 1.000000 1.000000 1.000000
5025.755371 0.000000 1704.733032 0.000000 0.019185 0.000000 0.999816 1.000000 1.000000 1.000000
5000.840332 0.000000 1702.885864 0.000000 0.280627 0.000000 0.959817 1.000000 1.000000 1.000000
5065.884277 0.000000 1721.197144 0.000000 0.038711 0.000000 0.999250 1.000000 1.000000 1.000000
5015.054199 0.000000 1763.200439 0.000000 0.215156 0.000000 0.976580 1.000000 1.000000 1.000000
5105.509277 0.000000 1748.116943 0.000000 0.124632 0.000000 0.992203 1.000000 1.000000 1.000000
4884.372559 0.000000 1838.799438 0.000000 0.076363 0.000000 0.997080 1.000000 1.000000 1.000000
4893.791992 0.000000 1803.220703 0.000000 0.097359 0.000000 0.995249 1.000000 1.000000 1.000000
4938.840820 0.000000 1796.898804 0.000000 0.323554 0.000000 0.946210 1.000000 1.000000 1.000000
4965.844727 0.000000 1817.010742 0.000000 0.213487 0.000000 0.976946 1.000000 1.000000 1.000000
4932.699707 0.000000 1808.064453 0.000000 0.291371 0.000000 0.956610 1.000000 1.000000 1.000000
4930.049316 0.000000 1818.279297 0.000000 0.119744 0.000000 0.992805 1.000000 1.000000 1.000000
4867.444824 0.000000 1876.691895 0.000000 0.152283 0.000000 0.988337 1.000000 1.000000 1.000000
4868.785645 0.000000 1879.601929 0.000000 0.288776 0.000000 0.957397 1.000000 1.000000 1.000000
4948.729492 0.000000 1850.103271 0.000000 0.143577 0.000000 0.989639 1.000000 1.000000 1.000000
5032.271484 0.000000 1811.146240 0.000000 0.119911 0.000000 0.992785 1.000000 1.000000 1.000000
5034.694824 0.000000 1811.194702 0.000000 0.261218 0.000000 0.965280 1.000000 1.000000 1.000000
5069.936035 0.000000 1801.842529 0.000000 0.218350 0.000000 0.975871 1.000000 1.000000 1.000000
4270.062988 0.000000 2057.673828 0.000000 0.076307 0.000000 0.997084 1.000000 1.000000 1.000000
4398.047363 0.000000 1915.947266 0.000000 0.252029 0.000000 0.967720 1.000000 1.000000 1.000000
4355.244629 0.000000 1900.666504 0.000000 0.074037 0.000000 0.997256 1.000000 1.000000 1.000000
4402.078613 0.000000 1913.182373 0.000000 0.304570 0.000000 0.952490 1.000000 1.000000 1.000000
4444.698242 0.000000 1922.515259 0.000000 0.007134 0.000000 0.999975 1.000000 1.000000 1.000000
4412.702637 0.000000 1954.527344 0.000000 0.323025 0.000000 0.946390 1.000000 1.000000 1.000000
4604.823730 0.000000 1889.890137 0.000000 0.320255 0.000000 0.947331 1.000000 1.000000 1.000000
4420.679688 0.000000 2051.766602 0.000000 0.302973 0.000000 0.952999 1.000000 1.000000 1.000000
4241.021484 0.000000 2137.686279 0.000000 0.132275 0.000000 0.991213 1.000000 1.000000 1.000000
4267.360840 0.000000 2161.704834 0.000000 0.215411 0.000000 0.976523 1.000000 1.000000 1.000000
4250.917969 0.000000 2135.850830 0.000000 0.186391 0.000000 0.982476 1.000000 1.000000 1.000000
4250.105469 0.000000 2130.680420 0.000000 0.232837 0.000000 0.972516 1.000000 1.000000 1.000000
4325.712891 0.000000 2187.449707 0.000000 0.218768 0.000000 0.975777 1.000000 1.000000 1.000000
4333.329102 0.000000 2185.270508 0.000000 0.058667 0.000000 0.998278 1.000000 1.000000 1.000000
4453.697266 0.000000 2092.965332 0.000000 0.052453 0.000000 0.998623 1.000000 1.000000 1.000000
4470.445801 0.000000 2112.375244 0.000000 0.174602 0.000000 0.984639 1.000000 1.000000 1.000000
4476.373047 0.000000 2120.668945 0.000000 0.261431 0.000000 0.965222 1.000000 1.000000 1.000000
4475.601562 0.000000 2114.458984 0.000000 0.015027 0.000000 0.999887 1.000000 1.000000 1.000000
4446.884766 0.000000 2121.092041 0.000000 0.044743 0.000000 0.998999 1.000000 1.000000 1.000000
4453.840332 0.000000 2090.876465 0.000000 0.165474 0.000000 0.986214 1.000000 1.000000 1.000000
4452.493164 0.000000 2144.299072 0.000000 0.186157 0.000000 0.982520 1.000000 1.000000 1.000000
4478.400879 0.000000 2153.195068 0.000000 0.369158 0.000000 0.929367 1.000000 1.000000 1.000000
4452.193848 0.000000 2172.474121 0.000000 0.091195 0.000000 0.995833 1.000000 1.000000 1.000000
4518.725586 0.000000 2114.455322 0.000000 0.034666 0.000000 0.999399 1.000000 1.000000 1.000000
4540.385254 0.000000 2118.608398 0.000000 0.281751 0.000000 0.959488 1.000000 1.000000 1.000000
4542.973633 0.000000 2113.907715 0.000000 0.212515 0.000000 0.977158 1.000000 1.000000 1.000000
4576.080566 0.000000 2109.333496 0.000000 0.239109 0.000000 0.970993 1.000000 1.000000 1.000000
4561.250000 0.000000 2124.320801 0.000000 0.288307 0.000000 0.957538 1.000000 1.000000 1.000000
4582.836426 0.000000 2098.395996 0.000000 0.220543 0.000000 0.975377 1.000000 1.000000 1.000000
4570.584961 0.000000 2108.092773 0.000000 0.245022 0.000000 0.969518 1.000000 1.000000 1.000000
4552.980957 0.000000 2110.115723 0.000000 0.330404 0.000000 0.943840 1.000000 1.000000 1.000000
4592.497070 0.000000 2121.634277 0.000000 0.280207 0.000000 0.959939 1.000000 1.000000 1.000000
4569.671387 0.000000 2113.655029 0.000000 0.372095 0.000000 0.928195 1.000000 1.000000 1.000000
4591.248047 0.000000 2121.979980 0.000000 0.235476 0.000000 0.971880 1.000000 1.000000 1.000000
4479.822266 0.000000 2156.255859 0.000000 0.188857 0.000000 0.982005 1.000000 1.000000 1.000000
4499.326660 0.000000 2161.424805 0.000000 0.134611 0.000000 0.990898 1.000000 1.000000 1.000000
4495.795898 0.000000 2140.141113 0.000000 0.145387 0.000000 0.989375 1.000000 1.000000 1.000000
4504.688477 0.000000 2162.075195 0.000000 0.235026 0.000000 0.971989 1.000000 1.000000 1.000000
4536.889160 0.000000 2167.449951 0.000000 0.350344 0.000000 0.936621 1.000000 1.000000 1.000000
4508.096680 0.000000 2156.708008 0.000000 0.129387 0.000000 0.991594 1.000000 1.000000 1.000000
4500.150879 0.000000 2167.912354 0.000000 0.000712 0.000000 1.000000 1.000000 1.000000 1.000000
4542.006836 0.000000 2165.823242 0.000000 0.358443 0.000000 0.933551 1.000000 1.000000 1.000000
4503.059082 0.000000 2167.666992 0.000000 0.155375 0.000000 0.987855 1.000000 1.000000 1.000000
4503.802734 0.000000 2164.897461 0.000000 0.215982 0.000000 0.976397 1.000000 1.000000 1.000000
4500.767090 0.000000 2166.859131 0.000000 0.366054 0.000000 0.930594 1.000000 1.000000 1.000000
4539.177734 0.000000 2165.492432 0.000000 0.373329 0.000000 0.927699 1.000000 1.000000 1.000000
4498.611328 0.000000 2162.443359 0.000000 0.070588 0.000000 0.997506 1.000000 1.000000 1.000000
4538.207031 0.000000 2165.003174 0.000000 0.272931 0.000000 0.962034 1.000000 1.000000 1.000000
4507.531738 0.000000 2169.240234 0.000000 0.224008 0.000000 0.974587 1.000000 1.000000 1.000000
4506.184082 0.000000 2169.926758 0.000000 0.157671 0.000000 0.987492 1.000000 1.000000 1.000000
4543.814453 0.000000 2156.255859 0.000000 0.242275 0.000000 0.970208 1.000000 1.000000 1.000000
4585.062012 0.000000 2162.410156 0.000000 0.347369 0.000000 0.937729 1.000000 1.000000 1.000000
4402.078613 0.000000 2196.635742 0.000000 0.365736 0.000000 0.930719 1.000000 1.000000 1.000000
4405.299316 0.000000 2195.079102 0.000000 0.086677 0.000000 0.996236 1.000000 1.000000 1.000000
4398.811035 0.000000 2192.204346 0.000000 0.294925 0.000000 0.955520 1.000000 1.000000 1.000000
4402.716797 0.000000 2194.286377 0.000000 0.253124 0.000000 0.967434 1.000000 1.000000 1.000000
4406.736328 0.000000 2193.964355 0.000000 0.121013 0.000000 0.992651 1.000000 1.000000 1.000000
4408.581055 0.000000 2191.243896 0.000000 0.020647 0.000000 0.999787 1.000000 1.000000 1.000000
4403.734375 0.000000 2195.306152 0.000000 0.216095 0.000000 0.976372 1.000000 1.000000 1.000000
4420.536621 0.000000 2188.391846 0.000000 0.236997 0.000000 0.971510 1.000000 1.000000 1.000000
4436.019531 0.000000 2189.880127 0.000000 0.340294 0.000000 0.940319 1.000000 1.000000 1.000000
4613.983398 0.000000 1895.218750 0.000000 0.373151 0.000000 0.927771 1.000000 1.000000 1.000000
4646.617676 0.000000 1907.220215 0.000000 0.028779 0.000000 0.999586 1.000000 1.000000 1.000000
4651.313965 0.000000 1925.493774 0.000000 0.039468 0.000000 0.999221 1.000000 1.000000 1.000000
4646.828613 0.000000 1909.427124 0.000000 0.025309 0.000000 0.999680 1.000000 1.000000 1.000000
4609.830566 0.000000 1893.809082 0.000000 0.363338 0.000000 0.931657 1.000000 1.000000 1.000000
4750.201660 0.000000 1920.960571 0.000000 0.157884 0.000000 0.987458 1.000000 1.000000 1.000000
4654.004395 0.000000 1993.878418 0.000000 0.166905 0.000000 0.985973 1.000000 1.000000 1.000000
4713.405762 0.000000 2023.279541 0.000000 0.345668 0.000000 0.938357 1.000000 1.000000 1.000000
4699.001953 0.000000 2019.892212 0.000000 0.078734 0.000000 0.996896 1.000000 1.000000 1.000000
4648.054199 0.000000 2037.340210 0.000000 0.323572 0.000000 0.946203 1.000000 1.000000 1.000000
4642.620605 0.000000 2044.459351 0.000000 0.211409 0.000000 0.977398 1.000000 1.000000 1.000000
4643.856445 0.000000 2052.096924 0.000000 0.256564 0.000000 0.966527 1.000000 1.000000 1.000000
4642.095703 0.000000 2051.398926 0.000000 0.327910 0.000000 0.944709 1.000000 1.000000 1.000000
4644.194336 0.000000 2053.878418 0.000000 0.307784 0.000000 0.951456 1.000000 1.000000 1.000000
4631.043457 0.000000 2073.182617 0.000000 0.056788 0.000000 0.998386 1.000000 1.000000 1.000000
4631.787109 0.000000 2070.413086 0.000000 0.059778 0.000000 0.998212 1.000000 1.000000 1.000000
4645.946777 0.000000 2070.596924 0.000000 0.041359 0.000000 0.999144 1.000000 1.000000 1.000000
4708.881348 0.000000 2036.928833 0.000000 0.128244 0.000000 0.991743 1.000000 1.000000 1.000000
4723.550293 0.000000 2040.752930 0.000000 0.147812 0.000000 0.989016 1.000000 1.000000 1.000000
4706.047852 0.000000 2037.637695 0.000000 0.358224 0.000000 0.933636 1.000000 1.000000 1.000000
4671.484863 0.000000 2068.756348 0.000000 0.371517 0.000000 0.928426 1.000000 1.000000 1.000000
4964.430664 0.000000 1955.330200 0.000000 0.020557 0.000000 0.999789 1.000000 1.000000 1.000000
4950.354004 0.000000 1936.949829 0.000000 0.296639 0.000000 0.954990 1.000000 1.000000 1.000000
5038.732910 0.000000 1908.751221 0.000000 0.190491 0.000000 0.981689 1.000000 1.000000 1.000000
5058.319336 0.000000 1928.757812 0.000000 0.351439 0.000000 0.936211 1.000000 1.000000 1.000000
5081.597656 0.000000 1907.094849 0.000000 0.304423 0.000000 0.952537 1.000000 1.000000 1.000000
5079.303223 0.000000 1910.944092 0.000000 0.208665 0.000000 0.977987 1.000000 1.000000 1.000000
5058.549805 0.000000 1926.596680 0.000000 0.237178 0.000000 0.971466 1.000000 1.000000 1.000000
5099.544922 0.000000 1942.646851 0.000000 0.118450 0.000000 0.992960 1.000000 1.000000 1.000000
5094.497559 0.000000 1969.062988 0.000000 0.019306 0.000000 0.999814 1.000000 1.000000 1.000000
4612.656250 0.000000 2099.008789 0.000000 0.083747 0.000000 0.996487 1.000000 1.000000 1.000000
4615.054688 0.000000 2113.726318 0.000000 0.353570 0.000000 0.935408 1.000000 1.000000 1.000000
4641.668457 0.000000 2107.043701 0.000000 0.018173 0.000000 0.999835 1.000000 1.000000 1.000000
4649.258301 0.000000 2100.350586 0.000000 0.054329 0.000000 0.998523 1.000000 1.000000 1.000000
4611.548340 0.000000 2096.460205 0.000000 0.208621 0.000000 0.977996 1.000000 1.000000 1.000000
4613.744629 0.000000 2124.656006 0.000000 0.343904 0.000000 0.939005 1.000000 1.000000 1.000000
4638.676758 0.000000 2107.511230 0.000000 0.001980 0.000000 0.999998 1.000000 1.000000 1.000000
4653.412109 0.000000 2094.745605 0.000000 0.236828 0.000000 0.971552 1.000000 1.000000 1.000000
4618.154297 0.000000 2094.681152 0.000000 0.036529 0.000000 0.999333 1.000000 1.000000 1.000000
4636.443848 0.000000 2125.148438 0.000000 0.274634 0.000000 0.961549 1.000000 1.000000 1.000000
4612.415039 0.000000 2122.373291 0.000000 0.095272 0.000000 0.995451 1.000000 1.000000 1.000000
4667.654297 0.000000 2122.655273 0.000000 0.149059 0.000000 0.988828 1.000000 1.000000 1.000000
4628.227051 0.000000 2087.756348 0.000000 0.002703 0.000000 0.999996 1.000000 1.000000 1.000000
4624.935059 0.000000 2089.334229 0.000000 0.210831 0.000000 0.977523 1.000000 1.000000 1.000000
4687.610840 0.000000 2107.029297 0.000000 0.309442 0.000000 0.950918 1.000000 1.000000 1.000000
4615.293945 0.000000 2156.883057 0.000000 0.232823 0.000000 0.972519 1.000000 1.000000 1.000000
4621.379883 0.000000 2129.827881 0.000000 0.000561 0.000000 1.000000 1.000000 1.000000 1.000000
4633.529785 0.000000 2137.915283 0.000000 0.357763 0.000000 0.933813 1.000000 1.000000 1.000000
4617.113281 0.000000 2133.695312 0.000000 0.203164 0.000000 0.979145 1.000000 1.000000 1.000000
4659.858398 0.000000 2140.465576 0.000000 0.241540 0.000000 0.970391 1.000000 1.000000 1.000000
5303.051270 0.000000 1660.876953 0.000000 0.252233 0.000000 0.967667 1.000000 1.000000 1.000000
5174.285156 0.000000 1712.672363 0.000000 0.021467 0.000000 0.999770 1.000000 1.000000 1.000000
5175.066895 0.000000 1708.119141 0.000000 0.189453 0.000000 0.981890 1.000000 1.000000 1.000000
5175.670410 0.000000 1921.152954 0.000000 0.079994 0.000000 0.996795 1.000000 1.000000 1.000000
5213.665039 0.000000 1909.373291 0.000000 0.113431 0.000000 0.993546 1.000000 1.000000 1.000000
5187.591309 0.000000 1918.421021 0.000000 0.020460 0.000000 0.999791 1.000000 1.000000 1.000000
5212.233887 0.000000 1911.690308 0.000000 0.132863 0.000000 0.991134 1.000000 1.000000 1.000000
5194.240234 0.000000 1902.707397 0.000000 0.303195 0.000000 0.952928 1.000000 1.000000 1.000000
5172.254883 0.000000 1937.470947 0.000000 0.013243 0.000000 0.999912 1.000000 1.000000 1.000000
5258.171387 0.000000 1926.574219 0.000000 0.078735 0.000000 0.996896 1.000000 1.000000 1.000000
5267.232910 0.000000 1925.213867 0.000000 0.314033 0.000000 0.949412 1.000000 1.000000 1.000000
5257.475098 0.000000 1928.936157 0.000000 0.244139 0.000000 0.969740 1.000000 1.000000 1.000000
5258.938965 0.000000 1929.937622 0.000000 0.184838 0.000000 0.982769 1.000000 1.000000 1.000000
5281.742188 0.000000 1971.002319 0.000000 0.072562 0.000000 0.997364 1.000000 1.000000 1.000000
5295.302246 0.000000 1952.628906 0.000000 0.165275 0.000000 0.986247 1.000000 1.000000 1.000000
5294.349609 0.000000 1960.667114 0.000000 0.137899 0.000000 0.990446 1.000000 1.000000 1.000000
5256.395508 0.000000 1966.073975 0.000000 0.281646 0.000000 0.959518 1.000000 1.000000 1.000000
5278.390625 0.000000 1939.792969 0.000000 0.064896 0.000000 0.997892 1.000000 1.000000 1.000000
5341.615723 0.000000 1978.413086 0.000000 0.231685 0.000000 0.972791 1.000000 1.000000 1.000000
5194.711914 0.000000 2002.224609 0.000000 0.230870 0.000000 0.972985 1.000000 1.000000 1.000000
5291.151855 0.000000 1996.717041 0.000000 0.008315 0.000000 0.999965 1.000000 1.000000 1.000000
5341.004883 0.000000 1998.976074 0.000000 0.196094 0.000000 0.980585 1.000000 1.000000 1.000000
5333.609863 0.000000 2061.132568 0.000000 0.295193 0.000000 0.955438 1.000000 1.000000 1.000000
5400.579102 0.000000 1973.106323 0.000000 0.268598 0.000000 0.963252 1.000000 1.000000 1.000000
5411.281738 0.000000 1944.764771 0.000000 0.212876 0.000000 0.977079 1.000000 1.000000 1.000000
5521.132812 0.000000 1982.594116 0.000000 0.073207 0.000000 0.997317 1.000000 1.000000 1.000000
5536.196777 0.000000 1979.682739 0.000000 0.319031 0.000000 0.947744 1.000000 1.000000 1.000000
5469.721680 0.000000 1992.189453 0.000000 0.173496 0.000000 0.984834 1.000000 1.000000 1.000000
5438.005371 0.000000 2052.004883 0.000000 0.023298 0.000000 0.999729 1.000000 1.000000 1.000000
5532.521973 0.000000 1987.265869 0.000000 0.273999 0.000000 0.961730 1.000000 1.000000 1.000000
5188.480469 0.000000 2119.216309 0.000000 0.194264 0.000000 0.980949 1.000000 1.000000 1.000000
5245.851074 0.000000 2149.885010 0.000000 0.129874 0.000000 0.991530 1.000000 1.000000 1.000000
5278.702637 0.000000 2118.001221 0.000000 0.240119 0.000000 0.970744 1.000000 1.000000 1.000000
5306.585449 0.000000 2139.096924 0.000000 0.325594 0.000000 0.945510 1.000000 1.000000 1.000000
5320.915039 0.000000 2130.175293 0.000000 0.237555 0.000000 0.971374 1.000000 1.000000 1.000000
5315.010742 0.000000 2179.684326 0.000000 0.178183 0.000000 0.983997 1.000000 1.000000 1.000000
5391.524902 0.000000 2107.029297 0.000000 0.133351 0.000000 0.991069 1.000000 1.000000 1.000000
5462.999512 0.000000 2141.138184 0.000000 0.230813 0.000000 0.972998 1.000000 1.000000 1.000000
5407.658691 0.000000 2177.622070 0.000000 0.328371 0.000000 0.944549 1.000000 1.000000 1.000000
5497.242188 0.000000 2197.457764 0.000000 0.175094 0.000000 0.984552 1.000000 1.000000 1.000000
5485.003906 0.000000 2221.255859 0.000000 0.131948 0.000000 0.991257 1.000000 1.000000 1.000000
5549.197266 0.000000 2260.903320 0.000000 0.143786 0.000000 0.989609 1.000000 1.000000 1.000000
5503.627930 0.000000 2233.996094 0.000000 0.128400 0.000000 0.991722 1.000000 1.000000 1.000000
5555.393555 0.000000 2261.866211 0.000000 0.251239 0.000000 0.967925 1.000000 1.000000 1.000000
5552.289551 0.000000 2261.674316 0.000000 0.061423 0.000000 0.998112 1.000000 1.000000 1.000000
5631.681641 0.000000 2250.740234 0.000000 0.152542 0.000000 0.988297 1.000000 1.000000 1.000000
4543.814453 0.000000 2581.435547 0.000000 0.076441 0.000000 0.997074 1.000000 1.000000 1.000000
4535.145020 0.000000 2605.720947 0.000000 0.364845 0.000000 0.931068 1.000000 1.000000 1.000000
4540.126953 0.000000 2600.672119 0.000000 0.165766 0.000000 0.986165 1.000000 1.000000 1.000000
4921.241699 0.000000 2472.999756 0.000000 0.266319 0.000000 0.963885 1.000000 1.000000 1.000000
4929.983887 0.000000 2469.598145 0.000000 0.001642 0.000000 0.999999 1.000000 1.000000 1.000000
5014.706055 0.000000 2576.600342 0.000000 0.089223 0.000000 0.996012 1.000000 1.000000 1.000000
5286.474121 0.000000 2347.000732 0.000000 0.075241 0.000000 0.997165 1.000000 1.000000 1.000000
5374.781738 0.000000 2331.176025 0.000000 0.258195 0.000000 0.966093 1.000000 1.000000 1.000000
5126.195801 0.000000 2453.113525 0.000000 0.205509 0.000000 0.978655 1.000000 1.000000 1.000000
5166.930664 0.000000 2456.533936 0.000000 0.078049 0.000000 0.996950 1.000000 1.000000 1.000000
5355.513672 0.000000 2415.068848 0.000000 0.061325 0.000000 0.998118 1.000000 1.000000 1.000000
5532.657715 0.000000 2273.791016 0.000000 0.247856 0.000000 0.968797 1.000000 1.000000 1.000000
5559.513672 0.000000 2351.060303 0.000000 0.290036 0.000000 0.957016 1.000000 1.000000 1.000000
5543.746582 0.000000 2339.511963 0.000000 0.165500 0.000000 0.986210 1.000000 1.000000 1.000000
5566.848633 0.000000 2397.360840 0.000000 0.285926 0.000000 0.958252 1.000000 1.000000 1.000000
5578.132324 0.000000 2398.996338 0.000000 0.287502 0.000000 0.957780 1.000000 1.000000 1.000000
5572.699707 0.000000 2399.266113 0.000000 0.348318 0.000000 0.937376 1.000000 1.000000 1.000000
5526.276367 0.000000 2414.614502 0.000000 0.155505 0.000000 0.987835 1.000000 1.000000 1.000000
5599.635254 0.000000 2413.833008 0.000000 0.344340 0.000000 0.938845 1.000000 1.000000 1.000000
5165.042969 0.000000 2457.466797 0.000000 0.282441 0.000000 0.959285 1.000000 1.000000 1.000000
5130.248047 0.000000 2469.613770 0.000000 0.198119 0.000000 0.980178 1.000000 1.000000 1.000000
5628.104980 0.000000 2487.082520 0.000000 0.256149 0.000000 0.966637 1.000000 1.000000 1.000000
5520.394531 0.000000 2542.197510 0.000000 0.110992 0.000000 0.993821 1.000000 1.000000 1.000000
5641.105469 0.000000 2313.364746 0.000000 0.046590 0.000000 0.998914 1.000000 1.000000 1.000000
5657.404785 0.000000 2326.884033 0.000000 0.310639 0.000000 0.950528 1.000000 1.000000 1.000000
5683.888184 0.000000 2387.555664 0.000000 0.090674 0.000000 0.995881 1.000000 1.000000 1.000000
5725.568848 0.000000 2403.593018 0.000000 0.126310 0.000000 0.991991 1.000000 1.000000 1.000000
5719.678223 0.000000 2393.443115 0.000000 0.183790 0.000000 0.982965 1.000000 1.000000 1.000000
5698.517090 0.000000 2370.930664 0.000000 0.194723 0.000000 0.980858 1.000000 1.000000 1.000000
5720.660156 0.000000 2438.253174 0.000000 0.030795 0.000000 0.999526 1.000000 1.000000 1.000000
5718.620117 0.000000 2434.873779 0.000000 0.186579 0.000000 0.982440 1.000000 1.000000 1.000000
6022.882812 0.000000 2349.937256 0.000000 0.012298 0.000000 0.999924 1.000000 1.000000 1.000000
5989.108887 0.000000 2407.293213 0.000000 0.261154 0.000000 0.965297 1.000000 1.000000 1.000000
5988.006348 0.000000 2408.685059 0.000000 0.172033 0.000000 0.985091 1.000000 1.000000 1.000000
5979.444336 0.000000 2454.060547 0.000000 0.192680 0.000000 0.981262 1.000000 1.000000 1.000000
5989.986328 0.000000 2410.239014 0.000000 0.144490 0.000000 0.989506 1.000000 1.000000 1.000000
6002.536621 0.000000 2415.275635 0.000000 0.166374 0.000000 0.986063 1.000000 1.000000 1.000000
5981.565430 0.000000 2453.137695 0.000000 0.243980 0.000000 0.969780 1.000000 1.000000 1.000000
5978.335938 0.000000 2452.374023 0.000000 0.223882 0.000000 0.974616 1.000000 1.000000 1.000000
6076.288086 0.000000 2388.105713 0.000000 0.062927 0.000000 0.998018 1.000000 1.000000 1.000000
6034.101562 0.000000 2405.921875 0.000000 0.131314 0.000000 0.991341 1.000000 1.000000 1.000000
6110.782715 0.000000 2396.846680 0.000000 0.260073 0.000000 0.965589 1.000000 1.000000 1.000000
6108.759766 0.000000 2397.127197 0.000000 0.082110 0.000000 0.996623 1.000000 1.000000 1.000000
6094.499512 0.000000 2396.800049 0.000000 0.335072 0.000000 0.942193 1.000000 1.000000 1.000000
6113.493164 0.000000 2397.996826 0.000000 0.295553 0.000000 0.955326 1.000000 1.000000 1.000000
6040.621094 0.000000 2438.253174 0.000000 0.061716 0.000000 0.998094 1.000000 1.000000 1.000000
6049.020996 0.000000 2409.632568 0.000000 0.041157 0.000000 0.999153 1.000000 1.000000 1.000000
6039.639160 0.000000 2440.685303 0.000000 0.187655 0.000000 0.982235 1.000000 1.000000 1.000000
6121.233887 0.000000 2448.459473 0.000000 0.005622 0.000000 0.999984 1.000000 1.000000 1.000000
6120.138672 0.000000 2425.294922 0.000000 0.327508 0.000000 0.944848 1.000000 1.000000 1.000000
6128.219238 0.000000 2450.643066 0.000000 0.333276 0.000000 0.942829 1.000000 1.000000 1.000000
5740.486328 0.000000 2470.811768 0.000000 0.338696 0.000000 0.940896 1.000000 1.000000 1.000000
5722.141602 0.000000 2487.904053 0.000000 0.226786 0.000000 0.973945 1.000000 1.000000 1.000000
5725.160156 0.000000 2483.864014 0.000000 0.253817 0.000000 0.967252 1.000000 1.000000 1.000000
5788.534180 0.000000 2536.663818 0.000000 0.364974 0.000000 0.931018 1.000000 1.000000 1.000000
5773.849609 0.000000 2530.626709 0.000000 0.313500 0.000000 0.949588 1.000000 1.000000 1.000000
5853.131348 0.000000 2520.431152 0.000000 0.290272 0.000000 0.956944 1.000000 1.000000 1.000000
5742.964844 0.000000 2581.218262 0.000000 0.050913 0.000000 0.998703 1.000000 1.000000 1.000000
5702.416992 0.000000 2553.979492 0.000000 0.137331 0.000000 0.990525 1.000000 1.000000 1.000000
5777.101562 0.000000 2596.742676 0.000000 0.275277 0.000000 0.961365 1.000000 1.000000 1.000000
5762.463867 0.000000 2587.987305 0.000000 0.299175 0.000000 0.954198 1.000000 1.000000 1.000000
5841.174316 0.000000 2554.980225 0.000000 0.299609 0.000000 0.954062 1.000000 1.000000 1.000000
5823.069824 0.000000 2610.646973 0.000000 0.269026 0.000000 0.963133 1.000000 1.000000 1.000000
5782.153320 0.000000 2633.667480 0.000000 0.106336 0.000000 0.994330 1.000000 1.000000 1.000000
5823.588867 0.000000 2611.933594 0.000000 0.324039 0.000000 0.946044 1.000000 1.000000 1.000000
5960.836914 0.000000 2460.870605 0.000000 0.151879 0.000000 0.988399 1.000000 1.000000 1.000000
6120.904297 0.000000 2469.542969 0.000000 0.063048 0.000000 0.998010 1.000000 1.000000 1.000000
5907.528809 0.000000 2644.134521 0.000000 0.074547 0.000000 0.997217 1.000000 1.000000 1.000000
5985.420410 0.000000 2606.428223 0.000000 0.165259 0.000000 0.986250 1.000000 1.000000 1.000000
6126.248047 0.000000 2574.815674 0.000000 0.237522 0.000000 0.971382 1.000000 1.000000 1.000000
6026.845215 0.000000 2638.570557 0.000000 0.057169 0.000000 0.998365 1.000000 1.000000 1.000000
6142.485352 0.000000 2644.123291 0.000000 0.309970 0.000000 0.950746 1.000000 1.000000 1.000000
5170.767090 0.000000 2801.657227 0.000000 0.276740 0.000000 0.960945 1.000000 1.000000 1.000000
5171.795898 0.000000 2801.856201 0.000000 0.296132 0.000000 0.955147 1.000000 1.000000 1.000000
5252.472656 0.000000 2827.849121 0.000000 0.073522 0.000000 0.997294 1.000000 1.000000 1.000000
5255.375488 0.000000 2829.331543 0.000000 0.156198 0.000000 0.987726 1.000000 1.000000 1.000000
5230.733398 0.000000 2856.687744 0.000000 0.047062 0.000000 0.998892 1.000000 1.000000 1.000000
5421.992676 0.000000 2849.350098 0.000000 0.273385 0.000000 0.961905 1.000000 1.000000 1.000000
5617.563965 0.000000 2973.052490 0.000000 0.186461 0.000000 0.982462 1.000000 1.000000 1.000000
5753.140137 0.000000 2661.968506 0.000000 0.277614 0.000000 0.960693 1.000000 1.000000 1.000000
5804.432129 0.000000 2677.745117 0.000000 0.302843 0.000000 0.953040 1.000000 1.000000 1.000000
5763.067383 0.000000 2695.552246 0.000000 0.058309 0.000000 0.998299 1.000000 1.000000 1.000000
5873.415527 0.000000 2692.960693 0.000000 0.058538 0.000000 0.998285 1.000000 1.000000 1.000000
5827.059570 0.000000 2695.552246 0.000000 0.133977 0.000000 0.990984 1.000000 1.000000 1.000000
5854.299316 0.000000 2740.828613 0.000000 0.177814 0.000000 0.984064 1.000000 1.000000 1.000000
5875.409668 0.000000 2796.627930 0.000000 0.285825 0.000000 0.958282 1.000000 1.000000 1.000000
5950.221191 0.000000 2720.101318 0.000000 0.317066 0.000000 0.948404 1.000000 1.000000 1.000000
5982.213379 0.000000 2738.794434 0.000000 0.134651 0.000000 0.990893 1.000000 1.000000 1.000000
6134.380371 0.000000 2670.659668 0.000000 0.290220 0.000000 0.956960 1.000000 1.000000 1.000000
5948.213379 0.000000 2779.999023 0.000000 0.000712 0.000000 1.000000 1.000000 1.000000 1.000000
5920.804199 0.000000 2758.462158 0.000000 0.177837 0.000000 0.984060 1.000000 1.000000 1.000000
6019.041504 0.000000 2751.026123 0.000000 0.102535 0.000000 0.994729 1.000000 1.000000 1.000000
5784.595215 0.000000 2915.441406 0.000000 0.192831 0.000000 0.981232 1.000000 1.000000 1.000000
5848.966797 0.000000 2920.294434 0.000000 0.189758 0.000000 0.981831 1.000000 1.000000 1.000000
5687.004395 0.000000 2936.416260 0.000000 0.010322 0.000000 0.999947 1.000000 1.000000 1.000000
5685.445312 0.000000 2957.495605 0.000000 0.174070 0.000000 0.984733 1.000000 1.000000 1.000000
5686.504883 0.000000 2945.930664 0.000000 0.146882 0.000000 0.989154 1.000000 1.000000 1.000000
5736.703125 0.000000 2948.025146 0.000000 0.212004 0.000000 0.977269 1.000000 1.000000 1.000000
5727.795898 0.000000 2943.776367 0.000000 0.189688 0.000000 0.981844 1.000000 1.000000 1.000000
5700.985352 0.000000 2953.826660 0.000000 0.010260 0.000000 0.999947 1.000000 1.000000 1.000000
5657.527344 0.000000 2993.665283 0.000000 0.171942 0.000000 0.985107 1.000000 1.000000 1.000000
5779.556641 0.000000 2929.130615 0.000000 0.012739 0.000000 0.999919 1.000000 1.000000 1.000000
5782.573242 0.000000 2940.881348 0.000000 0.257536 0.000000 0.966269 1.000000 1.000000 1.000000
5822.132324 0.000000 2961.506104 0.000000 0.334090 0.000000 0.942541 1.000000 1.000000 1.000000
5787.535156 0.000000 2940.509277 0.000000 0.365760 0.000000 0.930709 1.000000 1.000000 1.000000
5878.199219 0.000000 2940.969238 0.000000 0.157087 0.000000 0.987585 1.000000 1.000000 1.000000
5847.510742 0.000000 2975.200928 0.000000 0.291941 0.000000 0.956436 1.000000 1.000000 1.000000
5820.530762 0.000000 2993.855713 0.000000 0.306052 0.000000 0.952015 1.000000 1.000000 1.000000
5960.209473 0.000000 2922.298828 0.000000 0.220537 0.000000 0.975379 1.000000 1.000000 1.000000
6133.390625 0.000000 2863.011230 0.000000 0.069358 0.000000 0.997592 1.000000 1.000000 1.000000
6020.857422 0.000000 2892.812988 0.000000 0.211805 0.000000 0.977312 1.000000 1.000000 1.000000
6082.470215 0.000000 2890.594727 0.000000 0.007781 0.000000 0.999970 1.000000 1.000000 1.000000
5892.961914 0.000000 2953.826660 0.000000 0.215033 0.000000 0.976607 1.000000 1.000000 1.000000
5922.417969 0.000000 2938.706787 0.000000 0.070240 0.000000 0.997530 1.000000 1.000000 1.000000
5942.049316 0.000000 2975.588623 0.000000 0.371610 0.000000 0.928389 1.000000 1.000000 1.000000
5937.825195 0.000000 2956.257080 0.000000 0.016466 0.000000 0.999864 1.000000 1.000000 1.000000
5917.123535 0.000000 2945.610840 0.000000 0.153963 0.000000 0.988077 1.000000 1.000000 1.000000
5948.958984 0.000000 2943.735107 0.000000 0.151303 0.000000 0.988487 1.000000 1.000000 1.000000
5893.806152 0.000000 2951.454834 0.000000 0.064238 0.000000 0.997935 1.000000 1.000000 1.000000
5946.008789 0.000000 2960.945801 0.000000 0.165341 0.000000 0.986237 1.000000 1.000000 1.000000
5943.258301 0.000000 2958.395752 0.000000 0.304206 0.000000 0.952606 1.000000 1.000000 1.000000
6001.445801 0.000000 2941.995361 0.000000 0.142067 0.000000 0.989857 1.000000 1.000000 1.000000
5935.645508 0.000000 2980.452148 0.000000 0.044287 0.000000 0.999019 1.000000 1.000000 1.000000
5929.116699 0.000000 3004.980225 0.000000 0.149592 0.000000 0.988748 1.000000 1.000000 1.000000
5908.424316 0.000000 2981.882080 0.000000 0.245177 0.000000 0.969478 1.000000 1.000000 1.000000
5979.444336 0.000000 3020.966797 0.000000 0.350618 0.000000 0.936519 1.000000 1.000000 1.000000
6002.795898 0.000000 3007.196533 0.000000 0.059704 0.000000 0.998216 1.000000 1.000000 1.000000
6010.499512 0.000000 2989.456299 0.000000 0.009278 0.000000 0.999957 1.000000 1.000000 1.000000
5998.912109 0.000000 2987.660889 0.000000 0.115418 0.000000 0.993317 1.000000 1.000000 1.000000
6010.000977 0.000000 3008.187988 0.000000 0.291560 0.000000 0.956553 1.000000 1.000000 1.000000
5995.730469 0.000000 2983.434326 0.000000 0.110989 0.000000 0.993822 1.000000 1.000000 1.000000
5994.685059 0.000000 2985.843506 0.000000 0.216172 0.000000 0.976355 1.000000 1.000000 1.000000
6019.041504 0.000000 2939.994873 0.000000 0.115353 0.000000 0.993325 1.000000 1.000000 1.000000
6068.713379 0.000000 2944.712891 0.000000 0.186138 0.000000 0.982524 1.000000 1.000000 1.000000
6070.121094 0.000000 2944.536377 0.000000 0.137846 0.000000 0.990454 1.000000 1.000000 1.000000
6061.260254 0.000000 3011.282715 0.000000 0.297310 0.000000 0.954781 1.000000 1.000000 1.000000
6020.946289 0.000000 3001.068848 0.000000 0.127567 0.000000 0.991830 1.000000 1.000000 1.000000
6044.257324 0.000000 3005.205322 0.000000 0.239281 0.000000 0.970950 1.000000 1.000000 1.000000
6100.818359 0.000000 2994.155762 0.000000 0.108486 0.000000 0.994098 1.000000 1.000000 1.000000
6079.557617 0.000000 2989.871094 0.000000 0.138544 0.000000 0.990356 1.000000 1.000000 1.000000
6121.078613 0.000000 2997.952148 0.000000 0.222778 0.000000 0.974869 1.000000 1.000000 1.000000
6199.150391 0.000000 2423.997559 0.000000 0.283265 0.000000 0.959042 1.000000 1.000000 1.000000
6160.898438 0.000000 2449.701904 0.000000 0.269009 0.000000 0.963138 1.000000 1.000000 1.000000
6143.654785 0.000000 2472.582520 0.000000 0.024775 0.000000 0.999693 1.000000 1.000000 1.000000
6159.765137 0.000000 2466.796143 0.000000 0.368458 0.000000 0.929644 1.000000 1.000000 1.000000
6160.747559 0.000000 2467.271729 0.000000 0.008394 0.000000 0.999965 1.000000 1.000000 1.000000
6149.795898 0.000000 2509.367432 0.000000 0.327036 0.000000 0.945012 1.000000 1.000000 1.000000
6167.424805 0.000000 2514.102539 0.000000 0.326274 0.000000 0.945275 1.000000 1.000000 1.000000
6198.160156 0.000000 2563.031738 0.000000 0.166294 0.000000 0.986076 1.000000 1.000000 1.000000
6330.460449 0.000000 2611.518799 0.000000 0.367581 0.000000 0.929991 1.000000 1.000000 1.000000
6192.211426 0.000000 2734.096191 0.000000 0.365170 0.000000 0.930941 1.000000 1.000000 1.000000
6312.058594 0.000000 2654.964844 0.000000 0.347513 0.000000 0.937675 1.000000 1.000000 1.000000
6317.079102 0.000000 2649.228760 0.000000 0.309167 0.000000 0.951008 1.000000 1.000000 1.000000
6306.986328 0.000000 2689.310547 0.000000 0.132787 0.000000 0.991145 1.000000 1.000000 1.000000
6312.665527 0.000000 2736.381836 0.000000 0.336475 0.000000 0.941692 1.000000 1.000000 1.000000
6242.734863 0.000000 2765.707764 0.000000 0.310906 0.000000 0.950441 1.000000 1.000000 1.000000
6208.319336 0.000000 2740.946533 0.000000 0.083937 0.000000 0.996471 1.000000 1.000000 1.000000
6233.334473 0.000000 2752.063721 0.000000 0.225667 0.000000 0.974204 1.000000 1.000000 1.000000
6310.762695 0.000000 2778.334961 0.000000 0.197161 0.000000 0.980371 1.000000 1.000000 1.000000
6276.535645 0.000000 2752.908203 0.000000 0.338023 0.000000 0.941138 1.000000 1.000000 1.000000
6379.852539 0.000000 2750.439697 0.000000 0.364254 0.000000 0.931300 1.000000 1.000000 1.000000
6347.185547 0.000000 2764.139404 0.000000 0.292288 0.000000 0.956330 1.000000 1.000000 1.000000
6381.729980 0.000000 2832.579102 0.000000 0.205701 0.000000 0.978615 1.000000 1.000000 1.000000
6340.958496 0.000000 2822.557129 0.000000 0.159691 0.000000 0.987167 1.000000 1.000000 1.000000
6363.250977 0.000000 2819.361572 0.000000 0.224129 0.000000 0.974559 1.000000 1.000000 1.000000
6359.811523 0.000000 2809.556396 0.000000 0.333510 0.000000 0.942746 1.000000 1.000000 1.000000
6457.787598 0.000000 2759.172607 0.000000 0.362340 0.000000 0.932046 1.000000 1.000000 1.000000
6468.324219 0.000000 2827.849121 0.000000 0.190123 0.000000 0.981760 1.000000 1.000000 1.000000
6219.662109 0.000000 2849.461914 0.000000 0.128350 0.000000 0.991729 1.000000 1.000000 1.000000
6181.696289 0.000000 2903.581299 0.000000 0.337576 0.000000 0.941298 1.000000 1.000000 1.000000
6295.634277 0.000000 2836.307861 0.000000 0.121726 0.000000 0.992564 1.000000 1.000000 1.000000
6346.668945 0.000000 2836.227051 0.000000 0.030481 0.000000 0.999535 1.000000 1.000000 1.000000
6342.878418 0.000000 2846.546875 0.000000 0.291659 0.000000 0.956522 1.000000 1.000000 1.000000
6342.345703 0.000000 2844.598145 0.000000 0.260576 0.000000 0.965453 1.000000 1.000000 1.000000
6294.189941 0.000000 2881.793701 0.000000 0.304260 0.000000 0.952589 1.000000 1.000000 1.000000
6398.062012 0.000000 2914.263916 0.000000 0.059674 0.000000 0.998218 1.000000 1.000000 1.000000
6354.302734 0.000000 2908.450928 0.000000 0.049448 0.000000 0.998777 1.000000 1.000000 1.000000
6355.649902 0.000000 2909.232910 0.000000 0.019484 0.000000 0.999810 1.000000 1.000000 1.000000
6154.692383 0.000000 2930.711426 0.000000 0.192740 0.000000 0.981250 1.000000 1.000000 1.000000
6206.770508 0.000000 2964.267090 0.000000 0.185971 0.000000 0.982555 1.000000 1.000000 1.000000
6152.450195 0.000000 2951.491943 0.000000 0.006105 0.000000 0.999981 1.000000 1.000000 1.000000
6160.404297 0.000000 2963.454346 0.000000 0.223607 0.000000 0.974679 1.000000 1.000000 1.000000
6201.164062 0.000000 2938.967041 0.000000 0.262321 0.000000 0.964981 1.000000 1.000000 1.000000
6205.741211 0.000000 2958.333496 0.000000 0.115767 0.000000 0.993276 1.000000 1.000000 1.000000
6239.733398 0.000000 2991.018555 0.000000 0.173493 0.000000 0.984835 1.000000 1.000000 1.000000
6267.724609 0.000000 2984.149902 0.000000 0.080628 0.000000 0.996744 1.000000 1.000000 1.000000
6262.934082 0.000000 2983.658447 0.000000 0.316825 0.000000 0.948484 1.000000 1.000000 1.000000
6464.270508 0.000000 2870.839844 0.000000 0.295031 0.000000 0.955488 1.000000 1.000000 1.000000
6490.845215 0.000000 2886.615723 0.000000 0.207927 0.000000 0.978144 1.000000 1.000000 1.000000
6641.053711 0.000000 2852.893066 0.000000 0.325263 0.000000 0.945624 1.000000 1.000000 1.000000
6620.432617 0.000000 2914.601318 0.000000 0.173681 0.000000 0.984802 1.000000 1.000000 1.000000
6464.485840 0.000000 2962.181152 0.000000 0.257647 0.000000 0.966239 1.000000 1.000000 1.000000
6488.566406 0.000000 3005.159424 0.000000 0.094967 0.000000 0.995480 1.000000 1.000000 1.000000
6505.731934 0.000000 3010.360840 0.000000 0.154256 0.000000 0.988031 1.000000 1.000000 1.000000
6751.494629 0.000000 2886.254883 0.000000 0.127997 0.000000 0.991775 1.000000 1.000000 1.000000
6684.863770 0.000000 2938.855225 0.000000 0.212374 0.000000 0.977189 1.000000 1.000000 1.000000
6672.724609 0.000000 2940.803467 0.000000 0.360097 0.000000 0.932915 1.000000 1.000000 1.000000
6777.527344 0.000000 2932.655273 0.000000 0.121489 0.000000 0.992593 1.000000 1.000000 1.000000
3386.819580 0.000000 3083.940674 0.000000 0.069831 0.000000 0.997559 1.000000 1.000000 1.000000
3386.490967 0.000000 3071.679443 0.000000 0.024882 0.000000 0.999690 1.000000 1.000000 1.000000
3376.922363 0.000000 3073.894531 0.000000 0.226166 0.000000 0.974089 1.000000 1.000000 1.000000
4094.735107 0.000000 3163.787354 0.000000 0.161391 0.000000 0.986891 1.000000 1.000000 1.000000
4230.030273 0.000000 3029.031494 0.000000 0.244160 0.000000 0.969735 1.000000 1.000000 1.000000
4935.015625 0.000000 3530.991943 0.000000 0.254800 0.000000 0.966994 1.000000 1.000000 1.000000
5027.280273 0.000000 3680.178467 0.000000 0.076701 0.000000 0.997054 1.000000 1.000000 1.000000
5041.810547 0.000000 3645.486572 0.000000 0.320786 0.000000 0.947152 1.000000 1.000000 1.000000
5067.802734 0.000000 3652.579102 0.000000 0.128313 0.000000 0.991734 1.000000 1.000000 1.000000
4912.874512 0.000000 3731.168457 0.000000 0.282841 0.000000 0.959167 1.000000 1.000000 1.000000
5025.177734 0.000000 3724.892822 0.000000 0.309813 0.000000 0.950798 1.000000 1.000000 1.000000
4997.915527 0.000000 3707.329834 0.000000 0.082314 0.000000 0.996606 1.000000 1.000000 1.000000
5087.874023 0.000000 3746.893555 0.000000 0.232211 0.000000 0.972665 1.000000 1.000000 1.000000
5423.003906 0.000000 3053.640137 0.000000 0.367341 0.000000 0.930086 1.000000 1.000000 1.000000
5564.547363 0.000000 3080.105225 0.000000 0.317001 0.000000 0.948425 1.000000 1.000000 1.000000
5213.209473 0.000000 3276.306152 0.000000 0.330366 0.000000 0.943853 1.000000 1.000000 1.000000
5556.974609 0.000000 3215.740234 0.000000 0.236454 0.000000 0.971643 1.000000 1.000000 1.000000
6095.598633 0.000000 3092.376953 0.000000 0.169165 0.000000 0.985588 1.000000 1.000000 1.000000
5647.286621 0.000000 3214.196289 0.000000 0.324678 0.000000 0.945825 1.000000 1.000000 1.000000
5682.229980 0.000000 3298.163086 0.000000 0.041737 0.000000 0.999129 1.000000 1.000000 1.000000
5665.695312 0.000000 3341.025879 0.000000 0.145227 0.000000 0.989398 1.000000 1.000000 1.000000
5679.014648 0.000000 3346.715088 0.000000 0.240046 0.000000 0.970762 1.000000 1.000000 1.000000
5995.435547 0.000000 3312.670410 0.000000 0.280020 0.000000 0.959994 1.000000 1.000000 1.000000
5132.313965 0.000000 3740.373535 0.000000 0.059071 0.000000 0.998254 1.000000 1.000000 1.000000
6065.437988 0.000000 3556.143799 0.000000 0.184752 0.000000 0.982785 1.000000 1.000000 1.000000
4614.258301 0.000000 3870.379150 0.000000 0.135525 0.000000 0.990774 1.000000 1.000000 1.000000
5112.710938 0.000000 3907.780029 0.000000 0.342228 0.000000 0.939617 1.000000 1.000000 1.000000
6265.859863 0.000000 3154.574951 0.000000 0.015783 0.000000 0.999875 1.000000 1.000000 1.000000
6268.620605 0.000000 3165.429443 0.000000 0.123139 0.000000 0.992389 1.000000 1.000000 1.000000
6317.812988 0.000000 3191.486572 0.000000 0.254152 0.000000 0.967164 1.000000 1.000000 1.000000
6321.092773 0.000000 3183.588379 0.000000 0.177883 0.000000 0.984052 1.000000 1.000000 1.000000
6515.928711 0.000000 3036.824463 0.000000 0.233295 0.000000 0.972406 1.000000 1.000000 1.000000
6543.177246 0.000000 3072.469727 0.000000 0.034344 0.000000 0.999410 1.000000 1.000000 1.000000
6494.198730 0.000000 3188.460205 0.000000 0.372592 0.000000 0.927995 1.000000 1.000000 1.000000
6628.802246 0.000000 3168.928223 0.000000 0.259754 0.000000 0.965675 1.000000 1.000000 1.000000
6496.302246 0.000000 3297.003906 0.000000 0.338899 0.000000 0.940823 1.000000 1.000000 1.000000
6484.771484 0.000000 3372.093262 0.000000 0.336545 0.000000 0.941667 1.000000 1.000000 1.000000
6497.829102 0.000000 3360.419189 0.000000 0.293242 0.000000 0.956038 1.000000 1.000000 1.000000
6485.764160 0.000000 3394.936035 0.000000 0.347361 0.000000 0.937732 1.000000 1.000000 1.000000
6483.908691 0.000000 3396.209229 0.000000 0.008552 0.000000 0.999963 1.000000 1.000000 1.000000
6538.018066 0.000000 3315.339600 0.000000 0.231909 0.000000 0.972738 1.000000 1.000000 1.000000
6531.301270 0.000000 3329.339600 0.000000 0.339756 0.000000 0.940513 1.000000 1.000000 1.000000
6539.741211 0.000000 3382.368896 0.000000 0.365865 0.000000 0.930668 1.000000 1.000000 1.000000
6817.554688 0.000000 3293.783691 0.000000 0.105512 0.000000 0.994418 1.000000 1.000000 1.000000
6278.851562 0.000000 3530.991943 0.000000 0.021615 0.000000 0.999766 1.000000 1.000000 1.000000
6262.783691 0.000000 3656.651367 0.000000 0.243778 0.000000 0.969831 1.000000 1.000000 1.000000
6332.166504 0.000000 3677.600586 0.000000 0.092194 0.000000 0.995741 1.000000 1.000000 1.000000
6247.660645 0.000000 3709.535400 0.000000 0.021755 0.000000 0.999763 1.000000 1.000000 1.000000
6238.481445 0.000000 3713.745605 0.000000 0.267888 0.000000 0.963450 1.000000 1.000000 1.000000
"}
object={
	name="tree_savanna_generator_1_1"
	render_pass=Map
	clamp_to_water_level=no
	generated_content=yes
	layer="tree_high_layer"
	pdxmesh="tree_acacia_02_mesh"
	count=715
	transform="3924.489746 0.000000 704.986877 0.000000 0.488728 0.000000 0.872436 1.000000 1.000000 1.000000
3924.718506 0.000000 694.265259 0.000000 0.625654 0.000000 0.780101 1.000000 1.000000 1.000000
3942.236084 0.000000 662.278015 0.000000 0.615908 0.000000 0.787818 1.000000 1.000000 1.000000
3943.941650 0.000000 733.277344 0.000000 0.388220 0.000000 0.921567 1.000000 1.000000 1.000000
3928.878662 0.000000 737.534241 0.000000 0.620577 0.000000 0.784145 1.000000 1.000000 1.000000
3946.386230 0.000000 735.616089 0.000000 0.466962 0.000000 0.884278 1.000000 1.000000 1.000000
3959.858154 0.000000 730.974121 0.000000 0.623593 0.000000 0.781749 1.000000 1.000000 1.000000
4001.302490 0.000000 748.634888 0.000000 0.585850 0.000000 0.810420 1.000000 1.000000 1.000000
3817.952393 0.000000 903.972656 0.000000 0.584892 0.000000 0.811112 1.000000 1.000000 1.000000
3937.975586 0.000000 777.822693 0.000000 0.667679 0.000000 0.744449 1.000000 1.000000 1.000000
3920.630615 0.000000 798.336731 0.000000 0.431686 0.000000 0.902024 1.000000 1.000000 1.000000
3978.956055 0.000000 766.576294 0.000000 0.432883 0.000000 0.901450 1.000000 1.000000 1.000000
4004.504150 0.000000 785.103394 0.000000 0.689150 0.000000 0.724619 1.000000 1.000000 1.000000
3980.844971 0.000000 795.738281 0.000000 0.616411 0.000000 0.787425 1.000000 1.000000 1.000000
3990.830811 0.000000 781.397156 0.000000 0.662579 0.000000 0.748992 1.000000 1.000000 1.000000
3997.357910 0.000000 772.469971 0.000000 0.521005 0.000000 0.853554 1.000000 1.000000 1.000000
3979.767334 0.000000 791.157837 0.000000 0.628235 0.000000 0.778023 1.000000 1.000000 1.000000
4038.544434 0.000000 769.969055 0.000000 0.401591 0.000000 0.915819 1.000000 1.000000 1.000000
4021.162109 0.000000 806.388428 0.000000 0.506337 0.000000 0.862336 1.000000 1.000000 1.000000
3983.696777 0.000000 831.489990 0.000000 0.557183 0.000000 0.830390 1.000000 1.000000 1.000000
3845.090332 0.000000 906.322083 0.000000 0.559705 0.000000 0.828692 1.000000 1.000000 1.000000
4032.786865 0.000000 915.436401 0.000000 0.483676 0.000000 0.875247 1.000000 1.000000 1.000000
3843.641846 0.000000 962.647583 0.000000 0.525082 0.000000 0.851052 1.000000 1.000000 1.000000
3863.194824 0.000000 1007.325439 0.000000 0.582574 0.000000 0.812778 1.000000 1.000000 1.000000
3851.967285 0.000000 1004.283569 0.000000 0.428775 0.000000 0.903411 1.000000 1.000000 1.000000
4022.425293 0.000000 956.797241 0.000000 0.692731 0.000000 0.721196 1.000000 1.000000 1.000000
4042.948242 0.000000 955.545044 0.000000 0.468379 0.000000 0.883528 1.000000 1.000000 1.000000
4052.702881 0.000000 977.718384 0.000000 0.642612 0.000000 0.766192 1.000000 1.000000 1.000000
4092.741211 0.000000 962.441345 0.000000 0.617278 0.000000 0.786745 1.000000 1.000000 1.000000
4090.076416 0.000000 963.969299 0.000000 0.456632 0.000000 0.889656 1.000000 1.000000 1.000000
4094.937256 0.000000 983.538086 0.000000 0.454858 0.000000 0.890564 1.000000 1.000000 1.000000
4053.378174 0.000000 972.376526 0.000000 0.636859 0.000000 0.770980 1.000000 1.000000 1.000000
4070.898682 0.000000 964.583313 0.000000 0.625710 0.000000 0.780056 1.000000 1.000000 1.000000
3912.723389 0.000000 1061.804321 0.000000 0.689144 0.000000 0.724624 1.000000 1.000000 1.000000
3913.316406 0.000000 1085.067627 0.000000 0.463532 0.000000 0.886080 1.000000 1.000000 1.000000
3915.422607 0.000000 1061.774902 0.000000 0.474477 0.000000 0.880268 1.000000 1.000000 1.000000
3863.194824 0.000000 1101.809814 0.000000 0.376991 0.000000 0.926217 1.000000 1.000000 1.000000
3958.433105 0.000000 1145.766113 0.000000 0.630381 0.000000 0.776286 1.000000 1.000000 1.000000
3961.358398 0.000000 1150.218506 0.000000 0.507008 0.000000 0.861941 1.000000 1.000000 1.000000
3934.116943 0.000000 1147.029785 0.000000 0.561238 0.000000 0.827654 1.000000 1.000000 1.000000
3944.921875 0.000000 1200.064087 0.000000 0.626407 0.000000 0.779496 1.000000 1.000000 1.000000
3964.307617 0.000000 1211.543335 0.000000 0.403214 0.000000 0.915106 1.000000 1.000000 1.000000
3988.481934 0.000000 1177.408813 0.000000 0.542643 0.000000 0.839963 1.000000 1.000000 1.000000
3971.639893 0.000000 1179.249390 0.000000 0.437736 0.000000 0.899103 1.000000 1.000000 1.000000
4062.495361 0.000000 1157.046021 0.000000 0.385707 0.000000 0.922621 1.000000 1.000000 1.000000
4062.447510 0.000000 1227.044189 0.000000 0.600352 0.000000 0.799736 1.000000 1.000000 1.000000
4057.722412 0.000000 1245.704224 0.000000 0.561918 0.000000 0.827193 1.000000 1.000000 1.000000
4094.169189 0.000000 1248.887695 0.000000 0.536483 0.000000 0.843911 1.000000 1.000000 1.000000
4093.110352 0.000000 1240.948242 0.000000 0.436686 0.000000 0.899614 1.000000 1.000000 1.000000
4086.992920 0.000000 1317.159912 0.000000 0.436206 0.000000 0.899847 1.000000 1.000000 1.000000
4072.124512 0.000000 1281.465210 0.000000 0.657054 0.000000 0.753843 1.000000 1.000000 1.000000
4080.468994 0.000000 1316.830444 0.000000 0.637572 0.000000 0.770391 1.000000 1.000000 1.000000
4084.841064 0.000000 1319.609741 0.000000 0.472912 0.000000 0.881110 1.000000 1.000000 1.000000
3841.891846 0.000000 2046.820312 0.000000 0.597438 0.000000 0.801915 1.000000 1.000000 1.000000
3842.116455 0.000000 2044.418335 0.000000 0.380609 0.000000 0.924736 1.000000 1.000000 1.000000
3826.795898 0.000000 2088.975586 0.000000 0.447643 0.000000 0.894212 1.000000 1.000000 1.000000
3779.179932 0.000000 2168.291260 0.000000 0.485978 0.000000 0.873971 1.000000 1.000000 1.000000
3737.224609 0.000000 2258.903809 0.000000 0.467671 0.000000 0.883903 1.000000 1.000000 1.000000
3820.246094 0.000000 2258.261719 0.000000 0.508523 0.000000 0.861049 1.000000 1.000000 1.000000
3810.973145 0.000000 2244.090332 0.000000 0.637987 0.000000 0.770047 1.000000 1.000000 1.000000
3808.357666 0.000000 2259.192383 0.000000 0.413342 0.000000 0.910576 1.000000 1.000000 1.000000
3964.307617 0.000000 2156.387207 0.000000 0.665966 0.000000 0.745982 1.000000 1.000000 1.000000
3959.008545 0.000000 2167.519531 0.000000 0.660261 0.000000 0.751036 1.000000 1.000000 1.000000
3951.222656 0.000000 2163.731445 0.000000 0.549704 0.000000 0.835360 1.000000 1.000000 1.000000
3932.409180 0.000000 2168.541016 0.000000 0.383284 0.000000 0.923630 1.000000 1.000000 1.000000
4004.504150 0.000000 2155.126953 0.000000 0.647505 0.000000 0.762062 1.000000 1.000000 1.000000
3867.702148 0.000000 2217.849609 0.000000 0.688015 0.000000 0.725696 1.000000 1.000000 1.000000
3900.315430 0.000000 2203.629395 0.000000 0.654553 0.000000 0.756016 1.000000 1.000000 1.000000
3895.865967 0.000000 2195.482178 0.000000 0.627572 0.000000 0.778558 1.000000 1.000000 1.000000
3929.291260 0.000000 2178.703125 0.000000 0.566417 0.000000 0.824119 1.000000 1.000000 1.000000
3850.343018 0.000000 2257.269775 0.000000 0.514116 0.000000 0.857721 1.000000 1.000000 1.000000
3859.404541 0.000000 2255.909180 0.000000 0.585842 0.000000 0.810425 1.000000 1.000000 1.000000
3885.375977 0.000000 2224.049072 0.000000 0.505576 0.000000 0.862782 1.000000 1.000000 1.000000
3899.875732 0.000000 2248.660645 0.000000 0.460918 0.000000 0.887443 1.000000 1.000000 1.000000
3915.943359 0.000000 2235.313477 0.000000 0.558803 0.000000 0.829300 1.000000 1.000000 1.000000
3446.495605 0.000000 2610.273926 0.000000 0.539230 0.000000 0.842159 1.000000 1.000000 1.000000
3416.221191 0.000000 2621.866699 0.000000 0.596354 0.000000 0.802722 1.000000 1.000000 1.000000
3497.009277 0.000000 2594.655273 0.000000 0.488908 0.000000 0.872335 1.000000 1.000000 1.000000
3497.553711 0.000000 2590.186035 0.000000 0.564192 0.000000 0.825644 1.000000 1.000000 1.000000
3553.357178 0.000000 2591.080322 0.000000 0.662344 0.000000 0.749200 1.000000 1.000000 1.000000
3501.422852 0.000000 2601.986572 0.000000 0.491368 0.000000 0.870952 1.000000 1.000000 1.000000
3745.333740 0.000000 2307.627197 0.000000 0.537925 0.000000 0.842993 1.000000 1.000000 1.000000
3739.717773 0.000000 2312.333984 0.000000 0.414309 0.000000 0.910136 1.000000 1.000000 1.000000
3786.784668 0.000000 2348.018311 0.000000 0.496301 0.000000 0.868151 1.000000 1.000000 1.000000
3634.479736 0.000000 2400.561523 0.000000 0.642597 0.000000 0.766204 1.000000 1.000000 1.000000
3596.408447 0.000000 2429.351807 0.000000 0.580322 0.000000 0.814387 1.000000 1.000000 1.000000
3607.121826 0.000000 2447.255127 0.000000 0.684600 0.000000 0.728919 1.000000 1.000000 1.000000
3615.895508 0.000000 2442.112793 0.000000 0.468650 0.000000 0.883384 1.000000 1.000000 1.000000
3645.165039 0.000000 2422.002930 0.000000 0.673261 0.000000 0.739405 1.000000 1.000000 1.000000
3614.367920 0.000000 2442.546631 0.000000 0.600715 0.000000 0.799463 1.000000 1.000000 1.000000
3653.235107 0.000000 2434.162598 0.000000 0.390581 0.000000 0.920569 1.000000 1.000000 1.000000
3651.330078 0.000000 2420.330811 0.000000 0.579210 0.000000 0.815179 1.000000 1.000000 1.000000
3671.776367 0.000000 2455.536865 0.000000 0.654759 0.000000 0.755838 1.000000 1.000000 1.000000
3663.895020 0.000000 2430.986328 0.000000 0.415905 0.000000 0.909408 1.000000 1.000000 1.000000
3667.224365 0.000000 2441.269531 0.000000 0.484647 0.000000 0.874710 1.000000 1.000000 1.000000
3712.825928 0.000000 2379.944336 0.000000 0.402664 0.000000 0.915348 1.000000 1.000000 1.000000
3770.380127 0.000000 2388.811768 0.000000 0.562632 0.000000 0.826707 1.000000 1.000000 1.000000
3724.485352 0.000000 2370.350098 0.000000 0.552417 0.000000 0.833568 1.000000 1.000000 1.000000
3923.233154 0.000000 2308.324463 0.000000 0.393605 0.000000 0.919280 1.000000 1.000000 1.000000
3952.991699 0.000000 2361.145020 0.000000 0.586640 0.000000 0.809848 1.000000 1.000000 1.000000
3688.985840 0.000000 2500.170898 0.000000 0.631016 0.000000 0.775770 1.000000 1.000000 1.000000
3685.005859 0.000000 2462.108643 0.000000 0.461004 0.000000 0.887398 1.000000 1.000000 1.000000
3659.596436 0.000000 2462.898438 0.000000 0.432147 0.000000 0.901803 1.000000 1.000000 1.000000
3708.788086 0.000000 2521.433838 0.000000 0.616891 0.000000 0.787049 1.000000 1.000000 1.000000
3698.471924 0.000000 2542.288086 0.000000 0.570975 0.000000 0.820967 1.000000 1.000000 1.000000
3694.057861 0.000000 2549.125977 0.000000 0.596453 0.000000 0.802648 1.000000 1.000000 1.000000
3705.389648 0.000000 2520.241943 0.000000 0.634298 0.000000 0.773089 1.000000 1.000000 1.000000
3713.240234 0.000000 2500.972656 0.000000 0.474257 0.000000 0.880387 1.000000 1.000000 1.000000
3724.728760 0.000000 2547.931152 0.000000 0.574274 0.000000 0.818663 1.000000 1.000000 1.000000
3728.654053 0.000000 2546.297852 0.000000 0.553856 0.000000 0.832612 1.000000 1.000000 1.000000
3753.193115 0.000000 2516.785156 0.000000 0.459961 0.000000 0.887939 1.000000 1.000000 1.000000
3624.960938 0.000000 2570.087646 0.000000 0.685200 0.000000 0.728355 1.000000 1.000000 1.000000
3606.115479 0.000000 2591.818848 0.000000 0.649687 0.000000 0.760202 1.000000 1.000000 1.000000
3616.099121 0.000000 2571.685547 0.000000 0.644102 0.000000 0.764940 1.000000 1.000000 1.000000
3755.708740 0.000000 2556.795410 0.000000 0.587016 0.000000 0.809575 1.000000 1.000000 1.000000
3804.776123 0.000000 2583.906006 0.000000 0.384115 0.000000 0.923285 1.000000 1.000000 1.000000
3836.323242 0.000000 2581.566895 0.000000 0.629756 0.000000 0.776793 1.000000 1.000000 1.000000
3806.344482 0.000000 2584.273193 0.000000 0.396756 0.000000 0.917924 1.000000 1.000000 1.000000
3871.275391 0.000000 2577.860107 0.000000 0.440594 0.000000 0.897707 1.000000 1.000000 1.000000
3840.608154 0.000000 2599.219971 0.000000 0.497670 0.000000 0.867367 1.000000 1.000000 1.000000
3880.147949 0.000000 2604.246582 0.000000 0.523349 0.000000 0.852118 1.000000 1.000000 1.000000
3408.407959 0.000000 2651.787598 0.000000 0.437314 0.000000 0.899309 1.000000 1.000000 1.000000
3413.347900 0.000000 2665.837646 0.000000 0.432389 0.000000 0.901687 1.000000 1.000000 1.000000
3411.140381 0.000000 2653.710938 0.000000 0.679092 0.000000 0.734053 1.000000 1.000000 1.000000
3452.518066 0.000000 2732.756836 0.000000 0.599747 0.000000 0.800189 1.000000 1.000000 1.000000
3453.665771 0.000000 2736.388184 0.000000 0.623595 0.000000 0.781748 1.000000 1.000000 1.000000
3454.483643 0.000000 2746.746338 0.000000 0.414138 0.000000 0.910214 1.000000 1.000000 1.000000
3454.804443 0.000000 2741.905273 0.000000 0.541494 0.000000 0.840705 1.000000 1.000000 1.000000
3464.533691 0.000000 2757.760254 0.000000 0.379173 0.000000 0.925326 1.000000 1.000000 1.000000
3461.441162 0.000000 2784.756348 0.000000 0.511307 0.000000 0.859398 1.000000 1.000000 1.000000
3483.846191 0.000000 2787.409180 0.000000 0.650384 0.000000 0.759605 1.000000 1.000000 1.000000
3493.806152 0.000000 2827.741211 0.000000 0.589921 0.000000 0.807461 1.000000 1.000000 1.000000
3491.070557 0.000000 2812.949951 0.000000 0.656649 0.000000 0.754196 1.000000 1.000000 1.000000
3469.520264 0.000000 2791.218506 0.000000 0.596146 0.000000 0.802876 1.000000 1.000000 1.000000
3493.497070 0.000000 2813.850342 0.000000 0.409953 0.000000 0.912106 1.000000 1.000000 1.000000
3487.507568 0.000000 2804.205322 0.000000 0.478355 0.000000 0.878166 1.000000 1.000000 1.000000
3547.741211 0.000000 2879.240234 0.000000 0.507617 0.000000 0.861583 1.000000 1.000000 1.000000
3556.602539 0.000000 2852.931885 0.000000 0.578864 0.000000 0.815424 1.000000 1.000000 1.000000
3542.885498 0.000000 2860.053467 0.000000 0.423084 0.000000 0.906091 1.000000 1.000000 1.000000
3541.440674 0.000000 2862.064209 0.000000 0.549942 0.000000 0.835203 1.000000 1.000000 1.000000
3564.277344 0.000000 2919.652344 0.000000 0.459172 0.000000 0.888347 1.000000 1.000000 1.000000
3560.364502 0.000000 2922.979248 0.000000 0.551349 0.000000 0.834275 1.000000 1.000000 1.000000
3741.681885 0.000000 2682.872803 0.000000 0.444552 0.000000 0.895753 1.000000 1.000000 1.000000
3606.838623 0.000000 2893.639160 0.000000 0.578532 0.000000 0.815659 1.000000 1.000000 1.000000
4106.372559 0.000000 674.410461 0.000000 0.450743 0.000000 0.892654 1.000000 1.000000 1.000000
5046.375488 0.000000 742.351685 0.000000 0.585863 0.000000 0.810410 1.000000 1.000000 1.000000
4193.875000 0.000000 789.947510 0.000000 0.406621 0.000000 0.913597 1.000000 1.000000 1.000000
4201.468262 0.000000 794.982605 0.000000 0.612152 0.000000 0.790740 1.000000 1.000000 1.000000
4180.458496 0.000000 846.713440 0.000000 0.690831 0.000000 0.723016 1.000000 1.000000 1.000000
4218.718262 0.000000 816.315491 0.000000 0.376478 0.000000 0.926425 1.000000 1.000000 1.000000
4120.797852 0.000000 884.027222 0.000000 0.686780 0.000000 0.726866 1.000000 1.000000 1.000000
4213.138672 0.000000 853.630615 0.000000 0.619451 0.000000 0.785035 1.000000 1.000000 1.000000
4189.790039 0.000000 870.045105 0.000000 0.544263 0.000000 0.838915 1.000000 1.000000 1.000000
4220.599609 0.000000 934.638855 0.000000 0.521756 0.000000 0.853095 1.000000 1.000000 1.000000
4212.799316 0.000000 927.622498 0.000000 0.603398 0.000000 0.797440 1.000000 1.000000 1.000000
4156.878418 0.000000 945.046387 0.000000 0.513518 0.000000 0.858079 1.000000 1.000000 1.000000
4190.479980 0.000000 1015.319336 0.000000 0.452312 0.000000 0.891860 1.000000 1.000000 1.000000
4224.472168 0.000000 952.928040 0.000000 0.510577 0.000000 0.859832 1.000000 1.000000 1.000000
4253.782227 0.000000 1011.771667 0.000000 0.460341 0.000000 0.887742 1.000000 1.000000 1.000000
4237.477051 0.000000 1020.102295 0.000000 0.497215 0.000000 0.867627 1.000000 1.000000 1.000000
4149.330566 0.000000 1061.266479 0.000000 0.591170 0.000000 0.806547 1.000000 1.000000 1.000000
4819.673828 0.000000 850.474182 0.000000 0.496265 0.000000 0.868171 1.000000 1.000000 1.000000
4845.917480 0.000000 895.649353 0.000000 0.500368 0.000000 0.865813 1.000000 1.000000 1.000000
4813.608887 0.000000 862.659912 0.000000 0.493365 0.000000 0.869822 1.000000 1.000000 1.000000
4845.082031 0.000000 898.474365 0.000000 0.644461 0.000000 0.764637 1.000000 1.000000 1.000000
5069.989258 0.000000 797.972473 0.000000 0.529267 0.000000 0.848455 1.000000 1.000000 1.000000
4101.180664 0.000000 1205.865723 0.000000 0.555183 0.000000 0.831728 1.000000 1.000000 1.000000
4110.105957 0.000000 1223.152222 0.000000 0.667789 0.000000 0.744350 1.000000 1.000000 1.000000
4111.475098 0.000000 1222.546753 0.000000 0.392210 0.000000 0.919876 1.000000 1.000000 1.000000
4117.504395 0.000000 1207.267456 0.000000 0.505321 0.000000 0.862931 1.000000 1.000000 1.000000
4108.681641 0.000000 1272.391968 0.000000 0.555430 0.000000 0.831563 1.000000 1.000000 1.000000
4125.635254 0.000000 1265.606934 0.000000 0.526739 0.000000 0.850027 1.000000 1.000000 1.000000
4107.919922 0.000000 1243.227295 0.000000 0.617152 0.000000 0.786844 1.000000 1.000000 1.000000
4114.576172 0.000000 1254.974121 0.000000 0.625426 0.000000 0.780283 1.000000 1.000000 1.000000
4140.681152 0.000000 1289.756958 0.000000 0.519335 0.000000 0.854571 1.000000 1.000000 1.000000
4127.876465 0.000000 1287.166504 0.000000 0.664883 0.000000 0.746947 1.000000 1.000000 1.000000
4103.911133 0.000000 1312.902588 0.000000 0.684500 0.000000 0.729012 1.000000 1.000000 1.000000
4097.768555 0.000000 1310.410522 0.000000 0.570446 0.000000 0.821335 1.000000 1.000000 1.000000
4133.024414 0.000000 1277.550537 0.000000 0.470279 0.000000 0.882518 1.000000 1.000000 1.000000
4095.538330 0.000000 1282.168091 0.000000 0.666251 0.000000 0.745728 1.000000 1.000000 1.000000
4102.401367 0.000000 1312.060181 0.000000 0.547263 0.000000 0.836961 1.000000 1.000000 1.000000
4115.169434 0.000000 1307.456909 0.000000 0.636096 0.000000 0.771610 1.000000 1.000000 1.000000
4138.152832 0.000000 1287.648315 0.000000 0.510611 0.000000 0.859812 1.000000 1.000000 1.000000
5045.526855 0.000000 1219.854614 0.000000 0.594571 0.000000 0.804043 1.000000 1.000000 1.000000
5111.568359 0.000000 1217.247681 0.000000 0.582126 0.000000 0.813099 1.000000 1.000000 1.000000
5106.300293 0.000000 1266.748779 0.000000 0.470771 0.000000 0.882256 1.000000 1.000000 1.000000
5081.150879 0.000000 1281.101440 0.000000 0.601343 0.000000 0.798991 1.000000 1.000000 1.000000
5118.903320 0.000000 1310.790405 0.000000 0.609782 0.000000 0.792569 1.000000 1.000000 1.000000
5118.655273 0.000000 1345.110962 0.000000 0.676821 0.000000 0.736148 1.000000 1.000000 1.000000
5259.779297 0.000000 959.774109 0.000000 0.683056 0.000000 0.730366 1.000000 1.000000 1.000000
5251.583496 0.000000 973.577148 0.000000 0.630016 0.000000 0.776582 1.000000 1.000000 1.000000
5311.132324 0.000000 1004.412476 0.000000 0.673083 0.000000 0.739567 1.000000 1.000000 1.000000
5295.302246 0.000000 1007.785095 0.000000 0.478690 0.000000 0.877984 1.000000 1.000000 1.000000
5311.651367 0.000000 1005.699036 0.000000 0.647896 0.000000 0.761729 1.000000 1.000000 1.000000
5367.251953 0.000000 1006.731628 0.000000 0.575201 0.000000 0.818012 1.000000 1.000000 1.000000
5313.712402 0.000000 1007.492188 0.000000 0.626568 0.000000 0.779367 1.000000 1.000000 1.000000
5274.196289 0.000000 1070.638184 0.000000 0.554430 0.000000 0.832230 1.000000 1.000000 1.000000
5372.954590 0.000000 1051.979492 0.000000 0.615532 0.000000 0.788112 1.000000 1.000000 1.000000
5370.479492 0.000000 1050.682495 0.000000 0.506826 0.000000 0.862048 1.000000 1.000000 1.000000
5348.774902 0.000000 1110.708008 0.000000 0.525459 0.000000 0.850819 1.000000 1.000000 1.000000
5396.310059 0.000000 988.440002 0.000000 0.513805 0.000000 0.857907 1.000000 1.000000 1.000000
5426.866211 0.000000 975.782166 0.000000 0.621429 0.000000 0.783470 1.000000 1.000000 1.000000
5425.887695 0.000000 972.085022 0.000000 0.410728 0.000000 0.911758 1.000000 1.000000 1.000000
5438.283691 0.000000 972.140198 0.000000 0.537785 0.000000 0.843082 1.000000 1.000000 1.000000
5407.880859 0.000000 965.450928 0.000000 0.503459 0.000000 0.864019 1.000000 1.000000 1.000000
5419.979004 0.000000 970.458008 0.000000 0.444027 0.000000 0.896013 1.000000 1.000000 1.000000
5376.331543 0.000000 1000.170227 0.000000 0.390640 0.000000 0.920544 1.000000 1.000000 1.000000
5427.464355 0.000000 1001.424683 0.000000 0.451260 0.000000 0.892393 1.000000 1.000000 1.000000
5426.606934 0.000000 998.009766 0.000000 0.555615 0.000000 0.831440 1.000000 1.000000 1.000000
5404.537598 0.000000 995.179871 0.000000 0.401903 0.000000 0.915682 1.000000 1.000000 1.000000
5386.158691 0.000000 1000.472229 0.000000 0.615301 0.000000 0.788292 1.000000 1.000000 1.000000
5414.523926 0.000000 1009.618530 0.000000 0.620579 0.000000 0.784144 1.000000 1.000000 1.000000
5388.282715 0.000000 1000.326477 0.000000 0.458747 0.000000 0.888567 1.000000 1.000000 1.000000
5410.625000 0.000000 1021.872253 0.000000 0.401037 0.000000 0.916062 1.000000 1.000000 1.000000
5448.437988 0.000000 992.135010 0.000000 0.565495 0.000000 0.824752 1.000000 1.000000 1.000000
5399.007324 0.000000 1054.567627 0.000000 0.533555 0.000000 0.845765 1.000000 1.000000 1.000000
5433.912598 0.000000 1058.453735 0.000000 0.539976 0.000000 0.841681 1.000000 1.000000 1.000000
5435.688477 0.000000 1067.605713 0.000000 0.440651 0.000000 0.897679 1.000000 1.000000 1.000000
5424.121094 0.000000 1062.505127 0.000000 0.472177 0.000000 0.881504 1.000000 1.000000 1.000000
5455.517090 0.000000 1067.700928 0.000000 0.574450 0.000000 0.818540 1.000000 1.000000 1.000000
5282.852051 0.000000 1159.473267 0.000000 0.574282 0.000000 0.818658 1.000000 1.000000 1.000000
5165.953613 0.000000 1301.798828 0.000000 0.530563 0.000000 0.847646 1.000000 1.000000 1.000000
5161.895996 0.000000 1309.642090 0.000000 0.658369 0.000000 0.752695 1.000000 1.000000 1.000000
5129.167969 0.000000 1321.278564 0.000000 0.528884 0.000000 0.848694 1.000000 1.000000 1.000000
5125.682129 0.000000 1321.538574 0.000000 0.645474 0.000000 0.763782 1.000000 1.000000 1.000000
5119.674805 0.000000 1326.835571 0.000000 0.495813 0.000000 0.868429 1.000000 1.000000 1.000000
5124.934570 0.000000 1331.501831 0.000000 0.415769 0.000000 0.909470 1.000000 1.000000 1.000000
4416.659180 0.000000 1700.427002 0.000000 0.641157 0.000000 0.767410 1.000000 1.000000 1.000000
4383.959961 0.000000 1715.479492 0.000000 0.668334 0.000000 0.743861 1.000000 1.000000 1.000000
4402.991211 0.000000 1731.657227 0.000000 0.673716 0.000000 0.738991 1.000000 1.000000 1.000000
4445.137207 0.000000 1710.558228 0.000000 0.499239 0.000000 0.866464 1.000000 1.000000 1.000000
4419.571777 0.000000 1718.522705 0.000000 0.411782 0.000000 0.911282 1.000000 1.000000 1.000000
4461.305664 0.000000 1704.384888 0.000000 0.428114 0.000000 0.903725 1.000000 1.000000 1.000000
4455.503906 0.000000 1746.120483 0.000000 0.542192 0.000000 0.840254 1.000000 1.000000 1.000000
4477.944824 0.000000 1771.947388 0.000000 0.450004 0.000000 0.893026 1.000000 1.000000 1.000000
4474.215332 0.000000 1769.845581 0.000000 0.464907 0.000000 0.885360 1.000000 1.000000 1.000000
4517.681152 0.000000 1741.170776 0.000000 0.656070 0.000000 0.754700 1.000000 1.000000 1.000000
4488.653320 0.000000 1723.194946 0.000000 0.686953 0.000000 0.726702 1.000000 1.000000 1.000000
4529.997070 0.000000 1775.202271 0.000000 0.554806 0.000000 0.831980 1.000000 1.000000 1.000000
4542.114746 0.000000 1768.551758 0.000000 0.679853 0.000000 0.733349 1.000000 1.000000 1.000000
4534.437988 0.000000 1781.679932 0.000000 0.465726 0.000000 0.884929 1.000000 1.000000 1.000000
4586.161621 0.000000 1792.863525 0.000000 0.600488 0.000000 0.799633 1.000000 1.000000 1.000000
4470.583496 0.000000 1820.300171 0.000000 0.402277 0.000000 0.915518 1.000000 1.000000 1.000000
4471.152832 0.000000 1802.603516 0.000000 0.393487 0.000000 0.919330 1.000000 1.000000 1.000000
4477.138672 0.000000 1809.922363 0.000000 0.384589 0.000000 0.923088 1.000000 1.000000 1.000000
4537.147949 0.000000 1834.350098 0.000000 0.685739 0.000000 0.727847 1.000000 1.000000 1.000000
4538.021973 0.000000 1814.328735 0.000000 0.532962 0.000000 0.846139 1.000000 1.000000 1.000000
4495.754395 0.000000 1827.776367 0.000000 0.675477 0.000000 0.737381 1.000000 1.000000 1.000000
4512.735840 0.000000 1808.363647 0.000000 0.431977 0.000000 0.901885 1.000000 1.000000 1.000000
4492.068359 0.000000 1813.694458 0.000000 0.618432 0.000000 0.785838 1.000000 1.000000 1.000000
4596.778809 0.000000 1839.273804 0.000000 0.590795 0.000000 0.806822 1.000000 1.000000 1.000000
4589.620117 0.000000 1832.102051 0.000000 0.532285 0.000000 0.846565 1.000000 1.000000 1.000000
4583.863770 0.000000 1867.089844 0.000000 0.457837 0.000000 0.889036 1.000000 1.000000 1.000000
4565.703613 0.000000 1872.163696 0.000000 0.418574 0.000000 0.908183 1.000000 1.000000 1.000000
4664.077637 0.000000 1650.511719 0.000000 0.417806 0.000000 0.908536 1.000000 1.000000 1.000000
4657.355957 0.000000 1635.710449 0.000000 0.623282 0.000000 0.781997 1.000000 1.000000 1.000000
4659.939941 0.000000 1688.274902 0.000000 0.644618 0.000000 0.764505 1.000000 1.000000 1.000000
4670.867188 0.000000 1692.170898 0.000000 0.399713 0.000000 0.916641 1.000000 1.000000 1.000000
4721.602051 0.000000 1666.456299 0.000000 0.424349 0.000000 0.905499 1.000000 1.000000 1.000000
4704.298340 0.000000 1696.229614 0.000000 0.558809 0.000000 0.829297 1.000000 1.000000 1.000000
4790.907227 0.000000 1647.855225 0.000000 0.667091 0.000000 0.744976 1.000000 1.000000 1.000000
4855.709473 0.000000 1637.699829 0.000000 0.524464 0.000000 0.851432 1.000000 1.000000 1.000000
4763.674316 0.000000 1667.158081 0.000000 0.540549 0.000000 0.841312 1.000000 1.000000 1.000000
4849.657715 0.000000 1697.513306 0.000000 0.380351 0.000000 0.924842 1.000000 1.000000 1.000000
4842.069824 0.000000 1683.946045 0.000000 0.686857 0.000000 0.726793 1.000000 1.000000 1.000000
4847.113281 0.000000 1691.309448 0.000000 0.601577 0.000000 0.798815 1.000000 1.000000 1.000000
4844.535156 0.000000 1682.525269 0.000000 0.493784 0.000000 0.869584 1.000000 1.000000 1.000000
4914.928711 0.000000 1637.172852 0.000000 0.473580 0.000000 0.880751 1.000000 1.000000 1.000000
4921.312500 0.000000 1630.551392 0.000000 0.660173 0.000000 0.751113 1.000000 1.000000 1.000000
4923.750977 0.000000 1634.511963 0.000000 0.460358 0.000000 0.887734 1.000000 1.000000 1.000000
4892.412598 0.000000 1652.726440 0.000000 0.602752 0.000000 0.797929 1.000000 1.000000 1.000000
4928.386230 0.000000 1614.318726 0.000000 0.556583 0.000000 0.830792 1.000000 1.000000 1.000000
4935.857422 0.000000 1614.772339 0.000000 0.462096 0.000000 0.886830 1.000000 1.000000 1.000000
4965.431641 0.000000 1617.258301 0.000000 0.557326 0.000000 0.830294 1.000000 1.000000 1.000000
4960.145996 0.000000 1608.544922 0.000000 0.667967 0.000000 0.744191 1.000000 1.000000 1.000000
4904.804688 0.000000 1672.485962 0.000000 0.521059 0.000000 0.853521 1.000000 1.000000 1.000000
4924.190918 0.000000 1683.965210 0.000000 0.551615 0.000000 0.834099 1.000000 1.000000 1.000000
4901.634277 0.000000 1693.928589 0.000000 0.392217 0.000000 0.919873 1.000000 1.000000 1.000000
4906.911621 0.000000 1677.294800 0.000000 0.604223 0.000000 0.796815 1.000000 1.000000 1.000000
4912.129883 0.000000 1674.806885 0.000000 0.669123 0.000000 0.743152 1.000000 1.000000 1.000000
4914.654297 0.000000 1674.622070 0.000000 0.569531 0.000000 0.821970 1.000000 1.000000 1.000000
4918.598633 0.000000 1670.391479 0.000000 0.618780 0.000000 0.785565 1.000000 1.000000 1.000000
4923.586426 0.000000 1672.295898 0.000000 0.609736 0.000000 0.792605 1.000000 1.000000 1.000000
4948.958984 0.000000 1671.374390 0.000000 0.604566 0.000000 0.796555 1.000000 1.000000 1.000000
5047.576172 0.000000 1642.427368 0.000000 0.634198 0.000000 0.773171 1.000000 1.000000 1.000000
5062.203613 0.000000 1649.996216 0.000000 0.421848 0.000000 0.906667 1.000000 1.000000 1.000000
5066.628906 0.000000 1639.385376 0.000000 0.407679 0.000000 0.913125 1.000000 1.000000 1.000000
5017.068359 0.000000 1691.997437 0.000000 0.551470 0.000000 0.834195 1.000000 1.000000 1.000000
5020.382324 0.000000 1682.424072 0.000000 0.637133 0.000000 0.770754 1.000000 1.000000 1.000000
5010.567871 0.000000 1691.156982 0.000000 0.684509 0.000000 0.729005 1.000000 1.000000 1.000000
5064.023438 0.000000 1692.327393 0.000000 0.379350 0.000000 0.925253 1.000000 1.000000 1.000000
4653.306641 0.000000 1788.481445 0.000000 0.404260 0.000000 0.914644 1.000000 1.000000 1.000000
4621.602539 0.000000 1784.194824 0.000000 0.629910 0.000000 0.776668 1.000000 1.000000 1.000000
4708.881348 0.000000 1753.475708 0.000000 0.556557 0.000000 0.830809 1.000000 1.000000 1.000000
4684.759277 0.000000 1787.824341 0.000000 0.461114 0.000000 0.887341 1.000000 1.000000 1.000000
4780.603516 0.000000 1714.936646 0.000000 0.475499 0.000000 0.879716 1.000000 1.000000 1.000000
4796.354004 0.000000 1740.670776 0.000000 0.650505 0.000000 0.759502 1.000000 1.000000 1.000000
4783.364746 0.000000 1716.417969 0.000000 0.635640 0.000000 0.771985 1.000000 1.000000 1.000000
4823.813965 0.000000 1702.495361 0.000000 0.574604 0.000000 0.818432 1.000000 1.000000 1.000000
4832.937012 0.000000 1719.133911 0.000000 0.401827 0.000000 0.915716 1.000000 1.000000 1.000000
4848.882324 0.000000 1746.996582 0.000000 0.532650 0.000000 0.846336 1.000000 1.000000 1.000000
4851.390137 0.000000 1729.533447 0.000000 0.540882 0.000000 0.841098 1.000000 1.000000 1.000000
4822.369629 0.000000 1700.738892 0.000000 0.569259 0.000000 0.822158 1.000000 1.000000 1.000000
4637.113770 0.000000 1805.042603 0.000000 0.465576 0.000000 0.885008 1.000000 1.000000 1.000000
4666.334961 0.000000 1796.140259 0.000000 0.652628 0.000000 0.757678 1.000000 1.000000 1.000000
4631.837402 0.000000 1844.221924 0.000000 0.446415 0.000000 0.894826 1.000000 1.000000 1.000000
4612.550781 0.000000 1883.005127 0.000000 0.411920 0.000000 0.911220 1.000000 1.000000 1.000000
4615.441406 0.000000 1888.041504 0.000000 0.389997 0.000000 0.920816 1.000000 1.000000 1.000000
4694.706055 0.000000 1854.310791 0.000000 0.471449 0.000000 0.881893 1.000000 1.000000 1.000000
4675.205566 0.000000 1853.424316 0.000000 0.525684 0.000000 0.850680 1.000000 1.000000 1.000000
4742.534180 0.000000 1798.104492 0.000000 0.383779 0.000000 0.923425 1.000000 1.000000 1.000000
4810.130859 0.000000 1811.227905 0.000000 0.448509 0.000000 0.893778 1.000000 1.000000 1.000000
4786.944336 0.000000 1873.383789 0.000000 0.495197 0.000000 0.868781 1.000000 1.000000 1.000000
4773.455078 0.000000 1853.469238 0.000000 0.459333 0.000000 0.888264 1.000000 1.000000 1.000000
4794.039551 0.000000 1879.035767 0.000000 0.408983 0.000000 0.912542 1.000000 1.000000 1.000000
4935.050293 0.000000 1712.734253 0.000000 0.476903 0.000000 0.878956 1.000000 1.000000 1.000000
4989.478516 0.000000 1744.302246 0.000000 0.653235 0.000000 0.757155 1.000000 1.000000 1.000000
4973.243164 0.000000 1704.384888 0.000000 0.451876 0.000000 0.892081 1.000000 1.000000 1.000000
5005.555664 0.000000 1736.952637 0.000000 0.625733 0.000000 0.780037 1.000000 1.000000 1.000000
5000.492676 0.000000 1700.767822 0.000000 0.624387 0.000000 0.781115 1.000000 1.000000 1.000000
5052.064453 0.000000 1703.070435 0.000000 0.519530 0.000000 0.854452 1.000000 1.000000 1.000000
5035.151855 0.000000 1704.667114 0.000000 0.686422 0.000000 0.727204 1.000000 1.000000 1.000000
5068.229004 0.000000 1720.718750 0.000000 0.539815 0.000000 0.841784 1.000000 1.000000 1.000000
5083.635254 0.000000 1714.400269 0.000000 0.637452 0.000000 0.770490 1.000000 1.000000 1.000000
5071.759766 0.000000 1731.040161 0.000000 0.453110 0.000000 0.891455 1.000000 1.000000 1.000000
5069.260742 0.000000 1719.557861 0.000000 0.579448 0.000000 0.815009 1.000000 1.000000 1.000000
5095.419922 0.000000 1737.693970 0.000000 0.625245 0.000000 0.780429 1.000000 1.000000 1.000000
5046.513184 0.000000 1773.057983 0.000000 0.487033 0.000000 0.873383 1.000000 1.000000 1.000000
5018.962891 0.000000 1783.681274 0.000000 0.642318 0.000000 0.766438 1.000000 1.000000 1.000000
5117.457520 0.000000 1752.119263 0.000000 0.440012 0.000000 0.897992 1.000000 1.000000 1.000000
4950.674805 0.000000 1807.068604 0.000000 0.655103 0.000000 0.755540 1.000000 1.000000 1.000000
4928.569824 0.000000 1822.020142 0.000000 0.685210 0.000000 0.728346 1.000000 1.000000 1.000000
4931.616699 0.000000 1821.766113 0.000000 0.421485 0.000000 0.906835 1.000000 1.000000 1.000000
4870.227051 0.000000 1886.207153 0.000000 0.589509 0.000000 0.807762 1.000000 1.000000 1.000000
4980.731934 0.000000 1886.515991 0.000000 0.439691 0.000000 0.898149 1.000000 1.000000 1.000000
5037.894043 0.000000 1840.493164 0.000000 0.570465 0.000000 0.821322 1.000000 1.000000 1.000000
5011.100586 0.000000 1835.902466 0.000000 0.693240 0.000000 0.720707 1.000000 1.000000 1.000000
5050.909180 0.000000 1833.583130 0.000000 0.475080 0.000000 0.879942 1.000000 1.000000 1.000000
5105.241211 0.000000 1813.564941 0.000000 0.681088 0.000000 0.732202 1.000000 1.000000 1.000000
5069.577637 0.000000 1807.503662 0.000000 0.646849 0.000000 0.762618 1.000000 1.000000 1.000000
4991.690430 0.000000 1846.499634 0.000000 0.490324 0.000000 0.871540 1.000000 1.000000 1.000000
4444.962891 0.000000 1924.705200 0.000000 0.479252 0.000000 0.877677 1.000000 1.000000 1.000000
4426.903320 0.000000 1938.625366 0.000000 0.547200 0.000000 0.837002 1.000000 1.000000 1.000000
4429.178711 0.000000 1937.649658 0.000000 0.552096 0.000000 0.833781 1.000000 1.000000 1.000000
4383.619141 0.000000 2075.904785 0.000000 0.498486 0.000000 0.866898 1.000000 1.000000 1.000000
4381.109375 0.000000 2076.515381 0.000000 0.501642 0.000000 0.865075 1.000000 1.000000 1.000000
4240.084473 0.000000 2143.023926 0.000000 0.430315 0.000000 0.902679 1.000000 1.000000 1.000000
4278.252441 0.000000 2172.471436 0.000000 0.489727 0.000000 0.871876 1.000000 1.000000 1.000000
4253.925781 0.000000 2131.627197 0.000000 0.586606 0.000000 0.809873 1.000000 1.000000 1.000000
4324.338867 0.000000 2182.776367 0.000000 0.500108 0.000000 0.865963 1.000000 1.000000 1.000000
4385.224121 0.000000 2078.937256 0.000000 0.640930 0.000000 0.767599 1.000000 1.000000 1.000000
4393.734375 0.000000 2083.110840 0.000000 0.644079 0.000000 0.764959 1.000000 1.000000 1.000000
4393.882324 0.000000 2085.027588 0.000000 0.386487 0.000000 0.922295 1.000000 1.000000 1.000000
4440.096680 0.000000 2102.202637 0.000000 0.569154 0.000000 0.822231 1.000000 1.000000 1.000000
4474.979492 0.000000 2117.036377 0.000000 0.648852 0.000000 0.760914 1.000000 1.000000 1.000000
4452.659668 0.000000 2091.519043 0.000000 0.668624 0.000000 0.743601 1.000000 1.000000 1.000000
4454.615723 0.000000 2092.332275 0.000000 0.480739 0.000000 0.876864 1.000000 1.000000 1.000000
4476.839355 0.000000 2126.101318 0.000000 0.678902 0.000000 0.734229 1.000000 1.000000 1.000000
4455.879395 0.000000 2150.543213 0.000000 0.666548 0.000000 0.745462 1.000000 1.000000 1.000000
4456.341797 0.000000 2141.841797 0.000000 0.408406 0.000000 0.912800 1.000000 1.000000 1.000000
4454.852051 0.000000 2145.638184 0.000000 0.390429 0.000000 0.920633 1.000000 1.000000 1.000000
4451.214355 0.000000 2161.047607 0.000000 0.450830 0.000000 0.892610 1.000000 1.000000 1.000000
4541.937012 0.000000 2102.642822 0.000000 0.432701 0.000000 0.901538 1.000000 1.000000 1.000000
4515.329590 0.000000 2115.872314 0.000000 0.456607 0.000000 0.889668 1.000000 1.000000 1.000000
4542.407227 0.000000 2115.589355 0.000000 0.521734 0.000000 0.853108 1.000000 1.000000 1.000000
4551.301758 0.000000 2109.640869 0.000000 0.540640 0.000000 0.841254 1.000000 1.000000 1.000000
4598.986816 0.000000 2097.659180 0.000000 0.381633 0.000000 0.924314 1.000000 1.000000 1.000000
4605.525391 0.000000 2122.239746 0.000000 0.679906 0.000000 0.733300 1.000000 1.000000 1.000000
4586.308105 0.000000 2105.639648 0.000000 0.529899 0.000000 0.848060 1.000000 1.000000 1.000000
4595.510742 0.000000 2120.139648 0.000000 0.648411 0.000000 0.761290 1.000000 1.000000 1.000000
4548.824707 0.000000 2115.812988 0.000000 0.661504 0.000000 0.749942 1.000000 1.000000 1.000000
4552.364258 0.000000 2111.827148 0.000000 0.376852 0.000000 0.926273 1.000000 1.000000 1.000000
4569.156250 0.000000 2123.101074 0.000000 0.439341 0.000000 0.898320 1.000000 1.000000 1.000000
4555.697266 0.000000 2113.939209 0.000000 0.416988 0.000000 0.908912 1.000000 1.000000 1.000000
4490.895508 0.000000 2127.594238 0.000000 0.613410 0.000000 0.789764 1.000000 1.000000 1.000000
4496.607422 0.000000 2160.337158 0.000000 0.610959 0.000000 0.791662 1.000000 1.000000 1.000000
4510.393066 0.000000 2171.888184 0.000000 0.612882 0.000000 0.790174 1.000000 1.000000 1.000000
4509.833008 0.000000 2156.747314 0.000000 0.406920 0.000000 0.913464 1.000000 1.000000 1.000000
4488.937988 0.000000 2132.417480 0.000000 0.549225 0.000000 0.835675 1.000000 1.000000 1.000000
4498.572754 0.000000 2159.251953 0.000000 0.679964 0.000000 0.733245 1.000000 1.000000 1.000000
4538.482910 0.000000 2166.490967 0.000000 0.675367 0.000000 0.737481 1.000000 1.000000 1.000000
4540.365234 0.000000 2167.911133 0.000000 0.455861 0.000000 0.890051 1.000000 1.000000 1.000000
4507.873047 0.000000 2162.883057 0.000000 0.468971 0.000000 0.883214 1.000000 1.000000 1.000000
4505.679199 0.000000 2160.897217 0.000000 0.605273 0.000000 0.796018 1.000000 1.000000 1.000000
4604.823730 0.000000 2126.101318 0.000000 0.597428 0.000000 0.801922 1.000000 1.000000 1.000000
4386.886230 0.000000 2189.195557 0.000000 0.456327 0.000000 0.889812 1.000000 1.000000 1.000000
4372.285645 0.000000 2201.984863 0.000000 0.619772 0.000000 0.784782 1.000000 1.000000 1.000000
4445.137207 0.000000 2182.980225 0.000000 0.557161 0.000000 0.830405 1.000000 1.000000 1.000000
4444.654785 0.000000 2176.234619 0.000000 0.397414 0.000000 0.917639 1.000000 1.000000 1.000000
4663.808594 0.000000 1889.803711 0.000000 0.383965 0.000000 0.923347 1.000000 1.000000 1.000000
4649.573730 0.000000 1891.974731 0.000000 0.439946 0.000000 0.898024 1.000000 1.000000 1.000000
4636.631348 0.000000 1892.781494 0.000000 0.530827 0.000000 0.847480 1.000000 1.000000 1.000000
4650.559082 0.000000 1897.853882 0.000000 0.455861 0.000000 0.890051 1.000000 1.000000 1.000000
4647.189453 0.000000 1897.356567 0.000000 0.510393 0.000000 0.859941 1.000000 1.000000 1.000000
4637.823242 0.000000 1894.262573 0.000000 0.535085 0.000000 0.844798 1.000000 1.000000 1.000000
4648.899902 0.000000 1897.527710 0.000000 0.607286 0.000000 0.794483 1.000000 1.000000 1.000000
4692.990234 0.000000 1907.585327 0.000000 0.495448 0.000000 0.868637 1.000000 1.000000 1.000000
4713.538086 0.000000 1983.620239 0.000000 0.472056 0.000000 0.881569 1.000000 1.000000 1.000000
4751.603027 0.000000 1918.060303 0.000000 0.599660 0.000000 0.800255 1.000000 1.000000 1.000000
4753.076660 0.000000 1916.852417 0.000000 0.682287 0.000000 0.731084 1.000000 1.000000 1.000000
4827.682129 0.000000 1889.807617 0.000000 0.622656 0.000000 0.782495 1.000000 1.000000 1.000000
4685.147461 0.000000 1984.891846 0.000000 0.416238 0.000000 0.909256 1.000000 1.000000 1.000000
4628.403809 0.000000 2075.010498 0.000000 0.571575 0.000000 0.820550 1.000000 1.000000 1.000000
4645.673828 0.000000 2045.723022 0.000000 0.585939 0.000000 0.810355 1.000000 1.000000 1.000000
4649.573730 0.000000 2033.701294 0.000000 0.478037 0.000000 0.878339 1.000000 1.000000 1.000000
4645.883789 0.000000 2053.221680 0.000000 0.613684 0.000000 0.789552 1.000000 1.000000 1.000000
4663.772461 0.000000 2053.755371 0.000000 0.487299 0.000000 0.873235 1.000000 1.000000 1.000000
4618.996582 0.000000 2078.565186 0.000000 0.674685 0.000000 0.738106 1.000000 1.000000 1.000000
4633.707520 0.000000 2071.342529 0.000000 0.667368 0.000000 0.744728 1.000000 1.000000 1.000000
4648.414551 0.000000 2069.346680 0.000000 0.549324 0.000000 0.835609 1.000000 1.000000 1.000000
4675.540527 0.000000 2049.218018 0.000000 0.408468 0.000000 0.912773 1.000000 1.000000 1.000000
4674.511230 0.000000 2056.075195 0.000000 0.622926 0.000000 0.782281 1.000000 1.000000 1.000000
4671.437012 0.000000 2070.118164 0.000000 0.443890 0.000000 0.896081 1.000000 1.000000 1.000000
4719.862793 0.000000 2048.764404 0.000000 0.411814 0.000000 0.911268 1.000000 1.000000 1.000000
4718.196777 0.000000 2048.940430 0.000000 0.466885 0.000000 0.884318 1.000000 1.000000 1.000000
4752.958984 0.000000 2043.201782 0.000000 0.455124 0.000000 0.890428 1.000000 1.000000 1.000000
5049.226074 0.000000 1906.093506 0.000000 0.567356 0.000000 0.823473 1.000000 1.000000 1.000000
5061.833008 0.000000 1889.931641 0.000000 0.612359 0.000000 0.790579 1.000000 1.000000 1.000000
5059.507324 0.000000 1935.124390 0.000000 0.609374 0.000000 0.792883 1.000000 1.000000 1.000000
5029.626953 0.000000 1951.238647 0.000000 0.623294 0.000000 0.781988 1.000000 1.000000 1.000000
5111.678223 0.000000 1968.395142 0.000000 0.579434 0.000000 0.815020 1.000000 1.000000 1.000000
5092.371582 0.000000 2013.400269 0.000000 0.547662 0.000000 0.836700 1.000000 1.000000 1.000000
4634.608398 0.000000 2102.315674 0.000000 0.639649 0.000000 0.768667 1.000000 1.000000 1.000000
4635.608398 0.000000 2123.365234 0.000000 0.430647 0.000000 0.902520 1.000000 1.000000 1.000000
4633.652344 0.000000 2096.063721 0.000000 0.381803 0.000000 0.924244 1.000000 1.000000 1.000000
4652.619141 0.000000 2092.874268 0.000000 0.397074 0.000000 0.917787 1.000000 1.000000 1.000000
4656.398926 0.000000 2119.947754 0.000000 0.525428 0.000000 0.850838 1.000000 1.000000 1.000000
4631.444824 0.000000 2097.263428 0.000000 0.384138 0.000000 0.923276 1.000000 1.000000 1.000000
4654.247559 0.000000 2121.442383 0.000000 0.683776 0.000000 0.729692 1.000000 1.000000 1.000000
4653.290039 0.000000 2090.786133 0.000000 0.587427 0.000000 0.809277 1.000000 1.000000 1.000000
4613.486816 0.000000 2120.768311 0.000000 0.654140 0.000000 0.756374 1.000000 1.000000 1.000000
4609.577148 0.000000 2121.528809 0.000000 0.424779 0.000000 0.905297 1.000000 1.000000 1.000000
4629.889648 0.000000 2085.317627 0.000000 0.636411 0.000000 0.771350 1.000000 1.000000 1.000000
4613.300781 0.000000 2123.365723 0.000000 0.544062 0.000000 0.839045 1.000000 1.000000 1.000000
4653.472168 0.000000 2092.029053 0.000000 0.551380 0.000000 0.834254 1.000000 1.000000 1.000000
4696.714355 0.000000 2098.607910 0.000000 0.546706 0.000000 0.837325 1.000000 1.000000 1.000000
4668.413574 0.000000 2136.755371 0.000000 0.665947 0.000000 0.745999 1.000000 1.000000 1.000000
4625.322754 0.000000 2129.800537 0.000000 0.398422 0.000000 0.917202 1.000000 1.000000 1.000000
4607.842285 0.000000 2141.887207 0.000000 0.650024 0.000000 0.759914 1.000000 1.000000 1.000000
4615.163574 0.000000 2149.316650 0.000000 0.501206 0.000000 0.865328 1.000000 1.000000 1.000000
4660.983398 0.000000 2138.272949 0.000000 0.401825 0.000000 0.915716 1.000000 1.000000 1.000000
4672.417480 0.000000 2133.982910 0.000000 0.573471 0.000000 0.819226 1.000000 1.000000 1.000000
5312.428711 0.000000 1654.376099 0.000000 0.567952 0.000000 0.823062 1.000000 1.000000 1.000000
5194.179199 0.000000 1737.605469 0.000000 0.609950 0.000000 0.792440 1.000000 1.000000 1.000000
5197.532227 0.000000 1736.952637 0.000000 0.646890 0.000000 0.762584 1.000000 1.000000 1.000000
5157.603027 0.000000 1930.139526 0.000000 0.670242 0.000000 0.742143 1.000000 1.000000 1.000000
5127.334473 0.000000 1909.869629 0.000000 0.494464 0.000000 0.869198 1.000000 1.000000 1.000000
5162.857910 0.000000 1930.610474 0.000000 0.477488 0.000000 0.878638 1.000000 1.000000 1.000000
5188.746582 0.000000 1926.844116 0.000000 0.438791 0.000000 0.898589 1.000000 1.000000 1.000000
5192.502441 0.000000 1904.409424 0.000000 0.431992 0.000000 0.901877 1.000000 1.000000 1.000000
5171.625488 0.000000 1939.670410 0.000000 0.399080 0.000000 0.916916 1.000000 1.000000 1.000000
5208.722656 0.000000 1965.831177 0.000000 0.375581 0.000000 0.926789 1.000000 1.000000 1.000000
5268.554688 0.000000 1922.562256 0.000000 0.667941 0.000000 0.744214 1.000000 1.000000 1.000000
5338.341797 0.000000 1916.219971 0.000000 0.571169 0.000000 0.820832 1.000000 1.000000 1.000000
5298.607422 0.000000 1958.075195 0.000000 0.675205 0.000000 0.737630 1.000000 1.000000 1.000000
5299.625000 0.000000 1959.095093 0.000000 0.385165 0.000000 0.922848 1.000000 1.000000 1.000000
5120.573242 0.000000 2031.122314 0.000000 0.683109 0.000000 0.730316 1.000000 1.000000 1.000000
5181.449707 0.000000 1988.330200 0.000000 0.668573 0.000000 0.743647 1.000000 1.000000 1.000000
5182.593750 0.000000 1986.030029 0.000000 0.574811 0.000000 0.818286 1.000000 1.000000 1.000000
5195.787109 0.000000 1999.102295 0.000000 0.619266 0.000000 0.785181 1.000000 1.000000 1.000000
5213.631348 0.000000 2025.655273 0.000000 0.637925 0.000000 0.770098 1.000000 1.000000 1.000000
5205.129395 0.000000 2004.446899 0.000000 0.616715 0.000000 0.787186 1.000000 1.000000 1.000000
5170.897461 0.000000 2062.352539 0.000000 0.494966 0.000000 0.868912 1.000000 1.000000 1.000000
5200.474609 0.000000 2073.875732 0.000000 0.519633 0.000000 0.854390 1.000000 1.000000 1.000000
5332.168457 0.000000 2060.258057 0.000000 0.380406 0.000000 0.924819 1.000000 1.000000 1.000000
5406.687012 0.000000 1929.032349 0.000000 0.654439 0.000000 0.756115 1.000000 1.000000 1.000000
5387.763672 0.000000 1951.860107 0.000000 0.558992 0.000000 0.829173 1.000000 1.000000 1.000000
5423.045898 0.000000 1976.691406 0.000000 0.412270 0.000000 0.911062 1.000000 1.000000 1.000000
5443.374512 0.000000 1971.176270 0.000000 0.576069 0.000000 0.817401 1.000000 1.000000 1.000000
5376.515137 0.000000 2010.988892 0.000000 0.506944 0.000000 0.861979 1.000000 1.000000 1.000000
5443.434082 0.000000 2053.800293 0.000000 0.660871 0.000000 0.750500 1.000000 1.000000 1.000000
5526.276367 0.000000 1989.434692 0.000000 0.404954 0.000000 0.914337 1.000000 1.000000 1.000000
5505.830566 0.000000 2015.294067 0.000000 0.647367 0.000000 0.762179 1.000000 1.000000 1.000000
5538.609375 0.000000 2013.958252 0.000000 0.496172 0.000000 0.868224 1.000000 1.000000 1.000000
5528.476562 0.000000 2000.250488 0.000000 0.534958 0.000000 0.844879 1.000000 1.000000 1.000000
5522.444824 0.000000 2048.319092 0.000000 0.398527 0.000000 0.917157 1.000000 1.000000 1.000000
5522.632812 0.000000 2044.059814 0.000000 0.640115 0.000000 0.768279 1.000000 1.000000 1.000000
5224.798340 0.000000 2122.233398 0.000000 0.677230 0.000000 0.735772 1.000000 1.000000 1.000000
5395.591309 0.000000 2124.470459 0.000000 0.419972 0.000000 0.907537 1.000000 1.000000 1.000000
5409.961914 0.000000 2179.364502 0.000000 0.455653 0.000000 0.890157 1.000000 1.000000 1.000000
5423.708008 0.000000 2224.577148 0.000000 0.577316 0.000000 0.816521 1.000000 1.000000 1.000000
5552.562500 0.000000 2206.870850 0.000000 0.405354 0.000000 0.914160 1.000000 1.000000 1.000000
5523.645020 0.000000 2198.981934 0.000000 0.671607 0.000000 0.740908 1.000000 1.000000 1.000000
5546.811035 0.000000 2261.305908 0.000000 0.608472 0.000000 0.793575 1.000000 1.000000 1.000000
5532.639648 0.000000 2244.048584 0.000000 0.683525 0.000000 0.729927 1.000000 1.000000 1.000000
4534.363281 0.000000 2610.273926 0.000000 0.657625 0.000000 0.753346 1.000000 1.000000 1.000000
4538.679199 0.000000 2611.518799 0.000000 0.530639 0.000000 0.847598 1.000000 1.000000 1.000000
5075.213379 0.000000 2290.873779 0.000000 0.549008 0.000000 0.835817 1.000000 1.000000 1.000000
5074.593750 0.000000 2295.827881 0.000000 0.628007 0.000000 0.778208 1.000000 1.000000 1.000000
4927.179199 0.000000 2468.920410 0.000000 0.446137 0.000000 0.894965 1.000000 1.000000 1.000000
4931.509277 0.000000 2474.397705 0.000000 0.663794 0.000000 0.747915 1.000000 1.000000 1.000000
4931.174316 0.000000 2472.838867 0.000000 0.412795 0.000000 0.910824 1.000000 1.000000 1.000000
5010.601562 0.000000 2579.281006 0.000000 0.627470 0.000000 0.778641 1.000000 1.000000 1.000000
5519.928223 0.000000 2284.750488 0.000000 0.464690 0.000000 0.885473 1.000000 1.000000 1.000000
5563.258789 0.000000 2366.004150 0.000000 0.597074 0.000000 0.802186 1.000000 1.000000 1.000000
5586.531250 0.000000 2390.312256 0.000000 0.442359 0.000000 0.896838 1.000000 1.000000 1.000000
5597.455566 0.000000 2399.419678 0.000000 0.435621 0.000000 0.900130 1.000000 1.000000 1.000000
5130.815918 0.000000 2467.295166 0.000000 0.594044 0.000000 0.804433 1.000000 1.000000 1.000000
5154.293457 0.000000 2489.114746 0.000000 0.374957 0.000000 0.927042 1.000000 1.000000 1.000000
5529.542969 0.000000 2474.001221 0.000000 0.682506 0.000000 0.730880 1.000000 1.000000 1.000000
5584.427734 0.000000 2546.297852 0.000000 0.533632 0.000000 0.845717 1.000000 1.000000 1.000000
5464.634277 0.000000 2584.746094 0.000000 0.563917 0.000000 0.825832 1.000000 1.000000 1.000000
5736.128906 0.000000 2324.269531 0.000000 0.555202 0.000000 0.831716 1.000000 1.000000 1.000000
5736.735840 0.000000 2358.444336 0.000000 0.628807 0.000000 0.777561 1.000000 1.000000 1.000000
5734.577148 0.000000 2350.666260 0.000000 0.554873 0.000000 0.831935 1.000000 1.000000 1.000000
5746.222168 0.000000 2353.319336 0.000000 0.453028 0.000000 0.891496 1.000000 1.000000 1.000000
5716.679688 0.000000 2352.940674 0.000000 0.451670 0.000000 0.892185 1.000000 1.000000 1.000000
5706.116699 0.000000 2398.996338 0.000000 0.663757 0.000000 0.747948 1.000000 1.000000 1.000000
5718.581055 0.000000 2373.975098 0.000000 0.411513 0.000000 0.911404 1.000000 1.000000 1.000000
5737.280762 0.000000 2401.217285 0.000000 0.554609 0.000000 0.832111 1.000000 1.000000 1.000000
5745.848633 0.000000 2389.350830 0.000000 0.545982 0.000000 0.837797 1.000000 1.000000 1.000000
5698.386230 0.000000 2386.770508 0.000000 0.399763 0.000000 0.916618 1.000000 1.000000 1.000000
5911.916992 0.000000 2338.413574 0.000000 0.518331 0.000000 0.855180 1.000000 1.000000 1.000000
5984.142090 0.000000 2357.620361 0.000000 0.501967 0.000000 0.864887 1.000000 1.000000 1.000000
5948.884277 0.000000 2374.760742 0.000000 0.623124 0.000000 0.782123 1.000000 1.000000 1.000000
6012.951172 0.000000 2376.828857 0.000000 0.647226 0.000000 0.762298 1.000000 1.000000 1.000000
5949.765137 0.000000 2433.338135 0.000000 0.601225 0.000000 0.799080 1.000000 1.000000 1.000000
5960.431152 0.000000 2430.324463 0.000000 0.557782 0.000000 0.829988 1.000000 1.000000 1.000000
6052.297852 0.000000 2380.510010 0.000000 0.638999 0.000000 0.769208 1.000000 1.000000 1.000000
6058.128418 0.000000 2389.092773 0.000000 0.481039 0.000000 0.876699 1.000000 1.000000 1.000000
6076.241699 0.000000 2372.966309 0.000000 0.385496 0.000000 0.922710 1.000000 1.000000 1.000000
6049.601562 0.000000 2376.724854 0.000000 0.509141 0.000000 0.860683 1.000000 1.000000 1.000000
6098.435059 0.000000 2399.789795 0.000000 0.672084 0.000000 0.740475 1.000000 1.000000 1.000000
6127.499023 0.000000 2453.680420 0.000000 0.462837 0.000000 0.886443 1.000000 1.000000 1.000000
6123.675293 0.000000 2443.456787 0.000000 0.433664 0.000000 0.901074 1.000000 1.000000 1.000000
6120.948730 0.000000 2426.656006 0.000000 0.442483 0.000000 0.896777 1.000000 1.000000 1.000000
6124.090820 0.000000 2450.945068 0.000000 0.447619 0.000000 0.894224 1.000000 1.000000 1.000000
5631.681641 0.000000 2486.951172 0.000000 0.469370 0.000000 0.883002 1.000000 1.000000 1.000000
5640.447754 0.000000 2471.315918 0.000000 0.415154 0.000000 0.909751 1.000000 1.000000 1.000000
5739.930664 0.000000 2466.986572 0.000000 0.375661 0.000000 0.926757 1.000000 1.000000 1.000000
5727.681152 0.000000 2468.221436 0.000000 0.672299 0.000000 0.740280 1.000000 1.000000 1.000000
5727.667480 0.000000 2511.931641 0.000000 0.385195 0.000000 0.922835 1.000000 1.000000 1.000000
5805.166016 0.000000 2497.114258 0.000000 0.615402 0.000000 0.788213 1.000000 1.000000 1.000000
5765.821777 0.000000 2479.032959 0.000000 0.467382 0.000000 0.884056 1.000000 1.000000 1.000000
5780.627930 0.000000 2511.494141 0.000000 0.548728 0.000000 0.836001 1.000000 1.000000 1.000000
5849.503906 0.000000 2521.243408 0.000000 0.576070 0.000000 0.817400 1.000000 1.000000 1.000000
5851.541504 0.000000 2517.517578 0.000000 0.552673 0.000000 0.833398 1.000000 1.000000 1.000000
5843.540039 0.000000 2518.244141 0.000000 0.380977 0.000000 0.924585 1.000000 1.000000 1.000000
5861.208008 0.000000 2530.397217 0.000000 0.621879 0.000000 0.783114 1.000000 1.000000 1.000000
5860.895996 0.000000 2507.537598 0.000000 0.487009 0.000000 0.873397 1.000000 1.000000 1.000000
5663.803711 0.000000 2565.838867 0.000000 0.615104 0.000000 0.788446 1.000000 1.000000 1.000000
5749.440918 0.000000 2589.878174 0.000000 0.672801 0.000000 0.739823 1.000000 1.000000 1.000000
5797.132324 0.000000 2596.261963 0.000000 0.440568 0.000000 0.897719 1.000000 1.000000 1.000000
5852.618652 0.000000 2604.486328 0.000000 0.374926 0.000000 0.927055 1.000000 1.000000 1.000000
6139.437988 0.000000 2475.413086 0.000000 0.689740 0.000000 0.724057 1.000000 1.000000 1.000000
6088.458008 0.000000 2526.312256 0.000000 0.461915 0.000000 0.886924 1.000000 1.000000 1.000000
5980.265137 0.000000 2580.025635 0.000000 0.544749 0.000000 0.838599 1.000000 1.000000 1.000000
5933.859863 0.000000 2624.580322 0.000000 0.480046 0.000000 0.877243 1.000000 1.000000 1.000000
6006.758789 0.000000 2639.941406 0.000000 0.410695 0.000000 0.911773 1.000000 1.000000 1.000000
6005.729980 0.000000 2611.994141 0.000000 0.411431 0.000000 0.911441 1.000000 1.000000 1.000000
6135.628906 0.000000 2551.194336 0.000000 0.629616 0.000000 0.776907 1.000000 1.000000 1.000000
6095.598633 0.000000 2572.712891 0.000000 0.526424 0.000000 0.850222 1.000000 1.000000 1.000000
6124.925781 0.000000 2599.193359 0.000000 0.509777 0.000000 0.860307 1.000000 1.000000 1.000000
6125.126953 0.000000 2638.840820 0.000000 0.524444 0.000000 0.851445 1.000000 1.000000 1.000000
6080.317383 0.000000 2634.628906 0.000000 0.525729 0.000000 0.850652 1.000000 1.000000 1.000000
5254.180176 0.000000 2831.051025 0.000000 0.425810 0.000000 0.904813 1.000000 1.000000 1.000000
5253.396484 0.000000 2828.337402 0.000000 0.622696 0.000000 0.782464 1.000000 1.000000 1.000000
5607.738770 0.000000 2717.449463 0.000000 0.684521 0.000000 0.728993 1.000000 1.000000 1.000000
5229.945801 0.000000 2860.791260 0.000000 0.393163 0.000000 0.919469 1.000000 1.000000 1.000000
5297.903320 0.000000 2861.772705 0.000000 0.383477 0.000000 0.923550 1.000000 1.000000 1.000000
5433.257812 0.000000 2844.482666 0.000000 0.413581 0.000000 0.910467 1.000000 1.000000 1.000000
5418.355957 0.000000 2848.737305 0.000000 0.686591 0.000000 0.727044 1.000000 1.000000 1.000000
5606.592773 0.000000 2964.814697 0.000000 0.469649 0.000000 0.882853 1.000000 1.000000 1.000000
5663.056641 0.000000 2672.344482 0.000000 0.502840 0.000000 0.864379 1.000000 1.000000 1.000000
5665.249023 0.000000 2691.051025 0.000000 0.555038 0.000000 0.831825 1.000000 1.000000 1.000000
5758.068359 0.000000 2654.715088 0.000000 0.693090 0.000000 0.720851 1.000000 1.000000 1.000000
5644.543945 0.000000 2717.648682 0.000000 0.450125 0.000000 0.892966 1.000000 1.000000 1.000000
5800.913574 0.000000 2682.074219 0.000000 0.447573 0.000000 0.894247 1.000000 1.000000 1.000000
5989.509766 0.000000 2659.871582 0.000000 0.641481 0.000000 0.767139 1.000000 1.000000 1.000000
5991.335938 0.000000 2659.927979 0.000000 0.497961 0.000000 0.867199 1.000000 1.000000 1.000000
5972.468750 0.000000 2725.679443 0.000000 0.654156 0.000000 0.756360 1.000000 1.000000 1.000000
6035.660645 0.000000 2667.090088 0.000000 0.527143 0.000000 0.849777 1.000000 1.000000 1.000000
6133.390625 0.000000 2674.042480 0.000000 0.671239 0.000000 0.741241 1.000000 1.000000 1.000000
6057.086426 0.000000 2714.499023 0.000000 0.635922 0.000000 0.771753 1.000000 1.000000 1.000000
6055.308594 0.000000 2738.206543 0.000000 0.574534 0.000000 0.818481 1.000000 1.000000 1.000000
6140.636230 0.000000 2693.007568 0.000000 0.615018 0.000000 0.788513 1.000000 1.000000 1.000000
5893.220215 0.000000 2744.052734 0.000000 0.622708 0.000000 0.782454 1.000000 1.000000 1.000000
5802.260742 0.000000 2919.407471 0.000000 0.569383 0.000000 0.822072 1.000000 1.000000 1.000000
5823.658203 0.000000 2912.130859 0.000000 0.385035 0.000000 0.922902 1.000000 1.000000 1.000000
5862.264160 0.000000 2924.615479 0.000000 0.418067 0.000000 0.908416 1.000000 1.000000 1.000000
5835.984863 0.000000 2919.527588 0.000000 0.454616 0.000000 0.890688 1.000000 1.000000 1.000000
5669.540527 0.000000 2969.467773 0.000000 0.567265 0.000000 0.823536 1.000000 1.000000 1.000000
5736.128906 0.000000 2938.417969 0.000000 0.649975 0.000000 0.759956 1.000000 1.000000 1.000000
5748.951172 0.000000 2932.287109 0.000000 0.662277 0.000000 0.749259 1.000000 1.000000 1.000000
5723.557129 0.000000 2942.697266 0.000000 0.507201 0.000000 0.861828 1.000000 1.000000 1.000000
5759.596680 0.000000 2933.070068 0.000000 0.646142 0.000000 0.763217 1.000000 1.000000 1.000000
5876.006836 0.000000 2942.340088 0.000000 0.478686 0.000000 0.877986 1.000000 1.000000 1.000000
5770.013672 0.000000 2992.282715 0.000000 0.627610 0.000000 0.778528 1.000000 1.000000 1.000000
5823.693848 0.000000 2992.246582 0.000000 0.669700 0.000000 0.742632 1.000000 1.000000 1.000000
5895.692383 0.000000 2919.137207 0.000000 0.602369 0.000000 0.798218 1.000000 1.000000 1.000000
5978.263672 0.000000 2908.305908 0.000000 0.452238 0.000000 0.891897 1.000000 1.000000 1.000000
5978.594727 0.000000 2915.196533 0.000000 0.534271 0.000000 0.845313 1.000000 1.000000 1.000000
6016.283691 0.000000 2904.694824 0.000000 0.417561 0.000000 0.908649 1.000000 1.000000 1.000000
6036.640625 0.000000 2919.846924 0.000000 0.674695 0.000000 0.738097 1.000000 1.000000 1.000000
6033.649414 0.000000 2903.563965 0.000000 0.466600 0.000000 0.884469 1.000000 1.000000 1.000000
5919.657715 0.000000 2940.643311 0.000000 0.690579 0.000000 0.723257 1.000000 1.000000 1.000000
5943.921387 0.000000 2973.293213 0.000000 0.623747 0.000000 0.781627 1.000000 1.000000 1.000000
5947.428711 0.000000 2952.774414 0.000000 0.620828 0.000000 0.783947 1.000000 1.000000 1.000000
5962.085449 0.000000 2965.902588 0.000000 0.621574 0.000000 0.783355 1.000000 1.000000 1.000000
5993.249512 0.000000 2968.123535 0.000000 0.667254 0.000000 0.744830 1.000000 1.000000 1.000000
6003.991211 0.000000 2942.340088 0.000000 0.405025 0.000000 0.914305 1.000000 1.000000 1.000000
5934.919922 0.000000 2987.660889 0.000000 0.494863 0.000000 0.868971 1.000000 1.000000 1.000000
5957.830078 0.000000 3003.658936 0.000000 0.500960 0.000000 0.865470 1.000000 1.000000 1.000000
6036.460938 0.000000 2961.890381 0.000000 0.688067 0.000000 0.725648 1.000000 1.000000 1.000000
6108.495117 0.000000 2961.843506 0.000000 0.555471 0.000000 0.831536 1.000000 1.000000 1.000000
6129.174316 0.000000 2939.348145 0.000000 0.548103 0.000000 0.836411 1.000000 1.000000 1.000000
6026.706543 0.000000 2986.959229 0.000000 0.674852 0.000000 0.737953 1.000000 1.000000 1.000000
6034.476562 0.000000 3004.460693 0.000000 0.583556 0.000000 0.812073 1.000000 1.000000 1.000000
6049.020996 0.000000 2976.538818 0.000000 0.669151 0.000000 0.743127 1.000000 1.000000 1.000000
6046.205566 0.000000 3022.247559 0.000000 0.540735 0.000000 0.841193 1.000000 1.000000 1.000000
6028.886719 0.000000 2993.640625 0.000000 0.449999 0.000000 0.893029 1.000000 1.000000 1.000000
6062.367188 0.000000 3009.409912 0.000000 0.664506 0.000000 0.747283 1.000000 1.000000 1.000000
6162.959961 0.000000 2450.051025 0.000000 0.442220 0.000000 0.896907 1.000000 1.000000 1.000000
6147.020508 0.000000 2506.583496 0.000000 0.602690 0.000000 0.797975 1.000000 1.000000 1.000000
6167.014648 0.000000 2511.623047 0.000000 0.456927 0.000000 0.889504 1.000000 1.000000 1.000000
6164.532715 0.000000 2516.370361 0.000000 0.628021 0.000000 0.778196 1.000000 1.000000 1.000000
6184.648438 0.000000 2570.087646 0.000000 0.588086 0.000000 0.808798 1.000000 1.000000 1.000000
6161.565918 0.000000 2566.067627 0.000000 0.436334 0.000000 0.899785 1.000000 1.000000 1.000000
6147.474121 0.000000 2627.053955 0.000000 0.589758 0.000000 0.807580 1.000000 1.000000 1.000000
6144.421387 0.000000 2625.137451 0.000000 0.553842 0.000000 0.832622 1.000000 1.000000 1.000000
6308.307617 0.000000 2585.205566 0.000000 0.681572 0.000000 0.731751 1.000000 1.000000 1.000000
6321.406738 0.000000 2658.542236 0.000000 0.644432 0.000000 0.764662 1.000000 1.000000 1.000000
6321.844238 0.000000 2669.057617 0.000000 0.462716 0.000000 0.886507 1.000000 1.000000 1.000000
6309.083496 0.000000 2653.780029 0.000000 0.491983 0.000000 0.870605 1.000000 1.000000 1.000000
6379.640137 0.000000 2723.403320 0.000000 0.467541 0.000000 0.883971 1.000000 1.000000 1.000000
6168.927734 0.000000 2778.567871 0.000000 0.691216 0.000000 0.722648 1.000000 1.000000 1.000000
6257.414551 0.000000 2753.026611 0.000000 0.383104 0.000000 0.923705 1.000000 1.000000 1.000000
6269.322266 0.000000 2783.630371 0.000000 0.477406 0.000000 0.878683 1.000000 1.000000 1.000000
6266.286621 0.000000 2829.903564 0.000000 0.689940 0.000000 0.723866 1.000000 1.000000 1.000000
6324.682129 0.000000 2755.744141 0.000000 0.604623 0.000000 0.796512 1.000000 1.000000 1.000000
6308.854004 0.000000 2778.109863 0.000000 0.505332 0.000000 0.862925 1.000000 1.000000 1.000000
6357.487305 0.000000 2754.109375 0.000000 0.484958 0.000000 0.874538 1.000000 1.000000 1.000000
6303.549316 0.000000 2791.770508 0.000000 0.439018 0.000000 0.898478 1.000000 1.000000 1.000000
6313.370605 0.000000 2789.576416 0.000000 0.601820 0.000000 0.798632 1.000000 1.000000 1.000000
6359.146973 0.000000 2808.545654 0.000000 0.451159 0.000000 0.892444 1.000000 1.000000 1.000000
6379.498047 0.000000 2833.156738 0.000000 0.566156 0.000000 0.824298 1.000000 1.000000 1.000000
6341.440430 0.000000 2816.881592 0.000000 0.613732 0.000000 0.789514 1.000000 1.000000 1.000000
6396.675781 0.000000 2809.446045 0.000000 0.441644 0.000000 0.897190 1.000000 1.000000 1.000000
6358.719238 0.000000 2809.945801 0.000000 0.508483 0.000000 0.861072 1.000000 1.000000 1.000000
6480.277344 0.000000 2778.408447 0.000000 0.582936 0.000000 0.812518 1.000000 1.000000 1.000000
6425.311035 0.000000 2799.305908 0.000000 0.598556 0.000000 0.801081 1.000000 1.000000 1.000000
6253.236816 0.000000 2916.798340 0.000000 0.440202 0.000000 0.897899 1.000000 1.000000 1.000000
6316.377441 0.000000 2857.657715 0.000000 0.596068 0.000000 0.802934 1.000000 1.000000 1.000000
6314.955566 0.000000 2856.614502 0.000000 0.578777 0.000000 0.815486 1.000000 1.000000 1.000000
6184.681152 0.000000 2972.592773 0.000000 0.511884 0.000000 0.859055 1.000000 1.000000 1.000000
6241.029297 0.000000 2969.017822 0.000000 0.655096 0.000000 0.755546 1.000000 1.000000 1.000000
6237.506348 0.000000 2970.499268 0.000000 0.547533 0.000000 0.836784 1.000000 1.000000 1.000000
6254.584473 0.000000 2948.079346 0.000000 0.476045 0.000000 0.879421 1.000000 1.000000 1.000000
6268.264648 0.000000 2955.011963 0.000000 0.561412 0.000000 0.827536 1.000000 1.000000 1.000000
6143.253418 0.000000 3018.626953 0.000000 0.560916 0.000000 0.827873 1.000000 1.000000 1.000000
6284.563965 0.000000 2968.879150 0.000000 0.487255 0.000000 0.873260 1.000000 1.000000 1.000000
6275.010254 0.000000 2987.237061 0.000000 0.411481 0.000000 0.911418 1.000000 1.000000 1.000000
6500.662598 0.000000 2840.046143 0.000000 0.477099 0.000000 0.878850 1.000000 1.000000 1.000000
6575.567383 0.000000 2838.725586 0.000000 0.392350 0.000000 0.919816 1.000000 1.000000 1.000000
6528.478027 0.000000 2914.938965 0.000000 0.593325 0.000000 0.804963 1.000000 1.000000 1.000000
6570.995605 0.000000 2894.318604 0.000000 0.423684 0.000000 0.905810 1.000000 1.000000 1.000000
6519.851074 0.000000 2973.293213 0.000000 0.608189 0.000000 0.793793 1.000000 1.000000 1.000000
6504.642090 0.000000 3019.834961 0.000000 0.556493 0.000000 0.830852 1.000000 1.000000 1.000000
6586.100586 0.000000 2929.952881 0.000000 0.575543 0.000000 0.817771 1.000000 1.000000 1.000000
6629.908203 0.000000 2977.145264 0.000000 0.491477 0.000000 0.870891 1.000000 1.000000 1.000000
6774.447266 0.000000 2855.354980 0.000000 0.576227 0.000000 0.817290 1.000000 1.000000 1.000000
6754.540039 0.000000 2852.346191 0.000000 0.412882 0.000000 0.910784 1.000000 1.000000 1.000000
6780.413574 0.000000 2899.371338 0.000000 0.608887 0.000000 0.793257 1.000000 1.000000 1.000000
3375.957764 0.000000 3074.936523 0.000000 0.484376 0.000000 0.874860 1.000000 1.000000 1.000000
3388.569824 0.000000 3081.599121 0.000000 0.648035 0.000000 0.761611 1.000000 1.000000 1.000000
3375.620117 0.000000 3072.417480 0.000000 0.475276 0.000000 0.879837 1.000000 1.000000 1.000000
4092.885986 0.000000 3165.429443 0.000000 0.548384 0.000000 0.836227 1.000000 1.000000 1.000000
4095.503174 0.000000 3160.353516 0.000000 0.447727 0.000000 0.894170 1.000000 1.000000 1.000000
4824.769531 0.000000 3430.339111 0.000000 0.428177 0.000000 0.903695 1.000000 1.000000 1.000000
4955.569336 0.000000 3493.388672 0.000000 0.621497 0.000000 0.783417 1.000000 1.000000 1.000000
4999.247070 0.000000 3526.906494 0.000000 0.552059 0.000000 0.833805 1.000000 1.000000 1.000000
5041.307129 0.000000 3647.980957 0.000000 0.501594 0.000000 0.865103 1.000000 1.000000 1.000000
5024.259277 0.000000 3727.643799 0.000000 0.548507 0.000000 0.836146 1.000000 1.000000 1.000000
5438.005371 0.000000 3044.091064 0.000000 0.458825 0.000000 0.888527 1.000000 1.000000 1.000000
5528.626465 0.000000 3104.410156 0.000000 0.424356 0.000000 0.905495 1.000000 1.000000 1.000000
5597.612305 0.000000 3114.528320 0.000000 0.412193 0.000000 0.911096 1.000000 1.000000 1.000000
5623.505859 0.000000 3201.419678 0.000000 0.670347 0.000000 0.742048 1.000000 1.000000 1.000000
5309.843262 0.000000 3236.455322 0.000000 0.510822 0.000000 0.859687 1.000000 1.000000 1.000000
5664.181152 0.000000 3066.253174 0.000000 0.632556 0.000000 0.774515 1.000000 1.000000 1.000000
5672.710938 0.000000 3089.751709 0.000000 0.407941 0.000000 0.913008 1.000000 1.000000 1.000000
5677.307129 0.000000 3153.009277 0.000000 0.472603 0.000000 0.881276 1.000000 1.000000 1.000000
5668.764160 0.000000 3123.499268 0.000000 0.465439 0.000000 0.885080 1.000000 1.000000 1.000000
5901.476074 0.000000 3130.285156 0.000000 0.609348 0.000000 0.792903 1.000000 1.000000 1.000000
5732.293457 0.000000 3241.697266 0.000000 0.628097 0.000000 0.778135 1.000000 1.000000 1.000000
5699.343262 0.000000 3341.199707 0.000000 0.420101 0.000000 0.907477 1.000000 1.000000 1.000000
5133.928223 0.000000 3738.772217 0.000000 0.459855 0.000000 0.887994 1.000000 1.000000 1.000000
5192.469238 0.000000 3732.182129 0.000000 0.557168 0.000000 0.830400 1.000000 1.000000 1.000000
4607.806641 0.000000 3856.974609 0.000000 0.628089 0.000000 0.778142 1.000000 1.000000 1.000000
4608.635742 0.000000 3873.567871 0.000000 0.679439 0.000000 0.733732 1.000000 1.000000 1.000000
4881.374023 0.000000 3835.560059 0.000000 0.596355 0.000000 0.802721 1.000000 1.000000 1.000000
5076.713867 0.000000 3787.033203 0.000000 0.571046 0.000000 0.820918 1.000000 1.000000 1.000000
5184.538574 0.000000 3806.192139 0.000000 0.521237 0.000000 0.853412 1.000000 1.000000 1.000000
5170.159180 0.000000 3889.749512 0.000000 0.482068 0.000000 0.876134 1.000000 1.000000 1.000000
5742.964844 0.000000 3903.999512 0.000000 0.399517 0.000000 0.916726 1.000000 1.000000 1.000000
5973.317871 0.000000 3923.090088 0.000000 0.438927 0.000000 0.898523 1.000000 1.000000 1.000000
5872.012695 0.000000 4036.916504 0.000000 0.602087 0.000000 0.798430 1.000000 1.000000 1.000000
6379.852539 0.000000 3081.135010 0.000000 0.523039 0.000000 0.852309 1.000000 1.000000 1.000000
6390.711914 0.000000 3159.605469 0.000000 0.422475 0.000000 0.906375 1.000000 1.000000 1.000000
6315.396484 0.000000 3170.943848 0.000000 0.524167 0.000000 0.851615 1.000000 1.000000 1.000000
6492.887207 0.000000 3080.581787 0.000000 0.692197 0.000000 0.721709 1.000000 1.000000 1.000000
6530.979004 0.000000 3034.479248 0.000000 0.581780 0.000000 0.813346 1.000000 1.000000 1.000000
6454.704102 0.000000 3206.847656 0.000000 0.575174 0.000000 0.818031 1.000000 1.000000 1.000000
6455.589844 0.000000 3165.342773 0.000000 0.603467 0.000000 0.797388 1.000000 1.000000 1.000000
6346.667480 0.000000 3223.170166 0.000000 0.451809 0.000000 0.892115 1.000000 1.000000 1.000000
6355.663086 0.000000 3216.354004 0.000000 0.491474 0.000000 0.870892 1.000000 1.000000 1.000000
6509.080078 0.000000 3347.473633 0.000000 0.524972 0.000000 0.851119 1.000000 1.000000 1.000000
6521.558594 0.000000 3357.834961 0.000000 0.379802 0.000000 0.925068 1.000000 1.000000 1.000000
6527.502930 0.000000 3311.007568 0.000000 0.392531 0.000000 0.919739 1.000000 1.000000 1.000000
6891.799316 0.000000 3096.356689 0.000000 0.457256 0.000000 0.889335 1.000000 1.000000 1.000000
6820.595215 0.000000 3236.606445 0.000000 0.595546 0.000000 0.803321 1.000000 1.000000 1.000000
6820.049805 0.000000 3237.895996 0.000000 0.424765 0.000000 0.905304 1.000000 1.000000 1.000000
6828.974121 0.000000 3281.175049 0.000000 0.534968 0.000000 0.844872 1.000000 1.000000 1.000000
6826.677246 0.000000 3283.529297 0.000000 0.410743 0.000000 0.911751 1.000000 1.000000 1.000000
6332.341797 0.000000 3674.686035 0.000000 0.485024 0.000000 0.874501 1.000000 1.000000 1.000000
6238.986328 0.000000 3711.672607 0.000000 0.491505 0.000000 0.870875 1.000000 1.000000 1.000000
"}
object={
	name="tree_savanna_generator_1_2"
	render_pass=Map
	clamp_to_water_level=no
	generated_content=yes
	layer="tree_high_layer"
	pdxmesh="tree_acacia_03_mesh"
	count=717
	transform="3909.203857 0.000000 686.201599 0.000000 0.752540 0.000000 0.658546 1.000000 1.000000 1.000000
3942.958008 0.000000 664.870239 0.000000 0.711588 0.000000 0.702597 1.000000 1.000000 1.000000
3886.109375 0.000000 734.892517 0.000000 0.712935 0.000000 0.701230 1.000000 1.000000 1.000000
3961.218018 0.000000 747.779785 0.000000 0.819602 0.000000 0.572934 1.000000 1.000000 1.000000
3962.567383 0.000000 751.247131 0.000000 0.805502 0.000000 0.592593 1.000000 1.000000 1.000000
4035.338135 0.000000 675.518921 0.000000 0.778218 0.000000 0.627994 1.000000 1.000000 1.000000
3837.618896 0.000000 893.942810 0.000000 0.797326 0.000000 0.603549 1.000000 1.000000 1.000000
3823.238281 0.000000 888.192200 0.000000 0.791706 0.000000 0.610903 1.000000 1.000000 1.000000
3895.072754 0.000000 774.877869 0.000000 0.835920 0.000000 0.548851 1.000000 1.000000 1.000000
3926.799561 0.000000 767.740417 0.000000 0.853088 0.000000 0.521768 1.000000 1.000000 1.000000
3967.296143 0.000000 768.201538 0.000000 0.694091 0.000000 0.719887 1.000000 1.000000 1.000000
3978.327393 0.000000 792.761658 0.000000 0.911369 0.000000 0.411591 1.000000 1.000000 1.000000
4012.222656 0.000000 793.753723 0.000000 0.736355 0.000000 0.676596 1.000000 1.000000 1.000000
4009.132080 0.000000 792.386597 0.000000 0.699512 0.000000 0.714621 1.000000 1.000000 1.000000
4079.898193 0.000000 764.354370 0.000000 0.709166 0.000000 0.705041 1.000000 1.000000 1.000000
4064.719238 0.000000 780.443726 0.000000 0.709184 0.000000 0.705024 1.000000 1.000000 1.000000
4023.700928 0.000000 839.310120 0.000000 0.855446 0.000000 0.517891 1.000000 1.000000 1.000000
3850.403809 0.000000 910.621399 0.000000 0.872766 0.000000 0.488139 1.000000 1.000000 1.000000
3897.913086 0.000000 941.887573 0.000000 0.814194 0.000000 0.580593 1.000000 1.000000 1.000000
4032.525391 0.000000 873.280579 0.000000 0.822443 0.000000 0.568848 1.000000 1.000000 1.000000
4039.364014 0.000000 928.586060 0.000000 0.860840 0.000000 0.508876 1.000000 1.000000 1.000000
3858.366943 0.000000 988.656067 0.000000 0.725552 0.000000 0.688167 1.000000 1.000000 1.000000
3923.770752 0.000000 990.657837 0.000000 0.796663 0.000000 0.604423 1.000000 1.000000 1.000000
3925.784180 0.000000 958.906006 0.000000 0.881670 0.000000 0.471866 1.000000 1.000000 1.000000
3850.971680 0.000000 1002.787231 0.000000 0.878871 0.000000 0.477059 1.000000 1.000000 1.000000
3865.515625 0.000000 1006.717590 0.000000 0.884411 0.000000 0.466710 1.000000 1.000000 1.000000
3935.047852 0.000000 1026.823120 0.000000 0.905195 0.000000 0.424997 1.000000 1.000000 1.000000
4049.044678 0.000000 956.631470 0.000000 0.739505 0.000000 0.673152 1.000000 1.000000 1.000000
4050.718506 0.000000 973.046448 0.000000 0.832164 0.000000 0.554530 1.000000 1.000000 1.000000
4052.324463 0.000000 973.687744 0.000000 0.810946 0.000000 0.585120 1.000000 1.000000 1.000000
4090.341064 0.000000 1018.788025 0.000000 0.809527 0.000000 0.587083 1.000000 1.000000 1.000000
3871.275391 0.000000 1113.352173 0.000000 0.707035 0.000000 0.707178 1.000000 1.000000 1.000000
3897.225830 0.000000 1125.717285 0.000000 0.822200 0.000000 0.569198 1.000000 1.000000 1.000000
3955.045654 0.000000 1164.750977 0.000000 0.899144 0.000000 0.437653 1.000000 1.000000 1.000000
3945.659424 0.000000 1183.341919 0.000000 0.898834 0.000000 0.438289 1.000000 1.000000 1.000000
3935.015625 0.000000 1190.622070 0.000000 0.863320 0.000000 0.504657 1.000000 1.000000 1.000000
4012.636475 0.000000 1162.861206 0.000000 0.890165 0.000000 0.455637 1.000000 1.000000 1.000000
4077.501953 0.000000 1168.837402 0.000000 0.866022 0.000000 0.500006 1.000000 1.000000 1.000000
3987.775146 0.000000 1181.169556 0.000000 0.881227 0.000000 0.472694 1.000000 1.000000 1.000000
4013.384521 0.000000 1221.575195 0.000000 0.788668 0.000000 0.614820 1.000000 1.000000 1.000000
3992.813477 0.000000 1214.722656 0.000000 0.875107 0.000000 0.483930 1.000000 1.000000 1.000000
4025.632324 0.000000 1187.600464 0.000000 0.755847 0.000000 0.654748 1.000000 1.000000 1.000000
4003.658203 0.000000 1220.515381 0.000000 0.851821 0.000000 0.523833 1.000000 1.000000 1.000000
3995.632080 0.000000 1208.697876 0.000000 0.720513 0.000000 0.693441 1.000000 1.000000 1.000000
4065.444092 0.000000 1226.543091 0.000000 0.706505 0.000000 0.707708 1.000000 1.000000 1.000000
4095.027832 0.000000 1310.790405 0.000000 0.809237 0.000000 0.587482 1.000000 1.000000 1.000000
4094.342529 0.000000 1316.954468 0.000000 0.840888 0.000000 0.541209 1.000000 1.000000 1.000000
4071.042969 0.000000 1288.130981 0.000000 0.898891 0.000000 0.438171 1.000000 1.000000 1.000000
4095.276123 0.000000 1283.589600 0.000000 0.697429 0.000000 0.716654 1.000000 1.000000 1.000000
4084.925293 0.000000 1330.668213 0.000000 0.833390 0.000000 0.552685 1.000000 1.000000 1.000000
4080.137451 0.000000 1335.449219 0.000000 0.861277 0.000000 0.508136 1.000000 1.000000 1.000000
4080.530029 0.000000 1334.156250 0.000000 0.862752 0.000000 0.505628 1.000000 1.000000 1.000000
3833.233643 0.000000 1976.076660 0.000000 0.888770 0.000000 0.458353 1.000000 1.000000 1.000000
3840.781982 0.000000 2046.650269 0.000000 0.905323 0.000000 0.424724 1.000000 1.000000 1.000000
3825.455322 0.000000 2088.988770 0.000000 0.720203 0.000000 0.693763 1.000000 1.000000 1.000000
3805.214844 0.000000 2135.738037 0.000000 0.904770 0.000000 0.425900 1.000000 1.000000 1.000000
3801.631348 0.000000 2137.915283 0.000000 0.909026 0.000000 0.416739 1.000000 1.000000 1.000000
3778.108398 0.000000 2171.926758 0.000000 0.881719 0.000000 0.471774 1.000000 1.000000 1.000000
3836.471191 0.000000 2260.334961 0.000000 0.795098 0.000000 0.606480 1.000000 1.000000 1.000000
3821.407959 0.000000 2260.903320 0.000000 0.894738 0.000000 0.446592 1.000000 1.000000 1.000000
3820.674316 0.000000 2252.565430 0.000000 0.849846 0.000000 0.527031 1.000000 1.000000 1.000000
3838.968506 0.000000 2259.077393 0.000000 0.848198 0.000000 0.529680 1.000000 1.000000 1.000000
3931.694336 0.000000 2170.607422 0.000000 0.793248 0.000000 0.608899 1.000000 1.000000 1.000000
3921.521973 0.000000 2157.159180 0.000000 0.736809 0.000000 0.676100 1.000000 1.000000 1.000000
3964.251953 0.000000 2158.391602 0.000000 0.856210 0.000000 0.516627 1.000000 1.000000 1.000000
4007.478516 0.000000 2154.046631 0.000000 0.883606 0.000000 0.468231 1.000000 1.000000 1.000000
4006.271729 0.000000 2156.683350 0.000000 0.856924 0.000000 0.515443 1.000000 1.000000 1.000000
3895.072754 0.000000 2192.143555 0.000000 0.825864 0.000000 0.563870 1.000000 1.000000 1.000000
3956.108398 0.000000 2192.127441 0.000000 0.699252 0.000000 0.714876 1.000000 1.000000 1.000000
3876.563477 0.000000 2238.783447 0.000000 0.762848 0.000000 0.646578 1.000000 1.000000 1.000000
3886.520996 0.000000 2244.120361 0.000000 0.897765 0.000000 0.440476 1.000000 1.000000 1.000000
3885.501709 0.000000 2245.246826 0.000000 0.793962 0.000000 0.607967 1.000000 1.000000 1.000000
3937.975586 0.000000 2242.330811 0.000000 0.907895 0.000000 0.419198 1.000000 1.000000 1.000000
3925.567627 0.000000 2222.371338 0.000000 0.862666 0.000000 0.505775 1.000000 1.000000 1.000000
3922.634277 0.000000 2222.512939 0.000000 0.800525 0.000000 0.599299 1.000000 1.000000 1.000000
3415.807617 0.000000 2644.505615 0.000000 0.895028 0.000000 0.446011 1.000000 1.000000 1.000000
3415.505859 0.000000 2619.576904 0.000000 0.909869 0.000000 0.414896 1.000000 1.000000 1.000000
3468.424072 0.000000 2571.078369 0.000000 0.715032 0.000000 0.699092 1.000000 1.000000 1.000000
3462.083008 0.000000 2568.346191 0.000000 0.762150 0.000000 0.647400 1.000000 1.000000 1.000000
3552.061035 0.000000 2565.838867 0.000000 0.802094 0.000000 0.597198 1.000000 1.000000 1.000000
3569.428711 0.000000 2569.439941 0.000000 0.806107 0.000000 0.591769 1.000000 1.000000 1.000000
3545.338135 0.000000 2556.640625 0.000000 0.839634 0.000000 0.543153 1.000000 1.000000 1.000000
3554.753174 0.000000 2564.123535 0.000000 0.903534 0.000000 0.428517 1.000000 1.000000 1.000000
3546.161133 0.000000 2554.174072 0.000000 0.773255 0.000000 0.634096 1.000000 1.000000 1.000000
3500.203613 0.000000 2608.713135 0.000000 0.798773 0.000000 0.601633 1.000000 1.000000 1.000000
3716.351562 0.000000 2299.117432 0.000000 0.815267 0.000000 0.579085 1.000000 1.000000 1.000000
3805.674072 0.000000 2304.935303 0.000000 0.752643 0.000000 0.658428 1.000000 1.000000 1.000000
3632.523682 0.000000 2403.400879 0.000000 0.867730 0.000000 0.497037 1.000000 1.000000 1.000000
3631.803223 0.000000 2406.438232 0.000000 0.890043 0.000000 0.455876 1.000000 1.000000 1.000000
3608.797363 0.000000 2445.528320 0.000000 0.798376 0.000000 0.602159 1.000000 1.000000 1.000000
3606.007812 0.000000 2419.006592 0.000000 0.780553 0.000000 0.625089 1.000000 1.000000 1.000000
3660.884033 0.000000 2449.215088 0.000000 0.787982 0.000000 0.615698 1.000000 1.000000 1.000000
3665.553223 0.000000 2440.612305 0.000000 0.759401 0.000000 0.650622 1.000000 1.000000 1.000000
3667.606934 0.000000 2439.786865 0.000000 0.721390 0.000000 0.692529 1.000000 1.000000 1.000000
3663.529785 0.000000 2450.843750 0.000000 0.722587 0.000000 0.691280 1.000000 1.000000 1.000000
3897.878418 0.000000 2271.264648 0.000000 0.755098 0.000000 0.655612 1.000000 1.000000 1.000000
3965.597900 0.000000 2319.025635 0.000000 0.882053 0.000000 0.471149 1.000000 1.000000 1.000000
3949.191162 0.000000 2362.982422 0.000000 0.708788 0.000000 0.705421 1.000000 1.000000 1.000000
3646.959717 0.000000 2461.798340 0.000000 0.786502 0.000000 0.617587 1.000000 1.000000 1.000000
3673.322510 0.000000 2462.156250 0.000000 0.737462 0.000000 0.675389 1.000000 1.000000 1.000000
3681.918945 0.000000 2460.608154 0.000000 0.912342 0.000000 0.409428 1.000000 1.000000 1.000000
3690.210205 0.000000 2534.305664 0.000000 0.905062 0.000000 0.425279 1.000000 1.000000 1.000000
3703.925537 0.000000 2503.952148 0.000000 0.762992 0.000000 0.646408 1.000000 1.000000 1.000000
3676.884277 0.000000 2510.001953 0.000000 0.760648 0.000000 0.649164 1.000000 1.000000 1.000000
3689.820068 0.000000 2508.290527 0.000000 0.821823 0.000000 0.569742 1.000000 1.000000 1.000000
3743.923340 0.000000 2515.463623 0.000000 0.760493 0.000000 0.649346 1.000000 1.000000 1.000000
3718.103027 0.000000 2531.237061 0.000000 0.820692 0.000000 0.571371 1.000000 1.000000 1.000000
3618.014648 0.000000 2573.026123 0.000000 0.827177 0.000000 0.561942 1.000000 1.000000 1.000000
3609.240234 0.000000 2589.599121 0.000000 0.708807 0.000000 0.705403 1.000000 1.000000 1.000000
3619.705078 0.000000 2590.539062 0.000000 0.813992 0.000000 0.580877 1.000000 1.000000 1.000000
3590.012695 0.000000 2598.564697 0.000000 0.824374 0.000000 0.566046 1.000000 1.000000 1.000000
3777.984619 0.000000 2571.694580 0.000000 0.772834 0.000000 0.634608 1.000000 1.000000 1.000000
3880.355225 0.000000 2607.722656 0.000000 0.783429 0.000000 0.621481 1.000000 1.000000 1.000000
3841.362793 0.000000 2600.826172 0.000000 0.855095 0.000000 0.518471 1.000000 1.000000 1.000000
3446.495605 0.000000 2657.516113 0.000000 0.873226 0.000000 0.487316 1.000000 1.000000 1.000000
3398.406494 0.000000 2689.324463 0.000000 0.696775 0.000000 0.717289 1.000000 1.000000 1.000000
3462.123779 0.000000 2745.578369 0.000000 0.892129 0.000000 0.451780 1.000000 1.000000 1.000000
3482.258545 0.000000 2786.466064 0.000000 0.873118 0.000000 0.487509 1.000000 1.000000 1.000000
3488.789551 0.000000 2811.857910 0.000000 0.755287 0.000000 0.655394 1.000000 1.000000 1.000000
3518.341553 0.000000 2796.441650 0.000000 0.818686 0.000000 0.574241 1.000000 1.000000 1.000000
3488.341309 0.000000 2810.004395 0.000000 0.891404 0.000000 0.453210 1.000000 1.000000 1.000000
3486.150635 0.000000 2805.302246 0.000000 0.746892 0.000000 0.664945 1.000000 1.000000 1.000000
3536.636475 0.000000 2872.892822 0.000000 0.726276 0.000000 0.687404 1.000000 1.000000 1.000000
3536.440918 0.000000 2859.984131 0.000000 0.710981 0.000000 0.703211 1.000000 1.000000 1.000000
3554.987793 0.000000 2850.586182 0.000000 0.722432 0.000000 0.691442 1.000000 1.000000 1.000000
3539.886963 0.000000 2860.372559 0.000000 0.852979 0.000000 0.521946 1.000000 1.000000 1.000000
3553.506592 0.000000 2927.261963 0.000000 0.877245 0.000000 0.480044 1.000000 1.000000 1.000000
3553.093262 0.000000 2900.188721 0.000000 0.790754 0.000000 0.612134 1.000000 1.000000 1.000000
3565.744629 0.000000 2918.672607 0.000000 0.740534 0.000000 0.672019 1.000000 1.000000 1.000000
3553.325684 0.000000 2929.296631 0.000000 0.798725 0.000000 0.601697 1.000000 1.000000 1.000000
3732.741943 0.000000 2678.437256 0.000000 0.870023 0.000000 0.493011 1.000000 1.000000 1.000000
3603.813477 0.000000 2896.181641 0.000000 0.818186 0.000000 0.574954 1.000000 1.000000 1.000000
4113.304688 0.000000 707.054993 0.000000 0.755641 0.000000 0.654987 1.000000 1.000000 1.000000
4102.024902 0.000000 731.071838 0.000000 0.718475 0.000000 0.695553 1.000000 1.000000 1.000000
4141.167480 0.000000 803.989990 0.000000 0.857317 0.000000 0.514789 1.000000 1.000000 1.000000
4099.624023 0.000000 848.554077 0.000000 0.772312 0.000000 0.635243 1.000000 1.000000 1.000000
4135.028320 0.000000 841.405029 0.000000 0.702395 0.000000 0.711787 1.000000 1.000000 1.000000
4118.356445 0.000000 885.706299 0.000000 0.910510 0.000000 0.413486 1.000000 1.000000 1.000000
4102.536621 0.000000 864.453430 0.000000 0.861863 0.000000 0.507141 1.000000 1.000000 1.000000
4176.092285 0.000000 867.484741 0.000000 0.865430 0.000000 0.501030 1.000000 1.000000 1.000000
4149.632324 0.000000 926.081299 0.000000 0.795100 0.000000 0.606479 1.000000 1.000000 1.000000
4159.861328 0.000000 927.958923 0.000000 0.874002 0.000000 0.485922 1.000000 1.000000 1.000000
4179.751953 0.000000 897.716370 0.000000 0.826761 0.000000 0.562554 1.000000 1.000000 1.000000
4170.484863 0.000000 941.437805 0.000000 0.798310 0.000000 0.602247 1.000000 1.000000 1.000000
4195.877441 0.000000 898.968811 0.000000 0.846093 0.000000 0.533035 1.000000 1.000000 1.000000
4115.373535 0.000000 980.370056 0.000000 0.911301 0.000000 0.411741 1.000000 1.000000 1.000000
4213.628418 0.000000 983.643555 0.000000 0.887444 0.000000 0.460916 1.000000 1.000000 1.000000
4789.068359 0.000000 853.630615 0.000000 0.745956 0.000000 0.665995 1.000000 1.000000 1.000000
5046.300781 0.000000 767.828491 0.000000 0.774303 0.000000 0.632814 1.000000 1.000000 1.000000
5051.063477 0.000000 790.199585 0.000000 0.722972 0.000000 0.690878 1.000000 1.000000 1.000000
5058.464355 0.000000 780.536011 0.000000 0.792350 0.000000 0.610066 1.000000 1.000000 1.000000
4121.267578 0.000000 1233.859253 0.000000 0.884346 0.000000 0.466832 1.000000 1.000000 1.000000
4116.830566 0.000000 1235.954834 0.000000 0.850797 0.000000 0.525495 1.000000 1.000000 1.000000
4127.203613 0.000000 1264.721558 0.000000 0.771354 0.000000 0.636406 1.000000 1.000000 1.000000
4113.338867 0.000000 1244.997192 0.000000 0.801602 0.000000 0.597858 1.000000 1.000000 1.000000
4095.503174 0.000000 1317.908203 0.000000 0.735410 0.000000 0.677623 1.000000 1.000000 1.000000
4120.797852 0.000000 1309.207031 0.000000 0.752764 0.000000 0.658291 1.000000 1.000000 1.000000
5114.216309 0.000000 1207.756836 0.000000 0.759085 0.000000 0.650992 1.000000 1.000000 1.000000
5026.573730 0.000000 1241.342163 0.000000 0.769965 0.000000 0.638087 1.000000 1.000000 1.000000
5037.058594 0.000000 1276.411865 0.000000 0.878728 0.000000 0.477322 1.000000 1.000000 1.000000
5039.417480 0.000000 1277.214233 0.000000 0.700716 0.000000 0.713440 1.000000 1.000000 1.000000
5118.218262 0.000000 1308.029541 0.000000 0.766256 0.000000 0.642536 1.000000 1.000000 1.000000
5293.354004 0.000000 979.868530 0.000000 0.779281 0.000000 0.626675 1.000000 1.000000 1.000000
5258.801758 0.000000 946.539368 0.000000 0.882084 0.000000 0.471092 1.000000 1.000000 1.000000
5314.288086 0.000000 983.913940 0.000000 0.823706 0.000000 0.567017 1.000000 1.000000 1.000000
5312.626465 0.000000 978.009094 0.000000 0.790563 0.000000 0.612381 1.000000 1.000000 1.000000
5312.630859 0.000000 1009.920776 0.000000 0.836912 0.000000 0.547338 1.000000 1.000000 1.000000
5276.596680 0.000000 1072.155884 0.000000 0.880413 0.000000 0.474207 1.000000 1.000000 1.000000
5370.577637 0.000000 1052.526489 0.000000 0.902966 0.000000 0.429712 1.000000 1.000000 1.000000
5342.339355 0.000000 1062.561646 0.000000 0.698436 0.000000 0.715673 1.000000 1.000000 1.000000
5344.563477 0.000000 1063.896851 0.000000 0.846664 0.000000 0.532129 1.000000 1.000000 1.000000
5338.898438 0.000000 1061.666016 0.000000 0.908391 0.000000 0.418122 1.000000 1.000000 1.000000
5346.785645 0.000000 1110.277588 0.000000 0.889944 0.000000 0.456070 1.000000 1.000000 1.000000
5367.525391 0.000000 1097.162842 0.000000 0.751430 0.000000 0.659813 1.000000 1.000000 1.000000
5361.346191 0.000000 1091.064697 0.000000 0.891126 0.000000 0.453757 1.000000 1.000000 1.000000
5396.718750 0.000000 982.916931 0.000000 0.738613 0.000000 0.674130 1.000000 1.000000 1.000000
5425.262207 0.000000 974.319824 0.000000 0.716471 0.000000 0.697617 1.000000 1.000000 1.000000
5427.319824 0.000000 973.658386 0.000000 0.759570 0.000000 0.650425 1.000000 1.000000 1.000000
5441.029297 0.000000 989.222473 0.000000 0.838487 0.000000 0.544922 1.000000 1.000000 1.000000
5434.569824 0.000000 1005.284241 0.000000 0.822026 0.000000 0.569449 1.000000 1.000000 1.000000
5416.138184 0.000000 1033.291504 0.000000 0.788893 0.000000 0.614531 1.000000 1.000000 1.000000
5419.761230 0.000000 1026.190918 0.000000 0.907873 0.000000 0.419246 1.000000 1.000000 1.000000
5434.177246 0.000000 1066.030273 0.000000 0.732689 0.000000 0.680564 1.000000 1.000000 1.000000
5422.333984 0.000000 1063.065552 0.000000 0.756932 0.000000 0.653493 1.000000 1.000000 1.000000
5429.187500 0.000000 1070.982422 0.000000 0.896819 0.000000 0.442398 1.000000 1.000000 1.000000
5417.179199 0.000000 1068.050537 0.000000 0.785454 0.000000 0.618920 1.000000 1.000000 1.000000
5426.375977 0.000000 1064.348145 0.000000 0.906396 0.000000 0.422429 1.000000 1.000000 1.000000
5465.104004 0.000000 1044.890503 0.000000 0.841127 0.000000 0.540837 1.000000 1.000000 1.000000
5463.735840 0.000000 1041.104736 0.000000 0.755190 0.000000 0.655505 1.000000 1.000000 1.000000
5456.207031 0.000000 1064.780762 0.000000 0.790297 0.000000 0.612724 1.000000 1.000000 1.000000
5459.652832 0.000000 1065.169189 0.000000 0.756592 0.000000 0.653887 1.000000 1.000000 1.000000
5467.666504 0.000000 1057.887817 0.000000 0.719400 0.000000 0.694596 1.000000 1.000000 1.000000
5448.372070 0.000000 1068.472412 0.000000 0.740050 0.000000 0.672552 1.000000 1.000000 1.000000
5419.136230 0.000000 1099.115479 0.000000 0.863282 0.000000 0.504721 1.000000 1.000000 1.000000
5125.106934 0.000000 1216.322510 0.000000 0.851883 0.000000 0.523732 1.000000 1.000000 1.000000
5287.777832 0.000000 1158.457031 0.000000 0.811505 0.000000 0.584346 1.000000 1.000000 1.000000
5166.365234 0.000000 1299.276489 0.000000 0.867378 0.000000 0.497649 1.000000 1.000000 1.000000
5119.406250 0.000000 1310.098145 0.000000 0.841432 0.000000 0.540363 1.000000 1.000000 1.000000
4451.337402 0.000000 1690.692505 0.000000 0.848656 0.000000 0.528945 1.000000 1.000000 1.000000
4507.624023 0.000000 1698.185303 0.000000 0.780778 0.000000 0.624809 1.000000 1.000000 1.000000
4476.839355 0.000000 1700.921387 0.000000 0.834324 0.000000 0.551274 1.000000 1.000000 1.000000
4420.679688 0.000000 1721.071289 0.000000 0.830233 0.000000 0.557417 1.000000 1.000000 1.000000
4475.133789 0.000000 1735.043335 0.000000 0.743972 0.000000 0.668211 1.000000 1.000000 1.000000
4466.245117 0.000000 1716.608643 0.000000 0.873218 0.000000 0.487329 1.000000 1.000000 1.000000
4439.834473 0.000000 1732.052490 0.000000 0.764284 0.000000 0.644880 1.000000 1.000000 1.000000
4389.915039 0.000000 1769.768555 0.000000 0.863028 0.000000 0.505156 1.000000 1.000000 1.000000
4516.485352 0.000000 1719.119263 0.000000 0.862976 0.000000 0.505245 1.000000 1.000000 1.000000
4498.675781 0.000000 1720.839600 0.000000 0.877630 0.000000 0.479339 1.000000 1.000000 1.000000
4510.393066 0.000000 1746.708252 0.000000 0.906135 0.000000 0.422988 1.000000 1.000000 1.000000
4489.965820 0.000000 1725.298706 0.000000 0.897017 0.000000 0.441996 1.000000 1.000000 1.000000
4526.031738 0.000000 1774.220703 0.000000 0.822203 0.000000 0.569195 1.000000 1.000000 1.000000
4542.973633 0.000000 1783.212280 0.000000 0.905852 0.000000 0.423594 1.000000 1.000000 1.000000
4517.302246 0.000000 1756.178467 0.000000 0.746741 0.000000 0.665115 1.000000 1.000000 1.000000
4389.696777 0.000000 1835.655151 0.000000 0.790989 0.000000 0.611830 1.000000 1.000000 1.000000
4395.878906 0.000000 1838.245361 0.000000 0.815078 0.000000 0.579351 1.000000 1.000000 1.000000
4356.582031 0.000000 1835.762939 0.000000 0.805618 0.000000 0.592435 1.000000 1.000000 1.000000
4474.687012 0.000000 1808.401489 0.000000 0.734788 0.000000 0.678297 1.000000 1.000000 1.000000
4476.910156 0.000000 1817.359985 0.000000 0.864294 0.000000 0.502986 1.000000 1.000000 1.000000
4359.325195 0.000000 1873.429810 0.000000 0.707039 0.000000 0.707174 1.000000 1.000000 1.000000
4396.650391 0.000000 1856.663208 0.000000 0.864156 0.000000 0.503224 1.000000 1.000000 1.000000
4355.692871 0.000000 1871.178833 0.000000 0.871728 0.000000 0.489991 1.000000 1.000000 1.000000
4390.583496 0.000000 1874.578613 0.000000 0.867403 0.000000 0.497606 1.000000 1.000000 1.000000
4399.495605 0.000000 1844.120483 0.000000 0.704636 0.000000 0.709569 1.000000 1.000000 1.000000
4392.708008 0.000000 1874.556396 0.000000 0.827522 0.000000 0.561434 1.000000 1.000000 1.000000
4403.307617 0.000000 1853.925659 0.000000 0.890442 0.000000 0.455097 1.000000 1.000000 1.000000
4361.004395 0.000000 1873.904663 0.000000 0.854419 0.000000 0.519584 1.000000 1.000000 1.000000
4443.631836 0.000000 1887.154053 0.000000 0.807180 0.000000 0.590305 1.000000 1.000000 1.000000
4420.265625 0.000000 1873.937622 0.000000 0.841172 0.000000 0.540768 1.000000 1.000000 1.000000
4525.121094 0.000000 1796.075928 0.000000 0.754185 0.000000 0.656662 1.000000 1.000000 1.000000
4511.944336 0.000000 1809.963867 0.000000 0.882050 0.000000 0.471157 1.000000 1.000000 1.000000
4537.288574 0.000000 1811.609131 0.000000 0.853530 0.000000 0.521043 1.000000 1.000000 1.000000
4514.870605 0.000000 1811.257935 0.000000 0.775562 0.000000 0.631271 1.000000 1.000000 1.000000
4502.401367 0.000000 1800.465942 0.000000 0.858810 0.000000 0.512294 1.000000 1.000000 1.000000
4530.552246 0.000000 1814.770142 0.000000 0.833404 0.000000 0.552664 1.000000 1.000000 1.000000
4602.502441 0.000000 1841.081055 0.000000 0.826534 0.000000 0.562886 1.000000 1.000000 1.000000
4598.457031 0.000000 1838.600464 0.000000 0.698997 0.000000 0.715125 1.000000 1.000000 1.000000
4593.468750 0.000000 1817.255493 0.000000 0.792878 0.000000 0.609381 1.000000 1.000000 1.000000
4518.888184 0.000000 1845.924927 0.000000 0.776933 0.000000 0.629583 1.000000 1.000000 1.000000
4520.413574 0.000000 1845.893188 0.000000 0.911675 0.000000 0.410912 1.000000 1.000000 1.000000
4563.705078 0.000000 1842.560181 0.000000 0.900314 0.000000 0.435241 1.000000 1.000000 1.000000
4578.937988 0.000000 1868.106079 0.000000 0.774355 0.000000 0.632752 1.000000 1.000000 1.000000
4598.197754 0.000000 1843.611816 0.000000 0.704261 0.000000 0.709941 1.000000 1.000000 1.000000
4654.016113 0.000000 1632.494141 0.000000 0.822706 0.000000 0.568467 1.000000 1.000000 1.000000
4660.885254 0.000000 1669.173706 0.000000 0.814455 0.000000 0.580226 1.000000 1.000000 1.000000
4675.468262 0.000000 1687.723145 0.000000 0.794453 0.000000 0.607326 1.000000 1.000000 1.000000
4743.381348 0.000000 1626.416504 0.000000 0.734193 0.000000 0.678941 1.000000 1.000000 1.000000
4820.380371 0.000000 1649.830688 0.000000 0.872671 0.000000 0.488308 1.000000 1.000000 1.000000
4772.873535 0.000000 1658.991333 0.000000 0.697108 0.000000 0.716966 1.000000 1.000000 1.000000
4739.546387 0.000000 1698.913452 0.000000 0.814905 0.000000 0.579595 1.000000 1.000000 1.000000
4803.189941 0.000000 1664.455566 0.000000 0.869529 0.000000 0.493882 1.000000 1.000000 1.000000
4818.625000 0.000000 1681.679321 0.000000 0.898995 0.000000 0.437959 1.000000 1.000000 1.000000
4817.218750 0.000000 1699.140991 0.000000 0.877869 0.000000 0.478900 1.000000 1.000000 1.000000
4853.550293 0.000000 1692.276489 0.000000 0.776165 0.000000 0.630530 1.000000 1.000000 1.000000
4862.686523 0.000000 1675.806274 0.000000 0.838014 0.000000 0.545648 1.000000 1.000000 1.000000
4855.682129 0.000000 1691.467773 0.000000 0.854530 0.000000 0.519402 1.000000 1.000000 1.000000
4920.734375 0.000000 1592.912720 0.000000 0.852746 0.000000 0.522326 1.000000 1.000000 1.000000
4863.706055 0.000000 1610.288696 0.000000 0.854694 0.000000 0.519132 1.000000 1.000000 1.000000
4909.400879 0.000000 1688.501465 0.000000 0.773599 0.000000 0.633676 1.000000 1.000000 1.000000
4889.083984 0.000000 1691.997437 0.000000 0.757958 0.000000 0.652303 1.000000 1.000000 1.000000
4888.704590 0.000000 1687.144531 0.000000 0.726171 0.000000 0.687514 1.000000 1.000000 1.000000
4871.023438 0.000000 1688.546509 0.000000 0.776762 0.000000 0.629794 1.000000 1.000000 1.000000
4921.320312 0.000000 1663.427979 0.000000 0.701699 0.000000 0.712474 1.000000 1.000000 1.000000
4868.519531 0.000000 1694.036377 0.000000 0.745708 0.000000 0.666273 1.000000 1.000000 1.000000
4922.466309 0.000000 1673.894775 0.000000 0.834716 0.000000 0.550681 1.000000 1.000000 1.000000
4961.334961 0.000000 1698.964966 0.000000 0.834619 0.000000 0.550827 1.000000 1.000000 1.000000
4974.954102 0.000000 1700.658813 0.000000 0.831575 0.000000 0.555412 1.000000 1.000000 1.000000
4929.559570 0.000000 1653.482544 0.000000 0.889317 0.000000 0.457292 1.000000 1.000000 1.000000
4995.614746 0.000000 1634.967896 0.000000 0.718070 0.000000 0.695971 1.000000 1.000000 1.000000
5063.000000 0.000000 1641.304321 0.000000 0.768402 0.000000 0.639967 1.000000 1.000000 1.000000
5019.643066 0.000000 1667.158081 0.000000 0.867535 0.000000 0.497377 1.000000 1.000000 1.000000
5035.267090 0.000000 1689.282837 0.000000 0.761260 0.000000 0.648447 1.000000 1.000000 1.000000
5015.130859 0.000000 1689.938477 0.000000 0.867328 0.000000 0.497737 1.000000 1.000000 1.000000
5055.751953 0.000000 1683.833984 0.000000 0.693866 0.000000 0.720104 1.000000 1.000000 1.000000
5101.251953 0.000000 1693.997070 0.000000 0.872164 0.000000 0.489213 1.000000 1.000000 1.000000
5076.757812 0.000000 1691.549805 0.000000 0.909942 0.000000 0.414735 1.000000 1.000000 1.000000
5067.282227 0.000000 1675.923340 0.000000 0.776637 0.000000 0.629949 1.000000 1.000000 1.000000
5065.498535 0.000000 1692.725220 0.000000 0.842288 0.000000 0.539028 1.000000 1.000000 1.000000
4691.260254 0.000000 1723.967285 0.000000 0.751974 0.000000 0.659193 1.000000 1.000000 1.000000
4611.535645 0.000000 1770.347168 0.000000 0.845304 0.000000 0.534285 1.000000 1.000000 1.000000
4610.088379 0.000000 1771.037109 0.000000 0.762657 0.000000 0.646803 1.000000 1.000000 1.000000
4672.601074 0.000000 1774.777954 0.000000 0.818469 0.000000 0.574551 1.000000 1.000000 1.000000
4741.926758 0.000000 1717.986694 0.000000 0.698562 0.000000 0.715550 1.000000 1.000000 1.000000
4859.896484 0.000000 1708.610718 0.000000 0.703143 0.000000 0.711048 1.000000 1.000000 1.000000
4850.023926 0.000000 1724.213623 0.000000 0.731051 0.000000 0.682323 1.000000 1.000000 1.000000
4808.977539 0.000000 1704.995605 0.000000 0.825804 0.000000 0.563957 1.000000 1.000000 1.000000
4834.831543 0.000000 1716.773560 0.000000 0.777254 0.000000 0.629188 1.000000 1.000000 1.000000
4831.951172 0.000000 1721.325928 0.000000 0.711787 0.000000 0.702395 1.000000 1.000000 1.000000
4735.425293 0.000000 1790.330078 0.000000 0.877488 0.000000 0.479598 1.000000 1.000000 1.000000
4636.081055 0.000000 1826.012573 0.000000 0.727508 0.000000 0.686099 1.000000 1.000000 1.000000
4615.198242 0.000000 1828.981201 0.000000 0.773387 0.000000 0.633934 1.000000 1.000000 1.000000
4676.234375 0.000000 1826.695435 0.000000 0.757139 0.000000 0.653254 1.000000 1.000000 1.000000
4651.847656 0.000000 1885.487549 0.000000 0.885080 0.000000 0.465438 1.000000 1.000000 1.000000
4612.415039 0.000000 1886.162231 0.000000 0.769672 0.000000 0.638440 1.000000 1.000000 1.000000
4650.678711 0.000000 1843.890503 0.000000 0.758876 0.000000 0.651236 1.000000 1.000000 1.000000
4697.414062 0.000000 1857.077026 0.000000 0.822723 0.000000 0.568442 1.000000 1.000000 1.000000
4775.464844 0.000000 1887.847046 0.000000 0.901347 0.000000 0.433097 1.000000 1.000000 1.000000
4860.521484 0.000000 1879.482666 0.000000 0.904493 0.000000 0.426488 1.000000 1.000000 1.000000
4901.642578 0.000000 1715.027710 0.000000 0.897125 0.000000 0.441777 1.000000 1.000000 1.000000
4919.098145 0.000000 1708.119141 0.000000 0.899417 0.000000 0.437092 1.000000 1.000000 1.000000
4867.803223 0.000000 1705.379272 0.000000 0.828864 0.000000 0.559451 1.000000 1.000000 1.000000
4977.524902 0.000000 1700.874756 0.000000 0.840256 0.000000 0.542189 1.000000 1.000000 1.000000
4986.442871 0.000000 1743.333130 0.000000 0.744857 0.000000 0.667224 1.000000 1.000000 1.000000
4982.590820 0.000000 1717.633667 0.000000 0.732091 0.000000 0.681207 1.000000 1.000000 1.000000
4919.881348 0.000000 1775.358643 0.000000 0.770119 0.000000 0.637900 1.000000 1.000000 1.000000
4960.921387 0.000000 1766.376099 0.000000 0.748578 0.000000 0.663047 1.000000 1.000000 1.000000
4962.056641 0.000000 1767.945923 0.000000 0.745154 0.000000 0.666892 1.000000 1.000000 1.000000
5047.069824 0.000000 1705.565552 0.000000 0.822992 0.000000 0.568054 1.000000 1.000000 1.000000
5070.162598 0.000000 1731.991821 0.000000 0.856101 0.000000 0.516808 1.000000 1.000000 1.000000
5089.765625 0.000000 1734.791382 0.000000 0.810331 0.000000 0.585973 1.000000 1.000000 1.000000
5063.342285 0.000000 1720.900879 0.000000 0.802330 0.000000 0.596881 1.000000 1.000000 1.000000
5065.895508 0.000000 1725.298706 0.000000 0.841177 0.000000 0.540761 1.000000 1.000000 1.000000
5064.540527 0.000000 1721.691650 0.000000 0.900085 0.000000 0.435714 1.000000 1.000000 1.000000
5071.741699 0.000000 1719.160278 0.000000 0.826328 0.000000 0.563190 1.000000 1.000000 1.000000
5049.296875 0.000000 1772.277954 0.000000 0.857080 0.000000 0.515184 1.000000 1.000000 1.000000
4880.513672 0.000000 1837.664917 0.000000 0.743459 0.000000 0.668781 1.000000 1.000000 1.000000
4930.193848 0.000000 1822.558105 0.000000 0.753873 0.000000 0.657020 1.000000 1.000000 1.000000
4921.522949 0.000000 1848.991089 0.000000 0.882301 0.000000 0.470686 1.000000 1.000000 1.000000
5006.170410 0.000000 1873.718384 0.000000 0.774947 0.000000 0.632026 1.000000 1.000000 1.000000
5019.658691 0.000000 1842.565430 0.000000 0.854943 0.000000 0.518721 1.000000 1.000000 1.000000
4274.028320 0.000000 2058.655518 0.000000 0.824619 0.000000 0.565688 1.000000 1.000000 1.000000
4466.983398 0.000000 1920.625977 0.000000 0.842366 0.000000 0.538906 1.000000 1.000000 1.000000
4380.354492 0.000000 2074.056641 0.000000 0.897231 0.000000 0.441562 1.000000 1.000000 1.000000
4255.799316 0.000000 2130.379883 0.000000 0.851140 0.000000 0.524939 1.000000 1.000000 1.000000
4252.813965 0.000000 2132.064453 0.000000 0.815070 0.000000 0.579363 1.000000 1.000000 1.000000
4253.870117 0.000000 2133.916260 0.000000 0.901147 0.000000 0.433513 1.000000 1.000000 1.000000
4251.133301 0.000000 2132.320312 0.000000 0.820276 0.000000 0.571968 1.000000 1.000000 1.000000
4251.904785 0.000000 2131.475586 0.000000 0.821641 0.000000 0.570005 1.000000 1.000000 1.000000
4289.169922 0.000000 2170.277344 0.000000 0.825425 0.000000 0.564512 1.000000 1.000000 1.000000
4327.011719 0.000000 2185.732666 0.000000 0.788418 0.000000 0.615140 1.000000 1.000000 1.000000
4326.631348 0.000000 2186.816650 0.000000 0.843352 0.000000 0.537362 1.000000 1.000000 1.000000
4471.646484 0.000000 2114.849365 0.000000 0.897812 0.000000 0.440379 1.000000 1.000000 1.000000
4457.107422 0.000000 2091.605469 0.000000 0.830706 0.000000 0.556712 1.000000 1.000000 1.000000
4446.804199 0.000000 2118.001221 0.000000 0.708131 0.000000 0.706081 1.000000 1.000000 1.000000
4478.295898 0.000000 2120.071777 0.000000 0.772750 0.000000 0.634711 1.000000 1.000000 1.000000
4456.859375 0.000000 2144.907959 0.000000 0.849088 0.000000 0.528251 1.000000 1.000000 1.000000
4474.294434 0.000000 2152.600830 0.000000 0.712161 0.000000 0.702017 1.000000 1.000000 1.000000
4451.173340 0.000000 2159.122314 0.000000 0.790691 0.000000 0.612216 1.000000 1.000000 1.000000
4602.502441 0.000000 2124.534424 0.000000 0.759694 0.000000 0.650281 1.000000 1.000000 1.000000
4554.257324 0.000000 2115.543213 0.000000 0.849150 0.000000 0.528151 1.000000 1.000000 1.000000
4586.101074 0.000000 2109.125977 0.000000 0.713405 0.000000 0.700751 1.000000 1.000000 1.000000
4567.666992 0.000000 2124.841553 0.000000 0.708950 0.000000 0.705259 1.000000 1.000000 1.000000
4554.691406 0.000000 2111.807373 0.000000 0.701340 0.000000 0.712827 1.000000 1.000000 1.000000
4566.301758 0.000000 2114.003418 0.000000 0.799109 0.000000 0.601186 1.000000 1.000000 1.000000
4606.280273 0.000000 2120.071777 0.000000 0.801080 0.000000 0.598558 1.000000 1.000000 1.000000
4553.604980 0.000000 2113.551025 0.000000 0.807446 0.000000 0.589941 1.000000 1.000000 1.000000
4585.280762 0.000000 2107.378662 0.000000 0.738807 0.000000 0.673918 1.000000 1.000000 1.000000
4545.714355 0.000000 2113.527832 0.000000 0.714442 0.000000 0.699694 1.000000 1.000000 1.000000
4540.237793 0.000000 2156.387207 0.000000 0.897162 0.000000 0.441702 1.000000 1.000000 1.000000
4487.309570 0.000000 2156.883057 0.000000 0.893340 0.000000 0.449381 1.000000 1.000000 1.000000
4508.444824 0.000000 2154.845947 0.000000 0.793457 0.000000 0.608626 1.000000 1.000000 1.000000
4507.502930 0.000000 2164.356201 0.000000 0.761930 0.000000 0.647660 1.000000 1.000000 1.000000
4493.296875 0.000000 2139.883301 0.000000 0.754581 0.000000 0.656207 1.000000 1.000000 1.000000
4498.275879 0.000000 2165.169189 0.000000 0.910530 0.000000 0.413443 1.000000 1.000000 1.000000
4505.723145 0.000000 2165.827148 0.000000 0.772288 0.000000 0.635272 1.000000 1.000000 1.000000
4503.773438 0.000000 2160.733154 0.000000 0.810925 0.000000 0.585150 1.000000 1.000000 1.000000
4499.697754 0.000000 2162.764648 0.000000 0.722744 0.000000 0.691115 1.000000 1.000000 1.000000
4580.434082 0.000000 2155.126953 0.000000 0.693867 0.000000 0.720103 1.000000 1.000000 1.000000
4383.959961 0.000000 2187.901367 0.000000 0.695405 0.000000 0.718618 1.000000 1.000000 1.000000
4410.037598 0.000000 2192.266357 0.000000 0.838645 0.000000 0.544679 1.000000 1.000000 1.000000
4373.219238 0.000000 2198.061035 0.000000 0.893192 0.000000 0.449676 1.000000 1.000000 1.000000
4449.825684 0.000000 2177.155029 0.000000 0.858611 0.000000 0.512628 1.000000 1.000000 1.000000
4648.835938 0.000000 1908.696899 0.000000 0.887573 0.000000 0.460667 1.000000 1.000000 1.000000
4655.828125 0.000000 1898.166870 0.000000 0.750852 0.000000 0.660470 1.000000 1.000000 1.000000
4642.574219 0.000000 1899.378540 0.000000 0.865724 0.000000 0.500521 1.000000 1.000000 1.000000
4617.000977 0.000000 1893.964355 0.000000 0.761118 0.000000 0.648613 1.000000 1.000000 1.000000
4608.931641 0.000000 1895.611572 0.000000 0.795886 0.000000 0.605446 1.000000 1.000000 1.000000
4712.253906 0.000000 1899.089722 0.000000 0.911621 0.000000 0.411031 1.000000 1.000000 1.000000
4688.029785 0.000000 1906.812866 0.000000 0.755298 0.000000 0.655381 1.000000 1.000000 1.000000
4691.260254 0.000000 1912.936035 0.000000 0.731812 0.000000 0.681506 1.000000 1.000000 1.000000
4680.564941 0.000000 1904.409424 0.000000 0.810253 0.000000 0.586080 1.000000 1.000000 1.000000
4655.828125 0.000000 1992.651245 0.000000 0.799871 0.000000 0.600172 1.000000 1.000000 1.000000
4653.239746 0.000000 2005.635742 0.000000 0.799993 0.000000 0.600010 1.000000 1.000000 1.000000
4709.657715 0.000000 2024.623901 0.000000 0.879645 0.000000 0.475631 1.000000 1.000000 1.000000
4696.665039 0.000000 2020.348511 0.000000 0.798748 0.000000 0.601666 1.000000 1.000000 1.000000
4637.572754 0.000000 2068.724121 0.000000 0.827039 0.000000 0.562144 1.000000 1.000000 1.000000
4617.230469 0.000000 2077.153564 0.000000 0.702155 0.000000 0.712024 1.000000 1.000000 1.000000
4670.867188 0.000000 2070.108398 0.000000 0.875988 0.000000 0.482332 1.000000 1.000000 1.000000
4660.013184 0.000000 2056.860107 0.000000 0.848865 0.000000 0.528610 1.000000 1.000000 1.000000
4649.054199 0.000000 2067.925781 0.000000 0.848831 0.000000 0.528664 1.000000 1.000000 1.000000
4635.487305 0.000000 2069.871826 0.000000 0.871501 0.000000 0.490395 1.000000 1.000000 1.000000
4644.822266 0.000000 2070.945801 0.000000 0.804576 0.000000 0.593850 1.000000 1.000000 1.000000
4707.393066 0.000000 2034.020752 0.000000 0.738229 0.000000 0.674550 1.000000 1.000000 1.000000
4675.527832 0.000000 2053.800293 0.000000 0.909591 0.000000 0.415504 1.000000 1.000000 1.000000
4675.647949 0.000000 2057.977051 0.000000 0.827697 0.000000 0.561175 1.000000 1.000000 1.000000
4951.620117 0.000000 1935.872559 0.000000 0.708350 0.000000 0.705861 1.000000 1.000000 1.000000
4951.798340 0.000000 1938.706299 0.000000 0.911247 0.000000 0.411861 1.000000 1.000000 1.000000
4967.150391 0.000000 1944.598755 0.000000 0.801559 0.000000 0.597915 1.000000 1.000000 1.000000
5041.634277 0.000000 1933.724243 0.000000 0.835863 0.000000 0.548938 1.000000 1.000000 1.000000
5037.894043 0.000000 1934.977539 0.000000 0.839090 0.000000 0.543993 1.000000 1.000000 1.000000
5040.114258 0.000000 1911.017822 0.000000 0.897256 0.000000 0.441512 1.000000 1.000000 1.000000
5066.194824 0.000000 1926.574219 0.000000 0.780167 0.000000 0.625571 1.000000 1.000000 1.000000
5081.150879 0.000000 1895.249878 0.000000 0.821864 0.000000 0.569684 1.000000 1.000000 1.000000
5079.390137 0.000000 1908.294556 0.000000 0.860429 0.000000 0.509571 1.000000 1.000000 1.000000
5083.360352 0.000000 1897.828735 0.000000 0.871036 0.000000 0.491220 1.000000 1.000000 1.000000
5082.456543 0.000000 1957.406494 0.000000 0.847499 0.000000 0.530797 1.000000 1.000000 1.000000
4608.635742 0.000000 2125.606934 0.000000 0.880540 0.000000 0.473971 1.000000 1.000000 1.000000
4639.181641 0.000000 2105.438232 0.000000 0.853707 0.000000 0.520753 1.000000 1.000000 1.000000
4609.883301 0.000000 2099.272705 0.000000 0.897503 0.000000 0.441007 1.000000 1.000000 1.000000
4616.539551 0.000000 2078.705566 0.000000 0.883971 0.000000 0.467541 1.000000 1.000000 1.000000
4609.130859 0.000000 2123.035156 0.000000 0.702172 0.000000 0.712007 1.000000 1.000000 1.000000
4651.229980 0.000000 2091.201416 0.000000 0.796804 0.000000 0.604238 1.000000 1.000000 1.000000
4617.904297 0.000000 2079.291260 0.000000 0.810853 0.000000 0.585249 1.000000 1.000000 1.000000
4698.503418 0.000000 2099.133301 0.000000 0.845954 0.000000 0.533256 1.000000 1.000000 1.000000
4699.760254 0.000000 2097.216064 0.000000 0.710141 0.000000 0.704060 1.000000 1.000000 1.000000
4607.737305 0.000000 2139.511719 0.000000 0.805960 0.000000 0.591971 1.000000 1.000000 1.000000
4670.335449 0.000000 2132.597900 0.000000 0.739035 0.000000 0.673667 1.000000 1.000000 1.000000
4615.547852 0.000000 2150.761475 0.000000 0.750657 0.000000 0.660692 1.000000 1.000000 1.000000
4610.649902 0.000000 2134.719727 0.000000 0.762823 0.000000 0.646607 1.000000 1.000000 1.000000
4659.730957 0.000000 2143.062012 0.000000 0.739881 0.000000 0.672738 1.000000 1.000000 1.000000
4640.635742 0.000000 2135.857910 0.000000 0.755813 0.000000 0.654787 1.000000 1.000000 1.000000
4612.077637 0.000000 2135.700684 0.000000 0.865352 0.000000 0.501165 1.000000 1.000000 1.000000
4660.892578 0.000000 2140.300049 0.000000 0.694359 0.000000 0.719629 1.000000 1.000000 1.000000
5313.744629 0.000000 1657.598145 0.000000 0.765657 0.000000 0.643249 1.000000 1.000000 1.000000
5162.880371 0.000000 1724.536987 0.000000 0.861359 0.000000 0.507997 1.000000 1.000000 1.000000
5238.135254 0.000000 1794.533813 0.000000 0.892551 0.000000 0.450947 1.000000 1.000000 1.000000
5239.738281 0.000000 1795.319336 0.000000 0.693695 0.000000 0.720269 1.000000 1.000000 1.000000
5291.630859 0.000000 1888.312988 0.000000 0.749185 0.000000 0.662361 1.000000 1.000000 1.000000
5165.244141 0.000000 1930.208008 0.000000 0.845858 0.000000 0.533408 1.000000 1.000000 1.000000
5218.859863 0.000000 1915.348267 0.000000 0.881253 0.000000 0.472644 1.000000 1.000000 1.000000
5219.256836 0.000000 1932.217407 0.000000 0.850178 0.000000 0.526496 1.000000 1.000000 1.000000
5210.357422 0.000000 1916.219971 0.000000 0.881564 0.000000 0.472065 1.000000 1.000000 1.000000
5194.083984 0.000000 1905.712280 0.000000 0.878869 0.000000 0.477062 1.000000 1.000000 1.000000
5145.589844 0.000000 1954.337036 0.000000 0.796072 0.000000 0.605201 1.000000 1.000000 1.000000
5129.167969 0.000000 1982.669189 0.000000 0.723952 0.000000 0.689850 1.000000 1.000000 1.000000
5178.102539 0.000000 1968.859619 0.000000 0.696933 0.000000 0.717137 1.000000 1.000000 1.000000
5172.792969 0.000000 1944.816650 0.000000 0.716167 0.000000 0.697929 1.000000 1.000000 1.000000
5206.682617 0.000000 1962.451904 0.000000 0.825535 0.000000 0.564351 1.000000 1.000000 1.000000
5300.077148 0.000000 1903.011841 0.000000 0.896767 0.000000 0.442502 1.000000 1.000000 1.000000
5290.602539 0.000000 1889.845337 0.000000 0.786949 0.000000 0.617018 1.000000 1.000000 1.000000
5357.196289 0.000000 1893.353638 0.000000 0.750519 0.000000 0.660849 1.000000 1.000000 1.000000
5296.083008 0.000000 1958.260010 0.000000 0.751297 0.000000 0.659964 1.000000 1.000000 1.000000
5278.369629 0.000000 1937.711426 0.000000 0.820906 0.000000 0.571064 1.000000 1.000000 1.000000
5328.888672 0.000000 1948.717407 0.000000 0.861254 0.000000 0.508174 1.000000 1.000000 1.000000
5183.666992 0.000000 1988.226196 0.000000 0.735718 0.000000 0.677288 1.000000 1.000000 1.000000
5125.920898 0.000000 2036.945312 0.000000 0.888547 0.000000 0.458786 1.000000 1.000000 1.000000
5123.145508 0.000000 2034.161621 0.000000 0.903206 0.000000 0.429207 1.000000 1.000000 1.000000
5268.325684 0.000000 2075.010498 0.000000 0.842503 0.000000 0.538692 1.000000 1.000000 1.000000
5277.494629 0.000000 2068.724121 0.000000 0.812396 0.000000 0.583106 1.000000 1.000000 1.000000
5276.811523 0.000000 2071.125732 0.000000 0.735762 0.000000 0.677240 1.000000 1.000000 1.000000
5322.224609 0.000000 2044.433960 0.000000 0.867863 0.000000 0.496803 1.000000 1.000000 1.000000
5404.795898 0.000000 1929.399170 0.000000 0.848894 0.000000 0.528563 1.000000 1.000000 1.000000
5384.479004 0.000000 1951.651611 0.000000 0.739160 0.000000 0.673530 1.000000 1.000000 1.000000
5444.140625 0.000000 1968.421997 0.000000 0.806487 0.000000 0.591252 1.000000 1.000000 1.000000
5382.164551 0.000000 2027.933716 0.000000 0.708350 0.000000 0.705862 1.000000 1.000000 1.000000
5392.498047 0.000000 2018.610596 0.000000 0.793233 0.000000 0.608919 1.000000 1.000000 1.000000
5476.368164 0.000000 2002.572388 0.000000 0.866493 0.000000 0.499189 1.000000 1.000000 1.000000
5395.217285 0.000000 2066.940430 0.000000 0.749204 0.000000 0.662340 1.000000 1.000000 1.000000
5514.140137 0.000000 2021.058594 0.000000 0.823265 0.000000 0.567658 1.000000 1.000000 1.000000
5519.302246 0.000000 1985.899170 0.000000 0.827343 0.000000 0.561697 1.000000 1.000000 1.000000
5541.163574 0.000000 2029.355469 0.000000 0.745459 0.000000 0.666551 1.000000 1.000000 1.000000
5532.319824 0.000000 2013.119385 0.000000 0.813299 0.000000 0.581845 1.000000 1.000000 1.000000
5537.559082 0.000000 2012.559082 0.000000 0.828222 0.000000 0.560400 1.000000 1.000000 1.000000
5545.856934 0.000000 1995.011353 0.000000 0.830432 0.000000 0.557120 1.000000 1.000000 1.000000
5542.415039 0.000000 2028.482178 0.000000 0.805427 0.000000 0.592695 1.000000 1.000000 1.000000
5237.503418 0.000000 2117.456299 0.000000 0.862834 0.000000 0.505488 1.000000 1.000000 1.000000
5188.746582 0.000000 2115.812988 0.000000 0.842830 0.000000 0.538180 1.000000 1.000000 1.000000
5208.722656 0.000000 2154.800049 0.000000 0.843423 0.000000 0.537249 1.000000 1.000000 1.000000
5279.391113 0.000000 2119.722900 0.000000 0.753512 0.000000 0.657434 1.000000 1.000000 1.000000
5267.619141 0.000000 2126.013428 0.000000 0.775151 0.000000 0.631776 1.000000 1.000000 1.000000
5401.111816 0.000000 2084.218750 0.000000 0.902146 0.000000 0.431432 1.000000 1.000000 1.000000
5382.456055 0.000000 2081.557617 0.000000 0.874265 0.000000 0.485448 1.000000 1.000000 1.000000
5395.594727 0.000000 2140.306641 0.000000 0.860723 0.000000 0.509073 1.000000 1.000000 1.000000
5389.286133 0.000000 2129.827881 0.000000 0.837939 0.000000 0.545763 1.000000 1.000000 1.000000
5477.254883 0.000000 2152.459717 0.000000 0.879882 0.000000 0.475192 1.000000 1.000000 1.000000
5494.877441 0.000000 2192.143555 0.000000 0.749727 0.000000 0.661747 1.000000 1.000000 1.000000
5443.111816 0.000000 2231.362061 0.000000 0.908237 0.000000 0.418456 1.000000 1.000000 1.000000
5474.519043 0.000000 2233.428223 0.000000 0.695557 0.000000 0.718471 1.000000 1.000000 1.000000
5444.637207 0.000000 2233.244141 0.000000 0.827839 0.000000 0.560966 1.000000 1.000000 1.000000
5553.571777 0.000000 2217.177490 0.000000 0.856131 0.000000 0.516758 1.000000 1.000000 1.000000
5523.158691 0.000000 2196.389404 0.000000 0.876335 0.000000 0.481702 1.000000 1.000000 1.000000
5583.661133 0.000000 2242.017578 0.000000 0.856880 0.000000 0.515515 1.000000 1.000000 1.000000
4514.071289 0.000000 2604.544189 0.000000 0.721980 0.000000 0.691914 1.000000 1.000000 1.000000
5074.022461 0.000000 2292.798828 0.000000 0.904223 0.000000 0.427061 1.000000 1.000000 1.000000
4904.804688 0.000000 2475.603271 0.000000 0.845110 0.000000 0.534593 1.000000 1.000000 1.000000
5011.221191 0.000000 2574.326904 0.000000 0.882225 0.000000 0.470828 1.000000 1.000000 1.000000
5089.319336 0.000000 2643.808838 0.000000 0.911979 0.000000 0.410238 1.000000 1.000000 1.000000
4234.357422 0.000000 2800.309082 0.000000 0.779645 0.000000 0.626222 1.000000 1.000000 1.000000
5284.432617 0.000000 2348.994629 0.000000 0.868213 0.000000 0.496191 1.000000 1.000000 1.000000
5289.194824 0.000000 2343.589600 0.000000 0.883870 0.000000 0.467732 1.000000 1.000000 1.000000
5357.220703 0.000000 2355.387695 0.000000 0.857407 0.000000 0.514639 1.000000 1.000000 1.000000
5376.623047 0.000000 2332.702148 0.000000 0.754684 0.000000 0.656088 1.000000 1.000000 1.000000
5519.668945 0.000000 2289.259766 0.000000 0.860688 0.000000 0.509132 1.000000 1.000000 1.000000
5522.550781 0.000000 2287.745850 0.000000 0.823405 0.000000 0.567454 1.000000 1.000000 1.000000
5533.463379 0.000000 2352.177490 0.000000 0.781557 0.000000 0.623834 1.000000 1.000000 1.000000
5628.296387 0.000000 2325.724121 0.000000 0.901657 0.000000 0.432452 1.000000 1.000000 1.000000
5601.834961 0.000000 2358.595703 0.000000 0.909334 0.000000 0.416067 1.000000 1.000000 1.000000
5127.177246 0.000000 2457.910156 0.000000 0.909670 0.000000 0.415332 1.000000 1.000000 1.000000
5638.626465 0.000000 2307.239502 0.000000 0.825769 0.000000 0.564008 1.000000 1.000000 1.000000
5681.922363 0.000000 2338.362305 0.000000 0.900359 0.000000 0.435147 1.000000 1.000000 1.000000
5650.617188 0.000000 2327.513184 0.000000 0.895842 0.000000 0.444372 1.000000 1.000000 1.000000
5654.588867 0.000000 2373.975098 0.000000 0.871915 0.000000 0.489657 1.000000 1.000000 1.000000
5719.526367 0.000000 2408.294678 0.000000 0.869151 0.000000 0.494547 1.000000 1.000000 1.000000
5659.643066 0.000000 2427.911377 0.000000 0.717364 0.000000 0.696699 1.000000 1.000000 1.000000
6024.184570 0.000000 2348.038086 0.000000 0.824821 0.000000 0.565394 1.000000 1.000000 1.000000
5946.114746 0.000000 2388.811768 0.000000 0.738247 0.000000 0.674531 1.000000 1.000000 1.000000
5943.455078 0.000000 2372.702148 0.000000 0.873171 0.000000 0.487414 1.000000 1.000000 1.000000
5926.553711 0.000000 2445.150635 0.000000 0.746324 0.000000 0.665583 1.000000 1.000000 1.000000
5947.428711 0.000000 2433.110352 0.000000 0.737151 0.000000 0.675728 1.000000 1.000000 1.000000
6010.027832 0.000000 2431.236328 0.000000 0.817004 0.000000 0.576633 1.000000 1.000000 1.000000
5982.261230 0.000000 2432.585205 0.000000 0.824914 0.000000 0.565259 1.000000 1.000000 1.000000
5997.840332 0.000000 2419.058350 0.000000 0.751958 0.000000 0.659211 1.000000 1.000000 1.000000
6051.639648 0.000000 2362.165039 0.000000 0.894357 0.000000 0.447355 1.000000 1.000000 1.000000
6051.998535 0.000000 2408.685059 0.000000 0.752622 0.000000 0.658452 1.000000 1.000000 1.000000
6058.865723 0.000000 2390.523193 0.000000 0.754534 0.000000 0.656261 1.000000 1.000000 1.000000
6126.359375 0.000000 2395.261475 0.000000 0.782622 0.000000 0.622497 1.000000 1.000000 1.000000
6132.950684 0.000000 2382.305420 0.000000 0.748924 0.000000 0.662656 1.000000 1.000000 1.000000
6044.941895 0.000000 2419.191162 0.000000 0.861797 0.000000 0.507254 1.000000 1.000000 1.000000
6129.501465 0.000000 2453.388428 0.000000 0.852871 0.000000 0.522122 1.000000 1.000000 1.000000
6086.078613 0.000000 2453.113525 0.000000 0.783254 0.000000 0.621701 1.000000 1.000000 1.000000
6140.233887 0.000000 2420.208496 0.000000 0.754687 0.000000 0.656085 1.000000 1.000000 1.000000
6132.887695 0.000000 2451.710205 0.000000 0.905373 0.000000 0.424618 1.000000 1.000000 1.000000
5727.619629 0.000000 2461.075195 0.000000 0.699096 0.000000 0.715028 1.000000 1.000000 1.000000
5721.072754 0.000000 2462.156250 0.000000 0.709458 0.000000 0.704748 1.000000 1.000000 1.000000
5739.466797 0.000000 2462.311035 0.000000 0.912096 0.000000 0.409978 1.000000 1.000000 1.000000
5728.827637 0.000000 2475.009033 0.000000 0.865328 0.000000 0.501206 1.000000 1.000000 1.000000
5718.252930 0.000000 2461.856689 0.000000 0.775386 0.000000 0.631488 1.000000 1.000000 1.000000
5731.723633 0.000000 2477.276611 0.000000 0.904095 0.000000 0.427331 1.000000 1.000000 1.000000
5764.977539 0.000000 2481.404785 0.000000 0.816614 0.000000 0.577184 1.000000 1.000000 1.000000
5830.603027 0.000000 2496.208252 0.000000 0.888819 0.000000 0.458259 1.000000 1.000000 1.000000
5782.573242 0.000000 2515.701660 0.000000 0.763359 0.000000 0.645975 1.000000 1.000000 1.000000
5824.568359 0.000000 2521.670898 0.000000 0.808817 0.000000 0.588061 1.000000 1.000000 1.000000
5865.124512 0.000000 2532.558350 0.000000 0.912304 0.000000 0.409514 1.000000 1.000000 1.000000
5696.322754 0.000000 2573.999512 0.000000 0.732875 0.000000 0.680363 1.000000 1.000000 1.000000
5700.789062 0.000000 2553.004639 0.000000 0.798035 0.000000 0.602611 1.000000 1.000000 1.000000
5820.404297 0.000000 2588.115723 0.000000 0.894475 0.000000 0.447119 1.000000 1.000000 1.000000
5837.006836 0.000000 2599.040527 0.000000 0.699655 0.000000 0.714481 1.000000 1.000000 1.000000
6134.799316 0.000000 2475.596680 0.000000 0.863383 0.000000 0.504550 1.000000 1.000000 1.000000
6113.194336 0.000000 2502.082275 0.000000 0.876378 0.000000 0.481624 1.000000 1.000000 1.000000
6032.373047 0.000000 2546.297852 0.000000 0.805483 0.000000 0.592618 1.000000 1.000000 1.000000
6134.025879 0.000000 2550.408936 0.000000 0.757150 0.000000 0.653241 1.000000 1.000000 1.000000
6131.843262 0.000000 2522.822754 0.000000 0.871400 0.000000 0.490573 1.000000 1.000000 1.000000
5987.163086 0.000000 2640.850342 0.000000 0.866911 0.000000 0.498463 1.000000 1.000000 1.000000
5957.487305 0.000000 2627.912842 0.000000 0.836091 0.000000 0.548591 1.000000 1.000000 1.000000
6024.829102 0.000000 2555.354980 0.000000 0.702550 0.000000 0.711635 1.000000 1.000000 1.000000
6141.741699 0.000000 2575.064697 0.000000 0.819608 0.000000 0.572925 1.000000 1.000000 1.000000
6138.091309 0.000000 2577.780518 0.000000 0.904508 0.000000 0.426457 1.000000 1.000000 1.000000
6139.405273 0.000000 2574.836914 0.000000 0.749698 0.000000 0.661780 1.000000 1.000000 1.000000
6091.299805 0.000000 2604.625000 0.000000 0.899699 0.000000 0.436511 1.000000 1.000000 1.000000
5250.578125 0.000000 2831.374023 0.000000 0.710863 0.000000 0.703331 1.000000 1.000000 1.000000
5251.293457 0.000000 2830.651855 0.000000 0.900100 0.000000 0.435683 1.000000 1.000000 1.000000
5249.937012 0.000000 2832.286865 0.000000 0.747388 0.000000 0.664388 1.000000 1.000000 1.000000
5610.825684 0.000000 2716.623047 0.000000 0.858254 0.000000 0.513225 1.000000 1.000000 1.000000
5420.525391 0.000000 2848.749268 0.000000 0.791216 0.000000 0.611537 1.000000 1.000000 1.000000
5421.196289 0.000000 2846.661133 0.000000 0.752977 0.000000 0.658047 1.000000 1.000000 1.000000
5477.563965 0.000000 3016.709961 0.000000 0.892919 0.000000 0.450217 1.000000 1.000000 1.000000
5674.817871 0.000000 2669.380859 0.000000 0.744142 0.000000 0.668022 1.000000 1.000000 1.000000
5726.292480 0.000000 2668.796143 0.000000 0.831169 0.000000 0.556020 1.000000 1.000000 1.000000
5705.817383 0.000000 2670.142578 0.000000 0.702170 0.000000 0.712010 1.000000 1.000000 1.000000
5727.638184 0.000000 2678.323730 0.000000 0.800264 0.000000 0.599647 1.000000 1.000000 1.000000
5749.217773 0.000000 2686.267578 0.000000 0.700036 0.000000 0.714108 1.000000 1.000000 1.000000
5667.686523 0.000000 2692.860352 0.000000 0.887728 0.000000 0.460369 1.000000 1.000000 1.000000
5646.488770 0.000000 2716.389404 0.000000 0.726846 0.000000 0.686800 1.000000 1.000000 1.000000
5775.637695 0.000000 2667.197266 0.000000 0.907164 0.000000 0.420777 1.000000 1.000000 1.000000
5760.374023 0.000000 2693.704346 0.000000 0.812949 0.000000 0.582335 1.000000 1.000000 1.000000
5794.433594 0.000000 2749.738037 0.000000 0.882877 0.000000 0.469604 1.000000 1.000000 1.000000
5855.604004 0.000000 2744.528320 0.000000 0.715198 0.000000 0.698922 1.000000 1.000000 1.000000
5852.618652 0.000000 2746.212891 0.000000 0.883588 0.000000 0.468265 1.000000 1.000000 1.000000
5836.547852 0.000000 2797.664795 0.000000 0.875280 0.000000 0.483616 1.000000 1.000000 1.000000
5979.444336 0.000000 2690.271484 0.000000 0.905015 0.000000 0.425381 1.000000 1.000000 1.000000
5952.350586 0.000000 2646.462158 0.000000 0.707398 0.000000 0.706815 1.000000 1.000000 1.000000
6078.786133 0.000000 2680.813965 0.000000 0.866547 0.000000 0.499095 1.000000 1.000000 1.000000
6104.556152 0.000000 2679.230469 0.000000 0.731173 0.000000 0.682192 1.000000 1.000000 1.000000
6086.909668 0.000000 2657.578125 0.000000 0.808309 0.000000 0.588759 1.000000 1.000000 1.000000
6062.925781 0.000000 2722.944824 0.000000 0.839645 0.000000 0.543136 1.000000 1.000000 1.000000
6058.128418 0.000000 2719.788086 0.000000 0.783243 0.000000 0.621715 1.000000 1.000000 1.000000
5924.704590 0.000000 2764.184570 0.000000 0.748178 0.000000 0.663498 1.000000 1.000000 1.000000
5776.363281 0.000000 2920.135010 0.000000 0.699049 0.000000 0.715074 1.000000 1.000000 1.000000
5764.676270 0.000000 2918.930176 0.000000 0.902987 0.000000 0.429669 1.000000 1.000000 1.000000
5874.206543 0.000000 2920.225586 0.000000 0.754888 0.000000 0.655854 1.000000 1.000000 1.000000
5877.425293 0.000000 2920.573486 0.000000 0.715669 0.000000 0.698440 1.000000 1.000000 1.000000
5886.052246 0.000000 2892.724854 0.000000 0.905468 0.000000 0.424415 1.000000 1.000000 1.000000
5681.922363 0.000000 2952.510742 0.000000 0.867018 0.000000 0.498277 1.000000 1.000000 1.000000
5668.385742 0.000000 2963.143066 0.000000 0.890634 0.000000 0.454721 1.000000 1.000000 1.000000
5672.929199 0.000000 2965.527344 0.000000 0.824836 0.000000 0.565372 1.000000 1.000000 1.000000
5730.441406 0.000000 2938.706787 0.000000 0.792938 0.000000 0.609302 1.000000 1.000000 1.000000
5753.140137 0.000000 2945.421631 0.000000 0.911425 0.000000 0.411466 1.000000 1.000000 1.000000
5736.767090 0.000000 2936.855957 0.000000 0.804838 0.000000 0.593494 1.000000 1.000000 1.000000
5686.435059 0.000000 3001.354980 0.000000 0.837686 0.000000 0.546151 1.000000 1.000000 1.000000
5783.696777 0.000000 2930.792236 0.000000 0.895285 0.000000 0.445493 1.000000 1.000000 1.000000
5785.389160 0.000000 2941.032471 0.000000 0.864847 0.000000 0.502035 1.000000 1.000000 1.000000
5852.280762 0.000000 3005.205322 0.000000 0.786684 0.000000 0.617355 1.000000 1.000000 1.000000
6000.635742 0.000000 2866.093262 0.000000 0.793404 0.000000 0.608695 1.000000 1.000000 1.000000
5946.507324 0.000000 2894.971924 0.000000 0.840666 0.000000 0.541555 1.000000 1.000000 1.000000
5892.660645 0.000000 2918.930176 0.000000 0.806769 0.000000 0.590868 1.000000 1.000000 1.000000
5954.209961 0.000000 2920.843750 0.000000 0.762941 0.000000 0.646468 1.000000 1.000000 1.000000
5978.110352 0.000000 2913.083740 0.000000 0.890182 0.000000 0.455605 1.000000 1.000000 1.000000
6062.964844 0.000000 2872.364258 0.000000 0.786401 0.000000 0.617716 1.000000 1.000000 1.000000
6095.231934 0.000000 2883.500977 0.000000 0.699227 0.000000 0.714900 1.000000 1.000000 1.000000
6093.200195 0.000000 2885.702881 0.000000 0.797275 0.000000 0.603616 1.000000 1.000000 1.000000
6106.623535 0.000000 2922.757324 0.000000 0.910813 0.000000 0.412820 1.000000 1.000000 1.000000
5931.988770 0.000000 2966.894531 0.000000 0.717912 0.000000 0.696134 1.000000 1.000000 1.000000
5926.809570 0.000000 2967.303711 0.000000 0.912199 0.000000 0.409747 1.000000 1.000000 1.000000
5896.113770 0.000000 2972.915283 0.000000 0.779585 0.000000 0.626296 1.000000 1.000000 1.000000
5918.661621 0.000000 2935.331787 0.000000 0.791651 0.000000 0.610973 1.000000 1.000000 1.000000
5953.858887 0.000000 2942.020020 0.000000 0.766299 0.000000 0.642484 1.000000 1.000000 1.000000
6003.112305 0.000000 2940.496094 0.000000 0.793430 0.000000 0.608662 1.000000 1.000000 1.000000
5951.314941 0.000000 2941.126465 0.000000 0.819058 0.000000 0.573710 1.000000 1.000000 1.000000
5942.049316 0.000000 3022.830811 0.000000 0.894341 0.000000 0.447385 1.000000 1.000000 1.000000
5938.086426 0.000000 2979.270752 0.000000 0.760332 0.000000 0.649535 1.000000 1.000000 1.000000
5995.435547 0.000000 2981.975098 0.000000 0.906426 0.000000 0.422365 1.000000 1.000000 1.000000
5992.735840 0.000000 2984.098145 0.000000 0.729762 0.000000 0.683702 1.000000 1.000000 1.000000
6018.478027 0.000000 2937.836914 0.000000 0.736176 0.000000 0.676790 1.000000 1.000000 1.000000
6070.458008 0.000000 2945.930664 0.000000 0.843656 0.000000 0.536884 1.000000 1.000000 1.000000
6040.943359 0.000000 3014.778809 0.000000 0.856671 0.000000 0.515863 1.000000 1.000000 1.000000
6032.802734 0.000000 2988.045654 0.000000 0.877496 0.000000 0.479583 1.000000 1.000000 1.000000
6052.297852 0.000000 2994.658447 0.000000 0.696689 0.000000 0.717373 1.000000 1.000000 1.000000
6042.631348 0.000000 3017.241699 0.000000 0.784303 0.000000 0.620377 1.000000 1.000000 1.000000
6048.356934 0.000000 3013.550781 0.000000 0.888401 0.000000 0.459069 1.000000 1.000000 1.000000
6037.223145 0.000000 2987.280518 0.000000 0.705900 0.000000 0.708311 1.000000 1.000000 1.000000
6043.417969 0.000000 3016.150146 0.000000 0.797688 0.000000 0.603071 1.000000 1.000000 1.000000
6181.283203 0.000000 2373.133301 0.000000 0.806745 0.000000 0.590900 1.000000 1.000000 1.000000
6177.396973 0.000000 2370.217285 0.000000 0.868918 0.000000 0.494956 1.000000 1.000000 1.000000
6161.821777 0.000000 2467.049316 0.000000 0.733437 0.000000 0.679758 1.000000 1.000000 1.000000
6165.207520 0.000000 2514.858643 0.000000 0.799731 0.000000 0.600359 1.000000 1.000000 1.000000
6188.385254 0.000000 2583.260742 0.000000 0.898715 0.000000 0.438534 1.000000 1.000000 1.000000
6305.617188 0.000000 2585.150879 0.000000 0.854013 0.000000 0.520252 1.000000 1.000000 1.000000
6332.468262 0.000000 2615.918213 0.000000 0.720583 0.000000 0.693369 1.000000 1.000000 1.000000
6332.912109 0.000000 2613.039795 0.000000 0.853838 0.000000 0.520539 1.000000 1.000000 1.000000
6293.495117 0.000000 2612.382812 0.000000 0.906327 0.000000 0.422578 1.000000 1.000000 1.000000
6335.631348 0.000000 2614.309082 0.000000 0.826505 0.000000 0.562929 1.000000 1.000000 1.000000
6193.795898 0.000000 2735.144531 0.000000 0.862061 0.000000 0.506805 1.000000 1.000000 1.000000
6292.200684 0.000000 2689.158936 0.000000 0.902200 0.000000 0.431319 1.000000 1.000000 1.000000
6304.103027 0.000000 2688.315674 0.000000 0.756813 0.000000 0.653632 1.000000 1.000000 1.000000
6289.039062 0.000000 2738.469238 0.000000 0.888204 0.000000 0.459450 1.000000 1.000000 1.000000
6213.788086 0.000000 2745.578369 0.000000 0.736835 0.000000 0.676073 1.000000 1.000000 1.000000
6219.284180 0.000000 2746.351562 0.000000 0.871898 0.000000 0.489688 1.000000 1.000000 1.000000
6235.494629 0.000000 2753.728516 0.000000 0.740124 0.000000 0.672470 1.000000 1.000000 1.000000
6164.445312 0.000000 2820.163818 0.000000 0.771194 0.000000 0.636600 1.000000 1.000000 1.000000
6196.896484 0.000000 2790.560547 0.000000 0.785323 0.000000 0.619086 1.000000 1.000000 1.000000
6271.237793 0.000000 2782.416016 0.000000 0.892459 0.000000 0.451128 1.000000 1.000000 1.000000
6356.974609 0.000000 2755.913330 0.000000 0.703180 0.000000 0.711012 1.000000 1.000000 1.000000
6304.444824 0.000000 2790.810547 0.000000 0.789718 0.000000 0.613470 1.000000 1.000000 1.000000
6397.710449 0.000000 2811.275635 0.000000 0.908335 0.000000 0.418243 1.000000 1.000000 1.000000
6365.524414 0.000000 2806.975098 0.000000 0.748829 0.000000 0.662763 1.000000 1.000000 1.000000
6340.031250 0.000000 2818.781494 0.000000 0.845248 0.000000 0.534374 1.000000 1.000000 1.000000
6398.499023 0.000000 2809.618896 0.000000 0.898232 0.000000 0.439522 1.000000 1.000000 1.000000
6468.875977 0.000000 2826.231934 0.000000 0.713784 0.000000 0.700366 1.000000 1.000000 1.000000
6185.226074 0.000000 2873.639160 0.000000 0.757041 0.000000 0.653367 1.000000 1.000000 1.000000
6185.770996 0.000000 2868.634277 0.000000 0.884013 0.000000 0.467463 1.000000 1.000000 1.000000
6180.282227 0.000000 2900.174072 0.000000 0.785562 0.000000 0.618783 1.000000 1.000000 1.000000
6238.229980 0.000000 2905.007080 0.000000 0.859844 0.000000 0.510557 1.000000 1.000000 1.000000
6238.481445 0.000000 2910.628418 0.000000 0.709887 0.000000 0.704316 1.000000 1.000000 1.000000
6279.645508 0.000000 2871.895020 0.000000 0.744661 0.000000 0.667443 1.000000 1.000000 1.000000
6280.270508 0.000000 2863.675781 0.000000 0.723427 0.000000 0.690401 1.000000 1.000000 1.000000
6278.136230 0.000000 2871.052490 0.000000 0.723884 0.000000 0.689922 1.000000 1.000000 1.000000
6336.528320 0.000000 2847.247803 0.000000 0.813809 0.000000 0.581132 1.000000 1.000000 1.000000
6271.333984 0.000000 2891.317627 0.000000 0.843063 0.000000 0.537815 1.000000 1.000000 1.000000
6396.011230 0.000000 2912.262207 0.000000 0.768365 0.000000 0.640012 1.000000 1.000000 1.000000
6236.233887 0.000000 2957.963135 0.000000 0.837811 0.000000 0.545960 1.000000 1.000000 1.000000
6248.123047 0.000000 2944.958984 0.000000 0.702381 0.000000 0.711801 1.000000 1.000000 1.000000
6244.861816 0.000000 2967.078613 0.000000 0.876578 0.000000 0.481259 1.000000 1.000000 1.000000
6266.781738 0.000000 2954.271729 0.000000 0.777431 0.000000 0.628968 1.000000 1.000000 1.000000
6272.509277 0.000000 2962.181152 0.000000 0.829858 0.000000 0.557975 1.000000 1.000000 1.000000
6293.278809 0.000000 2978.246338 0.000000 0.770996 0.000000 0.636840 1.000000 1.000000 1.000000
6274.720215 0.000000 2976.660645 0.000000 0.817383 0.000000 0.576094 1.000000 1.000000 1.000000
6273.819824 0.000000 2989.262207 0.000000 0.885967 0.000000 0.463748 1.000000 1.000000 1.000000
6492.540527 0.000000 2887.939453 0.000000 0.897643 0.000000 0.440723 1.000000 1.000000 1.000000
6574.709961 0.000000 2840.910645 0.000000 0.797087 0.000000 0.603864 1.000000 1.000000 1.000000
6636.094727 0.000000 2852.358643 0.000000 0.873456 0.000000 0.486903 1.000000 1.000000 1.000000
6488.888672 0.000000 3014.778809 0.000000 0.704264 0.000000 0.709938 1.000000 1.000000 1.000000
6629.030762 0.000000 2974.199463 0.000000 0.904291 0.000000 0.426917 1.000000 1.000000 1.000000
6733.540039 0.000000 2958.315918 0.000000 0.793254 0.000000 0.608890 1.000000 1.000000 1.000000
3378.398682 0.000000 3073.755127 0.000000 0.755692 0.000000 0.654927 1.000000 1.000000 1.000000
4241.452148 0.000000 3032.442871 0.000000 0.770408 0.000000 0.637551 1.000000 1.000000 1.000000
4232.969238 0.000000 3030.019043 0.000000 0.868472 0.000000 0.495738 1.000000 1.000000 1.000000
4786.339355 0.000000 3392.647461 0.000000 0.891390 0.000000 0.453236 1.000000 1.000000 1.000000
4909.400879 0.000000 3436.462402 0.000000 0.886755 0.000000 0.462240 1.000000 1.000000 1.000000
4911.105469 0.000000 3439.270508 0.000000 0.888985 0.000000 0.457936 1.000000 1.000000 1.000000
4930.334961 0.000000 3534.992188 0.000000 0.899734 0.000000 0.436438 1.000000 1.000000 1.000000
4936.598633 0.000000 3518.398193 0.000000 0.823408 0.000000 0.567449 1.000000 1.000000 1.000000
4859.086914 0.000000 3766.457520 0.000000 0.796755 0.000000 0.604302 1.000000 1.000000 1.000000
5116.761230 0.000000 3685.093506 0.000000 0.871059 0.000000 0.491179 1.000000 1.000000 1.000000
5301.815918 0.000000 3178.900391 0.000000 0.897998 0.000000 0.440000 1.000000 1.000000 1.000000
5622.442871 0.000000 3048.597168 0.000000 0.911745 0.000000 0.410756 1.000000 1.000000 1.000000
5564.304199 0.000000 3081.599121 0.000000 0.842756 0.000000 0.538296 1.000000 1.000000 1.000000
5606.755371 0.000000 3074.221924 0.000000 0.839743 0.000000 0.542985 1.000000 1.000000 1.000000
5282.776855 0.000000 3228.523682 0.000000 0.847977 0.000000 0.530033 1.000000 1.000000 1.000000
5334.208008 0.000000 3247.815918 0.000000 0.899835 0.000000 0.436230 1.000000 1.000000 1.000000
5648.849609 0.000000 3035.287842 0.000000 0.823417 0.000000 0.567437 1.000000 1.000000 1.000000
5647.655273 0.000000 3037.742676 0.000000 0.902873 0.000000 0.429907 1.000000 1.000000 1.000000
5650.535156 0.000000 3185.347412 0.000000 0.910095 0.000000 0.414399 1.000000 1.000000 1.000000
5943.652344 0.000000 3023.616211 0.000000 0.793506 0.000000 0.608562 1.000000 1.000000 1.000000
6102.573242 0.000000 3049.022217 0.000000 0.830647 0.000000 0.556800 1.000000 1.000000 1.000000
6127.200684 0.000000 3086.441650 0.000000 0.728211 0.000000 0.685353 1.000000 1.000000 1.000000
6097.641602 0.000000 3092.532715 0.000000 0.726821 0.000000 0.686827 1.000000 1.000000 1.000000
5143.038574 0.000000 3652.888184 0.000000 0.769823 0.000000 0.638258 1.000000 1.000000 1.000000
5156.794434 0.000000 3716.182373 0.000000 0.815071 0.000000 0.579362 1.000000 1.000000 1.000000
5213.209473 0.000000 3748.728027 0.000000 0.850051 0.000000 0.526701 1.000000 1.000000 1.000000
5188.171875 0.000000 3763.625244 0.000000 0.860879 0.000000 0.508810 1.000000 1.000000 1.000000
5793.915039 0.000000 3738.356689 0.000000 0.903553 0.000000 0.428475 1.000000 1.000000 1.000000
4488.409180 0.000000 3844.330566 0.000000 0.876330 0.000000 0.481712 1.000000 1.000000 1.000000
4610.374023 0.000000 3865.687500 0.000000 0.838824 0.000000 0.544403 1.000000 1.000000 1.000000
4880.560547 0.000000 3813.813721 0.000000 0.713763 0.000000 0.700387 1.000000 1.000000 1.000000
4928.386230 0.000000 3787.459473 0.000000 0.717453 0.000000 0.696607 1.000000 1.000000 1.000000
4963.288086 0.000000 3869.147217 0.000000 0.845466 0.000000 0.534029 1.000000 1.000000 1.000000
5170.292480 0.000000 3912.311523 0.000000 0.807154 0.000000 0.590341 1.000000 1.000000 1.000000
5745.848633 0.000000 3901.100830 0.000000 0.906685 0.000000 0.421808 1.000000 1.000000 1.000000
5743.599609 0.000000 3901.719727 0.000000 0.883485 0.000000 0.468460 1.000000 1.000000 1.000000
6181.478027 0.000000 3111.194336 0.000000 0.825069 0.000000 0.565032 1.000000 1.000000 1.000000
6300.471680 0.000000 3198.054443 0.000000 0.838199 0.000000 0.545364 1.000000 1.000000 1.000000
6317.079102 0.000000 3168.892822 0.000000 0.778027 0.000000 0.628231 1.000000 1.000000 1.000000
6339.002441 0.000000 3176.205811 0.000000 0.788866 0.000000 0.614566 1.000000 1.000000 1.000000
6526.731445 0.000000 3058.751465 0.000000 0.803166 0.000000 0.595755 1.000000 1.000000 1.000000
6453.354980 0.000000 3204.026611 0.000000 0.741201 0.000000 0.671283 1.000000 1.000000 1.000000
6344.328613 0.000000 3212.518066 0.000000 0.750746 0.000000 0.660590 1.000000 1.000000 1.000000
6432.741699 0.000000 3230.884033 0.000000 0.826016 0.000000 0.563646 1.000000 1.000000 1.000000
6426.652344 0.000000 3222.421143 0.000000 0.880673 0.000000 0.473724 1.000000 1.000000 1.000000
6464.229004 0.000000 3282.632324 0.000000 0.737714 0.000000 0.675113 1.000000 1.000000 1.000000
6479.090332 0.000000 3306.567627 0.000000 0.863369 0.000000 0.504573 1.000000 1.000000 1.000000
6449.391113 0.000000 3367.175049 0.000000 0.906653 0.000000 0.421878 1.000000 1.000000 1.000000
6643.315918 0.000000 3363.534180 0.000000 0.813091 0.000000 0.582137 1.000000 1.000000 1.000000
6893.742676 0.000000 3097.002197 0.000000 0.876061 0.000000 0.482201 1.000000 1.000000 1.000000
6890.026855 0.000000 3097.725586 0.000000 0.854381 0.000000 0.519647 1.000000 1.000000 1.000000
6821.007324 0.000000 3304.894775 0.000000 0.812224 0.000000 0.583346 1.000000 1.000000 1.000000
6226.358887 0.000000 3512.827148 0.000000 0.773117 0.000000 0.634263 1.000000 1.000000 1.000000
6228.990234 0.000000 3511.788330 0.000000 0.848419 0.000000 0.529326 1.000000 1.000000 1.000000
6246.072266 0.000000 3710.017334 0.000000 0.907377 0.000000 0.420318 1.000000 1.000000 1.000000
"}
object={
	name="tree_savanna_generator_1_3"
	render_pass=Map
	clamp_to_water_level=no
	generated_content=yes
	layer="tree_high_layer"
	pdxmesh="tree_acacia_04_mesh"
	count=749
	transform="3906.459717 0.000000 700.460815 0.000000 0.932134 0.000000 0.362114 1.000000 1.000000 1.000000
3908.741943 0.000000 681.743103 0.000000 0.979076 0.000000 0.203496 1.000000 1.000000 1.000000
3927.745117 0.000000 707.575684 0.000000 0.992970 0.000000 0.118367 1.000000 1.000000 1.000000
3902.014648 0.000000 732.619202 0.000000 0.946156 0.000000 0.323710 1.000000 1.000000 1.000000
3964.455566 0.000000 748.584717 0.000000 0.991990 0.000000 0.126317 1.000000 1.000000 1.000000
3958.291504 0.000000 755.205566 0.000000 0.921246 0.000000 0.388981 1.000000 1.000000 1.000000
3941.358398 0.000000 753.816345 0.000000 0.958951 0.000000 0.283570 1.000000 1.000000 1.000000
3927.187012 0.000000 723.872314 0.000000 0.997581 0.000000 0.069511 1.000000 1.000000 1.000000
3961.429688 0.000000 732.949768 0.000000 0.998663 0.000000 0.051699 1.000000 1.000000 1.000000
3811.415283 0.000000 887.575256 0.000000 0.930533 0.000000 0.366208 1.000000 1.000000 1.000000
3949.517578 0.000000 838.141968 0.000000 0.983073 0.000000 0.183214 1.000000 1.000000 1.000000
3986.726318 0.000000 784.077698 0.000000 0.984714 0.000000 0.174181 1.000000 1.000000 1.000000
3979.557373 0.000000 762.179443 0.000000 0.925864 0.000000 0.377856 1.000000 1.000000 1.000000
3981.680176 0.000000 792.108826 0.000000 0.996534 0.000000 0.083189 1.000000 1.000000 1.000000
3981.710205 0.000000 768.175537 0.000000 0.989204 0.000000 0.146544 1.000000 1.000000 1.000000
4011.392090 0.000000 791.681213 0.000000 0.953719 0.000000 0.300700 1.000000 1.000000 1.000000
4006.901855 0.000000 782.615417 0.000000 0.998619 0.000000 0.052540 1.000000 1.000000 1.000000
4048.107666 0.000000 773.000366 0.000000 0.968323 0.000000 0.249702 1.000000 1.000000 1.000000
3987.766602 0.000000 817.525208 0.000000 0.994968 0.000000 0.100195 1.000000 1.000000 1.000000
3971.285645 0.000000 805.864685 0.000000 0.981501 0.000000 0.191457 1.000000 1.000000 1.000000
3995.087891 0.000000 838.837463 0.000000 0.973621 0.000000 0.228173 1.000000 1.000000 1.000000
3994.352051 0.000000 834.427246 0.000000 0.997284 0.000000 0.073658 1.000000 1.000000 1.000000
3895.716553 0.000000 1028.278809 0.000000 0.998398 0.000000 0.056589 1.000000 1.000000 1.000000
4045.702393 0.000000 957.144287 0.000000 0.997945 0.000000 0.064081 1.000000 1.000000 1.000000
4065.738770 0.000000 1020.473083 0.000000 0.978928 0.000000 0.204205 1.000000 1.000000 1.000000
3950.089844 0.000000 1049.034668 0.000000 0.995698 0.000000 0.092660 1.000000 1.000000 1.000000
3879.573730 0.000000 1131.972046 0.000000 0.995635 0.000000 0.093329 1.000000 1.000000 1.000000
3863.982666 0.000000 1100.035400 0.000000 0.988366 0.000000 0.152091 1.000000 1.000000 1.000000
3951.183594 0.000000 1163.952393 0.000000 0.962582 0.000000 0.270991 1.000000 1.000000 1.000000
3955.499268 0.000000 1162.627197 0.000000 0.989061 0.000000 0.147510 1.000000 1.000000 1.000000
3922.734131 0.000000 1209.257446 0.000000 0.945609 0.000000 0.325305 1.000000 1.000000 1.000000
3937.278809 0.000000 1181.335449 0.000000 0.973709 0.000000 0.227795 1.000000 1.000000 1.000000
3939.896973 0.000000 1181.110352 0.000000 0.985485 0.000000 0.169762 1.000000 1.000000 1.000000
4015.906006 0.000000 1142.291870 0.000000 0.938969 0.000000 0.344002 1.000000 1.000000 1.000000
3987.346191 0.000000 1157.061035 0.000000 0.979881 0.000000 0.199584 1.000000 1.000000 1.000000
4059.775879 0.000000 1228.416992 0.000000 0.924042 0.000000 0.382290 1.000000 1.000000 1.000000
4062.495361 0.000000 1251.530396 0.000000 0.947000 0.000000 0.321233 1.000000 1.000000 1.000000
4085.640381 0.000000 1256.776611 0.000000 0.967457 0.000000 0.253035 1.000000 1.000000 1.000000
4034.719971 0.000000 1237.118164 0.000000 0.974298 0.000000 0.225263 1.000000 1.000000 1.000000
4082.051514 0.000000 1302.780396 0.000000 0.917920 0.000000 0.396766 1.000000 1.000000 1.000000
4092.873291 0.000000 1282.086548 0.000000 0.998005 0.000000 0.063138 1.000000 1.000000 1.000000
3813.775391 0.000000 1998.480835 0.000000 0.936512 0.000000 0.350636 1.000000 1.000000 1.000000
3916.056152 0.000000 2077.108154 0.000000 0.942142 0.000000 0.335213 1.000000 1.000000 1.000000
3801.312256 0.000000 2135.082520 0.000000 0.998279 0.000000 0.058646 1.000000 1.000000 1.000000
3770.444092 0.000000 2174.077881 0.000000 0.981427 0.000000 0.191836 1.000000 1.000000 1.000000
3811.415283 0.000000 2257.598877 0.000000 0.979989 0.000000 0.199052 1.000000 1.000000 1.000000
3865.241943 0.000000 2217.585449 0.000000 0.982705 0.000000 0.185177 1.000000 1.000000 1.000000
3966.184814 0.000000 2193.731689 0.000000 0.960552 0.000000 0.278101 1.000000 1.000000 1.000000
3905.017334 0.000000 2179.064941 0.000000 0.965525 0.000000 0.260311 1.000000 1.000000 1.000000
3921.656738 0.000000 2209.122803 0.000000 0.965266 0.000000 0.261269 1.000000 1.000000 1.000000
3866.702148 0.000000 2244.042236 0.000000 0.995897 0.000000 0.090498 1.000000 1.000000 1.000000
3839.534424 0.000000 2262.751953 0.000000 0.998885 0.000000 0.047202 1.000000 1.000000 1.000000
3883.036377 0.000000 2244.201172 0.000000 0.989901 0.000000 0.141760 1.000000 1.000000 1.000000
3903.822754 0.000000 2224.437256 0.000000 0.951075 0.000000 0.308961 1.000000 1.000000 1.000000
3935.267578 0.000000 2247.164795 0.000000 0.985602 0.000000 0.169080 1.000000 1.000000 1.000000
3936.060059 0.000000 2240.990234 0.000000 0.954501 0.000000 0.298207 1.000000 1.000000 1.000000
3440.820068 0.000000 2632.050537 0.000000 0.955821 0.000000 0.293949 1.000000 1.000000 1.000000
3464.778076 0.000000 2573.554443 0.000000 0.918750 0.000000 0.394840 1.000000 1.000000 1.000000
3536.170166 0.000000 2568.203613 0.000000 0.948413 0.000000 0.317039 1.000000 1.000000 1.000000
3538.792725 0.000000 2571.198975 0.000000 0.984943 0.000000 0.172881 1.000000 1.000000 1.000000
3571.635254 0.000000 2592.561523 0.000000 0.984040 0.000000 0.177950 1.000000 1.000000 1.000000
3552.438721 0.000000 2593.831299 0.000000 0.930426 0.000000 0.366481 1.000000 1.000000 1.000000
3541.332275 0.000000 2571.353271 0.000000 0.987240 0.000000 0.159240 1.000000 1.000000 1.000000
3516.956299 0.000000 2598.523193 0.000000 0.934396 0.000000 0.356236 1.000000 1.000000 1.000000
3513.925293 0.000000 2601.959961 0.000000 0.980473 0.000000 0.196656 1.000000 1.000000 1.000000
3503.216553 0.000000 2609.723389 0.000000 0.917134 0.000000 0.398578 1.000000 1.000000 1.000000
3455.661621 0.000000 2618.429199 0.000000 0.971111 0.000000 0.238627 1.000000 1.000000 1.000000
3694.132812 0.000000 2341.127197 0.000000 0.958276 0.000000 0.285844 1.000000 1.000000 1.000000
3633.805664 0.000000 2406.146240 0.000000 0.987255 0.000000 0.159144 1.000000 1.000000 1.000000
3706.780518 0.000000 2375.307861 0.000000 0.997955 0.000000 0.063920 1.000000 1.000000 1.000000
3644.538574 0.000000 2420.208496 0.000000 0.967608 0.000000 0.252456 1.000000 1.000000 1.000000
3615.086914 0.000000 2444.088867 0.000000 0.986020 0.000000 0.166627 1.000000 1.000000 1.000000
3615.266113 0.000000 2445.776367 0.000000 0.968059 0.000000 0.250724 1.000000 1.000000 1.000000
3634.661621 0.000000 2428.918701 0.000000 0.950234 0.000000 0.311538 1.000000 1.000000 1.000000
3654.004883 0.000000 2409.595947 0.000000 0.921644 0.000000 0.388036 1.000000 1.000000 1.000000
3648.542236 0.000000 2417.436035 0.000000 0.939629 0.000000 0.342194 1.000000 1.000000 1.000000
3663.173340 0.000000 2449.423584 0.000000 0.973023 0.000000 0.230710 1.000000 1.000000 1.000000
3682.069092 0.000000 2453.080078 0.000000 0.963858 0.000000 0.266416 1.000000 1.000000 1.000000
3722.358643 0.000000 2398.996338 0.000000 0.968295 0.000000 0.249810 1.000000 1.000000 1.000000
3744.037598 0.000000 2376.870117 0.000000 0.971309 0.000000 0.237822 1.000000 1.000000 1.000000
3740.783936 0.000000 2394.937256 0.000000 0.987947 0.000000 0.154792 1.000000 1.000000 1.000000
3956.856689 0.000000 2358.937988 0.000000 0.983001 0.000000 0.183598 1.000000 1.000000 1.000000
3658.369385 0.000000 2464.980225 0.000000 0.991656 0.000000 0.128911 1.000000 1.000000 1.000000
3692.735840 0.000000 2518.053955 0.000000 0.989378 0.000000 0.145363 1.000000 1.000000 1.000000
3677.230469 0.000000 2513.675537 0.000000 0.912758 0.000000 0.408502 1.000000 1.000000 1.000000
3681.490967 0.000000 2549.324463 0.000000 0.996978 0.000000 0.077680 1.000000 1.000000 1.000000
3700.434570 0.000000 2504.377197 0.000000 0.995594 0.000000 0.093765 1.000000 1.000000 1.000000
3728.146729 0.000000 2473.719238 0.000000 0.980730 0.000000 0.195369 1.000000 1.000000 1.000000
3741.222656 0.000000 2466.433350 0.000000 0.927163 0.000000 0.374658 1.000000 1.000000 1.000000
3752.978027 0.000000 2547.413086 0.000000 0.997411 0.000000 0.071915 1.000000 1.000000 1.000000
3737.314697 0.000000 2509.398438 0.000000 0.967486 0.000000 0.252923 1.000000 1.000000 1.000000
3734.494629 0.000000 2509.098877 0.000000 0.952325 0.000000 0.305086 1.000000 1.000000 1.000000
3726.153076 0.000000 2545.933594 0.000000 0.960459 0.000000 0.278420 1.000000 1.000000 1.000000
3604.937012 0.000000 2589.151611 0.000000 0.972422 0.000000 0.233228 1.000000 1.000000 1.000000
3616.653564 0.000000 2588.371094 0.000000 0.994131 0.000000 0.108184 1.000000 1.000000 1.000000
3664.154541 0.000000 2568.203613 0.000000 0.976703 0.000000 0.214595 1.000000 1.000000 1.000000
3824.834229 0.000000 2590.131592 0.000000 0.965499 0.000000 0.260409 1.000000 1.000000 1.000000
3837.613525 0.000000 2602.478760 0.000000 0.949447 0.000000 0.313927 1.000000 1.000000 1.000000
3838.757568 0.000000 2600.178711 0.000000 0.918274 0.000000 0.395946 1.000000 1.000000 1.000000
3840.729248 0.000000 2598.028809 0.000000 0.953050 0.000000 0.302814 1.000000 1.000000 1.000000
3409.122803 0.000000 2657.350342 0.000000 0.979552 0.000000 0.201191 1.000000 1.000000 1.000000
3449.933105 0.000000 2649.202148 0.000000 0.949623 0.000000 0.313394 1.000000 1.000000 1.000000
3414.901123 0.000000 2671.084717 0.000000 0.997459 0.000000 0.071246 1.000000 1.000000 1.000000
3421.038330 0.000000 2670.984375 0.000000 0.943781 0.000000 0.330573 1.000000 1.000000 1.000000
3423.900879 0.000000 2697.286133 0.000000 0.989194 0.000000 0.146615 1.000000 1.000000 1.000000
3412.022461 0.000000 2696.689941 0.000000 0.977818 0.000000 0.209457 1.000000 1.000000 1.000000
3431.896240 0.000000 2694.627686 0.000000 0.995781 0.000000 0.091761 1.000000 1.000000 1.000000
3422.616943 0.000000 2695.668213 0.000000 0.982000 0.000000 0.188882 1.000000 1.000000 1.000000
3455.581299 0.000000 2735.173828 0.000000 0.935754 0.000000 0.352654 1.000000 1.000000 1.000000
3455.358643 0.000000 2752.373535 0.000000 0.987197 0.000000 0.159508 1.000000 1.000000 1.000000
3453.660400 0.000000 2744.205322 0.000000 0.999146 0.000000 0.041317 1.000000 1.000000 1.000000
3455.581299 0.000000 2782.416016 0.000000 0.970100 0.000000 0.242705 1.000000 1.000000 1.000000
3455.877441 0.000000 2753.660156 0.000000 0.989739 0.000000 0.142885 1.000000 1.000000 1.000000
3457.938721 0.000000 2755.453369 0.000000 0.912779 0.000000 0.408454 1.000000 1.000000 1.000000
3457.271484 0.000000 2784.425781 0.000000 0.959321 0.000000 0.282317 1.000000 1.000000 1.000000
3470.184326 0.000000 2782.144531 0.000000 0.988110 0.000000 0.153751 1.000000 1.000000 1.000000
3458.796631 0.000000 2784.131836 0.000000 0.984834 0.000000 0.173500 1.000000 1.000000 1.000000
3485.253906 0.000000 2797.128662 0.000000 0.999107 0.000000 0.042245 1.000000 1.000000 1.000000
3489.960449 0.000000 2821.361816 0.000000 0.984339 0.000000 0.176284 1.000000 1.000000 1.000000
3483.830322 0.000000 2800.970703 0.000000 0.927939 0.000000 0.372732 1.000000 1.000000 1.000000
3485.420410 0.000000 2803.884277 0.000000 0.965698 0.000000 0.259669 1.000000 1.000000 1.000000
3487.102539 0.000000 2822.026367 0.000000 0.994736 0.000000 0.102466 1.000000 1.000000 1.000000
3467.424805 0.000000 2791.034180 0.000000 0.928475 0.000000 0.371394 1.000000 1.000000 1.000000
3519.869629 0.000000 2791.343506 0.000000 0.958429 0.000000 0.285333 1.000000 1.000000 1.000000
3503.942139 0.000000 2838.725586 0.000000 0.938165 0.000000 0.346189 1.000000 1.000000 1.000000
3538.781006 0.000000 2862.734131 0.000000 0.998165 0.000000 0.060548 1.000000 1.000000 1.000000
3534.366699 0.000000 2843.817627 0.000000 0.942120 0.000000 0.335275 1.000000 1.000000 1.000000
3533.734863 0.000000 2870.765381 0.000000 0.932879 0.000000 0.360189 1.000000 1.000000 1.000000
3560.450928 0.000000 2850.474609 0.000000 0.990210 0.000000 0.139584 1.000000 1.000000 1.000000
3535.751465 0.000000 2862.904297 0.000000 0.932707 0.000000 0.360634 1.000000 1.000000 1.000000
3546.406738 0.000000 2865.841553 0.000000 0.954488 0.000000 0.298251 1.000000 1.000000 1.000000
3543.167236 0.000000 2862.731934 0.000000 0.928759 0.000000 0.370685 1.000000 1.000000 1.000000
3550.580322 0.000000 2882.555176 0.000000 0.995879 0.000000 0.090689 1.000000 1.000000 1.000000
3555.943848 0.000000 2929.071289 0.000000 0.989337 0.000000 0.145646 1.000000 1.000000 1.000000
3749.992676 0.000000 2667.370361 0.000000 0.998248 0.000000 0.059175 1.000000 1.000000 1.000000
3592.697754 0.000000 2896.495605 0.000000 0.918659 0.000000 0.395053 1.000000 1.000000 1.000000
4109.694824 0.000000 673.691162 0.000000 0.944138 0.000000 0.329549 1.000000 1.000000 1.000000
4142.003418 0.000000 801.164978 0.000000 0.919616 0.000000 0.392820 1.000000 1.000000 1.000000
4109.441895 0.000000 807.046387 0.000000 0.993724 0.000000 0.111861 1.000000 1.000000 1.000000
4156.412109 0.000000 845.129700 0.000000 0.945210 0.000000 0.326464 1.000000 1.000000 1.000000
4228.863770 0.000000 793.031555 0.000000 0.996001 0.000000 0.089338 1.000000 1.000000 1.000000
4121.356934 0.000000 897.703369 0.000000 0.989347 0.000000 0.145579 1.000000 1.000000 1.000000
4196.249023 0.000000 920.065796 0.000000 0.955387 0.000000 0.295357 1.000000 1.000000 1.000000
4223.784180 0.000000 901.655823 0.000000 0.974279 0.000000 0.225345 1.000000 1.000000 1.000000
4099.270020 0.000000 947.591248 0.000000 0.920684 0.000000 0.390310 1.000000 1.000000 1.000000
4095.507080 0.000000 983.547668 0.000000 0.966713 0.000000 0.255864 1.000000 1.000000 1.000000
4166.038086 0.000000 950.374939 0.000000 0.994663 0.000000 0.103177 1.000000 1.000000 1.000000
4167.951172 0.000000 953.381592 0.000000 0.952730 0.000000 0.303817 1.000000 1.000000 1.000000
4152.538086 0.000000 1004.659302 0.000000 0.962539 0.000000 0.271144 1.000000 1.000000 1.000000
4236.022461 0.000000 1020.259216 0.000000 0.958423 0.000000 0.285353 1.000000 1.000000 1.000000
4236.165039 0.000000 1023.749817 0.000000 0.995425 0.000000 0.095549 1.000000 1.000000 1.000000
4126.093750 0.000000 1052.545410 0.000000 0.928481 0.000000 0.371381 1.000000 1.000000 1.000000
4275.986816 0.000000 1074.126465 0.000000 0.992151 0.000000 0.125049 1.000000 1.000000 1.000000
4274.099121 0.000000 1074.172119 0.000000 0.982499 0.000000 0.186268 1.000000 1.000000 1.000000
4791.792969 0.000000 850.475525 0.000000 0.970496 0.000000 0.241115 1.000000 1.000000 1.000000
4843.576172 0.000000 903.318604 0.000000 0.992717 0.000000 0.120471 1.000000 1.000000 1.000000
5060.601562 0.000000 776.227478 0.000000 0.943970 0.000000 0.330031 1.000000 1.000000 1.000000
4116.466309 0.000000 1224.651001 0.000000 0.989521 0.000000 0.144392 1.000000 1.000000 1.000000
4112.099609 0.000000 1198.180054 0.000000 0.998941 0.000000 0.046008 1.000000 1.000000 1.000000
4126.305664 0.000000 1214.249634 0.000000 0.969095 0.000000 0.246689 1.000000 1.000000 1.000000
4124.736816 0.000000 1261.124634 0.000000 0.999134 0.000000 0.041605 1.000000 1.000000 1.000000
4121.267578 0.000000 1281.101440 0.000000 0.938716 0.000000 0.344691 1.000000 1.000000 1.000000
4137.146484 0.000000 1288.488037 0.000000 0.959758 0.000000 0.280829 1.000000 1.000000 1.000000
4096.559570 0.000000 1311.847534 0.000000 0.996114 0.000000 0.088075 1.000000 1.000000 1.000000
4105.615234 0.000000 1314.787720 0.000000 0.966191 0.000000 0.257829 1.000000 1.000000 1.000000
4123.477051 0.000000 1283.680298 0.000000 0.998507 0.000000 0.054616 1.000000 1.000000 1.000000
4123.134277 0.000000 1280.381104 0.000000 0.983250 0.000000 0.182259 1.000000 1.000000 1.000000
4125.858887 0.000000 1286.979492 0.000000 0.986591 0.000000 0.163211 1.000000 1.000000 1.000000
4110.858398 0.000000 1275.655029 0.000000 0.924633 0.000000 0.380858 1.000000 1.000000 1.000000
4105.241699 0.000000 1313.387207 0.000000 0.982773 0.000000 0.184817 1.000000 1.000000 1.000000
5042.308105 0.000000 1219.506592 0.000000 0.988179 0.000000 0.153302 1.000000 1.000000 1.000000
5032.821777 0.000000 1271.873901 0.000000 0.999095 0.000000 0.042540 1.000000 1.000000 1.000000
5042.627930 0.000000 1265.192383 0.000000 0.989360 0.000000 0.145490 1.000000 1.000000 1.000000
5118.280762 0.000000 1329.480469 0.000000 0.996869 0.000000 0.079077 1.000000 1.000000 1.000000
5229.035156 0.000000 945.716553 0.000000 0.989521 0.000000 0.144388 1.000000 1.000000 1.000000
5235.432617 0.000000 986.326965 0.000000 0.938752 0.000000 0.344593 1.000000 1.000000 1.000000
5282.776855 0.000000 960.898560 0.000000 0.958544 0.000000 0.284943 1.000000 1.000000 1.000000
5334.208008 0.000000 980.190674 0.000000 0.922120 0.000000 0.386904 1.000000 1.000000 1.000000
5328.417969 0.000000 1030.447388 0.000000 0.968538 0.000000 0.248866 1.000000 1.000000 1.000000
5374.114746 0.000000 1003.037048 0.000000 0.996936 0.000000 0.078227 1.000000 1.000000 1.000000
5238.277344 0.000000 1098.523926 0.000000 0.998381 0.000000 0.056878 1.000000 1.000000 1.000000
5248.638672 0.000000 1057.162964 0.000000 0.986287 0.000000 0.165040 1.000000 1.000000 1.000000
5254.673340 0.000000 1078.942627 0.000000 0.998318 0.000000 0.057983 1.000000 1.000000 1.000000
5251.457520 0.000000 1061.714355 0.000000 0.943759 0.000000 0.330635 1.000000 1.000000 1.000000
5372.283691 0.000000 1079.280151 0.000000 0.952574 0.000000 0.304306 1.000000 1.000000 1.000000
5372.327637 0.000000 1050.184937 0.000000 0.969934 0.000000 0.243369 1.000000 1.000000 1.000000
5370.870117 0.000000 1077.708130 0.000000 0.973863 0.000000 0.227137 1.000000 1.000000 1.000000
5350.107910 0.000000 1070.113037 0.000000 0.964061 0.000000 0.265682 1.000000 1.000000 1.000000
5250.295898 0.000000 1125.640625 0.000000 0.976503 0.000000 0.215503 1.000000 1.000000 1.000000
5348.809082 0.000000 1103.042847 0.000000 0.940213 0.000000 0.340586 1.000000 1.000000 1.000000
5392.451172 0.000000 987.305481 0.000000 0.981091 0.000000 0.193548 1.000000 1.000000 1.000000
5439.705078 0.000000 975.201111 0.000000 0.968012 0.000000 0.250902 1.000000 1.000000 1.000000
5384.697266 0.000000 1019.032959 0.000000 0.919278 0.000000 0.393610 1.000000 1.000000 1.000000
5387.881836 0.000000 1020.259216 0.000000 0.998037 0.000000 0.062633 1.000000 1.000000 1.000000
5389.896973 0.000000 998.725281 0.000000 0.993865 0.000000 0.110601 1.000000 1.000000 1.000000
5405.729492 0.000000 996.660950 0.000000 0.995665 0.000000 0.093010 1.000000 1.000000 1.000000
5419.360840 0.000000 1031.449585 0.000000 0.991278 0.000000 0.131791 1.000000 1.000000 1.000000
5467.604004 0.000000 992.205994 0.000000 0.971116 0.000000 0.238608 1.000000 1.000000 1.000000
5481.991699 0.000000 1022.555359 0.000000 0.939721 0.000000 0.341943 1.000000 1.000000 1.000000
5497.904785 0.000000 1011.211487 0.000000 0.982010 0.000000 0.188830 1.000000 1.000000 1.000000
5440.534180 0.000000 1086.278564 0.000000 0.991126 0.000000 0.132927 1.000000 1.000000 1.000000
5465.550781 0.000000 1056.735474 0.000000 0.993891 0.000000 0.110366 1.000000 1.000000 1.000000
5448.689453 0.000000 1066.275146 0.000000 0.966828 0.000000 0.255428 1.000000 1.000000 1.000000
5119.411621 0.000000 1205.922363 0.000000 0.989736 0.000000 0.142910 1.000000 1.000000 1.000000
5126.487305 0.000000 1231.198242 0.000000 0.964239 0.000000 0.265035 1.000000 1.000000 1.000000
5120.434570 0.000000 1311.847534 0.000000 0.939014 0.000000 0.343879 1.000000 1.000000 1.000000
5171.950684 0.000000 1300.985107 0.000000 0.954887 0.000000 0.296969 1.000000 1.000000 1.000000
5123.034180 0.000000 1329.324707 0.000000 0.996945 0.000000 0.078111 1.000000 1.000000 1.000000
5123.473145 0.000000 1345.167480 0.000000 0.932104 0.000000 0.362190 1.000000 1.000000 1.000000
4474.518066 0.000000 1699.354492 0.000000 0.927110 0.000000 0.374789 1.000000 1.000000 1.000000
4449.248047 0.000000 1693.478760 0.000000 0.936879 0.000000 0.349653 1.000000 1.000000 1.000000
4346.230957 0.000000 1864.329956 0.000000 0.919285 0.000000 0.393591 1.000000 1.000000 1.000000
4346.045410 0.000000 1861.570923 0.000000 0.935223 0.000000 0.354060 1.000000 1.000000 1.000000
4421.911133 0.000000 1700.962891 0.000000 0.987780 0.000000 0.155854 1.000000 1.000000 1.000000
4381.145020 0.000000 1757.800415 0.000000 0.965813 0.000000 0.259242 1.000000 1.000000 1.000000
4524.634766 0.000000 1714.936646 0.000000 0.995563 0.000000 0.094093 1.000000 1.000000 1.000000
4515.342773 0.000000 1743.248657 0.000000 0.919848 0.000000 0.392275 1.000000 1.000000 1.000000
4520.692383 0.000000 1732.829834 0.000000 0.998237 0.000000 0.059353 1.000000 1.000000 1.000000
4514.111328 0.000000 1720.703735 0.000000 0.986044 0.000000 0.166487 1.000000 1.000000 1.000000
4490.894043 0.000000 1758.662231 0.000000 0.963674 0.000000 0.267082 1.000000 1.000000 1.000000
4534.575684 0.000000 1773.057983 0.000000 0.998660 0.000000 0.051758 1.000000 1.000000 1.000000
4540.687012 0.000000 1765.558594 0.000000 0.929124 0.000000 0.369768 1.000000 1.000000 1.000000
4485.999023 0.000000 1753.492188 0.000000 0.983293 0.000000 0.182030 1.000000 1.000000 1.000000
4483.223633 0.000000 1750.708496 0.000000 0.994012 0.000000 0.109271 1.000000 1.000000 1.000000
4496.324219 0.000000 1773.413574 0.000000 0.931177 0.000000 0.364567 1.000000 1.000000 1.000000
4599.740723 0.000000 1779.426392 0.000000 0.957438 0.000000 0.288641 1.000000 1.000000 1.000000
4589.948730 0.000000 1793.250977 0.000000 0.994250 0.000000 0.107084 1.000000 1.000000 1.000000
4397.972168 0.000000 1840.493164 0.000000 0.969941 0.000000 0.243339 1.000000 1.000000 1.000000
4393.577148 0.000000 1841.893677 0.000000 0.920095 0.000000 0.391695 1.000000 1.000000 1.000000
4453.907227 0.000000 1817.010742 0.000000 0.998227 0.000000 0.059528 1.000000 1.000000 1.000000
4457.569336 0.000000 1841.893677 0.000000 0.976963 0.000000 0.213407 1.000000 1.000000 1.000000
4475.608398 0.000000 1818.961792 0.000000 0.992675 0.000000 0.120816 1.000000 1.000000 1.000000
4397.136719 0.000000 1843.318115 0.000000 0.991702 0.000000 0.128556 1.000000 1.000000 1.000000
4393.989746 0.000000 1876.548340 0.000000 0.985970 0.000000 0.166924 1.000000 1.000000 1.000000
4382.456543 0.000000 1865.678833 0.000000 0.982426 0.000000 0.186653 1.000000 1.000000 1.000000
4402.731934 0.000000 1848.369141 0.000000 0.933819 0.000000 0.357746 1.000000 1.000000 1.000000
4402.252930 0.000000 1858.335205 0.000000 0.990798 0.000000 0.135352 1.000000 1.000000 1.000000
4423.317383 0.000000 1873.429810 0.000000 0.983278 0.000000 0.182111 1.000000 1.000000 1.000000
4464.238281 0.000000 1865.622314 0.000000 0.986834 0.000000 0.161736 1.000000 1.000000 1.000000
4513.905762 0.000000 1817.150879 0.000000 0.934766 0.000000 0.355265 1.000000 1.000000 1.000000
4523.615234 0.000000 1800.920288 0.000000 0.919698 0.000000 0.392626 1.000000 1.000000 1.000000
4538.679199 0.000000 1808.401489 0.000000 0.965152 0.000000 0.261690 1.000000 1.000000 1.000000
4509.295410 0.000000 1811.798096 0.000000 0.988164 0.000000 0.153399 1.000000 1.000000 1.000000
4493.074219 0.000000 1812.585693 0.000000 0.992283 0.000000 0.123993 1.000000 1.000000 1.000000
4511.382812 0.000000 1812.119141 0.000000 0.993071 0.000000 0.117512 1.000000 1.000000 1.000000
4533.145996 0.000000 1815.399048 0.000000 0.941902 0.000000 0.335887 1.000000 1.000000 1.000000
4530.025391 0.000000 1812.396851 0.000000 0.984393 0.000000 0.175983 1.000000 1.000000 1.000000
4564.411621 0.000000 1838.799438 0.000000 0.923706 0.000000 0.383102 1.000000 1.000000 1.000000
4569.123047 0.000000 1833.723999 0.000000 0.935035 0.000000 0.354555 1.000000 1.000000 1.000000
4598.213379 0.000000 1841.776001 0.000000 0.988898 0.000000 0.148597 1.000000 1.000000 1.000000
4567.666992 0.000000 1841.388184 0.000000 0.991168 0.000000 0.132612 1.000000 1.000000 1.000000
4606.343262 0.000000 1801.902344 0.000000 0.972567 0.000000 0.232623 1.000000 1.000000 1.000000
4571.215820 0.000000 1811.070801 0.000000 0.993412 0.000000 0.114599 1.000000 1.000000 1.000000
4535.824219 0.000000 1842.561523 0.000000 0.949034 0.000000 0.315174 1.000000 1.000000 1.000000
4572.682617 0.000000 1875.273071 0.000000 0.997676 0.000000 0.068142 1.000000 1.000000 1.000000
4561.330566 0.000000 1846.347168 0.000000 0.954057 0.000000 0.299626 1.000000 1.000000 1.000000
4660.155273 0.000000 1666.800903 0.000000 0.965557 0.000000 0.260191 1.000000 1.000000 1.000000
4734.859375 0.000000 1692.170898 0.000000 0.964997 0.000000 0.262262 1.000000 1.000000 1.000000
4673.932129 0.000000 1684.598755 0.000000 0.992193 0.000000 0.124713 1.000000 1.000000 1.000000
4787.487305 0.000000 1647.717651 0.000000 0.991108 0.000000 0.133064 1.000000 1.000000 1.000000
4828.651367 0.000000 1639.062134 0.000000 0.964532 0.000000 0.263966 1.000000 1.000000 1.000000
4847.356934 0.000000 1621.933594 0.000000 0.998941 0.000000 0.046010 1.000000 1.000000 1.000000
4862.632812 0.000000 1608.092529 0.000000 0.948557 0.000000 0.316605 1.000000 1.000000 1.000000
4748.751465 0.000000 1693.339966 0.000000 0.980321 0.000000 0.197412 1.000000 1.000000 1.000000
4804.632812 0.000000 1673.829102 0.000000 0.978462 0.000000 0.206426 1.000000 1.000000 1.000000
4846.062988 0.000000 1668.295410 0.000000 0.994604 0.000000 0.103742 1.000000 1.000000 1.000000
4888.704590 0.000000 1639.902344 0.000000 0.992471 0.000000 0.122477 1.000000 1.000000 1.000000
4909.909668 0.000000 1651.524414 0.000000 0.987463 0.000000 0.157854 1.000000 1.000000 1.000000
4864.681152 0.000000 1639.399780 0.000000 0.968346 0.000000 0.249611 1.000000 1.000000 1.000000
4924.513672 0.000000 1643.271729 0.000000 0.984883 0.000000 0.173222 1.000000 1.000000 1.000000
4965.247559 0.000000 1614.451904 0.000000 0.925161 0.000000 0.379575 1.000000 1.000000 1.000000
4930.479980 0.000000 1630.895386 0.000000 0.982422 0.000000 0.186675 1.000000 1.000000 1.000000
4931.616699 0.000000 1632.797363 0.000000 0.942525 0.000000 0.334136 1.000000 1.000000 1.000000
4863.775391 0.000000 1683.833984 0.000000 0.990693 0.000000 0.136112 1.000000 1.000000 1.000000
4884.601562 0.000000 1686.351318 0.000000 0.970831 0.000000 0.239766 1.000000 1.000000 1.000000
4866.342773 0.000000 1692.546875 0.000000 0.997835 0.000000 0.065765 1.000000 1.000000 1.000000
4870.227051 0.000000 1697.238403 0.000000 0.935318 0.000000 0.353807 1.000000 1.000000 1.000000
4926.926758 0.000000 1688.727905 0.000000 0.989665 0.000000 0.143400 1.000000 1.000000 1.000000
4919.701660 0.000000 1684.942017 0.000000 0.997404 0.000000 0.072006 1.000000 1.000000 1.000000
4887.627930 0.000000 1699.661621 0.000000 0.983147 0.000000 0.182819 1.000000 1.000000 1.000000
4890.978516 0.000000 1689.196899 0.000000 0.988181 0.000000 0.153294 1.000000 1.000000 1.000000
4868.210938 0.000000 1684.968872 0.000000 0.931572 0.000000 0.363556 1.000000 1.000000 1.000000
4886.690918 0.000000 1686.776611 0.000000 0.968308 0.000000 0.249757 1.000000 1.000000 1.000000
4972.533691 0.000000 1685.659058 0.000000 0.956295 0.000000 0.292404 1.000000 1.000000 1.000000
4996.609375 0.000000 1673.829102 0.000000 0.954128 0.000000 0.299400 1.000000 1.000000 1.000000
5029.618652 0.000000 1693.928589 0.000000 0.937084 0.000000 0.349104 1.000000 1.000000 1.000000
5049.226074 0.000000 1669.882568 0.000000 0.913156 0.000000 0.407610 1.000000 1.000000 1.000000
5042.653809 0.000000 1659.400391 0.000000 0.970727 0.000000 0.240185 1.000000 1.000000 1.000000
5018.380859 0.000000 1680.009033 0.000000 0.936229 0.000000 0.351390 1.000000 1.000000 1.000000
5021.682617 0.000000 1697.262573 0.000000 0.957161 0.000000 0.289555 1.000000 1.000000 1.000000
5015.710938 0.000000 1688.311157 0.000000 0.945848 0.000000 0.324611 1.000000 1.000000 1.000000
5057.885254 0.000000 1684.598755 0.000000 0.996992 0.000000 0.077508 1.000000 1.000000 1.000000
4655.801758 0.000000 1704.912842 0.000000 0.987840 0.000000 0.155471 1.000000 1.000000 1.000000
4682.774414 0.000000 1718.771484 0.000000 0.943712 0.000000 0.330768 1.000000 1.000000 1.000000
4618.683594 0.000000 1781.111938 0.000000 0.936511 0.000000 0.350639 1.000000 1.000000 1.000000
4652.558594 0.000000 1777.009644 0.000000 0.985681 0.000000 0.168623 1.000000 1.000000 1.000000
4740.640625 0.000000 1721.071289 0.000000 0.977229 0.000000 0.212187 1.000000 1.000000 1.000000
4851.989746 0.000000 1726.164795 0.000000 0.928270 0.000000 0.371906 1.000000 1.000000 1.000000
4857.530762 0.000000 1707.264526 0.000000 0.996208 0.000000 0.086998 1.000000 1.000000 1.000000
4781.291016 0.000000 1788.481445 0.000000 0.969079 0.000000 0.246750 1.000000 1.000000 1.000000
4649.545898 0.000000 1841.893677 0.000000 0.977287 0.000000 0.211922 1.000000 1.000000 1.000000
4660.770996 0.000000 1839.273804 0.000000 0.987655 0.000000 0.156644 1.000000 1.000000 1.000000
4639.800293 0.000000 1850.540771 0.000000 0.998143 0.000000 0.060911 1.000000 1.000000 1.000000
4631.896973 0.000000 1846.253540 0.000000 0.971011 0.000000 0.239034 1.000000 1.000000 1.000000
4636.928711 0.000000 1851.152344 0.000000 0.944027 0.000000 0.329869 1.000000 1.000000 1.000000
4678.743652 0.000000 1882.059814 0.000000 0.964339 0.000000 0.264668 1.000000 1.000000 1.000000
4809.520996 0.000000 1836.980957 0.000000 0.964922 0.000000 0.262535 1.000000 1.000000 1.000000
4783.082031 0.000000 1872.585205 0.000000 0.940263 0.000000 0.340448 1.000000 1.000000 1.000000
4759.085449 0.000000 1857.684814 0.000000 0.923471 0.000000 0.383669 1.000000 1.000000 1.000000
4783.716797 0.000000 1870.305420 0.000000 0.992530 0.000000 0.122005 1.000000 1.000000 1.000000
4857.328125 0.000000 1852.396729 0.000000 0.999101 0.000000 0.042390 1.000000 1.000000 1.000000
4863.706055 0.000000 1704.773071 0.000000 0.990525 0.000000 0.137329 1.000000 1.000000 1.000000
4900.438477 0.000000 1719.119263 0.000000 0.982035 0.000000 0.188699 1.000000 1.000000 1.000000
4988.330566 0.000000 1740.670776 0.000000 0.934015 0.000000 0.357234 1.000000 1.000000 1.000000
4985.093262 0.000000 1739.865723 0.000000 0.994442 0.000000 0.105288 1.000000 1.000000 1.000000
4914.928711 0.000000 1778.899414 0.000000 0.919912 0.000000 0.392126 1.000000 1.000000 1.000000
4916.854004 0.000000 1763.658081 0.000000 0.943344 0.000000 0.331816 1.000000 1.000000 1.000000
5002.202637 0.000000 1737.605469 0.000000 0.996308 0.000000 0.085855 1.000000 1.000000 1.000000
5043.511230 0.000000 1710.057617 0.000000 0.987429 0.000000 0.158066 1.000000 1.000000 1.000000
5101.050781 0.000000 1701.591553 0.000000 0.981473 0.000000 0.191603 1.000000 1.000000 1.000000
5109.029297 0.000000 1703.990112 0.000000 0.996688 0.000000 0.081324 1.000000 1.000000 1.000000
5096.999512 0.000000 1737.230347 0.000000 0.996991 0.000000 0.077522 1.000000 1.000000 1.000000
5107.584473 0.000000 1747.028687 0.000000 0.995144 0.000000 0.098432 1.000000 1.000000 1.000000
5014.666992 0.000000 1759.826416 0.000000 0.993618 0.000000 0.112801 1.000000 1.000000 1.000000
4913.133789 0.000000 1831.557617 0.000000 0.934922 0.000000 0.354854 1.000000 1.000000 1.000000
4942.178223 0.000000 1826.476196 0.000000 0.992130 0.000000 0.125209 1.000000 1.000000 1.000000
4931.622559 0.000000 1823.936646 0.000000 0.994971 0.000000 0.100161 1.000000 1.000000 1.000000
4949.659180 0.000000 1809.265381 0.000000 0.981846 0.000000 0.189680 1.000000 1.000000 1.000000
4928.673340 0.000000 1875.610718 0.000000 0.999020 0.000000 0.044272 1.000000 1.000000 1.000000
4954.764160 0.000000 1883.429077 0.000000 0.984182 0.000000 0.177161 1.000000 1.000000 1.000000
5051.063477 0.000000 1829.527710 0.000000 0.976800 0.000000 0.214153 1.000000 1.000000 1.000000
5055.682617 0.000000 1808.816284 0.000000 0.998124 0.000000 0.061225 1.000000 1.000000 1.000000
4347.647461 0.000000 1942.460571 0.000000 0.970781 0.000000 0.239966 1.000000 1.000000 1.000000
4352.743652 0.000000 1922.852905 0.000000 0.962561 0.000000 0.271065 1.000000 1.000000 1.000000
4421.141602 0.000000 1914.498535 0.000000 0.993998 0.000000 0.109401 1.000000 1.000000 1.000000
4414.130371 0.000000 2052.004883 0.000000 0.921001 0.000000 0.389559 1.000000 1.000000 1.000000
4382.408691 0.000000 2077.403564 0.000000 0.987432 0.000000 0.158044 1.000000 1.000000 1.000000
4378.149414 0.000000 2077.833008 0.000000 0.913686 0.000000 0.406421 1.000000 1.000000 1.000000
4382.513184 0.000000 2076.261963 0.000000 0.938722 0.000000 0.344674 1.000000 1.000000 1.000000
4465.704590 0.000000 2075.450684 0.000000 0.996948 0.000000 0.078070 1.000000 1.000000 1.000000
4253.160645 0.000000 2135.738037 0.000000 0.963930 0.000000 0.266155 1.000000 1.000000 1.000000
4251.461914 0.000000 2134.039795 0.000000 0.955015 0.000000 0.296556 1.000000 1.000000 1.000000
4252.361328 0.000000 2130.245605 0.000000 0.996000 0.000000 0.089353 1.000000 1.000000 1.000000
4252.992676 0.000000 2131.043701 0.000000 0.981799 0.000000 0.189923 1.000000 1.000000 1.000000
4288.674805 0.000000 2172.849121 0.000000 0.938442 0.000000 0.345436 1.000000 1.000000 1.000000
4312.406250 0.000000 2168.202637 0.000000 0.978133 0.000000 0.207981 1.000000 1.000000 1.000000
4291.117676 0.000000 2168.291260 0.000000 0.963880 0.000000 0.266336 1.000000 1.000000 1.000000
4264.882812 0.000000 2192.150146 0.000000 0.996054 0.000000 0.088747 1.000000 1.000000 1.000000
4281.832031 0.000000 2176.780273 0.000000 0.987085 0.000000 0.160197 1.000000 1.000000 1.000000
4329.123047 0.000000 2186.089844 0.000000 0.997161 0.000000 0.075298 1.000000 1.000000 1.000000
4382.479004 0.000000 2079.437988 0.000000 0.935565 0.000000 0.353154 1.000000 1.000000 1.000000
4389.075684 0.000000 2082.357910 0.000000 0.938227 0.000000 0.346019 1.000000 1.000000 1.000000
4391.812500 0.000000 2083.252686 0.000000 0.995620 0.000000 0.093490 1.000000 1.000000 1.000000
4440.403320 0.000000 2105.554443 0.000000 0.997851 0.000000 0.065523 1.000000 1.000000 1.000000
4444.400391 0.000000 2119.711182 0.000000 0.997873 0.000000 0.065186 1.000000 1.000000 1.000000
4454.641113 0.000000 2143.431152 0.000000 0.978665 0.000000 0.205464 1.000000 1.000000 1.000000
4483.491699 0.000000 2112.902832 0.000000 0.920655 0.000000 0.390378 1.000000 1.000000 1.000000
4542.952148 0.000000 2108.840576 0.000000 0.971818 0.000000 0.235732 1.000000 1.000000 1.000000
4568.800781 0.000000 2107.557861 0.000000 0.968398 0.000000 0.249411 1.000000 1.000000 1.000000
4543.452637 0.000000 2117.360352 0.000000 0.916404 0.000000 0.400255 1.000000 1.000000 1.000000
4551.555664 0.000000 2103.519287 0.000000 0.981442 0.000000 0.191761 1.000000 1.000000 1.000000
4545.344727 0.000000 2119.741699 0.000000 0.995609 0.000000 0.093610 1.000000 1.000000 1.000000
4584.372559 0.000000 2105.142578 0.000000 0.982922 0.000000 0.184024 1.000000 1.000000 1.000000
4595.254395 0.000000 2122.047363 0.000000 0.923818 0.000000 0.382831 1.000000 1.000000 1.000000
4569.099609 0.000000 2109.027100 0.000000 0.945166 0.000000 0.326591 1.000000 1.000000 1.000000
4494.232910 0.000000 2157.171631 0.000000 0.986429 0.000000 0.164189 1.000000 1.000000 1.000000
4488.806641 0.000000 2152.845703 0.000000 0.938346 0.000000 0.345697 1.000000 1.000000 1.000000
4542.288574 0.000000 2158.388916 0.000000 0.984852 0.000000 0.173399 1.000000 1.000000 1.000000
4490.268066 0.000000 2134.284912 0.000000 0.995461 0.000000 0.095174 1.000000 1.000000 1.000000
4487.712402 0.000000 2131.296143 0.000000 0.974594 0.000000 0.223978 1.000000 1.000000 1.000000
4541.239258 0.000000 2164.402588 0.000000 0.970624 0.000000 0.240602 1.000000 1.000000 1.000000
4506.297852 0.000000 2164.737549 0.000000 0.943900 0.000000 0.330232 1.000000 1.000000 1.000000
4540.083984 0.000000 2164.653076 0.000000 0.975412 0.000000 0.220390 1.000000 1.000000 1.000000
4586.308105 0.000000 2152.881836 0.000000 0.956190 0.000000 0.292746 1.000000 1.000000 1.000000
4546.612305 0.000000 2162.807617 0.000000 0.942312 0.000000 0.334735 1.000000 1.000000 1.000000
4583.776855 0.000000 2159.884277 0.000000 0.988084 0.000000 0.153916 1.000000 1.000000 1.000000
4582.068848 0.000000 2159.678467 0.000000 0.991760 0.000000 0.128110 1.000000 1.000000 1.000000
4371.299316 0.000000 2196.389404 0.000000 0.953266 0.000000 0.302133 1.000000 1.000000 1.000000
4364.314941 0.000000 2193.140869 0.000000 0.912830 0.000000 0.408339 1.000000 1.000000 1.000000
4386.651855 0.000000 2186.186035 0.000000 0.989950 0.000000 0.141416 1.000000 1.000000 1.000000
4373.339355 0.000000 2200.673584 0.000000 0.981175 0.000000 0.193119 1.000000 1.000000 1.000000
4441.553223 0.000000 2185.157471 0.000000 0.917569 0.000000 0.397577 1.000000 1.000000 1.000000
4613.887695 0.000000 1889.931641 0.000000 0.986956 0.000000 0.160988 1.000000 1.000000 1.000000
4652.063477 0.000000 1900.080322 0.000000 0.997869 0.000000 0.065252 1.000000 1.000000 1.000000
4642.055664 0.000000 1895.911133 0.000000 0.956261 0.000000 0.292516 1.000000 1.000000 1.000000
4645.286621 0.000000 1897.905029 0.000000 0.986556 0.000000 0.163421 1.000000 1.000000 1.000000
4676.730957 0.000000 1902.548828 0.000000 0.975449 0.000000 0.220225 1.000000 1.000000 1.000000
4701.721680 0.000000 1933.473511 0.000000 0.962346 0.000000 0.271826 1.000000 1.000000 1.000000
4648.835938 0.000000 1955.939087 0.000000 0.941087 0.000000 0.338163 1.000000 1.000000 1.000000
4655.801758 0.000000 1941.123779 0.000000 0.985824 0.000000 0.167782 1.000000 1.000000 1.000000
4712.860840 0.000000 1980.506714 0.000000 0.979746 0.000000 0.200245 1.000000 1.000000 1.000000
4709.657715 0.000000 1977.381714 0.000000 0.914631 0.000000 0.404289 1.000000 1.000000 1.000000
4774.134766 0.000000 1890.574951 0.000000 0.981020 0.000000 0.193908 1.000000 1.000000 1.000000
4803.524902 0.000000 1907.491455 0.000000 0.971648 0.000000 0.236430 1.000000 1.000000 1.000000
4697.655762 0.000000 2019.170654 0.000000 0.926869 0.000000 0.375385 1.000000 1.000000 1.000000
4662.560059 0.000000 2056.511230 0.000000 0.992433 0.000000 0.122789 1.000000 1.000000 1.000000
4639.928711 0.000000 2046.174805 0.000000 0.989769 0.000000 0.142678 1.000000 1.000000 1.000000
4646.150391 0.000000 2032.301514 0.000000 0.961155 0.000000 0.276008 1.000000 1.000000 1.000000
4670.272461 0.000000 2072.829590 0.000000 0.997737 0.000000 0.067235 1.000000 1.000000 1.000000
4646.535645 0.000000 2036.517578 0.000000 0.981842 0.000000 0.189703 1.000000 1.000000 1.000000
4705.366211 0.000000 2076.902344 0.000000 0.948986 0.000000 0.315318 1.000000 1.000000 1.000000
4707.319336 0.000000 2073.944092 0.000000 0.940715 0.000000 0.339199 1.000000 1.000000 1.000000
4951.318848 0.000000 1910.944092 0.000000 0.989416 0.000000 0.145110 1.000000 1.000000 1.000000
4966.463867 0.000000 1952.741699 0.000000 0.951837 0.000000 0.306606 1.000000 1.000000 1.000000
4977.383789 0.000000 1957.546265 0.000000 0.996000 0.000000 0.089356 1.000000 1.000000 1.000000
5059.578125 0.000000 1929.204712 0.000000 0.974911 0.000000 0.222595 1.000000 1.000000 1.000000
5007.990723 0.000000 1954.055054 0.000000 0.994125 0.000000 0.108236 1.000000 1.000000 1.000000
5012.951172 0.000000 1954.827515 0.000000 0.977053 0.000000 0.212995 1.000000 1.000000 1.000000
5075.699707 0.000000 1962.770752 0.000000 0.964127 0.000000 0.265440 1.000000 1.000000 1.000000
5116.761230 0.000000 2031.616699 0.000000 0.984802 0.000000 0.173678 1.000000 1.000000 1.000000
4614.258301 0.000000 2122.418213 0.000000 0.993519 0.000000 0.113665 1.000000 1.000000 1.000000
4628.998047 0.000000 2096.554199 0.000000 0.987456 0.000000 0.157892 1.000000 1.000000 1.000000
4607.737305 0.000000 2092.269531 0.000000 0.976477 0.000000 0.215621 1.000000 1.000000 1.000000
4669.517578 0.000000 2122.239746 0.000000 0.944296 0.000000 0.329097 1.000000 1.000000 1.000000
4617.544434 0.000000 2120.434082 0.000000 0.998771 0.000000 0.049558 1.000000 1.000000 1.000000
4621.058594 0.000000 2096.039062 0.000000 0.998481 0.000000 0.055094 1.000000 1.000000 1.000000
4615.453613 0.000000 2120.698730 0.000000 0.979749 0.000000 0.200229 1.000000 1.000000 1.000000
4607.461426 0.000000 2123.959961 0.000000 0.945891 0.000000 0.324485 1.000000 1.000000 1.000000
4657.983398 0.000000 2120.996094 0.000000 0.935185 0.000000 0.354160 1.000000 1.000000 1.000000
4623.322754 0.000000 2091.239746 0.000000 0.948102 0.000000 0.317967 1.000000 1.000000 1.000000
4639.864746 0.000000 2125.265625 0.000000 0.941723 0.000000 0.336389 1.000000 1.000000 1.000000
4620.876465 0.000000 2094.642334 0.000000 0.999037 0.000000 0.043882 1.000000 1.000000 1.000000
4637.583008 0.000000 2108.295166 0.000000 0.967659 0.000000 0.252262 1.000000 1.000000 1.000000
4674.366211 0.000000 2117.726562 0.000000 0.970548 0.000000 0.240909 1.000000 1.000000 1.000000
4685.594727 0.000000 2114.890381 0.000000 0.998614 0.000000 0.052634 1.000000 1.000000 1.000000
4701.271973 0.000000 2095.251465 0.000000 0.950091 0.000000 0.311973 1.000000 1.000000 1.000000
4673.123047 0.000000 2123.035156 0.000000 0.998987 0.000000 0.044999 1.000000 1.000000 1.000000
4685.164062 0.000000 2112.325928 0.000000 0.990582 0.000000 0.136920 1.000000 1.000000 1.000000
4627.697266 0.000000 2126.013428 0.000000 0.966472 0.000000 0.256771 1.000000 1.000000 1.000000
4635.705566 0.000000 2126.018555 0.000000 0.998871 0.000000 0.047505 1.000000 1.000000 1.000000
4608.455566 0.000000 2148.819824 0.000000 0.975899 0.000000 0.218223 1.000000 1.000000 1.000000
4617.000977 0.000000 2130.175293 0.000000 0.946914 0.000000 0.321486 1.000000 1.000000 1.000000
4614.556641 0.000000 2135.965332 0.000000 0.966328 0.000000 0.257312 1.000000 1.000000 1.000000
4641.696777 0.000000 2137.370605 0.000000 0.995835 0.000000 0.091179 1.000000 1.000000 1.000000
4615.545898 0.000000 2153.810791 0.000000 0.940594 0.000000 0.339535 1.000000 1.000000 1.000000
4684.542480 0.000000 2128.301025 0.000000 0.981324 0.000000 0.192360 1.000000 1.000000 1.000000
5311.651367 0.000000 1657.530884 0.000000 0.998506 0.000000 0.054638 1.000000 1.000000 1.000000
5121.068359 0.000000 1745.097534 0.000000 0.939164 0.000000 0.343469 1.000000 1.000000 1.000000
5133.540039 0.000000 1784.194824 0.000000 0.994301 0.000000 0.106611 1.000000 1.000000 1.000000
5146.437500 0.000000 1790.983276 0.000000 0.999190 0.000000 0.040240 1.000000 1.000000 1.000000
5147.643066 0.000000 1889.807617 0.000000 0.968213 0.000000 0.250126 1.000000 1.000000 1.000000
5164.082520 0.000000 1927.566284 0.000000 0.949053 0.000000 0.315117 1.000000 1.000000 1.000000
5237.500000 0.000000 1918.167236 0.000000 0.922635 0.000000 0.385674 1.000000 1.000000 1.000000
5226.229980 0.000000 1916.670776 0.000000 0.999049 0.000000 0.043590 1.000000 1.000000 1.000000
5225.187988 0.000000 1911.381714 0.000000 0.987945 0.000000 0.154804 1.000000 1.000000 1.000000
5208.002930 0.000000 1913.233765 0.000000 0.930993 0.000000 0.365037 1.000000 1.000000 1.000000
5224.294434 0.000000 1916.173584 0.000000 0.927702 0.000000 0.373322 1.000000 1.000000 1.000000
5126.195801 0.000000 1980.691528 0.000000 0.996899 0.000000 0.078685 1.000000 1.000000 1.000000
5170.180176 0.000000 1939.942627 0.000000 0.996920 0.000000 0.078430 1.000000 1.000000 1.000000
5171.632812 0.000000 1941.410522 0.000000 0.931148 0.000000 0.364642 1.000000 1.000000 1.000000
5302.269531 0.000000 1901.641113 0.000000 0.989454 0.000000 0.144846 1.000000 1.000000 1.000000
5301.815918 0.000000 1903.361084 0.000000 0.955329 0.000000 0.295544 1.000000 1.000000 1.000000
5357.019531 0.000000 1890.560303 0.000000 0.918843 0.000000 0.394622 1.000000 1.000000 1.000000
5341.207031 0.000000 1916.957642 0.000000 0.996679 0.000000 0.081425 1.000000 1.000000 1.000000
5338.414062 0.000000 1979.952026 0.000000 0.967408 0.000000 0.253225 1.000000 1.000000 1.000000
5134.154785 0.000000 2015.444946 0.000000 0.984892 0.000000 0.173168 1.000000 1.000000 1.000000
5192.323242 0.000000 2001.885132 0.000000 0.949452 0.000000 0.313913 1.000000 1.000000 1.000000
5231.662109 0.000000 2012.031982 0.000000 0.977256 0.000000 0.212063 1.000000 1.000000 1.000000
5230.132324 0.000000 2012.866211 0.000000 0.939274 0.000000 0.343167 1.000000 1.000000 1.000000
5146.448730 0.000000 2051.890869 0.000000 0.988335 0.000000 0.152296 1.000000 1.000000 1.000000
5291.994629 0.000000 2009.786255 0.000000 0.988232 0.000000 0.152961 1.000000 1.000000 1.000000
5337.443848 0.000000 1996.188477 0.000000 0.984755 0.000000 0.173948 1.000000 1.000000 1.000000
5277.623535 0.000000 2072.897461 0.000000 0.944052 0.000000 0.329797 1.000000 1.000000 1.000000
5282.802734 0.000000 2062.989990 0.000000 0.962089 0.000000 0.272737 1.000000 1.000000 1.000000
5399.743652 0.000000 1938.706299 0.000000 0.945351 0.000000 0.326055 1.000000 1.000000 1.000000
5520.323730 0.000000 1980.958496 0.000000 0.913347 0.000000 0.407181 1.000000 1.000000 1.000000
5401.558594 0.000000 2001.579224 0.000000 0.927417 0.000000 0.374028 1.000000 1.000000 1.000000
5477.782227 0.000000 2005.979492 0.000000 0.951267 0.000000 0.308368 1.000000 1.000000 1.000000
5409.130859 0.000000 2071.416260 0.000000 0.985438 0.000000 0.170032 1.000000 1.000000 1.000000
5423.370605 0.000000 2033.089233 0.000000 0.999197 0.000000 0.040070 1.000000 1.000000 1.000000
5445.955078 0.000000 2052.200439 0.000000 0.993056 0.000000 0.117645 1.000000 1.000000 1.000000
5542.763184 0.000000 1987.651489 0.000000 0.987750 0.000000 0.156047 1.000000 1.000000 1.000000
5533.708008 0.000000 2015.020630 0.000000 0.983328 0.000000 0.181843 1.000000 1.000000 1.000000
5543.371094 0.000000 2029.573608 0.000000 0.995815 0.000000 0.091387 1.000000 1.000000 1.000000
5528.270508 0.000000 2011.070068 0.000000 0.998531 0.000000 0.054177 1.000000 1.000000 1.000000
5544.790527 0.000000 1992.012085 0.000000 0.975607 0.000000 0.219526 1.000000 1.000000 1.000000
5532.657715 0.000000 2037.579834 0.000000 0.992555 0.000000 0.121797 1.000000 1.000000 1.000000
5509.855469 0.000000 2064.499268 0.000000 0.999020 0.000000 0.044256 1.000000 1.000000 1.000000
5534.708496 0.000000 2037.730103 0.000000 0.990312 0.000000 0.138857 1.000000 1.000000 1.000000
5246.594727 0.000000 2124.459229 0.000000 0.967515 0.000000 0.252814 1.000000 1.000000 1.000000
5327.262207 0.000000 2082.940918 0.000000 0.931711 0.000000 0.363200 1.000000 1.000000 1.000000
5286.072266 0.000000 2126.785889 0.000000 0.931435 0.000000 0.363908 1.000000 1.000000 1.000000
5277.035645 0.000000 2135.738037 0.000000 0.925948 0.000000 0.377651 1.000000 1.000000 1.000000
5367.686523 0.000000 2148.239990 0.000000 0.980119 0.000000 0.198412 1.000000 1.000000 1.000000
5306.585449 0.000000 2186.339111 0.000000 0.922306 0.000000 0.386460 1.000000 1.000000 1.000000
5327.692383 0.000000 2194.775391 0.000000 0.983554 0.000000 0.180615 1.000000 1.000000 1.000000
5420.486816 0.000000 2101.782715 0.000000 0.998777 0.000000 0.049433 1.000000 1.000000 1.000000
5391.317871 0.000000 2127.625977 0.000000 0.970860 0.000000 0.239649 1.000000 1.000000 1.000000
5433.691406 0.000000 2176.780273 0.000000 0.983632 0.000000 0.180188 1.000000 1.000000 1.000000
5434.177246 0.000000 2199.843018 0.000000 0.998324 0.000000 0.057870 1.000000 1.000000 1.000000
5473.954102 0.000000 2179.364502 0.000000 0.998124 0.000000 0.061232 1.000000 1.000000 1.000000
5448.871582 0.000000 2204.600098 0.000000 0.991870 0.000000 0.127257 1.000000 1.000000 1.000000
5469.908691 0.000000 2191.153809 0.000000 0.928763 0.000000 0.370674 1.000000 1.000000 1.000000
5520.199219 0.000000 2198.593506 0.000000 0.994574 0.000000 0.104032 1.000000 1.000000 1.000000
5555.393555 0.000000 2214.624023 0.000000 0.939999 0.000000 0.341178 1.000000 1.000000 1.000000
4529.579590 0.000000 2598.476318 0.000000 0.952717 0.000000 0.303860 1.000000 1.000000 1.000000
5010.601562 0.000000 2532.038818 0.000000 0.958400 0.000000 0.285427 1.000000 1.000000 1.000000
5088.251465 0.000000 2641.073486 0.000000 0.994167 0.000000 0.107849 1.000000 1.000000 1.000000
5086.806641 0.000000 2640.756104 0.000000 0.945200 0.000000 0.326491 1.000000 1.000000 1.000000
5086.776367 0.000000 2641.937500 0.000000 0.991468 0.000000 0.130348 1.000000 1.000000 1.000000
4234.925293 0.000000 2797.990479 0.000000 0.997107 0.000000 0.076011 1.000000 1.000000 1.000000
5147.705566 0.000000 2333.427002 0.000000 0.995125 0.000000 0.098626 1.000000 1.000000 1.000000
5373.029297 0.000000 2329.586670 0.000000 0.929413 0.000000 0.369041 1.000000 1.000000 1.000000
5355.368652 0.000000 2354.230957 0.000000 0.978058 0.000000 0.208334 1.000000 1.000000 1.000000
5371.620117 0.000000 2329.084961 0.000000 0.920907 0.000000 0.389782 1.000000 1.000000 1.000000
5578.132324 0.000000 2304.511963 0.000000 0.993225 0.000000 0.116211 1.000000 1.000000 1.000000
5582.496582 0.000000 2291.209717 0.000000 0.935286 0.000000 0.353893 1.000000 1.000000 1.000000
5529.096191 0.000000 2414.914062 0.000000 0.986301 0.000000 0.164955 1.000000 1.000000 1.000000
5540.779785 0.000000 2414.866455 0.000000 0.982974 0.000000 0.183745 1.000000 1.000000 1.000000
5530.401855 0.000000 2429.828613 0.000000 0.998887 0.000000 0.047164 1.000000 1.000000 1.000000
5612.988281 0.000000 2410.224609 0.000000 0.967973 0.000000 0.251054 1.000000 1.000000 1.000000
5611.482422 0.000000 2415.068848 0.000000 0.996918 0.000000 0.078444 1.000000 1.000000 1.000000
5615.684570 0.000000 2413.545898 0.000000 0.997508 0.000000 0.070553 1.000000 1.000000 1.000000
5603.694336 0.000000 2409.407227 0.000000 0.981108 0.000000 0.193459 1.000000 1.000000 1.000000
5128.938477 0.000000 2460.870605 0.000000 0.946734 0.000000 0.322017 1.000000 1.000000 1.000000
5128.824707 0.000000 2458.760986 0.000000 0.952335 0.000000 0.305053 1.000000 1.000000 1.000000
5648.849609 0.000000 2326.655029 0.000000 0.990405 0.000000 0.138193 1.000000 1.000000 1.000000
5657.085938 0.000000 2324.051270 0.000000 0.964115 0.000000 0.265484 1.000000 1.000000 1.000000
5651.605957 0.000000 2325.468506 0.000000 0.990322 0.000000 0.138791 1.000000 1.000000 1.000000
5708.536133 0.000000 2339.711182 0.000000 0.981768 0.000000 0.190086 1.000000 1.000000 1.000000
5737.280762 0.000000 2353.975098 0.000000 0.975350 0.000000 0.220664 1.000000 1.000000 1.000000
5719.225098 0.000000 2336.123779 0.000000 0.958725 0.000000 0.284337 1.000000 1.000000 1.000000
5757.384766 0.000000 2358.450684 0.000000 0.989297 0.000000 0.145918 1.000000 1.000000 1.000000
5648.378906 0.000000 2400.470947 0.000000 0.996959 0.000000 0.077929 1.000000 1.000000 1.000000
5716.500000 0.000000 2394.984131 0.000000 0.991179 0.000000 0.132529 1.000000 1.000000 1.000000
5700.380371 0.000000 2377.360596 0.000000 0.983487 0.000000 0.180976 1.000000 1.000000 1.000000
5696.292480 0.000000 2370.193848 0.000000 0.980713 0.000000 0.195454 1.000000 1.000000 1.000000
5736.921387 0.000000 2398.621094 0.000000 0.932682 0.000000 0.360700 1.000000 1.000000 1.000000
5716.587402 0.000000 2374.643799 0.000000 0.926266 0.000000 0.376870 1.000000 1.000000 1.000000
5677.815918 0.000000 2454.641602 0.000000 0.954608 0.000000 0.297866 1.000000 1.000000 1.000000
5699.075195 0.000000 2412.099121 0.000000 0.983518 0.000000 0.180811 1.000000 1.000000 1.000000
5887.581055 0.000000 2328.480469 0.000000 0.952131 0.000000 0.305691 1.000000 1.000000 1.000000
5949.765137 0.000000 2386.095947 0.000000 0.998312 0.000000 0.058084 1.000000 1.000000 1.000000
5909.727051 0.000000 2371.764404 0.000000 0.917326 0.000000 0.398138 1.000000 1.000000 1.000000
5954.914551 0.000000 2404.502197 0.000000 0.928196 0.000000 0.372092 1.000000 1.000000 1.000000
5952.276855 0.000000 2373.042969 0.000000 0.984133 0.000000 0.177431 1.000000 1.000000 1.000000
5987.647461 0.000000 2409.407227 0.000000 0.957893 0.000000 0.287126 1.000000 1.000000 1.000000
6053.978516 0.000000 2362.996826 0.000000 0.991473 0.000000 0.130314 1.000000 1.000000 1.000000
6048.134277 0.000000 2404.862549 0.000000 0.985122 0.000000 0.171858 1.000000 1.000000 1.000000
6078.163574 0.000000 2368.808838 0.000000 0.976377 0.000000 0.216073 1.000000 1.000000 1.000000
6051.017578 0.000000 2405.857422 0.000000 0.997015 0.000000 0.077207 1.000000 1.000000 1.000000
6124.393066 0.000000 2394.291992 0.000000 0.966875 0.000000 0.255251 1.000000 1.000000 1.000000
6112.291992 0.000000 2396.969971 0.000000 0.998266 0.000000 0.058860 1.000000 1.000000 1.000000
5724.757324 0.000000 2482.015625 0.000000 0.980117 0.000000 0.198421 1.000000 1.000000 1.000000
5764.372559 0.000000 2471.844971 0.000000 0.969448 0.000000 0.245296 1.000000 1.000000 1.000000
5806.852539 0.000000 2503.776123 0.000000 0.998425 0.000000 0.056107 1.000000 1.000000 1.000000
5776.119141 0.000000 2510.061035 0.000000 0.963123 0.000000 0.269061 1.000000 1.000000 1.000000
5828.668457 0.000000 2540.992676 0.000000 0.952712 0.000000 0.303876 1.000000 1.000000 1.000000
5851.059570 0.000000 2519.703857 0.000000 0.971770 0.000000 0.235929 1.000000 1.000000 1.000000
5754.530762 0.000000 2611.518799 0.000000 0.930655 0.000000 0.365898 1.000000 1.000000 1.000000
5763.335449 0.000000 2585.324707 0.000000 0.974807 0.000000 0.223051 1.000000 1.000000 1.000000
5830.940918 0.000000 2610.335938 0.000000 0.950301 0.000000 0.311332 1.000000 1.000000 1.000000
6007.458984 0.000000 2540.029053 0.000000 0.952319 0.000000 0.305104 1.000000 1.000000 1.000000
5978.413086 0.000000 2533.272461 0.000000 0.984157 0.000000 0.177297 1.000000 1.000000 1.000000
5999.878906 0.000000 2540.780762 0.000000 0.995841 0.000000 0.091105 1.000000 1.000000 1.000000
6063.629883 0.000000 2460.788086 0.000000 0.967327 0.000000 0.253531 1.000000 1.000000 1.000000
6083.033691 0.000000 2467.572998 0.000000 0.929187 0.000000 0.369611 1.000000 1.000000 1.000000
6118.530273 0.000000 2492.392822 0.000000 0.989710 0.000000 0.143085 1.000000 1.000000 1.000000
6131.760254 0.000000 2491.392090 0.000000 0.988497 0.000000 0.151238 1.000000 1.000000 1.000000
6134.242676 0.000000 2490.312744 0.000000 0.994782 0.000000 0.102028 1.000000 1.000000 1.000000
6116.877441 0.000000 2494.656738 0.000000 0.993124 0.000000 0.117068 1.000000 1.000000 1.000000
6137.495605 0.000000 2474.202148 0.000000 0.940913 0.000000 0.338648 1.000000 1.000000 1.000000
6036.231934 0.000000 2547.432373 0.000000 0.975210 0.000000 0.221280 1.000000 1.000000 1.000000
6066.183105 0.000000 2542.288086 0.000000 0.995130 0.000000 0.098575 1.000000 1.000000 1.000000
6067.768066 0.000000 2538.634277 0.000000 0.990839 0.000000 0.135046 1.000000 1.000000 1.000000
6034.101562 0.000000 2547.648438 0.000000 0.958844 0.000000 0.283933 1.000000 1.000000 1.000000
6096.324219 0.000000 2542.197510 0.000000 0.997887 0.000000 0.064981 1.000000 1.000000 1.000000
6101.811035 0.000000 2544.576660 0.000000 0.991745 0.000000 0.128229 1.000000 1.000000 1.000000
6098.093750 0.000000 2547.648438 0.000000 0.933903 0.000000 0.357526 1.000000 1.000000 1.000000
5943.466797 0.000000 2634.513428 0.000000 0.961131 0.000000 0.276091 1.000000 1.000000 1.000000
5937.825195 0.000000 2625.561768 0.000000 0.982460 0.000000 0.186475 1.000000 1.000000 1.000000
6055.684082 0.000000 2575.722900 0.000000 0.922637 0.000000 0.385670 1.000000 1.000000 1.000000
6088.821289 0.000000 2602.597168 0.000000 0.981350 0.000000 0.192227 1.000000 1.000000 1.000000
6119.009766 0.000000 2605.989502 0.000000 0.994410 0.000000 0.105593 1.000000 1.000000 1.000000
5169.547363 0.000000 2800.268799 0.000000 0.930331 0.000000 0.366720 1.000000 1.000000 1.000000
5246.594727 0.000000 2833.092041 0.000000 0.930924 0.000000 0.365212 1.000000 1.000000 1.000000
5249.052734 0.000000 2831.667969 0.000000 0.982315 0.000000 0.187237 1.000000 1.000000 1.000000
5231.701660 0.000000 2858.766357 0.000000 0.998887 0.000000 0.047167 1.000000 1.000000 1.000000
5423.286621 0.000000 2850.230713 0.000000 0.982324 0.000000 0.187189 1.000000 1.000000 1.000000
5428.061523 0.000000 2847.855713 0.000000 0.992007 0.000000 0.126181 1.000000 1.000000 1.000000
5665.067871 0.000000 2693.085693 0.000000 0.963410 0.000000 0.268033 1.000000 1.000000 1.000000
5793.915039 0.000000 2651.786377 0.000000 0.934211 0.000000 0.356721 1.000000 1.000000 1.000000
5762.463867 0.000000 2682.471680 0.000000 0.987446 0.000000 0.157956 1.000000 1.000000 1.000000
5861.735352 0.000000 2667.370361 0.000000 0.983138 0.000000 0.182867 1.000000 1.000000 1.000000
5821.376953 0.000000 2736.388184 0.000000 0.994249 0.000000 0.107089 1.000000 1.000000 1.000000
5797.145996 0.000000 2748.264404 0.000000 0.928956 0.000000 0.370190 1.000000 1.000000 1.000000
5823.658203 0.000000 2770.404297 0.000000 0.999103 0.000000 0.042337 1.000000 1.000000 1.000000
5884.522949 0.000000 2757.644775 0.000000 0.916952 0.000000 0.398997 1.000000 1.000000 1.000000
5834.729980 0.000000 2797.990479 0.000000 0.982501 0.000000 0.186255 1.000000 1.000000 1.000000
5952.350586 0.000000 2693.704346 0.000000 0.921853 0.000000 0.387540 1.000000 1.000000 1.000000
5982.304688 0.000000 2695.668213 0.000000 0.968468 0.000000 0.249136 1.000000 1.000000 1.000000
6080.317383 0.000000 2681.871094 0.000000 0.986653 0.000000 0.162838 1.000000 1.000000 1.000000
6137.493652 0.000000 2674.980225 0.000000 0.970845 0.000000 0.239709 1.000000 1.000000 1.000000
6061.844238 0.000000 2719.064697 0.000000 0.930034 0.000000 0.367474 1.000000 1.000000 1.000000
6115.318359 0.000000 2697.281250 0.000000 0.996311 0.000000 0.085812 1.000000 1.000000 1.000000
5898.093262 0.000000 2776.933838 0.000000 0.984738 0.000000 0.174041 1.000000 1.000000 1.000000
5922.773926 0.000000 2765.707764 0.000000 0.973021 0.000000 0.230718 1.000000 1.000000 1.000000
5948.388672 0.000000 2777.084473 0.000000 0.923461 0.000000 0.383693 1.000000 1.000000 1.000000
6121.913574 0.000000 2817.758789 0.000000 0.991810 0.000000 0.127724 1.000000 1.000000 1.000000
6119.221191 0.000000 2815.437256 0.000000 0.946075 0.000000 0.323948 1.000000 1.000000 1.000000
5748.638184 0.000000 2925.844238 0.000000 0.991079 0.000000 0.133278 1.000000 1.000000 1.000000
5822.817383 0.000000 2917.024902 0.000000 0.959762 0.000000 0.280816 1.000000 1.000000 1.000000
5830.906250 0.000000 2916.843506 0.000000 0.983482 0.000000 0.181005 1.000000 1.000000 1.000000
5660.549805 0.000000 2961.843506 0.000000 0.969765 0.000000 0.244040 1.000000 1.000000 1.000000
5693.796387 0.000000 2953.002197 0.000000 0.919993 0.000000 0.391934 1.000000 1.000000 1.000000
5676.494141 0.000000 2943.233643 0.000000 0.991336 0.000000 0.131348 1.000000 1.000000 1.000000
5646.108887 0.000000 2938.302002 0.000000 0.984829 0.000000 0.173525 1.000000 1.000000 1.000000
5687.647461 0.000000 2951.357178 0.000000 0.940067 0.000000 0.340990 1.000000 1.000000 1.000000
5758.825195 0.000000 2964.267090 0.000000 0.955362 0.000000 0.295438 1.000000 1.000000 1.000000
5754.530762 0.000000 2942.214111 0.000000 0.920799 0.000000 0.390037 1.000000 1.000000 1.000000
5704.504883 0.000000 2951.491943 0.000000 0.965277 0.000000 0.261230 1.000000 1.000000 1.000000
5737.825684 0.000000 2963.118652 0.000000 0.940655 0.000000 0.339365 1.000000 1.000000 1.000000
5728.395996 0.000000 2966.308594 0.000000 0.992770 0.000000 0.120032 1.000000 1.000000 1.000000
5755.787109 0.000000 2984.149902 0.000000 0.959977 0.000000 0.280079 1.000000 1.000000 1.000000
5803.062500 0.000000 2949.133301 0.000000 0.980190 0.000000 0.198059 1.000000 1.000000 1.000000
5802.540039 0.000000 2929.173584 0.000000 0.999052 0.000000 0.043528 1.000000 1.000000 1.000000
5812.825684 0.000000 2930.895752 0.000000 0.954932 0.000000 0.296825 1.000000 1.000000 1.000000
5828.507812 0.000000 2949.368164 0.000000 0.928442 0.000000 0.371479 1.000000 1.000000 1.000000
5822.727051 0.000000 2992.566650 0.000000 0.999030 0.000000 0.044026 1.000000 1.000000 1.000000
5890.217773 0.000000 2920.843750 0.000000 0.931503 0.000000 0.363733 1.000000 1.000000 1.000000
5980.726074 0.000000 2907.195312 0.000000 0.978020 0.000000 0.208509 1.000000 1.000000 1.000000
6093.073242 0.000000 2881.462158 0.000000 0.941295 0.000000 0.337585 1.000000 1.000000 1.000000
6095.137207 0.000000 2881.387939 0.000000 0.917592 0.000000 0.397523 1.000000 1.000000 1.000000
6034.488281 0.000000 2901.894287 0.000000 0.994191 0.000000 0.107630 1.000000 1.000000 1.000000
6078.163574 0.000000 2888.472900 0.000000 0.983548 0.000000 0.180649 1.000000 1.000000 1.000000
6022.302246 0.000000 2895.867676 0.000000 0.939728 0.000000 0.341922 1.000000 1.000000 1.000000
6080.245605 0.000000 2889.857910 0.000000 0.964505 0.000000 0.264065 1.000000 1.000000 1.000000
5949.765137 0.000000 2953.002197 0.000000 0.997102 0.000000 0.076081 1.000000 1.000000 1.000000
5894.102051 0.000000 2972.777588 0.000000 0.982246 0.000000 0.187596 1.000000 1.000000 1.000000
5921.036621 0.000000 2929.296631 0.000000 0.996294 0.000000 0.086011 1.000000 1.000000 1.000000
5897.074219 0.000000 2974.755371 0.000000 0.948896 0.000000 0.315590 1.000000 1.000000 1.000000
5923.655273 0.000000 2929.071289 0.000000 0.959237 0.000000 0.282604 1.000000 1.000000 1.000000
5923.219238 0.000000 2936.850830 0.000000 0.997153 0.000000 0.075399 1.000000 1.000000 1.000000
5998.780273 0.000000 2935.395020 0.000000 0.988535 0.000000 0.150989 1.000000 1.000000 1.000000
5937.407715 0.000000 2976.413818 0.000000 0.982374 0.000000 0.186925 1.000000 1.000000 1.000000
6004.721191 0.000000 2991.955078 0.000000 0.953309 0.000000 0.301996 1.000000 1.000000 1.000000
6010.946289 0.000000 3010.582520 0.000000 0.929182 0.000000 0.369623 1.000000 1.000000 1.000000
6014.189941 0.000000 3001.871338 0.000000 0.993418 0.000000 0.114543 1.000000 1.000000 1.000000
6038.213867 0.000000 2934.278564 0.000000 0.944617 0.000000 0.328175 1.000000 1.000000 1.000000
6044.718262 0.000000 2954.437500 0.000000 0.989076 0.000000 0.147406 1.000000 1.000000 1.000000
6106.094727 0.000000 2960.325928 0.000000 0.942992 0.000000 0.332815 1.000000 1.000000 1.000000
6079.038574 0.000000 2988.584473 0.000000 0.937652 0.000000 0.347577 1.000000 1.000000 1.000000
6026.080566 0.000000 2984.644287 0.000000 0.996859 0.000000 0.079191 1.000000 1.000000 1.000000
6105.025879 0.000000 2981.820312 0.000000 0.993430 0.000000 0.114437 1.000000 1.000000 1.000000
6123.883789 0.000000 2986.650635 0.000000 0.920666 0.000000 0.390350 1.000000 1.000000 1.000000
6174.742188 0.000000 2371.676758 0.000000 0.990827 0.000000 0.135138 1.000000 1.000000 1.000000
6176.403320 0.000000 2370.978027 0.000000 0.951429 0.000000 0.307870 1.000000 1.000000 1.000000
6195.370605 0.000000 2418.690430 0.000000 0.998248 0.000000 0.059167 1.000000 1.000000 1.000000
6155.163086 0.000000 2418.684326 0.000000 0.976814 0.000000 0.214089 1.000000 1.000000 1.000000
6154.028320 0.000000 2416.332275 0.000000 0.958754 0.000000 0.284236 1.000000 1.000000 1.000000
6166.526367 0.000000 2515.701660 0.000000 0.982186 0.000000 0.187909 1.000000 1.000000 1.000000
6148.227539 0.000000 2547.552979 0.000000 0.988596 0.000000 0.150589 1.000000 1.000000 1.000000
6159.850098 0.000000 2568.203613 0.000000 0.927887 0.000000 0.372863 1.000000 1.000000 1.000000
6188.431641 0.000000 2565.296143 0.000000 0.993054 0.000000 0.117658 1.000000 1.000000 1.000000
6190.888672 0.000000 2562.481201 0.000000 0.972397 0.000000 0.233334 1.000000 1.000000 1.000000
6350.845215 0.000000 2591.150146 0.000000 0.924970 0.000000 0.380040 1.000000 1.000000 1.000000
6312.145996 0.000000 2598.355469 0.000000 0.997540 0.000000 0.070103 1.000000 1.000000 1.000000
6164.810547 0.000000 2663.460449 0.000000 0.945032 0.000000 0.326977 1.000000 1.000000 1.000000
6208.440430 0.000000 2739.755371 0.000000 0.990084 0.000000 0.140474 1.000000 1.000000 1.000000
6318.224609 0.000000 2669.300049 0.000000 0.961481 0.000000 0.274873 1.000000 1.000000 1.000000
6343.186035 0.000000 2665.744629 0.000000 0.991515 0.000000 0.129995 1.000000 1.000000 1.000000
6340.527832 0.000000 2658.423828 0.000000 0.990217 0.000000 0.139537 1.000000 1.000000 1.000000
6337.812012 0.000000 2658.566895 0.000000 0.996296 0.000000 0.085991 1.000000 1.000000 1.000000
6332.612793 0.000000 2693.007568 0.000000 0.962319 0.000000 0.271922 1.000000 1.000000 1.000000
6321.478027 0.000000 2736.841553 0.000000 0.925788 0.000000 0.378042 1.000000 1.000000 1.000000
6150.362305 0.000000 2742.948242 0.000000 0.919869 0.000000 0.392225 1.000000 1.000000 1.000000
6154.212891 0.000000 2817.725830 0.000000 0.926186 0.000000 0.377067 1.000000 1.000000 1.000000
6264.270020 0.000000 2833.281738 0.000000 0.997745 0.000000 0.067118 1.000000 1.000000 1.000000
6326.144531 0.000000 2752.000488 0.000000 0.988255 0.000000 0.152817 1.000000 1.000000 1.000000
6284.416504 0.000000 2784.142090 0.000000 0.946680 0.000000 0.322175 1.000000 1.000000 1.000000
6300.428223 0.000000 2743.140869 0.000000 0.943052 0.000000 0.332646 1.000000 1.000000 1.000000
6291.494141 0.000000 2787.404053 0.000000 0.916841 0.000000 0.399253 1.000000 1.000000 1.000000
6340.605957 0.000000 2824.445801 0.000000 0.919202 0.000000 0.393787 1.000000 1.000000 1.000000
6335.310059 0.000000 2807.397949 0.000000 0.968382 0.000000 0.249471 1.000000 1.000000 1.000000
6339.358887 0.000000 2825.357910 0.000000 0.955548 0.000000 0.294837 1.000000 1.000000 1.000000
6399.518555 0.000000 2744.101318 0.000000 0.933627 0.000000 0.358247 1.000000 1.000000 1.000000
6482.920898 0.000000 2780.746338 0.000000 0.968782 0.000000 0.247915 1.000000 1.000000 1.000000
6423.139160 0.000000 2808.545654 0.000000 0.967135 0.000000 0.254262 1.000000 1.000000 1.000000
6205.741211 0.000000 2911.091309 0.000000 0.997068 0.000000 0.076522 1.000000 1.000000 1.000000
6241.625000 0.000000 2915.846191 0.000000 0.935659 0.000000 0.352907 1.000000 1.000000 1.000000
6224.349609 0.000000 2924.235352 0.000000 0.957458 0.000000 0.288572 1.000000 1.000000 1.000000
6283.772461 0.000000 2862.704834 0.000000 0.928569 0.000000 0.371160 1.000000 1.000000 1.000000
6294.182617 0.000000 2839.794189 0.000000 0.955161 0.000000 0.296088 1.000000 1.000000 1.000000
6331.629395 0.000000 2854.989502 0.000000 0.942947 0.000000 0.332942 1.000000 1.000000 1.000000
6283.935059 0.000000 2864.491211 0.000000 0.961635 0.000000 0.274330 1.000000 1.000000 1.000000
6343.612305 0.000000 2844.362793 0.000000 0.924131 0.000000 0.382075 1.000000 1.000000 1.000000
6189.753418 0.000000 2974.305664 0.000000 0.998614 0.000000 0.052637 1.000000 1.000000 1.000000
6266.299316 0.000000 2974.893799 0.000000 0.953449 0.000000 0.301553 1.000000 1.000000 1.000000
6242.734863 0.000000 2954.676514 0.000000 0.988970 0.000000 0.148119 1.000000 1.000000 1.000000
6248.640625 0.000000 2995.267334 0.000000 0.976999 0.000000 0.213244 1.000000 1.000000 1.000000
6245.955078 0.000000 2977.145264 0.000000 0.969915 0.000000 0.243443 1.000000 1.000000 1.000000
6240.110840 0.000000 3019.010986 0.000000 0.936222 0.000000 0.351410 1.000000 1.000000 1.000000
6247.497559 0.000000 2997.442383 0.000000 0.993730 0.000000 0.111811 1.000000 1.000000 1.000000
6292.609375 0.000000 3014.331299 0.000000 0.950902 0.000000 0.309492 1.000000 1.000000 1.000000
6274.893555 0.000000 2982.801514 0.000000 0.947611 0.000000 0.319427 1.000000 1.000000 1.000000
6640.151855 0.000000 2859.878174 0.000000 0.987958 0.000000 0.154721 1.000000 1.000000 1.000000
6529.648926 0.000000 2996.874268 0.000000 0.992093 0.000000 0.125505 1.000000 1.000000 1.000000
6753.837891 0.000000 2854.516357 0.000000 0.978099 0.000000 0.208141 1.000000 1.000000 1.000000
6757.015137 0.000000 2926.957275 0.000000 0.923378 0.000000 0.383892 1.000000 1.000000 1.000000
6717.671387 0.000000 2953.002197 0.000000 0.998575 0.000000 0.053369 1.000000 1.000000 1.000000
6722.955566 0.000000 2939.994873 0.000000 0.996396 0.000000 0.084819 1.000000 1.000000 1.000000
6722.392090 0.000000 2937.836914 0.000000 0.985852 0.000000 0.167616 1.000000 1.000000 1.000000
3388.075928 0.000000 3078.634277 0.000000 0.957499 0.000000 0.288436 1.000000 1.000000 1.000000
3377.284180 0.000000 3072.541260 0.000000 0.923181 0.000000 0.384365 1.000000 1.000000 1.000000
4090.564697 0.000000 3163.862549 0.000000 0.995638 0.000000 0.093302 1.000000 1.000000 1.000000
4241.021484 0.000000 3035.287842 0.000000 0.945488 0.000000 0.325657 1.000000 1.000000 1.000000
4764.659180 0.000000 3387.023193 0.000000 0.961240 0.000000 0.275713 1.000000 1.000000 1.000000
4765.557129 0.000000 3391.505615 0.000000 0.974152 0.000000 0.225892 1.000000 1.000000 1.000000
4829.549316 0.000000 3438.747803 0.000000 0.962638 0.000000 0.270790 1.000000 1.000000 1.000000
5012.356934 0.000000 3539.518311 0.000000 0.949861 0.000000 0.312672 1.000000 1.000000 1.000000
4996.466309 0.000000 3511.173096 0.000000 0.970878 0.000000 0.239574 1.000000 1.000000 1.000000
5013.943848 0.000000 3536.662598 0.000000 0.926345 0.000000 0.376676 1.000000 1.000000 1.000000
5046.300781 0.000000 3555.117676 0.000000 0.922115 0.000000 0.386917 1.000000 1.000000 1.000000
5064.518066 0.000000 3652.370605 0.000000 0.970787 0.000000 0.239942 1.000000 1.000000 1.000000
4909.275391 0.000000 3772.653320 0.000000 0.996703 0.000000 0.081141 1.000000 1.000000 1.000000
5030.663086 0.000000 3720.689697 0.000000 0.995846 0.000000 0.091052 1.000000 1.000000 1.000000
4995.429199 0.000000 3766.379395 0.000000 0.916594 0.000000 0.399818 1.000000 1.000000 1.000000
4992.450195 0.000000 3768.441406 0.000000 0.994427 0.000000 0.105432 1.000000 1.000000 1.000000
5288.757812 0.000000 3136.993896 0.000000 0.958369 0.000000 0.285534 1.000000 1.000000 1.000000
5274.530273 0.000000 3188.885986 0.000000 0.951886 0.000000 0.306452 1.000000 1.000000 1.000000
5599.470703 0.000000 3115.233154 0.000000 0.981624 0.000000 0.190828 1.000000 1.000000 1.000000
6049.020996 0.000000 3023.781006 0.000000 0.985224 0.000000 0.171272 1.000000 1.000000 1.000000
6053.298828 0.000000 3034.523926 0.000000 0.970538 0.000000 0.240946 1.000000 1.000000 1.000000
6029.170898 0.000000 3053.933350 0.000000 0.991565 0.000000 0.129608 1.000000 1.000000 1.000000
5677.157227 0.000000 3310.619385 0.000000 0.953513 0.000000 0.301351 1.000000 1.000000 1.000000
5927.343750 0.000000 3226.834229 0.000000 0.957535 0.000000 0.288317 1.000000 1.000000 1.000000
5191.223633 0.000000 3763.117432 0.000000 0.962663 0.000000 0.270701 1.000000 1.000000 1.000000
5285.194824 0.000000 3777.316650 0.000000 0.989216 0.000000 0.146461 1.000000 1.000000 1.000000
5793.233398 0.000000 3730.379150 0.000000 0.970651 0.000000 0.240491 1.000000 1.000000 1.000000
5791.611816 0.000000 3736.614258 0.000000 0.940515 0.000000 0.339752 1.000000 1.000000 1.000000
4614.751465 0.000000 3866.231689 0.000000 0.983694 0.000000 0.179852 1.000000 1.000000 1.000000
4863.187012 0.000000 3791.701660 0.000000 0.975597 0.000000 0.219568 1.000000 1.000000 1.000000
4961.185547 0.000000 3866.619385 0.000000 0.949326 0.000000 0.314293 1.000000 1.000000 1.000000
5173.511230 0.000000 3912.659424 0.000000 0.934399 0.000000 0.356228 1.000000 1.000000 1.000000
5200.189453 0.000000 3974.568848 0.000000 0.937976 0.000000 0.346701 1.000000 1.000000 1.000000
5971.709961 0.000000 3924.986816 0.000000 0.962342 0.000000 0.271840 1.000000 1.000000 1.000000
5960.626953 0.000000 3995.291016 0.000000 0.955475 0.000000 0.295072 1.000000 1.000000 1.000000
6297.091797 0.000000 3070.844238 0.000000 0.984204 0.000000 0.177040 1.000000 1.000000 1.000000
6373.145508 0.000000 3144.545654 0.000000 0.989183 0.000000 0.146688 1.000000 1.000000 1.000000
6371.645508 0.000000 3138.667236 0.000000 0.959299 0.000000 0.282392 1.000000 1.000000 1.000000
6319.625000 0.000000 3173.706055 0.000000 0.990926 0.000000 0.134411 1.000000 1.000000 1.000000
6302.759277 0.000000 3199.963867 0.000000 0.979457 0.000000 0.201653 1.000000 1.000000 1.000000
6466.981445 0.000000 3167.974121 0.000000 0.958928 0.000000 0.283650 1.000000 1.000000 1.000000
6629.908203 0.000000 3166.114014 0.000000 0.933624 0.000000 0.358255 1.000000 1.000000 1.000000
6433.671387 0.000000 3234.416748 0.000000 0.995976 0.000000 0.089625 1.000000 1.000000 1.000000
6515.331543 0.000000 3269.049805 0.000000 0.955846 0.000000 0.293869 1.000000 1.000000 1.000000
6469.661133 0.000000 3354.439697 0.000000 0.995578 0.000000 0.093938 1.000000 1.000000 1.000000
6582.744629 0.000000 3373.198242 0.000000 0.913865 0.000000 0.406018 1.000000 1.000000 1.000000
6654.414062 0.000000 3356.053711 0.000000 0.927808 0.000000 0.373058 1.000000 1.000000 1.000000
"}
object={
	name="tree_savanna_generator_1_4"
	render_pass=Map
	clamp_to_water_level=no
	generated_content=yes
	layer="tree_high_layer"
	pdxmesh="tree_acacia_05_mesh"
	count=754
	transform="3902.960693 0.000000 700.084961 0.000000 0.978188 0.000000 -0.207721 1.000000 1.000000 1.000000
3928.878662 0.000000 690.292053 0.000000 0.994317 0.000000 -0.106459 1.000000 1.000000 1.000000
3928.821289 0.000000 695.058472 0.000000 0.958345 0.000000 -0.285615 1.000000 1.000000 1.000000
3962.277344 0.000000 730.517456 0.000000 0.966841 0.000000 -0.255380 1.000000 1.000000 1.000000
3944.450195 0.000000 735.118835 0.000000 0.999862 0.000000 -0.016638 1.000000 1.000000 1.000000
4034.093018 0.000000 674.394836 0.000000 0.972053 0.000000 -0.234760 1.000000 1.000000 1.000000
3994.686523 0.000000 732.292114 0.000000 0.999913 0.000000 0.013212 1.000000 1.000000 1.000000
4018.432861 0.000000 747.084656 0.000000 0.991499 0.000000 -0.130110 1.000000 1.000000 1.000000
3814.653320 0.000000 882.492676 0.000000 0.992719 0.000000 -0.120454 1.000000 1.000000 1.000000
3817.804443 0.000000 902.056030 0.000000 0.999875 0.000000 0.015812 1.000000 1.000000 1.000000
3889.389648 0.000000 774.236694 0.000000 0.998483 0.000000 -0.055059 1.000000 1.000000 1.000000
3897.437500 0.000000 780.191956 0.000000 0.988019 0.000000 -0.154331 1.000000 1.000000 1.000000
3939.015869 0.000000 781.535706 0.000000 0.999744 0.000000 0.022615 1.000000 1.000000 1.000000
3984.115479 0.000000 773.000366 0.000000 0.954538 0.000000 -0.298089 1.000000 1.000000 1.000000
3975.132324 0.000000 790.944946 0.000000 0.966700 0.000000 -0.255914 1.000000 1.000000 1.000000
4005.434570 0.000000 782.435974 0.000000 0.992914 0.000000 -0.118837 1.000000 1.000000 1.000000
3993.193359 0.000000 841.637939 0.000000 0.957359 0.000000 -0.288901 1.000000 1.000000 1.000000
4026.559570 0.000000 845.731506 0.000000 0.993067 0.000000 -0.117548 1.000000 1.000000 1.000000
3989.698242 0.000000 826.427490 0.000000 0.991547 0.000000 -0.129749 1.000000 1.000000 1.000000
3839.900146 0.000000 880.716736 0.000000 0.987440 0.000000 -0.157996 1.000000 1.000000 1.000000
3840.548828 0.000000 873.280579 0.000000 0.994518 0.000000 -0.104570 1.000000 1.000000 1.000000
3864.829102 0.000000 931.269409 0.000000 0.985511 0.000000 -0.169614 1.000000 1.000000 1.000000
4020.395508 0.000000 850.900513 0.000000 0.990043 0.000000 -0.140762 1.000000 1.000000 1.000000
4072.906250 0.000000 916.610962 0.000000 0.988916 0.000000 -0.148479 1.000000 1.000000 1.000000
4055.907471 0.000000 899.378052 0.000000 0.997463 0.000000 -0.071190 1.000000 1.000000 1.000000
4031.591309 0.000000 917.710205 0.000000 0.951223 0.000000 -0.308504 1.000000 1.000000 1.000000
3850.403809 0.000000 1005.105774 0.000000 0.999844 0.000000 -0.017681 1.000000 1.000000 1.000000
4051.801270 0.000000 955.444763 0.000000 0.981022 0.000000 -0.193895 1.000000 1.000000 1.000000
3876.982422 0.000000 1044.842896 0.000000 0.979505 0.000000 -0.201421 1.000000 1.000000 1.000000
3862.807373 0.000000 1098.435791 0.000000 0.973503 0.000000 -0.228674 1.000000 1.000000 1.000000
3898.757080 0.000000 1099.768677 0.000000 0.996970 0.000000 -0.077785 1.000000 1.000000 1.000000
3962.356689 0.000000 1160.514648 0.000000 0.999857 0.000000 0.016912 1.000000 1.000000 1.000000
3952.757568 0.000000 1167.542725 0.000000 0.950318 0.000000 -0.311281 1.000000 1.000000 1.000000
3932.716797 0.000000 1184.148682 0.000000 0.999847 0.000000 -0.017474 1.000000 1.000000 1.000000
3945.344238 0.000000 1202.748901 0.000000 0.975100 0.000000 -0.221767 1.000000 1.000000 1.000000
4013.509766 0.000000 1216.079590 0.000000 0.959365 0.000000 -0.282167 1.000000 1.000000 1.000000
4001.302490 0.000000 1221.056885 0.000000 0.999491 0.000000 0.031916 1.000000 1.000000 1.000000
3991.915283 0.000000 1182.831299 0.000000 0.944984 0.000000 -0.327115 1.000000 1.000000 1.000000
4000.606689 0.000000 1218.347656 0.000000 0.979526 0.000000 -0.201320 1.000000 1.000000 1.000000
4065.263184 0.000000 1228.577637 0.000000 0.989698 0.000000 -0.143168 1.000000 1.000000 1.000000
4082.051514 0.000000 1255.538208 0.000000 0.986981 0.000000 -0.160836 1.000000 1.000000 1.000000
4039.966553 0.000000 1236.834839 0.000000 0.993785 0.000000 -0.111314 1.000000 1.000000 1.000000
4077.501953 0.000000 1310.563965 0.000000 0.960799 0.000000 -0.277246 1.000000 1.000000 1.000000
4071.569824 0.000000 1289.904419 0.000000 0.999334 0.000000 -0.036497 1.000000 1.000000 1.000000
3813.572021 0.000000 1995.195801 0.000000 0.998766 0.000000 -0.049665 1.000000 1.000000 1.000000
3810.721924 0.000000 1997.217163 0.000000 0.995381 0.000000 -0.096005 1.000000 1.000000 1.000000
3766.531494 0.000000 2112.375244 0.000000 0.995226 0.000000 -0.097601 1.000000 1.000000 1.000000
3771.531250 0.000000 2172.943848 0.000000 0.983727 0.000000 -0.179670 1.000000 1.000000 1.000000
3803.777100 0.000000 2137.392090 0.000000 0.990311 0.000000 -0.138865 1.000000 1.000000 1.000000
3802.570801 0.000000 2137.038330 0.000000 0.959571 0.000000 -0.281465 1.000000 1.000000 1.000000
3808.630127 0.000000 2257.675781 0.000000 0.976128 0.000000 -0.217197 1.000000 1.000000 1.000000
3922.734131 0.000000 2154.101318 0.000000 0.999844 0.000000 -0.017641 1.000000 1.000000 1.000000
4006.201416 0.000000 2155.163818 0.000000 0.942218 0.000000 -0.335001 1.000000 1.000000 1.000000
3904.721436 0.000000 2220.091309 0.000000 0.941959 0.000000 -0.335729 1.000000 1.000000 1.000000
3961.870605 0.000000 2176.780273 0.000000 0.979407 0.000000 -0.201898 1.000000 1.000000 1.000000
3930.596924 0.000000 2193.617676 0.000000 0.999447 0.000000 0.033252 1.000000 1.000000 1.000000
3907.182129 0.000000 2179.684326 0.000000 0.994554 0.000000 -0.104222 1.000000 1.000000 1.000000
3954.771240 0.000000 2194.286377 0.000000 0.967049 0.000000 -0.254589 1.000000 1.000000 1.000000
3903.620605 0.000000 2201.599365 0.000000 0.997068 0.000000 -0.076527 1.000000 1.000000 1.000000
3850.776855 0.000000 2253.533936 0.000000 0.952734 0.000000 -0.303806 1.000000 1.000000 1.000000
3886.448730 0.000000 2225.174316 0.000000 0.999608 0.000000 -0.027995 1.000000 1.000000 1.000000
3925.083740 0.000000 2238.280762 0.000000 0.955726 0.000000 -0.294257 1.000000 1.000000 1.000000
3937.046387 0.000000 2238.798096 0.000000 0.982679 0.000000 -0.185318 1.000000 1.000000 1.000000
3937.754395 0.000000 2248.770264 0.000000 0.981212 0.000000 -0.192931 1.000000 1.000000 1.000000
3404.915283 0.000000 2638.183838 0.000000 0.943970 0.000000 -0.330032 1.000000 1.000000 1.000000
3448.913574 0.000000 2632.240967 0.000000 0.953544 0.000000 -0.301254 1.000000 1.000000 1.000000
3532.752197 0.000000 2595.173340 0.000000 0.946038 0.000000 -0.324055 1.000000 1.000000 1.000000
3505.704346 0.000000 2598.476318 0.000000 0.981527 0.000000 -0.191326 1.000000 1.000000 1.000000
3471.918457 0.000000 2619.955078 0.000000 0.947386 0.000000 -0.320093 1.000000 1.000000 1.000000
3677.689697 0.000000 2304.935303 0.000000 0.950417 0.000000 -0.310977 1.000000 1.000000 1.000000
3694.057861 0.000000 2312.915039 0.000000 0.999007 0.000000 -0.044555 1.000000 1.000000 1.000000
3677.934082 0.000000 2345.716064 0.000000 0.999849 0.000000 0.017405 1.000000 1.000000 1.000000
3750.259521 0.000000 2315.754639 0.000000 0.976652 0.000000 -0.214827 1.000000 1.000000 1.000000
3635.627441 0.000000 2403.592773 0.000000 0.944312 0.000000 -0.329053 1.000000 1.000000 1.000000
3606.418701 0.000000 2444.698730 0.000000 0.998238 0.000000 -0.059337 1.000000 1.000000 1.000000
3634.810303 0.000000 2430.497314 0.000000 0.952428 0.000000 -0.304763 1.000000 1.000000 1.000000
3607.736816 0.000000 2419.618164 0.000000 0.969986 0.000000 -0.243162 1.000000 1.000000 1.000000
3607.882812 0.000000 2444.186279 0.000000 0.981784 0.000000 -0.189999 1.000000 1.000000 1.000000
3635.901855 0.000000 2429.628906 0.000000 0.986261 0.000000 -0.165192 1.000000 1.000000 1.000000
3668.749756 0.000000 2442.226318 0.000000 0.982458 0.000000 -0.186486 1.000000 1.000000 1.000000
3681.490967 0.000000 2454.840088 0.000000 0.941278 0.000000 -0.337633 1.000000 1.000000 1.000000
3656.907715 0.000000 2436.298828 0.000000 0.953970 0.000000 -0.299903 1.000000 1.000000 1.000000
3680.423096 0.000000 2452.104736 0.000000 0.984520 0.000000 -0.175270 1.000000 1.000000 1.000000
3661.175537 0.000000 2426.734375 0.000000 0.983107 0.000000 -0.183033 1.000000 1.000000 1.000000
3722.987305 0.000000 2372.810791 0.000000 0.988561 0.000000 -0.150822 1.000000 1.000000 1.000000
3743.861816 0.000000 2366.590820 0.000000 0.969845 0.000000 -0.243724 1.000000 1.000000 1.000000
3741.389160 0.000000 2378.704590 0.000000 0.999279 0.000000 -0.037974 1.000000 1.000000 1.000000
3894.283203 0.000000 2268.791748 0.000000 0.951518 0.000000 -0.307592 1.000000 1.000000 1.000000
3907.293457 0.000000 2270.372559 0.000000 0.995478 0.000000 -0.094987 1.000000 1.000000 1.000000
3946.178955 0.000000 2345.336914 0.000000 0.997088 0.000000 -0.076256 1.000000 1.000000 1.000000
3941.751465 0.000000 2355.319336 0.000000 0.981976 0.000000 -0.189007 1.000000 1.000000 1.000000
3964.196777 0.000000 2317.218994 0.000000 0.977609 0.000000 -0.210432 1.000000 1.000000 1.000000
3645.636963 0.000000 2460.752197 0.000000 0.998451 0.000000 -0.055631 1.000000 1.000000 1.000000
3612.892090 0.000000 2462.759766 0.000000 0.965999 0.000000 -0.258547 1.000000 1.000000 1.000000
3702.464355 0.000000 2468.547363 0.000000 0.997310 0.000000 -0.073297 1.000000 1.000000 1.000000
3656.013428 0.000000 2465.131836 0.000000 0.999583 0.000000 -0.028884 1.000000 1.000000 1.000000
3660.493164 0.000000 2464.834473 0.000000 0.999422 0.000000 -0.033982 1.000000 1.000000 1.000000
3679.869629 0.000000 2508.317383 0.000000 0.957894 0.000000 -0.287121 1.000000 1.000000 1.000000
3701.201172 0.000000 2507.107422 0.000000 0.945165 0.000000 -0.326593 1.000000 1.000000 1.000000
3692.453613 0.000000 2521.663330 0.000000 0.990417 0.000000 -0.138111 1.000000 1.000000 1.000000
3692.675537 0.000000 2532.884766 0.000000 0.977647 0.000000 -0.210255 1.000000 1.000000 1.000000
3678.148193 0.000000 2517.053223 0.000000 0.999413 0.000000 0.034260 1.000000 1.000000 1.000000
3744.037598 0.000000 2471.354492 0.000000 0.972443 0.000000 -0.233140 1.000000 1.000000 1.000000
3728.368896 0.000000 2462.818848 0.000000 0.999661 0.000000 -0.026025 1.000000 1.000000 1.000000
3744.037598 0.000000 2518.596680 0.000000 0.983826 0.000000 -0.179124 1.000000 1.000000 1.000000
3718.092529 0.000000 2509.367432 0.000000 0.965206 0.000000 -0.261492 1.000000 1.000000 1.000000
3721.110107 0.000000 2508.112793 0.000000 0.999720 0.000000 0.023659 1.000000 1.000000 1.000000
3608.491699 0.000000 2593.382324 0.000000 0.968284 0.000000 -0.249851 1.000000 1.000000 1.000000
3622.676758 0.000000 2583.211670 0.000000 0.999864 0.000000 -0.016485 1.000000 1.000000 1.000000
3671.319092 0.000000 2558.865234 0.000000 0.997742 0.000000 -0.067165 1.000000 1.000000 1.000000
3670.000000 0.000000 2560.733154 0.000000 0.999230 0.000000 -0.039233 1.000000 1.000000 1.000000
3638.472168 0.000000 2610.273926 0.000000 0.977164 0.000000 -0.212489 1.000000 1.000000 1.000000
3838.968506 0.000000 2589.772705 0.000000 0.997809 0.000000 -0.066155 1.000000 1.000000 1.000000
3837.324951 0.000000 2589.582275 0.000000 0.999040 0.000000 -0.043799 1.000000 1.000000 1.000000
3876.563477 0.000000 2569.478760 0.000000 0.995781 0.000000 -0.091766 1.000000 1.000000 1.000000
3872.399658 0.000000 2593.831299 0.000000 0.990511 0.000000 -0.137431 1.000000 1.000000 1.000000
3883.693115 0.000000 2604.037598 0.000000 0.999344 0.000000 -0.036221 1.000000 1.000000 1.000000
3423.900879 0.000000 2650.043945 0.000000 0.990554 0.000000 -0.137124 1.000000 1.000000 1.000000
3413.146240 0.000000 2663.460449 0.000000 0.967090 0.000000 -0.254435 1.000000 1.000000 1.000000
3415.505859 0.000000 2666.819092 0.000000 0.951674 0.000000 -0.307109 1.000000 1.000000 1.000000
3420.577637 0.000000 2674.510010 0.000000 0.942482 0.000000 -0.334257 1.000000 1.000000 1.000000
3438.927979 0.000000 2664.626221 0.000000 0.997649 0.000000 -0.068535 1.000000 1.000000 1.000000
3441.502197 0.000000 2655.895020 0.000000 0.956368 0.000000 -0.292165 1.000000 1.000000 1.000000
3459.218994 0.000000 2782.439697 0.000000 0.999899 0.000000 0.014198 1.000000 1.000000 1.000000
3459.702393 0.000000 2785.483887 0.000000 1.000000 0.000000 0.000791 1.000000 1.000000 1.000000
3458.163330 0.000000 2753.051270 0.000000 0.999989 0.000000 -0.004596 1.000000 1.000000 1.000000
3457.477295 0.000000 2781.132324 0.000000 0.990461 0.000000 -0.137790 1.000000 1.000000 1.000000
3464.410400 0.000000 2783.946533 0.000000 0.983924 0.000000 -0.178588 1.000000 1.000000 1.000000
3461.627197 0.000000 2782.158936 0.000000 0.945487 0.000000 -0.325660 1.000000 1.000000 1.000000
3455.863281 0.000000 2780.442383 0.000000 0.985490 0.000000 -0.169736 1.000000 1.000000 1.000000
3487.322266 0.000000 2814.071045 0.000000 0.954821 0.000000 -0.297181 1.000000 1.000000 1.000000
3488.669189 0.000000 2824.582031 0.000000 0.998900 0.000000 -0.046902 1.000000 1.000000 1.000000
3488.114746 0.000000 2807.896484 0.000000 0.997203 0.000000 -0.074739 1.000000 1.000000 1.000000
3485.957520 0.000000 2818.137939 0.000000 0.999360 0.000000 -0.035773 1.000000 1.000000 1.000000
3465.027832 0.000000 2789.456299 0.000000 0.947122 0.000000 -0.320875 1.000000 1.000000 1.000000
3523.345703 0.000000 2798.268311 0.000000 0.959495 0.000000 -0.281724 1.000000 1.000000 1.000000
3543.791992 0.000000 2833.474365 0.000000 0.943296 0.000000 -0.331952 1.000000 1.000000 1.000000
3537.375000 0.000000 2832.953613 0.000000 0.962530 0.000000 -0.271173 1.000000 1.000000 1.000000
3521.930908 0.000000 2802.695557 0.000000 0.962040 0.000000 -0.272907 1.000000 1.000000 1.000000
3511.269775 0.000000 2841.931885 0.000000 0.996887 0.000000 -0.078843 1.000000 1.000000 1.000000
3513.491699 0.000000 2844.482666 0.000000 0.999882 0.000000 -0.015388 1.000000 1.000000 1.000000
3540.900879 0.000000 2842.189453 0.000000 0.955554 0.000000 -0.294816 1.000000 1.000000 1.000000
3545.343506 0.000000 2843.715332 0.000000 0.972969 0.000000 -0.230934 1.000000 1.000000 1.000000
3553.093262 0.000000 2852.946533 0.000000 0.999833 0.000000 -0.018290 1.000000 1.000000 1.000000
3541.828613 0.000000 2864.249756 0.000000 0.999954 0.000000 0.009642 1.000000 1.000000 1.000000
3558.842773 0.000000 2917.572510 0.000000 0.974272 0.000000 -0.225375 1.000000 1.000000 1.000000
3740.783936 0.000000 2678.390381 0.000000 0.993898 0.000000 -0.110300 1.000000 1.000000 1.000000
3602.773193 0.000000 2862.734131 0.000000 0.998635 0.000000 -0.052233 1.000000 1.000000 1.000000
3599.863281 0.000000 2867.104492 0.000000 0.967509 0.000000 -0.252836 1.000000 1.000000 1.000000
3617.793457 0.000000 2910.160889 0.000000 0.960473 0.000000 -0.278374 1.000000 1.000000 1.000000
3604.844727 0.000000 2894.307861 0.000000 0.997632 0.000000 -0.068780 1.000000 1.000000 1.000000
3602.867188 0.000000 2894.419434 0.000000 0.991371 0.000000 -0.131089 1.000000 1.000000 1.000000
4119.419922 0.000000 682.647156 0.000000 0.990077 0.000000 -0.140525 1.000000 1.000000 1.000000
4136.380859 0.000000 677.333679 0.000000 0.997042 0.000000 -0.076864 1.000000 1.000000 1.000000
4100.575684 0.000000 865.610352 0.000000 0.994868 0.000000 -0.101185 1.000000 1.000000 1.000000
4207.856445 0.000000 854.553406 0.000000 0.962845 0.000000 -0.270054 1.000000 1.000000 1.000000
4113.498535 0.000000 928.862183 0.000000 0.999806 0.000000 0.019701 1.000000 1.000000 1.000000
4111.842773 0.000000 911.844116 0.000000 0.997687 0.000000 -0.067969 1.000000 1.000000 1.000000
4194.628906 0.000000 907.292603 0.000000 0.981915 0.000000 -0.189322 1.000000 1.000000 1.000000
4201.138672 0.000000 910.550537 0.000000 0.990862 0.000000 -0.134879 1.000000 1.000000 1.000000
4192.239746 0.000000 899.911987 0.000000 0.996075 0.000000 -0.088508 1.000000 1.000000 1.000000
4193.856934 0.000000 901.615845 0.000000 0.956125 0.000000 -0.292959 1.000000 1.000000 1.000000
4106.940430 0.000000 955.545044 0.000000 0.986510 0.000000 -0.163700 1.000000 1.000000 1.000000
4100.304688 0.000000 1023.578186 0.000000 0.999981 0.000000 -0.006187 1.000000 1.000000 1.000000
4260.473145 0.000000 1021.314331 0.000000 0.973903 0.000000 -0.226963 1.000000 1.000000 1.000000
4237.844727 0.000000 1021.386047 0.000000 0.997353 0.000000 -0.072710 1.000000 1.000000 1.000000
4146.748047 0.000000 1060.473633 0.000000 0.950684 0.000000 -0.310161 1.000000 1.000000 1.000000
4096.994141 0.000000 1045.252197 0.000000 0.999998 0.000000 0.002148 1.000000 1.000000 1.000000
4279.855469 0.000000 1086.686523 0.000000 0.986143 0.000000 -0.165896 1.000000 1.000000 1.000000
4834.550781 0.000000 860.050415 0.000000 0.978657 0.000000 -0.205501 1.000000 1.000000 1.000000
5059.890137 0.000000 779.704651 0.000000 0.999404 0.000000 0.034519 1.000000 1.000000 1.000000
4125.763672 0.000000 1222.538086 0.000000 0.994745 0.000000 -0.102385 1.000000 1.000000 1.000000
4106.940430 0.000000 1238.998169 0.000000 0.968683 0.000000 -0.248302 1.000000 1.000000 1.000000
4127.024414 0.000000 1263.034058 0.000000 0.993346 0.000000 -0.115171 1.000000 1.000000 1.000000
4111.379395 0.000000 1275.153320 0.000000 0.997100 0.000000 -0.076097 1.000000 1.000000 1.000000
4117.504395 0.000000 1254.509644 0.000000 0.987019 0.000000 -0.160604 1.000000 1.000000 1.000000
4102.813965 0.000000 1315.153564 0.000000 0.993892 0.000000 -0.110359 1.000000 1.000000 1.000000
4123.072266 0.000000 1311.259399 0.000000 0.976393 0.000000 -0.216001 1.000000 1.000000 1.000000
4118.356445 0.000000 1310.885986 0.000000 0.982804 0.000000 -0.184653 1.000000 1.000000 1.000000
4113.391113 0.000000 1275.592163 0.000000 0.999395 0.000000 0.034765 1.000000 1.000000 1.000000
4134.439453 0.000000 1277.775513 0.000000 0.999900 0.000000 0.014125 1.000000 1.000000 1.000000
5044.219238 0.000000 1218.051025 0.000000 0.986129 0.000000 -0.165981 1.000000 1.000000 1.000000
5093.610840 0.000000 1268.748901 0.000000 0.957894 0.000000 -0.287123 1.000000 1.000000 1.000000
5097.519043 0.000000 1230.584106 0.000000 0.943855 0.000000 -0.330359 1.000000 1.000000 1.000000
5105.110352 0.000000 1264.651367 0.000000 0.999614 0.000000 0.027795 1.000000 1.000000 1.000000
5117.060547 0.000000 1290.258301 0.000000 0.999865 0.000000 0.016435 1.000000 1.000000 1.000000
5229.870605 0.000000 942.891541 0.000000 0.954293 0.000000 -0.298874 1.000000 1.000000 1.000000
5261.174805 0.000000 944.532227 0.000000 0.995989 0.000000 -0.089481 1.000000 1.000000 1.000000
5253.916016 0.000000 972.244629 0.000000 0.999746 0.000000 -0.022537 1.000000 1.000000 1.000000
5280.989258 0.000000 961.133057 0.000000 0.979811 0.000000 -0.199928 1.000000 1.000000 1.000000
5301.005859 0.000000 995.357178 0.000000 0.966904 0.000000 -0.255140 1.000000 1.000000 1.000000
5286.072266 0.000000 992.973328 0.000000 0.997540 0.000000 -0.070104 1.000000 1.000000 1.000000
5302.844727 0.000000 1033.706787 0.000000 0.943599 0.000000 -0.331091 1.000000 1.000000 1.000000
5297.531738 0.000000 1005.065552 0.000000 0.996747 0.000000 -0.080598 1.000000 1.000000 1.000000
5267.232910 0.000000 1027.612183 0.000000 0.980405 0.000000 -0.196992 1.000000 1.000000 1.000000
5312.549805 0.000000 1039.036377 0.000000 0.999990 0.000000 0.004385 1.000000 1.000000 1.000000
5331.611328 0.000000 992.200745 0.000000 0.969597 0.000000 -0.244707 1.000000 1.000000 1.000000
5343.842773 0.000000 1006.846619 0.000000 0.999748 0.000000 -0.022441 1.000000 1.000000 1.000000
5312.354980 0.000000 1003.019287 0.000000 0.966622 0.000000 -0.256209 1.000000 1.000000 1.000000
5308.737793 0.000000 1039.530762 0.000000 0.995178 0.000000 -0.098086 1.000000 1.000000 1.000000
5252.578125 0.000000 1059.680664 0.000000 0.985682 0.000000 -0.168615 1.000000 1.000000 1.000000
5274.931641 0.000000 1075.048462 0.000000 0.999624 0.000000 -0.027421 1.000000 1.000000 1.000000
5338.522461 0.000000 1062.987427 0.000000 0.987073 0.000000 -0.160268 1.000000 1.000000 1.000000
5338.425293 0.000000 1059.804932 0.000000 0.941852 0.000000 -0.336027 1.000000 1.000000 1.000000
5372.458984 0.000000 1076.365479 0.000000 0.999654 0.000000 0.026317 1.000000 1.000000 1.000000
5258.605469 0.000000 1119.721313 0.000000 0.999711 0.000000 0.024061 1.000000 1.000000 1.000000
5406.331543 0.000000 968.077148 0.000000 0.999993 0.000000 -0.003789 1.000000 1.000000 1.000000
5398.551270 0.000000 988.807678 0.000000 0.997522 0.000000 -0.070357 1.000000 1.000000 1.000000
5406.217285 0.000000 966.238525 0.000000 0.966286 0.000000 -0.257469 1.000000 1.000000 1.000000
5427.835449 0.000000 972.030945 0.000000 0.998571 0.000000 -0.053432 1.000000 1.000000 1.000000
5418.943848 0.000000 973.257324 0.000000 0.986798 0.000000 -0.161957 1.000000 1.000000 1.000000
5387.385742 0.000000 998.390381 0.000000 0.990076 0.000000 -0.140531 1.000000 1.000000 1.000000
5412.375977 0.000000 1010.486450 0.000000 0.997276 0.000000 -0.073759 1.000000 1.000000 1.000000
5417.319824 0.000000 1031.193604 0.000000 0.941884 0.000000 -0.335938 1.000000 1.000000 1.000000
5420.243164 0.000000 1009.913025 0.000000 0.999997 0.000000 -0.002238 1.000000 1.000000 1.000000
5422.850586 0.000000 998.465210 0.000000 0.998851 0.000000 -0.047920 1.000000 1.000000 1.000000
5429.747070 0.000000 1001.697266 0.000000 0.999909 0.000000 0.013508 1.000000 1.000000 1.000000
5409.224121 0.000000 1024.317871 0.000000 0.999226 0.000000 -0.039331 1.000000 1.000000 1.000000
5406.149414 0.000000 1025.280762 0.000000 0.959394 0.000000 -0.282070 1.000000 1.000000 1.000000
5377.750000 0.000000 1002.279968 0.000000 0.970112 0.000000 -0.242659 1.000000 1.000000 1.000000
5411.749023 0.000000 1022.588806 0.000000 0.967057 0.000000 -0.254559 1.000000 1.000000 1.000000
5390.123535 0.000000 1070.601196 0.000000 0.998859 0.000000 -0.047756 1.000000 1.000000 1.000000
5401.558594 0.000000 1056.735474 0.000000 0.997766 0.000000 -0.066798 1.000000 1.000000 1.000000
5430.885254 0.000000 1058.331055 0.000000 0.956554 0.000000 -0.291557 1.000000 1.000000 1.000000
5405.607910 0.000000 1080.811523 0.000000 0.998152 0.000000 -0.060768 1.000000 1.000000 1.000000
5389.896973 0.000000 1045.967529 0.000000 0.999996 0.000000 0.002686 1.000000 1.000000 1.000000
5458.546875 0.000000 1067.530884 0.000000 0.947528 0.000000 -0.319674 1.000000 1.000000 1.000000
5462.284180 0.000000 1044.590942 0.000000 0.988310 0.000000 -0.152459 1.000000 1.000000 1.000000
5465.926758 0.000000 1042.423828 0.000000 0.963830 0.000000 -0.266518 1.000000 1.000000 1.000000
5124.593750 0.000000 1295.891602 0.000000 0.961886 0.000000 -0.273450 1.000000 1.000000 1.000000
5125.825195 0.000000 1323.025391 0.000000 0.992969 0.000000 -0.118377 1.000000 1.000000 1.000000
5128.477051 0.000000 1322.830322 0.000000 0.997482 0.000000 -0.070923 1.000000 1.000000 1.000000
4410.086426 0.000000 1690.067017 0.000000 0.985108 0.000000 -0.171939 1.000000 1.000000 1.000000
4503.674805 0.000000 1699.661621 0.000000 0.999847 0.000000 0.017476 1.000000 1.000000 1.000000
4322.613281 0.000000 1804.894165 0.000000 0.999487 0.000000 0.032039 1.000000 1.000000 1.000000
4325.325684 0.000000 1803.420654 0.000000 0.994038 0.000000 -0.109031 1.000000 1.000000 1.000000
4416.740234 0.000000 1718.553589 0.000000 0.996716 0.000000 -0.080974 1.000000 1.000000 1.000000
4477.535645 0.000000 1704.877075 0.000000 0.999089 0.000000 -0.042672 1.000000 1.000000 1.000000
4477.535645 0.000000 1752.119263 0.000000 0.992331 0.000000 -0.123607 1.000000 1.000000 1.000000
4521.974121 0.000000 1734.821777 0.000000 0.989579 0.000000 -0.143992 1.000000 1.000000 1.000000
4527.395996 0.000000 1716.417969 0.000000 0.964675 0.000000 -0.263445 1.000000 1.000000 1.000000
4518.844238 0.000000 1720.458374 0.000000 0.999828 0.000000 -0.018523 1.000000 1.000000 1.000000
4507.721191 0.000000 1748.081055 0.000000 0.973002 0.000000 -0.230795 1.000000 1.000000 1.000000
4534.938477 0.000000 1789.581787 0.000000 0.999471 0.000000 -0.032523 1.000000 1.000000 1.000000
4514.589844 0.000000 1757.651978 0.000000 0.956747 0.000000 -0.290920 1.000000 1.000000 1.000000
4493.395508 0.000000 1751.890259 0.000000 0.996866 0.000000 -0.079106 1.000000 1.000000 1.000000
4501.636230 0.000000 1771.271362 0.000000 0.984952 0.000000 -0.172830 1.000000 1.000000 1.000000
4548.664062 0.000000 1768.313477 0.000000 0.998591 0.000000 -0.053074 1.000000 1.000000 1.000000
4544.504883 0.000000 1784.269409 0.000000 0.997199 0.000000 -0.074789 1.000000 1.000000 1.000000
4549.970215 0.000000 1770.400024 0.000000 0.993060 0.000000 -0.117608 1.000000 1.000000 1.000000
4600.773438 0.000000 1781.881470 0.000000 0.970209 0.000000 -0.242270 1.000000 1.000000 1.000000
4407.010254 0.000000 1814.206055 0.000000 0.964939 0.000000 -0.262474 1.000000 1.000000 1.000000
4371.719727 0.000000 1809.611206 0.000000 0.999644 0.000000 -0.026696 1.000000 1.000000 1.000000
4356.848145 0.000000 1832.359741 0.000000 0.949484 0.000000 -0.313814 1.000000 1.000000 1.000000
4390.443848 0.000000 1838.045044 0.000000 0.999869 0.000000 0.016190 1.000000 1.000000 1.000000
4395.740234 0.000000 1841.070801 0.000000 0.998551 0.000000 -0.053813 1.000000 1.000000 1.000000
4406.661133 0.000000 1812.118042 0.000000 0.977255 0.000000 -0.212066 1.000000 1.000000 1.000000
4477.944824 0.000000 1819.189575 0.000000 0.982900 0.000000 -0.184141 1.000000 1.000000 1.000000
4474.215332 0.000000 1817.087769 0.000000 0.990252 0.000000 -0.139289 1.000000 1.000000 1.000000
4467.581543 0.000000 1804.541992 0.000000 0.990957 0.000000 -0.134183 1.000000 1.000000 1.000000
4473.367188 0.000000 1819.520142 0.000000 0.966909 0.000000 -0.255122 1.000000 1.000000 1.000000
4471.634766 0.000000 1805.795654 0.000000 0.988378 0.000000 -0.152018 1.000000 1.000000 1.000000
4447.952148 0.000000 1857.206055 0.000000 0.998103 0.000000 -0.061565 1.000000 1.000000 1.000000
4540.429199 0.000000 1806.059937 0.000000 0.983768 0.000000 -0.179443 1.000000 1.000000 1.000000
4512.665039 0.000000 1819.771851 0.000000 0.986075 0.000000 -0.166304 1.000000 1.000000 1.000000
4501.497559 0.000000 1797.191650 0.000000 0.979450 0.000000 -0.201689 1.000000 1.000000 1.000000
4538.482910 0.000000 1835.795410 0.000000 0.969743 0.000000 -0.244129 1.000000 1.000000 1.000000
4510.025879 0.000000 1813.216309 0.000000 0.943772 0.000000 -0.330597 1.000000 1.000000 1.000000
4569.660156 0.000000 1812.610474 0.000000 0.946195 0.000000 -0.323596 1.000000 1.000000 1.000000
4588.152832 0.000000 1833.081909 0.000000 0.985154 0.000000 -0.171676 1.000000 1.000000 1.000000
4540.831543 0.000000 1842.647949 0.000000 0.985537 0.000000 -0.169458 1.000000 1.000000 1.000000
4527.479980 0.000000 1844.120483 0.000000 0.943319 0.000000 -0.331889 1.000000 1.000000 1.000000
4600.108887 0.000000 1843.750000 0.000000 0.996848 0.000000 -0.079333 1.000000 1.000000 1.000000
4645.665527 0.000000 1646.686401 0.000000 0.997538 0.000000 -0.070133 1.000000 1.000000 1.000000
4719.820312 0.000000 1661.955933 0.000000 0.988151 0.000000 -0.153487 1.000000 1.000000 1.000000
4760.777344 0.000000 1635.135864 0.000000 0.999979 0.000000 0.006486 1.000000 1.000000 1.000000
4745.537598 0.000000 1645.483032 0.000000 0.972157 0.000000 -0.234330 1.000000 1.000000 1.000000
4847.804688 0.000000 1614.713745 0.000000 1.000000 0.000000 -0.000574 1.000000 1.000000 1.000000
4849.272461 0.000000 1671.838379 0.000000 0.964370 0.000000 -0.264557 1.000000 1.000000 1.000000
4854.059570 0.000000 1690.666016 0.000000 0.993061 0.000000 -0.117602 1.000000 1.000000 1.000000
4883.723145 0.000000 1632.075439 0.000000 0.955616 0.000000 -0.294616 1.000000 1.000000 1.000000
4961.153809 0.000000 1606.515137 0.000000 0.997937 0.000000 -0.064207 1.000000 1.000000 1.000000
4964.652344 0.000000 1642.212769 0.000000 0.990660 0.000000 -0.136354 1.000000 1.000000 1.000000
4929.968262 0.000000 1652.262451 0.000000 0.995235 0.000000 -0.097504 1.000000 1.000000 1.000000
4891.674316 0.000000 1653.596680 0.000000 0.956030 0.000000 -0.293267 1.000000 1.000000 1.000000
4913.578613 0.000000 1666.456299 0.000000 0.987718 0.000000 -0.156250 1.000000 1.000000 1.000000
4922.632324 0.000000 1666.674927 0.000000 0.977906 0.000000 -0.209046 1.000000 1.000000 1.000000
4923.079102 0.000000 1687.801147 0.000000 0.996665 0.000000 -0.081601 1.000000 1.000000 1.000000
4925.083984 0.000000 1668.195801 0.000000 0.944138 0.000000 -0.329550 1.000000 1.000000 1.000000
4863.489746 0.000000 1673.585205 0.000000 0.979731 0.000000 -0.200317 1.000000 1.000000 1.000000
4872.325195 0.000000 1686.647217 0.000000 0.973494 0.000000 -0.228711 1.000000 1.000000 1.000000
4923.252441 0.000000 1669.263672 0.000000 0.953965 0.000000 -0.299917 1.000000 1.000000 1.000000
4972.024414 0.000000 1663.869385 0.000000 0.999413 0.000000 0.034263 1.000000 1.000000 1.000000
5045.526855 0.000000 1645.034302 0.000000 0.997884 0.000000 -0.065018 1.000000 1.000000 1.000000
5014.247070 0.000000 1688.823486 0.000000 0.968232 0.000000 -0.250055 1.000000 1.000000 1.000000
4997.915527 0.000000 1675.915649 0.000000 0.991373 0.000000 -0.131071 1.000000 1.000000 1.000000
5064.583008 0.000000 1675.952759 0.000000 0.999524 0.000000 0.030840 1.000000 1.000000 1.000000
5056.554199 0.000000 1680.293579 0.000000 0.958990 0.000000 -0.283439 1.000000 1.000000 1.000000
4683.849609 0.000000 1715.649170 0.000000 0.952502 0.000000 -0.304533 1.000000 1.000000 1.000000
4675.554199 0.000000 1746.155640 0.000000 0.999794 0.000000 0.020301 1.000000 1.000000 1.000000
4673.123047 0.000000 1745.097534 0.000000 0.991533 0.000000 -0.129858 1.000000 1.000000 1.000000
4632.367188 0.000000 1790.265015 0.000000 0.955483 0.000000 -0.295045 1.000000 1.000000 1.000000
4633.148438 0.000000 1792.405762 0.000000 0.942333 0.000000 -0.334677 1.000000 1.000000 1.000000
4741.872070 0.000000 1700.962891 0.000000 0.998803 0.000000 -0.048911 1.000000 1.000000 1.000000
4785.548340 0.000000 1700.874756 0.000000 0.997556 0.000000 -0.069877 1.000000 1.000000 1.000000
4777.397949 0.000000 1739.826416 0.000000 0.999983 0.000000 0.005766 1.000000 1.000000 1.000000
4759.821777 0.000000 1702.495361 0.000000 0.981753 0.000000 -0.190160 1.000000 1.000000 1.000000
4798.083496 0.000000 1721.309570 0.000000 0.954429 0.000000 -0.298438 1.000000 1.000000 1.000000
4777.038574 0.000000 1737.230347 0.000000 0.951320 0.000000 -0.308205 1.000000 1.000000 1.000000
4779.839355 0.000000 1734.823853 0.000000 0.961101 0.000000 -0.276198 1.000000 1.000000 1.000000
4800.693359 0.000000 1718.553589 0.000000 0.993279 0.000000 -0.115744 1.000000 1.000000 1.000000
4860.779785 0.000000 1707.266235 0.000000 0.962541 0.000000 -0.271137 1.000000 1.000000 1.000000
4735.429199 0.000000 1786.664917 0.000000 0.960137 0.000000 -0.279529 1.000000 1.000000 1.000000
4824.769531 0.000000 1776.862427 0.000000 0.981578 0.000000 -0.191060 1.000000 1.000000 1.000000
4614.258301 0.000000 1886.207153 0.000000 0.995659 0.000000 -0.093072 1.000000 1.000000 1.000000
4634.386230 0.000000 1851.291382 0.000000 0.996724 0.000000 -0.080875 1.000000 1.000000 1.000000
4695.093262 0.000000 1857.684814 0.000000 0.998462 0.000000 -0.055440 1.000000 1.000000 1.000000
4835.788086 0.000000 1795.258789 0.000000 0.993596 0.000000 -0.112994 1.000000 1.000000 1.000000
4781.089844 0.000000 1843.318115 0.000000 0.980604 0.000000 -0.195998 1.000000 1.000000 1.000000
4829.711914 0.000000 1862.131104 0.000000 0.979311 0.000000 -0.202360 1.000000 1.000000 1.000000
4895.721191 0.000000 1705.200073 0.000000 0.990836 0.000000 -0.135070 1.000000 1.000000 1.000000
4883.666016 0.000000 1700.833618 0.000000 0.999979 0.000000 -0.006476 1.000000 1.000000 1.000000
4880.513672 0.000000 1743.180542 0.000000 0.982363 0.000000 -0.186983 1.000000 1.000000 1.000000
4931.622559 0.000000 1729.452271 0.000000 0.999997 0.000000 -0.002279 1.000000 1.000000 1.000000
5073.381836 0.000000 1731.979370 0.000000 0.961501 0.000000 -0.274802 1.000000 1.000000 1.000000
5107.448242 0.000000 1742.202026 0.000000 0.958224 0.000000 -0.286019 1.000000 1.000000 1.000000
5069.003906 0.000000 1718.101318 0.000000 0.999640 0.000000 0.026837 1.000000 1.000000 1.000000
5089.747559 0.000000 1704.733032 0.000000 0.997640 0.000000 -0.068667 1.000000 1.000000 1.000000
5064.765137 0.000000 1720.067993 0.000000 0.999487 0.000000 -0.032039 1.000000 1.000000 1.000000
5070.483398 0.000000 1718.572998 0.000000 0.999712 0.000000 -0.024008 1.000000 1.000000 1.000000
5020.627930 0.000000 1780.788696 0.000000 0.972414 0.000000 -0.233261 1.000000 1.000000 1.000000
5023.767090 0.000000 1759.588379 0.000000 0.957407 0.000000 -0.288743 1.000000 1.000000 1.000000
4915.908691 0.000000 1830.001465 0.000000 0.997420 0.000000 -0.071783 1.000000 1.000000 1.000000
4882.242188 0.000000 1839.015503 0.000000 0.987688 0.000000 -0.156435 1.000000 1.000000 1.000000
4928.416504 0.000000 1818.124390 0.000000 0.965267 0.000000 -0.261265 1.000000 1.000000 1.000000
4943.372559 0.000000 1796.930420 0.000000 0.995239 0.000000 -0.097461 1.000000 1.000000 1.000000
4930.479980 0.000000 1819.864136 0.000000 0.990807 0.000000 -0.135284 1.000000 1.000000 1.000000
4871.422363 0.000000 1884.487793 0.000000 0.997911 0.000000 -0.064606 1.000000 1.000000 1.000000
4927.767578 0.000000 1872.802734 0.000000 0.997212 0.000000 -0.074624 1.000000 1.000000 1.000000
4950.674805 0.000000 1854.310791 0.000000 0.988503 0.000000 -0.151203 1.000000 1.000000 1.000000
4931.437012 0.000000 1876.691895 0.000000 0.952761 0.000000 -0.303720 1.000000 1.000000 1.000000
4957.662598 0.000000 1883.928711 0.000000 0.999904 0.000000 0.013887 1.000000 1.000000 1.000000
4989.473145 0.000000 1846.603638 0.000000 0.961794 0.000000 -0.273773 1.000000 1.000000 1.000000
5050.008301 0.000000 1831.793579 0.000000 0.991343 0.000000 -0.131299 1.000000 1.000000 1.000000
5075.633789 0.000000 1809.611206 0.000000 0.964561 0.000000 -0.263860 1.000000 1.000000 1.000000
5097.029297 0.000000 1808.152100 0.000000 0.999763 0.000000 -0.021784 1.000000 1.000000 1.000000
5049.226074 0.000000 1858.851318 0.000000 0.963898 0.000000 -0.266271 1.000000 1.000000 1.000000
5049.959473 0.000000 1861.570923 0.000000 0.997970 0.000000 -0.063687 1.000000 1.000000 1.000000
5082.553711 0.000000 1866.104614 0.000000 0.976025 0.000000 -0.217658 1.000000 1.000000 1.000000
4381.760742 0.000000 2075.200195 0.000000 0.946632 0.000000 -0.322316 1.000000 1.000000 1.000000
4380.475098 0.000000 2077.906006 0.000000 0.944638 0.000000 -0.328116 1.000000 1.000000 1.000000
4427.880859 0.000000 2046.344482 0.000000 0.999947 0.000000 0.010269 1.000000 1.000000 1.000000
4278.969727 0.000000 2167.519531 0.000000 0.999333 0.000000 -0.036520 1.000000 1.000000 1.000000
4268.666016 0.000000 2187.358643 0.000000 0.960231 0.000000 -0.279205 1.000000 1.000000 1.000000
4332.658203 0.000000 2187.358643 0.000000 0.999823 0.000000 0.018805 1.000000 1.000000 1.000000
4331.638672 0.000000 2178.857910 0.000000 0.996852 0.000000 -0.079291 1.000000 1.000000 1.000000
4337.648926 0.000000 2186.120361 0.000000 0.963224 0.000000 -0.268698 1.000000 1.000000 1.000000
4326.522461 0.000000 2182.692139 0.000000 0.975065 0.000000 -0.221921 1.000000 1.000000 1.000000
4393.604980 0.000000 2080.943604 0.000000 0.964683 0.000000 -0.263414 1.000000 1.000000 1.000000
4381.184082 0.000000 2078.659180 0.000000 0.999532 0.000000 0.030605 1.000000 1.000000 1.000000
4390.408691 0.000000 2080.892822 0.000000 0.953865 0.000000 -0.300236 1.000000 1.000000 1.000000
4436.656250 0.000000 2111.531006 0.000000 0.941705 0.000000 -0.336439 1.000000 1.000000 1.000000
4475.133789 0.000000 2112.980957 0.000000 0.986603 0.000000 -0.163141 1.000000 1.000000 1.000000
4437.719238 0.000000 2108.374756 0.000000 0.992928 0.000000 -0.118720 1.000000 1.000000 1.000000
4450.644043 0.000000 2091.701660 0.000000 0.999999 0.000000 -0.001174 1.000000 1.000000 1.000000
4442.826660 0.000000 2119.640137 0.000000 0.988681 0.000000 -0.150035 1.000000 1.000000 1.000000
4474.078613 0.000000 2115.246826 0.000000 0.996091 0.000000 -0.088335 1.000000 1.000000 1.000000
4472.789062 0.000000 2112.576904 0.000000 0.999608 0.000000 0.028013 1.000000 1.000000 1.000000
4454.996094 0.000000 2091.248291 0.000000 0.999377 0.000000 0.035292 1.000000 1.000000 1.000000
4444.913086 0.000000 2118.368164 0.000000 0.980500 0.000000 -0.196521 1.000000 1.000000 1.000000
4461.336914 0.000000 2084.677002 0.000000 0.990801 0.000000 -0.135328 1.000000 1.000000 1.000000
4460.200684 0.000000 2087.570801 0.000000 0.979500 0.000000 -0.201445 1.000000 1.000000 1.000000
4452.449707 0.000000 2155.126953 0.000000 0.986638 0.000000 -0.162930 1.000000 1.000000 1.000000
4449.397461 0.000000 2171.386963 0.000000 0.999943 0.000000 0.010674 1.000000 1.000000 1.000000
4461.330078 0.000000 2166.418945 0.000000 0.993789 0.000000 -0.111277 1.000000 1.000000 1.000000
4465.188477 0.000000 2162.253174 0.000000 0.967200 0.000000 -0.254018 1.000000 1.000000 1.000000
4483.677246 0.000000 2107.389893 0.000000 0.999942 0.000000 0.010799 1.000000 1.000000 1.000000
4484.832520 0.000000 2115.812988 0.000000 0.959973 0.000000 -0.280093 1.000000 1.000000 1.000000
4542.882812 0.000000 2117.350830 0.000000 0.999630 0.000000 -0.027202 1.000000 1.000000 1.000000
4479.477051 0.000000 2123.959961 0.000000 0.945448 0.000000 -0.325773 1.000000 1.000000 1.000000
4536.889160 0.000000 2120.207764 0.000000 0.944468 0.000000 -0.328603 1.000000 1.000000 1.000000
4569.123047 0.000000 2117.177246 0.000000 0.998949 0.000000 -0.045841 1.000000 1.000000 1.000000
4562.656250 0.000000 2106.859131 0.000000 0.986608 0.000000 -0.163112 1.000000 1.000000 1.000000
4547.483887 0.000000 2112.902832 0.000000 0.984947 0.000000 -0.172859 1.000000 1.000000 1.000000
4591.105469 0.000000 2108.796387 0.000000 0.967126 0.000000 -0.254296 1.000000 1.000000 1.000000
4593.989258 0.000000 2105.897705 0.000000 0.946231 0.000000 -0.323491 1.000000 1.000000 1.000000
4571.017578 0.000000 2114.376709 0.000000 0.994775 0.000000 -0.102089 1.000000 1.000000 1.000000
4606.672852 0.000000 2124.459229 0.000000 0.991164 0.000000 -0.132640 1.000000 1.000000 1.000000
4568.680664 0.000000 2114.833008 0.000000 0.975752 0.000000 -0.218877 1.000000 1.000000 1.000000
4593.363770 0.000000 2108.132568 0.000000 0.999654 0.000000 0.026307 1.000000 1.000000 1.000000
4604.568848 0.000000 2124.263916 0.000000 0.955888 0.000000 -0.293731 1.000000 1.000000 1.000000
4568.182617 0.000000 2118.945557 0.000000 0.958183 0.000000 -0.286157 1.000000 1.000000 1.000000
4543.542969 0.000000 2107.114990 0.000000 0.942288 0.000000 -0.334803 1.000000 1.000000 1.000000
4543.464844 0.000000 2110.703613 0.000000 0.991067 0.000000 -0.133365 1.000000 1.000000 1.000000
4607.180176 0.000000 2122.522461 0.000000 0.954121 0.000000 -0.299422 1.000000 1.000000 1.000000
4544.708984 0.000000 2110.377686 0.000000 0.964570 0.000000 -0.263826 1.000000 1.000000 1.000000
4542.882812 0.000000 2164.593018 0.000000 0.991345 0.000000 -0.131285 1.000000 1.000000 1.000000
4488.555176 0.000000 2125.947754 0.000000 0.993647 0.000000 -0.112544 1.000000 1.000000 1.000000
4483.671387 0.000000 2152.461670 0.000000 0.999998 0.000000 0.002162 1.000000 1.000000 1.000000
4513.119629 0.000000 2152.372803 0.000000 0.949950 0.000000 -0.312402 1.000000 1.000000 1.000000
4508.905273 0.000000 2165.610352 0.000000 0.999782 0.000000 0.020861 1.000000 1.000000 1.000000
4542.407227 0.000000 2162.831543 0.000000 0.996542 0.000000 -0.083096 1.000000 1.000000 1.000000
4481.284668 0.000000 2128.404297 0.000000 0.978212 0.000000 -0.207607 1.000000 1.000000 1.000000
4506.150391 0.000000 2163.075439 0.000000 0.996597 0.000000 -0.082431 1.000000 1.000000 1.000000
4508.392578 0.000000 2166.953369 0.000000 0.975442 0.000000 -0.220257 1.000000 1.000000 1.000000
4503.193359 0.000000 2162.360352 0.000000 0.996588 0.000000 -0.082539 1.000000 1.000000 1.000000
4512.314453 0.000000 2153.479736 0.000000 0.999969 0.000000 0.007821 1.000000 1.000000 1.000000
4505.295410 0.000000 2167.158691 0.000000 0.998823 0.000000 -0.048508 1.000000 1.000000 1.000000
4504.054688 0.000000 2167.214355 0.000000 0.999962 0.000000 0.008771 1.000000 1.000000 1.000000
4504.708008 0.000000 2165.324219 0.000000 0.992043 0.000000 -0.125899 1.000000 1.000000 1.000000
4583.408691 0.000000 2154.046631 0.000000 0.983843 0.000000 -0.179036 1.000000 1.000000 1.000000
4583.561035 0.000000 2156.095215 0.000000 0.999188 0.000000 -0.040300 1.000000 1.000000 1.000000
4360.424805 0.000000 2190.854004 0.000000 0.949595 0.000000 -0.313478 1.000000 1.000000 1.000000
4408.550293 0.000000 2193.604248 0.000000 0.999713 0.000000 -0.023945 1.000000 1.000000 1.000000
4404.262207 0.000000 2196.630371 0.000000 0.999333 0.000000 0.036525 1.000000 1.000000 1.000000
4437.021484 0.000000 2191.038574 0.000000 0.998685 0.000000 -0.051261 1.000000 1.000000 1.000000
4439.912598 0.000000 2186.605713 0.000000 0.990364 0.000000 -0.138491 1.000000 1.000000 1.000000
4646.150391 0.000000 1890.574951 0.000000 0.998213 0.000000 -0.059757 1.000000 1.000000 1.000000
4649.054199 0.000000 1926.199097 0.000000 0.999854 0.000000 -0.017099 1.000000 1.000000 1.000000
4644.299805 0.000000 1899.323120 0.000000 0.988436 0.000000 -0.151638 1.000000 1.000000 1.000000
4653.239746 0.000000 1958.393555 0.000000 0.999842 0.000000 -0.017763 1.000000 1.000000 1.000000
4655.464355 0.000000 1938.604858 0.000000 0.994627 0.000000 -0.103520 1.000000 1.000000 1.000000
4710.404785 0.000000 1979.771606 0.000000 0.996073 0.000000 -0.088537 1.000000 1.000000 1.000000
4691.260254 0.000000 2007.420410 0.000000 0.999958 0.000000 -0.009165 1.000000 1.000000 1.000000
4697.107422 0.000000 2022.692749 0.000000 0.999973 0.000000 0.007298 1.000000 1.000000 1.000000
4696.728027 0.000000 2017.839844 0.000000 0.999310 0.000000 -0.037134 1.000000 1.000000 1.000000
4698.750977 0.000000 2017.594849 0.000000 0.994172 0.000000 -0.107806 1.000000 1.000000 1.000000
4670.958008 0.000000 2066.665527 0.000000 0.998965 0.000000 -0.045490 1.000000 1.000000 1.000000
4636.429199 0.000000 2060.361572 0.000000 0.999874 0.000000 0.015846 1.000000 1.000000 1.000000
4640.528809 0.000000 2068.707031 0.000000 0.943775 0.000000 -0.330588 1.000000 1.000000 1.000000
4662.297363 0.000000 2054.739258 0.000000 0.989123 0.000000 -0.147092 1.000000 1.000000 1.000000
4635.554199 0.000000 2059.057129 0.000000 0.947498 0.000000 -0.319762 1.000000 1.000000 1.000000
4647.474609 0.000000 2068.389404 0.000000 0.967803 0.000000 -0.251708 1.000000 1.000000 1.000000
4647.903809 0.000000 2070.368896 0.000000 0.978430 0.000000 -0.206581 1.000000 1.000000 1.000000
4645.933105 0.000000 2073.277832 0.000000 0.989246 0.000000 -0.146262 1.000000 1.000000 1.000000
4642.709961 0.000000 2073.128662 0.000000 0.953205 0.000000 -0.302323 1.000000 1.000000 1.000000
4671.433105 0.000000 2073.783203 0.000000 0.989674 0.000000 -0.143337 1.000000 1.000000 1.000000
4671.714844 0.000000 2071.809326 0.000000 0.999740 0.000000 0.022824 1.000000 1.000000 1.000000
4965.634766 0.000000 1951.238647 0.000000 0.993304 0.000000 -0.115527 1.000000 1.000000 1.000000
4965.844727 0.000000 1958.737305 0.000000 0.962661 0.000000 -0.270708 1.000000 1.000000 1.000000
4985.967285 0.000000 1956.055298 0.000000 0.999645 0.000000 -0.026637 1.000000 1.000000 1.000000
4983.733398 0.000000 1959.270996 0.000000 0.951911 0.000000 -0.306375 1.000000 1.000000 1.000000
4976.293945 0.000000 1956.628052 0.000000 0.999365 0.000000 -0.035635 1.000000 1.000000 1.000000
5012.765625 0.000000 1927.760742 0.000000 0.996813 0.000000 -0.079776 1.000000 1.000000 1.000000
5085.059082 0.000000 1899.526978 0.000000 0.943865 0.000000 -0.330331 1.000000 1.000000 1.000000
5101.251953 0.000000 1930.208008 0.000000 0.999909 0.000000 -0.013511 1.000000 1.000000 1.000000
5059.023926 0.000000 1932.080322 0.000000 0.984607 0.000000 -0.174782 1.000000 1.000000 1.000000
4653.432129 0.000000 2113.681152 0.000000 0.996817 0.000000 -0.079721 1.000000 1.000000 1.000000
4637.113770 0.000000 2088.495850 0.000000 0.974690 0.000000 -0.223561 1.000000 1.000000 1.000000
4616.637695 0.000000 2101.132568 0.000000 0.994420 0.000000 -0.105490 1.000000 1.000000 1.000000
4630.752930 0.000000 2104.178467 0.000000 0.942700 0.000000 -0.333643 1.000000 1.000000 1.000000
4666.481934 0.000000 2121.270752 0.000000 0.943889 0.000000 -0.330263 1.000000 1.000000 1.000000
4659.502930 0.000000 2120.139648 0.000000 0.999982 0.000000 -0.006060 1.000000 1.000000 1.000000
4650.741699 0.000000 2094.647949 0.000000 0.972380 0.000000 -0.233405 1.000000 1.000000 1.000000
4629.883301 0.000000 2088.311279 0.000000 0.984734 0.000000 -0.174064 1.000000 1.000000 1.000000
4650.449707 0.000000 2092.862305 0.000000 0.980315 0.000000 -0.197439 1.000000 1.000000 1.000000
4628.580566 0.000000 2084.280518 0.000000 0.954090 0.000000 -0.299521 1.000000 1.000000 1.000000
4656.489258 0.000000 2121.634277 0.000000 0.999953 0.000000 -0.009678 1.000000 1.000000 1.000000
4653.097168 0.000000 2093.801270 0.000000 0.947238 0.000000 -0.320530 1.000000 1.000000 1.000000
4686.209473 0.000000 2109.929443 0.000000 0.960679 0.000000 -0.277661 1.000000 1.000000 1.000000
4695.350098 0.000000 2099.912842 0.000000 0.990105 0.000000 -0.140325 1.000000 1.000000 1.000000
4675.070801 0.000000 2121.049072 0.000000 0.999961 0.000000 -0.008857 1.000000 1.000000 1.000000
4616.791016 0.000000 2152.845703 0.000000 0.999496 0.000000 0.031734 1.000000 1.000000 1.000000
4670.201172 0.000000 2135.051025 0.000000 0.993236 0.000000 -0.116113 1.000000 1.000000 1.000000
4614.283203 0.000000 2151.710205 0.000000 0.944303 0.000000 -0.329078 1.000000 1.000000 1.000000
4616.822754 0.000000 2151.438477 0.000000 0.967465 0.000000 -0.253005 1.000000 1.000000 1.000000
4692.572754 0.000000 2131.522705 0.000000 0.985051 0.000000 -0.172262 1.000000 1.000000 1.000000
5171.440430 0.000000 1742.202026 0.000000 0.945512 0.000000 -0.325587 1.000000 1.000000 1.000000
5119.674805 0.000000 1752.015259 0.000000 0.982484 0.000000 -0.186349 1.000000 1.000000 1.000000
5130.187012 0.000000 1784.847656 0.000000 0.972047 0.000000 -0.234788 1.000000 1.000000 1.000000
5146.740723 0.000000 1788.944702 0.000000 0.982172 0.000000 -0.187984 1.000000 1.000000 1.000000
5219.626953 0.000000 1775.446655 0.000000 0.954857 0.000000 -0.297065 1.000000 1.000000 1.000000
5165.549805 0.000000 1926.586426 0.000000 0.947200 0.000000 -0.320644 1.000000 1.000000 1.000000
5143.295410 0.000000 1958.186279 0.000000 0.991750 0.000000 -0.128184 1.000000 1.000000 1.000000
5150.899902 0.000000 1971.666870 0.000000 0.963059 0.000000 -0.269290 1.000000 1.000000 1.000000
5228.548828 0.000000 1951.147583 0.000000 0.975456 0.000000 -0.220196 1.000000 1.000000 1.000000
5278.299316 0.000000 1935.677002 0.000000 0.988207 0.000000 -0.153127 1.000000 1.000000 1.000000
5268.660645 0.000000 1924.338745 0.000000 0.949398 0.000000 -0.314077 1.000000 1.000000 1.000000
5340.343262 0.000000 1918.635010 0.000000 0.965693 0.000000 -0.259686 1.000000 1.000000 1.000000
5280.393555 0.000000 1971.790161 0.000000 0.999988 0.000000 -0.004869 1.000000 1.000000 1.000000
5331.602539 0.000000 1951.337769 0.000000 0.969926 0.000000 -0.243399 1.000000 1.000000 1.000000
5138.585938 0.000000 2012.374634 0.000000 0.988975 0.000000 -0.148082 1.000000 1.000000 1.000000
5211.538086 0.000000 2028.880615 0.000000 0.984660 0.000000 -0.174485 1.000000 1.000000 1.000000
5120.452148 0.000000 2032.313599 0.000000 0.974865 0.000000 -0.222796 1.000000 1.000000 1.000000
5216.002441 0.000000 2062.091064 0.000000 0.999973 0.000000 -0.007345 1.000000 1.000000 1.000000
5343.842773 0.000000 1998.932617 0.000000 0.992507 0.000000 -0.122185 1.000000 1.000000 1.000000
5364.685059 0.000000 2028.242554 0.000000 0.970909 0.000000 -0.239448 1.000000 1.000000 1.000000
5367.991699 0.000000 2028.449219 0.000000 0.999729 0.000000 -0.023294 1.000000 1.000000 1.000000
5281.295898 0.000000 2076.902344 0.000000 0.999400 0.000000 0.034626 1.000000 1.000000 1.000000
5411.056152 0.000000 1922.911255 0.000000 0.982775 0.000000 -0.184805 1.000000 1.000000 1.000000
5448.291992 0.000000 1954.642944 0.000000 0.999925 0.000000 0.012264 1.000000 1.000000 1.000000
5405.186035 0.000000 2000.766846 0.000000 0.947210 0.000000 -0.320613 1.000000 1.000000 1.000000
5408.435059 0.000000 2068.707031 0.000000 0.979297 0.000000 -0.202428 1.000000 1.000000 1.000000
5491.838379 0.000000 2066.212402 0.000000 0.974693 0.000000 -0.223547 1.000000 1.000000 1.000000
5476.409180 0.000000 2065.541504 0.000000 0.969809 0.000000 -0.243868 1.000000 1.000000 1.000000
5518.107910 0.000000 2015.444946 0.000000 0.999072 0.000000 -0.043075 1.000000 1.000000 1.000000
5546.811035 0.000000 2025.094849 0.000000 0.998199 0.000000 -0.059982 1.000000 1.000000 1.000000
5543.178223 0.000000 2024.033691 0.000000 0.962815 0.000000 -0.270163 1.000000 1.000000 1.000000
5535.643066 0.000000 2035.895386 0.000000 0.980729 0.000000 -0.195372 1.000000 1.000000 1.000000
5503.627930 0.000000 2035.468384 0.000000 0.963138 0.000000 -0.269008 1.000000 1.000000 1.000000
5523.579102 0.000000 2045.822144 0.000000 0.953017 0.000000 -0.302916 1.000000 1.000000 1.000000
5235.869629 0.000000 2113.454590 0.000000 0.990116 0.000000 -0.140254 1.000000 1.000000 1.000000
5322.793945 0.000000 2080.352051 0.000000 0.999948 0.000000 0.010162 1.000000 1.000000 1.000000
5361.478027 0.000000 2078.812256 0.000000 0.998421 0.000000 -0.056167 1.000000 1.000000 1.000000
5325.293945 0.000000 2082.585693 0.000000 0.979607 0.000000 -0.200924 1.000000 1.000000 1.000000
5370.408691 0.000000 2171.776611 0.000000 0.967844 0.000000 -0.251552 1.000000 1.000000 1.000000
5315.748535 0.000000 2177.801270 0.000000 0.974826 0.000000 -0.222969 1.000000 1.000000 1.000000
5396.674805 0.000000 2086.314453 0.000000 0.999992 0.000000 0.004115 1.000000 1.000000 1.000000
5424.239258 0.000000 2098.354736 0.000000 0.987197 0.000000 -0.159504 1.000000 1.000000 1.000000
5477.563965 0.000000 2119.108398 0.000000 0.946119 0.000000 -0.323818 1.000000 1.000000 1.000000
5421.188477 0.000000 2224.049072 0.000000 0.990319 0.000000 -0.138811 1.000000 1.000000 1.000000
5520.394531 0.000000 2258.744385 0.000000 0.960772 0.000000 -0.277341 1.000000 1.000000 1.000000
5532.780762 0.000000 2245.804688 0.000000 0.999936 0.000000 0.011352 1.000000 1.000000 1.000000
4530.975586 0.000000 2582.016846 0.000000 0.983226 0.000000 -0.182393 1.000000 1.000000 1.000000
4530.975586 0.000000 2629.259033 0.000000 0.973266 0.000000 -0.229680 1.000000 1.000000 1.000000
4516.904785 0.000000 2603.835205 0.000000 0.998331 0.000000 -0.057747 1.000000 1.000000 1.000000
4921.308105 0.000000 2471.155762 0.000000 0.999973 0.000000 0.007331 1.000000 1.000000 1.000000
4927.698242 0.000000 2470.207031 0.000000 0.991933 0.000000 -0.126766 1.000000 1.000000 1.000000
4932.531738 0.000000 2473.393555 0.000000 0.977391 0.000000 -0.211441 1.000000 1.000000 1.000000
4933.708496 0.000000 2472.477783 0.000000 0.999996 0.000000 0.002905 1.000000 1.000000 1.000000
4235.920410 0.000000 2799.486816 0.000000 0.996725 0.000000 -0.080870 1.000000 1.000000 1.000000
5148.652344 0.000000 2332.591309 0.000000 0.986365 0.000000 -0.164571 1.000000 1.000000 1.000000
5372.585449 0.000000 2332.465088 0.000000 0.950986 0.000000 -0.309235 1.000000 1.000000 1.000000
5354.834473 0.000000 2355.790283 0.000000 0.999994 0.000000 0.003597 1.000000 1.000000 1.000000
5127.378906 0.000000 2454.947754 0.000000 0.999796 0.000000 -0.020189 1.000000 1.000000 1.000000
5350.064453 0.000000 2410.239014 0.000000 0.999652 0.000000 0.026362 1.000000 1.000000 1.000000
5351.103516 0.000000 2417.020752 0.000000 0.991397 0.000000 -0.130890 1.000000 1.000000 1.000000
5535.643066 0.000000 2272.106445 0.000000 0.982179 0.000000 -0.187946 1.000000 1.000000 1.000000
5580.551758 0.000000 2292.468994 0.000000 0.946125 0.000000 -0.323801 1.000000 1.000000 1.000000
5583.661133 0.000000 2289.259766 0.000000 1.000000 0.000000 0.000796 1.000000 1.000000 1.000000
5557.460938 0.000000 2343.347168 0.000000 0.971852 0.000000 -0.235591 1.000000 1.000000 1.000000
5561.945801 0.000000 2351.457764 0.000000 0.997069 0.000000 -0.076501 1.000000 1.000000 1.000000
5620.038086 0.000000 2328.191650 0.000000 0.996800 0.000000 -0.079932 1.000000 1.000000 1.000000
5559.513672 0.000000 2398.302490 0.000000 0.985969 0.000000 -0.166930 1.000000 1.000000 1.000000
5574.937500 0.000000 2397.179443 0.000000 0.981407 0.000000 -0.191938 1.000000 1.000000 1.000000
5545.983887 0.000000 2439.821289 0.000000 0.996814 0.000000 -0.079761 1.000000 1.000000 1.000000
5531.658691 0.000000 2427.911377 0.000000 0.984135 0.000000 -0.177421 1.000000 1.000000 1.000000
5623.505859 0.000000 2445.544678 0.000000 0.967081 0.000000 -0.254471 1.000000 1.000000 1.000000
5131.416992 0.000000 2462.898438 0.000000 0.946886 0.000000 -0.321570 1.000000 1.000000 1.000000
5165.219727 0.000000 2460.260010 0.000000 0.976246 0.000000 -0.216664 1.000000 1.000000 1.000000
5153.255371 0.000000 2488.825928 0.000000 0.947600 0.000000 -0.319461 1.000000 1.000000 1.000000
5566.091797 0.000000 2465.746338 0.000000 0.989902 0.000000 -0.141752 1.000000 1.000000 1.000000
5588.515625 0.000000 2489.468506 0.000000 0.999988 0.000000 0.004844 1.000000 1.000000 1.000000
5636.691895 0.000000 2304.781738 0.000000 0.995491 0.000000 -0.094856 1.000000 1.000000 1.000000
5749.440918 0.000000 2353.667236 0.000000 0.998366 0.000000 -0.057144 1.000000 1.000000 1.000000
5734.833008 0.000000 2353.155273 0.000000 0.999963 0.000000 0.008608 1.000000 1.000000 1.000000
5745.914551 0.000000 2385.604492 0.000000 0.983016 0.000000 -0.183522 1.000000 1.000000 1.000000
5708.634277 0.000000 2401.972900 0.000000 0.956998 0.000000 -0.290094 1.000000 1.000000 1.000000
5737.825684 0.000000 2396.212402 0.000000 0.999996 0.000000 -0.002777 1.000000 1.000000 1.000000
5726.647949 0.000000 2401.454346 0.000000 0.999359 0.000000 0.035813 1.000000 1.000000 1.000000
5723.572754 0.000000 2409.471680 0.000000 0.999774 0.000000 -0.021245 1.000000 1.000000 1.000000
5928.712402 0.000000 2358.444336 0.000000 0.946022 0.000000 -0.324102 1.000000 1.000000 1.000000
5967.616211 0.000000 2376.352051 0.000000 0.950822 0.000000 -0.309739 1.000000 1.000000 1.000000
5979.323242 0.000000 2400.567139 0.000000 0.987653 0.000000 -0.156656 1.000000 1.000000 1.000000
5996.455078 0.000000 2423.569580 0.000000 0.999955 0.000000 0.009495 1.000000 1.000000 1.000000
6059.679199 0.000000 2392.708008 0.000000 0.978953 0.000000 -0.204084 1.000000 1.000000 1.000000
6080.245605 0.000000 2370.193848 0.000000 0.997994 0.000000 -0.063309 1.000000 1.000000 1.000000
6134.525391 0.000000 2382.933105 0.000000 0.998171 0.000000 -0.060454 1.000000 1.000000 1.000000
6134.117676 0.000000 2385.434570 0.000000 0.999983 0.000000 0.005825 1.000000 1.000000 1.000000
6052.254395 0.000000 2438.580078 0.000000 0.997167 0.000000 -0.075222 1.000000 1.000000 1.000000
6134.743164 0.000000 2450.972656 0.000000 0.977214 0.000000 -0.212255 1.000000 1.000000 1.000000
6103.479492 0.000000 2455.536865 0.000000 0.998821 0.000000 -0.048536 1.000000 1.000000 1.000000
6083.382324 0.000000 2454.788574 0.000000 0.996485 0.000000 -0.083771 1.000000 1.000000 1.000000
6142.155762 0.000000 2416.051025 0.000000 0.990349 0.000000 -0.138596 1.000000 1.000000 1.000000
6120.874512 0.000000 2445.863281 0.000000 0.996367 0.000000 -0.085163 1.000000 1.000000 1.000000
6118.786133 0.000000 2447.639648 0.000000 0.988592 0.000000 -0.150619 1.000000 1.000000 1.000000
5677.165039 0.000000 2468.723633 0.000000 0.969277 0.000000 -0.245972 1.000000 1.000000 1.000000
5642.558594 0.000000 2536.987061 0.000000 0.991414 0.000000 -0.130757 1.000000 1.000000 1.000000
5642.275391 0.000000 2534.272705 0.000000 0.965039 0.000000 -0.262106 1.000000 1.000000 1.000000
5754.361816 0.000000 2549.714111 0.000000 0.975124 0.000000 -0.221660 1.000000 1.000000 1.000000
5765.801758 0.000000 2473.861816 0.000000 0.968530 0.000000 -0.248897 1.000000 1.000000 1.000000
5860.277832 0.000000 2533.064453 0.000000 0.993509 0.000000 -0.113749 1.000000 1.000000 1.000000
5768.398926 0.000000 2551.127441 0.000000 0.986387 0.000000 -0.164438 1.000000 1.000000 1.000000
5812.176758 0.000000 2598.861572 0.000000 0.996113 0.000000 -0.088079 1.000000 1.000000 1.000000
5851.459961 0.000000 2643.029297 0.000000 0.999326 0.000000 0.036702 1.000000 1.000000 1.000000
5892.961914 0.000000 2481.404785 0.000000 0.987159 0.000000 -0.159739 1.000000 1.000000 1.000000
6007.139160 0.000000 2543.553955 0.000000 0.999361 0.000000 -0.035744 1.000000 1.000000 1.000000
6028.886719 0.000000 2473.976562 0.000000 0.986435 0.000000 -0.164154 1.000000 1.000000 1.000000
6117.485840 0.000000 2497.045898 0.000000 0.959049 0.000000 -0.283239 1.000000 1.000000 1.000000
6069.401855 0.000000 2542.635986 0.000000 0.978559 0.000000 -0.205965 1.000000 1.000000 1.000000
6037.818848 0.000000 2544.576660 0.000000 0.998129 0.000000 -0.061147 1.000000 1.000000 1.000000
6096.365234 0.000000 2546.297852 0.000000 0.998626 0.000000 -0.052405 1.000000 1.000000 1.000000
5934.271484 0.000000 2622.057861 0.000000 0.953683 0.000000 -0.300814 1.000000 1.000000 1.000000
5945.898926 0.000000 2634.910889 0.000000 0.992386 0.000000 -0.123163 1.000000 1.000000 1.000000
5956.078125 0.000000 2629.812744 0.000000 0.941595 0.000000 -0.336748 1.000000 1.000000 1.000000
6092.439941 0.000000 2595.173340 0.000000 0.986477 0.000000 -0.163897 1.000000 1.000000 1.000000
6092.104004 0.000000 2571.078369 0.000000 0.979613 0.000000 -0.200893 1.000000 1.000000 1.000000
6042.837891 0.000000 2634.040771 0.000000 0.972500 0.000000 -0.232903 1.000000 1.000000 1.000000
6119.874512 0.000000 2604.246582 0.000000 0.999332 0.000000 -0.036540 1.000000 1.000000 1.000000
5173.831543 0.000000 2800.962891 0.000000 0.999976 0.000000 0.006968 1.000000 1.000000 1.000000
5170.841309 0.000000 2800.023926 0.000000 0.965752 0.000000 -0.259468 1.000000 1.000000 1.000000
5172.830078 0.000000 2801.690674 0.000000 0.946225 0.000000 -0.323511 1.000000 1.000000 1.000000
5254.673340 0.000000 2826.903564 0.000000 0.999344 0.000000 0.036223 1.000000 1.000000 1.000000
5251.483887 0.000000 2832.726074 0.000000 0.993882 0.000000 -0.110449 1.000000 1.000000 1.000000
5249.929199 0.000000 2833.317383 0.000000 0.999899 0.000000 -0.014205 1.000000 1.000000 1.000000
5249.499023 0.000000 2830.161621 0.000000 0.999977 0.000000 0.006815 1.000000 1.000000 1.000000
5248.677246 0.000000 2832.921631 0.000000 0.999022 0.000000 -0.044218 1.000000 1.000000 1.000000
5251.555664 0.000000 2831.696533 0.000000 0.999999 0.000000 -0.001467 1.000000 1.000000 1.000000
5233.911133 0.000000 2861.772705 0.000000 0.999496 0.000000 -0.031739 1.000000 1.000000 1.000000
5230.899902 0.000000 2859.620117 0.000000 0.997250 0.000000 -0.074108 1.000000 1.000000 1.000000
5232.934570 0.000000 2858.777344 0.000000 0.949700 0.000000 -0.313161 1.000000 1.000000 1.000000
5564.960938 0.000000 2995.480713 0.000000 0.990306 0.000000 -0.138900 1.000000 1.000000 1.000000
5724.541992 0.000000 2678.390381 0.000000 0.995959 0.000000 -0.089812 1.000000 1.000000 1.000000
5730.797363 0.000000 2718.465576 0.000000 0.996502 0.000000 -0.083575 1.000000 1.000000 1.000000
5884.265137 0.000000 2656.419434 0.000000 0.986725 0.000000 -0.162400 1.000000 1.000000 1.000000
5796.285645 0.000000 2722.033203 0.000000 1.000000 0.000000 -0.000112 1.000000 1.000000 1.000000
5797.330078 0.000000 2751.070801 0.000000 0.951917 0.000000 -0.306357 1.000000 1.000000 1.000000
5836.471191 0.000000 2784.142090 0.000000 0.999199 0.000000 -0.040011 1.000000 1.000000 1.000000
5890.217773 0.000000 2684.632812 0.000000 0.994172 0.000000 -0.107804 1.000000 1.000000 1.000000
5990.808594 0.000000 2658.154541 0.000000 0.987681 0.000000 -0.156482 1.000000 1.000000 1.000000
5953.771973 0.000000 2646.891113 0.000000 0.978763 0.000000 -0.204996 1.000000 1.000000 1.000000
6045.563477 0.000000 2665.248535 0.000000 0.998688 0.000000 -0.051199 1.000000 1.000000 1.000000
6045.107910 0.000000 2662.157715 0.000000 0.999786 0.000000 0.020683 1.000000 1.000000 1.000000
6135.553223 0.000000 2677.028076 0.000000 0.999963 0.000000 -0.008618 1.000000 1.000000 1.000000
6053.101074 0.000000 2737.988525 0.000000 0.962689 0.000000 -0.270611 1.000000 1.000000 1.000000
6025.372559 0.000000 2734.582520 0.000000 0.999979 0.000000 -0.006418 1.000000 1.000000 1.000000
6060.386719 0.000000 2721.853516 0.000000 0.994748 0.000000 -0.102357 1.000000 1.000000 1.000000
6056.192871 0.000000 2719.291016 0.000000 0.944592 0.000000 -0.328246 1.000000 1.000000 1.000000
6113.622559 0.000000 2696.819092 0.000000 0.982412 0.000000 -0.186727 1.000000 1.000000 1.000000
5896.844727 0.000000 2744.323730 0.000000 0.995235 0.000000 -0.097502 1.000000 1.000000 1.000000
5950.710938 0.000000 2778.741455 0.000000 0.994185 0.000000 -0.107685 1.000000 1.000000 1.000000
5756.089355 0.000000 2912.262207 0.000000 0.996839 0.000000 -0.079448 1.000000 1.000000 1.000000
5750.790039 0.000000 2923.394531 0.000000 0.994171 0.000000 -0.107816 1.000000 1.000000 1.000000
5822.236816 0.000000 2909.070068 0.000000 0.980141 0.000000 -0.198301 1.000000 1.000000 1.000000
5684.760254 0.000000 2944.712891 0.000000 0.997778 0.000000 -0.066622 1.000000 1.000000 1.000000
5714.515625 0.000000 2957.218506 0.000000 0.999245 0.000000 -0.038855 1.000000 1.000000 1.000000
5731.181152 0.000000 2966.231689 0.000000 0.976053 0.000000 -0.217534 1.000000 1.000000 1.000000
5739.070312 0.000000 2949.133301 0.000000 0.996303 0.000000 -0.085904 1.000000 1.000000 1.000000
5813.127441 0.000000 2950.954102 0.000000 0.944333 0.000000 -0.328992 1.000000 1.000000 1.000000
5768.252930 0.000000 2993.971191 0.000000 0.999582 0.000000 -0.028908 1.000000 1.000000 1.000000
5976.628906 0.000000 2910.675049 0.000000 0.961076 0.000000 -0.276284 1.000000 1.000000 1.000000
5961.389160 0.000000 2921.022217 0.000000 0.996284 0.000000 -0.086126 1.000000 1.000000 1.000000
6016.463867 0.000000 2881.481934 0.000000 0.996907 0.000000 -0.078589 1.000000 1.000000 1.000000
6047.580566 0.000000 2886.254883 0.000000 0.981666 0.000000 -0.190608 1.000000 1.000000 1.000000
6016.342773 0.000000 2882.673096 0.000000 0.998671 0.000000 -0.051541 1.000000 1.000000 1.000000
5919.596191 0.000000 2933.497070 0.000000 0.943935 0.000000 -0.330132 1.000000 1.000000 1.000000
5908.841797 0.000000 2946.913574 0.000000 0.972579 0.000000 -0.232573 1.000000 1.000000 1.000000
5946.035645 0.000000 2950.900391 0.000000 0.990308 0.000000 -0.138886 1.000000 1.000000 1.000000
5939.783691 0.000000 2963.813965 0.000000 0.994979 0.000000 -0.100084 1.000000 1.000000 1.000000
5907.532227 0.000000 2943.423828 0.000000 0.948555 0.000000 -0.316614 1.000000 1.000000 1.000000
5909.151855 0.000000 2956.548584 0.000000 0.996739 0.000000 -0.080687 1.000000 1.000000 1.000000
5947.676270 0.000000 2949.473877 0.000000 0.997607 0.000000 -0.069134 1.000000 1.000000 1.000000
5983.764648 0.000000 2943.776367 0.000000 0.999999 0.000000 -0.001396 1.000000 1.000000 1.000000
5963.525391 0.000000 2964.298584 0.000000 1.000000 0.000000 0.000819 1.000000 1.000000 1.000000
6000.688477 0.000000 2935.096680 0.000000 0.999958 0.000000 0.009132 1.000000 1.000000 1.000000
5933.859863 0.000000 3002.517822 0.000000 0.945518 0.000000 -0.325571 1.000000 1.000000 1.000000
6009.187500 0.000000 2986.209229 0.000000 0.998620 0.000000 -0.052526 1.000000 1.000000 1.000000
6013.935059 0.000000 2996.848877 0.000000 0.999717 0.000000 0.023786 1.000000 1.000000 1.000000
5958.310059 0.000000 2990.352051 0.000000 0.973151 0.000000 -0.230166 1.000000 1.000000 1.000000
5998.496094 0.000000 2989.737305 0.000000 0.999947 0.000000 -0.010251 1.000000 1.000000 1.000000
5993.402344 0.000000 2985.344727 0.000000 0.993729 0.000000 -0.111818 1.000000 1.000000 1.000000
6070.175781 0.000000 2940.969238 0.000000 0.994861 0.000000 -0.101253 1.000000 1.000000 1.000000
6037.523926 0.000000 2958.734131 0.000000 0.997673 0.000000 -0.068186 1.000000 1.000000 1.000000
6071.682129 0.000000 2945.107422 0.000000 0.979207 0.000000 -0.202864 1.000000 1.000000 1.000000
6106.397461 0.000000 2958.452148 0.000000 0.980922 0.000000 -0.194400 1.000000 1.000000 1.000000
6076.241699 0.000000 2987.114746 0.000000 0.999315 0.000000 0.037002 1.000000 1.000000 1.000000
6179.383301 0.000000 2373.415283 0.000000 0.965442 0.000000 -0.260616 1.000000 1.000000 1.000000
6162.072754 0.000000 2448.622314 0.000000 0.969020 0.000000 -0.246980 1.000000 1.000000 1.000000
6143.549805 0.000000 2470.207031 0.000000 0.975931 0.000000 -0.218081 1.000000 1.000000 1.000000
6172.702637 0.000000 2529.257812 0.000000 0.966496 0.000000 -0.256683 1.000000 1.000000 1.000000
6175.612793 0.000000 2559.173828 0.000000 0.999997 0.000000 -0.002396 1.000000 1.000000 1.000000
6329.069824 0.000000 2567.484131 0.000000 0.982821 0.000000 -0.184560 1.000000 1.000000 1.000000
6233.457031 0.000000 2710.212158 0.000000 0.997512 0.000000 -0.070497 1.000000 1.000000 1.000000
6283.276367 0.000000 2699.109375 0.000000 0.990637 0.000000 -0.136519 1.000000 1.000000 1.000000
6323.436035 0.000000 2739.114746 0.000000 0.998024 0.000000 -0.062829 1.000000 1.000000 1.000000
6266.468262 0.000000 2753.245361 0.000000 0.998269 0.000000 -0.058818 1.000000 1.000000 1.000000
6165.380859 0.000000 2821.063232 0.000000 0.999774 0.000000 -0.021264 1.000000 1.000000 1.000000
6252.423828 0.000000 2801.507080 0.000000 0.980734 0.000000 -0.195347 1.000000 1.000000 1.000000
6301.532227 0.000000 2759.732910 0.000000 0.981502 0.000000 -0.191451 1.000000 1.000000 1.000000
6353.111816 0.000000 2743.948975 0.000000 0.959900 0.000000 -0.280343 1.000000 1.000000 1.000000
6313.167969 0.000000 2788.186523 0.000000 0.985674 0.000000 -0.168664 1.000000 1.000000 1.000000
6364.093262 0.000000 2809.291992 0.000000 0.997175 0.000000 -0.075118 1.000000 1.000000 1.000000
6338.393555 0.000000 2824.198242 0.000000 0.993369 0.000000 -0.114972 1.000000 1.000000 1.000000
6148.930664 0.000000 2906.584473 0.000000 0.997960 0.000000 -0.063846 1.000000 1.000000 1.000000
6237.097656 0.000000 2909.043701 0.000000 0.951312 0.000000 -0.308231 1.000000 1.000000 1.000000
6295.456055 0.000000 2880.716553 0.000000 0.999370 0.000000 0.035495 1.000000 1.000000 1.000000
6281.967773 0.000000 2863.047852 0.000000 0.955572 0.000000 -0.294757 1.000000 1.000000 1.000000
6338.438965 0.000000 2843.352539 0.000000 0.975138 0.000000 -0.221598 1.000000 1.000000 1.000000
6337.412598 0.000000 2846.179688 0.000000 0.965397 0.000000 -0.260785 1.000000 1.000000 1.000000
6357.357422 0.000000 2915.547607 0.000000 0.978516 0.000000 -0.206171 1.000000 1.000000 1.000000
6240.333496 0.000000 2966.308594 0.000000 0.999940 0.000000 0.010926 1.000000 1.000000 1.000000
6245.161133 0.000000 2955.576904 0.000000 0.979788 0.000000 -0.200040 1.000000 1.000000 1.000000
6236.694336 0.000000 2968.727539 0.000000 0.993114 0.000000 -0.117150 1.000000 1.000000 1.000000
6188.917969 0.000000 2977.130859 0.000000 0.997767 0.000000 -0.066794 1.000000 1.000000 1.000000
6262.152344 0.000000 2988.211426 0.000000 0.984239 0.000000 -0.176843 1.000000 1.000000 1.000000
6241.029297 0.000000 3016.260010 0.000000 0.980155 0.000000 -0.198232 1.000000 1.000000 1.000000
6235.510254 0.000000 2976.377930 0.000000 0.982728 0.000000 -0.185055 1.000000 1.000000 1.000000
6266.139648 0.000000 2977.195068 0.000000 0.999692 0.000000 0.024818 1.000000 1.000000 1.000000
6243.616211 0.000000 2976.313477 0.000000 0.979303 0.000000 -0.202401 1.000000 1.000000 1.000000
6275.458496 0.000000 2957.749268 0.000000 0.968452 0.000000 -0.249200 1.000000 1.000000 1.000000
6272.222168 0.000000 2984.342285 0.000000 0.952644 0.000000 -0.304088 1.000000 1.000000 1.000000
6272.237793 0.000000 2987.191406 0.000000 0.995825 0.000000 -0.091278 1.000000 1.000000 1.000000
6276.554688 0.000000 2983.019531 0.000000 0.983547 0.000000 -0.180650 1.000000 1.000000 1.000000
6503.827637 0.000000 2840.457520 0.000000 0.975268 0.000000 -0.221025 1.000000 1.000000 1.000000
6644.841797 0.000000 2885.044922 0.000000 0.999424 0.000000 0.033935 1.000000 1.000000 1.000000
6412.450195 0.000000 2953.859619 0.000000 0.992584 0.000000 -0.121561 1.000000 1.000000 1.000000
6502.325684 0.000000 3008.391357 0.000000 0.995246 0.000000 -0.097396 1.000000 1.000000 1.000000
6627.569336 0.000000 2976.313477 0.000000 0.945781 0.000000 -0.324806 1.000000 1.000000 1.000000
6753.815430 0.000000 2853.294189 0.000000 0.999904 0.000000 0.013822 1.000000 1.000000 1.000000
6671.530273 0.000000 2943.258301 0.000000 0.994851 0.000000 -0.101351 1.000000 1.000000 1.000000
3386.650635 0.000000 3069.378174 0.000000 0.983362 0.000000 -0.181655 1.000000 1.000000 1.000000
3377.719971 0.000000 3070.898193 0.000000 0.996962 0.000000 -0.077888 1.000000 1.000000 1.000000
3374.129883 0.000000 3072.985107 0.000000 0.982046 0.000000 -0.188642 1.000000 1.000000 1.000000
3398.036133 0.000000 3070.986572 0.000000 0.968258 0.000000 -0.249952 1.000000 1.000000 1.000000
4848.648438 0.000000 3435.167725 0.000000 0.975440 0.000000 -0.220266 1.000000 1.000000 1.000000
4823.787598 0.000000 3432.771240 0.000000 0.997809 0.000000 -0.066154 1.000000 1.000000 1.000000
4880.513672 0.000000 3443.899414 0.000000 0.953164 0.000000 -0.302455 1.000000 1.000000 1.000000
4876.637695 0.000000 3473.523682 0.000000 0.996283 0.000000 -0.086140 1.000000 1.000000 1.000000
5047.291016 0.000000 3557.810059 0.000000 0.998316 0.000000 -0.058017 1.000000 1.000000 1.000000
4968.222656 0.000000 3741.535156 0.000000 0.961073 0.000000 -0.276296 1.000000 1.000000 1.000000
5233.610840 0.000000 3162.021240 0.000000 0.958124 0.000000 -0.286355 1.000000 1.000000 1.000000
5596.557617 0.000000 3198.054443 0.000000 0.995367 0.000000 -0.096148 1.000000 1.000000 1.000000
5621.453125 0.000000 3193.706543 0.000000 0.997474 0.000000 -0.071027 1.000000 1.000000 1.000000
5332.546875 0.000000 3245.343506 0.000000 0.999469 0.000000 -0.032575 1.000000 1.000000 1.000000
5559.464844 0.000000 3214.930420 0.000000 0.994276 0.000000 -0.106841 1.000000 1.000000 1.000000
5658.302734 0.000000 3097.274658 0.000000 0.962538 0.000000 -0.271145 1.000000 1.000000 1.000000
5814.064941 0.000000 3117.315186 0.000000 0.946836 0.000000 -0.321716 1.000000 1.000000 1.000000
5677.891113 0.000000 3144.244385 0.000000 0.984029 0.000000 -0.178011 1.000000 1.000000 1.000000
6053.501953 0.000000 3037.809082 0.000000 0.998779 0.000000 -0.049394 1.000000 1.000000 1.000000
6050.448730 0.000000 3036.545410 0.000000 0.975149 0.000000 -0.221552 1.000000 1.000000 1.000000
5685.448730 0.000000 3298.510986 0.000000 0.998774 0.000000 -0.049506 1.000000 1.000000 1.000000
5679.703125 0.000000 3315.432617 0.000000 0.999500 0.000000 0.031621 1.000000 1.000000 1.000000
5675.474609 0.000000 3312.670410 0.000000 0.999729 0.000000 -0.023292 1.000000 1.000000 1.000000
5676.020020 0.000000 3344.832031 0.000000 0.994469 0.000000 -0.105032 1.000000 1.000000 1.000000
5243.040039 0.000000 3766.457520 0.000000 0.986543 0.000000 -0.163501 1.000000 1.000000 1.000000
4617.544434 0.000000 3868.395020 0.000000 0.987504 0.000000 -0.157593 1.000000 1.000000 1.000000
4990.918945 0.000000 3814.626465 0.000000 0.991281 0.000000 -0.131766 1.000000 1.000000 1.000000
4958.386230 0.000000 3802.608643 0.000000 0.976871 0.000000 -0.213830 1.000000 1.000000 1.000000
5012.585938 0.000000 3859.491943 0.000000 0.994803 0.000000 -0.101820 1.000000 1.000000 1.000000
5100.008789 0.000000 3837.010010 0.000000 0.973661 0.000000 -0.228001 1.000000 1.000000 1.000000
5073.350586 0.000000 3835.560059 0.000000 0.995047 0.000000 -0.099402 1.000000 1.000000 1.000000
5033.804199 0.000000 3880.230713 0.000000 0.973856 0.000000 -0.227167 1.000000 1.000000 1.000000
5138.491699 0.000000 3843.522461 0.000000 0.998107 0.000000 -0.061509 1.000000 1.000000 1.000000
5308.466797 0.000000 3816.412598 0.000000 0.999127 0.000000 -0.041783 1.000000 1.000000 1.000000
5274.349609 0.000000 3853.149658 0.000000 0.999997 0.000000 -0.002293 1.000000 1.000000 1.000000
5146.211914 0.000000 3905.169678 0.000000 0.999943 0.000000 -0.010719 1.000000 1.000000 1.000000
6148.930664 0.000000 3048.311035 0.000000 0.996499 0.000000 -0.083610 1.000000 1.000000 1.000000
6268.174316 0.000000 3110.694336 0.000000 0.988792 0.000000 -0.149297 1.000000 1.000000 1.000000
6376.050781 0.000000 3080.144531 0.000000 0.969428 0.000000 -0.245375 1.000000 1.000000 1.000000
6271.603516 0.000000 3148.341797 0.000000 0.999992 0.000000 -0.003996 1.000000 1.000000 1.000000
6288.771484 0.000000 3129.772217 0.000000 0.981275 0.000000 -0.192611 1.000000 1.000000 1.000000
6272.509277 0.000000 3151.149902 0.000000 0.949655 0.000000 -0.313297 1.000000 1.000000 1.000000
6462.116699 0.000000 3030.199463 0.000000 0.995207 0.000000 -0.097796 1.000000 1.000000 1.000000
6464.198730 0.000000 3031.584473 0.000000 0.999921 0.000000 0.012590 1.000000 1.000000 1.000000
6451.284180 0.000000 3206.709961 0.000000 0.962597 0.000000 -0.270937 1.000000 1.000000 1.000000
6170.323730 0.000000 3280.187988 0.000000 0.955481 0.000000 -0.295052 1.000000 1.000000 1.000000
6413.668945 0.000000 3251.778564 0.000000 0.964615 0.000000 -0.263662 1.000000 1.000000 1.000000
6490.284668 0.000000 3280.187988 0.000000 0.951626 0.000000 -0.307258 1.000000 1.000000 1.000000
6624.982422 0.000000 3252.470947 0.000000 0.999257 0.000000 -0.038544 1.000000 1.000000 1.000000
6575.593750 0.000000 3315.432617 0.000000 0.999989 0.000000 -0.004714 1.000000 1.000000 1.000000
6625.647949 0.000000 3376.143311 0.000000 0.988044 0.000000 -0.154171 1.000000 1.000000 1.000000
6659.226074 0.000000 3199.473145 0.000000 0.989742 0.000000 -0.142870 1.000000 1.000000 1.000000
6189.828613 0.000000 3427.697510 0.000000 0.979838 0.000000 -0.199795 1.000000 1.000000 1.000000
6290.660645 0.000000 3565.367432 0.000000 0.996195 0.000000 -0.087158 1.000000 1.000000 1.000000
"}
object={
	name="tree_savanna_generator_1_5"
	render_pass=Map
	clamp_to_water_level=no
	generated_content=yes
	layer="tree_high_layer"
	pdxmesh="tree_acacia_06_mesh"
	count=746
	transform="3953.766602 0.000000 705.427246 0.000000 0.791995 0.000000 -0.610527 1.000000 1.000000 1.000000
3890.140869 0.000000 732.127625 0.000000 0.937739 0.000000 -0.347342 1.000000 1.000000 1.000000
3937.310303 0.000000 748.634888 0.000000 0.911691 0.000000 -0.410877 1.000000 1.000000 1.000000
3923.782959 0.000000 708.747620 0.000000 0.859753 0.000000 -0.510711 1.000000 1.000000 1.000000
3926.799561 0.000000 720.498230 0.000000 0.934695 0.000000 -0.355451 1.000000 1.000000 1.000000
3921.060303 0.000000 720.420532 0.000000 0.860335 0.000000 -0.509729 1.000000 1.000000 1.000000
3941.751465 0.000000 749.084839 0.000000 0.750705 0.000000 -0.660637 1.000000 1.000000 1.000000
3927.923096 0.000000 710.409302 0.000000 0.852297 0.000000 -0.523059 1.000000 1.000000 1.000000
4051.824463 0.000000 687.231628 0.000000 0.876928 0.000000 -0.480621 1.000000 1.000000 1.000000
3825.710938 0.000000 910.581177 0.000000 0.872736 0.000000 -0.488192 1.000000 1.000000 1.000000
4013.509766 0.000000 790.899780 0.000000 0.855666 0.000000 -0.517528 1.000000 1.000000 1.000000
3974.336182 0.000000 799.636780 0.000000 0.893179 0.000000 -0.449702 1.000000 1.000000 1.000000
4026.242920 0.000000 787.804871 0.000000 0.908874 0.000000 -0.417071 1.000000 1.000000 1.000000
3997.168701 0.000000 770.679077 0.000000 0.782940 0.000000 -0.622097 1.000000 1.000000 1.000000
4029.956055 0.000000 786.838013 0.000000 0.907710 0.000000 -0.419598 1.000000 1.000000 1.000000
3978.956055 0.000000 813.818481 0.000000 0.843655 0.000000 -0.536885 1.000000 1.000000 1.000000
4024.843262 0.000000 837.037659 0.000000 0.812087 0.000000 -0.583536 1.000000 1.000000 1.000000
3843.306641 0.000000 908.580505 0.000000 0.789948 0.000000 -0.613174 1.000000 1.000000 1.000000
3863.752930 0.000000 943.786621 0.000000 0.867367 0.000000 -0.497669 1.000000 1.000000 1.000000
3880.147949 0.000000 950.769775 0.000000 0.815452 0.000000 -0.578824 1.000000 1.000000 1.000000
3865.745850 0.000000 1009.493286 0.000000 0.860483 0.000000 -0.509480 1.000000 1.000000 1.000000
3904.802490 0.000000 1009.920776 0.000000 0.934843 0.000000 -0.355060 1.000000 1.000000 1.000000
4068.540039 0.000000 963.244263 0.000000 0.815316 0.000000 -0.579016 1.000000 1.000000 1.000000
4064.142822 0.000000 975.520752 0.000000 0.879140 0.000000 -0.476564 1.000000 1.000000 1.000000
4068.964844 0.000000 1008.558411 0.000000 0.880709 0.000000 -0.473659 1.000000 1.000000 1.000000
3878.965820 0.000000 1042.807739 0.000000 0.786070 0.000000 -0.618137 1.000000 1.000000 1.000000
3951.913818 0.000000 1047.807495 0.000000 0.819906 0.000000 -0.572498 1.000000 1.000000 1.000000
3860.813477 0.000000 1099.104614 0.000000 0.855262 0.000000 -0.518196 1.000000 1.000000 1.000000
3900.259766 0.000000 1119.063354 0.000000 0.812986 0.000000 -0.582283 1.000000 1.000000 1.000000
3958.433105 0.000000 1193.008301 0.000000 0.891863 0.000000 -0.452306 1.000000 1.000000 1.000000
3924.897949 0.000000 1219.127930 0.000000 0.852899 0.000000 -0.522075 1.000000 1.000000 1.000000
4023.207275 0.000000 1141.212891 0.000000 0.807119 0.000000 -0.590389 1.000000 1.000000 1.000000
3995.686523 0.000000 1225.763428 0.000000 0.874917 0.000000 -0.484273 1.000000 1.000000 1.000000
3993.283447 0.000000 1186.617065 0.000000 0.916443 0.000000 -0.400166 1.000000 1.000000 1.000000
3976.715576 0.000000 1203.530884 0.000000 0.800523 0.000000 -0.599302 1.000000 1.000000 1.000000
3968.503174 0.000000 1189.139038 0.000000 0.905208 0.000000 -0.424969 1.000000 1.000000 1.000000
4012.222656 0.000000 1218.933472 0.000000 0.935403 0.000000 -0.353584 1.000000 1.000000 1.000000
4039.364014 0.000000 1212.039185 0.000000 0.822225 0.000000 -0.569163 1.000000 1.000000 1.000000
4087.802734 0.000000 1212.520142 0.000000 0.870664 0.000000 -0.491878 1.000000 1.000000 1.000000
4035.283203 0.000000 1239.275879 0.000000 0.879158 0.000000 -0.476530 1.000000 1.000000 1.000000
4057.600098 0.000000 1240.313477 0.000000 0.899306 0.000000 -0.437320 1.000000 1.000000 1.000000
4073.124268 0.000000 1312.050659 0.000000 0.838160 0.000000 -0.545425 1.000000 1.000000 1.000000
4094.461426 0.000000 1312.471924 0.000000 0.783723 0.000000 -0.621111 1.000000 1.000000 1.000000
4079.146240 0.000000 1334.184204 0.000000 0.902755 0.000000 -0.430155 1.000000 1.000000 1.000000
3830.448730 0.000000 2043.367676 0.000000 0.811803 0.000000 -0.583932 1.000000 1.000000 1.000000
3843.306885 0.000000 2047.659058 0.000000 0.904701 0.000000 -0.426048 1.000000 1.000000 1.000000
3916.705322 0.000000 2075.509277 0.000000 0.829977 0.000000 -0.557797 1.000000 1.000000 1.000000
3825.710938 0.000000 2091.635986 0.000000 0.877119 0.000000 -0.480274 1.000000 1.000000 1.000000
3918.302979 0.000000 2157.171631 0.000000 0.914200 0.000000 -0.405264 1.000000 1.000000 1.000000
3895.016357 0.000000 2214.761719 0.000000 0.919346 0.000000 -0.393451 1.000000 1.000000 1.000000
3866.593750 0.000000 2216.163086 0.000000 0.848213 0.000000 -0.529656 1.000000 1.000000 1.000000
3937.975586 0.000000 2195.088623 0.000000 0.894248 0.000000 -0.447572 1.000000 1.000000 1.000000
3920.589600 0.000000 2211.502197 0.000000 0.845089 0.000000 -0.534626 1.000000 1.000000 1.000000
3959.818359 0.000000 2204.606201 0.000000 0.905249 0.000000 -0.424882 1.000000 1.000000 1.000000
3927.923096 0.000000 2174.917236 0.000000 0.899665 0.000000 -0.436582 1.000000 1.000000 1.000000
3920.677490 0.000000 2207.579346 0.000000 0.856283 0.000000 -0.516508 1.000000 1.000000 1.000000
3918.623779 0.000000 2190.994873 0.000000 0.936812 0.000000 -0.349833 1.000000 1.000000 1.000000
3886.109375 0.000000 2246.642822 0.000000 0.931868 0.000000 -0.362797 1.000000 1.000000 1.000000
3897.766602 0.000000 2249.800537 0.000000 0.929449 0.000000 -0.368951 1.000000 1.000000 1.000000
3864.166504 0.000000 2243.929199 0.000000 0.798441 0.000000 -0.602072 1.000000 1.000000 1.000000
3887.038086 0.000000 2226.762207 0.000000 0.839680 0.000000 -0.543081 1.000000 1.000000 1.000000
3851.782959 0.000000 2255.665771 0.000000 0.761976 0.000000 -0.647606 1.000000 1.000000 1.000000
3967.518799 0.000000 2215.509766 0.000000 0.819819 0.000000 -0.572622 1.000000 1.000000 1.000000
3404.767822 0.000000 2642.415527 0.000000 0.874203 0.000000 -0.485560 1.000000 1.000000 1.000000
3440.947998 0.000000 2629.882324 0.000000 0.799350 0.000000 -0.600866 1.000000 1.000000 1.000000
3513.413086 0.000000 2567.484131 0.000000 0.789971 0.000000 -0.613144 1.000000 1.000000 1.000000
3572.072510 0.000000 2585.876465 0.000000 0.746991 0.000000 -0.664835 1.000000 1.000000 1.000000
3555.459473 0.000000 2593.608154 0.000000 0.782969 0.000000 -0.622061 1.000000 1.000000 1.000000
3534.176514 0.000000 2593.175781 0.000000 0.826895 0.000000 -0.562356 1.000000 1.000000 1.000000
3501.245850 0.000000 2599.193359 0.000000 0.876120 0.000000 -0.482093 1.000000 1.000000 1.000000
3497.224365 0.000000 2611.269531 0.000000 0.829606 0.000000 -0.558349 1.000000 1.000000 1.000000
3681.341553 0.000000 2354.869385 0.000000 0.831543 0.000000 -0.555461 1.000000 1.000000 1.000000
3724.728760 0.000000 2311.720215 0.000000 0.805773 0.000000 -0.592225 1.000000 1.000000 1.000000
3746.683350 0.000000 2277.316162 0.000000 0.890989 0.000000 -0.454024 1.000000 1.000000 1.000000
3771.219482 0.000000 2301.949707 0.000000 0.930828 0.000000 -0.365457 1.000000 1.000000 1.000000
3799.202637 0.000000 2330.106934 0.000000 0.897987 0.000000 -0.440023 1.000000 1.000000 1.000000
3600.162354 0.000000 2426.477051 0.000000 0.752959 0.000000 -0.658067 1.000000 1.000000 1.000000
3633.420898 0.000000 2427.713379 0.000000 0.925431 0.000000 -0.378917 1.000000 1.000000 1.000000
3604.937012 0.000000 2447.425049 0.000000 0.790692 0.000000 -0.612214 1.000000 1.000000 1.000000
3609.335693 0.000000 2418.535645 0.000000 0.785369 0.000000 -0.619028 1.000000 1.000000 1.000000
3607.326904 0.000000 2417.138672 0.000000 0.751062 0.000000 -0.660231 1.000000 1.000000 1.000000
3598.836670 0.000000 2428.741943 0.000000 0.850996 0.000000 -0.525172 1.000000 1.000000 1.000000
3607.302490 0.000000 2445.813477 0.000000 0.898674 0.000000 -0.438617 1.000000 1.000000 1.000000
3664.661865 0.000000 2451.813477 0.000000 0.882906 0.000000 -0.469550 1.000000 1.000000 1.000000
3683.443848 0.000000 2451.881592 0.000000 0.799195 0.000000 -0.601072 1.000000 1.000000 1.000000
3656.656494 0.000000 2409.400879 0.000000 0.932002 0.000000 -0.362453 1.000000 1.000000 1.000000
3655.664551 0.000000 2434.214600 0.000000 0.889263 0.000000 -0.457396 1.000000 1.000000 1.000000
3647.590820 0.000000 2434.219238 0.000000 0.885683 0.000000 -0.464291 1.000000 1.000000 1.000000
3657.004395 0.000000 2411.518799 0.000000 0.787680 0.000000 -0.616084 1.000000 1.000000 1.000000
3722.361572 0.000000 2370.495850 0.000000 0.904215 0.000000 -0.427077 1.000000 1.000000 1.000000
3727.520752 0.000000 2411.079102 0.000000 0.824586 0.000000 -0.565736 1.000000 1.000000 1.000000
3922.263184 0.000000 2309.743164 0.000000 0.796591 0.000000 -0.604518 1.000000 1.000000 1.000000
3658.995117 0.000000 2467.295166 0.000000 0.820846 0.000000 -0.571149 1.000000 1.000000 1.000000
3688.378662 0.000000 2465.996094 0.000000 0.910775 0.000000 -0.412903 1.000000 1.000000 1.000000
3667.805664 0.000000 2471.001953 0.000000 0.821673 0.000000 -0.569959 1.000000 1.000000 1.000000
3670.502441 0.000000 2461.856689 0.000000 0.879778 0.000000 -0.475384 1.000000 1.000000 1.000000
3659.467285 0.000000 2465.926514 0.000000 0.937998 0.000000 -0.346640 1.000000 1.000000 1.000000
3709.232422 0.000000 2518.555420 0.000000 0.810875 0.000000 -0.585219 1.000000 1.000000 1.000000
3691.707764 0.000000 2506.222412 0.000000 0.773638 0.000000 -0.633628 1.000000 1.000000 1.000000
3730.996338 0.000000 2462.767090 0.000000 0.820378 0.000000 -0.571821 1.000000 1.000000 1.000000
3720.899902 0.000000 2530.783203 0.000000 0.940644 0.000000 -0.339394 1.000000 1.000000 1.000000
3729.431885 0.000000 2507.738037 0.000000 0.857344 0.000000 -0.514744 1.000000 1.000000 1.000000
3735.311279 0.000000 2511.623047 0.000000 0.927358 0.000000 -0.374175 1.000000 1.000000 1.000000
3617.349365 0.000000 2591.080322 0.000000 0.751877 0.000000 -0.659303 1.000000 1.000000 1.000000
3629.364502 0.000000 2572.542236 0.000000 0.909433 0.000000 -0.415849 1.000000 1.000000 1.000000
3670.830811 0.000000 2562.943848 0.000000 0.785832 0.000000 -0.618440 1.000000 1.000000 1.000000
3648.572266 0.000000 2573.999512 0.000000 0.901692 0.000000 -0.432379 1.000000 1.000000 1.000000
3673.327881 0.000000 2560.262207 0.000000 0.774065 0.000000 -0.633106 1.000000 1.000000 1.000000
3678.564697 0.000000 2551.859863 0.000000 0.766090 0.000000 -0.642734 1.000000 1.000000 1.000000
3665.870361 0.000000 2566.067627 0.000000 0.819249 0.000000 -0.573438 1.000000 1.000000 1.000000
3752.163574 0.000000 2557.004395 0.000000 0.907520 0.000000 -0.420008 1.000000 1.000000 1.000000
3776.818115 0.000000 2568.913086 0.000000 0.822699 0.000000 -0.568477 1.000000 1.000000 1.000000
3776.556641 0.000000 2573.999512 0.000000 0.878320 0.000000 -0.478074 1.000000 1.000000 1.000000
3834.583008 0.000000 2593.692627 0.000000 0.845367 0.000000 -0.534187 1.000000 1.000000 1.000000
3836.645996 0.000000 2588.115723 0.000000 0.765870 0.000000 -0.642996 1.000000 1.000000 1.000000
3807.063477 0.000000 2585.815430 0.000000 0.935856 0.000000 -0.352383 1.000000 1.000000 1.000000
3839.586426 0.000000 2588.420410 0.000000 0.878713 0.000000 -0.477351 1.000000 1.000000 1.000000
3447.277588 0.000000 2652.963135 0.000000 0.765840 0.000000 -0.643031 1.000000 1.000000 1.000000
3409.553467 0.000000 2654.505371 0.000000 0.884687 0.000000 -0.466186 1.000000 1.000000 1.000000
3411.035400 0.000000 2651.735840 0.000000 0.887961 0.000000 -0.459919 1.000000 1.000000 1.000000
3437.253662 0.000000 2693.677734 0.000000 0.814491 0.000000 -0.580177 1.000000 1.000000 1.000000
3420.779297 0.000000 2695.898682 0.000000 0.867561 0.000000 -0.497330 1.000000 1.000000 1.000000
3422.595947 0.000000 2693.586426 0.000000 0.869030 0.000000 -0.494759 1.000000 1.000000 1.000000
3452.964111 0.000000 2740.249756 0.000000 0.879448 0.000000 -0.475995 1.000000 1.000000 1.000000
3452.068115 0.000000 2747.938965 0.000000 0.928013 0.000000 -0.372547 1.000000 1.000000 1.000000
3454.349365 0.000000 2749.199463 0.000000 0.926329 0.000000 -0.376714 1.000000 1.000000 1.000000
3467.018555 0.000000 2750.748291 0.000000 0.840129 0.000000 -0.542387 1.000000 1.000000 1.000000
3459.353516 0.000000 2751.026123 0.000000 0.782047 0.000000 -0.623219 1.000000 1.000000 1.000000
3461.885254 0.000000 2786.046631 0.000000 0.789367 0.000000 -0.613921 1.000000 1.000000 1.000000
3516.811523 0.000000 2804.886963 0.000000 0.908785 0.000000 -0.417266 1.000000 1.000000 1.000000
3491.020996 0.000000 2818.864990 0.000000 0.815166 0.000000 -0.579227 1.000000 1.000000 1.000000
3492.651123 0.000000 2821.416504 0.000000 0.880208 0.000000 -0.474588 1.000000 1.000000 1.000000
3491.012207 0.000000 2810.996582 0.000000 0.846210 0.000000 -0.532850 1.000000 1.000000 1.000000
3519.869629 0.000000 2800.902344 0.000000 0.781903 0.000000 -0.623401 1.000000 1.000000 1.000000
3520.573242 0.000000 2798.222656 0.000000 0.787051 0.000000 -0.616888 1.000000 1.000000 1.000000
3557.806641 0.000000 2848.840332 0.000000 0.830144 0.000000 -0.557549 1.000000 1.000000 1.000000
3535.544189 0.000000 2836.258789 0.000000 0.882007 0.000000 -0.471237 1.000000 1.000000 1.000000
3534.122559 0.000000 2861.322021 0.000000 0.827498 0.000000 -0.561468 1.000000 1.000000 1.000000
3546.250732 0.000000 2880.950439 0.000000 0.889891 0.000000 -0.456174 1.000000 1.000000 1.000000
3557.027344 0.000000 2851.003906 0.000000 0.818682 0.000000 -0.574248 1.000000 1.000000 1.000000
3558.545166 0.000000 2924.615479 0.000000 0.820584 0.000000 -0.571526 1.000000 1.000000 1.000000
3598.342041 0.000000 2865.804443 0.000000 0.889153 0.000000 -0.457609 1.000000 1.000000 1.000000
3620.551025 0.000000 2911.001953 0.000000 0.841605 0.000000 -0.540094 1.000000 1.000000 1.000000
3609.777100 0.000000 2899.180908 0.000000 0.768790 0.000000 -0.639501 1.000000 1.000000 1.000000
3615.306641 0.000000 2908.555420 0.000000 0.905254 0.000000 -0.424871 1.000000 1.000000 1.000000
3595.982422 0.000000 2896.704102 0.000000 0.826572 0.000000 -0.562831 1.000000 1.000000 1.000000
3597.183350 0.000000 2899.156250 0.000000 0.767424 0.000000 -0.641139 1.000000 1.000000 1.000000
4167.348633 0.000000 786.859497 0.000000 0.839455 0.000000 -0.543430 1.000000 1.000000 1.000000
4195.375000 0.000000 800.829163 0.000000 0.820907 0.000000 -0.571061 1.000000 1.000000 1.000000
4096.697754 0.000000 850.067627 0.000000 0.862844 0.000000 -0.505470 1.000000 1.000000 1.000000
4217.728027 0.000000 832.534668 0.000000 0.830589 0.000000 -0.556886 1.000000 1.000000 1.000000
4104.635254 0.000000 865.081299 0.000000 0.766867 0.000000 -0.641806 1.000000 1.000000 1.000000
4121.210938 0.000000 894.804077 0.000000 0.758385 0.000000 -0.651807 1.000000 1.000000 1.000000
4153.847168 0.000000 901.241089 0.000000 0.855905 0.000000 -0.517133 1.000000 1.000000 1.000000
4157.990723 0.000000 926.919312 0.000000 0.912780 0.000000 -0.408452 1.000000 1.000000 1.000000
4103.355957 0.000000 1023.070435 0.000000 0.894768 0.000000 -0.446531 1.000000 1.000000 1.000000
4099.538086 0.000000 1026.332397 0.000000 0.843399 0.000000 -0.537288 1.000000 1.000000 1.000000
4257.867188 0.000000 1026.158447 0.000000 0.797997 0.000000 -0.602661 1.000000 1.000000 1.000000
4128.135254 0.000000 1070.005127 0.000000 0.868518 0.000000 -0.495658 1.000000 1.000000 1.000000
4287.845703 0.000000 1116.927734 0.000000 0.882714 0.000000 -0.469911 1.000000 1.000000 1.000000
4820.380371 0.000000 846.713440 0.000000 0.841860 0.000000 -0.539696 1.000000 1.000000 1.000000
4788.301758 0.000000 850.900513 0.000000 0.809464 0.000000 -0.587170 1.000000 1.000000 1.000000
4859.896484 0.000000 858.251343 0.000000 0.821908 0.000000 -0.569620 1.000000 1.000000 1.000000
4844.595703 0.000000 864.577209 0.000000 0.923694 0.000000 -0.383130 1.000000 1.000000 1.000000
5048.718750 0.000000 789.795471 0.000000 0.935591 0.000000 -0.353087 1.000000 1.000000 1.000000
5058.033691 0.000000 778.951050 0.000000 0.940004 0.000000 -0.341163 1.000000 1.000000 1.000000
4115.330566 0.000000 1204.303223 0.000000 0.762270 0.000000 -0.647259 1.000000 1.000000 1.000000
4114.710938 0.000000 1209.257446 0.000000 0.940129 0.000000 -0.340818 1.000000 1.000000 1.000000
4118.815430 0.000000 1206.576904 0.000000 0.924085 0.000000 -0.382187 1.000000 1.000000 1.000000
4128.533691 0.000000 1215.915161 0.000000 0.912565 0.000000 -0.408932 1.000000 1.000000 1.000000
4129.882324 0.000000 1262.369507 0.000000 0.817526 0.000000 -0.575892 1.000000 1.000000 1.000000
4118.815430 0.000000 1253.819092 0.000000 0.908340 0.000000 -0.418233 1.000000 1.000000 1.000000
4110.984863 0.000000 1273.114014 0.000000 0.865619 0.000000 -0.500704 1.000000 1.000000 1.000000
4110.773926 0.000000 1247.687012 0.000000 0.855121 0.000000 -0.518428 1.000000 1.000000 1.000000
4106.372559 0.000000 1241.316772 0.000000 0.867105 0.000000 -0.498126 1.000000 1.000000 1.000000
4125.001465 0.000000 1263.314575 0.000000 0.760269 0.000000 -0.649608 1.000000 1.000000 1.000000
4112.859863 0.000000 1247.617065 0.000000 0.896622 0.000000 -0.442796 1.000000 1.000000 1.000000
4113.926270 0.000000 1246.552246 0.000000 0.858772 0.000000 -0.512359 1.000000 1.000000 1.000000
4134.212402 0.000000 1276.426514 0.000000 0.928579 0.000000 -0.371134 1.000000 1.000000 1.000000
4096.487793 0.000000 1283.623413 0.000000 0.747420 0.000000 -0.664352 1.000000 1.000000 1.000000
4103.116699 0.000000 1310.609009 0.000000 0.813354 0.000000 -0.581768 1.000000 1.000000 1.000000
4138.028809 0.000000 1286.378540 0.000000 0.791544 0.000000 -0.611112 1.000000 1.000000 1.000000
4122.820801 0.000000 1308.962036 0.000000 0.784339 0.000000 -0.620332 1.000000 1.000000 1.000000
4135.810547 0.000000 1277.361938 0.000000 0.812555 0.000000 -0.582884 1.000000 1.000000 1.000000
4121.726074 0.000000 1310.537842 0.000000 0.939133 0.000000 -0.343553 1.000000 1.000000 1.000000
5037.259766 0.000000 1221.575195 0.000000 0.826956 0.000000 -0.562267 1.000000 1.000000 1.000000
5116.314941 0.000000 1221.006714 0.000000 0.908624 0.000000 -0.417616 1.000000 1.000000 1.000000
5093.301758 0.000000 1254.857910 0.000000 0.892371 0.000000 -0.451302 1.000000 1.000000 1.000000
5234.889648 0.000000 928.539978 0.000000 0.834574 0.000000 -0.550896 1.000000 1.000000 1.000000
5248.418945 0.000000 933.909973 0.000000 0.787609 0.000000 -0.616175 1.000000 1.000000 1.000000
5263.238770 0.000000 944.457947 0.000000 0.761663 0.000000 -0.647973 1.000000 1.000000 1.000000
5234.284668 0.000000 983.295593 0.000000 0.845737 0.000000 -0.533599 1.000000 1.000000 1.000000
5226.022949 0.000000 975.313171 0.000000 0.893225 0.000000 -0.449609 1.000000 1.000000 1.000000
5232.328613 0.000000 986.135071 0.000000 0.889001 0.000000 -0.457906 1.000000 1.000000 1.000000
5280.882324 0.000000 963.258911 0.000000 0.924264 0.000000 -0.381753 1.000000 1.000000 1.000000
5306.416504 0.000000 1037.963867 0.000000 0.919641 0.000000 -0.392761 1.000000 1.000000 1.000000
5298.143555 0.000000 1007.975830 0.000000 0.774350 0.000000 -0.632757 1.000000 1.000000 1.000000
5315.127441 0.000000 1003.064880 0.000000 0.783270 0.000000 -0.621682 1.000000 1.000000 1.000000
5349.587891 0.000000 1006.394775 0.000000 0.774912 0.000000 -0.632069 1.000000 1.000000 1.000000
5312.369629 0.000000 1015.007141 0.000000 0.938672 0.000000 -0.344810 1.000000 1.000000 1.000000
5302.481934 0.000000 1064.425171 0.000000 0.897177 0.000000 -0.441672 1.000000 1.000000 1.000000
5272.714844 0.000000 1068.229614 0.000000 0.812436 0.000000 -0.583051 1.000000 1.000000 1.000000
5348.770996 0.000000 1070.619873 0.000000 0.872119 0.000000 -0.489294 1.000000 1.000000 1.000000
5373.137695 0.000000 1077.832153 0.000000 0.753054 0.000000 -0.657958 1.000000 1.000000 1.000000
5364.769531 0.000000 1094.457275 0.000000 0.854711 0.000000 -0.519105 1.000000 1.000000 1.000000
5361.041992 0.000000 1088.369141 0.000000 0.830246 0.000000 -0.557397 1.000000 1.000000 1.000000
5358.269531 0.000000 1091.361694 0.000000 0.826134 0.000000 -0.563474 1.000000 1.000000 1.000000
5348.229492 0.000000 1111.997314 0.000000 0.924088 0.000000 -0.382180 1.000000 1.000000 1.000000
5405.186035 0.000000 961.438721 0.000000 0.889428 0.000000 -0.457074 1.000000 1.000000 1.000000
5412.332520 0.000000 1021.314331 0.000000 0.895356 0.000000 -0.445350 1.000000 1.000000 1.000000
5389.286133 0.000000 996.015137 0.000000 0.821279 0.000000 -0.570527 1.000000 1.000000 1.000000
5433.460449 0.000000 998.631653 0.000000 0.919056 0.000000 -0.394128 1.000000 1.000000 1.000000
5438.773926 0.000000 1008.394470 0.000000 0.911018 0.000000 -0.412366 1.000000 1.000000 1.000000
5384.379883 0.000000 1021.230164 0.000000 0.776619 0.000000 -0.629971 1.000000 1.000000 1.000000
5412.763184 0.000000 1023.377625 0.000000 0.818487 0.000000 -0.574524 1.000000 1.000000 1.000000
5411.603516 0.000000 1019.571594 0.000000 0.779054 0.000000 -0.626956 1.000000 1.000000 1.000000
5418.307617 0.000000 1029.719849 0.000000 0.833131 0.000000 -0.553075 1.000000 1.000000 1.000000
5377.529785 0.000000 1003.734070 0.000000 0.920610 0.000000 -0.390483 1.000000 1.000000 1.000000
5451.869141 0.000000 1037.780029 0.000000 0.936620 0.000000 -0.350348 1.000000 1.000000 1.000000
5429.174316 0.000000 1061.266479 0.000000 0.873848 0.000000 -0.486200 1.000000 1.000000 1.000000
5394.793457 0.000000 1045.501465 0.000000 0.932950 0.000000 -0.360005 1.000000 1.000000 1.000000
5400.286133 0.000000 1066.226318 0.000000 0.905988 0.000000 -0.423304 1.000000 1.000000 1.000000
5463.795410 0.000000 1043.136353 0.000000 0.867800 0.000000 -0.496913 1.000000 1.000000 1.000000
5466.371582 0.000000 1040.701782 0.000000 0.927664 0.000000 -0.373415 1.000000 1.000000 1.000000
5160.773438 0.000000 1294.548462 0.000000 0.791453 0.000000 -0.611230 1.000000 1.000000 1.000000
5120.869141 0.000000 1328.705322 0.000000 0.913914 0.000000 -0.405907 1.000000 1.000000 1.000000
4478.981445 0.000000 1735.970093 0.000000 0.932190 0.000000 -0.361969 1.000000 1.000000 1.000000
4388.500977 0.000000 1766.361450 0.000000 0.911039 0.000000 -0.412321 1.000000 1.000000 1.000000
4403.589355 0.000000 1757.299805 0.000000 0.785674 0.000000 -0.618641 1.000000 1.000000 1.000000
4454.173828 0.000000 1748.848389 0.000000 0.931578 0.000000 -0.363543 1.000000 1.000000 1.000000
4480.651367 0.000000 1747.669189 0.000000 0.810249 0.000000 -0.586086 1.000000 1.000000 1.000000
4479.752930 0.000000 1704.773071 0.000000 0.880848 0.000000 -0.473399 1.000000 1.000000 1.000000
4483.577637 0.000000 1746.155640 0.000000 0.776755 0.000000 -0.629803 1.000000 1.000000 1.000000
4499.163086 0.000000 1741.418091 0.000000 0.771678 0.000000 -0.636013 1.000000 1.000000 1.000000
4490.265137 0.000000 1784.847656 0.000000 0.934056 0.000000 -0.357126 1.000000 1.000000 1.000000
4499.283691 0.000000 1771.209473 0.000000 0.868450 0.000000 -0.495776 1.000000 1.000000 1.000000
4480.624512 0.000000 1774.777954 0.000000 0.815620 0.000000 -0.578588 1.000000 1.000000 1.000000
4517.486328 0.000000 1758.984863 0.000000 0.820994 0.000000 -0.570937 1.000000 1.000000 1.000000
4532.028809 0.000000 1773.406982 0.000000 0.848502 0.000000 -0.529192 1.000000 1.000000 1.000000
4493.170898 0.000000 1748.680908 0.000000 0.759120 0.000000 -0.650951 1.000000 1.000000 1.000000
4490.268066 0.000000 1756.347290 0.000000 0.832209 0.000000 -0.554462 1.000000 1.000000 1.000000
4547.483887 0.000000 1782.207520 0.000000 0.878449 0.000000 -0.477837 1.000000 1.000000 1.000000
4588.500000 0.000000 1792.465088 0.000000 0.934298 0.000000 -0.356492 1.000000 1.000000 1.000000
4470.371094 0.000000 1807.156738 0.000000 0.933072 0.000000 -0.359689 1.000000 1.000000 1.000000
4456.892090 0.000000 1838.780151 0.000000 0.764534 0.000000 -0.644583 1.000000 1.000000 1.000000
4438.776367 0.000000 1820.725342 0.000000 0.859780 0.000000 -0.510664 1.000000 1.000000 1.000000
4478.122559 0.000000 1815.793945 0.000000 0.906995 0.000000 -0.421141 1.000000 1.000000 1.000000
4452.884277 0.000000 1819.340820 0.000000 0.934047 0.000000 -0.357150 1.000000 1.000000 1.000000
4407.010254 0.000000 1861.448242 0.000000 0.836563 0.000000 -0.547871 1.000000 1.000000 1.000000
4461.128906 0.000000 1843.318115 0.000000 0.788545 0.000000 -0.614977 1.000000 1.000000 1.000000
4435.897461 0.000000 1846.330566 0.000000 0.866107 0.000000 -0.499859 1.000000 1.000000 1.000000
4529.311523 0.000000 1813.564941 0.000000 0.773718 0.000000 -0.633530 1.000000 1.000000 1.000000
4517.486328 0.000000 1806.227051 0.000000 0.896727 0.000000 -0.442584 1.000000 1.000000 1.000000
4538.497559 0.000000 1837.817505 0.000000 0.904512 0.000000 -0.426448 1.000000 1.000000 1.000000
4532.038574 0.000000 1814.189941 0.000000 0.895235 0.000000 -0.445595 1.000000 1.000000 1.000000
4497.338379 0.000000 1799.104980 0.000000 0.934631 0.000000 -0.355620 1.000000 1.000000 1.000000
4490.797852 0.000000 1813.255859 0.000000 0.791716 0.000000 -0.610889 1.000000 1.000000 1.000000
4519.205078 0.000000 1802.872192 0.000000 0.786862 0.000000 -0.617129 1.000000 1.000000 1.000000
4500.017578 0.000000 1796.817749 0.000000 0.855376 0.000000 -0.518007 1.000000 1.000000 1.000000
4592.406738 0.000000 1836.494507 0.000000 0.757027 0.000000 -0.653383 1.000000 1.000000 1.000000
4592.168945 0.000000 1816.533447 0.000000 0.749547 0.000000 -0.661951 1.000000 1.000000 1.000000
4593.991211 0.000000 1837.542847 0.000000 0.904564 0.000000 -0.426338 1.000000 1.000000 1.000000
4592.287598 0.000000 1835.331421 0.000000 0.822577 0.000000 -0.568654 1.000000 1.000000 1.000000
4577.897949 0.000000 1864.393066 0.000000 0.877216 0.000000 -0.480095 1.000000 1.000000 1.000000
4607.218262 0.000000 1854.771851 0.000000 0.767690 0.000000 -0.640822 1.000000 1.000000 1.000000
4599.816406 0.000000 1842.561523 0.000000 0.868648 0.000000 -0.495430 1.000000 1.000000 1.000000
4577.676270 0.000000 1870.832520 0.000000 0.930481 0.000000 -0.366341 1.000000 1.000000 1.000000
4630.385742 0.000000 1658.739380 0.000000 0.937264 0.000000 -0.348620 1.000000 1.000000 1.000000
4663.337891 0.000000 1668.122314 0.000000 0.808808 0.000000 -0.588073 1.000000 1.000000 1.000000
4671.798828 0.000000 1683.833984 0.000000 0.855170 0.000000 -0.518347 1.000000 1.000000 1.000000
4862.934570 0.000000 1641.485718 0.000000 0.779159 0.000000 -0.626826 1.000000 1.000000 1.000000
4847.052734 0.000000 1617.637329 0.000000 0.801574 0.000000 -0.597896 1.000000 1.000000 1.000000
4746.233887 0.000000 1690.363281 0.000000 0.894187 0.000000 -0.447694 1.000000 1.000000 1.000000
4756.796875 0.000000 1691.549805 0.000000 0.919211 0.000000 -0.393766 1.000000 1.000000 1.000000
4844.549316 0.000000 1685.659058 0.000000 0.828503 0.000000 -0.559985 1.000000 1.000000 1.000000
4805.938965 0.000000 1675.915649 0.000000 0.832275 0.000000 -0.554363 1.000000 1.000000 1.000000
4864.394043 0.000000 1614.318726 0.000000 0.831991 0.000000 -0.554789 1.000000 1.000000 1.000000
4926.169922 0.000000 1615.386963 0.000000 0.917710 0.000000 -0.397250 1.000000 1.000000 1.000000
4934.517578 0.000000 1616.301270 0.000000 0.879989 0.000000 -0.474995 1.000000 1.000000 1.000000
4918.316406 0.000000 1665.430176 0.000000 0.806804 0.000000 -0.590819 1.000000 1.000000 1.000000
4867.047363 0.000000 1695.869385 0.000000 0.844792 0.000000 -0.535095 1.000000 1.000000 1.000000
4921.642090 0.000000 1682.894165 0.000000 0.779653 0.000000 -0.626212 1.000000 1.000000 1.000000
4899.549316 0.000000 1692.937256 0.000000 0.827974 0.000000 -0.560766 1.000000 1.000000 1.000000
4923.801270 0.000000 1673.934570 0.000000 0.939627 0.000000 -0.342199 1.000000 1.000000 1.000000
4926.900391 0.000000 1653.651001 0.000000 0.778664 0.000000 -0.627442 1.000000 1.000000 1.000000
4914.505371 0.000000 1673.043579 0.000000 0.775280 0.000000 -0.631618 1.000000 1.000000 1.000000
4964.387207 0.000000 1682.704956 0.000000 0.918612 0.000000 -0.395160 1.000000 1.000000 1.000000
4983.769531 0.000000 1653.592773 0.000000 0.909856 0.000000 -0.414924 1.000000 1.000000 1.000000
4955.375977 0.000000 1661.617798 0.000000 0.862188 0.000000 -0.506589 1.000000 1.000000 1.000000
5052.175293 0.000000 1683.965210 0.000000 0.751345 0.000000 -0.659909 1.000000 1.000000 1.000000
5021.654785 0.000000 1694.959961 0.000000 0.924938 0.000000 -0.380119 1.000000 1.000000 1.000000
5027.533691 0.000000 1692.937256 0.000000 0.810850 0.000000 -0.585254 1.000000 1.000000 1.000000
5020.276367 0.000000 1696.119141 0.000000 0.907484 0.000000 -0.420087 1.000000 1.000000 1.000000
4653.282227 0.000000 1704.384888 0.000000 0.892091 0.000000 -0.451856 1.000000 1.000000 1.000000
4672.627930 0.000000 1747.669189 0.000000 0.871711 0.000000 -0.490020 1.000000 1.000000 1.000000
4706.566406 0.000000 1710.409790 0.000000 0.872391 0.000000 -0.488809 1.000000 1.000000 1.000000
4713.250488 0.000000 1722.412964 0.000000 0.922305 0.000000 -0.386464 1.000000 1.000000 1.000000
4709.278809 0.000000 1708.936279 0.000000 0.838953 0.000000 -0.544203 1.000000 1.000000 1.000000
4682.872070 0.000000 1749.656616 0.000000 0.803978 0.000000 -0.594658 1.000000 1.000000 1.000000
4674.366211 0.000000 1787.031250 0.000000 0.910833 0.000000 -0.412775 1.000000 1.000000 1.000000
4675.653809 0.000000 1776.694458 0.000000 0.776865 0.000000 -0.629667 1.000000 1.000000 1.000000
4686.036133 0.000000 1790.058472 0.000000 0.896252 0.000000 -0.443545 1.000000 1.000000 1.000000
4797.905762 0.000000 1724.705200 0.000000 0.765852 0.000000 -0.643017 1.000000 1.000000 1.000000
4786.339355 0.000000 1739.170654 0.000000 0.771756 0.000000 -0.635919 1.000000 1.000000 1.000000
4740.497559 0.000000 1715.969849 0.000000 0.921901 0.000000 -0.387427 1.000000 1.000000 1.000000
4783.082031 0.000000 1730.858643 0.000000 0.850548 0.000000 -0.525898 1.000000 1.000000 1.000000
4780.557129 0.000000 1732.901245 0.000000 0.789568 0.000000 -0.613663 1.000000 1.000000 1.000000
4800.432129 0.000000 1723.640015 0.000000 0.779061 0.000000 -0.626948 1.000000 1.000000 1.000000
4859.584961 0.000000 1706.249634 0.000000 0.752538 0.000000 -0.658549 1.000000 1.000000 1.000000
4823.810547 0.000000 1701.003784 0.000000 0.897733 0.000000 -0.440539 1.000000 1.000000 1.000000
4857.649902 0.000000 1777.378540 0.000000 0.863754 0.000000 -0.503914 1.000000 1.000000 1.000000
4607.476074 0.000000 1801.832153 0.000000 0.885060 0.000000 -0.465476 1.000000 1.000000 1.000000
4694.745117 0.000000 1820.725342 0.000000 0.793714 0.000000 -0.608291 1.000000 1.000000 1.000000
4722.234863 0.000000 1798.216064 0.000000 0.799602 0.000000 -0.600530 1.000000 1.000000 1.000000
4624.037598 0.000000 1859.570679 0.000000 0.778669 0.000000 -0.627435 1.000000 1.000000 1.000000
4649.573730 0.000000 1844.732544 0.000000 0.897900 0.000000 -0.440199 1.000000 1.000000 1.000000
4615.453613 0.000000 1884.487793 0.000000 0.820131 0.000000 -0.572176 1.000000 1.000000 1.000000
4693.875488 0.000000 1852.100220 0.000000 0.815163 0.000000 -0.579231 1.000000 1.000000 1.000000
4695.881348 0.000000 1855.910400 0.000000 0.858796 0.000000 -0.512318 1.000000 1.000000 1.000000
4744.985352 0.000000 1799.479980 0.000000 0.880561 0.000000 -0.473934 1.000000 1.000000 1.000000
4785.965820 0.000000 1869.686646 0.000000 0.928586 0.000000 -0.371117 1.000000 1.000000 1.000000
4790.614258 0.000000 1859.360229 0.000000 0.850452 0.000000 -0.526052 1.000000 1.000000 1.000000
4859.896484 0.000000 1850.337280 0.000000 0.811790 0.000000 -0.583950 1.000000 1.000000 1.000000
4805.918945 0.000000 1859.713257 0.000000 0.755900 0.000000 -0.654687 1.000000 1.000000 1.000000
4975.762695 0.000000 1704.912842 0.000000 0.795186 0.000000 -0.606365 1.000000 1.000000 1.000000
4988.310547 0.000000 1742.731323 0.000000 0.750576 0.000000 -0.660784 1.000000 1.000000 1.000000
4919.701660 0.000000 1779.426392 0.000000 0.793479 0.000000 -0.608598 1.000000 1.000000 1.000000
4917.539062 0.000000 1776.440674 0.000000 0.848761 0.000000 -0.528777 1.000000 1.000000 1.000000
4917.250000 0.000000 1779.615234 0.000000 0.812879 0.000000 -0.582432 1.000000 1.000000 1.000000
4967.816895 0.000000 1772.605469 0.000000 0.767407 0.000000 -0.641160 1.000000 1.000000 1.000000
5052.769043 0.000000 1700.921387 0.000000 0.925947 0.000000 -0.377653 1.000000 1.000000 1.000000
5037.235352 0.000000 1704.384888 0.000000 0.779145 0.000000 -0.626844 1.000000 1.000000 1.000000
5094.655273 0.000000 1736.517700 0.000000 0.753829 0.000000 -0.657071 1.000000 1.000000 1.000000
5070.657227 0.000000 1720.108887 0.000000 0.931631 0.000000 -0.363406 1.000000 1.000000 1.000000
5066.727539 0.000000 1718.771484 0.000000 0.764497 0.000000 -0.644627 1.000000 1.000000 1.000000
5021.525879 0.000000 1785.270996 0.000000 0.800296 0.000000 -0.599605 1.000000 1.000000 1.000000
4991.474121 0.000000 1768.069580 0.000000 0.771750 0.000000 -0.635926 1.000000 1.000000 1.000000
4919.098145 0.000000 1849.845703 0.000000 0.765414 0.000000 -0.643539 1.000000 1.000000 1.000000
4949.844238 0.000000 1852.100220 0.000000 0.910112 0.000000 -0.414362 1.000000 1.000000 1.000000
5007.990723 0.000000 1812.328491 0.000000 0.752537 0.000000 -0.658550 1.000000 1.000000 1.000000
5047.686035 0.000000 1826.668579 0.000000 0.922618 0.000000 -0.385714 1.000000 1.000000 1.000000
5046.375488 0.000000 1828.922119 0.000000 0.928327 0.000000 -0.371765 1.000000 1.000000 1.000000
5069.198242 0.000000 1842.133789 0.000000 0.886148 0.000000 -0.463402 1.000000 1.000000 1.000000
5007.990723 0.000000 1859.570679 0.000000 0.795538 0.000000 -0.605904 1.000000 1.000000 1.000000
5069.100586 0.000000 1843.165283 0.000000 0.771606 0.000000 -0.636101 1.000000 1.000000 1.000000
4327.895020 0.000000 1914.332031 0.000000 0.868164 0.000000 -0.496277 1.000000 1.000000 1.000000
4316.468262 0.000000 1918.635010 0.000000 0.887056 0.000000 -0.461661 1.000000 1.000000 1.000000
4351.837891 0.000000 1920.044922 0.000000 0.802594 0.000000 -0.596526 1.000000 1.000000 1.000000
4374.745117 0.000000 1901.552979 0.000000 0.886405 0.000000 -0.462911 1.000000 1.000000 1.000000
4429.276367 0.000000 1936.618164 0.000000 0.898926 0.000000 -0.438101 1.000000 1.000000 1.000000
4423.571289 0.000000 1914.550293 0.000000 0.918397 0.000000 -0.395660 1.000000 1.000000 1.000000
4410.037598 0.000000 1956.055298 0.000000 0.886705 0.000000 -0.462335 1.000000 1.000000 1.000000
4428.643066 0.000000 2075.509277 0.000000 0.855129 0.000000 -0.518415 1.000000 1.000000 1.000000
4467.526367 0.000000 2072.897217 0.000000 0.857184 0.000000 -0.515010 1.000000 1.000000 1.000000
4250.165039 0.000000 2125.075439 0.000000 0.881016 0.000000 -0.473087 1.000000 1.000000 1.000000
4269.353516 0.000000 2166.418945 0.000000 0.865967 0.000000 -0.500102 1.000000 1.000000 1.000000
4249.257812 0.000000 2135.082520 0.000000 0.922240 0.000000 -0.386617 1.000000 1.000000 1.000000
4252.678223 0.000000 2128.992432 0.000000 0.911742 0.000000 -0.410764 1.000000 1.000000 1.000000
4264.723633 0.000000 2158.009766 0.000000 0.884588 0.000000 -0.466373 1.000000 1.000000 1.000000
4332.102539 0.000000 2183.533447 0.000000 0.879609 0.000000 -0.475698 1.000000 1.000000 1.000000
4327.228516 0.000000 2180.809814 0.000000 0.939333 0.000000 -0.343007 1.000000 1.000000 1.000000
4324.675293 0.000000 2186.003418 0.000000 0.825699 0.000000 -0.564112 1.000000 1.000000 1.000000
4327.539062 0.000000 2187.506104 0.000000 0.831094 0.000000 -0.556132 1.000000 1.000000 1.000000
4325.855957 0.000000 2185.360840 0.000000 0.852032 0.000000 -0.523490 1.000000 1.000000 1.000000
4324.614258 0.000000 2184.860352 0.000000 0.791405 0.000000 -0.611292 1.000000 1.000000 1.000000
4379.736816 0.000000 2078.776367 0.000000 0.812535 0.000000 -0.582913 1.000000 1.000000 1.000000
4390.014160 0.000000 2085.237061 0.000000 0.937193 0.000000 -0.348812 1.000000 1.000000 1.000000
4442.631836 0.000000 2102.315674 0.000000 0.823869 0.000000 -0.566780 1.000000 1.000000 1.000000
4440.816406 0.000000 2107.557861 0.000000 0.886563 0.000000 -0.462608 1.000000 1.000000 1.000000
4450.597656 0.000000 2088.347412 0.000000 0.927830 0.000000 -0.373002 1.000000 1.000000 1.000000
4440.759277 0.000000 2112.324219 0.000000 0.934278 0.000000 -0.356546 1.000000 1.000000 1.000000
4448.329590 0.000000 2121.409424 0.000000 0.777703 0.000000 -0.628631 1.000000 1.000000 1.000000
4442.297852 0.000000 2109.966553 0.000000 0.902361 0.000000 -0.430981 1.000000 1.000000 1.000000
4441.150391 0.000000 2103.725830 0.000000 0.880304 0.000000 -0.474410 1.000000 1.000000 1.000000
4454.526367 0.000000 2094.468506 0.000000 0.848749 0.000000 -0.528795 1.000000 1.000000 1.000000
4463.160156 0.000000 2163.731445 0.000000 0.883857 0.000000 -0.467757 1.000000 1.000000 1.000000
4452.884277 0.000000 2150.036133 0.000000 0.747143 0.000000 -0.664664 1.000000 1.000000 1.000000
4466.708984 0.000000 2147.044189 0.000000 0.898763 0.000000 -0.438434 1.000000 1.000000 1.000000
4463.163086 0.000000 2165.660400 0.000000 0.892251 0.000000 -0.451540 1.000000 1.000000 1.000000
4538.286621 0.000000 2105.358643 0.000000 0.787861 0.000000 -0.615853 1.000000 1.000000 1.000000
4489.246094 0.000000 2124.395996 0.000000 0.912994 0.000000 -0.407974 1.000000 1.000000 1.000000
4516.526367 0.000000 2112.783691 0.000000 0.915744 0.000000 -0.401762 1.000000 1.000000 1.000000
4538.482910 0.000000 2119.248779 0.000000 0.902287 0.000000 -0.431136 1.000000 1.000000 1.000000
4577.232422 0.000000 2118.658447 0.000000 0.812427 0.000000 -0.583063 1.000000 1.000000 1.000000
4560.511719 0.000000 2117.017822 0.000000 0.841190 0.000000 -0.540739 1.000000 1.000000 1.000000
4575.189453 0.000000 2105.438232 0.000000 0.753305 0.000000 -0.657671 1.000000 1.000000 1.000000
4560.316406 0.000000 2104.109131 0.000000 0.905044 0.000000 -0.425319 1.000000 1.000000 1.000000
4588.566406 0.000000 2107.705078 0.000000 0.814636 0.000000 -0.579972 1.000000 1.000000 1.000000
4570.282227 0.000000 2109.966553 0.000000 0.806296 0.000000 -0.591512 1.000000 1.000000 1.000000
4570.766602 0.000000 2112.079346 0.000000 0.778171 0.000000 -0.628052 1.000000 1.000000 1.000000
4591.147461 0.000000 2118.418213 0.000000 0.763308 0.000000 -0.646034 1.000000 1.000000 1.000000
4593.991211 0.000000 2120.996094 0.000000 0.891578 0.000000 -0.452867 1.000000 1.000000 1.000000
4480.624512 0.000000 2152.715576 0.000000 0.898695 0.000000 -0.438573 1.000000 1.000000 1.000000
4483.223633 0.000000 2128.645996 0.000000 0.792199 0.000000 -0.610263 1.000000 1.000000 1.000000
4508.955078 0.000000 2160.916260 0.000000 0.869755 0.000000 -0.493484 1.000000 1.000000 1.000000
4538.971680 0.000000 2164.278564 0.000000 0.789617 0.000000 -0.613599 1.000000 1.000000 1.000000
4499.581055 0.000000 2164.608154 0.000000 0.841983 0.000000 -0.539504 1.000000 1.000000 1.000000
4498.025879 0.000000 2160.588623 0.000000 0.801290 0.000000 -0.598276 1.000000 1.000000 1.000000
4504.279785 0.000000 2163.353027 0.000000 0.872155 0.000000 -0.489229 1.000000 1.000000 1.000000
4507.605469 0.000000 2165.790771 0.000000 0.889664 0.000000 -0.456616 1.000000 1.000000 1.000000
4509.256348 0.000000 2159.769775 0.000000 0.923132 0.000000 -0.384483 1.000000 1.000000 1.000000
4507.329590 0.000000 2167.925537 0.000000 0.785602 0.000000 -0.618732 1.000000 1.000000 1.000000
4584.843750 0.000000 2144.907959 0.000000 0.849859 0.000000 -0.527010 1.000000 1.000000 1.000000
4563.705078 0.000000 2126.013428 0.000000 0.783436 0.000000 -0.621472 1.000000 1.000000 1.000000
4370.679688 0.000000 2201.343506 0.000000 0.762640 0.000000 -0.646824 1.000000 1.000000 1.000000
4388.500977 0.000000 2191.541260 0.000000 0.863230 0.000000 -0.504811 1.000000 1.000000 1.000000
4371.785645 0.000000 2198.981934 0.000000 0.912034 0.000000 -0.410115 1.000000 1.000000 1.000000
4434.577637 0.000000 2190.045898 0.000000 0.901244 0.000000 -0.433313 1.000000 1.000000 1.000000
4437.208984 0.000000 2189.007080 0.000000 0.854201 0.000000 -0.519944 1.000000 1.000000 1.000000
4646.483398 0.000000 1899.238770 0.000000 0.893833 0.000000 -0.448400 1.000000 1.000000 1.000000
4677.110352 0.000000 1914.498535 0.000000 0.909183 0.000000 -0.416397 1.000000 1.000000 1.000000
4675.205566 0.000000 1900.666504 0.000000 0.869329 0.000000 -0.494234 1.000000 1.000000 1.000000
4678.466309 0.000000 1903.781616 0.000000 0.855863 0.000000 -0.517203 1.000000 1.000000 1.000000
4689.078125 0.000000 1930.037720 0.000000 0.876089 0.000000 -0.482149 1.000000 1.000000 1.000000
4721.602051 0.000000 1949.909424 0.000000 0.806212 0.000000 -0.591627 1.000000 1.000000 1.000000
4717.933105 0.000000 1982.219727 0.000000 0.866063 0.000000 -0.499934 1.000000 1.000000 1.000000
4774.856934 0.000000 1893.167114 0.000000 0.918222 0.000000 -0.396067 1.000000 1.000000 1.000000
4756.752930 0.000000 1944.587646 0.000000 0.921224 0.000000 -0.389032 1.000000 1.000000 1.000000
4700.666992 0.000000 2016.999634 0.000000 0.846055 0.000000 -0.533095 1.000000 1.000000 1.000000
4668.369629 0.000000 2071.365967 0.000000 0.858796 0.000000 -0.512317 1.000000 1.000000 1.000000
4668.544922 0.000000 2068.451416 0.000000 0.755544 0.000000 -0.655098 1.000000 1.000000 1.000000
4634.427734 0.000000 2057.946533 0.000000 0.767095 0.000000 -0.641533 1.000000 1.000000 1.000000
4649.703125 0.000000 2035.868530 0.000000 0.878690 0.000000 -0.477393 1.000000 1.000000 1.000000
4637.292969 0.000000 2058.684082 0.000000 0.871463 0.000000 -0.490461 1.000000 1.000000 1.000000
4647.287598 0.000000 2071.275879 0.000000 0.925370 0.000000 -0.379064 1.000000 1.000000 1.000000
4646.844238 0.000000 2072.774658 0.000000 0.834887 0.000000 -0.550421 1.000000 1.000000 1.000000
4726.339844 0.000000 2043.367676 0.000000 0.896167 0.000000 -0.443716 1.000000 1.000000 1.000000
4683.849609 0.000000 2046.344482 0.000000 0.836551 0.000000 -0.547889 1.000000 1.000000 1.000000
4680.629883 0.000000 2053.890381 0.000000 0.762441 0.000000 -0.647058 1.000000 1.000000 1.000000
4718.771973 0.000000 2050.477783 0.000000 0.842399 0.000000 -0.538854 1.000000 1.000000 1.000000
4677.934570 0.000000 2048.681885 0.000000 0.912727 0.000000 -0.408570 1.000000 1.000000 1.000000
4673.329102 0.000000 2072.499268 0.000000 0.777590 0.000000 -0.628771 1.000000 1.000000 1.000000
4964.850098 0.000000 1942.444458 0.000000 0.770169 0.000000 -0.637840 1.000000 1.000000 1.000000
4966.789551 0.000000 1956.669312 0.000000 0.909544 0.000000 -0.415607 1.000000 1.000000 1.000000
5011.641602 0.000000 1904.095581 0.000000 0.860525 0.000000 -0.509409 1.000000 1.000000 1.000000
5068.712402 0.000000 1929.550903 0.000000 0.923706 0.000000 -0.383103 1.000000 1.000000 1.000000
5097.519043 0.000000 1891.974731 0.000000 0.830938 0.000000 -0.556365 1.000000 1.000000 1.000000
5078.331055 0.000000 1894.950317 0.000000 0.775466 0.000000 -0.631389 1.000000 1.000000 1.000000
5071.001465 0.000000 1929.759277 0.000000 0.927521 0.000000 -0.373770 1.000000 1.000000 1.000000
5085.680664 0.000000 1956.615479 0.000000 0.787990 0.000000 -0.615688 1.000000 1.000000 1.000000
5113.618652 0.000000 1966.347290 0.000000 0.926323 0.000000 -0.376730 1.000000 1.000000 1.000000
5103.747070 0.000000 2035.608154 0.000000 0.873068 0.000000 -0.487599 1.000000 1.000000 1.000000
4611.661621 0.000000 2107.389893 0.000000 0.797768 0.000000 -0.602965 1.000000 1.000000 1.000000
4611.078613 0.000000 2121.049072 0.000000 0.857991 0.000000 -0.513665 1.000000 1.000000 1.000000
4611.562012 0.000000 2124.093262 0.000000 0.877647 0.000000 -0.479309 1.000000 1.000000 1.000000
4611.655762 0.000000 2105.219482 0.000000 0.906980 0.000000 -0.421173 1.000000 1.000000 1.000000
4610.007324 0.000000 2124.684570 0.000000 0.869730 0.000000 -0.493529 1.000000 1.000000 1.000000
4629.967773 0.000000 2086.932861 0.000000 0.933992 0.000000 -0.357295 1.000000 1.000000 1.000000
4626.964844 0.000000 2088.160645 0.000000 0.929931 0.000000 -0.367735 1.000000 1.000000 1.000000
4651.539062 0.000000 2092.352295 0.000000 0.926703 0.000000 -0.375794 1.000000 1.000000 1.000000
4682.241699 0.000000 2115.543213 0.000000 0.937441 0.000000 -0.348143 1.000000 1.000000 1.000000
4703.920898 0.000000 2093.416992 0.000000 0.821143 0.000000 -0.570722 1.000000 1.000000 1.000000
4701.727539 0.000000 2098.342285 0.000000 0.897404 0.000000 -0.441209 1.000000 1.000000 1.000000
4662.347656 0.000000 2137.852051 0.000000 0.751867 0.000000 -0.659315 1.000000 1.000000 1.000000
4615.896484 0.000000 2134.436523 0.000000 0.874663 0.000000 -0.484732 1.000000 1.000000 1.000000
4617.950195 0.000000 2150.478516 0.000000 0.805739 0.000000 -0.592270 1.000000 1.000000 1.000000
4666.565430 0.000000 2137.252930 0.000000 0.900220 0.000000 -0.435436 1.000000 1.000000 1.000000
4668.656738 0.000000 2135.261475 0.000000 0.853062 0.000000 -0.521810 1.000000 1.000000 1.000000
4671.729492 0.000000 2129.952881 0.000000 0.807649 0.000000 -0.589664 1.000000 1.000000 1.000000
4685.624512 0.000000 2138.199219 0.000000 0.813266 0.000000 -0.581893 1.000000 1.000000 1.000000
4684.688477 0.000000 2136.274170 0.000000 0.832131 0.000000 -0.554579 1.000000 1.000000 1.000000
4671.529297 0.000000 2135.442627 0.000000 0.870007 0.000000 -0.493039 1.000000 1.000000 1.000000
5174.860352 0.000000 1742.339600 0.000000 0.848375 0.000000 -0.529395 1.000000 1.000000 1.000000
5228.421875 0.000000 1745.222900 0.000000 0.895262 0.000000 -0.445541 1.000000 1.000000 1.000000
5132.704590 0.000000 1787.824341 0.000000 0.888353 0.000000 -0.459162 1.000000 1.000000 1.000000
5132.070801 0.000000 1785.715088 0.000000 0.832108 0.000000 -0.554614 1.000000 1.000000 1.000000
5133.190430 0.000000 1936.618164 0.000000 0.914394 0.000000 -0.404826 1.000000 1.000000 1.000000
5165.581055 0.000000 1928.505127 0.000000 0.835723 0.000000 -0.549151 1.000000 1.000000 1.000000
5210.538086 0.000000 1913.346802 0.000000 0.903510 0.000000 -0.428568 1.000000 1.000000 1.000000
5210.440918 0.000000 1910.164307 0.000000 0.842456 0.000000 -0.538765 1.000000 1.000000 1.000000
5211.483887 0.000000 1917.330688 0.000000 0.921433 0.000000 -0.388538 1.000000 1.000000 1.000000
5132.557129 0.000000 1981.024780 0.000000 0.844387 0.000000 -0.535734 1.000000 1.000000 1.000000
5175.511719 0.000000 1939.391113 0.000000 0.760490 0.000000 -0.649350 1.000000 1.000000 1.000000
5303.259766 0.000000 1904.333252 0.000000 0.870100 0.000000 -0.492876 1.000000 1.000000 1.000000
5267.029297 0.000000 1921.605347 0.000000 0.893562 0.000000 -0.448941 1.000000 1.000000 1.000000
5344.442871 0.000000 1926.980469 0.000000 0.775938 0.000000 -0.630810 1.000000 1.000000 1.000000
5295.792480 0.000000 1954.280029 0.000000 0.842974 0.000000 -0.537954 1.000000 1.000000 1.000000
5179.857422 0.000000 1992.063843 0.000000 0.860822 0.000000 -0.508905 1.000000 1.000000 1.000000
5199.708008 0.000000 2005.806641 0.000000 0.928648 0.000000 -0.370963 1.000000 1.000000 1.000000
5165.369629 0.000000 2066.438965 0.000000 0.850410 0.000000 -0.526120 1.000000 1.000000 1.000000
5149.672852 0.000000 2051.099854 0.000000 0.760491 0.000000 -0.649348 1.000000 1.000000 1.000000
5231.310059 0.000000 2047.113281 0.000000 0.835653 0.000000 -0.549258 1.000000 1.000000 1.000000
5325.546387 0.000000 2043.714600 0.000000 0.756863 0.000000 -0.653574 1.000000 1.000000 1.000000
5382.995605 0.000000 1948.945190 0.000000 0.865818 0.000000 -0.500358 1.000000 1.000000 1.000000
5385.266602 0.000000 1950.631592 0.000000 0.806254 0.000000 -0.591569 1.000000 1.000000 1.000000
5490.120117 0.000000 1952.819580 0.000000 0.794822 0.000000 -0.606843 1.000000 1.000000 1.000000
5408.626465 0.000000 1997.332397 0.000000 0.888007 0.000000 -0.459830 1.000000 1.000000 1.000000
5456.207031 0.000000 2009.624512 0.000000 0.934399 0.000000 -0.356228 1.000000 1.000000 1.000000
5435.826172 0.000000 2039.306030 0.000000 0.849150 0.000000 -0.528151 1.000000 1.000000 1.000000
5394.463379 0.000000 2064.767578 0.000000 0.833280 0.000000 -0.552851 1.000000 1.000000 1.000000
5455.678711 0.000000 2045.656738 0.000000 0.801210 0.000000 -0.598384 1.000000 1.000000 1.000000
5535.072266 0.000000 2010.953735 0.000000 0.927308 0.000000 -0.374300 1.000000 1.000000 1.000000
5521.327148 0.000000 2015.432495 0.000000 0.817583 0.000000 -0.575811 1.000000 1.000000 1.000000
5534.567383 0.000000 2013.026611 0.000000 0.834732 0.000000 -0.550656 1.000000 1.000000 1.000000
5536.994629 0.000000 2010.646118 0.000000 0.856550 0.000000 -0.516064 1.000000 1.000000 1.000000
5524.888672 0.000000 2049.311768 0.000000 0.824039 0.000000 -0.566534 1.000000 1.000000 1.000000
5215.682129 0.000000 2083.137695 0.000000 0.925000 0.000000 -0.379967 1.000000 1.000000 1.000000
5242.424316 0.000000 2171.776611 0.000000 0.822469 0.000000 -0.568810 1.000000 1.000000 1.000000
5303.834473 0.000000 2106.054199 0.000000 0.867338 0.000000 -0.497720 1.000000 1.000000 1.000000
5266.479004 0.000000 2112.009766 0.000000 0.927927 0.000000 -0.372761 1.000000 1.000000 1.000000
5369.699219 0.000000 2082.295898 0.000000 0.804371 0.000000 -0.594127 1.000000 1.000000 1.000000
5306.416504 0.000000 2171.776611 0.000000 0.788656 0.000000 -0.614835 1.000000 1.000000 1.000000
5374.872070 0.000000 2161.149902 0.000000 0.770405 0.000000 -0.637554 1.000000 1.000000 1.000000
5389.159180 0.000000 2125.587158 0.000000 0.789596 0.000000 -0.613627 1.000000 1.000000 1.000000
5424.067383 0.000000 2099.986816 0.000000 0.875084 0.000000 -0.483972 1.000000 1.000000 1.000000
5513.435059 0.000000 2167.676270 0.000000 0.858150 0.000000 -0.513400 1.000000 1.000000 1.000000
5503.108887 0.000000 2232.709473 0.000000 0.844160 0.000000 -0.536091 1.000000 1.000000 1.000000
5516.559570 0.000000 2197.984619 0.000000 0.879486 0.000000 -0.475924 1.000000 1.000000 1.000000
5530.499023 0.000000 2244.042236 0.000000 0.916484 0.000000 -0.400072 1.000000 1.000000 1.000000
4527.817383 0.000000 2602.514648 0.000000 0.757142 0.000000 -0.653250 1.000000 1.000000 1.000000
5013.648926 0.000000 2533.554443 0.000000 0.853134 0.000000 -0.521692 1.000000 1.000000 1.000000
4236.715820 0.000000 2812.133057 0.000000 0.861062 0.000000 -0.508499 1.000000 1.000000 1.000000
5284.778809 0.000000 2346.158936 0.000000 0.920363 0.000000 -0.391066 1.000000 1.000000 1.000000
5370.577637 0.000000 2328.065674 0.000000 0.910767 0.000000 -0.412920 1.000000 1.000000 1.000000
5370.479492 0.000000 2326.221680 0.000000 0.902860 0.000000 -0.429934 1.000000 1.000000 1.000000
5129.167969 0.000000 2455.091309 0.000000 0.776702 0.000000 -0.629869 1.000000 1.000000 1.000000
5353.765137 0.000000 2415.722900 0.000000 0.930318 0.000000 -0.366754 1.000000 1.000000 1.000000
5567.689453 0.000000 2297.982422 0.000000 0.790597 0.000000 -0.612336 1.000000 1.000000 1.000000
5580.649902 0.000000 2307.488525 0.000000 0.757571 0.000000 -0.652753 1.000000 1.000000 1.000000
5565.079102 0.000000 2396.467285 0.000000 0.853359 0.000000 -0.521324 1.000000 1.000000 1.000000
5588.515625 0.000000 2394.984131 0.000000 0.776245 0.000000 -0.630431 1.000000 1.000000 1.000000
5618.583496 0.000000 2415.275635 0.000000 0.871134 0.000000 -0.491045 1.000000 1.000000 1.000000
5153.757812 0.000000 2490.666504 0.000000 0.928219 0.000000 -0.372034 1.000000 1.000000 1.000000
5125.825195 0.000000 2456.838135 0.000000 0.862747 0.000000 -0.505636 1.000000 1.000000 1.000000
5169.501465 0.000000 2456.749756 0.000000 0.881094 0.000000 -0.472941 1.000000 1.000000 1.000000
5158.489746 0.000000 2488.727295 0.000000 0.803357 0.000000 -0.595497 1.000000 1.000000 1.000000
5167.401855 0.000000 2458.269043 0.000000 0.881009 0.000000 -0.473100 1.000000 1.000000 1.000000
5169.369629 0.000000 2461.088135 0.000000 0.826873 0.000000 -0.562389 1.000000 1.000000 1.000000
5582.100098 0.000000 2535.109131 0.000000 0.860374 0.000000 -0.509663 1.000000 1.000000 1.000000
5654.588867 0.000000 2326.732910 0.000000 0.806837 0.000000 -0.590774 1.000000 1.000000 1.000000
5651.563477 0.000000 2329.275391 0.000000 0.754739 0.000000 -0.656026 1.000000 1.000000 1.000000
5887.062012 0.000000 2327.193848 0.000000 0.931989 0.000000 -0.362487 1.000000 1.000000 1.000000
5657.085938 0.000000 2371.293457 0.000000 0.904609 0.000000 -0.426242 1.000000 1.000000 1.000000
5750.427246 0.000000 2387.206543 0.000000 0.792144 0.000000 -0.610335 1.000000 1.000000 1.000000
5723.475586 0.000000 2406.818359 0.000000 0.768632 0.000000 -0.639692 1.000000 1.000000 1.000000
5717.562988 0.000000 2391.827881 0.000000 0.907291 0.000000 -0.420502 1.000000 1.000000 1.000000
5662.300293 0.000000 2432.585205 0.000000 0.855462 0.000000 -0.517865 1.000000 1.000000 1.000000
5908.390137 0.000000 2346.223145 0.000000 0.788540 0.000000 -0.614984 1.000000 1.000000 1.000000
5946.507324 0.000000 2375.307861 0.000000 0.904527 0.000000 -0.426417 1.000000 1.000000 1.000000
5942.403809 0.000000 2434.448730 0.000000 0.916621 0.000000 -0.399757 1.000000 1.000000 1.000000
5925.509277 0.000000 2449.803711 0.000000 0.788190 0.000000 -0.615432 1.000000 1.000000 1.000000
5964.504883 0.000000 2434.195557 0.000000 0.900349 0.000000 -0.435169 1.000000 1.000000 1.000000
5993.409668 0.000000 2411.638916 0.000000 0.805178 0.000000 -0.593033 1.000000 1.000000 1.000000
5963.172852 0.000000 2431.798584 0.000000 0.880000 0.000000 -0.474974 1.000000 1.000000 1.000000
5997.125977 0.000000 2421.481445 0.000000 0.913123 0.000000 -0.407684 1.000000 1.000000 1.000000
5994.285645 0.000000 2423.557617 0.000000 0.927291 0.000000 -0.374342 1.000000 1.000000 1.000000
6032.373047 0.000000 2404.571289 0.000000 0.767756 0.000000 -0.640742 1.000000 1.000000 1.000000
6051.155273 0.000000 2404.639404 0.000000 0.914207 0.000000 -0.405246 1.000000 1.000000 1.000000
6078.029297 0.000000 2371.261963 0.000000 0.830178 0.000000 -0.557498 1.000000 1.000000 1.000000
6129.801758 0.000000 2389.350830 0.000000 0.894470 0.000000 -0.447128 1.000000 1.000000 1.000000
6102.114258 0.000000 2397.456543 0.000000 0.811099 0.000000 -0.584909 1.000000 1.000000 1.000000
6138.776367 0.000000 2400.489502 0.000000 0.890304 0.000000 -0.455367 1.000000 1.000000 1.000000
6109.521973 0.000000 2450.835205 0.000000 0.906957 0.000000 -0.421224 1.000000 1.000000 1.000000
6088.393066 0.000000 2424.073730 0.000000 0.912452 0.000000 -0.409183 1.000000 1.000000 1.000000
6133.170898 0.000000 2450.056641 0.000000 0.913920 0.000000 -0.405895 1.000000 1.000000 1.000000
6125.463867 0.000000 2448.169189 0.000000 0.787819 0.000000 -0.615906 1.000000 1.000000 1.000000
6119.107910 0.000000 2449.213379 0.000000 0.879951 0.000000 -0.475065 1.000000 1.000000 1.000000
5754.059082 0.000000 2525.720703 0.000000 0.812953 0.000000 -0.582330 1.000000 1.000000 1.000000
5764.515625 0.000000 2476.946289 0.000000 0.939492 0.000000 -0.342571 1.000000 1.000000 1.000000
5801.405273 0.000000 2503.284424 0.000000 0.871510 0.000000 -0.490377 1.000000 1.000000 1.000000
5767.256348 0.000000 2476.775879 0.000000 0.916342 0.000000 -0.400396 1.000000 1.000000 1.000000
5786.618164 0.000000 2537.259033 0.000000 0.790007 0.000000 -0.613097 1.000000 1.000000 1.000000
5860.740723 0.000000 2509.350830 0.000000 0.847030 0.000000 -0.531544 1.000000 1.000000 1.000000
5843.582520 0.000000 2514.437256 0.000000 0.899580 0.000000 -0.436757 1.000000 1.000000 1.000000
5647.912598 0.000000 2568.203613 0.000000 0.801296 0.000000 -0.598268 1.000000 1.000000 1.000000
5660.988770 0.000000 2560.917725 0.000000 0.749243 0.000000 -0.662295 1.000000 1.000000 1.000000
5858.425781 0.000000 2560.769287 0.000000 0.823694 0.000000 -0.567034 1.000000 1.000000 1.000000
5837.104492 0.000000 2598.009033 0.000000 0.793385 0.000000 -0.608720 1.000000 1.000000 1.000000
5846.237305 0.000000 2556.341064 0.000000 0.782099 0.000000 -0.623154 1.000000 1.000000 1.000000
5815.667969 0.000000 2598.436523 0.000000 0.788458 0.000000 -0.615089 1.000000 1.000000 1.000000
5820.974609 0.000000 2613.039795 0.000000 0.879597 0.000000 -0.475719 1.000000 1.000000 1.000000
5849.057129 0.000000 2603.882812 0.000000 0.874672 0.000000 -0.484715 1.000000 1.000000 1.000000
6058.370605 0.000000 2521.886230 0.000000 0.873938 0.000000 -0.486038 1.000000 1.000000 1.000000
6100.224121 0.000000 2547.432373 0.000000 0.752387 0.000000 -0.658722 1.000000 1.000000 1.000000
6135.897949 0.000000 2548.113525 0.000000 0.923661 0.000000 -0.383211 1.000000 1.000000 1.000000
6103.265137 0.000000 2522.443115 0.000000 0.936672 0.000000 -0.350208 1.000000 1.000000 1.000000
5981.653320 0.000000 2581.927002 0.000000 0.907605 0.000000 -0.419826 1.000000 1.000000 1.000000
5946.954102 0.000000 2632.645020 0.000000 0.933629 0.000000 -0.358242 1.000000 1.000000 1.000000
5985.891602 0.000000 2604.544189 0.000000 0.916511 0.000000 -0.400009 1.000000 1.000000 1.000000
5956.865234 0.000000 2609.359863 0.000000 0.864841 0.000000 -0.502046 1.000000 1.000000 1.000000
6063.656250 0.000000 2559.557617 0.000000 0.787465 0.000000 -0.616359 1.000000 1.000000 1.000000
6126.896484 0.000000 2562.481201 0.000000 0.886051 0.000000 -0.463587 1.000000 1.000000 1.000000
6082.194336 0.000000 2637.390625 0.000000 0.767665 0.000000 -0.640851 1.000000 1.000000 1.000000
6121.523438 0.000000 2602.774902 0.000000 0.908462 0.000000 -0.417968 1.000000 1.000000 1.000000
6121.671387 0.000000 2604.691650 0.000000 0.930504 0.000000 -0.366281 1.000000 1.000000 1.000000
5172.092773 0.000000 2800.613525 0.000000 0.907779 0.000000 -0.419449 1.000000 1.000000 1.000000
5232.323730 0.000000 2859.878174 0.000000 0.752983 0.000000 -0.658039 1.000000 1.000000 1.000000
5430.885254 0.000000 2853.534180 0.000000 0.774946 0.000000 -0.632028 1.000000 1.000000 1.000000
5416.990234 0.000000 2847.480469 0.000000 0.765884 0.000000 -0.642979 1.000000 1.000000 1.000000
5417.872559 0.000000 2845.370850 0.000000 0.795993 0.000000 -0.605306 1.000000 1.000000 1.000000
5431.517578 0.000000 2845.124023 0.000000 0.868934 0.000000 -0.494927 1.000000 1.000000 1.000000
5562.554199 0.000000 2989.456299 0.000000 0.916784 0.000000 -0.399384 1.000000 1.000000 1.000000
5565.395508 0.000000 2994.525879 0.000000 0.846827 0.000000 -0.531869 1.000000 1.000000 1.000000
5711.278809 0.000000 2694.532227 0.000000 0.933406 0.000000 -0.358821 1.000000 1.000000 1.000000
5711.215332 0.000000 2697.089355 0.000000 0.833156 0.000000 -0.553038 1.000000 1.000000 1.000000
5798.009766 0.000000 2646.449951 0.000000 0.858860 0.000000 -0.512210 1.000000 1.000000 1.000000
5818.424805 0.000000 2656.916992 0.000000 0.880975 0.000000 -0.473164 1.000000 1.000000 1.000000
5837.540527 0.000000 2667.281250 0.000000 0.878206 0.000000 -0.478283 1.000000 1.000000 1.000000
5818.130371 0.000000 2719.507080 0.000000 0.935784 0.000000 -0.352575 1.000000 1.000000 1.000000
5762.782715 0.000000 2693.207520 0.000000 0.909113 0.000000 -0.416550 1.000000 1.000000 1.000000
5819.641602 0.000000 2768.324707 0.000000 0.936108 0.000000 -0.351712 1.000000 1.000000 1.000000
5903.255371 0.000000 2647.290039 0.000000 0.894659 0.000000 -0.446749 1.000000 1.000000 1.000000
5952.471680 0.000000 2692.513184 0.000000 0.929739 0.000000 -0.368218 1.000000 1.000000 1.000000
5968.339844 0.000000 2683.924072 0.000000 0.846664 0.000000 -0.532127 1.000000 1.000000 1.000000
5968.427734 0.000000 2680.001221 0.000000 0.834299 0.000000 -0.551312 1.000000 1.000000 1.000000
5985.209961 0.000000 2738.293213 0.000000 0.940490 0.000000 -0.339821 1.000000 1.000000 1.000000
6035.096191 0.000000 2668.811279 0.000000 0.889474 0.000000 -0.456985 1.000000 1.000000 1.000000
6122.740723 0.000000 2686.485596 0.000000 0.894296 0.000000 -0.447476 1.000000 1.000000 1.000000
6057.562012 0.000000 2718.033203 0.000000 0.854551 0.000000 -0.519367 1.000000 1.000000 1.000000
6096.794922 0.000000 2704.592529 0.000000 0.926394 0.000000 -0.376556 1.000000 1.000000 1.000000
5899.323242 0.000000 2746.351562 0.000000 0.912733 0.000000 -0.408556 1.000000 1.000000 1.000000
5886.052734 0.000000 2890.926025 0.000000 0.854174 0.000000 -0.519986 1.000000 1.000000 1.000000
5685.143066 0.000000 2950.954102 0.000000 0.905187 0.000000 -0.425013 1.000000 1.000000 1.000000
5756.538574 0.000000 2946.613525 0.000000 0.867784 0.000000 -0.496941 1.000000 1.000000 1.000000
5718.620117 0.000000 2954.537842 0.000000 0.928394 0.000000 -0.371597 1.000000 1.000000 1.000000
5727.681152 0.000000 2940.643311 0.000000 0.909373 0.000000 -0.415981 1.000000 1.000000 1.000000
5755.150879 0.000000 2944.802734 0.000000 0.870254 0.000000 -0.492604 1.000000 1.000000 1.000000
5669.548828 0.000000 2990.566895 0.000000 0.796662 0.000000 -0.604425 1.000000 1.000000 1.000000
5666.449219 0.000000 2985.948975 0.000000 0.865992 0.000000 -0.500058 1.000000 1.000000 1.000000
5667.188965 0.000000 3013.473877 0.000000 0.827803 0.000000 -0.561019 1.000000 1.000000 1.000000
5817.210938 0.000000 2938.967041 0.000000 0.887738 0.000000 -0.460349 1.000000 1.000000 1.000000
5805.141602 0.000000 2932.681885 0.000000 0.930531 0.000000 -0.366213 1.000000 1.000000 1.000000
5815.631836 0.000000 2951.357178 0.000000 0.853722 0.000000 -0.520728 1.000000 1.000000 1.000000
5855.604004 0.000000 2933.497070 0.000000 0.854184 0.000000 -0.519970 1.000000 1.000000 1.000000
5882.515137 0.000000 2942.214111 0.000000 0.921738 0.000000 -0.387814 1.000000 1.000000 1.000000
5879.189453 0.000000 2943.661621 0.000000 0.787514 0.000000 -0.616297 1.000000 1.000000 1.000000
5877.745605 0.000000 2942.689453 0.000000 0.897362 0.000000 -0.441296 1.000000 1.000000 1.000000
5878.199219 0.000000 2988.211426 0.000000 0.792220 0.000000 -0.610235 1.000000 1.000000 1.000000
5824.568359 0.000000 2994.092773 0.000000 0.928546 0.000000 -0.371216 1.000000 1.000000 1.000000
5862.403809 0.000000 3008.391357 0.000000 0.917950 0.000000 -0.396696 1.000000 1.000000 1.000000
5876.006836 0.000000 2989.582275 0.000000 0.891581 0.000000 -0.452861 1.000000 1.000000 1.000000
5900.512695 0.000000 2906.617432 0.000000 0.783460 0.000000 -0.621443 1.000000 1.000000 1.000000
5888.340820 0.000000 2918.082031 0.000000 0.756756 0.000000 -0.653698 1.000000 1.000000 1.000000
5958.890625 0.000000 2916.843506 0.000000 0.760713 0.000000 -0.649089 1.000000 1.000000 1.000000
5961.380371 0.000000 2923.551270 0.000000 0.831297 0.000000 -0.555829 1.000000 1.000000 1.000000
5957.005371 0.000000 2917.041504 0.000000 0.789133 0.000000 -0.614222 1.000000 1.000000 1.000000
6092.439941 0.000000 2878.626465 0.000000 0.769704 0.000000 -0.638400 1.000000 1.000000 1.000000
6106.579102 0.000000 2867.954346 0.000000 0.853059 0.000000 -0.521815 1.000000 1.000000 1.000000
6022.917480 0.000000 2893.789062 0.000000 0.924432 0.000000 -0.381346 1.000000 1.000000 1.000000
6017.711426 0.000000 2902.389893 0.000000 0.762135 0.000000 -0.647418 1.000000 1.000000 1.000000
6104.935547 0.000000 2920.294434 0.000000 0.896920 0.000000 -0.442192 1.000000 1.000000 1.000000
5914.452148 0.000000 2952.675049 0.000000 0.830247 0.000000 -0.557395 1.000000 1.000000 1.000000
5897.388184 0.000000 2970.793457 0.000000 0.785651 0.000000 -0.618670 1.000000 1.000000 1.000000
5948.257324 0.000000 2939.872559 0.000000 0.777005 0.000000 -0.629495 1.000000 1.000000 1.000000
5917.666992 0.000000 2933.590820 0.000000 0.866317 0.000000 -0.499494 1.000000 1.000000 1.000000
5950.093750 0.000000 2942.685059 0.000000 0.821737 0.000000 -0.569867 1.000000 1.000000 1.000000
6010.499512 0.000000 2942.214111 0.000000 0.833019 0.000000 -0.553244 1.000000 1.000000 1.000000
5984.471680 0.000000 2938.975098 0.000000 0.899793 0.000000 -0.436318 1.000000 1.000000 1.000000
5909.733398 0.000000 2982.919189 0.000000 0.927145 0.000000 -0.374704 1.000000 1.000000 1.000000
5956.349121 0.000000 2991.509033 0.000000 0.938974 0.000000 -0.343989 1.000000 1.000000 1.000000
5963.693359 0.000000 2991.188477 0.000000 0.871805 0.000000 -0.489852 1.000000 1.000000 1.000000
6020.825195 0.000000 2937.736328 0.000000 0.787423 0.000000 -0.616413 1.000000 1.000000 1.000000
6071.131348 0.000000 2968.733643 0.000000 0.926878 0.000000 -0.375363 1.000000 1.000000 1.000000
6024.221680 0.000000 2993.971191 0.000000 0.793606 0.000000 -0.608432 1.000000 1.000000 1.000000
6050.683105 0.000000 2992.312744 0.000000 0.844654 0.000000 -0.535313 1.000000 1.000000 1.000000
6035.582520 0.000000 3002.099121 0.000000 0.897339 0.000000 -0.441343 1.000000 1.000000 1.000000
6140.189941 0.000000 3016.209961 0.000000 0.803163 0.000000 -0.595759 1.000000 1.000000 1.000000
6193.166504 0.000000 2419.684082 0.000000 0.828981 0.000000 -0.559277 1.000000 1.000000 1.000000
6170.420898 0.000000 2527.495361 0.000000 0.853079 0.000000 -0.521782 1.000000 1.000000 1.000000
6150.070801 0.000000 2547.597900 0.000000 0.853713 0.000000 -0.520743 1.000000 1.000000 1.000000
6165.695801 0.000000 2513.490967 0.000000 0.754078 0.000000 -0.656785 1.000000 1.000000 1.000000
6352.292969 0.000000 2589.439697 0.000000 0.887480 0.000000 -0.460846 1.000000 1.000000 1.000000
6332.837402 0.000000 2610.971680 0.000000 0.924970 0.000000 -0.380041 1.000000 1.000000 1.000000
6304.517090 0.000000 2611.480957 0.000000 0.924785 0.000000 -0.380490 1.000000 1.000000 1.000000
6348.960938 0.000000 2631.989990 0.000000 0.789525 0.000000 -0.613718 1.000000 1.000000 1.000000
6252.910156 0.000000 2693.677734 0.000000 0.940054 0.000000 -0.341025 1.000000 1.000000 1.000000
6295.456055 0.000000 2691.747803 0.000000 0.843818 0.000000 -0.536629 1.000000 1.000000 1.000000
6310.986328 0.000000 2653.231689 0.000000 0.762282 0.000000 -0.647245 1.000000 1.000000 1.000000
6340.302246 0.000000 2660.813721 0.000000 0.898729 0.000000 -0.438504 1.000000 1.000000 1.000000
6264.937012 0.000000 2826.436279 0.000000 0.921449 0.000000 -0.388499 1.000000 1.000000 1.000000
6277.780273 0.000000 2745.578369 0.000000 0.833483 0.000000 -0.552545 1.000000 1.000000 1.000000
6398.166504 0.000000 2767.343506 0.000000 0.756135 0.000000 -0.654416 1.000000 1.000000 1.000000
6396.249023 0.000000 2766.043213 0.000000 0.862036 0.000000 -0.506847 1.000000 1.000000 1.000000
6333.895996 0.000000 2807.880127 0.000000 0.911437 0.000000 -0.411439 1.000000 1.000000 1.000000
6308.691895 0.000000 2803.761719 0.000000 0.753540 0.000000 -0.657402 1.000000 1.000000 1.000000
6362.063477 0.000000 2818.599365 0.000000 0.863159 0.000000 -0.504932 1.000000 1.000000 1.000000
6363.870117 0.000000 2818.098633 0.000000 0.766912 0.000000 -0.641753 1.000000 1.000000 1.000000
6528.190918 0.000000 2748.131348 0.000000 0.758254 0.000000 -0.651960 1.000000 1.000000 1.000000
6167.471680 0.000000 2880.716553 0.000000 0.885198 0.000000 -0.465215 1.000000 1.000000 1.000000
6165.803223 0.000000 2875.271973 0.000000 0.820664 0.000000 -0.571412 1.000000 1.000000 1.000000
6148.951172 0.000000 2848.608398 0.000000 0.917789 0.000000 -0.397069 1.000000 1.000000 1.000000
6218.683105 0.000000 2845.232666 0.000000 0.774191 0.000000 -0.632952 1.000000 1.000000 1.000000
6169.107422 0.000000 2881.875488 0.000000 0.927574 0.000000 -0.373640 1.000000 1.000000 1.000000
6254.902344 0.000000 2911.913574 0.000000 0.843398 0.000000 -0.537290 1.000000 1.000000 1.000000
6236.233887 0.000000 2910.720947 0.000000 0.816148 0.000000 -0.577843 1.000000 1.000000 1.000000
6252.363281 0.000000 2910.822266 0.000000 0.817508 0.000000 -0.575917 1.000000 1.000000 1.000000
6270.005859 0.000000 2890.926025 0.000000 0.815437 0.000000 -0.578845 1.000000 1.000000 1.000000
6279.344727 0.000000 2859.394287 0.000000 0.862945 0.000000 -0.505297 1.000000 1.000000 1.000000
6158.146973 0.000000 2967.167969 0.000000 0.884427 0.000000 -0.466679 1.000000 1.000000 1.000000
6240.997559 0.000000 2976.538818 0.000000 0.820980 0.000000 -0.570957 1.000000 1.000000 1.000000
6236.436035 0.000000 2979.351807 0.000000 0.859954 0.000000 -0.510371 1.000000 1.000000 1.000000
6286.853027 0.000000 2969.087646 0.000000 0.871809 0.000000 -0.489847 1.000000 1.000000 1.000000
6295.154785 0.000000 2997.514404 0.000000 0.792240 0.000000 -0.610210 1.000000 1.000000 1.000000
6274.315918 0.000000 3000.918945 0.000000 0.854225 0.000000 -0.519904 1.000000 1.000000 1.000000
6274.446777 0.000000 2985.079102 0.000000 0.874784 0.000000 -0.484514 1.000000 1.000000 1.000000
6623.510254 0.000000 2839.012695 0.000000 0.917577 0.000000 -0.397559 1.000000 1.000000 1.000000
6532.883789 0.000000 2906.584473 0.000000 0.766179 0.000000 -0.642627 1.000000 1.000000 1.000000
6445.063477 0.000000 2932.681885 0.000000 0.930905 0.000000 -0.365261 1.000000 1.000000 1.000000
6410.522461 0.000000 2955.494873 0.000000 0.842445 0.000000 -0.538782 1.000000 1.000000 1.000000
6455.964355 0.000000 2954.675293 0.000000 0.934174 0.000000 -0.356818 1.000000 1.000000 1.000000
6755.069336 0.000000 2924.303467 0.000000 0.854989 0.000000 -0.518647 1.000000 1.000000 1.000000
3396.518799 0.000000 3070.415283 0.000000 0.776577 0.000000 -0.630022 1.000000 1.000000 1.000000
3388.971924 0.000000 3070.945068 0.000000 0.804129 0.000000 -0.594454 1.000000 1.000000 1.000000
4752.292969 0.000000 3379.648193 0.000000 0.866507 0.000000 -0.499166 1.000000 1.000000 1.000000
4764.923828 0.000000 3389.213135 0.000000 0.924546 0.000000 -0.381071 1.000000 1.000000 1.000000
4879.747070 0.000000 3470.314453 0.000000 0.760726 0.000000 -0.649073 1.000000 1.000000 1.000000
5052.322754 0.000000 3583.116211 0.000000 0.861363 0.000000 -0.507991 1.000000 1.000000 1.000000
5039.050781 0.000000 3573.304199 0.000000 0.772080 0.000000 -0.635525 1.000000 1.000000 1.000000
5007.990723 0.000000 3654.773926 0.000000 0.883703 0.000000 -0.468047 1.000000 1.000000 1.000000
4915.908691 0.000000 3719.688965 0.000000 0.937283 0.000000 -0.348568 1.000000 1.000000 1.000000
5087.919922 0.000000 3705.498047 0.000000 0.812857 0.000000 -0.582463 1.000000 1.000000 1.000000
5563.810547 0.000000 3078.634277 0.000000 0.783229 0.000000 -0.621733 1.000000 1.000000 1.000000
5597.455566 0.000000 3202.536865 0.000000 0.768169 0.000000 -0.640247 1.000000 1.000000 1.000000
5324.583008 0.000000 3237.312744 0.000000 0.825935 0.000000 -0.563766 1.000000 1.000000 1.000000
5676.447754 0.000000 3150.166992 0.000000 0.900400 0.000000 -0.435063 1.000000 1.000000 1.000000
6093.864258 0.000000 3065.597656 0.000000 0.868641 0.000000 -0.495442 1.000000 1.000000 1.000000
6084.938477 0.000000 3095.553223 0.000000 0.939025 0.000000 -0.343848 1.000000 1.000000 1.000000
5677.188477 0.000000 3312.973877 0.000000 0.889491 0.000000 -0.456952 1.000000 1.000000 1.000000
5992.735840 0.000000 3314.793457 0.000000 0.787419 0.000000 -0.616418 1.000000 1.000000 1.000000
6116.709473 0.000000 3312.468018 0.000000 0.831479 0.000000 -0.555556 1.000000 1.000000 1.000000
5156.363770 0.000000 3714.119141 0.000000 0.900508 0.000000 -0.434839 1.000000 1.000000 1.000000
4864.409668 0.000000 3790.308594 0.000000 0.851456 0.000000 -0.524426 1.000000 1.000000 1.000000
4995.031738 0.000000 3869.010010 0.000000 0.905801 0.000000 -0.423703 1.000000 1.000000 1.000000
5244.299316 0.000000 3913.811523 0.000000 0.853480 0.000000 -0.521125 1.000000 1.000000 1.000000
5220.790527 0.000000 3897.997070 0.000000 0.845673 0.000000 -0.533701 1.000000 1.000000 1.000000
5737.960449 0.000000 3904.329102 0.000000 0.833718 0.000000 -0.552191 1.000000 1.000000 1.000000
5873.898926 0.000000 4180.807617 0.000000 0.876500 0.000000 -0.481403 1.000000 1.000000 1.000000
6202.476074 0.000000 3083.940674 0.000000 0.938556 0.000000 -0.345127 1.000000 1.000000 1.000000
6379.388672 0.000000 3076.459473 0.000000 0.824494 0.000000 -0.565871 1.000000 1.000000 1.000000
6268.174316 0.000000 3157.936523 0.000000 0.785352 0.000000 -0.619049 1.000000 1.000000 1.000000
6264.937012 0.000000 3157.131592 0.000000 0.928098 0.000000 -0.372336 1.000000 1.000000 1.000000
6354.437500 0.000000 3193.429443 0.000000 0.827600 0.000000 -0.561319 1.000000 1.000000 1.000000
6544.269531 0.000000 3061.861572 0.000000 0.840592 0.000000 -0.541668 1.000000 1.000000 1.000000
6547.496582 0.000000 3081.343506 0.000000 0.839734 0.000000 -0.542998 1.000000 1.000000 1.000000
6543.718262 0.000000 3080.944580 0.000000 0.866411 0.000000 -0.499331 1.000000 1.000000 1.000000
6438.747070 0.000000 3203.514648 0.000000 0.920810 0.000000 -0.390011 1.000000 1.000000 1.000000
6346.099609 0.000000 3225.488770 0.000000 0.767787 0.000000 -0.640706 1.000000 1.000000 1.000000
6411.914551 0.000000 3250.222900 0.000000 0.799001 0.000000 -0.601329 1.000000 1.000000 1.000000
6422.815918 0.000000 3240.669434 0.000000 0.799596 0.000000 -0.600538 1.000000 1.000000 1.000000
6491.541504 0.000000 3278.270752 0.000000 0.781113 0.000000 -0.624390 1.000000 1.000000 1.000000
6483.470703 0.000000 3307.068115 0.000000 0.793496 0.000000 -0.608576 1.000000 1.000000 1.000000
6506.716309 0.000000 3378.013672 0.000000 0.755430 0.000000 -0.655230 1.000000 1.000000 1.000000
6466.986816 0.000000 3370.440430 0.000000 0.796560 0.000000 -0.604559 1.000000 1.000000 1.000000
6530.844238 0.000000 3349.345947 0.000000 0.931013 0.000000 -0.364987 1.000000 1.000000 1.000000
6279.090820 0.000000 3668.633057 0.000000 0.908689 0.000000 -0.417474 1.000000 1.000000 1.000000
6249.350586 0.000000 3731.581299 0.000000 0.888290 0.000000 -0.459283 1.000000 1.000000 1.000000
"}
object={
	name="tree_savanna_generator_1_6"
	render_pass=Map
	clamp_to_water_level=no
	generated_content=yes
	layer="tree_high_layer"
	pdxmesh="tree_baobab_01_mesh"
	count=711
	transform="3912.723389 0.000000 683.866760 0.000000 0.734915 0.000000 -0.678159 1.000000 1.000000 1.000000
3900.463379 0.000000 748.584717 0.000000 0.731372 0.000000 -0.681978 1.000000 1.000000 1.000000
3958.645752 0.000000 733.729797 0.000000 0.516956 0.000000 -0.856012 1.000000 1.000000 1.000000
3911.379639 0.000000 739.617310 0.000000 0.710767 0.000000 -0.703428 1.000000 1.000000 1.000000
3957.353760 0.000000 730.571167 0.000000 0.509622 0.000000 -0.860399 1.000000 1.000000 1.000000
3939.412598 0.000000 751.162659 0.000000 0.728559 0.000000 -0.684983 1.000000 1.000000 1.000000
4016.749756 0.000000 695.120728 0.000000 0.464023 0.000000 -0.885823 1.000000 1.000000 1.000000
4038.012695 0.000000 678.658447 0.000000 0.643623 0.000000 -0.765343 1.000000 1.000000 1.000000
3978.327393 0.000000 745.519470 0.000000 0.552003 0.000000 -0.833842 1.000000 1.000000 1.000000
4055.272217 0.000000 716.419861 0.000000 0.741120 0.000000 -0.671373 1.000000 1.000000 1.000000
3816.155762 0.000000 903.527588 0.000000 0.446605 0.000000 -0.894731 1.000000 1.000000 1.000000
3953.695312 0.000000 816.096802 0.000000 0.518019 0.000000 -0.855369 1.000000 1.000000 1.000000
4010.479492 0.000000 793.508911 0.000000 0.445960 0.000000 -0.895053 1.000000 1.000000 1.000000
4055.729492 0.000000 802.060059 0.000000 0.661356 0.000000 -0.750072 1.000000 1.000000 1.000000
3973.965820 0.000000 803.361267 0.000000 0.675661 0.000000 -0.737212 1.000000 1.000000 1.000000
4022.500244 0.000000 836.836060 0.000000 0.664384 0.000000 -0.747392 1.000000 1.000000 1.000000
4077.501953 0.000000 885.384155 0.000000 0.517085 0.000000 -0.855934 1.000000 1.000000 1.000000
4043.549561 0.000000 856.663818 0.000000 0.589558 0.000000 -0.807726 1.000000 1.000000 1.000000
4062.495361 0.000000 873.592773 0.000000 0.650922 0.000000 -0.759144 1.000000 1.000000 1.000000
4052.838379 0.000000 905.259521 0.000000 0.454591 0.000000 -0.890701 1.000000 1.000000 1.000000
4073.483398 0.000000 936.709167 0.000000 0.576384 0.000000 -0.817179 1.000000 1.000000 1.000000
4055.967285 0.000000 901.409668 0.000000 0.646573 0.000000 -0.762852 1.000000 1.000000 1.000000
3914.965332 0.000000 946.539368 0.000000 0.623949 0.000000 -0.781465 1.000000 1.000000 1.000000
3923.774414 0.000000 959.251770 0.000000 0.600972 0.000000 -0.799270 1.000000 1.000000 1.000000
3922.359131 0.000000 988.656067 0.000000 0.716351 0.000000 -0.697740 1.000000 1.000000 1.000000
3876.519775 0.000000 1021.314331 0.000000 0.539160 0.000000 -0.842204 1.000000 1.000000 1.000000
3932.760498 0.000000 1024.913574 0.000000 0.673905 0.000000 -0.738818 1.000000 1.000000 1.000000
4092.741211 0.000000 1009.683533 0.000000 0.573194 0.000000 -0.819419 1.000000 1.000000 1.000000
3914.024902 0.000000 1059.806519 0.000000 0.491554 0.000000 -0.870847 1.000000 1.000000 1.000000
3895.072754 0.000000 1105.573242 0.000000 0.683222 0.000000 -0.730210 1.000000 1.000000 1.000000
3879.949463 0.000000 1111.214844 0.000000 0.465026 0.000000 -0.885297 1.000000 1.000000 1.000000
3877.366211 0.000000 1131.753906 0.000000 0.516290 0.000000 -0.856414 1.000000 1.000000 1.000000
3873.197510 0.000000 1113.044556 0.000000 0.490352 0.000000 -0.871524 1.000000 1.000000 1.000000
3923.354004 0.000000 1109.818848 0.000000 0.637736 0.000000 -0.770255 1.000000 1.000000 1.000000
3950.101562 0.000000 1160.072266 0.000000 0.568220 0.000000 -0.822877 1.000000 1.000000 1.000000
3962.749268 0.000000 1147.010864 0.000000 0.557303 0.000000 -0.830310 1.000000 1.000000 1.000000
3962.277344 0.000000 1155.697144 0.000000 0.737456 0.000000 -0.675395 1.000000 1.000000 1.000000
3952.885498 0.000000 1165.374512 0.000000 0.497454 0.000000 -0.867491 1.000000 1.000000 1.000000
3944.404053 0.000000 1196.997803 0.000000 0.655702 0.000000 -0.755020 1.000000 1.000000 1.000000
3966.421143 0.000000 1187.753906 0.000000 0.484625 0.000000 -0.874722 1.000000 1.000000 1.000000
3970.596924 0.000000 1158.473511 0.000000 0.607165 0.000000 -0.794576 1.000000 1.000000 1.000000
3997.650635 0.000000 1218.364746 0.000000 0.701390 0.000000 -0.712778 1.000000 1.000000 1.000000
4089.202393 0.000000 1220.201660 0.000000 0.609070 0.000000 -0.793117 1.000000 1.000000 1.000000
4061.805664 0.000000 1247.982666 0.000000 0.627126 0.000000 -0.778917 1.000000 1.000000 1.000000
4032.495361 0.000000 1236.381226 0.000000 0.607276 0.000000 -0.794491 1.000000 1.000000 1.000000
4075.669678 0.000000 1281.256226 0.000000 0.445497 0.000000 -0.895284 1.000000 1.000000 1.000000
4083.999023 0.000000 1302.726318 0.000000 0.515351 0.000000 -0.856979 1.000000 1.000000 1.000000
4087.878662 0.000000 1322.897461 0.000000 0.677240 0.000000 -0.735763 1.000000 1.000000 1.000000
4083.628174 0.000000 1332.120117 0.000000 0.575651 0.000000 -0.817696 1.000000 1.000000 1.000000
4081.424072 0.000000 1333.113770 0.000000 0.475619 0.000000 -0.879651 1.000000 1.000000 1.000000
4085.159424 0.000000 1328.835327 0.000000 0.652044 0.000000 -0.758181 1.000000 1.000000 1.000000
3832.975098 0.000000 1978.481079 0.000000 0.510310 0.000000 -0.859990 1.000000 1.000000 1.000000
3832.891113 0.000000 2039.602051 0.000000 0.722182 0.000000 -0.691703 1.000000 1.000000 1.000000
3841.010254 0.000000 2047.919922 0.000000 0.455756 0.000000 -0.890104 1.000000 1.000000 1.000000
3809.325928 0.000000 2260.385010 0.000000 0.522379 0.000000 -0.852714 1.000000 1.000000 1.000000
3813.984863 0.000000 2242.190674 0.000000 0.690794 0.000000 -0.723052 1.000000 1.000000 1.000000
3812.962158 0.000000 2244.520508 0.000000 0.538826 0.000000 -0.842417 1.000000 1.000000 1.000000
3811.681641 0.000000 2259.843750 0.000000 0.725446 0.000000 -0.688279 1.000000 1.000000 1.000000
3963.196045 0.000000 2160.223145 0.000000 0.695440 0.000000 -0.718584 1.000000 1.000000 1.000000
3933.787109 0.000000 2167.382080 0.000000 0.654236 0.000000 -0.756290 1.000000 1.000000 1.000000
3933.815186 0.000000 2169.684570 0.000000 0.624709 0.000000 -0.780858 1.000000 1.000000 1.000000
3967.884521 0.000000 2156.255859 0.000000 0.470734 0.000000 -0.882275 1.000000 1.000000 1.000000
4004.934814 0.000000 2157.190186 0.000000 0.612021 0.000000 -0.790842 1.000000 1.000000 1.000000
3903.892334 0.000000 2203.498047 0.000000 0.543242 0.000000 -0.839576 1.000000 1.000000 1.000000
3920.123291 0.000000 2190.266113 0.000000 0.445826 0.000000 -0.895120 1.000000 1.000000 1.000000
3904.510986 0.000000 2181.225098 0.000000 0.578053 0.000000 -0.815999 1.000000 1.000000 1.000000
3927.982910 0.000000 2176.948975 0.000000 0.725318 0.000000 -0.688414 1.000000 1.000000 1.000000
3902.749756 0.000000 2222.241211 0.000000 0.730485 0.000000 -0.682928 1.000000 1.000000 1.000000
3858.650635 0.000000 2253.736328 0.000000 0.462907 0.000000 -0.886407 1.000000 1.000000 1.000000
3884.166016 0.000000 2245.997314 0.000000 0.550008 0.000000 -0.835159 1.000000 1.000000 1.000000
3839.816406 0.000000 2260.778320 0.000000 0.553647 0.000000 -0.832752 1.000000 1.000000 1.000000
3884.365967 0.000000 2244.732178 0.000000 0.596007 0.000000 -0.802979 1.000000 1.000000 1.000000
3439.246094 0.000000 2628.460449 0.000000 0.450223 0.000000 -0.892916 1.000000 1.000000 1.000000
3433.232178 0.000000 2611.269531 0.000000 0.683608 0.000000 -0.729849 1.000000 1.000000 1.000000
3446.570557 0.000000 2632.039307 0.000000 0.697240 0.000000 -0.716838 1.000000 1.000000 1.000000
3536.636475 0.000000 2589.439697 0.000000 0.511927 0.000000 -0.859029 1.000000 1.000000 1.000000
3557.806641 0.000000 2565.387207 0.000000 0.529343 0.000000 -0.848408 1.000000 1.000000 1.000000
3539.821289 0.000000 2565.486328 0.000000 0.468817 0.000000 -0.883295 1.000000 1.000000 1.000000
3538.686523 0.000000 2567.983398 0.000000 0.538385 0.000000 -0.842699 1.000000 1.000000 1.000000
3547.204346 0.000000 2555.920410 0.000000 0.636946 0.000000 -0.770908 1.000000 1.000000 1.000000
3499.739990 0.000000 2604.037598 0.000000 0.541134 0.000000 -0.840936 1.000000 1.000000 1.000000
3489.101074 0.000000 2616.735596 0.000000 0.647432 0.000000 -0.762123 1.000000 1.000000 1.000000
3520.647217 0.000000 2599.219971 0.000000 0.530481 0.000000 -0.847697 1.000000 1.000000 1.000000
3697.797852 0.000000 2311.661865 0.000000 0.581533 0.000000 -0.813523 1.000000 1.000000 1.000000
3676.791748 0.000000 2347.695068 0.000000 0.452924 0.000000 -0.891549 1.000000 1.000000 1.000000
3719.403076 0.000000 2298.609619 0.000000 0.651114 0.000000 -0.758980 1.000000 1.000000 1.000000
3760.781006 0.000000 2301.355225 0.000000 0.535833 0.000000 -0.844324 1.000000 1.000000 1.000000
3759.246094 0.000000 2352.700195 0.000000 0.574626 0.000000 -0.818416 1.000000 1.000000 1.000000
3612.799561 0.000000 2442.179443 0.000000 0.696729 0.000000 -0.717334 1.000000 1.000000 1.000000
3609.240234 0.000000 2447.872559 0.000000 0.569622 0.000000 -0.821907 1.000000 1.000000 1.000000
3604.893066 0.000000 2417.009766 0.000000 0.446147 0.000000 -0.894960 1.000000 1.000000 1.000000
3636.147461 0.000000 2428.338379 0.000000 0.625728 0.000000 -0.780041 1.000000 1.000000 1.000000
3658.996582 0.000000 2411.047363 0.000000 0.461080 0.000000 -0.887358 1.000000 1.000000 1.000000
3660.736572 0.000000 2453.446777 0.000000 0.693941 0.000000 -0.720032 1.000000 1.000000 1.000000
3662.160889 0.000000 2451.449219 0.000000 0.487559 0.000000 -0.873090 1.000000 1.000000 1.000000
3658.021240 0.000000 2409.986572 0.000000 0.512116 0.000000 -0.858916 1.000000 1.000000 1.000000
3776.556641 0.000000 2385.030762 0.000000 0.714710 0.000000 -0.699421 1.000000 1.000000 1.000000
3920.630615 0.000000 2310.086914 0.000000 0.728464 0.000000 -0.685084 1.000000 1.000000 1.000000
3937.887695 0.000000 2271.639404 0.000000 0.722324 0.000000 -0.691554 1.000000 1.000000 1.000000
3953.766602 0.000000 2358.904053 0.000000 0.714303 0.000000 -0.699837 1.000000 1.000000 1.000000
3967.814941 0.000000 2318.921631 0.000000 0.629124 0.000000 -0.777305 1.000000 1.000000 1.000000
3675.822754 0.000000 2456.713867 0.000000 0.599062 0.000000 -0.800703 1.000000 1.000000 1.000000
3666.670898 0.000000 2473.499023 0.000000 0.540370 0.000000 -0.841427 1.000000 1.000000 1.000000
3693.222412 0.000000 2504.708984 0.000000 0.734782 0.000000 -0.678304 1.000000 1.000000 1.000000
3686.989258 0.000000 2507.315674 0.000000 0.654669 0.000000 -0.755915 1.000000 1.000000 1.000000
3727.889404 0.000000 2470.836426 0.000000 0.632425 0.000000 -0.774622 1.000000 1.000000 1.000000
3711.846191 0.000000 2517.449219 0.000000 0.466502 0.000000 -0.884520 1.000000 1.000000 1.000000
3731.983398 0.000000 2507.721191 0.000000 0.583851 0.000000 -0.811861 1.000000 1.000000 1.000000
3712.623779 0.000000 2504.735596 0.000000 0.562563 0.000000 -0.826754 1.000000 1.000000 1.000000
3644.494629 0.000000 2591.030273 0.000000 0.649777 0.000000 -0.760125 1.000000 1.000000 1.000000
3644.940674 0.000000 2598.523193 0.000000 0.554425 0.000000 -0.832233 1.000000 1.000000 1.000000
3807.283203 0.000000 2577.860107 0.000000 0.624266 0.000000 -0.781212 1.000000 1.000000 1.000000
3873.467529 0.000000 2596.566650 0.000000 0.536733 0.000000 -0.843752 1.000000 1.000000 1.000000
3839.538330 0.000000 2589.782227 0.000000 0.725363 0.000000 -0.688366 1.000000 1.000000 1.000000
3839.830566 0.000000 2602.374756 0.000000 0.486798 0.000000 -0.873515 1.000000 1.000000 1.000000
3417.800537 0.000000 2662.969971 0.000000 0.456503 0.000000 -0.889722 1.000000 1.000000 1.000000
3430.298584 0.000000 2693.692139 0.000000 0.682674 0.000000 -0.730723 1.000000 1.000000 1.000000
3454.420654 0.000000 2781.462402 0.000000 0.629817 0.000000 -0.776743 1.000000 1.000000 1.000000
3483.749023 0.000000 2784.755859 0.000000 0.737327 0.000000 -0.675536 1.000000 1.000000 1.000000
3456.581055 0.000000 2750.980469 0.000000 0.648501 0.000000 -0.761214 1.000000 1.000000 1.000000
3460.555664 0.000000 2783.763916 0.000000 0.569502 0.000000 -0.821990 1.000000 1.000000 1.000000
3516.060303 0.000000 2795.181152 0.000000 0.505327 0.000000 -0.862928 1.000000 1.000000 1.000000
3500.759277 0.000000 2801.507080 0.000000 0.674681 0.000000 -0.738110 1.000000 1.000000 1.000000
3519.350830 0.000000 2799.615723 0.000000 0.480469 0.000000 -0.877012 1.000000 1.000000 1.000000
3505.750000 0.000000 2800.268799 0.000000 0.564819 0.000000 -0.825215 1.000000 1.000000 1.000000
3497.553711 0.000000 2826.396973 0.000000 0.731612 0.000000 -0.681721 1.000000 1.000000 1.000000
3489.101074 0.000000 2805.704346 0.000000 0.743421 0.000000 -0.668824 1.000000 1.000000 1.000000
3520.849365 0.000000 2805.124023 0.000000 0.613278 0.000000 -0.789867 1.000000 1.000000 1.000000
3552.061035 0.000000 2849.291992 0.000000 0.688755 0.000000 -0.724994 1.000000 1.000000 1.000000
3544.868164 0.000000 2868.199219 0.000000 0.724931 0.000000 -0.688822 1.000000 1.000000 1.000000
3539.443604 0.000000 2870.057617 0.000000 0.649956 0.000000 -0.759971 1.000000 1.000000 1.000000
3543.943604 0.000000 2865.864990 0.000000 0.595243 0.000000 -0.803546 1.000000 1.000000 1.000000
3537.461426 0.000000 2834.584473 0.000000 0.644611 0.000000 -0.764511 1.000000 1.000000 1.000000
3537.225098 0.000000 2861.696289 0.000000 0.549888 0.000000 -0.835239 1.000000 1.000000 1.000000
3558.635742 0.000000 2850.343506 0.000000 0.599080 0.000000 -0.800689 1.000000 1.000000 1.000000
3561.001465 0.000000 2925.350586 0.000000 0.565529 0.000000 -0.824729 1.000000 1.000000 1.000000
3554.022461 0.000000 2903.721436 0.000000 0.679433 0.000000 -0.733738 1.000000 1.000000 1.000000
3614.550049 0.000000 2905.007080 0.000000 0.650930 0.000000 -0.759138 1.000000 1.000000 1.000000
3613.404785 0.000000 2898.368652 0.000000 0.683127 0.000000 -0.730300 1.000000 1.000000 1.000000
3599.905029 0.000000 2896.016113 0.000000 0.558677 0.000000 -0.829385 1.000000 1.000000 1.000000
3594.278809 0.000000 2897.798340 0.000000 0.728557 0.000000 -0.684985 1.000000 1.000000 1.000000
4197.327637 0.000000 801.058533 0.000000 0.644238 0.000000 -0.764825 1.000000 1.000000 1.000000
4119.721680 0.000000 896.544434 0.000000 0.567850 0.000000 -0.823132 1.000000 1.000000 1.000000
4096.774902 0.000000 883.524719 0.000000 0.481890 0.000000 -0.876232 1.000000 1.000000 1.000000
4130.118164 0.000000 856.583008 0.000000 0.690253 0.000000 -0.723568 1.000000 1.000000 1.000000
4206.999023 0.000000 856.738647 0.000000 0.738014 0.000000 -0.674785 1.000000 1.000000 1.000000
4152.538086 0.000000 910.174927 0.000000 0.669776 0.000000 -0.742563 1.000000 1.000000 1.000000
4196.915527 0.000000 921.739197 0.000000 0.521916 0.000000 -0.852997 1.000000 1.000000 1.000000
4125.635254 0.000000 982.153748 0.000000 0.732402 0.000000 -0.680872 1.000000 1.000000 1.000000
4212.320801 0.000000 981.840088 0.000000 0.671395 0.000000 -0.741100 1.000000 1.000000 1.000000
4160.569336 0.000000 992.985413 0.000000 0.549984 0.000000 -0.835175 1.000000 1.000000 1.000000
4244.679688 0.000000 977.718384 0.000000 0.565149 0.000000 -0.824989 1.000000 1.000000 1.000000
4232.586426 0.000000 944.892822 0.000000 0.633867 0.000000 -0.773442 1.000000 1.000000 1.000000
4271.875000 0.000000 1047.807495 0.000000 0.635191 0.000000 -0.772355 1.000000 1.000000 1.000000
4268.110352 0.000000 1049.720947 0.000000 0.554671 0.000000 -0.832070 1.000000 1.000000 1.000000
5044.108398 0.000000 769.199280 0.000000 0.468977 0.000000 -0.883211 1.000000 1.000000 1.000000
5061.063477 0.000000 780.685974 0.000000 0.712468 0.000000 -0.701704 1.000000 1.000000 1.000000
4117.370605 0.000000 1208.587524 0.000000 0.744087 0.000000 -0.668083 1.000000 1.000000 1.000000
4114.710938 0.000000 1256.499634 0.000000 0.624753 0.000000 -0.780822 1.000000 1.000000 1.000000
4117.370605 0.000000 1255.829712 0.000000 0.701752 0.000000 -0.712421 1.000000 1.000000 1.000000
4119.959473 0.000000 1232.105103 0.000000 0.563331 0.000000 -0.826231 1.000000 1.000000 1.000000
4140.125488 0.000000 1285.931885 0.000000 0.601032 0.000000 -0.799225 1.000000 1.000000 1.000000
4134.934570 0.000000 1279.018677 0.000000 0.578061 0.000000 -0.815993 1.000000 1.000000 1.000000
4139.292480 0.000000 1288.084229 0.000000 0.646212 0.000000 -0.763158 1.000000 1.000000 1.000000
4095.530762 0.000000 1310.098145 0.000000 0.516364 0.000000 -0.856369 1.000000 1.000000 1.000000
5036.098145 0.000000 1218.933472 0.000000 0.678468 0.000000 -0.734630 1.000000 1.000000 1.000000
5116.490234 0.000000 1218.092041 0.000000 0.452257 0.000000 -0.891888 1.000000 1.000000 1.000000
5021.688477 0.000000 1247.982666 0.000000 0.649827 0.000000 -0.760082 1.000000 1.000000 1.000000
5023.767090 0.000000 1239.924316 0.000000 0.612722 0.000000 -0.790298 1.000000 1.000000 1.000000
5071.982910 0.000000 1245.422241 0.000000 0.728468 0.000000 -0.685080 1.000000 1.000000 1.000000
5070.657227 0.000000 1247.687012 0.000000 0.664719 0.000000 -0.747094 1.000000 1.000000 1.000000
5231.757812 0.000000 953.323120 0.000000 0.537944 0.000000 -0.842981 1.000000 1.000000 1.000000
5279.850586 0.000000 959.604431 0.000000 0.489305 0.000000 -0.872113 1.000000 1.000000 1.000000
5312.411133 0.000000 981.152161 0.000000 0.544614 0.000000 -0.838687 1.000000 1.000000 1.000000
5366.261719 0.000000 1004.039429 0.000000 0.499021 0.000000 -0.866590 1.000000 1.000000 1.000000
5364.799316 0.000000 1007.783020 0.000000 0.487909 0.000000 -0.872895 1.000000 1.000000 1.000000
5272.657715 0.000000 1072.996094 0.000000 0.577640 0.000000 -0.816292 1.000000 1.000000 1.000000
5349.587891 0.000000 1100.879272 0.000000 0.704333 0.000000 -0.709869 1.000000 1.000000 1.000000
5363.472168 0.000000 1095.909180 0.000000 0.523020 0.000000 -0.852320 1.000000 1.000000 1.000000
5375.712891 0.000000 975.201111 0.000000 0.735605 0.000000 -0.677410 1.000000 1.000000 1.000000
5379.382324 0.000000 979.090271 0.000000 0.726108 0.000000 -0.687581 1.000000 1.000000 1.000000
5418.206543 0.000000 971.827026 0.000000 0.745356 0.000000 -0.666666 1.000000 1.000000 1.000000
5441.838379 0.000000 975.965820 0.000000 0.556708 0.000000 -0.830709 1.000000 1.000000 1.000000
5383.200195 0.000000 1023.070435 0.000000 0.537406 0.000000 -0.843324 1.000000 1.000000 1.000000
5376.347168 0.000000 1003.019287 0.000000 0.698982 0.000000 -0.715139 1.000000 1.000000 1.000000
5419.220215 0.000000 1027.892090 0.000000 0.640215 0.000000 -0.768196 1.000000 1.000000 1.000000
5449.128906 0.000000 1037.825439 0.000000 0.497762 0.000000 -0.867314 1.000000 1.000000 1.000000
5450.481445 0.000000 1037.462891 0.000000 0.674940 0.000000 -0.737873 1.000000 1.000000 1.000000
5417.999512 0.000000 1069.797607 0.000000 0.607966 0.000000 -0.793963 1.000000 1.000000 1.000000
5419.969727 0.000000 1096.963135 0.000000 0.650501 0.000000 -0.759506 1.000000 1.000000 1.000000
5440.413086 0.000000 1087.469849 0.000000 0.670411 0.000000 -0.741990 1.000000 1.000000 1.000000
5284.348145 0.000000 1163.040894 0.000000 0.674465 0.000000 -0.738307 1.000000 1.000000 1.000000
4466.378418 0.000000 1691.928467 0.000000 0.518261 0.000000 -0.855223 1.000000 1.000000 1.000000
4477.541016 0.000000 1697.060059 0.000000 0.516758 0.000000 -0.856132 1.000000 1.000000 1.000000
4500.419434 0.000000 1697.072876 0.000000 0.523052 0.000000 -0.852301 1.000000 1.000000 1.000000
4347.871582 0.000000 1862.903320 0.000000 0.657760 0.000000 -0.753228 1.000000 1.000000 1.000000
4397.972168 0.000000 1746.008789 0.000000 0.614833 0.000000 -0.788657 1.000000 1.000000 1.000000
4465.319336 0.000000 1719.080566 0.000000 0.463912 0.000000 -0.885881 1.000000 1.000000 1.000000
4456.285156 0.000000 1757.363159 0.000000 0.625156 0.000000 -0.780500 1.000000 1.000000 1.000000
4478.400879 0.000000 1775.257446 0.000000 0.736024 0.000000 -0.676955 1.000000 1.000000 1.000000
4530.062988 0.000000 1724.213623 0.000000 0.487834 0.000000 -0.872936 1.000000 1.000000 1.000000
4516.872559 0.000000 1732.010498 0.000000 0.736545 0.000000 -0.676388 1.000000 1.000000 1.000000
4499.355469 0.000000 1719.274536 0.000000 0.510693 0.000000 -0.859763 1.000000 1.000000 1.000000
4535.748535 0.000000 1779.426392 0.000000 0.699970 0.000000 -0.714172 1.000000 1.000000 1.000000
4503.373535 0.000000 1769.217529 0.000000 0.538433 0.000000 -0.842669 1.000000 1.000000 1.000000
4501.215332 0.000000 1768.235962 0.000000 0.615474 0.000000 -0.788157 1.000000 1.000000 1.000000
4545.101074 0.000000 1785.907959 0.000000 0.516392 0.000000 -0.856352 1.000000 1.000000 1.000000
4358.782715 0.000000 1834.817627 0.000000 0.697312 0.000000 -0.716768 1.000000 1.000000 1.000000
4384.104004 0.000000 1825.880127 0.000000 0.718555 0.000000 -0.695470 1.000000 1.000000 1.000000
4392.263184 0.000000 1836.408691 0.000000 0.492665 0.000000 -0.870219 1.000000 1.000000 1.000000
4435.720703 0.000000 1795.317993 0.000000 0.617922 0.000000 -0.786240 1.000000 1.000000 1.000000
4476.694824 0.000000 1812.800781 0.000000 0.492063 0.000000 -0.870560 1.000000 1.000000 1.000000
4459.871094 0.000000 1838.245361 0.000000 0.475479 0.000000 -0.879727 1.000000 1.000000 1.000000
4433.352539 0.000000 1795.256226 0.000000 0.548594 0.000000 -0.836089 1.000000 1.000000 1.000000
4468.878906 0.000000 1803.090088 0.000000 0.725432 0.000000 -0.688293 1.000000 1.000000 1.000000
4432.283203 0.000000 1848.670288 0.000000 0.624866 0.000000 -0.780732 1.000000 1.000000 1.000000
4511.197266 0.000000 1821.984985 0.000000 0.448520 0.000000 -0.893773 1.000000 1.000000 1.000000
4514.589844 0.000000 1804.894165 0.000000 0.648732 0.000000 -0.761017 1.000000 1.000000 1.000000
4534.221191 0.000000 1841.776001 0.000000 0.457139 0.000000 -0.889395 1.000000 1.000000 1.000000
4496.607422 0.000000 1829.641846 0.000000 0.462925 0.000000 -0.886397 1.000000 1.000000 1.000000
4533.283691 0.000000 1817.141479 0.000000 0.509619 0.000000 -0.860400 1.000000 1.000000 1.000000
4513.789062 0.000000 1809.818604 0.000000 0.701981 0.000000 -0.712195 1.000000 1.000000 1.000000
4589.314453 0.000000 1835.723633 0.000000 0.620394 0.000000 -0.784290 1.000000 1.000000 1.000000
4591.144531 0.000000 1833.036011 0.000000 0.670703 0.000000 -0.741726 1.000000 1.000000 1.000000
4595.510742 0.000000 1836.686401 0.000000 0.705620 0.000000 -0.708590 1.000000 1.000000 1.000000
4606.842773 0.000000 1800.407593 0.000000 0.471123 0.000000 -0.882068 1.000000 1.000000 1.000000
4599.300781 0.000000 1841.255005 0.000000 0.614151 0.000000 -0.789189 1.000000 1.000000 1.000000
4525.121094 0.000000 1843.318115 0.000000 0.569946 0.000000 -0.821682 1.000000 1.000000 1.000000
4566.301758 0.000000 1877.792236 0.000000 0.493074 0.000000 -0.869987 1.000000 1.000000 1.000000
4662.449219 0.000000 1649.631714 0.000000 0.511605 0.000000 -0.859221 1.000000 1.000000 1.000000
4675.653809 0.000000 1682.210083 0.000000 0.523323 0.000000 -0.852135 1.000000 1.000000 1.000000
4701.721680 0.000000 1697.262573 0.000000 0.709999 0.000000 -0.704203 1.000000 1.000000 1.000000
4673.384277 0.000000 1682.307617 0.000000 0.498316 0.000000 -0.866996 1.000000 1.000000 1.000000
4740.640625 0.000000 1626.586914 0.000000 0.705263 0.000000 -0.708946 1.000000 1.000000 1.000000
4760.720215 0.000000 1639.902344 0.000000 0.454331 0.000000 -0.890833 1.000000 1.000000 1.000000
4767.913086 0.000000 1668.237305 0.000000 0.581389 0.000000 -0.813626 1.000000 1.000000 1.000000
4855.599609 0.000000 1689.669556 0.000000 0.567213 0.000000 -0.823571 1.000000 1.000000 1.000000
4850.331543 0.000000 1691.928467 0.000000 0.698983 0.000000 -0.715138 1.000000 1.000000 1.000000
4844.121582 0.000000 1691.355347 0.000000 0.683741 0.000000 -0.729725 1.000000 1.000000 1.000000
4851.999512 0.000000 1672.463379 0.000000 0.588462 0.000000 -0.808525 1.000000 1.000000 1.000000
4846.224121 0.000000 1696.262695 0.000000 0.520156 0.000000 -0.854071 1.000000 1.000000 1.000000
4855.279785 0.000000 1693.194458 0.000000 0.736921 0.000000 -0.675979 1.000000 1.000000 1.000000
4904.230469 0.000000 1615.636597 0.000000 0.529710 0.000000 -0.848179 1.000000 1.000000 1.000000
4883.236816 0.000000 1629.482910 0.000000 0.706895 0.000000 -0.707319 1.000000 1.000000 1.000000
4882.617188 0.000000 1634.437134 0.000000 0.641935 0.000000 -0.766759 1.000000 1.000000 1.000000
4959.889648 0.000000 1620.995117 0.000000 0.723420 0.000000 -0.690408 1.000000 1.000000 1.000000
4933.079102 0.000000 1631.045410 0.000000 0.682790 0.000000 -0.730615 1.000000 1.000000 1.000000
4980.731934 0.000000 1650.305054 0.000000 0.633179 0.000000 -0.774006 1.000000 1.000000 1.000000
4947.451172 0.000000 1636.669434 0.000000 0.595748 0.000000 -0.803172 1.000000 1.000000 1.000000
4884.781250 0.000000 1691.549805 0.000000 0.520303 0.000000 -0.853982 1.000000 1.000000 1.000000
4915.991699 0.000000 1672.463379 0.000000 0.576899 0.000000 -0.816816 1.000000 1.000000 1.000000
4905.227051 0.000000 1675.170776 0.000000 0.539542 0.000000 -0.841959 1.000000 1.000000 1.000000
4886.965820 0.000000 1691.379883 0.000000 0.566876 0.000000 -0.823803 1.000000 1.000000 1.000000
4899.857422 0.000000 1691.776855 0.000000 0.638664 0.000000 -0.769486 1.000000 1.000000 1.000000
4982.520996 0.000000 1678.573608 0.000000 0.664618 0.000000 -0.747184 1.000000 1.000000 1.000000
4979.519043 0.000000 1662.815430 0.000000 0.495939 0.000000 -0.868357 1.000000 1.000000 1.000000
4977.314941 0.000000 1663.809082 0.000000 0.622027 0.000000 -0.782996 1.000000 1.000000 1.000000
5077.936035 0.000000 1646.974854 0.000000 0.679688 0.000000 -0.733501 1.000000 1.000000 1.000000
5012.765625 0.000000 1691.549805 0.000000 0.543737 0.000000 -0.839256 1.000000 1.000000 1.000000
5052.498047 0.000000 1690.513916 0.000000 0.714995 0.000000 -0.699129 1.000000 1.000000 1.000000
5017.375000 0.000000 1668.108276 0.000000 0.733126 0.000000 -0.680093 1.000000 1.000000 1.000000
5016.625977 0.000000 1689.653198 0.000000 0.648969 0.000000 -0.760815 1.000000 1.000000 1.000000
5092.371582 0.000000 1682.704956 0.000000 0.532497 0.000000 -0.846432 1.000000 1.000000 1.000000
4667.919922 0.000000 1708.610718 0.000000 0.557185 0.000000 -0.830389 1.000000 1.000000 1.000000
4621.171875 0.000000 1781.630493 0.000000 0.652344 0.000000 -0.757923 1.000000 1.000000 1.000000
4734.859375 0.000000 1786.655273 0.000000 0.702254 0.000000 -0.711926 1.000000 1.000000 1.000000
4734.264648 0.000000 1789.376343 0.000000 0.588252 0.000000 -0.808678 1.000000 1.000000 1.000000
4780.129395 0.000000 1738.597534 0.000000 0.638344 0.000000 -0.769751 1.000000 1.000000 1.000000
4735.429199 0.000000 1739.422729 0.000000 0.602683 0.000000 -0.797980 1.000000 1.000000 1.000000
4777.950684 0.000000 1758.800415 0.000000 0.696805 0.000000 -0.717260 1.000000 1.000000 1.000000
4633.091797 0.000000 1825.573730 0.000000 0.595711 0.000000 -0.803199 1.000000 1.000000 1.000000
4648.868652 0.000000 1886.022339 0.000000 0.628312 0.000000 -0.777962 1.000000 1.000000 1.000000
4645.272949 0.000000 1887.628906 0.000000 0.457886 0.000000 -0.889011 1.000000 1.000000 1.000000
4613.744629 0.000000 1888.444824 0.000000 0.471827 0.000000 -0.881691 1.000000 1.000000 1.000000
4667.782227 0.000000 1870.722900 0.000000 0.481262 0.000000 -0.876577 1.000000 1.000000 1.000000
4781.925293 0.000000 1840.493164 0.000000 0.471457 0.000000 -0.881889 1.000000 1.000000 1.000000
4779.693359 0.000000 1841.070801 0.000000 0.646377 0.000000 -0.763018 1.000000 1.000000 1.000000
4838.126953 0.000000 1796.090576 0.000000 0.511963 0.000000 -0.859007 1.000000 1.000000 1.000000
4846.404297 0.000000 1818.940552 0.000000 0.470022 0.000000 -0.882655 1.000000 1.000000 1.000000
4758.698242 0.000000 1854.310791 0.000000 0.546358 0.000000 -0.837552 1.000000 1.000000 1.000000
4793.116699 0.000000 1881.592285 0.000000 0.683954 0.000000 -0.729525 1.000000 1.000000 1.000000
4784.378418 0.000000 1867.792236 0.000000 0.453001 0.000000 -0.891510 1.000000 1.000000 1.000000
4785.340332 0.000000 1871.921387 0.000000 0.513971 0.000000 -0.857807 1.000000 1.000000 1.000000
4827.184570 0.000000 1858.312988 0.000000 0.461863 0.000000 -0.886951 1.000000 1.000000 1.000000
4916.739746 0.000000 1744.789429 0.000000 0.701186 0.000000 -0.712979 1.000000 1.000000 1.000000
4982.939941 0.000000 1719.721680 0.000000 0.559520 0.000000 -0.828817 1.000000 1.000000 1.000000
4943.372559 0.000000 1702.446045 0.000000 0.625458 0.000000 -0.780258 1.000000 1.000000 1.000000
4997.071289 0.000000 1725.529785 0.000000 0.505468 0.000000 -0.862845 1.000000 1.000000 1.000000
4914.323730 0.000000 1833.655029 0.000000 0.642061 0.000000 -0.766654 1.000000 1.000000 1.000000
4932.474121 0.000000 1810.454224 0.000000 0.717354 0.000000 -0.696709 1.000000 1.000000 1.000000
4953.171875 0.000000 1804.387207 0.000000 0.493467 0.000000 -0.869765 1.000000 1.000000 1.000000
4936.848145 0.000000 1797.370239 0.000000 0.686876 0.000000 -0.726775 1.000000 1.000000 1.000000
5047.576172 0.000000 1831.396118 0.000000 0.560482 0.000000 -0.828167 1.000000 1.000000 1.000000
4992.378418 0.000000 1803.287476 0.000000 0.608414 0.000000 -0.793620 1.000000 1.000000 1.000000
5035.800781 0.000000 1838.245361 0.000000 0.495062 0.000000 -0.868858 1.000000 1.000000 1.000000
5056.876953 0.000000 1801.127197 0.000000 0.537249 0.000000 -0.843424 1.000000 1.000000 1.000000
5071.356934 0.000000 1844.172607 0.000000 0.706606 0.000000 -0.707607 1.000000 1.000000 1.000000
4352.472168 0.000000 1900.620850 0.000000 0.623103 0.000000 -0.782140 1.000000 1.000000 1.000000
4353.971191 0.000000 1920.809692 0.000000 0.523885 0.000000 -0.851789 1.000000 1.000000 1.000000
4373.914551 0.000000 1899.342407 0.000000 0.642587 0.000000 -0.766213 1.000000 1.000000 1.000000
4400.246094 0.000000 1912.864502 0.000000 0.610897 0.000000 -0.791710 1.000000 1.000000 1.000000
4266.005371 0.000000 2160.001465 0.000000 0.707638 0.000000 -0.706575 1.000000 1.000000 1.000000
4253.870117 0.000000 2130.473633 0.000000 0.476590 0.000000 -0.879125 1.000000 1.000000 1.000000
4253.756348 0.000000 2132.744141 0.000000 0.581609 0.000000 -0.813469 1.000000 1.000000 1.000000
4279.163574 0.000000 2177.987549 0.000000 0.626932 0.000000 -0.779074 1.000000 1.000000 1.000000
4349.960449 0.000000 2197.127197 0.000000 0.593254 0.000000 -0.805015 1.000000 1.000000 1.000000
4326.785645 0.000000 2184.041260 0.000000 0.698340 0.000000 -0.715766 1.000000 1.000000 1.000000
4391.779297 0.000000 2080.479248 0.000000 0.678826 0.000000 -0.734299 1.000000 1.000000 1.000000
4390.566895 0.000000 2083.760010 0.000000 0.586795 0.000000 -0.809735 1.000000 1.000000 1.000000
4388.993652 0.000000 2080.667725 0.000000 0.471684 0.000000 -0.881767 1.000000 1.000000 1.000000
4461.455566 0.000000 2113.681152 0.000000 0.673918 0.000000 -0.738806 1.000000 1.000000 1.000000
4449.248047 0.000000 2118.658447 0.000000 0.597818 0.000000 -0.801632 1.000000 1.000000 1.000000
4471.623047 0.000000 2113.390381 0.000000 0.743377 0.000000 -0.668872 1.000000 1.000000 1.000000
4465.319336 0.000000 2144.260254 0.000000 0.475402 0.000000 -0.879769 1.000000 1.000000 1.000000
4466.378418 0.000000 2164.350586 0.000000 0.685370 0.000000 -0.728195 1.000000 1.000000 1.000000
4453.697266 0.000000 2140.207520 0.000000 0.717151 0.000000 -0.696918 1.000000 1.000000 1.000000
4448.329590 0.000000 2168.651611 0.000000 0.676682 0.000000 -0.736275 1.000000 1.000000 1.000000
4468.046387 0.000000 2144.885254 0.000000 0.520610 0.000000 -0.853794 1.000000 1.000000 1.000000
4457.989746 0.000000 2136.738037 0.000000 0.471605 0.000000 -0.881810 1.000000 1.000000 1.000000
4477.952148 0.000000 2155.216309 0.000000 0.519484 0.000000 -0.854480 1.000000 1.000000 1.000000
4540.237793 0.000000 2109.145020 0.000000 0.514464 0.000000 -0.857512 1.000000 1.000000 1.000000
4488.372070 0.000000 2111.827148 0.000000 0.532113 0.000000 -0.846673 1.000000 1.000000 1.000000
4589.439941 0.000000 2113.681152 0.000000 0.733683 0.000000 -0.679492 1.000000 1.000000 1.000000
4570.616211 0.000000 2102.315674 0.000000 0.617898 0.000000 -0.786259 1.000000 1.000000 1.000000
4589.314453 0.000000 2119.176758 0.000000 0.491100 0.000000 -0.871103 1.000000 1.000000 1.000000
4573.580566 0.000000 2115.966553 0.000000 0.562153 0.000000 -0.827033 1.000000 1.000000 1.000000
4560.552734 0.000000 2121.118164 0.000000 0.744800 0.000000 -0.667288 1.000000 1.000000 1.000000
4554.408203 0.000000 2109.093018 0.000000 0.619736 0.000000 -0.784810 1.000000 1.000000 1.000000
4592.401855 0.000000 2104.003174 0.000000 0.627119 0.000000 -0.778923 1.000000 1.000000 1.000000
4545.947754 0.000000 2109.778564 0.000000 0.560297 0.000000 -0.828292 1.000000 1.000000 1.000000
4591.740234 0.000000 2106.516602 0.000000 0.645339 0.000000 -0.763897 1.000000 1.000000 1.000000
4571.495117 0.000000 2117.114014 0.000000 0.481021 0.000000 -0.876709 1.000000 1.000000 1.000000
4590.210449 0.000000 2107.350586 0.000000 0.545882 0.000000 -0.837862 1.000000 1.000000 1.000000
4571.865234 0.000000 2115.640869 0.000000 0.653666 0.000000 -0.756784 1.000000 1.000000 1.000000
4500.419434 0.000000 2169.494873 0.000000 0.552115 0.000000 -0.833768 1.000000 1.000000 1.000000
4509.588379 0.000000 2163.208740 0.000000 0.538417 0.000000 -0.842678 1.000000 1.000000 1.000000
4491.873047 0.000000 2140.829102 0.000000 0.574325 0.000000 -0.818627 1.000000 1.000000 1.000000
4483.850098 0.000000 2130.559082 0.000000 0.574094 0.000000 -0.818790 1.000000 1.000000 1.000000
4537.032715 0.000000 2161.338135 0.000000 0.573390 0.000000 -0.819282 1.000000 1.000000 1.000000
4506.217773 0.000000 2167.823242 0.000000 0.597078 0.000000 -0.802183 1.000000 1.000000 1.000000
4582.560059 0.000000 2158.031982 0.000000 0.681510 0.000000 -0.731809 1.000000 1.000000 1.000000
4543.452637 0.000000 2164.602539 0.000000 0.735655 0.000000 -0.677356 1.000000 1.000000 1.000000
4584.806641 0.000000 2160.943359 0.000000 0.538557 0.000000 -0.842589 1.000000 1.000000 1.000000
4412.702637 0.000000 2190.738525 0.000000 0.456133 0.000000 -0.889912 1.000000 1.000000 1.000000
4381.766602 0.000000 2192.826660 0.000000 0.642127 0.000000 -0.766598 1.000000 1.000000 1.000000
4385.728027 0.000000 2184.612793 0.000000 0.571448 0.000000 -0.820638 1.000000 1.000000 1.000000
4400.364258 0.000000 2192.839111 0.000000 0.583606 0.000000 -0.812037 1.000000 1.000000 1.000000
4540.831543 0.000000 2173.343506 0.000000 0.452608 0.000000 -0.891710 1.000000 1.000000 1.000000
4653.432129 0.000000 1924.712402 0.000000 0.587490 0.000000 -0.809231 1.000000 1.000000 1.000000
4607.737305 0.000000 1893.741821 0.000000 0.724538 0.000000 -0.689235 1.000000 1.000000 1.000000
4622.233887 0.000000 1898.973755 0.000000 0.629708 0.000000 -0.776832 1.000000 1.000000 1.000000
4652.145020 0.000000 1927.566284 0.000000 0.493448 0.000000 -0.869775 1.000000 1.000000 1.000000
4614.549805 0.000000 1892.588867 0.000000 0.660573 0.000000 -0.750762 1.000000 1.000000 1.000000
4616.887207 0.000000 1891.854614 0.000000 0.636547 0.000000 -0.771238 1.000000 1.000000 1.000000
4692.625000 0.000000 1922.562256 0.000000 0.714109 0.000000 -0.700034 1.000000 1.000000 1.000000
4653.094727 0.000000 1956.698242 0.000000 0.541306 0.000000 -0.840826 1.000000 1.000000 1.000000
4719.372559 0.000000 1952.628906 0.000000 0.575921 0.000000 -0.817505 1.000000 1.000000 1.000000
4775.732422 0.000000 1891.510376 0.000000 0.713440 0.000000 -0.700716 1.000000 1.000000 1.000000
4830.424316 0.000000 1890.469238 0.000000 0.464851 0.000000 -0.885389 1.000000 1.000000 1.000000
4805.918945 0.000000 1906.955444 0.000000 0.465228 0.000000 -0.885191 1.000000 1.000000 1.000000
4648.835938 0.000000 2003.181274 0.000000 0.510648 0.000000 -0.859790 1.000000 1.000000 1.000000
4650.542480 0.000000 2002.221924 0.000000 0.592290 0.000000 -0.805725 1.000000 1.000000 1.000000
4692.990234 0.000000 2002.069702 0.000000 0.468508 0.000000 -0.883459 1.000000 1.000000 1.000000
4693.191895 0.000000 2004.446899 0.000000 0.649682 0.000000 -0.760206 1.000000 1.000000 1.000000
4648.261719 0.000000 2040.816284 0.000000 0.665683 0.000000 -0.746235 1.000000 1.000000 1.000000
4642.574219 0.000000 2041.105103 0.000000 0.501073 0.000000 -0.865405 1.000000 1.000000 1.000000
4644.889160 0.000000 2036.928833 0.000000 0.564536 0.000000 -0.825408 1.000000 1.000000 1.000000
4627.147461 0.000000 2072.113281 0.000000 0.543488 0.000000 -0.839417 1.000000 1.000000 1.000000
4642.854980 0.000000 2047.468872 0.000000 0.554986 0.000000 -0.831860 1.000000 1.000000 1.000000
4646.872559 0.000000 2034.893677 0.000000 0.514400 0.000000 -0.857550 1.000000 1.000000 1.000000
4647.189453 0.000000 2039.083130 0.000000 0.730367 0.000000 -0.683055 1.000000 1.000000 1.000000
4670.391602 0.000000 2068.346924 0.000000 0.638618 0.000000 -0.769524 1.000000 1.000000 1.000000
4641.067383 0.000000 2047.703491 0.000000 0.678228 0.000000 -0.734851 1.000000 1.000000 1.000000
4641.773438 0.000000 2046.029541 0.000000 0.584748 0.000000 -0.811215 1.000000 1.000000 1.000000
4630.187988 0.000000 2070.618652 0.000000 0.444907 0.000000 -0.895577 1.000000 1.000000 1.000000
4677.110352 0.000000 2056.225098 0.000000 0.706617 0.000000 -0.707596 1.000000 1.000000 1.000000
4719.372559 0.000000 2047.113281 0.000000 0.711493 0.000000 -0.702693 1.000000 1.000000 1.000000
4672.948242 0.000000 2070.928955 0.000000 0.685185 0.000000 -0.728369 1.000000 1.000000 1.000000
4968.796875 0.000000 1955.939087 0.000000 0.740442 0.000000 -0.672120 1.000000 1.000000 1.000000
4950.346680 0.000000 1942.192505 0.000000 0.606477 0.000000 -0.795101 1.000000 1.000000 1.000000
4949.442871 0.000000 1938.918213 0.000000 0.614547 0.000000 -0.788880 1.000000 1.000000 1.000000
4966.578613 0.000000 1954.462402 0.000000 0.461213 0.000000 -0.887290 1.000000 1.000000 1.000000
4964.855957 0.000000 1953.402222 0.000000 0.537674 0.000000 -0.843153 1.000000 1.000000 1.000000
5069.547852 0.000000 1925.921387 0.000000 0.721950 0.000000 -0.691945 1.000000 1.000000 1.000000
5052.839844 0.000000 1959.086548 0.000000 0.642667 0.000000 -0.766145 1.000000 1.000000 1.000000
5109.029297 0.000000 1940.201050 0.000000 0.576180 0.000000 -0.817323 1.000000 1.000000 1.000000
4632.792969 0.000000 2107.557861 0.000000 0.469956 0.000000 -0.882690 1.000000 1.000000 1.000000
4636.429199 0.000000 2107.603760 0.000000 0.692118 0.000000 -0.721785 1.000000 1.000000 1.000000
4623.780273 0.000000 2092.898926 0.000000 0.500224 0.000000 -0.865896 1.000000 1.000000 1.000000
4610.656250 0.000000 2122.741211 0.000000 0.457789 0.000000 -0.889061 1.000000 1.000000 1.000000
4619.944824 0.000000 2078.684326 0.000000 0.615335 0.000000 -0.788266 1.000000 1.000000 1.000000
4610.015137 0.000000 2123.654053 0.000000 0.444575 0.000000 -0.895742 1.000000 1.000000 1.000000
4611.633789 0.000000 2123.063721 0.000000 0.529641 0.000000 -0.848222 1.000000 1.000000 1.000000
4681.545410 0.000000 2117.905029 0.000000 0.454609 0.000000 -0.890691 1.000000 1.000000 1.000000
4642.574219 0.000000 2135.589600 0.000000 0.684820 0.000000 -0.728712 1.000000 1.000000 1.000000
4639.813965 0.000000 2137.526123 0.000000 0.482634 0.000000 -0.875822 1.000000 1.000000 1.000000
4607.474121 0.000000 2150.766113 0.000000 0.738767 0.000000 -0.673961 1.000000 1.000000 1.000000
4634.871094 0.000000 2135.850830 0.000000 0.666350 0.000000 -0.745639 1.000000 1.000000 1.000000
4658.829590 0.000000 2140.266602 0.000000 0.488823 0.000000 -0.872383 1.000000 1.000000 1.000000
4620.877441 0.000000 2131.357422 0.000000 0.741428 0.000000 -0.671033 1.000000 1.000000 1.000000
4637.152832 0.000000 2125.901367 0.000000 0.565187 0.000000 -0.824963 1.000000 1.000000 1.000000
4687.403809 0.000000 2127.625977 0.000000 0.585272 0.000000 -0.810837 1.000000 1.000000 1.000000
4685.372070 0.000000 2129.827881 0.000000 0.699936 0.000000 -0.714206 1.000000 1.000000 1.000000
4686.041504 0.000000 2128.463867 0.000000 0.666271 0.000000 -0.745710 1.000000 1.000000 1.000000
5171.576660 0.000000 1699.786499 0.000000 0.628218 0.000000 -0.778037 1.000000 1.000000 1.000000
5141.633301 0.000000 1919.405884 0.000000 0.529851 0.000000 -0.848090 1.000000 1.000000 1.000000
5195.787109 0.000000 1904.617920 0.000000 0.698460 0.000000 -0.715650 1.000000 1.000000 1.000000
5197.920410 0.000000 1896.326904 0.000000 0.668570 0.000000 -0.743649 1.000000 1.000000 1.000000
5196.306152 0.000000 1897.928101 0.000000 0.579185 0.000000 -0.815196 1.000000 1.000000 1.000000
5218.801270 0.000000 1913.394775 0.000000 0.721940 0.000000 -0.691955 1.000000 1.000000 1.000000
5130.817383 0.000000 1938.625366 0.000000 0.529255 0.000000 -0.848463 1.000000 1.000000 1.000000
5153.757812 0.000000 1971.002319 0.000000 0.735501 0.000000 -0.677524 1.000000 1.000000 1.000000
5170.792480 0.000000 1938.325684 0.000000 0.733091 0.000000 -0.680131 1.000000 1.000000 1.000000
5259.640137 0.000000 1931.657104 0.000000 0.657074 0.000000 -0.753826 1.000000 1.000000 1.000000
5279.850586 0.000000 1951.690430 0.000000 0.726882 0.000000 -0.686762 1.000000 1.000000 1.000000
5251.135254 0.000000 1947.908691 0.000000 0.597129 0.000000 -0.802145 1.000000 1.000000 1.000000
5248.347168 0.000000 1945.014038 0.000000 0.677066 0.000000 -0.735922 1.000000 1.000000 1.000000
5294.701660 0.000000 1955.993408 0.000000 0.549151 0.000000 -0.835723 1.000000 1.000000 1.000000
5296.315918 0.000000 1962.276611 0.000000 0.571103 0.000000 -0.820878 1.000000 1.000000 1.000000
5349.200684 0.000000 1945.147217 0.000000 0.717434 0.000000 -0.696626 1.000000 1.000000 1.000000
5180.753418 0.000000 1984.374512 0.000000 0.516285 0.000000 -0.856417 1.000000 1.000000 1.000000
5186.303711 0.000000 2023.242188 0.000000 0.523405 0.000000 -0.852084 1.000000 1.000000 1.000000
5221.603516 0.000000 1998.480835 0.000000 0.480704 0.000000 -0.876883 1.000000 1.000000 1.000000
5196.213379 0.000000 2004.171875 0.000000 0.704908 0.000000 -0.709299 1.000000 1.000000 1.000000
5241.603027 0.000000 2013.589478 0.000000 0.642920 0.000000 -0.765933 1.000000 1.000000 1.000000
5291.985352 0.000000 1994.564697 0.000000 0.677388 0.000000 -0.735626 1.000000 1.000000 1.000000
5263.540527 0.000000 2012.544678 0.000000 0.507080 0.000000 -0.861899 1.000000 1.000000 1.000000
5369.733887 0.000000 2028.458008 0.000000 0.621242 0.000000 -0.783619 1.000000 1.000000 1.000000
5298.881836 0.000000 2062.352539 0.000000 0.573030 0.000000 -0.819534 1.000000 1.000000 1.000000
5273.574219 0.000000 2048.821533 0.000000 0.628218 0.000000 -0.778037 1.000000 1.000000 1.000000
5294.169434 0.000000 2074.200195 0.000000 0.571904 0.000000 -0.820320 1.000000 1.000000 1.000000
5410.787109 0.000000 1921.263428 0.000000 0.730326 0.000000 -0.683099 1.000000 1.000000 1.000000
5413.192871 0.000000 1945.147217 0.000000 0.695006 0.000000 -0.719004 1.000000 1.000000 1.000000
5410.526855 0.000000 1997.217163 0.000000 0.736297 0.000000 -0.676658 1.000000 1.000000 1.000000
5407.720215 0.000000 1995.799316 0.000000 0.646813 0.000000 -0.762649 1.000000 1.000000 1.000000
5416.742188 0.000000 2050.423584 0.000000 0.647399 0.000000 -0.762151 1.000000 1.000000 1.000000
5425.470215 0.000000 2031.570068 0.000000 0.650426 0.000000 -0.759570 1.000000 1.000000 1.000000
5427.319824 0.000000 2060.228760 0.000000 0.570038 0.000000 -0.821618 1.000000 1.000000 1.000000
5425.034180 0.000000 2033.212891 0.000000 0.486854 0.000000 -0.873483 1.000000 1.000000 1.000000
5476.368164 0.000000 2049.814697 0.000000 0.606461 0.000000 -0.795113 1.000000 1.000000 1.000000
5474.779297 0.000000 2062.989990 0.000000 0.653725 0.000000 -0.756732 1.000000 1.000000 1.000000
5458.452637 0.000000 2048.319092 0.000000 0.714532 0.000000 -0.699603 1.000000 1.000000 1.000000
5512.284180 0.000000 2001.885132 0.000000 0.735617 0.000000 -0.677397 1.000000 1.000000 1.000000
5504.603027 0.000000 2017.337280 0.000000 0.513979 0.000000 -0.857803 1.000000 1.000000 1.000000
5527.092773 0.000000 1991.958984 0.000000 0.534816 0.000000 -0.844969 1.000000 1.000000 1.000000
5544.122559 0.000000 2025.377441 0.000000 0.447827 0.000000 -0.894120 1.000000 1.000000 1.000000
5539.210938 0.000000 2029.126099 0.000000 0.617878 0.000000 -0.786274 1.000000 1.000000 1.000000
5546.220215 0.000000 2027.514648 0.000000 0.658049 0.000000 -0.752975 1.000000 1.000000 1.000000
5183.147949 0.000000 2090.982910 0.000000 0.660876 0.000000 -0.750495 1.000000 1.000000 1.000000
5281.146484 0.000000 2118.658447 0.000000 0.551414 0.000000 -0.834232 1.000000 1.000000 1.000000
5324.464355 0.000000 2081.058838 0.000000 0.684290 0.000000 -0.729210 1.000000 1.000000 1.000000
5366.119629 0.000000 2172.471436 0.000000 0.664254 0.000000 -0.747507 1.000000 1.000000 1.000000
5367.991699 0.000000 2170.176025 0.000000 0.705925 0.000000 -0.708287 1.000000 1.000000 1.000000
5352.175781 0.000000 2182.542969 0.000000 0.461538 0.000000 -0.887120 1.000000 1.000000 1.000000
5376.623047 0.000000 2096.491211 0.000000 0.573208 0.000000 -0.819410 1.000000 1.000000 1.000000
5392.214844 0.000000 2104.109131 0.000000 0.719454 0.000000 -0.694540 1.000000 1.000000 1.000000
5411.717773 0.000000 2078.711914 0.000000 0.470462 0.000000 -0.882420 1.000000 1.000000 1.000000
5401.743164 0.000000 2085.879639 0.000000 0.553671 0.000000 -0.832736 1.000000 1.000000 1.000000
5425.329102 0.000000 2099.272949 0.000000 0.500970 0.000000 -0.865465 1.000000 1.000000 1.000000
5497.024414 0.000000 2080.693848 0.000000 0.621458 0.000000 -0.783448 1.000000 1.000000 1.000000
5386.786133 0.000000 2127.594238 0.000000 0.574736 0.000000 -0.818339 1.000000 1.000000 1.000000
5412.795410 0.000000 2131.413330 0.000000 0.712251 0.000000 -0.701925 1.000000 1.000000 1.000000
5407.979004 0.000000 2156.575684 0.000000 0.698973 0.000000 -0.715148 1.000000 1.000000 1.000000
5390.702637 0.000000 2126.014404 0.000000 0.620579 0.000000 -0.784144 1.000000 1.000000 1.000000
5407.834961 0.000000 2187.901367 0.000000 0.520636 0.000000 -0.853779 1.000000 1.000000 1.000000
5459.595703 0.000000 2173.255615 0.000000 0.613063 0.000000 -0.790034 1.000000 1.000000 1.000000
5469.633789 0.000000 2192.826660 0.000000 0.554231 0.000000 -0.832363 1.000000 1.000000 1.000000
5479.299316 0.000000 2201.288818 0.000000 0.688912 0.000000 -0.724845 1.000000 1.000000 1.000000
5521.967773 0.000000 2198.314453 0.000000 0.559984 0.000000 -0.828503 1.000000 1.000000 1.000000
5510.148926 0.000000 2264.144775 0.000000 0.687607 0.000000 -0.726084 1.000000 1.000000 1.000000
4540.237793 0.000000 2581.566895 0.000000 0.735756 0.000000 -0.677247 1.000000 1.000000 1.000000
4918.598633 0.000000 2473.508789 0.000000 0.534022 0.000000 -0.845471 1.000000 1.000000 1.000000
4933.903320 0.000000 2473.861816 0.000000 0.663423 0.000000 -0.748244 1.000000 1.000000 1.000000
4927.439941 0.000000 2468.704590 0.000000 0.531308 0.000000 -0.847178 1.000000 1.000000 1.000000
5012.207520 0.000000 2532.680176 0.000000 0.719039 0.000000 -0.694969 1.000000 1.000000 1.000000
5011.060547 0.000000 2535.753906 0.000000 0.718256 0.000000 -0.695779 1.000000 1.000000 1.000000
5013.395508 0.000000 2577.291016 0.000000 0.729005 0.000000 -0.684508 1.000000 1.000000 1.000000
5284.348145 0.000000 2344.095703 0.000000 0.546965 0.000000 -0.837155 1.000000 1.000000 1.000000
5287.475098 0.000000 2345.063965 0.000000 0.642572 0.000000 -0.766226 1.000000 1.000000 1.000000
5168.843262 0.000000 2455.629395 0.000000 0.635292 0.000000 -0.772272 1.000000 1.000000 1.000000
5350.786621 0.000000 2412.831299 0.000000 0.528492 0.000000 -0.848938 1.000000 1.000000 1.000000
5544.208984 0.000000 2283.568359 0.000000 0.534924 0.000000 -0.844900 1.000000 1.000000 1.000000
5529.005859 0.000000 2353.388184 0.000000 0.533915 0.000000 -0.845538 1.000000 1.000000 1.000000
5627.802734 0.000000 2322.759277 0.000000 0.626523 0.000000 -0.779403 1.000000 1.000000 1.000000
5587.373047 0.000000 2392.544678 0.000000 0.509039 0.000000 -0.860744 1.000000 1.000000 1.000000
5535.819336 0.000000 2424.112305 0.000000 0.455862 0.000000 -0.890051 1.000000 1.000000 1.000000
5596.514160 0.000000 2412.445557 0.000000 0.556342 0.000000 -0.830954 1.000000 1.000000 1.000000
5581.515137 0.000000 2421.652344 0.000000 0.696203 0.000000 -0.717845 1.000000 1.000000 1.000000
5572.879883 0.000000 2418.072266 0.000000 0.739452 0.000000 -0.673209 1.000000 1.000000 1.000000
5126.487305 0.000000 2459.495117 0.000000 0.702796 0.000000 -0.711392 1.000000 1.000000 1.000000
5166.292969 0.000000 2461.385254 0.000000 0.692713 0.000000 -0.721213 1.000000 1.000000 1.000000
5166.710938 0.000000 2459.910400 0.000000 0.555865 0.000000 -0.831272 1.000000 1.000000 1.000000
5589.578613 0.000000 2486.312256 0.000000 0.669215 0.000000 -0.743069 1.000000 1.000000 1.000000
5597.612305 0.000000 2500.379883 0.000000 0.633602 0.000000 -0.773659 1.000000 1.000000 1.000000
5663.056641 0.000000 2341.649170 0.000000 0.669745 0.000000 -0.742591 1.000000 1.000000 1.000000
5685.143066 0.000000 2384.047852 0.000000 0.684691 0.000000 -0.728833 1.000000 1.000000 1.000000
5729.091797 0.000000 2402.111572 0.000000 0.581120 0.000000 -0.813818 1.000000 1.000000 1.000000
5735.268066 0.000000 2390.257568 0.000000 0.702810 0.000000 -0.711378 1.000000 1.000000 1.000000
5663.056641 0.000000 2436.133545 0.000000 0.711693 0.000000 -0.702491 1.000000 1.000000 1.000000
5633.673340 0.000000 2424.758057 0.000000 0.549079 0.000000 -0.835770 1.000000 1.000000 1.000000
5720.247070 0.000000 2436.249756 0.000000 0.724359 0.000000 -0.689423 1.000000 1.000000 1.000000
5884.073730 0.000000 2392.598145 0.000000 0.466141 0.000000 -0.884711 1.000000 1.000000 1.000000
5908.476562 0.000000 2347.741943 0.000000 0.724938 0.000000 -0.688814 1.000000 1.000000 1.000000
5909.791016 0.000000 2346.471191 0.000000 0.484262 0.000000 -0.874923 1.000000 1.000000 1.000000
6051.155273 0.000000 2357.397217 0.000000 0.738887 0.000000 -0.673830 1.000000 1.000000 1.000000
5908.070801 0.000000 2371.209473 0.000000 0.700779 0.000000 -0.713378 1.000000 1.000000 1.000000
6009.187500 0.000000 2372.060791 0.000000 0.720784 0.000000 -0.693160 1.000000 1.000000 1.000000
5960.473633 0.000000 2431.827881 0.000000 0.619281 0.000000 -0.785169 1.000000 1.000000 1.000000
5975.495117 0.000000 2455.536865 0.000000 0.729259 0.000000 -0.684238 1.000000 1.000000 1.000000
6003.394043 0.000000 2418.690430 0.000000 0.511438 0.000000 -0.859320 1.000000 1.000000 1.000000
6054.656738 0.000000 2381.849121 0.000000 0.445943 0.000000 -0.895061 1.000000 1.000000 1.000000
6132.051270 0.000000 2385.599121 0.000000 0.510573 0.000000 -0.859834 1.000000 1.000000 1.000000
6036.460938 0.000000 2442.226318 0.000000 0.729461 0.000000 -0.684022 1.000000 1.000000 1.000000
6090.130859 0.000000 2422.371582 0.000000 0.514690 0.000000 -0.857376 1.000000 1.000000 1.000000
5676.980469 0.000000 2457.466797 0.000000 0.665060 0.000000 -0.746790 1.000000 1.000000 1.000000
5640.875977 0.000000 2460.870605 0.000000 0.486059 0.000000 -0.873926 1.000000 1.000000 1.000000
5691.794922 0.000000 2511.728027 0.000000 0.666612 0.000000 -0.745405 1.000000 1.000000 1.000000
5824.487305 0.000000 2503.544434 0.000000 0.485056 0.000000 -0.874483 1.000000 1.000000 1.000000
5830.906250 0.000000 2538.906006 0.000000 0.458532 0.000000 -0.888678 1.000000 1.000000 1.000000
5654.976074 0.000000 2566.317871 0.000000 0.564848 0.000000 -0.825195 1.000000 1.000000 1.000000
5694.076172 0.000000 2560.230713 0.000000 0.686489 0.000000 -0.727140 1.000000 1.000000 1.000000
5701.754883 0.000000 2551.322510 0.000000 0.660864 0.000000 -0.750506 1.000000 1.000000 1.000000
5748.133301 0.000000 2588.074707 0.000000 0.597788 0.000000 -0.801654 1.000000 1.000000 1.000000
5707.346680 0.000000 2604.625000 0.000000 0.614980 0.000000 -0.788543 1.000000 1.000000 1.000000
5735.921387 0.000000 2604.246582 0.000000 0.460843 0.000000 -0.887482 1.000000 1.000000 1.000000
5775.176270 0.000000 2597.934814 0.000000 0.634649 0.000000 -0.772801 1.000000 1.000000 1.000000
5795.179688 0.000000 2596.032471 0.000000 0.530134 0.000000 -0.847914 1.000000 1.000000 1.000000
5849.057129 0.000000 2556.640625 0.000000 0.651858 0.000000 -0.758341 1.000000 1.000000 1.000000
5830.109863 0.000000 2594.840088 0.000000 0.518995 0.000000 -0.854777 1.000000 1.000000 1.000000
5843.725586 0.000000 2554.963379 0.000000 0.488817 0.000000 -0.872386 1.000000 1.000000 1.000000
5885.363770 0.000000 2555.236572 0.000000 0.733318 0.000000 -0.679885 1.000000 1.000000 1.000000
5853.553223 0.000000 2639.803955 0.000000 0.467653 0.000000 -0.883912 1.000000 1.000000 1.000000
5846.237305 0.000000 2603.583252 0.000000 0.678745 0.000000 -0.734374 1.000000 1.000000 1.000000
5827.929199 0.000000 2608.122559 0.000000 0.654490 0.000000 -0.756071 1.000000 1.000000 1.000000
5980.265137 0.000000 2532.783447 0.000000 0.546179 0.000000 -0.837668 1.000000 1.000000 1.000000
5998.972656 0.000000 2541.668945 0.000000 0.642757 0.000000 -0.766070 1.000000 1.000000 1.000000
5998.691895 0.000000 2540.629883 0.000000 0.694422 0.000000 -0.719568 1.000000 1.000000 1.000000
6057.401855 0.000000 2458.881104 0.000000 0.580473 0.000000 -0.814279 1.000000 1.000000 1.000000
6054.700684 0.000000 2460.073486 0.000000 0.583657 0.000000 -0.812001 1.000000 1.000000 1.000000
6137.093262 0.000000 2472.999756 0.000000 0.637802 0.000000 -0.770200 1.000000 1.000000 1.000000
6136.952637 0.000000 2495.740967 0.000000 0.472188 0.000000 -0.881498 1.000000 1.000000 1.000000
6137.826660 0.000000 2475.719482 0.000000 0.480625 0.000000 -0.876926 1.000000 1.000000 1.000000
6142.687988 0.000000 2472.902588 0.000000 0.621485 0.000000 -0.783426 1.000000 1.000000 1.000000
6128.620117 0.000000 2488.155762 0.000000 0.450314 0.000000 -0.892870 1.000000 1.000000 1.000000
6139.104004 0.000000 2472.380859 0.000000 0.483699 0.000000 -0.875235 1.000000 1.000000 1.000000
6136.370117 0.000000 2474.697021 0.000000 0.738347 0.000000 -0.674421 1.000000 1.000000 1.000000
6086.909668 0.000000 2515.851562 0.000000 0.675212 0.000000 -0.737624 1.000000 1.000000 1.000000
6141.332520 0.000000 2507.994385 0.000000 0.724921 0.000000 -0.688833 1.000000 1.000000 1.000000
5944.609375 0.000000 2632.240967 0.000000 0.546255 0.000000 -0.837619 1.000000 1.000000 1.000000
5955.497559 0.000000 2627.053955 0.000000 0.643668 0.000000 -0.765305 1.000000 1.000000 1.000000
5973.437500 0.000000 2644.700195 0.000000 0.466572 0.000000 -0.884483 1.000000 1.000000 1.000000
6006.285156 0.000000 2641.717773 0.000000 0.536418 0.000000 -0.843953 1.000000 1.000000 1.000000
5988.728027 0.000000 2640.278809 0.000000 0.543886 0.000000 -0.839159 1.000000 1.000000 1.000000
6035.702148 0.000000 2554.963379 0.000000 0.445801 0.000000 -0.895132 1.000000 1.000000 1.000000
6053.711914 0.000000 2572.885986 0.000000 0.643045 0.000000 -0.765828 1.000000 1.000000 1.000000
6059.973145 0.000000 2588.957031 0.000000 0.522815 0.000000 -0.852446 1.000000 1.000000 1.000000
6140.280273 0.000000 2577.074463 0.000000 0.622052 0.000000 -0.782976 1.000000 1.000000 1.000000
6079.557617 0.000000 2602.374756 0.000000 0.455433 0.000000 -0.890270 1.000000 1.000000 1.000000
6123.419922 0.000000 2604.037598 0.000000 0.553540 0.000000 -0.832822 1.000000 1.000000 1.000000
5170.159180 0.000000 2803.179199 0.000000 0.700449 0.000000 -0.713702 1.000000 1.000000 1.000000
5610.183105 0.000000 2719.788086 0.000000 0.559875 0.000000 -0.828577 1.000000 1.000000 1.000000
5233.977051 0.000000 2858.026367 0.000000 0.745906 0.000000 -0.666051 1.000000 1.000000 1.000000
5248.436523 0.000000 2835.430908 0.000000 0.721599 0.000000 -0.692311 1.000000 1.000000 1.000000
5759.077637 0.000000 2657.889160 0.000000 0.677585 0.000000 -0.735444 1.000000 1.000000 1.000000
5729.687500 0.000000 2679.635254 0.000000 0.466703 0.000000 -0.884414 1.000000 1.000000 1.000000
5713.189941 0.000000 2696.706787 0.000000 0.618037 0.000000 -0.786149 1.000000 1.000000 1.000000
5847.688965 0.000000 2694.581299 0.000000 0.561222 0.000000 -0.827666 1.000000 1.000000 1.000000
5847.748535 0.000000 2696.613037 0.000000 0.489454 0.000000 -0.872029 1.000000 1.000000 1.000000
5873.461426 0.000000 2800.268799 0.000000 0.737176 0.000000 -0.675701 1.000000 1.000000 1.000000
5907.541016 0.000000 2645.677490 0.000000 0.452876 0.000000 -0.891573 1.000000 1.000000 1.000000
5901.223633 0.000000 2649.491943 0.000000 0.718175 0.000000 -0.695863 1.000000 1.000000 1.000000
5950.508789 0.000000 2691.365479 0.000000 0.629639 0.000000 -0.776888 1.000000 1.000000 1.000000
5970.393066 0.000000 2678.916016 0.000000 0.467746 0.000000 -0.883863 1.000000 1.000000 1.000000
5986.633789 0.000000 2663.377441 0.000000 0.645418 0.000000 -0.763830 1.000000 1.000000 1.000000
5915.549316 0.000000 2692.924805 0.000000 0.628761 0.000000 -0.777599 1.000000 1.000000 1.000000
5955.043945 0.000000 2695.552246 0.000000 0.602656 0.000000 -0.798001 1.000000 1.000000 1.000000
6087.716797 0.000000 2654.100586 0.000000 0.563408 0.000000 -0.826179 1.000000 1.000000 1.000000
6084.817383 0.000000 2654.283203 0.000000 0.672877 0.000000 -0.739755 1.000000 1.000000 1.000000
5893.827148 0.000000 2745.578369 0.000000 0.554472 0.000000 -0.832202 1.000000 1.000000 1.000000
5928.105469 0.000000 2796.691406 0.000000 0.451582 0.000000 -0.892229 1.000000 1.000000 1.000000
6140.365234 0.000000 2777.084473 0.000000 0.486164 0.000000 -0.873867 1.000000 1.000000 1.000000
5869.158203 0.000000 2922.293945 0.000000 0.666558 0.000000 -0.745454 1.000000 1.000000 1.000000
5745.163086 0.000000 2947.377441 0.000000 0.697961 0.000000 -0.716136 1.000000 1.000000 1.000000
5758.734375 0.000000 2967.710205 0.000000 0.699050 0.000000 -0.715072 1.000000 1.000000 1.000000
5721.289062 0.000000 2943.647461 0.000000 0.455975 0.000000 -0.889992 1.000000 1.000000 1.000000
5718.901855 0.000000 2957.216309 0.000000 0.675893 0.000000 -0.737000 1.000000 1.000000 1.000000
5768.252930 0.000000 2946.729004 0.000000 0.654940 0.000000 -0.755681 1.000000 1.000000 1.000000
5803.058105 0.000000 2932.964111 0.000000 0.735805 0.000000 -0.677193 1.000000 1.000000 1.000000
5786.467773 0.000000 2999.917236 0.000000 0.738491 0.000000 -0.674263 1.000000 1.000000 1.000000
5865.810059 0.000000 3010.360840 0.000000 0.687821 0.000000 -0.725880 1.000000 1.000000 1.000000
6052.717285 0.000000 2840.046143 0.000000 0.732976 0.000000 -0.680255 1.000000 1.000000 1.000000
6053.493652 0.000000 2922.225586 0.000000 0.520856 0.000000 -0.853644 1.000000 1.000000 1.000000
6094.616699 0.000000 2881.889404 0.000000 0.630883 0.000000 -0.775878 1.000000 1.000000 1.000000
5926.553711 0.000000 2964.814697 0.000000 0.563950 0.000000 -0.825809 1.000000 1.000000 1.000000
5933.150391 0.000000 2969.536133 0.000000 0.683050 0.000000 -0.730372 1.000000 1.000000 1.000000
5919.644043 0.000000 2937.111328 0.000000 0.504344 0.000000 -0.863503 1.000000 1.000000 1.000000
5914.354980 0.000000 2949.492676 0.000000 0.704007 0.000000 -0.710193 1.000000 1.000000 1.000000
5909.043457 0.000000 2949.290771 0.000000 0.456621 0.000000 -0.889661 1.000000 1.000000 1.000000
5939.257324 0.000000 2957.830322 0.000000 0.674248 0.000000 -0.738505 1.000000 1.000000 1.000000
6012.951172 0.000000 2943.735107 0.000000 0.613777 0.000000 -0.789480 1.000000 1.000000 1.000000
5986.716797 0.000000 2960.591553 0.000000 0.594306 0.000000 -0.804239 1.000000 1.000000 1.000000
6002.078613 0.000000 2932.028564 0.000000 0.659781 0.000000 -0.751458 1.000000 1.000000 1.000000
5971.520996 0.000000 2974.829834 0.000000 0.582078 0.000000 -0.813133 1.000000 1.000000 1.000000
5908.612305 0.000000 2983.916016 0.000000 0.739866 0.000000 -0.672754 1.000000 1.000000 1.000000
5917.123535 0.000000 2992.853027 0.000000 0.495059 0.000000 -0.868859 1.000000 1.000000 1.000000
5908.947266 0.000000 2980.668945 0.000000 0.737080 0.000000 -0.675806 1.000000 1.000000 1.000000
6006.183594 0.000000 2988.211426 0.000000 0.650806 0.000000 -0.759244 1.000000 1.000000 1.000000
5992.097656 0.000000 2985.660156 0.000000 0.550352 0.000000 -0.834933 1.000000 1.000000 1.000000
5960.229492 0.000000 2993.971191 0.000000 0.574041 0.000000 -0.818827 1.000000 1.000000 1.000000
6007.568848 0.000000 3007.723389 0.000000 0.653708 0.000000 -0.756747 1.000000 1.000000 1.000000
6048.134277 0.000000 2971.768799 0.000000 0.492129 0.000000 -0.870522 1.000000 1.000000 1.000000
6048.029297 0.000000 2951.730957 0.000000 0.525612 0.000000 -0.850724 1.000000 1.000000 1.000000
6046.139160 0.000000 2950.410645 0.000000 0.672438 0.000000 -0.740154 1.000000 1.000000 1.000000
6092.104004 0.000000 2949.015869 0.000000 0.697740 0.000000 -0.716351 1.000000 1.000000 1.000000
6047.297363 0.000000 3017.324463 0.000000 0.631478 0.000000 -0.775394 1.000000 1.000000 1.000000
6058.591309 0.000000 3008.736328 0.000000 0.627765 0.000000 -0.778403 1.000000 1.000000 1.000000
6016.960938 0.000000 3001.613281 0.000000 0.688882 0.000000 -0.724874 1.000000 1.000000 1.000000
6190.240234 0.000000 2385.846924 0.000000 0.737131 0.000000 -0.675750 1.000000 1.000000 1.000000
6173.635742 0.000000 2370.127197 0.000000 0.661507 0.000000 -0.749939 1.000000 1.000000 1.000000
6199.621094 0.000000 2456.709961 0.000000 0.455799 0.000000 -0.890083 1.000000 1.000000 1.000000
6145.610840 0.000000 2472.000244 0.000000 0.570659 0.000000 -0.821187 1.000000 1.000000 1.000000
6162.777344 0.000000 2466.098145 0.000000 0.494023 0.000000 -0.869449 1.000000 1.000000 1.000000
6160.787109 0.000000 2515.623779 0.000000 0.649522 0.000000 -0.760343 1.000000 1.000000 1.000000
6149.754883 0.000000 2568.346191 0.000000 0.700812 0.000000 -0.713346 1.000000 1.000000 1.000000
6306.417480 0.000000 2611.365723 0.000000 0.669924 0.000000 -0.742429 1.000000 1.000000 1.000000
6332.341797 0.000000 2635.357910 0.000000 0.459066 0.000000 -0.888402 1.000000 1.000000 1.000000
6282.579102 0.000000 2616.373047 0.000000 0.699847 0.000000 -0.714292 1.000000 1.000000 1.000000
6144.448242 0.000000 2692.513184 0.000000 0.603297 0.000000 -0.797517 1.000000 1.000000 1.000000
6190.910156 0.000000 2675.702637 0.000000 0.697902 0.000000 -0.716193 1.000000 1.000000 1.000000
6167.257324 0.000000 2664.169678 0.000000 0.710418 0.000000 -0.703780 1.000000 1.000000 1.000000
6165.012207 0.000000 2665.837646 0.000000 0.615556 0.000000 -0.788093 1.000000 1.000000 1.000000
6294.441895 0.000000 2689.526611 0.000000 0.605880 0.000000 -0.795556 1.000000 1.000000 1.000000
6336.229980 0.000000 2656.496094 0.000000 0.621791 0.000000 -0.783183 1.000000 1.000000 1.000000
6313.890137 0.000000 2723.274414 0.000000 0.704803 0.000000 -0.709404 1.000000 1.000000 1.000000
6355.477539 0.000000 2707.212891 0.000000 0.620046 0.000000 -0.784565 1.000000 1.000000 1.000000
6362.216797 0.000000 2719.337158 0.000000 0.591263 0.000000 -0.806479 1.000000 1.000000 1.000000
6181.962891 0.000000 2740.934326 0.000000 0.589876 0.000000 -0.807494 1.000000 1.000000 1.000000
6154.496094 0.000000 2820.440186 0.000000 0.741737 0.000000 -0.670690 1.000000 1.000000 1.000000
6313.342773 0.000000 2786.737549 0.000000 0.736802 0.000000 -0.676108 1.000000 1.000000 1.000000
6298.296875 0.000000 2783.069336 0.000000 0.450993 0.000000 -0.892527 1.000000 1.000000 1.000000
6300.887695 0.000000 2754.851074 0.000000 0.512249 0.000000 -0.858837 1.000000 1.000000 1.000000
6325.690918 0.000000 2753.720703 0.000000 0.698418 0.000000 -0.715690 1.000000 1.000000 1.000000
6309.743652 0.000000 2779.229980 0.000000 0.535407 0.000000 -0.844594 1.000000 1.000000 1.000000
6394.060059 0.000000 2766.749268 0.000000 0.581963 0.000000 -0.813216 1.000000 1.000000 1.000000
6353.118164 0.000000 2740.100098 0.000000 0.722152 0.000000 -0.691735 1.000000 1.000000 1.000000
6305.599121 0.000000 2791.303467 0.000000 0.740731 0.000000 -0.671801 1.000000 1.000000 1.000000
6422.495117 0.000000 2799.154785 0.000000 0.613593 0.000000 -0.789623 1.000000 1.000000 1.000000
6466.147461 0.000000 2826.359375 0.000000 0.646959 0.000000 -0.762524 1.000000 1.000000 1.000000
6495.573730 0.000000 2795.384766 0.000000 0.650009 0.000000 -0.759927 1.000000 1.000000 1.000000
6184.866699 0.000000 2871.042969 0.000000 0.444724 0.000000 -0.895668 1.000000 1.000000 1.000000
6179.625000 0.000000 2849.004150 0.000000 0.644603 0.000000 -0.764517 1.000000 1.000000 1.000000
6254.941406 0.000000 2919.606445 0.000000 0.645670 0.000000 -0.763616 1.000000 1.000000 1.000000
6313.950684 0.000000 2879.433838 0.000000 0.593503 0.000000 -0.804832 1.000000 1.000000 1.000000
6339.555176 0.000000 2842.399658 0.000000 0.705324 0.000000 -0.708885 1.000000 1.000000 1.000000
6204.034668 0.000000 2959.504395 0.000000 0.658390 0.000000 -0.752677 1.000000 1.000000 1.000000
6155.149414 0.000000 2951.462646 0.000000 0.652585 0.000000 -0.757715 1.000000 1.000000 1.000000
6248.066406 0.000000 2938.417969 0.000000 0.740742 0.000000 -0.671790 1.000000 1.000000 1.000000
6235.494629 0.000000 2942.697266 0.000000 0.481272 0.000000 -0.876571 1.000000 1.000000 1.000000
6251.868164 0.000000 2939.408447 0.000000 0.682150 0.000000 -0.731212 1.000000 1.000000 1.000000
6240.110840 0.000000 2971.768799 0.000000 0.547231 0.000000 -0.836982 1.000000 1.000000 1.000000
6249.062988 0.000000 2950.709961 0.000000 0.671323 0.000000 -0.741165 1.000000 1.000000 1.000000
6244.661621 0.000000 2960.307373 0.000000 0.679990 0.000000 -0.733221 1.000000 1.000000 1.000000
6147.020508 0.000000 2979.005371 0.000000 0.567289 0.000000 -0.823519 1.000000 1.000000 1.000000
6249.062988 0.000000 2997.952148 0.000000 0.743920 0.000000 -0.668269 1.000000 1.000000 1.000000
6239.989746 0.000000 2978.568359 0.000000 0.570212 0.000000 -0.821497 1.000000 1.000000 1.000000
6282.046387 0.000000 2965.902588 0.000000 0.697949 0.000000 -0.716147 1.000000 1.000000 1.000000
6277.684570 0.000000 2976.502197 0.000000 0.681394 0.000000 -0.731917 1.000000 1.000000 1.000000
6294.793945 0.000000 3014.161377 0.000000 0.702023 0.000000 -0.712154 1.000000 1.000000 1.000000
6411.260742 0.000000 2840.835938 0.000000 0.521746 0.000000 -0.853101 1.000000 1.000000 1.000000
6552.558594 0.000000 2863.432861 0.000000 0.572513 0.000000 -0.819896 1.000000 1.000000 1.000000
6641.805176 0.000000 2858.026367 0.000000 0.591391 0.000000 -0.806385 1.000000 1.000000 1.000000
6491.260742 0.000000 3014.715576 0.000000 0.561742 0.000000 -0.827312 1.000000 1.000000 1.000000
6753.797852 0.000000 2887.997314 0.000000 0.573033 0.000000 -0.819533 1.000000 1.000000 1.000000
4093.587646 0.000000 3161.567871 0.000000 0.564920 0.000000 -0.825146 1.000000 1.000000 1.000000
3339.034180 0.000000 4026.287354 0.000000 0.449804 0.000000 -0.893127 1.000000 1.000000 1.000000
4825.091797 0.000000 3439.958496 0.000000 0.563302 0.000000 -0.826251 1.000000 1.000000 1.000000
4905.927246 0.000000 3435.540527 0.000000 0.629613 0.000000 -0.776909 1.000000 1.000000 1.000000
5043.592285 0.000000 3589.474121 0.000000 0.655958 0.000000 -0.754797 1.000000 1.000000 1.000000
5070.162598 0.000000 3668.921631 0.000000 0.622576 0.000000 -0.782560 1.000000 1.000000 1.000000
5021.525879 0.000000 3722.200928 0.000000 0.502833 0.000000 -0.864384 1.000000 1.000000 1.000000
5071.723633 0.000000 3753.767578 0.000000 0.453714 0.000000 -0.891147 1.000000 1.000000 1.000000
5257.466309 0.000000 3159.762207 0.000000 0.535698 0.000000 -0.844409 1.000000 1.000000 1.000000
5604.927246 0.000000 3074.443848 0.000000 0.681875 0.000000 -0.731468 1.000000 1.000000 1.000000
5677.891113 0.000000 3049.760010 0.000000 0.730372 0.000000 -0.683050 1.000000 1.000000 1.000000
5658.483398 0.000000 3094.401611 0.000000 0.665634 0.000000 -0.746278 1.000000 1.000000 1.000000
6019.041504 0.000000 3034.479248 0.000000 0.586997 0.000000 -0.809589 1.000000 1.000000 1.000000
6101.128418 0.000000 3051.032959 0.000000 0.613319 0.000000 -0.789835 1.000000 1.000000 1.000000
5677.181641 0.000000 3347.473633 0.000000 0.740330 0.000000 -0.672244 1.000000 1.000000 1.000000
5993.687012 0.000000 3313.324463 0.000000 0.710767 0.000000 -0.703427 1.000000 1.000000 1.000000
5134.171387 0.000000 3741.419189 0.000000 0.561692 0.000000 -0.827347 1.000000 1.000000 1.000000
5793.052246 0.000000 3732.413818 0.000000 0.682481 0.000000 -0.730903 1.000000 1.000000 1.000000
4606.965820 0.000000 3861.868652 0.000000 0.725067 0.000000 -0.688679 1.000000 1.000000 1.000000
5011.707520 0.000000 3805.216309 0.000000 0.592233 0.000000 -0.805766 1.000000 1.000000 1.000000
5241.062012 0.000000 3818.522217 0.000000 0.645923 0.000000 -0.763403 1.000000 1.000000 1.000000
5289.880371 0.000000 3907.962402 0.000000 0.451463 0.000000 -0.892290 1.000000 1.000000 1.000000
5932.949219 0.000000 3780.248047 0.000000 0.642904 0.000000 -0.765947 1.000000 1.000000 1.000000
5883.135254 0.000000 4031.373047 0.000000 0.520848 0.000000 -0.853650 1.000000 1.000000 1.000000
6154.690918 0.000000 3034.201416 0.000000 0.707735 0.000000 -0.706478 1.000000 1.000000 1.000000
6236.661133 0.000000 3024.968750 0.000000 0.637718 0.000000 -0.770270 1.000000 1.000000 1.000000
6344.182617 0.000000 3182.939941 0.000000 0.472616 0.000000 -0.881268 1.000000 1.000000 1.000000
6532.504395 0.000000 3036.361328 0.000000 0.449932 0.000000 -0.893063 1.000000 1.000000 1.000000
6630.630371 0.000000 3168.706299 0.000000 0.737603 0.000000 -0.675235 1.000000 1.000000 1.000000
6443.380859 0.000000 3218.186035 0.000000 0.487892 0.000000 -0.872904 1.000000 1.000000 1.000000
6427.457031 0.000000 3223.962402 0.000000 0.459186 0.000000 -0.888340 1.000000 1.000000 1.000000
6470.862793 0.000000 3224.484375 0.000000 0.585379 0.000000 -0.810760 1.000000 1.000000 1.000000
6481.015625 0.000000 3305.375488 0.000000 0.691020 0.000000 -0.722836 1.000000 1.000000 1.000000
6483.458496 0.000000 3305.525146 0.000000 0.741428 0.000000 -0.671033 1.000000 1.000000 1.000000
6467.321777 0.000000 3371.999268 0.000000 0.707247 0.000000 -0.706967 1.000000 1.000000 1.000000
6528.221191 0.000000 3329.874512 0.000000 0.529381 0.000000 -0.848384 1.000000 1.000000 1.000000
6532.421875 0.000000 3327.305664 0.000000 0.730127 0.000000 -0.683311 1.000000 1.000000 1.000000
6821.090820 0.000000 3239.030029 0.000000 0.635760 0.000000 -0.771887 1.000000 1.000000 1.000000
"}
object={
	name="tree_savanna_generator_1_7"
	render_pass=Map
	clamp_to_water_level=no
	generated_content=yes
	layer="tree_high_layer"
	pdxmesh="tree_baobab_02_mesh"
	count=146
	transform="3960.163330 0.000000 752.910156 0.000000 0.394525 0.000000 -0.918885 1.000000 1.000000 1.000000
3996.752686 0.000000 788.702637 0.000000 0.376533 0.000000 -0.926403 1.000000 1.000000 1.000000
3997.813477 0.000000 775.560730 0.000000 0.400690 0.000000 -0.916214 1.000000 1.000000 1.000000
3983.489502 0.000000 804.844482 0.000000 0.398770 0.000000 -0.917051 1.000000 1.000000 1.000000
3992.750488 0.000000 839.293823 0.000000 0.436720 0.000000 -0.899597 1.000000 1.000000 1.000000
3926.838623 0.000000 1206.576904 0.000000 0.406340 0.000000 -0.913722 1.000000 1.000000 1.000000
4085.154297 0.000000 1278.810425 0.000000 0.401503 0.000000 -0.915858 1.000000 1.000000 1.000000
4094.271240 0.000000 1284.691650 0.000000 0.423423 0.000000 -0.905932 1.000000 1.000000 1.000000
3838.373779 0.000000 2261.798340 0.000000 0.418578 0.000000 -0.908181 1.000000 1.000000 1.000000
3957.353760 0.000000 2195.079102 0.000000 0.425144 0.000000 -0.905126 1.000000 1.000000 1.000000
3464.533691 0.000000 2568.791504 0.000000 0.410783 0.000000 -0.911733 1.000000 1.000000 1.000000
3511.063232 0.000000 2592.699219 0.000000 0.405763 0.000000 -0.913978 1.000000 1.000000 1.000000
3569.813477 0.000000 2595.114990 0.000000 0.422584 0.000000 -0.906324 1.000000 1.000000 1.000000
3573.400635 0.000000 2573.016602 0.000000 0.403479 0.000000 -0.914989 1.000000 1.000000 1.000000
3456.749268 0.000000 2625.137451 0.000000 0.384438 0.000000 -0.923151 1.000000 1.000000 1.000000
3662.730957 0.000000 2432.936279 0.000000 0.379754 0.000000 -0.925088 1.000000 1.000000 1.000000
3924.489746 0.000000 2311.221436 0.000000 0.420560 0.000000 -0.907265 1.000000 1.000000 1.000000
3702.322754 0.000000 2503.166748 0.000000 0.443064 0.000000 -0.896490 1.000000 1.000000 1.000000
3686.267334 0.000000 2504.723389 0.000000 0.422486 0.000000 -0.906369 1.000000 1.000000 1.000000
3754.409668 0.000000 2530.819336 0.000000 0.424724 0.000000 -0.905323 1.000000 1.000000 1.000000
3759.489502 0.000000 2519.535400 0.000000 0.428280 0.000000 -0.903646 1.000000 1.000000 1.000000
3686.989258 0.000000 2554.557861 0.000000 0.393505 0.000000 -0.919322 1.000000 1.000000 1.000000
3836.471191 0.000000 2591.030273 0.000000 0.443685 0.000000 -0.896183 1.000000 1.000000 1.000000
3839.059082 0.000000 2586.329590 0.000000 0.405999 0.000000 -0.913874 1.000000 1.000000 1.000000
3838.492676 0.000000 2588.011230 0.000000 0.386682 0.000000 -0.922213 1.000000 1.000000 1.000000
3408.693115 0.000000 2688.024414 0.000000 0.418472 0.000000 -0.908230 1.000000 1.000000 1.000000
3414.138916 0.000000 2686.303223 0.000000 0.387160 0.000000 -0.922013 1.000000 1.000000 1.000000
3415.593018 0.000000 2664.169678 0.000000 0.374154 0.000000 -0.927367 1.000000 1.000000 1.000000
3539.829834 0.000000 2834.646240 0.000000 0.421033 0.000000 -0.907045 1.000000 1.000000 1.000000
3933.658447 0.000000 2871.841553 0.000000 0.414053 0.000000 -0.910253 1.000000 1.000000 1.000000
4104.699707 0.000000 731.108948 0.000000 0.410077 0.000000 -0.912051 1.000000 1.000000 1.000000
4144.460938 0.000000 844.408508 0.000000 0.440011 0.000000 -0.897992 1.000000 1.000000 1.000000
4100.801270 0.000000 863.220642 0.000000 0.431247 0.000000 -0.902234 1.000000 1.000000 1.000000
4247.857910 0.000000 928.935242 0.000000 0.403287 0.000000 -0.915074 1.000000 1.000000 1.000000
4127.833008 0.000000 1213.815796 0.000000 0.416433 0.000000 -0.909166 1.000000 1.000000 1.000000
4124.951660 0.000000 1220.766357 0.000000 0.438049 0.000000 -0.898951 1.000000 1.000000 1.000000
4119.873535 0.000000 1306.872803 0.000000 0.435993 0.000000 -0.899950 1.000000 1.000000 1.000000
4116.608887 0.000000 1306.895020 0.000000 0.377482 0.000000 -0.926017 1.000000 1.000000 1.000000
5332.317871 0.000000 988.440002 0.000000 0.406608 0.000000 -0.913603 1.000000 1.000000 1.000000
5357.220703 0.000000 985.364197 0.000000 0.411719 0.000000 -0.911311 1.000000 1.000000 1.000000
5344.115234 0.000000 1062.043457 0.000000 0.387498 0.000000 -0.921870 1.000000 1.000000 1.000000
5406.438477 0.000000 960.349976 0.000000 0.429363 0.000000 -0.903132 1.000000 1.000000 1.000000
5410.787109 0.000000 1023.661804 0.000000 0.397434 0.000000 -0.917631 1.000000 1.000000 1.000000
5497.171387 0.000000 1008.491821 0.000000 0.438396 0.000000 -0.898782 1.000000 1.000000 1.000000
5431.678711 0.000000 1061.669434 0.000000 0.390647 0.000000 -0.920540 1.000000 1.000000 1.000000
5405.635742 0.000000 1083.114136 0.000000 0.415745 0.000000 -0.909481 1.000000 1.000000 1.000000
5120.393066 0.000000 1345.702515 0.000000 0.415382 0.000000 -0.909647 1.000000 1.000000 1.000000
4474.078613 0.000000 1737.309204 0.000000 0.438225 0.000000 -0.898865 1.000000 1.000000 1.000000
4516.526367 0.000000 1734.846191 0.000000 0.402494 0.000000 -0.915422 1.000000 1.000000 1.000000
4479.822266 0.000000 1778.318359 0.000000 0.374245 0.000000 -0.927330 1.000000 1.000000 1.000000
4488.653320 0.000000 1770.437134 0.000000 0.414220 0.000000 -0.910177 1.000000 1.000000 1.000000
4499.712891 0.000000 1795.317993 0.000000 0.433279 0.000000 -0.901260 1.000000 1.000000 1.000000
4507.721191 0.000000 1795.323242 0.000000 0.392530 0.000000 -0.919739 1.000000 1.000000 1.000000
4543.226074 0.000000 1807.529663 0.000000 0.418751 0.000000 -0.908101 1.000000 1.000000 1.000000
4592.740723 0.000000 1834.256470 0.000000 0.391455 0.000000 -0.920197 1.000000 1.000000 1.000000
4598.630371 0.000000 1840.208862 0.000000 0.381032 0.000000 -0.924562 1.000000 1.000000 1.000000
4764.659180 0.000000 1639.062134 0.000000 0.441964 0.000000 -0.897033 1.000000 1.000000 1.000000
4928.401855 0.000000 1617.167725 0.000000 0.421295 0.000000 -0.906923 1.000000 1.000000 1.000000
4886.262695 0.000000 1688.823486 0.000000 0.427492 0.000000 -0.904019 1.000000 1.000000 1.000000
4959.889648 0.000000 1668.237305 0.000000 0.410353 0.000000 -0.911927 1.000000 1.000000 1.000000
5076.349121 0.000000 1649.830688 0.000000 0.435195 0.000000 -0.900336 1.000000 1.000000 1.000000
5101.185059 0.000000 1674.940430 0.000000 0.404648 0.000000 -0.914473 1.000000 1.000000 1.000000
4677.110352 0.000000 1772.771973 0.000000 0.437838 0.000000 -0.899054 1.000000 1.000000 1.000000
4855.105957 0.000000 1708.119141 0.000000 0.387370 0.000000 -0.921924 1.000000 1.000000 1.000000
4662.205566 0.000000 1889.018188 0.000000 0.402942 0.000000 -0.915226 1.000000 1.000000 1.000000
4635.968750 0.000000 1851.785522 0.000000 0.419818 0.000000 -0.907609 1.000000 1.000000 1.000000
4770.558594 0.000000 1852.136353 0.000000 0.425569 0.000000 -0.904926 1.000000 1.000000 1.000000
4964.430664 0.000000 1766.361450 0.000000 0.423426 0.000000 -0.905931 1.000000 1.000000 1.000000
5064.338867 0.000000 1718.432007 0.000000 0.395416 0.000000 -0.918502 1.000000 1.000000 1.000000
5025.773438 0.000000 1829.275757 0.000000 0.374807 0.000000 -0.927103 1.000000 1.000000 1.000000
5061.689941 0.000000 1888.444824 0.000000 0.414545 0.000000 -0.910029 1.000000 1.000000 1.000000
4445.596191 0.000000 1926.997559 0.000000 0.381860 0.000000 -0.924220 1.000000 1.000000 1.000000
4252.669922 0.000000 2133.374756 0.000000 0.393703 0.000000 -0.919238 1.000000 1.000000 1.000000
4390.903809 0.000000 2082.135986 0.000000 0.388056 0.000000 -0.921636 1.000000 1.000000 1.000000
4447.492676 0.000000 2119.722900 0.000000 0.431454 0.000000 -0.902135 1.000000 1.000000 1.000000
4455.523438 0.000000 2093.021729 0.000000 0.429434 0.000000 -0.903098 1.000000 1.000000 1.000000
4542.288574 0.000000 2111.146729 0.000000 0.426438 0.000000 -0.904517 1.000000 1.000000 1.000000
4516.707031 0.000000 2114.634766 0.000000 0.423596 0.000000 -0.905851 1.000000 1.000000 1.000000
4564.640625 0.000000 2111.531006 0.000000 0.375224 0.000000 -0.926934 1.000000 1.000000 1.000000
4577.676270 0.000000 2107.043701 0.000000 0.408536 0.000000 -0.912742 1.000000 1.000000 1.000000
4570.142578 0.000000 2115.833252 0.000000 0.438845 0.000000 -0.898563 1.000000 1.000000 1.000000
4497.586426 0.000000 2161.880615 0.000000 0.382932 0.000000 -0.923776 1.000000 1.000000 1.000000
4615.696777 0.000000 1895.085083 0.000000 0.418069 0.000000 -0.908415 1.000000 1.000000 1.000000
4640.306152 0.000000 2074.167236 0.000000 0.435000 0.000000 -0.900430 1.000000 1.000000 1.000000
4645.286621 0.000000 2039.631592 0.000000 0.440201 0.000000 -0.897899 1.000000 1.000000 1.000000
5096.207031 0.000000 1946.331909 0.000000 0.421642 0.000000 -0.906762 1.000000 1.000000 1.000000
5077.641113 0.000000 1966.648071 0.000000 0.383897 0.000000 -0.923376 1.000000 1.000000 1.000000
5096.263672 0.000000 2000.114990 0.000000 0.394625 0.000000 -0.918842 1.000000 1.000000 1.000000
4617.000977 0.000000 2082.933105 0.000000 0.373931 0.000000 -0.927456 1.000000 1.000000 1.000000
4661.067383 0.000000 2121.014893 0.000000 0.419747 0.000000 -0.907641 1.000000 1.000000 1.000000
4652.113281 0.000000 2094.214600 0.000000 0.381419 0.000000 -0.924402 1.000000 1.000000 1.000000
4611.213379 0.000000 2136.877686 0.000000 0.419415 0.000000 -0.907795 1.000000 1.000000 1.000000
5313.183105 0.000000 1655.982422 0.000000 0.394754 0.000000 -0.918787 1.000000 1.000000 1.000000
5236.247070 0.000000 1795.744385 0.000000 0.443406 0.000000 -0.896321 1.000000 1.000000 1.000000
5224.765625 0.000000 1908.696899 0.000000 0.412184 0.000000 -0.911101 1.000000 1.000000 1.000000
5265.358398 0.000000 1920.948120 0.000000 0.440208 0.000000 -0.897896 1.000000 1.000000 1.000000
5343.055176 0.000000 1926.112183 0.000000 0.395052 0.000000 -0.918659 1.000000 1.000000 1.000000
5296.136719 0.000000 1960.106689 0.000000 0.426625 0.000000 -0.904429 1.000000 1.000000 1.000000
5492.783691 0.000000 1952.626831 0.000000 0.380093 0.000000 -0.924948 1.000000 1.000000 1.000000
5401.328125 0.000000 1998.803589 0.000000 0.390601 0.000000 -0.920560 1.000000 1.000000 1.000000
5484.235352 0.000000 2049.241211 0.000000 0.409906 0.000000 -0.912128 1.000000 1.000000 1.000000
5190.681152 0.000000 2118.270752 0.000000 0.411013 0.000000 -0.911629 1.000000 1.000000 1.000000
5212.696777 0.000000 2084.822266 0.000000 0.399908 0.000000 -0.916555 1.000000 1.000000 1.000000
5495.027832 0.000000 2133.299072 0.000000 0.406628 0.000000 -0.913594 1.000000 1.000000 1.000000
4918.947754 0.000000 2475.596680 0.000000 0.440955 0.000000 -0.897529 1.000000 1.000000 1.000000
5128.477051 0.000000 2456.643066 0.000000 0.376863 0.000000 -0.926269 1.000000 1.000000 1.000000
5155.128418 0.000000 2491.742920 0.000000 0.402584 0.000000 -0.915383 1.000000 1.000000 1.000000
5657.527344 0.000000 2426.759033 0.000000 0.382718 0.000000 -0.923865 1.000000 1.000000 1.000000
5636.872070 0.000000 2418.072266 0.000000 0.401854 0.000000 -0.915704 1.000000 1.000000 1.000000
5911.608887 0.000000 2371.061035 0.000000 0.402979 0.000000 -0.915209 1.000000 1.000000 1.000000
6011.119629 0.000000 2377.896484 0.000000 0.431385 0.000000 -0.902168 1.000000 1.000000 1.000000
6050.331543 0.000000 2408.644531 0.000000 0.391694 0.000000 -0.920095 1.000000 1.000000 1.000000
5718.581055 0.000000 2468.459473 0.000000 0.437383 0.000000 -0.899275 1.000000 1.000000 1.000000
5727.619629 0.000000 2508.317383 0.000000 0.434934 0.000000 -0.900463 1.000000 1.000000 1.000000
5827.413574 0.000000 2502.030762 0.000000 0.405072 0.000000 -0.914285 1.000000 1.000000 1.000000
5779.544434 0.000000 2596.892334 0.000000 0.406554 0.000000 -0.913627 1.000000 1.000000 1.000000
6055.576172 0.000000 2458.416748 0.000000 0.417156 0.000000 -0.908835 1.000000 1.000000 1.000000
6129.501465 0.000000 2547.872803 0.000000 0.410415 0.000000 -0.911899 1.000000 1.000000 1.000000
5988.456055 0.000000 2641.924072 0.000000 0.436685 0.000000 -0.899615 1.000000 1.000000 1.000000
6094.434082 0.000000 2574.662842 0.000000 0.405992 0.000000 -0.913877 1.000000 1.000000 1.000000
5653.183105 0.000000 2720.337646 0.000000 0.432420 0.000000 -0.901672 1.000000 1.000000 1.000000
5893.786133 0.000000 2662.830566 0.000000 0.380494 0.000000 -0.924783 1.000000 1.000000 1.000000
5806.639160 0.000000 2948.079346 0.000000 0.405653 0.000000 -0.914027 1.000000 1.000000 1.000000
5908.612305 0.000000 2936.673828 0.000000 0.411033 0.000000 -0.911620 1.000000 1.000000 1.000000
5999.637695 0.000000 2933.209961 0.000000 0.393601 0.000000 -0.919281 1.000000 1.000000 1.000000
5958.925293 0.000000 2988.273438 0.000000 0.379673 0.000000 -0.925121 1.000000 1.000000 1.000000
6019.594238 0.000000 2936.884033 0.000000 0.377141 0.000000 -0.926156 1.000000 1.000000 1.000000
6019.363770 0.000000 2998.644287 0.000000 0.411258 0.000000 -0.911519 1.000000 1.000000 1.000000
6161.990234 0.000000 2451.469727 0.000000 0.405703 0.000000 -0.914005 1.000000 1.000000 1.000000
6165.510742 0.000000 2517.898438 0.000000 0.414768 0.000000 -0.909927 1.000000 1.000000 1.000000
6191.544922 0.000000 2673.422852 0.000000 0.407552 0.000000 -0.913182 1.000000 1.000000 1.000000
6164.551270 0.000000 2821.940430 0.000000 0.375405 0.000000 -0.926861 1.000000 1.000000 1.000000
6397.717773 0.000000 2769.364746 0.000000 0.405450 0.000000 -0.914117 1.000000 1.000000 1.000000
6185.864746 0.000000 2870.016602 0.000000 0.437855 0.000000 -0.899046 1.000000 1.000000 1.000000
6267.413086 0.000000 2934.546631 0.000000 0.404357 0.000000 -0.914601 1.000000 1.000000 1.000000
6507.373047 0.000000 2840.248535 0.000000 0.387326 0.000000 -0.921943 1.000000 1.000000 1.000000
6492.404785 0.000000 2884.867432 0.000000 0.418439 0.000000 -0.908245 1.000000 1.000000 1.000000
6774.721191 0.000000 2853.534180 0.000000 0.383674 0.000000 -0.923469 1.000000 1.000000 1.000000
4923.801270 0.000000 3752.591064 0.000000 0.379273 0.000000 -0.925285 1.000000 1.000000 1.000000
5920.149902 0.000000 3113.495361 0.000000 0.411702 0.000000 -0.911318 1.000000 1.000000 1.000000
6478.695801 0.000000 3304.528320 0.000000 0.378918 0.000000 -0.925430 1.000000 1.000000 1.000000
6479.185059 0.000000 3308.680664 0.000000 0.375964 0.000000 -0.926634 1.000000 1.000000 1.000000
6656.247070 0.000000 3201.535156 0.000000 0.435919 0.000000 -0.899986 1.000000 1.000000 1.000000
6656.462402 0.000000 3198.392090 0.000000 0.402372 0.000000 -0.915476 1.000000 1.000000 1.000000
6839.345703 0.000000 3175.819336 0.000000 0.404437 0.000000 -0.914566 1.000000 1.000000 1.000000
6815.505371 0.000000 3292.472168 0.000000 0.377564 0.000000 -0.925983 1.000000 1.000000 1.000000
"}
object={
	name="tree_savanna_generator_1_8"
	render_pass=Map
	clamp_to_water_level=no
	generated_content=yes
	layer="tree_high_layer"
	pdxmesh="tree_baobab_03_mesh"
	count=327
	transform="3940.974609 0.000000 666.905334 0.000000 0.358212 0.000000 -0.933640 1.000000 1.000000 1.000000
3926.838623 0.000000 734.154968 0.000000 0.328770 0.000000 -0.944410 1.000000 1.000000 1.000000
3929.201172 0.000000 794.395752 0.000000 0.371046 0.000000 -0.928615 1.000000 1.000000 1.000000
3949.325439 0.000000 824.580994 0.000000 0.237205 0.000000 -0.971460 1.000000 1.000000 1.000000
3968.713623 0.000000 802.825439 0.000000 0.330518 0.000000 -0.943800 1.000000 1.000000 1.000000
3978.761230 0.000000 789.025879 0.000000 0.192765 0.000000 -0.981245 1.000000 1.000000 1.000000
4061.350098 0.000000 772.469971 0.000000 0.313552 0.000000 -0.949571 1.000000 1.000000 1.000000
3990.371826 0.000000 838.464111 0.000000 0.318134 0.000000 -0.948046 1.000000 1.000000 1.000000
4069.953613 0.000000 966.651367 0.000000 0.337101 0.000000 -0.941468 1.000000 1.000000 1.000000
4072.388428 0.000000 1055.271240 0.000000 0.369093 0.000000 -0.929392 1.000000 1.000000 1.000000
3968.533203 0.000000 1156.733765 0.000000 0.318080 0.000000 -0.948064 1.000000 1.000000 1.000000
3991.737305 0.000000 1179.997559 0.000000 0.364861 0.000000 -0.931062 1.000000 1.000000 1.000000
4087.693115 0.000000 1217.247681 0.000000 0.337393 0.000000 -0.941364 1.000000 1.000000 1.000000
4059.760010 0.000000 1241.978394 0.000000 0.299933 0.000000 -0.953960 1.000000 1.000000 1.000000
4076.214844 0.000000 1313.417847 0.000000 0.347177 0.000000 -0.937800 1.000000 1.000000 1.000000
4090.405029 0.000000 1323.718384 0.000000 0.267869 0.000000 -0.963455 1.000000 1.000000 1.000000
3812.737305 0.000000 1997.034424 0.000000 0.240923 0.000000 -0.970544 1.000000 1.000000 1.000000
3833.452637 0.000000 2041.365479 0.000000 0.297542 0.000000 -0.954709 1.000000 1.000000 1.000000
3840.810303 0.000000 2049.249023 0.000000 0.321143 0.000000 -0.947031 1.000000 1.000000 1.000000
3768.186768 0.000000 2170.176025 0.000000 0.281102 0.000000 -0.959678 1.000000 1.000000 1.000000
3953.250732 0.000000 2162.253174 0.000000 0.353020 0.000000 -0.935616 1.000000 1.000000 1.000000
3929.738037 0.000000 2190.548096 0.000000 0.305675 0.000000 -0.952136 1.000000 1.000000 1.000000
3856.685303 0.000000 2254.821533 0.000000 0.211158 0.000000 -0.977452 1.000000 1.000000 1.000000
3520.587891 0.000000 2573.999512 0.000000 0.249487 0.000000 -0.968378 1.000000 1.000000 1.000000
3482.749023 0.000000 2621.979736 0.000000 0.295132 0.000000 -0.955457 1.000000 1.000000 1.000000
3685.389648 0.000000 2360.051025 0.000000 0.274120 0.000000 -0.961696 1.000000 1.000000 1.000000
3634.104492 0.000000 2402.448242 0.000000 0.371372 0.000000 -0.928484 1.000000 1.000000 1.000000
3706.308594 0.000000 2383.994141 0.000000 0.194669 0.000000 -0.980869 1.000000 1.000000 1.000000
3659.113281 0.000000 2409.260742 0.000000 0.236296 0.000000 -0.971681 1.000000 1.000000 1.000000
3599.902832 0.000000 2430.986328 0.000000 0.329785 0.000000 -0.944056 1.000000 1.000000 1.000000
3644.584717 0.000000 2435.347900 0.000000 0.230364 0.000000 -0.973105 1.000000 1.000000 1.000000
3646.478760 0.000000 2434.965088 0.000000 0.200011 0.000000 -0.979794 1.000000 1.000000 1.000000
3950.026611 0.000000 2360.157227 0.000000 0.336884 0.000000 -0.941546 1.000000 1.000000 1.000000
3680.301758 0.000000 2458.904297 0.000000 0.207768 0.000000 -0.978178 1.000000 1.000000 1.000000
3687.306152 0.000000 2464.262939 0.000000 0.259357 0.000000 -0.965782 1.000000 1.000000 1.000000
3697.797852 0.000000 2547.872803 0.000000 0.286167 0.000000 -0.958180 1.000000 1.000000 1.000000
3737.761475 0.000000 2474.001221 0.000000 0.230210 0.000000 -0.973141 1.000000 1.000000 1.000000
3731.983398 0.000000 2460.479004 0.000000 0.258382 0.000000 -0.966043 1.000000 1.000000 1.000000
3763.069092 0.000000 2534.774658 0.000000 0.330488 0.000000 -0.943810 1.000000 1.000000 1.000000
3642.619385 0.000000 2596.956299 0.000000 0.301107 0.000000 -0.953590 1.000000 1.000000 1.000000
3645.642334 0.000000 2594.661621 0.000000 0.221724 0.000000 -0.975109 1.000000 1.000000 1.000000
3681.310059 0.000000 2551.359131 0.000000 0.364065 0.000000 -0.931374 1.000000 1.000000 1.000000
3666.670898 0.000000 2567.983398 0.000000 0.236841 0.000000 -0.971548 1.000000 1.000000 1.000000
3823.240723 0.000000 2590.840088 0.000000 0.270047 0.000000 -0.962847 1.000000 1.000000 1.000000
3467.998047 0.000000 2754.977539 0.000000 0.223083 0.000000 -0.974799 1.000000 1.000000 1.000000
3465.371094 0.000000 2785.786621 0.000000 0.368917 0.000000 -0.929463 1.000000 1.000000 1.000000
3456.655029 0.000000 2740.946533 0.000000 0.340369 0.000000 -0.940292 1.000000 1.000000 1.000000
3461.137207 0.000000 2748.767578 0.000000 0.282024 0.000000 -0.959407 1.000000 1.000000 1.000000
3513.491699 0.000000 2797.240479 0.000000 0.255656 0.000000 -0.966768 1.000000 1.000000 1.000000
3525.129395 0.000000 2796.009766 0.000000 0.242854 0.000000 -0.970063 1.000000 1.000000 1.000000
3514.803955 0.000000 2847.729736 0.000000 0.343982 0.000000 -0.938976 1.000000 1.000000 1.000000
3544.925537 0.000000 2863.432861 0.000000 0.283560 0.000000 -0.958954 1.000000 1.000000 1.000000
3543.334717 0.000000 2842.318359 0.000000 0.281576 0.000000 -0.959539 1.000000 1.000000 1.000000
3552.061035 0.000000 2896.534180 0.000000 0.221520 0.000000 -0.975156 1.000000 1.000000 1.000000
3603.855957 0.000000 2892.374756 0.000000 0.278778 0.000000 -0.960356 1.000000 1.000000 1.000000
3616.773926 0.000000 2906.342285 0.000000 0.287794 0.000000 -0.957692 1.000000 1.000000 1.000000
4200.286621 0.000000 797.080566 0.000000 0.332900 0.000000 -0.942962 1.000000 1.000000 1.000000
4166.356934 0.000000 952.199585 0.000000 0.317168 0.000000 -0.948369 1.000000 1.000000 1.000000
5061.907715 0.000000 778.314026 0.000000 0.367134 0.000000 -0.930168 1.000000 1.000000 1.000000
4129.287109 0.000000 1221.056885 0.000000 0.347250 0.000000 -0.937773 1.000000 1.000000 1.000000
4129.882324 0.000000 1215.127319 0.000000 0.202989 0.000000 -0.979181 1.000000 1.000000 1.000000
4112.607422 0.000000 1223.516479 0.000000 0.360655 0.000000 -0.932699 1.000000 1.000000 1.000000
4127.024414 0.000000 1215.791870 0.000000 0.243727 0.000000 -0.969844 1.000000 1.000000 1.000000
4112.099609 0.000000 1245.422241 0.000000 0.219956 0.000000 -0.975510 1.000000 1.000000 1.000000
4109.694824 0.000000 1240.597412 0.000000 0.322510 0.000000 -0.946566 1.000000 1.000000 1.000000
4107.936035 0.000000 1240.494629 0.000000 0.271315 0.000000 -0.962491 1.000000 1.000000 1.000000
4125.175781 0.000000 1285.378540 0.000000 0.363121 0.000000 -0.931742 1.000000 1.000000 1.000000
4117.758301 0.000000 1305.257446 0.000000 0.328809 0.000000 -0.944396 1.000000 1.000000 1.000000
4102.439453 0.000000 1313.649902 0.000000 0.331601 0.000000 -0.943420 1.000000 1.000000 1.000000
5110.150879 0.000000 1227.627563 0.000000 0.295702 0.000000 -0.955280 1.000000 1.000000 1.000000
5111.753906 0.000000 1228.413086 0.000000 0.258131 0.000000 -0.966110 1.000000 1.000000 1.000000
5091.272461 0.000000 1270.826782 0.000000 0.352065 0.000000 -0.935976 1.000000 1.000000 1.000000
5118.812988 0.000000 1291.847656 0.000000 0.196452 0.000000 -0.980513 1.000000 1.000000 1.000000
5115.727539 0.000000 1303.816650 0.000000 0.348941 0.000000 -0.937145 1.000000 1.000000 1.000000
5315.390137 0.000000 979.090271 0.000000 0.373408 0.000000 -0.927667 1.000000 1.000000 1.000000
5296.815918 0.000000 1006.699707 0.000000 0.208627 0.000000 -0.977995 1.000000 1.000000 1.000000
5370.577637 0.000000 1005.284241 0.000000 0.214709 0.000000 -0.976678 1.000000 1.000000 1.000000
5346.769043 0.000000 1008.140747 0.000000 0.217501 0.000000 -0.976060 1.000000 1.000000 1.000000
5325.546387 0.000000 1051.628662 0.000000 0.286784 0.000000 -0.957995 1.000000 1.000000 1.000000
5267.619141 0.000000 1086.685181 0.000000 0.253487 0.000000 -0.967339 1.000000 1.000000 1.000000
5403.611816 0.000000 992.205994 0.000000 0.242649 0.000000 -0.970114 1.000000 1.000000 1.000000
5429.174316 0.000000 1014.024292 0.000000 0.323812 0.000000 -0.946122 1.000000 1.000000 1.000000
5436.451172 0.000000 1029.123291 0.000000 0.246940 0.000000 -0.969031 1.000000 1.000000 1.000000
5407.677246 0.000000 1024.847046 0.000000 0.259518 0.000000 -0.965738 1.000000 1.000000 1.000000
5468.529785 0.000000 995.179871 0.000000 0.215587 0.000000 -0.976485 1.000000 1.000000 1.000000
5468.754883 0.000000 993.554565 0.000000 0.356757 0.000000 -0.934197 1.000000 1.000000 1.000000
5451.358887 0.000000 1036.583496 0.000000 0.204309 0.000000 -0.978907 1.000000 1.000000 1.000000
5425.953613 0.000000 1062.822998 0.000000 0.193503 0.000000 -0.981100 1.000000 1.000000 1.000000
5389.286133 0.000000 1043.257446 0.000000 0.211035 0.000000 -0.977479 1.000000 1.000000 1.000000
5430.611328 0.000000 1060.151611 0.000000 0.244011 0.000000 -0.969772 1.000000 1.000000 1.000000
5462.928711 0.000000 1042.003174 0.000000 0.318640 0.000000 -0.947876 1.000000 1.000000 1.000000
5279.674316 0.000000 1138.293823 0.000000 0.262915 0.000000 -0.964819 1.000000 1.000000 1.000000
5288.757812 0.000000 1152.821899 0.000000 0.216396 0.000000 -0.976306 1.000000 1.000000 1.000000
5278.347168 0.000000 1157.046021 0.000000 0.207753 0.000000 -0.978181 1.000000 1.000000 1.000000
5120.362793 0.000000 1330.865601 0.000000 0.207670 0.000000 -0.978199 1.000000 1.000000 1.000000
4499.163086 0.000000 1694.175903 0.000000 0.309601 0.000000 -0.950867 1.000000 1.000000 1.000000
4436.656250 0.000000 1733.593506 0.000000 0.213997 0.000000 -0.976834 1.000000 1.000000 1.000000
4517.899414 0.000000 1722.526367 0.000000 0.337302 0.000000 -0.941397 1.000000 1.000000 1.000000
4495.427246 0.000000 1749.688232 0.000000 0.361515 0.000000 -0.932366 1.000000 1.000000 1.000000
4481.407715 0.000000 1776.791992 0.000000 0.346175 0.000000 -0.938170 1.000000 1.000000 1.000000
4394.185059 0.000000 1840.105713 0.000000 0.288782 0.000000 -0.957395 1.000000 1.000000 1.000000
4455.879395 0.000000 1819.847656 0.000000 0.295227 0.000000 -0.955427 1.000000 1.000000 1.000000
4378.639648 0.000000 1866.104614 0.000000 0.279055 0.000000 -0.960275 1.000000 1.000000 1.000000
4401.712402 0.000000 1886.482056 0.000000 0.337360 0.000000 -0.941376 1.000000 1.000000 1.000000
4401.641113 0.000000 1855.425049 0.000000 0.326301 0.000000 -0.945266 1.000000 1.000000 1.000000
4380.335449 0.000000 1864.448120 0.000000 0.269383 0.000000 -0.963033 1.000000 1.000000 1.000000
4433.346191 0.000000 1846.347168 0.000000 0.226506 0.000000 -0.974010 1.000000 1.000000 1.000000
4480.732422 0.000000 1813.037964 0.000000 0.220327 0.000000 -0.975426 1.000000 1.000000 1.000000
4517.689453 0.000000 1809.512085 0.000000 0.219484 0.000000 -0.975616 1.000000 1.000000 1.000000
4600.473145 0.000000 1841.195679 0.000000 0.260147 0.000000 -0.965569 1.000000 1.000000 1.000000
4601.284668 0.000000 1842.565186 0.000000 0.230549 0.000000 -0.973061 1.000000 1.000000 1.000000
4662.979004 0.000000 1672.479492 0.000000 0.225357 0.000000 -0.974276 1.000000 1.000000 1.000000
4703.920898 0.000000 1668.237305 0.000000 0.202273 0.000000 -0.979329 1.000000 1.000000 1.000000
4674.366211 0.000000 1692.546875 0.000000 0.207453 0.000000 -0.978245 1.000000 1.000000 1.000000
4707.319336 0.000000 1696.006470 0.000000 0.370552 0.000000 -0.928812 1.000000 1.000000 1.000000
4835.290527 0.000000 1690.692505 0.000000 0.317676 0.000000 -0.948199 1.000000 1.000000 1.000000
4837.860352 0.000000 1675.284180 0.000000 0.234470 0.000000 -0.972123 1.000000 1.000000 1.000000
4832.505371 0.000000 1690.769531 0.000000 0.296149 0.000000 -0.955142 1.000000 1.000000 1.000000
4893.698242 0.000000 1650.020386 0.000000 0.315690 0.000000 -0.948862 1.000000 1.000000 1.000000
4611.944824 0.000000 1771.790649 0.000000 0.241288 0.000000 -0.970453 1.000000 1.000000 1.000000
4741.102539 0.000000 1725.529785 0.000000 0.234425 0.000000 -0.972134 1.000000 1.000000 1.000000
4849.657715 0.000000 1744.755493 0.000000 0.225279 0.000000 -0.974294 1.000000 1.000000 1.000000
4863.187012 0.000000 1713.045288 0.000000 0.325335 0.000000 -0.945599 1.000000 1.000000 1.000000
4823.787598 0.000000 1779.294678 0.000000 0.232575 0.000000 -0.972579 1.000000 1.000000 1.000000
4616.356445 0.000000 1828.373779 0.000000 0.302156 0.000000 -0.953259 1.000000 1.000000 1.000000
4608.931641 0.000000 1801.127197 0.000000 0.256450 0.000000 -0.966557 1.000000 1.000000 1.000000
4630.385742 0.000000 1847.708130 0.000000 0.195197 0.000000 -0.980764 1.000000 1.000000 1.000000
4833.169434 0.000000 1795.483887 0.000000 0.328351 0.000000 -0.944556 1.000000 1.000000 1.000000
4811.833984 0.000000 1810.133545 0.000000 0.270956 0.000000 -0.962592 1.000000 1.000000 1.000000
4811.638672 0.000000 1811.752930 0.000000 0.288241 0.000000 -0.957558 1.000000 1.000000 1.000000
4880.228516 0.000000 1706.943726 0.000000 0.249619 0.000000 -0.968344 1.000000 1.000000 1.000000
4892.600098 0.000000 1703.812744 0.000000 0.365256 0.000000 -0.930907 1.000000 1.000000 1.000000
4882.855957 0.000000 1706.892090 0.000000 0.228404 0.000000 -0.973566 1.000000 1.000000 1.000000
4928.569824 0.000000 1727.535767 0.000000 0.244579 0.000000 -0.969629 1.000000 1.000000 1.000000
4918.947754 0.000000 1766.963867 0.000000 0.318867 0.000000 -0.947800 1.000000 1.000000 1.000000
5017.605469 0.000000 1718.126099 0.000000 0.317541 0.000000 -0.948245 1.000000 1.000000 1.000000
5064.682129 0.000000 1724.660156 0.000000 0.338743 0.000000 -0.940879 1.000000 1.000000 1.000000
4967.816895 0.000000 1819.847656 0.000000 0.318479 0.000000 -0.947930 1.000000 1.000000 1.000000
5012.585938 0.000000 1828.077881 0.000000 0.239455 0.000000 -0.970908 1.000000 1.000000 1.000000
5068.564941 0.000000 1839.298218 0.000000 0.216297 0.000000 -0.976328 1.000000 1.000000 1.000000
4349.551270 0.000000 1941.088013 0.000000 0.296446 0.000000 -0.955050 1.000000 1.000000 1.000000
4461.455566 0.000000 2066.438965 0.000000 0.369307 0.000000 -0.929308 1.000000 1.000000 1.000000
4260.473145 0.000000 2155.126953 0.000000 0.198953 0.000000 -0.980009 1.000000 1.000000 1.000000
4266.140137 0.000000 2156.368164 0.000000 0.366705 0.000000 -0.930337 1.000000 1.000000 1.000000
4249.341797 0.000000 2126.000488 0.000000 0.309388 0.000000 -0.950936 1.000000 1.000000 1.000000
4251.378418 0.000000 2128.576660 0.000000 0.190510 0.000000 -0.981685 1.000000 1.000000 1.000000
4250.277344 0.000000 2131.702881 0.000000 0.321917 0.000000 -0.946768 1.000000 1.000000 1.000000
4328.300781 0.000000 2182.542969 0.000000 0.361052 0.000000 -0.932546 1.000000 1.000000 1.000000
4325.509766 0.000000 2184.164551 0.000000 0.238212 0.000000 -0.971213 1.000000 1.000000 1.000000
4453.494141 0.000000 2089.680176 0.000000 0.328727 0.000000 -0.944425 1.000000 1.000000 1.000000
4464.184570 0.000000 2147.229004 0.000000 0.308385 0.000000 -0.951262 1.000000 1.000000 1.000000
4538.497559 0.000000 2121.270752 0.000000 0.266668 0.000000 -0.963788 1.000000 1.000000 1.000000
4601.140137 0.000000 2117.803467 0.000000 0.288761 0.000000 -0.957401 1.000000 1.000000 1.000000
4544.720215 0.000000 2111.821777 0.000000 0.242286 0.000000 -0.970205 1.000000 1.000000 1.000000
4604.421387 0.000000 2089.513184 0.000000 0.214771 0.000000 -0.976664 1.000000 1.000000 1.000000
4538.497559 0.000000 2168.512939 0.000000 0.345228 0.000000 -0.938519 1.000000 1.000000 1.000000
4506.774414 0.000000 2159.321533 0.000000 0.359090 0.000000 -0.933303 1.000000 1.000000 1.000000
4539.266602 0.000000 2162.943604 0.000000 0.308323 0.000000 -0.951282 1.000000 1.000000 1.000000
4509.650879 0.000000 2157.938232 0.000000 0.356162 0.000000 -0.934424 1.000000 1.000000 1.000000
4571.713379 0.000000 2126.018555 0.000000 0.264400 0.000000 -0.964413 1.000000 1.000000 1.000000
4587.210938 0.000000 2146.016113 0.000000 0.290754 0.000000 -0.956798 1.000000 1.000000 1.000000
4657.609863 0.000000 1902.667236 0.000000 0.191071 0.000000 -0.981576 1.000000 1.000000 1.000000
4659.558105 0.000000 1899.026367 0.000000 0.224256 0.000000 -0.974530 1.000000 1.000000 1.000000
4680.783203 0.000000 1916.634521 0.000000 0.215003 0.000000 -0.976613 1.000000 1.000000 1.000000
4641.374023 0.000000 2076.902344 0.000000 0.361814 0.000000 -0.932250 1.000000 1.000000 1.000000
4643.313965 0.000000 2068.629883 0.000000 0.291594 0.000000 -0.956542 1.000000 1.000000 1.000000
4630.997070 0.000000 2069.317383 0.000000 0.356494 0.000000 -0.934298 1.000000 1.000000 1.000000
4674.366211 0.000000 2070.484375 0.000000 0.246914 0.000000 -0.969037 1.000000 1.000000 1.000000
4709.265137 0.000000 2076.597656 0.000000 0.240191 0.000000 -0.970726 1.000000 1.000000 1.000000
4673.123047 0.000000 2075.792969 0.000000 0.239785 0.000000 -0.970826 1.000000 1.000000 1.000000
4677.954590 0.000000 2053.853271 0.000000 0.284599 0.000000 -0.958647 1.000000 1.000000 1.000000
5057.282227 0.000000 1930.772705 0.000000 0.200773 0.000000 -0.979638 1.000000 1.000000 1.000000
5075.213379 0.000000 1960.178223 0.000000 0.226173 0.000000 -0.974087 1.000000 1.000000 1.000000
5076.757812 0.000000 1975.002930 0.000000 0.300589 0.000000 -0.953754 1.000000 1.000000 1.000000
5103.747070 0.000000 1988.365967 0.000000 0.320541 0.000000 -0.947235 1.000000 1.000000 1.000000
4634.274414 0.000000 2109.966553 0.000000 0.344329 0.000000 -0.938849 1.000000 1.000000 1.000000
4664.873535 0.000000 2120.207764 0.000000 0.280896 0.000000 -0.959738 1.000000 1.000000 1.000000
4608.608887 0.000000 2152.715576 0.000000 0.203891 0.000000 -0.978994 1.000000 1.000000 1.000000
4615.396973 0.000000 2146.080566 0.000000 0.286327 0.000000 -0.958132 1.000000 1.000000 1.000000
4635.415039 0.000000 2134.039795 0.000000 0.253594 0.000000 -0.967311 1.000000 1.000000 1.000000
4617.996582 0.000000 2148.941650 0.000000 0.271567 0.000000 -0.962420 1.000000 1.000000 1.000000
4659.497559 0.000000 2141.473389 0.000000 0.295144 0.000000 -0.955453 1.000000 1.000000 1.000000
4694.377930 0.000000 2131.161377 0.000000 0.328053 0.000000 -0.944659 1.000000 1.000000 1.000000
5301.011230 0.000000 1659.530640 0.000000 0.266383 0.000000 -0.963867 1.000000 1.000000 1.000000
5162.237793 0.000000 1727.702026 0.000000 0.324550 0.000000 -0.945869 1.000000 1.000000 1.000000
5127.485352 0.000000 1914.550293 0.000000 0.233648 0.000000 -0.972321 1.000000 1.000000 1.000000
5156.829590 0.000000 1931.645874 0.000000 0.291907 0.000000 -0.956447 1.000000 1.000000 1.000000
5192.902832 0.000000 1921.146851 0.000000 0.355514 0.000000 -0.934671 1.000000 1.000000 1.000000
5267.412109 0.000000 1920.122559 0.000000 0.218506 0.000000 -0.975836 1.000000 1.000000 1.000000
5266.479004 0.000000 1923.041016 0.000000 0.215364 0.000000 -0.976534 1.000000 1.000000 1.000000
5297.969238 0.000000 1960.424561 0.000000 0.309190 0.000000 -0.951000 1.000000 1.000000 1.000000
5294.126465 0.000000 1954.455933 0.000000 0.265888 0.000000 -0.964004 1.000000 1.000000 1.000000
5241.091797 0.000000 2014.977661 0.000000 0.214178 0.000000 -0.976795 1.000000 1.000000 1.000000
5311.449219 0.000000 2012.630493 0.000000 0.208892 0.000000 -0.977939 1.000000 1.000000 1.000000
5322.792480 0.000000 2042.115356 0.000000 0.238168 0.000000 -0.971224 1.000000 1.000000 1.000000
5317.897461 0.000000 2036.945312 0.000000 0.281226 0.000000 -0.959641 1.000000 1.000000 1.000000
5384.687500 0.000000 1953.241333 0.000000 0.312995 0.000000 -0.949755 1.000000 1.000000 1.000000
5403.114258 0.000000 2000.039551 0.000000 0.273900 0.000000 -0.961758 1.000000 1.000000 1.000000
5456.990723 0.000000 2011.336792 0.000000 0.307844 0.000000 -0.951437 1.000000 1.000000 1.000000
5404.335449 0.000000 2060.361572 0.000000 0.313898 0.000000 -0.949457 1.000000 1.000000 1.000000
5428.650879 0.000000 2061.435059 0.000000 0.233057 0.000000 -0.972463 1.000000 1.000000 1.000000
5547.738281 0.000000 2027.214111 0.000000 0.226831 0.000000 -0.973934 1.000000 1.000000 1.000000
5528.133301 0.000000 2001.634155 0.000000 0.297585 0.000000 -0.954695 1.000000 1.000000 1.000000
5409.099121 0.000000 2078.937256 0.000000 0.296510 0.000000 -0.955030 1.000000 1.000000 1.000000
5411.307129 0.000000 2081.262939 0.000000 0.371532 0.000000 -0.928420 1.000000 1.000000 1.000000
5395.603516 0.000000 2126.013428 0.000000 0.217957 0.000000 -0.975958 1.000000 1.000000 1.000000
5389.061523 0.000000 2126.618652 0.000000 0.248673 0.000000 -0.968587 1.000000 1.000000 1.000000
5513.443848 0.000000 2165.147217 0.000000 0.340624 0.000000 -0.940200 1.000000 1.000000 1.000000
5485.839355 0.000000 2218.430664 0.000000 0.257634 0.000000 -0.966243 1.000000 1.000000 1.000000
5477.254883 0.000000 2199.701904 0.000000 0.216519 0.000000 -0.976278 1.000000 1.000000 1.000000
5485.091797 0.000000 2219.745850 0.000000 0.325986 0.000000 -0.945374 1.000000 1.000000 1.000000
4531.654785 0.000000 2597.388184 0.000000 0.361121 0.000000 -0.932519 1.000000 1.000000 1.000000
5011.443359 0.000000 2534.271240 0.000000 0.265939 0.000000 -0.963990 1.000000 1.000000 1.000000
4233.997070 0.000000 2811.869141 0.000000 0.342224 0.000000 -0.939618 1.000000 1.000000 1.000000
4232.817383 0.000000 2798.058838 0.000000 0.310413 0.000000 -0.950602 1.000000 1.000000 1.000000
5348.803223 0.000000 2414.866455 0.000000 0.297950 0.000000 -0.954581 1.000000 1.000000 1.000000
5351.968262 0.000000 2415.277832 0.000000 0.244044 0.000000 -0.969764 1.000000 1.000000 1.000000
5608.751465 0.000000 2311.202148 0.000000 0.324561 0.000000 -0.945865 1.000000 1.000000 1.000000
5606.295410 0.000000 2310.467041 0.000000 0.321905 0.000000 -0.946772 1.000000 1.000000 1.000000
5130.817383 0.000000 2458.289551 0.000000 0.276001 0.000000 -0.961157 1.000000 1.000000 1.000000
5169.065430 0.000000 2458.392822 0.000000 0.333915 0.000000 -0.942603 1.000000 1.000000 1.000000
5591.693848 0.000000 2487.927490 0.000000 0.234154 0.000000 -0.972199 1.000000 1.000000 1.000000
5520.976562 0.000000 2544.186279 0.000000 0.357480 0.000000 -0.933921 1.000000 1.000000 1.000000
5460.531250 0.000000 2583.952881 0.000000 0.278808 0.000000 -0.960347 1.000000 1.000000 1.000000
5737.833496 0.000000 2325.706787 0.000000 0.334273 0.000000 -0.942476 1.000000 1.000000 1.000000
5709.469727 0.000000 2398.343506 0.000000 0.250282 0.000000 -0.968173 1.000000 1.000000 1.000000
5726.335938 0.000000 2364.972900 0.000000 0.228795 0.000000 -0.973475 1.000000 1.000000 1.000000
5940.796875 0.000000 2373.177246 0.000000 0.335107 0.000000 -0.942180 1.000000 1.000000 1.000000
6001.189941 0.000000 2419.684082 0.000000 0.353826 0.000000 -0.935311 1.000000 1.000000 1.000000
6064.993164 0.000000 2445.706299 0.000000 0.213251 0.000000 -0.976998 1.000000 1.000000 1.000000
6125.034668 0.000000 2417.194336 0.000000 0.253474 0.000000 -0.967342 1.000000 1.000000 1.000000
5724.541992 0.000000 2489.421631 0.000000 0.294093 0.000000 -0.955777 1.000000 1.000000 1.000000
5724.296387 0.000000 2485.541260 0.000000 0.327533 0.000000 -0.944840 1.000000 1.000000 1.000000
5815.592285 0.000000 2488.059326 0.000000 0.297219 0.000000 -0.954809 1.000000 1.000000 1.000000
5797.330078 0.000000 2514.859863 0.000000 0.332421 0.000000 -0.943131 1.000000 1.000000 1.000000
5649.739258 0.000000 2569.333740 0.000000 0.246885 0.000000 -0.969045 1.000000 1.000000 1.000000
5814.988770 0.000000 2558.478760 0.000000 0.337573 0.000000 -0.941299 1.000000 1.000000 1.000000
5828.590332 0.000000 2611.181641 0.000000 0.270023 0.000000 -0.962854 1.000000 1.000000 1.000000
5829.872559 0.000000 2611.158936 0.000000 0.338957 0.000000 -0.940802 1.000000 1.000000 1.000000
5960.723145 0.000000 2458.760986 0.000000 0.336903 0.000000 -0.941539 1.000000 1.000000 1.000000
6138.708984 0.000000 2474.117188 0.000000 0.202618 0.000000 -0.979258 1.000000 1.000000 1.000000
6116.712402 0.000000 2498.552246 0.000000 0.361014 0.000000 -0.932561 1.000000 1.000000 1.000000
6100.818359 0.000000 2521.733887 0.000000 0.369981 0.000000 -0.929039 1.000000 1.000000 1.000000
6087.716797 0.000000 2512.374023 0.000000 0.303256 0.000000 -0.952909 1.000000 1.000000 1.000000
5952.471680 0.000000 2645.270996 0.000000 0.305193 0.000000 -0.952291 1.000000 1.000000 1.000000
5171.213867 0.000000 2798.769531 0.000000 0.215635 0.000000 -0.976474 1.000000 1.000000 1.000000
5760.495117 0.000000 2692.513184 0.000000 0.221396 0.000000 -0.975184 1.000000 1.000000 1.000000
5804.478516 0.000000 2707.022705 0.000000 0.331550 0.000000 -0.943438 1.000000 1.000000 1.000000
5765.747070 0.000000 2693.049072 0.000000 0.271364 0.000000 -0.962477 1.000000 1.000000 1.000000
5794.479980 0.000000 2705.850098 0.000000 0.309632 0.000000 -0.950857 1.000000 1.000000 1.000000
5823.588867 0.000000 2696.859131 0.000000 0.254956 0.000000 -0.966953 1.000000 1.000000 1.000000
5849.879883 0.000000 2695.900635 0.000000 0.276068 0.000000 -0.961138 1.000000 1.000000 1.000000
5834.101074 0.000000 2776.933838 0.000000 0.247452 0.000000 -0.968900 1.000000 1.000000 1.000000
5981.565430 0.000000 2689.348633 0.000000 0.246413 0.000000 -0.969165 1.000000 1.000000 1.000000
5969.406738 0.000000 2681.544678 0.000000 0.279361 0.000000 -0.960186 1.000000 1.000000 1.000000
6138.314941 0.000000 2691.440674 0.000000 0.352789 0.000000 -0.935703 1.000000 1.000000 1.000000
6016.253418 0.000000 2748.131348 0.000000 0.194946 0.000000 -0.980814 1.000000 1.000000 1.000000
5820.081543 0.000000 2912.262207 0.000000 0.275678 0.000000 -0.961250 1.000000 1.000000 1.000000
5767.708008 0.000000 2919.137207 0.000000 0.295530 0.000000 -0.955333 1.000000 1.000000 1.000000
5657.527344 0.000000 2946.423096 0.000000 0.286000 0.000000 -0.958230 1.000000 1.000000 1.000000
5685.448730 0.000000 2955.678467 0.000000 0.278231 0.000000 -0.960514 1.000000 1.000000 1.000000
5720.660156 0.000000 2957.917236 0.000000 0.227668 0.000000 -0.973739 1.000000 1.000000 1.000000
5740.972656 0.000000 2977.130859 0.000000 0.244060 0.000000 -0.969760 1.000000 1.000000 1.000000
5791.611816 0.000000 2933.497070 0.000000 0.290827 0.000000 -0.956776 1.000000 1.000000 1.000000
5785.070312 0.000000 2938.199707 0.000000 0.210197 0.000000 -0.977659 1.000000 1.000000 1.000000
5777.101562 0.000000 2974.680176 0.000000 0.364519 0.000000 -0.931196 1.000000 1.000000 1.000000
5862.001953 0.000000 2929.903076 0.000000 0.233139 0.000000 -0.972443 1.000000 1.000000 1.000000
5978.444336 0.000000 2905.432861 0.000000 0.219753 0.000000 -0.975556 1.000000 1.000000 1.000000
5968.339844 0.000000 2920.135010 0.000000 0.272142 0.000000 -0.962257 1.000000 1.000000 1.000000
6090.561523 0.000000 2861.010498 0.000000 0.275019 0.000000 -0.961439 1.000000 1.000000 1.000000
6084.817383 0.000000 2890.494141 0.000000 0.235954 0.000000 -0.971764 1.000000 1.000000 1.000000
5943.616211 0.000000 2951.357178 0.000000 0.341369 0.000000 -0.939929 1.000000 1.000000 1.000000
5917.579102 0.000000 2995.943848 0.000000 0.270864 0.000000 -0.962618 1.000000 1.000000 1.000000
5930.144043 0.000000 3003.241211 0.000000 0.315255 0.000000 -0.949007 1.000000 1.000000 1.000000
6009.108887 0.000000 2992.663818 0.000000 0.231418 0.000000 -0.972854 1.000000 1.000000 1.000000
6060.933594 0.000000 2977.130859 0.000000 0.335924 0.000000 -0.941889 1.000000 1.000000 1.000000
6016.283691 0.000000 2999.179199 0.000000 0.333097 0.000000 -0.942893 1.000000 1.000000 1.000000
6027.307617 0.000000 2982.562500 0.000000 0.282359 0.000000 -0.959309 1.000000 1.000000 1.000000
6035.516602 0.000000 2990.666016 0.000000 0.360488 0.000000 -0.932764 1.000000 1.000000 1.000000
6047.416016 0.000000 3020.748779 0.000000 0.266947 0.000000 -0.963711 1.000000 1.000000 1.000000
6044.205078 0.000000 3017.312744 0.000000 0.348262 0.000000 -0.937397 1.000000 1.000000 1.000000
6061.013184 0.000000 3009.904785 0.000000 0.261974 0.000000 -0.965075 1.000000 1.000000 1.000000
6017.019531 0.000000 3000.296387 0.000000 0.288849 0.000000 -0.957375 1.000000 1.000000 1.000000
6105.472656 0.000000 2993.665283 0.000000 0.368780 0.000000 -0.929517 1.000000 1.000000 1.000000
6163.543457 0.000000 2467.195068 0.000000 0.281843 0.000000 -0.959460 1.000000 1.000000 1.000000
6146.891113 0.000000 2546.228760 0.000000 0.282723 0.000000 -0.959202 1.000000 1.000000 1.000000
6163.543457 0.000000 2514.437256 0.000000 0.229614 0.000000 -0.973282 1.000000 1.000000 1.000000
6173.635742 0.000000 2508.411133 0.000000 0.370904 0.000000 -0.928671 1.000000 1.000000 1.000000
6334.664551 0.000000 2614.629150 0.000000 0.246438 0.000000 -0.969158 1.000000 1.000000 1.000000
6163.080566 0.000000 2716.053467 0.000000 0.213924 0.000000 -0.976850 1.000000 1.000000 1.000000
6163.566895 0.000000 2718.645996 0.000000 0.240371 0.000000 -0.970681 1.000000 1.000000 1.000000
6307.124023 0.000000 2688.092529 0.000000 0.254586 0.000000 -0.967050 1.000000 1.000000 1.000000
6348.556152 0.000000 2732.668213 0.000000 0.278701 0.000000 -0.960378 1.000000 1.000000 1.000000
6191.640625 0.000000 2795.768555 0.000000 0.208184 0.000000 -0.978090 1.000000 1.000000 1.000000
6187.412109 0.000000 2793.006348 0.000000 0.222986 0.000000 -0.974822 1.000000 1.000000 1.000000
6327.874512 0.000000 2831.566650 0.000000 0.319063 0.000000 -0.947733 1.000000 1.000000 1.000000
6353.111816 0.000000 2791.191162 0.000000 0.193776 0.000000 -0.981046 1.000000 1.000000 1.000000
6456.331055 0.000000 2758.150146 0.000000 0.231535 0.000000 -0.972827 1.000000 1.000000 1.000000
6429.482910 0.000000 2828.772705 0.000000 0.330800 0.000000 -0.943701 1.000000 1.000000 1.000000
6181.486328 0.000000 2848.840332 0.000000 0.229324 0.000000 -0.973350 1.000000 1.000000 1.000000
6238.767090 0.000000 2916.510742 0.000000 0.209206 0.000000 -0.977872 1.000000 1.000000 1.000000
6278.851562 0.000000 2869.601318 0.000000 0.215286 0.000000 -0.976551 1.000000 1.000000 1.000000
6315.024902 0.000000 2878.760742 0.000000 0.261672 0.000000 -0.965157 1.000000 1.000000 1.000000
6241.178711 0.000000 2974.504150 0.000000 0.282118 0.000000 -0.959380 1.000000 1.000000 1.000000
6230.557617 0.000000 2954.537842 0.000000 0.250985 0.000000 -0.967991 1.000000 1.000000 1.000000
6242.685547 0.000000 2960.591553 0.000000 0.292847 0.000000 -0.956159 1.000000 1.000000 1.000000
6149.795898 0.000000 2981.789307 0.000000 0.249241 0.000000 -0.968442 1.000000 1.000000 1.000000
6414.015137 0.000000 2843.817627 0.000000 0.250002 0.000000 -0.968245 1.000000 1.000000 1.000000
6636.997559 0.000000 2855.995361 0.000000 0.312603 0.000000 -0.949884 1.000000 1.000000 1.000000
4876.252441 0.000000 3468.679932 0.000000 0.352268 0.000000 -0.935899 1.000000 1.000000 1.000000
5112.022949 0.000000 3634.683838 0.000000 0.270517 0.000000 -0.962715 1.000000 1.000000 1.000000
4883.279785 0.000000 3767.659180 0.000000 0.287527 0.000000 -0.957773 1.000000 1.000000 1.000000
4994.327148 0.000000 3723.960938 0.000000 0.217629 0.000000 -0.976031 1.000000 1.000000 1.000000
5537.710938 0.000000 3104.814941 0.000000 0.254919 0.000000 -0.966962 1.000000 1.000000 1.000000
6111.572754 0.000000 3075.223633 0.000000 0.304018 0.000000 -0.952666 1.000000 1.000000 1.000000
6086.571777 0.000000 3110.356689 0.000000 0.247915 0.000000 -0.968782 1.000000 1.000000 1.000000
6084.371094 0.000000 3111.302246 0.000000 0.246004 0.000000 -0.969269 1.000000 1.000000 1.000000
5677.089355 0.000000 3314.795898 0.000000 0.263332 0.000000 -0.964705 1.000000 1.000000 1.000000
5655.077148 0.000000 3314.740234 0.000000 0.286135 0.000000 -0.958189 1.000000 1.000000 1.000000
5215.858398 0.000000 3746.893555 0.000000 0.355288 0.000000 -0.934757 1.000000 1.000000 1.000000
4965.247559 0.000000 3787.592529 0.000000 0.260505 0.000000 -0.965473 1.000000 1.000000 1.000000
5238.852539 0.000000 3820.996094 0.000000 0.361513 0.000000 -0.932367 1.000000 1.000000 1.000000
6345.019531 0.000000 3210.966309 0.000000 0.224824 0.000000 -0.974400 1.000000 1.000000 1.000000
6543.178223 0.000000 3064.992188 0.000000 0.278844 0.000000 -0.960336 1.000000 1.000000 1.000000
6589.966797 0.000000 3127.136963 0.000000 0.311952 0.000000 -0.950098 1.000000 1.000000 1.000000
6433.876953 0.000000 3232.453857 0.000000 0.332528 0.000000 -0.943093 1.000000 1.000000 1.000000
6237.622070 0.000000 3715.739502 0.000000 0.349160 0.000000 -0.937063 1.000000 1.000000 1.000000
"}
object={
	name="tree_savanna_generator_1_9"
	render_pass=Map
	clamp_to_water_level=no
	generated_content=yes
	layer="tree_high_layer"
	pdxmesh="tree_acacia_07_mesh"
	count=337
	transform="3900.463379 0.000000 701.342529 0.000000 0.024739 0.000000 -0.999694 1.000000 1.000000 1.000000
3956.856689 0.000000 705.461243 0.000000 0.038134 0.000000 -0.999273 1.000000 1.000000 1.000000
3959.008545 0.000000 750.253601 0.000000 0.176374 0.000000 -0.984323 1.000000 1.000000 1.000000
3903.526611 0.000000 751.001831 0.000000 0.007514 0.000000 -0.999972 1.000000 1.000000 1.000000
3823.199219 0.000000 880.499207 0.000000 0.131899 0.000000 -0.991263 1.000000 1.000000 1.000000
3950.101562 0.000000 829.376892 0.000000 0.158955 0.000000 -0.987286 1.000000 1.000000 1.000000
4028.299805 0.000000 786.363586 0.000000 0.085283 0.000000 -0.996357 1.000000 1.000000 1.000000
3980.211182 0.000000 793.629089 0.000000 0.148061 0.000000 -0.988978 1.000000 1.000000 1.000000
3843.301270 0.000000 900.349060 0.000000 0.069534 0.000000 -0.997580 1.000000 1.000000 1.000000
4042.753418 0.000000 930.752441 0.000000 0.150090 0.000000 -0.988672 1.000000 1.000000 1.000000
4042.470459 0.000000 928.038086 0.000000 0.026558 0.000000 -0.999647 1.000000 1.000000 1.000000
4033.201172 0.000000 941.980286 0.000000 0.015643 0.000000 -0.999878 1.000000 1.000000 1.000000
3844.749756 0.000000 965.196228 0.000000 0.045073 0.000000 -0.998984 1.000000 1.000000 1.000000
3864.460449 0.000000 987.147766 0.000000 0.010364 0.000000 -0.999946 1.000000 1.000000 1.000000
3924.489746 0.000000 988.440002 0.000000 0.058542 0.000000 -0.998285 1.000000 1.000000 1.000000
4095.027832 0.000000 980.095093 0.000000 0.099335 0.000000 -0.995054 1.000000 1.000000 1.000000
4053.766113 0.000000 974.562073 0.000000 0.072919 0.000000 -0.997338 1.000000 1.000000 1.000000
3944.347412 0.000000 1048.730347 0.000000 0.022711 0.000000 -0.999742 1.000000 1.000000 1.000000
3935.838379 0.000000 1185.536011 0.000000 0.174191 0.000000 -0.984712 1.000000 1.000000 1.000000
3956.025635 0.000000 1215.853027 0.000000 0.028632 0.000000 -0.999590 1.000000 1.000000 1.000000
3939.486816 0.000000 1183.661377 0.000000 0.119139 0.000000 -0.992878 1.000000 1.000000 1.000000
3968.686768 0.000000 1207.871704 0.000000 0.066619 0.000000 -0.997778 1.000000 1.000000 1.000000
4027.446289 0.000000 1184.949341 0.000000 0.028202 0.000000 -0.999602 1.000000 1.000000 1.000000
4092.439941 0.000000 1268.248901 0.000000 0.017366 0.000000 -0.999849 1.000000 1.000000 1.000000
4092.741211 0.000000 1293.136719 0.000000 0.150843 0.000000 -0.988558 1.000000 1.000000 1.000000
4094.405518 0.000000 1282.238281 0.000000 0.073236 0.000000 -0.997315 1.000000 1.000000 1.000000
3843.361572 0.000000 2045.542358 0.000000 0.059844 0.000000 -0.998208 1.000000 1.000000 1.000000
3923.575684 0.000000 2156.333740 0.000000 0.026010 0.000000 -0.999662 1.000000 1.000000 1.000000
4007.631104 0.000000 2156.095215 0.000000 0.188974 0.000000 -0.981982 1.000000 1.000000 1.000000
3964.756836 0.000000 2190.738525 0.000000 0.115396 0.000000 -0.993320 1.000000 1.000000 1.000000
3900.909424 0.000000 2220.585693 0.000000 0.088591 0.000000 -0.996068 1.000000 1.000000 1.000000
3887.895264 0.000000 2224.577148 0.000000 0.188948 0.000000 -0.981987 1.000000 1.000000 1.000000
3898.364502 0.000000 2247.085205 0.000000 0.140560 0.000000 -0.990072 1.000000 1.000000 1.000000
3912.658691 0.000000 2235.104980 0.000000 0.132360 0.000000 -0.991202 1.000000 1.000000 1.000000
3443.108154 0.000000 2629.259033 0.000000 0.159109 0.000000 -0.987261 1.000000 1.000000 1.000000
3514.803955 0.000000 2564.276611 0.000000 0.155764 0.000000 -0.987794 1.000000 1.000000 1.000000
3549.705322 0.000000 2588.388428 0.000000 0.103768 0.000000 -0.994602 1.000000 1.000000 1.000000
3572.155273 0.000000 2570.064941 0.000000 0.143516 0.000000 -0.989648 1.000000 1.000000 1.000000
3575.905029 0.000000 2573.419678 0.000000 0.072882 0.000000 -0.997341 1.000000 1.000000 1.000000
3739.814941 0.000000 2314.987305 0.000000 0.153330 0.000000 -0.988175 1.000000 1.000000 1.000000
3786.350830 0.000000 2351.754150 0.000000 0.009304 0.000000 -0.999957 1.000000 1.000000 1.000000
3630.372314 0.000000 2404.895508 0.000000 0.043652 0.000000 -0.999047 1.000000 1.000000 1.000000
3646.045898 0.000000 2433.338135 0.000000 0.092444 0.000000 -0.995718 1.000000 1.000000 1.000000
3675.725586 0.000000 2454.060547 0.000000 0.099382 0.000000 -0.995049 1.000000 1.000000 1.000000
3935.838379 0.000000 2272.106445 0.000000 0.188543 0.000000 -0.982065 1.000000 1.000000 1.000000
3670.201172 0.000000 2460.111572 0.000000 0.102613 0.000000 -0.994721 1.000000 1.000000 1.000000
3691.716553 0.000000 2509.553223 0.000000 0.065809 0.000000 -0.997832 1.000000 1.000000 1.000000
3706.780518 0.000000 2517.034424 0.000000 0.038512 0.000000 -0.999258 1.000000 1.000000 1.000000
3689.690674 0.000000 2506.123291 0.000000 0.111602 0.000000 -0.993753 1.000000 1.000000 1.000000
3699.619629 0.000000 2545.319336 0.000000 0.064615 0.000000 -0.997910 1.000000 1.000000 1.000000
3712.744873 0.000000 2503.544434 0.000000 0.091274 0.000000 -0.995826 1.000000 1.000000 1.000000
3715.671143 0.000000 2502.030762 0.000000 0.099691 0.000000 -0.995018 1.000000 1.000000 1.000000
3646.045898 0.000000 2575.064697 0.000000 0.153035 0.000000 -0.988221 1.000000 1.000000 1.000000
3633.688721 0.000000 2598.476318 0.000000 0.075977 0.000000 -0.997110 1.000000 1.000000 1.000000
3824.500244 0.000000 2592.369629 0.000000 0.030245 0.000000 -0.999543 1.000000 1.000000 1.000000
3832.178955 0.000000 2595.355713 0.000000 0.131988 0.000000 -0.991251 1.000000 1.000000 1.000000
3832.975098 0.000000 2592.629639 0.000000 0.140541 0.000000 -0.990075 1.000000 1.000000 1.000000
3835.755859 0.000000 2595.077148 0.000000 0.055926 0.000000 -0.998435 1.000000 1.000000 1.000000
3412.552246 0.000000 2689.158936 0.000000 0.002924 0.000000 -0.999996 1.000000 1.000000 1.000000
3423.948242 0.000000 2653.658203 0.000000 0.066369 0.000000 -0.997795 1.000000 1.000000 1.000000
3450.811768 0.000000 2753.245361 0.000000 0.108894 0.000000 -0.994053 1.000000 1.000000 1.000000
3453.665771 0.000000 2783.630371 0.000000 0.130569 0.000000 -0.991439 1.000000 1.000000 1.000000
3463.581543 0.000000 2785.643066 0.000000 0.168084 0.000000 -0.985773 1.000000 1.000000 1.000000
3485.875977 0.000000 2806.975098 0.000000 0.043448 0.000000 -0.999056 1.000000 1.000000 1.000000
3488.213135 0.000000 2817.966309 0.000000 0.005094 0.000000 -0.999987 1.000000 1.000000 1.000000
3484.569824 0.000000 2816.236572 0.000000 0.171045 0.000000 -0.985263 1.000000 1.000000 1.000000
3464.679932 0.000000 2787.338379 0.000000 0.120754 0.000000 -0.992683 1.000000 1.000000 1.000000
3519.669678 0.000000 2796.833252 0.000000 0.157228 0.000000 -0.987562 1.000000 1.000000 1.000000
3510.487793 0.000000 2846.484863 0.000000 0.097822 0.000000 -0.995204 1.000000 1.000000 1.000000
3537.537842 0.000000 2843.474121 0.000000 0.168919 0.000000 -0.985630 1.000000 1.000000 1.000000
3596.408447 0.000000 2901.773682 0.000000 0.123987 0.000000 -0.992284 1.000000 1.000000 1.000000
5047.576172 0.000000 744.825745 0.000000 0.043404 0.000000 -0.999058 1.000000 1.000000 1.000000
4137.475586 0.000000 794.982605 0.000000 0.108530 0.000000 -0.994093 1.000000 1.000000 1.000000
4170.484863 0.000000 799.711243 0.000000 0.130491 0.000000 -0.991449 1.000000 1.000000 1.000000
4173.687012 0.000000 815.417725 0.000000 0.016784 0.000000 -0.999859 1.000000 1.000000 1.000000
4108.345703 0.000000 870.359375 0.000000 0.110303 0.000000 -0.993898 1.000000 1.000000 1.000000
4142.489746 0.000000 921.338928 0.000000 0.014705 0.000000 -0.999892 1.000000 1.000000 1.000000
4172.674316 0.000000 941.696594 0.000000 0.078697 0.000000 -0.996899 1.000000 1.000000 1.000000
4107.936035 0.000000 957.041382 0.000000 0.103015 0.000000 -0.994680 1.000000 1.000000 1.000000
4127.990723 0.000000 1054.088867 0.000000 0.039287 0.000000 -0.999228 1.000000 1.000000 1.000000
4133.736328 0.000000 1053.637085 0.000000 0.176347 0.000000 -0.984328 1.000000 1.000000 1.000000
5056.400879 0.000000 778.796204 0.000000 0.099205 0.000000 -0.995067 1.000000 1.000000 1.000000
4115.816895 0.000000 1206.895752 0.000000 0.107324 0.000000 -0.994224 1.000000 1.000000 1.000000
4126.842773 0.000000 1220.399536 0.000000 0.078157 0.000000 -0.996941 1.000000 1.000000 1.000000
4121.273438 0.000000 1237.480957 0.000000 0.169070 0.000000 -0.985604 1.000000 1.000000 1.000000
4115.816895 0.000000 1254.137939 0.000000 0.009424 0.000000 -0.999956 1.000000 1.000000 1.000000
4095.583496 0.000000 1248.405518 0.000000 0.176838 0.000000 -0.984240 1.000000 1.000000 1.000000
4115.922852 0.000000 1255.756348 0.000000 0.155058 0.000000 -0.987905 1.000000 1.000000 1.000000
4139.055664 0.000000 1286.903198 0.000000 0.030783 0.000000 -0.999526 1.000000 1.000000 1.000000
5021.066895 0.000000 1238.136353 0.000000 0.023701 0.000000 -0.999719 1.000000 1.000000 1.000000
5029.626953 0.000000 1242.605835 0.000000 0.186897 0.000000 -0.982380 1.000000 1.000000 1.000000
5097.029297 0.000000 1241.245850 0.000000 0.189340 0.000000 -0.981912 1.000000 1.000000 1.000000
5069.117188 0.000000 1261.966431 0.000000 0.089270 0.000000 -0.996007 1.000000 1.000000 1.000000
5310.879883 0.000000 980.095093 0.000000 0.087540 0.000000 -0.996161 1.000000 1.000000 1.000000
5295.058594 0.000000 982.676575 0.000000 0.189692 0.000000 -0.981844 1.000000 1.000000 1.000000
5293.354004 0.000000 1027.110718 0.000000 0.165599 0.000000 -0.986193 1.000000 1.000000 1.000000
5295.019531 0.000000 1022.225769 0.000000 0.132572 0.000000 -0.991173 1.000000 1.000000 1.000000
5320.307617 0.000000 1009.799133 0.000000 0.085862 0.000000 -0.996307 1.000000 1.000000 1.000000
5265.358398 0.000000 1070.588745 0.000000 0.068639 0.000000 -0.997642 1.000000 1.000000 1.000000
5359.378418 0.000000 1088.245483 0.000000 0.125030 0.000000 -0.992153 1.000000 1.000000 1.000000
5409.796387 0.000000 966.791443 0.000000 0.120060 0.000000 -0.992767 1.000000 1.000000 1.000000
5431.035645 0.000000 999.486328 0.000000 0.098739 0.000000 -0.995113 1.000000 1.000000 1.000000
5434.862305 0.000000 1030.465942 0.000000 0.069714 0.000000 -0.997567 1.000000 1.000000 1.000000
5415.441406 0.000000 1014.905151 0.000000 0.023877 0.000000 -0.999715 1.000000 1.000000 1.000000
5451.616699 0.000000 1034.055420 0.000000 0.014416 0.000000 -0.999896 1.000000 1.000000 1.000000
5476.324707 0.000000 1068.556519 0.000000 0.086356 0.000000 -0.996264 1.000000 1.000000 1.000000
5451.874023 0.000000 1067.501465 0.000000 0.070117 0.000000 -0.997539 1.000000 1.000000 1.000000
5467.106445 0.000000 1055.195801 0.000000 0.104516 0.000000 -0.994523 1.000000 1.000000 1.000000
5127.130859 0.000000 1213.511353 0.000000 0.129554 0.000000 -0.991572 1.000000 1.000000 1.000000
5282.496094 0.000000 1143.503540 0.000000 0.035734 0.000000 -0.999361 1.000000 1.000000 1.000000
5127.177246 0.000000 1229.613159 0.000000 0.049241 0.000000 -0.998787 1.000000 1.000000 1.000000
4419.585449 0.000000 1698.913452 0.000000 0.024346 0.000000 -0.999704 1.000000 1.000000 1.000000
4403.589355 0.000000 1710.057617 0.000000 0.139205 0.000000 -0.990264 1.000000 1.000000 1.000000
4440.759277 0.000000 1734.386719 0.000000 0.071037 0.000000 -0.997474 1.000000 1.000000 1.000000
4503.674805 0.000000 1794.145996 0.000000 0.123012 0.000000 -0.992405 1.000000 1.000000 1.000000
4492.782715 0.000000 1787.824341 0.000000 0.096197 0.000000 -0.995362 1.000000 1.000000 1.000000
4587.716797 0.000000 1793.828613 0.000000 0.145272 0.000000 -0.989392 1.000000 1.000000 1.000000
4474.029785 0.000000 1814.328735 0.000000 0.184670 0.000000 -0.982800 1.000000 1.000000 1.000000
4403.589355 0.000000 1851.784180 0.000000 0.049995 0.000000 -0.998749 1.000000 1.000000 1.000000
4512.976074 0.000000 1813.618286 0.000000 0.168393 0.000000 -0.985720 1.000000 1.000000 1.000000
4541.130859 0.000000 1809.922363 0.000000 0.109392 0.000000 -0.993999 1.000000 1.000000 1.000000
4515.872070 0.000000 1815.885986 0.000000 0.184327 0.000000 -0.982865 1.000000 1.000000 1.000000
4516.315430 0.000000 1804.838745 0.000000 0.062949 0.000000 -0.998017 1.000000 1.000000 1.000000
4530.819824 0.000000 1813.411987 0.000000 0.043654 0.000000 -0.999047 1.000000 1.000000 1.000000
4593.688965 0.000000 1839.239868 0.000000 0.053216 0.000000 -0.998583 1.000000 1.000000 1.000000
4596.893066 0.000000 1810.900269 0.000000 0.002918 0.000000 -0.999996 1.000000 1.000000 1.000000
4601.417480 0.000000 1842.280518 0.000000 0.025860 0.000000 -0.999666 1.000000 1.000000 1.000000
4523.606445 0.000000 1844.831665 0.000000 0.149390 0.000000 -0.988778 1.000000 1.000000 1.000000
4560.267578 0.000000 1848.670288 0.000000 0.098466 0.000000 -0.995140 1.000000 1.000000 1.000000
4684.759277 0.000000 1646.097778 0.000000 0.152717 0.000000 -0.988270 1.000000 1.000000 1.000000
4663.623047 0.000000 1689.669556 0.000000 0.028742 0.000000 -0.999587 1.000000 1.000000 1.000000
4705.366211 0.000000 1698.964966 0.000000 0.068391 0.000000 -0.997659 1.000000 1.000000 1.000000
4672.489258 0.000000 1689.785034 0.000000 0.178732 0.000000 -0.983898 1.000000 1.000000 1.000000
4721.346191 0.000000 1663.809082 0.000000 0.029060 0.000000 -0.999578 1.000000 1.000000 1.000000
4736.620117 0.000000 1700.427002 0.000000 0.060831 0.000000 -0.998148 1.000000 1.000000 1.000000
4842.919434 0.000000 1677.294800 0.000000 0.126284 0.000000 -0.991994 1.000000 1.000000 1.000000
4800.417480 0.000000 1664.409912 0.000000 0.170808 0.000000 -0.985304 1.000000 1.000000 1.000000
4925.157227 0.000000 1640.592163 0.000000 0.131440 0.000000 -0.991324 1.000000 1.000000 1.000000
4868.785645 0.000000 1690.633179 0.000000 0.068692 0.000000 -0.997638 1.000000 1.000000 1.000000
4951.405762 0.000000 1672.083618 0.000000 0.039726 0.000000 -0.999211 1.000000 1.000000 1.000000
5062.696777 0.000000 1645.848877 0.000000 0.111899 0.000000 -0.993720 1.000000 1.000000 1.000000
4701.105957 0.000000 1710.558228 0.000000 0.117249 0.000000 -0.993102 1.000000 1.000000 1.000000
4734.859375 0.000000 1739.413086 0.000000 0.039417 0.000000 -0.999223 1.000000 1.000000 1.000000
4618.249512 0.000000 1784.847656 0.000000 0.155610 0.000000 -0.987819 1.000000 1.000000 1.000000
4635.608398 0.000000 1792.669678 0.000000 0.033126 0.000000 -0.999451 1.000000 1.000000 1.000000
4735.721680 0.000000 1704.773071 0.000000 0.053879 0.000000 -0.998547 1.000000 1.000000 1.000000
4763.689941 0.000000 1700.838867 0.000000 0.048263 0.000000 -0.998835 1.000000 1.000000 1.000000
4793.116699 0.000000 1739.865723 0.000000 0.125743 0.000000 -0.992063 1.000000 1.000000 1.000000
4836.865723 0.000000 1706.233521 0.000000 0.041199 0.000000 -0.999151 1.000000 1.000000 1.000000
4801.859863 0.000000 1721.335083 0.000000 0.167876 0.000000 -0.985808 1.000000 1.000000 1.000000
4779.832031 0.000000 1791.003174 0.000000 0.086507 0.000000 -0.996251 1.000000 1.000000 1.000000
4607.737305 0.000000 1799.257446 0.000000 0.164151 0.000000 -0.986435 1.000000 1.000000 1.000000
4632.379883 0.000000 1822.101318 0.000000 0.002599 0.000000 -0.999997 1.000000 1.000000 1.000000
4725.076172 0.000000 1798.474487 0.000000 0.005606 0.000000 -0.999984 1.000000 1.000000 1.000000
4654.247559 0.000000 1885.231445 0.000000 0.032362 0.000000 -0.999476 1.000000 1.000000 1.000000
4650.489258 0.000000 1845.446045 0.000000 0.055330 0.000000 -0.998468 1.000000 1.000000 1.000000
4778.138184 0.000000 1840.105713 0.000000 0.064341 0.000000 -0.997928 1.000000 1.000000 1.000000
4805.959961 0.000000 1800.734375 0.000000 0.093402 0.000000 -0.995628 1.000000 1.000000 1.000000
4782.000488 0.000000 1868.705078 0.000000 0.116333 0.000000 -0.993210 1.000000 1.000000 1.000000
4780.542969 0.000000 1871.494019 0.000000 0.072155 0.000000 -0.997393 1.000000 1.000000 1.000000
4898.024414 0.000000 1706.942383 0.000000 0.013813 0.000000 -0.999905 1.000000 1.000000 1.000000
4898.823730 0.000000 1716.773560 0.000000 0.120643 0.000000 -0.992696 1.000000 1.000000 1.000000
4972.580078 0.000000 1714.936646 0.000000 0.035226 0.000000 -0.999379 1.000000 1.000000 1.000000
4986.428223 0.000000 1741.311035 0.000000 0.147742 0.000000 -0.989026 1.000000 1.000000 1.000000
4918.528809 0.000000 1773.057983 0.000000 0.098942 0.000000 -0.995093 1.000000 1.000000 1.000000
4921.312500 0.000000 1772.277954 0.000000 0.093965 0.000000 -0.995576 1.000000 1.000000 1.000000
4920.151855 0.000000 1773.620483 0.000000 0.095141 0.000000 -0.995464 1.000000 1.000000 1.000000
4921.753906 0.000000 1846.084839 0.000000 0.109393 0.000000 -0.993999 1.000000 1.000000 1.000000
5067.424805 0.000000 1801.507690 0.000000 0.169306 0.000000 -0.985563 1.000000 1.000000 1.000000
4307.736328 0.000000 2173.255615 0.000000 0.018156 0.000000 -0.999835 1.000000 1.000000 1.000000
4335.115234 0.000000 2184.543701 0.000000 0.090695 0.000000 -0.995879 1.000000 1.000000 1.000000
4325.325684 0.000000 2181.358154 0.000000 0.058257 0.000000 -0.998302 1.000000 1.000000 1.000000
4392.085449 0.000000 2084.582520 0.000000 0.188044 0.000000 -0.982161 1.000000 1.000000 1.000000
4477.541016 0.000000 2122.239746 0.000000 0.187744 0.000000 -0.982218 1.000000 1.000000 1.000000
4444.346680 0.000000 2121.298828 0.000000 0.108237 0.000000 -0.994125 1.000000 1.000000 1.000000
4449.717285 0.000000 2120.326660 0.000000 0.142183 0.000000 -0.989840 1.000000 1.000000 1.000000
4456.285156 0.000000 2135.300781 0.000000 0.179737 0.000000 -0.983715 1.000000 1.000000 1.000000
4457.281738 0.000000 2147.592773 0.000000 0.176633 0.000000 -0.984277 1.000000 1.000000 1.000000
4453.379883 0.000000 2152.459717 0.000000 0.181638 0.000000 -0.983365 1.000000 1.000000 1.000000
4486.273926 0.000000 2122.418213 0.000000 0.016310 0.000000 -0.999867 1.000000 1.000000 1.000000
4541.944336 0.000000 2107.974121 0.000000 0.094478 0.000000 -0.995527 1.000000 1.000000 1.000000
4555.983398 0.000000 2106.829834 0.000000 0.139168 0.000000 -0.990269 1.000000 1.000000 1.000000
4550.001953 0.000000 2106.057373 0.000000 0.019556 0.000000 -0.999809 1.000000 1.000000 1.000000
4549.970215 0.000000 2101.095459 0.000000 0.047102 0.000000 -0.998890 1.000000 1.000000 1.000000
4585.741699 0.000000 2103.884766 0.000000 0.063737 0.000000 -0.997967 1.000000 1.000000 1.000000
4590.686523 0.000000 2119.917236 0.000000 0.071669 0.000000 -0.997428 1.000000 1.000000 1.000000
4595.635742 0.000000 2123.524658 0.000000 0.125419 0.000000 -0.992104 1.000000 1.000000 1.000000
4592.828613 0.000000 2123.604736 0.000000 0.117930 0.000000 -0.993022 1.000000 1.000000 1.000000
4591.524414 0.000000 2120.822510 0.000000 0.157970 0.000000 -0.987444 1.000000 1.000000 1.000000
4545.606445 0.000000 2111.103516 0.000000 0.016241 0.000000 -0.999868 1.000000 1.000000 1.000000
4540.385254 0.000000 2165.850586 0.000000 0.035616 0.000000 -0.999366 1.000000 1.000000 1.000000
4506.290039 0.000000 2157.208740 0.000000 0.061712 0.000000 -0.998094 1.000000 1.000000 1.000000
4502.203613 0.000000 2165.103271 0.000000 0.173537 0.000000 -0.984827 1.000000 1.000000 1.000000
4451.834961 0.000000 2173.196289 0.000000 0.186072 0.000000 -0.982536 1.000000 1.000000 1.000000
4643.375488 0.000000 1897.522583 0.000000 0.181546 0.000000 -0.983383 1.000000 1.000000 1.000000
4649.851074 0.000000 1896.058716 0.000000 0.081788 0.000000 -0.996650 1.000000 1.000000 1.000000
4825.271484 0.000000 1889.789307 0.000000 0.009313 0.000000 -0.999957 1.000000 1.000000 1.000000
4648.318359 0.000000 2000.114990 0.000000 0.148623 0.000000 -0.988894 1.000000 1.000000 1.000000
4644.605957 0.000000 2072.080811 0.000000 0.067257 0.000000 -0.997736 1.000000 1.000000 1.000000
4705.216797 0.000000 2071.416260 0.000000 0.022576 0.000000 -0.999745 1.000000 1.000000 1.000000
4707.306152 0.000000 2068.629883 0.000000 0.187134 0.000000 -0.982334 1.000000 1.000000 1.000000
4707.572754 0.000000 2070.874756 0.000000 0.070114 0.000000 -0.997539 1.000000 1.000000 1.000000
4869.856445 0.000000 1889.931641 0.000000 0.017439 0.000000 -0.999848 1.000000 1.000000 1.000000
4976.122070 0.000000 1958.260010 0.000000 0.176559 0.000000 -0.984290 1.000000 1.000000 1.000000
5036.290039 0.000000 1907.514648 0.000000 0.136320 0.000000 -0.990665 1.000000 1.000000 1.000000
5038.200684 0.000000 1932.473633 0.000000 0.071601 0.000000 -0.997433 1.000000 1.000000 1.000000
4621.632324 0.000000 2090.957031 0.000000 0.166538 0.000000 -0.986035 1.000000 1.000000 1.000000
4621.281250 0.000000 2092.641113 0.000000 0.064810 0.000000 -0.997898 1.000000 1.000000 1.000000
4607.837891 0.000000 2122.364014 0.000000 0.140297 0.000000 -0.990110 1.000000 1.000000 1.000000
4619.478516 0.000000 2081.315674 0.000000 0.079800 0.000000 -0.996811 1.000000 1.000000 1.000000
4611.371582 0.000000 2122.019043 0.000000 0.059530 0.000000 -0.998227 1.000000 1.000000 1.000000
4698.600586 0.000000 2102.315674 0.000000 0.157164 0.000000 -0.987573 1.000000 1.000000 1.000000
4697.644531 0.000000 2096.063721 0.000000 0.018436 0.000000 -0.999830 1.000000 1.000000 1.000000
4698.419922 0.000000 2105.188721 0.000000 0.185245 0.000000 -0.982692 1.000000 1.000000 1.000000
4698.190918 0.000000 2097.600342 0.000000 0.150960 0.000000 -0.988540 1.000000 1.000000 1.000000
4636.767090 0.000000 2132.064453 0.000000 0.171524 0.000000 -0.985180 1.000000 1.000000 1.000000
4692.760742 0.000000 2133.556641 0.000000 0.063106 0.000000 -0.998007 1.000000 1.000000 1.000000
4682.244629 0.000000 2134.284912 0.000000 0.095546 0.000000 -0.995425 1.000000 1.000000 1.000000
5155.518066 0.000000 1929.148193 0.000000 0.131079 0.000000 -0.991372 1.000000 1.000000 1.000000
5174.127441 0.000000 1938.096191 0.000000 0.082812 0.000000 -0.996565 1.000000 1.000000 1.000000
5240.007324 0.000000 1981.207031 0.000000 0.110602 0.000000 -0.993865 1.000000 1.000000 1.000000
5279.735840 0.000000 1948.557129 0.000000 0.031817 0.000000 -0.999494 1.000000 1.000000 1.000000
5351.968262 0.000000 1942.855835 0.000000 0.077111 0.000000 -0.997023 1.000000 1.000000 1.000000
5351.103516 0.000000 1944.598755 0.000000 0.100645 0.000000 -0.994922 1.000000 1.000000 1.000000
5213.043457 0.000000 1994.011353 0.000000 0.188316 0.000000 -0.982108 1.000000 1.000000 1.000000
5374.291504 0.000000 2011.468384 0.000000 0.009275 0.000000 -0.999957 1.000000 1.000000 1.000000
5313.306152 0.000000 2013.002930 0.000000 0.140249 0.000000 -0.990116 1.000000 1.000000 1.000000
5366.536621 0.000000 2029.177612 0.000000 0.055942 0.000000 -0.998434 1.000000 1.000000 1.000000
5401.021484 0.000000 1975.450562 0.000000 0.127691 0.000000 -0.991814 1.000000 1.000000 1.000000
5482.198730 0.000000 2058.397461 0.000000 0.110401 0.000000 -0.993887 1.000000 1.000000 1.000000
5489.063477 0.000000 2067.768555 0.000000 0.044938 0.000000 -0.998990 1.000000 1.000000 1.000000
5478.516113 0.000000 2048.946777 0.000000 0.027147 0.000000 -0.999631 1.000000 1.000000 1.000000
5526.643555 0.000000 2009.694092 0.000000 0.120010 0.000000 -0.992773 1.000000 1.000000 1.000000
5511.042969 0.000000 2000.075562 0.000000 0.024903 0.000000 -0.999690 1.000000 1.000000 1.000000
5233.539551 0.000000 2138.878174 0.000000 0.043607 0.000000 -0.999049 1.000000 1.000000 1.000000
5410.539551 0.000000 2079.396973 0.000000 0.092146 0.000000 -0.995746 1.000000 1.000000 1.000000
5430.536133 0.000000 2142.813477 0.000000 0.138411 0.000000 -0.990375 1.000000 1.000000 1.000000
5494.458496 0.000000 2198.237793 0.000000 0.166256 0.000000 -0.986083 1.000000 1.000000 1.000000
5422.261719 0.000000 2225.174316 0.000000 0.040617 0.000000 -0.999175 1.000000 1.000000 1.000000
5580.166504 0.000000 2240.383057 0.000000 0.155839 0.000000 -0.987782 1.000000 1.000000 1.000000
4932.474121 0.000000 2471.844971 0.000000 0.080345 0.000000 -0.996767 1.000000 1.000000 1.000000
5089.169922 0.000000 2638.322510 0.000000 0.038662 0.000000 -0.999252 1.000000 1.000000 1.000000
5087.533203 0.000000 2642.811279 0.000000 0.071159 0.000000 -0.997465 1.000000 1.000000 1.000000
5286.045410 0.000000 2344.132568 0.000000 0.158303 0.000000 -0.987391 1.000000 1.000000 1.000000
5352.175781 0.000000 2418.753906 0.000000 0.016032 0.000000 -0.999871 1.000000 1.000000 1.000000
5350.449707 0.000000 2414.455322 0.000000 0.154540 0.000000 -0.987987 1.000000 1.000000 1.000000
5605.548340 0.000000 2308.077148 0.000000 0.113342 0.000000 -0.993556 1.000000 1.000000 1.000000
5554.850586 0.000000 2345.805908 0.000000 0.091151 0.000000 -0.995837 1.000000 1.000000 1.000000
5544.759277 0.000000 2405.686523 0.000000 0.008108 0.000000 -0.999967 1.000000 1.000000 1.000000
5561.675781 0.000000 2365.749023 0.000000 0.113531 0.000000 -0.993534 1.000000 1.000000 1.000000
5590.635742 0.000000 2387.631592 0.000000 0.069851 0.000000 -0.997557 1.000000 1.000000 1.000000
5544.152344 0.000000 2418.753906 0.000000 0.012298 0.000000 -0.999924 1.000000 1.000000 1.000000
5542.041016 0.000000 2410.239014 0.000000 0.010001 0.000000 -0.999950 1.000000 1.000000 1.000000
5568.308105 0.000000 2464.678223 0.000000 0.002613 0.000000 -0.999997 1.000000 1.000000 1.000000
5598.330566 0.000000 2504.617676 0.000000 0.120432 0.000000 -0.992722 1.000000 1.000000 1.000000
5582.421875 0.000000 2537.113770 0.000000 0.027880 0.000000 -0.999611 1.000000 1.000000 1.000000
5739.930664 0.000000 2325.260010 0.000000 0.022145 0.000000 -0.999755 1.000000 1.000000 1.000000
5699.080566 0.000000 2373.088623 0.000000 0.045701 0.000000 -0.998955 1.000000 1.000000 1.000000
5953.858887 0.000000 2375.113770 0.000000 0.079946 0.000000 -0.996799 1.000000 1.000000 1.000000
5994.577637 0.000000 2425.343262 0.000000 0.188995 0.000000 -0.981978 1.000000 1.000000 1.000000
5974.480957 0.000000 2453.315674 0.000000 0.083674 0.000000 -0.996493 1.000000 1.000000 1.000000
6140.365234 0.000000 2399.146973 0.000000 0.186803 0.000000 -0.982397 1.000000 1.000000 1.000000
6131.749512 0.000000 2389.296875 0.000000 0.108113 0.000000 -0.994139 1.000000 1.000000 1.000000
6026.706543 0.000000 2420.052979 0.000000 0.026705 0.000000 -0.999643 1.000000 1.000000 1.000000
6016.283691 0.000000 2432.272949 0.000000 0.008875 0.000000 -0.999961 1.000000 1.000000 1.000000
6064.500000 0.000000 2443.081787 0.000000 0.115299 0.000000 -0.993331 1.000000 1.000000 1.000000
6063.208496 0.000000 2425.051025 0.000000 0.159953 0.000000 -0.987125 1.000000 1.000000 1.000000
6100.224121 0.000000 2452.947998 0.000000 0.030279 0.000000 -0.999541 1.000000 1.000000 1.000000
5709.499512 0.000000 2516.136719 0.000000 0.019902 0.000000 -0.999802 1.000000 1.000000 1.000000
5820.081543 0.000000 2487.082520 0.000000 0.099959 0.000000 -0.994992 1.000000 1.000000 1.000000
5846.952637 0.000000 2519.075684 0.000000 0.053420 0.000000 -0.998572 1.000000 1.000000 1.000000
5644.543945 0.000000 2575.922119 0.000000 0.048179 0.000000 -0.998839 1.000000 1.000000 1.000000
5700.109375 0.000000 2582.570557 0.000000 0.055361 0.000000 -0.998466 1.000000 1.000000 1.000000
5812.943359 0.000000 2601.591797 0.000000 0.139660 0.000000 -0.990200 1.000000 1.000000 1.000000
5847.688965 0.000000 2600.096924 0.000000 0.038886 0.000000 -0.999244 1.000000 1.000000 1.000000
5850.654785 0.000000 2639.304199 0.000000 0.076189 0.000000 -0.997093 1.000000 1.000000 1.000000
5825.649902 0.000000 2613.726807 0.000000 0.096486 0.000000 -0.995334 1.000000 1.000000 1.000000
5853.674805 0.000000 2602.895508 0.000000 0.133660 0.000000 -0.991027 1.000000 1.000000 1.000000
6084.559082 0.000000 2469.455078 0.000000 0.034144 0.000000 -0.999417 1.000000 1.000000 1.000000
6003.991211 0.000000 2611.644775 0.000000 0.172645 0.000000 -0.984984 1.000000 1.000000 1.000000
6061.260254 0.000000 2586.103027 0.000000 0.072370 0.000000 -0.997378 1.000000 1.000000 1.000000
6025.803711 0.000000 2554.172607 0.000000 0.162355 0.000000 -0.986732 1.000000 1.000000 1.000000
5564.304199 0.000000 2987.114746 0.000000 0.158338 0.000000 -0.987385 1.000000 1.000000 1.000000
5779.127441 0.000000 2668.811279 0.000000 0.179391 0.000000 -0.983778 1.000000 1.000000 1.000000
5818.130371 0.000000 2766.749268 0.000000 0.065323 0.000000 -0.997864 1.000000 1.000000 1.000000
5821.788086 0.000000 2769.364746 0.000000 0.162402 0.000000 -0.986725 1.000000 1.000000 1.000000
6066.070801 0.000000 2648.575439 0.000000 0.176388 0.000000 -0.984321 1.000000 1.000000 1.000000
5834.848145 0.000000 2928.924805 0.000000 0.043070 0.000000 -0.999072 1.000000 1.000000 1.000000
5641.105469 0.000000 2974.755371 0.000000 0.148896 0.000000 -0.988853 1.000000 1.000000 1.000000
5748.752441 0.000000 2944.712891 0.000000 0.098138 0.000000 -0.995173 1.000000 1.000000 1.000000
5814.207031 0.000000 2940.969238 0.000000 0.081434 0.000000 -0.996679 1.000000 1.000000 1.000000
5812.943359 0.000000 2932.287109 0.000000 0.023050 0.000000 -0.999734 1.000000 1.000000 1.000000
5788.626465 0.000000 2935.181641 0.000000 0.182797 0.000000 -0.983151 1.000000 1.000000 1.000000
5759.304199 0.000000 2967.719727 0.000000 0.079770 0.000000 -0.996813 1.000000 1.000000 1.000000
5832.391113 0.000000 2929.064941 0.000000 0.002042 0.000000 -0.999998 1.000000 1.000000 1.000000
5919.772461 0.000000 2943.776367 0.000000 0.135450 0.000000 -0.990784 1.000000 1.000000 1.000000
5912.565918 0.000000 2948.967285 0.000000 0.112049 0.000000 -0.993703 1.000000 1.000000 1.000000
5940.927734 0.000000 2979.529297 0.000000 0.085308 0.000000 -0.996355 1.000000 1.000000 1.000000
5929.937012 0.000000 3006.727539 0.000000 0.009073 0.000000 -0.999959 1.000000 1.000000 1.000000
6007.173828 0.000000 2990.903809 0.000000 0.130405 0.000000 -0.991461 1.000000 1.000000 1.000000
6073.101074 0.000000 2945.421631 0.000000 0.088340 0.000000 -0.996090 1.000000 1.000000 1.000000
6078.028809 0.000000 2987.209229 0.000000 0.064993 0.000000 -0.997886 1.000000 1.000000 1.000000
6181.085449 0.000000 2737.988525 0.000000 0.022110 0.000000 -0.999756 1.000000 1.000000 1.000000
6216.377441 0.000000 2707.526855 0.000000 0.160706 0.000000 -0.987002 1.000000 1.000000 1.000000
6273.640625 0.000000 2655.756836 0.000000 0.148180 0.000000 -0.988960 1.000000 1.000000 1.000000
6242.378906 0.000000 2749.738037 0.000000 0.068062 0.000000 -0.997681 1.000000 1.000000 1.000000
6266.271973 0.000000 2780.639404 0.000000 0.145199 0.000000 -0.989402 1.000000 1.000000 1.000000
6266.271973 0.000000 2827.881592 0.000000 0.102403 0.000000 -0.994743 1.000000 1.000000 1.000000
6355.477539 0.000000 2754.455078 0.000000 0.119558 0.000000 -0.992827 1.000000 1.000000 1.000000
6349.168945 0.000000 2791.218506 0.000000 0.120529 0.000000 -0.992710 1.000000 1.000000 1.000000
6439.529297 0.000000 2789.112061 0.000000 0.097471 0.000000 -0.995238 1.000000 1.000000 1.000000
6424.919922 0.000000 2791.541260 0.000000 0.035846 0.000000 -0.999357 1.000000 1.000000 1.000000
6528.206543 0.000000 2750.980469 0.000000 0.116948 0.000000 -0.993138 1.000000 1.000000 1.000000
6312.665527 0.000000 2878.108398 0.000000 0.032990 0.000000 -0.999456 1.000000 1.000000 1.000000
6160.316406 0.000000 2967.377197 0.000000 0.138278 0.000000 -0.990394 1.000000 1.000000 1.000000
6410.211426 0.000000 2925.609863 0.000000 0.046257 0.000000 -0.998930 1.000000 1.000000 1.000000
6645.025879 0.000000 2950.954102 0.000000 0.163640 0.000000 -0.986520 1.000000 1.000000 1.000000
4092.631104 0.000000 3163.592041 0.000000 0.119071 0.000000 -0.992886 1.000000 1.000000 1.000000
4101.950195 0.000000 3165.470947 0.000000 0.052512 0.000000 -0.998620 1.000000 1.000000 1.000000
4889.083984 0.000000 3487.200684 0.000000 0.059054 0.000000 -0.998255 1.000000 1.000000 1.000000
5114.439941 0.000000 3636.284424 0.000000 0.070655 0.000000 -0.997501 1.000000 1.000000 1.000000
5266.195312 0.000000 3114.554688 0.000000 0.118176 0.000000 -0.992993 1.000000 1.000000 1.000000
5300.077148 0.000000 3178.551025 0.000000 0.155144 0.000000 -0.987892 1.000000 1.000000 1.000000
5336.707031 0.000000 3241.370361 0.000000 0.184822 0.000000 -0.982772 1.000000 1.000000 1.000000
5672.193359 0.000000 3133.927734 0.000000 0.087636 0.000000 -0.996153 1.000000 1.000000 1.000000
5701.832031 0.000000 3340.038574 0.000000 0.168716 0.000000 -0.985665 1.000000 1.000000 1.000000
5092.371582 0.000000 3808.603516 0.000000 0.074668 0.000000 -0.997208 1.000000 1.000000 1.000000
5218.503906 0.000000 3789.066162 0.000000 0.081712 0.000000 -0.996656 1.000000 1.000000 1.000000
5203.803711 0.000000 3972.229004 0.000000 0.165728 0.000000 -0.986172 1.000000 1.000000 1.000000
5869.091309 0.000000 4037.050049 0.000000 0.087125 0.000000 -0.996197 1.000000 1.000000 1.000000
6484.177246 0.000000 3303.307373 0.000000 0.121235 0.000000 -0.992624 1.000000 1.000000 1.000000
6527.502930 0.000000 3226.082031 0.000000 0.165379 0.000000 -0.986230 1.000000 1.000000 1.000000
6484.177246 0.000000 3397.791748 0.000000 0.033848 0.000000 -0.999427 1.000000 1.000000 1.000000
6466.981445 0.000000 3356.942871 0.000000 0.137260 0.000000 -0.990535 1.000000 1.000000 1.000000
6529.596191 0.000000 3311.074707 0.000000 0.166546 0.000000 -0.986034 1.000000 1.000000 1.000000
6228.802734 0.000000 3513.819824 0.000000 0.017727 0.000000 -0.999843 1.000000 1.000000 1.000000
6236.479492 0.000000 3717.718506 0.000000 0.127700 0.000000 -0.991813 1.000000 1.000000 1.000000
"}
