object={
	name="tree_sakura_forest_generator_0"
	render_pass=Map
	clamp_to_water_level=no
	generated_content=yes
	layer="tree_high_layer"
	pdxmesh="tree_sakura_01_mesh"
	count=430
	transform="7158.255371 0.000000 2434.448730 0.000000 0.095556 0.000000 0.995424 1.000000 1.000000 1.000000
7153.376465 0.000000 2500.630615 0.000000 0.067470 0.000000 0.997721 1.000000 1.000000 1.000000
7156.466309 0.000000 2500.664551 0.000000 0.854439 0.000000 0.519552 1.000000 1.000000 1.000000
7153.051270 0.000000 2486.070068 0.000000 0.699521 0.000000 0.714612 1.000000 1.000000 1.000000
7152.495117 0.000000 2488.155762 0.000000 0.848396 0.000000 0.529362 1.000000 1.000000 1.000000
7153.747559 0.000000 2491.437744 0.000000 0.365981 0.000000 0.930622 1.000000 1.000000 1.000000
7125.584961 0.000000 2463.255127 0.000000 0.266551 0.000000 0.963821 1.000000 1.000000 1.000000
7155.323242 0.000000 2501.462158 0.000000 0.600844 0.000000 0.799366 1.000000 1.000000 1.000000
7155.241699 0.000000 2492.561279 0.000000 0.422355 0.000000 0.906430 1.000000 1.000000 1.000000
7156.779297 0.000000 2507.107422 0.000000 0.078439 0.000000 0.996919 1.000000 1.000000 1.000000
7155.390625 0.000000 2508.316895 0.000000 0.771044 0.000000 0.636782 1.000000 1.000000 1.000000
7157.052246 0.000000 2508.505371 0.000000 0.403178 0.000000 0.915121 1.000000 1.000000 1.000000
7170.061523 0.000000 2542.906250 0.000000 0.679116 0.000000 0.734031 1.000000 1.000000 1.000000
7357.600586 0.000000 2533.153809 0.000000 0.729515 0.000000 0.683965 1.000000 1.000000 1.000000
7357.549805 0.000000 2534.799072 0.000000 0.194087 0.000000 0.980984 1.000000 1.000000 1.000000
7180.307129 0.000000 2595.173340 0.000000 0.655705 0.000000 0.755017 1.000000 1.000000 1.000000
7192.982422 0.000000 2551.180176 0.000000 0.277947 0.000000 0.960596 1.000000 1.000000 1.000000
7214.680664 0.000000 2598.260498 0.000000 0.069040 0.000000 0.997614 1.000000 1.000000 1.000000
7183.004395 0.000000 2597.934814 0.000000 0.199821 0.000000 0.979832 1.000000 1.000000 1.000000
7183.403809 0.000000 2559.136963 0.000000 0.372337 0.000000 0.928098 1.000000 1.000000 1.000000
7257.954102 0.000000 2582.388428 0.000000 0.216149 0.000000 0.976360 1.000000 1.000000 1.000000
7242.676270 0.000000 2598.229492 0.000000 0.134295 0.000000 0.990941 1.000000 1.000000 1.000000
7215.489258 0.000000 2602.514648 0.000000 0.125428 0.000000 0.992103 1.000000 1.000000 1.000000
7217.930176 0.000000 2601.333252 0.000000 0.598559 0.000000 0.801079 1.000000 1.000000 1.000000
7228.875977 0.000000 2632.678223 0.000000 0.828441 0.000000 0.560076 1.000000 1.000000 1.000000
7264.904297 0.000000 2638.322510 0.000000 0.829654 0.000000 0.558278 1.000000 1.000000 1.000000
7240.910156 0.000000 2644.060059 0.000000 0.017075 0.000000 0.999854 1.000000 1.000000 1.000000
7271.080566 0.000000 2626.468506 0.000000 0.780433 0.000000 0.625239 1.000000 1.000000 1.000000
7262.057129 0.000000 2644.310059 0.000000 0.071057 0.000000 0.997472 1.000000 1.000000 1.000000
7258.107422 0.000000 2624.852783 0.000000 0.273620 0.000000 0.961838 1.000000 1.000000 1.000000
7287.017578 0.000000 2612.966309 0.000000 0.503342 0.000000 0.864087 1.000000 1.000000 1.000000
7286.102051 0.000000 2632.039307 0.000000 0.105432 0.000000 0.994427 1.000000 1.000000 1.000000
7269.036133 0.000000 2624.881592 0.000000 0.703692 0.000000 0.710505 1.000000 1.000000 1.000000
7256.828125 0.000000 2642.765137 0.000000 0.297831 0.000000 0.954619 1.000000 1.000000 1.000000
7272.356445 0.000000 2630.431641 0.000000 0.803359 0.000000 0.595495 1.000000 1.000000 1.000000
7285.469727 0.000000 2633.863281 0.000000 0.143489 0.000000 0.989652 1.000000 1.000000 1.000000
7260.569336 0.000000 2638.032227 0.000000 0.738938 0.000000 0.673774 1.000000 1.000000 1.000000
7263.267578 0.000000 2642.811279 0.000000 0.637887 0.000000 0.770130 1.000000 1.000000 1.000000
7263.148926 0.000000 2639.386963 0.000000 0.397714 0.000000 0.917509 1.000000 1.000000 1.000000
7236.708984 0.000000 2609.359863 0.000000 0.180962 0.000000 0.983490 1.000000 1.000000 1.000000
7259.233887 0.000000 2625.963623 0.000000 0.668779 0.000000 0.743462 1.000000 1.000000 1.000000
7262.541016 0.000000 2640.756104 0.000000 0.058607 0.000000 0.998281 1.000000 1.000000 1.000000
7291.102051 0.000000 2645.365723 0.000000 0.373255 0.000000 0.927729 1.000000 1.000000 1.000000
7289.089355 0.000000 2645.397949 0.000000 0.440088 0.000000 0.897954 1.000000 1.000000 1.000000
7243.624512 0.000000 2598.348389 0.000000 0.690833 0.000000 0.723014 1.000000 1.000000 1.000000
7263.978516 0.000000 2625.901611 0.000000 0.268365 0.000000 0.963317 1.000000 1.000000 1.000000
7263.682617 0.000000 2624.041260 0.000000 0.431184 0.000000 0.902264 1.000000 1.000000 1.000000
7266.853027 0.000000 2626.944824 0.000000 0.592469 0.000000 0.805593 1.000000 1.000000 1.000000
7237.099609 0.000000 2608.145508 0.000000 0.510550 0.000000 0.859848 1.000000 1.000000 1.000000
7237.873535 0.000000 2609.537598 0.000000 0.054224 0.000000 0.998529 1.000000 1.000000 1.000000
7354.166504 0.000000 2596.956299 0.000000 0.831986 0.000000 0.554796 1.000000 1.000000 1.000000
7314.332031 0.000000 2571.198975 0.000000 0.663385 0.000000 0.748278 1.000000 1.000000 1.000000
7337.217773 0.000000 2597.768799 0.000000 0.560420 0.000000 0.828209 1.000000 1.000000 1.000000
7335.903809 0.000000 2592.283936 0.000000 0.256116 0.000000 0.966646 1.000000 1.000000 1.000000
7316.871582 0.000000 2571.353271 0.000000 0.532033 0.000000 0.846724 1.000000 1.000000 1.000000
7310.285645 0.000000 2574.662842 0.000000 0.027675 0.000000 0.999617 1.000000 1.000000 1.000000
7312.904297 0.000000 2574.654053 0.000000 0.357265 0.000000 0.934003 1.000000 1.000000 1.000000
7341.284180 0.000000 2587.977295 0.000000 0.094229 0.000000 0.995551 1.000000 1.000000 1.000000
7303.217773 0.000000 2578.990479 0.000000 0.178844 0.000000 0.983877 1.000000 1.000000 1.000000
7355.094238 0.000000 2598.123535 0.000000 0.048812 0.000000 0.998808 1.000000 1.000000 1.000000
7339.037109 0.000000 2588.005127 0.000000 0.765511 0.000000 0.643422 1.000000 1.000000 1.000000
7341.104004 0.000000 2633.345215 0.000000 0.380398 0.000000 0.924823 1.000000 1.000000 1.000000
7328.321289 0.000000 2622.889160 0.000000 0.809007 0.000000 0.587799 1.000000 1.000000 1.000000
7332.532715 0.000000 2622.458008 0.000000 0.307089 0.000000 0.951681 1.000000 1.000000 1.000000
7364.177246 0.000000 2613.571533 0.000000 0.444565 0.000000 0.895746 1.000000 1.000000 1.000000
7366.753418 0.000000 2610.335938 0.000000 0.058425 0.000000 0.998292 1.000000 1.000000 1.000000
7368.308105 0.000000 2611.114502 0.000000 0.818581 0.000000 0.574391 1.000000 1.000000 1.000000
7220.004883 0.000000 2646.103760 0.000000 0.804589 0.000000 0.593831 1.000000 1.000000 1.000000
7221.877441 0.000000 2646.729248 0.000000 0.848369 0.000000 0.529406 1.000000 1.000000 1.000000
7276.298828 0.000000 2659.780518 0.000000 0.224598 0.000000 0.974452 1.000000 1.000000 1.000000
7276.016602 0.000000 2663.389893 0.000000 0.534648 0.000000 0.845075 1.000000 1.000000 1.000000
7260.311035 0.000000 2648.656494 0.000000 0.190471 0.000000 0.981693 1.000000 1.000000 1.000000
7266.560547 0.000000 2677.138428 0.000000 0.559696 0.000000 0.828698 1.000000 1.000000 1.000000
7281.537109 0.000000 2653.400635 0.000000 0.109325 0.000000 0.994006 1.000000 1.000000 1.000000
7254.072754 0.000000 2645.582764 0.000000 0.773259 0.000000 0.634090 1.000000 1.000000 1.000000
7255.576660 0.000000 2649.370850 0.000000 0.638617 0.000000 0.769525 1.000000 1.000000 1.000000
7285.869629 0.000000 2646.729248 0.000000 0.471890 0.000000 0.881657 1.000000 1.000000 1.000000
7270.163086 0.000000 2655.114014 0.000000 0.370620 0.000000 0.928784 1.000000 1.000000 1.000000
7260.536133 0.000000 2647.031250 0.000000 0.348224 0.000000 0.937411 1.000000 1.000000 1.000000
7259.011230 0.000000 2648.240723 0.000000 0.753162 0.000000 0.657836 1.000000 1.000000 1.000000
7276.967285 0.000000 2656.345459 0.000000 0.863858 0.000000 0.503736 1.000000 1.000000 1.000000
7259.312012 0.000000 2647.143311 0.000000 0.779641 0.000000 0.626227 1.000000 1.000000 1.000000
7290.792969 0.000000 2645.589355 0.000000 0.325147 0.000000 0.945664 1.000000 1.000000 1.000000
7271.794922 0.000000 2652.633789 0.000000 0.549911 0.000000 0.835223 1.000000 1.000000 1.000000
7329.045898 0.000000 2691.051025 0.000000 0.139690 0.000000 0.990195 1.000000 1.000000 1.000000
7303.568359 0.000000 2654.100586 0.000000 0.728817 0.000000 0.684709 1.000000 1.000000 1.000000
7344.343750 0.000000 2679.292725 0.000000 0.848874 0.000000 0.528596 1.000000 1.000000 1.000000
7334.084473 0.000000 2688.404541 0.000000 0.019722 0.000000 0.999806 1.000000 1.000000 1.000000
7311.410645 0.000000 2678.135742 0.000000 0.612972 0.000000 0.790104 1.000000 1.000000 1.000000
7302.228516 0.000000 2655.629395 0.000000 0.817619 0.000000 0.575759 1.000000 1.000000 1.000000
7319.561035 0.000000 2659.027588 0.000000 0.583503 0.000000 0.812111 1.000000 1.000000 1.000000
7352.545410 0.000000 2687.114014 0.000000 0.480501 0.000000 0.876994 1.000000 1.000000 1.000000
7337.825684 0.000000 2690.465088 0.000000 0.584067 0.000000 0.811706 1.000000 1.000000 1.000000
7331.842285 0.000000 2692.138184 0.000000 0.044716 0.000000 0.999000 1.000000 1.000000 1.000000
7352.439941 0.000000 2688.558594 0.000000 0.605477 0.000000 0.795863 1.000000 1.000000 1.000000
7344.631836 0.000000 2654.642334 0.000000 0.210612 0.000000 0.977570 1.000000 1.000000 1.000000
7318.147461 0.000000 2656.224121 0.000000 0.317296 0.000000 0.948326 1.000000 1.000000 1.000000
7400.532715 0.000000 2689.139648 0.000000 0.151801 0.000000 0.988411 1.000000 1.000000 1.000000
7389.236816 0.000000 2682.872803 0.000000 0.234414 0.000000 0.972137 1.000000 1.000000 1.000000
7380.476562 0.000000 2683.635986 0.000000 0.757651 0.000000 0.652660 1.000000 1.000000 1.000000
7389.365723 0.000000 2687.046143 0.000000 0.481530 0.000000 0.876429 1.000000 1.000000 1.000000
7361.547363 0.000000 2666.178955 0.000000 0.517907 0.000000 0.855437 1.000000 1.000000 1.000000
7381.284668 0.000000 2668.873047 0.000000 0.462759 0.000000 0.886484 1.000000 1.000000 1.000000
7379.154297 0.000000 2675.997803 0.000000 0.102950 0.000000 0.994687 1.000000 1.000000 1.000000
7378.221191 0.000000 2678.916016 0.000000 0.065655 0.000000 0.997842 1.000000 1.000000 1.000000
7373.353027 0.000000 2667.281250 0.000000 0.757342 0.000000 0.653018 1.000000 1.000000 1.000000
7383.838867 0.000000 2685.851807 0.000000 0.645962 0.000000 0.763370 1.000000 1.000000 1.000000
7406.803711 0.000000 2685.324463 0.000000 0.073949 0.000000 0.997262 1.000000 1.000000 1.000000
7388.553711 0.000000 2685.274414 0.000000 0.469565 0.000000 0.882898 1.000000 1.000000 1.000000
7377.741211 0.000000 2670.736328 0.000000 0.857763 0.000000 0.514046 1.000000 1.000000 1.000000
7380.852051 0.000000 2670.482910 0.000000 0.337990 0.000000 0.941150 1.000000 1.000000 1.000000
7392.981934 0.000000 2677.794678 0.000000 0.190581 0.000000 0.981672 1.000000 1.000000 1.000000
7378.771484 0.000000 2677.480469 0.000000 0.037235 0.000000 0.999307 1.000000 1.000000 1.000000
7373.713379 0.000000 2648.127930 0.000000 0.719544 0.000000 0.694446 1.000000 1.000000 1.000000
7390.525391 0.000000 2687.998291 0.000000 0.544254 0.000000 0.838920 1.000000 1.000000 1.000000
7388.041016 0.000000 2686.617432 0.000000 0.675864 0.000000 0.737026 1.000000 1.000000 1.000000
7370.902832 0.000000 2666.596924 0.000000 0.222677 0.000000 0.974892 1.000000 1.000000 1.000000
7373.421387 0.000000 2665.924805 0.000000 0.353191 0.000000 0.935551 1.000000 1.000000 1.000000
7375.863281 0.000000 2668.374268 0.000000 0.652743 0.000000 0.757580 1.000000 1.000000 1.000000
7388.304199 0.000000 2683.679199 0.000000 0.500513 0.000000 0.865729 1.000000 1.000000 1.000000
7331.483398 0.000000 2692.860352 0.000000 0.685315 0.000000 0.728247 1.000000 1.000000 1.000000
7336.020996 0.000000 2692.839844 0.000000 0.287748 0.000000 0.957706 1.000000 1.000000 1.000000
7332.769531 0.000000 2692.878662 0.000000 0.178738 0.000000 0.983897 1.000000 1.000000 1.000000
7382.377930 0.000000 2704.670410 0.000000 0.163126 0.000000 0.986605 1.000000 1.000000 1.000000
7370.543945 0.000000 2694.500488 0.000000 0.429794 0.000000 0.902927 1.000000 1.000000 1.000000
7384.779297 0.000000 2731.325684 0.000000 0.491790 0.000000 0.870714 1.000000 1.000000 1.000000
7404.878418 0.000000 2700.647461 0.000000 0.039739 0.000000 0.999210 1.000000 1.000000 1.000000
7416.429688 0.000000 2726.725342 0.000000 0.815539 0.000000 0.578702 1.000000 1.000000 1.000000
7382.661133 0.000000 2730.708252 0.000000 0.115524 0.000000 0.993305 1.000000 1.000000 1.000000
7419.830078 0.000000 2725.297852 0.000000 0.419674 0.000000 0.907675 1.000000 1.000000 1.000000
7361.494629 0.000000 2696.926270 0.000000 0.730543 0.000000 0.682867 1.000000 1.000000 1.000000
7382.698730 0.000000 2721.005371 0.000000 0.861294 0.000000 0.508107 1.000000 1.000000 1.000000
7364.585938 0.000000 2694.731201 0.000000 0.282535 0.000000 0.959257 1.000000 1.000000 1.000000
7377.673340 0.000000 2703.260254 0.000000 0.518963 0.000000 0.854797 1.000000 1.000000 1.000000
7374.225586 0.000000 2703.777100 0.000000 0.859167 0.000000 0.511695 1.000000 1.000000 1.000000
7373.713379 0.000000 2695.370117 0.000000 0.114953 0.000000 0.993371 1.000000 1.000000 1.000000
7384.755859 0.000000 2723.175537 0.000000 0.746382 0.000000 0.665518 1.000000 1.000000 1.000000
7397.857910 0.000000 2723.589600 0.000000 0.682232 0.000000 0.731136 1.000000 1.000000 1.000000
7375.160645 0.000000 2698.208252 0.000000 0.348395 0.000000 0.937348 1.000000 1.000000 1.000000
7374.117188 0.000000 2696.461670 0.000000 0.612428 0.000000 0.790526 1.000000 1.000000 1.000000
7362.661621 0.000000 2696.684082 0.000000 0.465554 0.000000 0.885019 1.000000 1.000000 1.000000
7281.289551 0.000000 2800.268799 0.000000 0.741341 0.000000 0.671129 1.000000 1.000000 1.000000
7276.252441 0.000000 2819.471680 0.000000 0.017386 0.000000 0.999849 1.000000 1.000000 1.000000
7276.238281 0.000000 2816.337891 0.000000 0.323184 0.000000 0.946336 1.000000 1.000000 1.000000
7288.445312 0.000000 2821.209717 0.000000 0.666080 0.000000 0.745880 1.000000 1.000000 1.000000
7294.611328 0.000000 2787.463623 0.000000 0.819230 0.000000 0.573466 1.000000 1.000000 1.000000
7277.087891 0.000000 2812.153076 0.000000 0.276401 0.000000 0.961042 1.000000 1.000000 1.000000
7278.177246 0.000000 2818.923340 0.000000 0.789992 0.000000 0.613117 1.000000 1.000000 1.000000
7318.424805 0.000000 2765.569092 0.000000 0.843496 0.000000 0.537135 1.000000 1.000000 1.000000
7306.355469 0.000000 2773.197998 0.000000 0.210795 0.000000 0.977530 1.000000 1.000000 1.000000
7298.750488 0.000000 2782.439697 0.000000 0.862768 0.000000 0.505601 1.000000 1.000000 1.000000
7335.072754 0.000000 2768.195068 0.000000 0.647636 0.000000 0.761950 1.000000 1.000000 1.000000
7322.681641 0.000000 2775.767334 0.000000 0.818998 0.000000 0.573797 1.000000 1.000000 1.000000
7339.380859 0.000000 2785.914551 0.000000 0.562917 0.000000 0.826513 1.000000 1.000000 1.000000
7318.316895 0.000000 2784.010986 0.000000 0.513942 0.000000 0.857825 1.000000 1.000000 1.000000
7310.006348 0.000000 2778.199219 0.000000 0.287364 0.000000 0.957821 1.000000 1.000000 1.000000
7336.944824 0.000000 2768.769287 0.000000 0.827731 0.000000 0.561125 1.000000 1.000000 1.000000
7331.484375 0.000000 2754.519775 0.000000 0.391175 0.000000 0.920316 1.000000 1.000000 1.000000
7350.964844 0.000000 2786.098877 0.000000 0.848037 0.000000 0.529937 1.000000 1.000000 1.000000
7391.416504 0.000000 2744.528320 0.000000 0.663071 0.000000 0.748556 1.000000 1.000000 1.000000
7362.038086 0.000000 2779.117188 0.000000 0.349220 0.000000 0.937041 1.000000 1.000000 1.000000
7385.316406 0.000000 2757.454346 0.000000 0.755220 0.000000 0.655471 1.000000 1.000000 1.000000
7388.777832 0.000000 2749.886475 0.000000 0.334784 0.000000 0.942295 1.000000 1.000000 1.000000
7422.874512 0.000000 2752.373535 0.000000 0.087258 0.000000 0.996186 1.000000 1.000000 1.000000
7359.401367 0.000000 2753.660156 0.000000 0.196861 0.000000 0.980431 1.000000 1.000000 1.000000
7418.145996 0.000000 2782.661377 0.000000 0.301430 0.000000 0.953488 1.000000 1.000000 1.000000
7393.719727 0.000000 2746.270752 0.000000 0.492059 0.000000 0.870562 1.000000 1.000000 1.000000
7374.343262 0.000000 2774.737549 0.000000 0.366027 0.000000 0.930604 1.000000 1.000000 1.000000
7419.318359 0.000000 2784.045898 0.000000 0.439197 0.000000 0.898391 1.000000 1.000000 1.000000
7368.483887 0.000000 2759.396240 0.000000 0.480813 0.000000 0.876823 1.000000 1.000000 1.000000
7383.361816 0.000000 2746.246826 0.000000 0.595050 0.000000 0.803689 1.000000 1.000000 1.000000
7396.982422 0.000000 2760.195557 0.000000 0.172291 0.000000 0.985046 1.000000 1.000000 1.000000
7366.827637 0.000000 2763.465088 0.000000 0.486971 0.000000 0.873418 1.000000 1.000000 1.000000
7381.553711 0.000000 2746.708252 0.000000 0.818702 0.000000 0.574218 1.000000 1.000000 1.000000
7369.660645 0.000000 2763.090088 0.000000 0.713668 0.000000 0.700484 1.000000 1.000000 1.000000
7368.400879 0.000000 2763.988281 0.000000 0.315183 0.000000 0.949031 1.000000 1.000000 1.000000
7396.996094 0.000000 2762.948975 0.000000 0.393879 0.000000 0.919162 1.000000 1.000000 1.000000
7356.487793 0.000000 2787.491943 0.000000 0.801467 0.000000 0.598039 1.000000 1.000000 1.000000
7327.600586 0.000000 2802.049805 0.000000 0.664329 0.000000 0.747440 1.000000 1.000000 1.000000
7355.591797 0.000000 2795.181152 0.000000 0.600319 0.000000 0.799761 1.000000 1.000000 1.000000
7349.242188 0.000000 2815.769043 0.000000 0.591728 0.000000 0.806138 1.000000 1.000000 1.000000
7296.112793 0.000000 2798.222656 0.000000 0.142711 0.000000 0.989764 1.000000 1.000000 1.000000
7335.152344 0.000000 2832.690918 0.000000 0.053975 0.000000 0.998542 1.000000 1.000000 1.000000
7319.561035 0.000000 2800.754150 0.000000 0.409797 0.000000 0.912177 1.000000 1.000000 1.000000
7347.902832 0.000000 2810.778809 0.000000 0.261271 0.000000 0.965266 1.000000 1.000000 1.000000
7307.545410 0.000000 2799.486816 0.000000 0.046347 0.000000 0.998925 1.000000 1.000000 1.000000
7349.969238 0.000000 2810.614258 0.000000 0.856848 0.000000 0.515570 1.000000 1.000000 1.000000
7310.994629 0.000000 2799.872559 0.000000 0.109908 0.000000 0.993942 1.000000 1.000000 1.000000
7354.187500 0.000000 2789.660400 0.000000 0.723818 0.000000 0.689991 1.000000 1.000000 1.000000
7297.270508 0.000000 2787.295166 0.000000 0.695929 0.000000 0.718111 1.000000 1.000000 1.000000
7297.607910 0.000000 2788.617676 0.000000 0.769096 0.000000 0.639133 1.000000 1.000000 1.000000
7351.772949 0.000000 2788.593994 0.000000 0.098499 0.000000 0.995137 1.000000 1.000000 1.000000
7405.096191 0.000000 2822.313965 0.000000 0.149523 0.000000 0.988758 1.000000 1.000000 1.000000
7362.742676 0.000000 2829.681885 0.000000 0.832912 0.000000 0.553405 1.000000 1.000000 1.000000
7411.166992 0.000000 2828.772461 0.000000 0.790779 0.000000 0.612101 1.000000 1.000000 1.000000
7364.079102 0.000000 2831.006104 0.000000 0.709497 0.000000 0.704709 1.000000 1.000000 1.000000
7413.014648 0.000000 2827.994141 0.000000 0.401979 0.000000 0.915649 1.000000 1.000000 1.000000
7405.276367 0.000000 2824.188232 0.000000 0.579912 0.000000 0.814679 1.000000 1.000000 1.000000
7412.731445 0.000000 2829.647705 0.000000 0.246156 0.000000 0.969230 1.000000 1.000000 1.000000
7479.389160 0.000000 2724.270264 0.000000 0.054678 0.000000 0.998504 1.000000 1.000000 1.000000
7428.312500 0.000000 2713.157227 0.000000 0.707405 0.000000 0.706808 1.000000 1.000000 1.000000
7461.321777 0.000000 2733.256836 0.000000 0.691664 0.000000 0.722220 1.000000 1.000000 1.000000
7458.983398 0.000000 2735.334717 0.000000 0.831092 0.000000 0.556135 1.000000 1.000000 1.000000
7429.598633 0.000000 2710.072754 0.000000 0.360791 0.000000 0.932647 1.000000 1.000000 1.000000
7462.628906 0.000000 2705.396729 0.000000 0.409056 0.000000 0.912509 1.000000 1.000000 1.000000
7482.123535 0.000000 2733.397217 0.000000 0.253040 0.000000 0.967456 1.000000 1.000000 1.000000
7458.976562 0.000000 2737.759033 0.000000 0.190536 0.000000 0.981680 1.000000 1.000000 1.000000
7478.105469 0.000000 2736.202148 0.000000 0.400392 0.000000 0.916344 1.000000 1.000000 1.000000
7458.375000 0.000000 2722.591309 0.000000 0.849508 0.000000 0.527575 1.000000 1.000000 1.000000
7462.159180 0.000000 2708.616943 0.000000 0.616409 0.000000 0.787426 1.000000 1.000000 1.000000
7476.203613 0.000000 2726.000000 0.000000 0.860627 0.000000 0.509236 1.000000 1.000000 1.000000
7476.723633 0.000000 2735.163330 0.000000 0.625540 0.000000 0.780192 1.000000 1.000000 1.000000
7460.548340 0.000000 2734.763184 0.000000 0.683820 0.000000 0.729651 1.000000 1.000000 1.000000
7455.520996 0.000000 2739.414062 0.000000 0.092823 0.000000 0.995683 1.000000 1.000000 1.000000
7461.717285 0.000000 2726.584717 0.000000 0.781293 0.000000 0.624164 1.000000 1.000000 1.000000
7475.284180 0.000000 2737.673096 0.000000 0.324160 0.000000 0.946002 1.000000 1.000000 1.000000
7456.455078 0.000000 2737.065674 0.000000 0.443029 0.000000 0.896507 1.000000 1.000000 1.000000
7443.344727 0.000000 2754.455078 0.000000 0.606006 0.000000 0.795460 1.000000 1.000000 1.000000
7435.631836 0.000000 2768.220459 0.000000 0.390429 0.000000 0.920633 1.000000 1.000000 1.000000
7452.423340 0.000000 2746.212891 0.000000 0.859625 0.000000 0.510926 1.000000 1.000000 1.000000
7476.427246 0.000000 2784.117676 0.000000 0.537284 0.000000 0.843402 1.000000 1.000000 1.000000
7479.733887 0.000000 2784.324463 0.000000 0.537529 0.000000 0.843245 1.000000 1.000000 1.000000
7434.056641 0.000000 2770.483643 0.000000 0.236591 0.000000 0.971609 1.000000 1.000000 1.000000
7432.195801 0.000000 2740.096191 0.000000 0.203565 0.000000 0.979061 1.000000 1.000000 1.000000
7455.841309 0.000000 2742.357422 0.000000 0.837907 0.000000 0.545813 1.000000 1.000000 1.000000
7450.728027 0.000000 2744.889160 0.000000 0.632810 0.000000 0.774307 1.000000 1.000000 1.000000
7453.479492 0.000000 2744.622070 0.000000 0.726839 0.000000 0.686808 1.000000 1.000000 1.000000
7454.125000 0.000000 2742.910400 0.000000 0.636038 0.000000 0.771658 1.000000 1.000000 1.000000
7430.895996 0.000000 2741.363281 0.000000 0.627618 0.000000 0.778521 1.000000 1.000000 1.000000
7474.511230 0.000000 2741.443115 0.000000 0.791094 0.000000 0.611695 1.000000 1.000000 1.000000
7423.135254 0.000000 2752.157715 0.000000 0.478508 0.000000 0.878083 1.000000 1.000000 1.000000
7433.631836 0.000000 2743.141357 0.000000 0.258976 0.000000 0.965884 1.000000 1.000000 1.000000
7450.987793 0.000000 2742.725098 0.000000 0.710365 0.000000 0.703833 1.000000 1.000000 1.000000
7451.970703 0.000000 2744.394043 0.000000 0.088901 0.000000 0.996040 1.000000 1.000000 1.000000
7432.163574 0.000000 2743.281250 0.000000 0.848085 0.000000 0.529860 1.000000 1.000000 1.000000
7431.022461 0.000000 2740.061523 0.000000 0.598326 0.000000 0.801253 1.000000 1.000000 1.000000
7442.924316 0.000000 2810.537842 0.000000 0.228417 0.000000 0.973563 1.000000 1.000000 1.000000
7442.304688 0.000000 2815.491943 0.000000 0.082091 0.000000 0.996625 1.000000 1.000000 1.000000
7461.321777 0.000000 2827.741211 0.000000 0.865079 0.000000 0.501635 1.000000 1.000000 1.000000
7458.983398 0.000000 2829.819092 0.000000 0.398662 0.000000 0.917098 1.000000 1.000000 1.000000
7454.437012 0.000000 2826.634033 0.000000 0.764537 0.000000 0.644580 1.000000 1.000000 1.000000
7433.810547 0.000000 2803.313965 0.000000 0.714735 0.000000 0.699395 1.000000 1.000000 1.000000
7457.350098 0.000000 2828.959473 0.000000 0.552430 0.000000 0.833559 1.000000 1.000000 1.000000
7460.276367 0.000000 2830.892822 0.000000 0.230928 0.000000 0.972971 1.000000 1.000000 1.000000
7435.318359 0.000000 2803.839111 0.000000 0.126543 0.000000 0.991961 1.000000 1.000000 1.000000
7480.782227 0.000000 2789.326660 0.000000 0.716783 0.000000 0.697297 1.000000 1.000000 1.000000
7424.147461 0.000000 2808.665283 0.000000 0.528865 0.000000 0.848706 1.000000 1.000000 1.000000
7448.762695 0.000000 2819.507568 0.000000 0.324998 0.000000 0.945715 1.000000 1.000000 1.000000
7426.895508 0.000000 2807.488037 0.000000 0.543233 0.000000 0.839582 1.000000 1.000000 1.000000
7492.161621 0.000000 2802.540283 0.000000 0.514096 0.000000 0.857733 1.000000 1.000000 1.000000
7499.624023 0.000000 2815.462646 0.000000 0.774258 0.000000 0.632870 1.000000 1.000000 1.000000
7506.795898 0.000000 2827.988525 0.000000 0.399736 0.000000 0.916630 1.000000 1.000000 1.000000
7492.645508 0.000000 2796.009766 0.000000 0.334954 0.000000 0.942234 1.000000 1.000000 1.000000
7498.645020 0.000000 2834.440430 0.000000 0.413431 0.000000 0.910535 1.000000 1.000000 1.000000
7496.122070 0.000000 2816.433594 0.000000 0.701517 0.000000 0.712653 1.000000 1.000000 1.000000
7505.826172 0.000000 2829.407227 0.000000 0.708413 0.000000 0.705798 1.000000 1.000000 1.000000
7504.081543 0.000000 2831.317871 0.000000 0.826427 0.000000 0.563043 1.000000 1.000000 1.000000
7505.046387 0.000000 2831.866943 0.000000 0.440755 0.000000 0.897627 1.000000 1.000000 1.000000
7594.183105 0.000000 2758.097168 0.000000 0.297306 0.000000 0.954782 1.000000 1.000000 1.000000
7589.566406 0.000000 2777.009766 0.000000 0.165968 0.000000 0.986131 1.000000 1.000000 1.000000
7583.075684 0.000000 2753.540771 0.000000 0.202314 0.000000 0.979321 1.000000 1.000000 1.000000
7589.253418 0.000000 2775.097900 0.000000 0.628798 0.000000 0.777569 1.000000 1.000000 1.000000
7636.401367 0.000000 2747.705078 0.000000 0.132124 0.000000 0.991233 1.000000 1.000000 1.000000
7631.413086 0.000000 2754.289551 0.000000 0.115387 0.000000 0.993321 1.000000 1.000000 1.000000
7633.386230 0.000000 2755.036377 0.000000 0.477727 0.000000 0.878508 1.000000 1.000000 1.000000
7286.809082 0.000000 2841.931885 0.000000 0.799317 0.000000 0.600909 1.000000 1.000000 1.000000
7283.834961 0.000000 2847.855713 0.000000 0.083108 0.000000 0.996540 1.000000 1.000000 1.000000
7280.844727 0.000000 2870.885986 0.000000 0.864844 0.000000 0.502040 1.000000 1.000000 1.000000
7292.029297 0.000000 2876.543945 0.000000 0.629398 0.000000 0.777084 1.000000 1.000000 1.000000
7287.291016 0.000000 2845.124023 0.000000 0.854056 0.000000 0.520181 1.000000 1.000000 1.000000
7282.926270 0.000000 2877.922363 0.000000 0.332842 0.000000 0.942983 1.000000 1.000000 1.000000
7291.047852 0.000000 2838.426025 0.000000 0.004529 0.000000 0.999990 1.000000 1.000000 1.000000
7289.986328 0.000000 2839.521973 0.000000 0.693713 0.000000 0.720252 1.000000 1.000000 1.000000
7285.994629 0.000000 2845.281250 0.000000 0.477209 0.000000 0.878790 1.000000 1.000000 1.000000
7287.302734 0.000000 2917.966553 0.000000 0.655444 0.000000 0.755244 1.000000 1.000000 1.000000
7288.445312 0.000000 2915.694092 0.000000 0.863662 0.000000 0.504071 1.000000 1.000000 1.000000
7290.245117 0.000000 2893.127930 0.000000 0.790071 0.000000 0.613015 1.000000 1.000000 1.000000
7293.880371 0.000000 2892.724854 0.000000 0.838266 0.000000 0.545262 1.000000 1.000000 1.000000
7320.877441 0.000000 2840.093750 0.000000 0.727320 0.000000 0.686299 1.000000 1.000000 1.000000
7324.438965 0.000000 2840.697266 0.000000 0.581816 0.000000 0.813321 1.000000 1.000000 1.000000
7355.280273 0.000000 2840.062256 0.000000 0.721937 0.000000 0.691959 1.000000 1.000000 1.000000
7306.956543 0.000000 2838.276367 0.000000 0.744500 0.000000 0.667622 1.000000 1.000000 1.000000
7322.743652 0.000000 2839.373535 0.000000 0.280651 0.000000 0.959810 1.000000 1.000000 1.000000
7326.489746 0.000000 2840.847412 0.000000 0.749360 0.000000 0.662162 1.000000 1.000000 1.000000
7325.495117 0.000000 2839.106445 0.000000 0.147062 0.000000 0.989127 1.000000 1.000000 1.000000
7310.233398 0.000000 2845.503662 0.000000 0.193339 0.000000 0.981132 1.000000 1.000000 1.000000
7362.877441 0.000000 2845.510498 0.000000 0.577991 0.000000 0.816043 1.000000 1.000000 1.000000
7398.374023 0.000000 2870.330322 0.000000 0.532576 0.000000 0.846382 1.000000 1.000000 1.000000
7365.647461 0.000000 2840.062744 0.000000 0.020526 0.000000 0.999789 1.000000 1.000000 1.000000
7384.457031 0.000000 2863.432861 0.000000 0.177025 0.000000 0.984206 1.000000 1.000000 1.000000
7363.140137 0.000000 2868.777832 0.000000 0.451957 0.000000 0.892040 1.000000 1.000000 1.000000
7377.100586 0.000000 2865.791992 0.000000 0.337285 0.000000 0.941403 1.000000 1.000000 1.000000
7365.408691 0.000000 2880.531006 0.000000 0.239493 0.000000 0.970898 1.000000 1.000000 1.000000
7365.628906 0.000000 2867.616699 0.000000 0.539501 0.000000 0.841985 1.000000 1.000000 1.000000
7370.948730 0.000000 2838.276367 0.000000 0.589919 0.000000 0.807462 1.000000 1.000000 1.000000
7365.315430 0.000000 2864.123779 0.000000 0.439310 0.000000 0.898336 1.000000 1.000000 1.000000
7386.422852 0.000000 2867.954346 0.000000 0.806377 0.000000 0.591402 1.000000 1.000000 1.000000
7366.003418 0.000000 2871.052490 0.000000 0.638692 0.000000 0.769463 1.000000 1.000000 1.000000
7382.925293 0.000000 2864.381836 0.000000 0.652515 0.000000 0.757776 1.000000 1.000000 1.000000
7369.847168 0.000000 2839.945312 0.000000 0.197648 0.000000 0.980273 1.000000 1.000000 1.000000
7378.771484 0.000000 2866.449219 0.000000 0.771355 0.000000 0.636405 1.000000 1.000000 1.000000
7364.114746 0.000000 2867.648682 0.000000 0.826830 0.000000 0.562452 1.000000 1.000000 1.000000
7385.481445 0.000000 2862.388184 0.000000 0.851976 0.000000 0.523581 1.000000 1.000000 1.000000
7387.299316 0.000000 2869.003662 0.000000 0.218333 0.000000 0.975874 1.000000 1.000000 1.000000
7366.690430 0.000000 2863.770020 0.000000 0.660593 0.000000 0.750744 1.000000 1.000000 1.000000
7366.862305 0.000000 2868.309326 0.000000 0.414535 0.000000 0.910033 1.000000 1.000000 1.000000
7375.926758 0.000000 2866.014648 0.000000 0.450538 0.000000 0.892757 1.000000 1.000000 1.000000
7366.296875 0.000000 2839.090088 0.000000 0.790485 0.000000 0.612482 1.000000 1.000000 1.000000
7375.228027 0.000000 2868.429199 0.000000 0.726445 0.000000 0.687225 1.000000 1.000000 1.000000
7375.344727 0.000000 2869.709229 0.000000 0.483492 0.000000 0.875349 1.000000 1.000000 1.000000
7333.142578 0.000000 2892.797363 0.000000 0.549946 0.000000 0.835200 1.000000 1.000000 1.000000
7314.332031 0.000000 2901.894287 0.000000 0.433263 0.000000 0.901268 1.000000 1.000000 1.000000
7303.068848 0.000000 2901.955566 0.000000 0.710853 0.000000 0.703341 1.000000 1.000000 1.000000
7338.901855 0.000000 2894.318604 0.000000 0.038079 0.000000 0.999275 1.000000 1.000000 1.000000
7300.086914 0.000000 2925.490479 0.000000 0.800672 0.000000 0.599103 1.000000 1.000000 1.000000
7308.662109 0.000000 2904.996582 0.000000 0.236645 0.000000 0.971596 1.000000 1.000000 1.000000
7315.807129 0.000000 2923.787354 0.000000 0.098776 0.000000 0.995110 1.000000 1.000000 1.000000
7338.001465 0.000000 2925.116211 0.000000 0.204224 0.000000 0.978924 1.000000 1.000000 1.000000
7314.185547 0.000000 2908.450928 0.000000 0.757229 0.000000 0.653150 1.000000 1.000000 1.000000
7308.058594 0.000000 2903.432617 0.000000 0.840233 0.000000 0.542226 1.000000 1.000000 1.000000
7314.994629 0.000000 2906.377686 0.000000 0.482081 0.000000 0.876127 1.000000 1.000000 1.000000
7309.345703 0.000000 2905.975586 0.000000 0.639443 0.000000 0.768838 1.000000 1.000000 1.000000
7370.542480 0.000000 2892.474854 0.000000 0.020871 0.000000 0.999782 1.000000 1.000000 1.000000
7420.479980 0.000000 2881.976318 0.000000 0.371243 0.000000 0.928536 1.000000 1.000000 1.000000
7420.335449 0.000000 2899.371338 0.000000 0.382180 0.000000 0.924088 1.000000 1.000000 1.000000
7366.958008 0.000000 2912.758057 0.000000 0.643266 0.000000 0.765643 1.000000 1.000000 1.000000
7404.283203 0.000000 2895.991455 0.000000 0.865614 0.000000 0.500711 1.000000 1.000000 1.000000
7390.845703 0.000000 2908.555420 0.000000 0.402373 0.000000 0.915476 1.000000 1.000000 1.000000
7371.521484 0.000000 2896.704102 0.000000 0.564647 0.000000 0.825332 1.000000 1.000000 1.000000
7417.855957 0.000000 2903.658203 0.000000 0.639508 0.000000 0.768785 1.000000 1.000000 1.000000
7412.932129 0.000000 2903.711914 0.000000 0.838105 0.000000 0.545509 1.000000 1.000000 1.000000
7397.134766 0.000000 2892.797363 0.000000 0.857902 0.000000 0.513813 1.000000 1.000000 1.000000
7373.296387 0.000000 2894.074219 0.000000 0.148032 0.000000 0.988983 1.000000 1.000000 1.000000
7366.213867 0.000000 2884.674805 0.000000 0.750246 0.000000 0.661158 1.000000 1.000000 1.000000
7410.349609 0.000000 2902.919189 0.000000 0.068911 0.000000 0.997623 1.000000 1.000000 1.000000
7373.759277 0.000000 2897.321777 0.000000 0.853981 0.000000 0.520303 1.000000 1.000000 1.000000
7393.360840 0.000000 2893.245605 0.000000 0.634019 0.000000 0.773317 1.000000 1.000000 1.000000
7368.308105 0.000000 2894.567627 0.000000 0.467787 0.000000 0.883841 1.000000 1.000000 1.000000
7394.297363 0.000000 2882.514160 0.000000 0.555765 0.000000 0.831339 1.000000 1.000000 1.000000
7369.266602 0.000000 2893.614502 0.000000 0.554021 0.000000 0.832503 1.000000 1.000000 1.000000
7372.540527 0.000000 2897.759521 0.000000 0.782269 0.000000 0.622940 1.000000 1.000000 1.000000
7367.487305 0.000000 2891.604980 0.000000 0.256722 0.000000 0.966485 1.000000 1.000000 1.000000
7420.246582 0.000000 2886.634033 0.000000 0.051735 0.000000 0.998661 1.000000 1.000000 1.000000
7350.801270 0.000000 2936.416260 0.000000 0.540852 0.000000 0.841118 1.000000 1.000000 1.000000
7357.184082 0.000000 2933.174072 0.000000 0.603185 0.000000 0.797601 1.000000 1.000000 1.000000
7340.008789 0.000000 2946.843018 0.000000 0.663591 0.000000 0.748096 1.000000 1.000000 1.000000
7324.438965 0.000000 2935.181641 0.000000 0.549646 0.000000 0.835398 1.000000 1.000000 1.000000
7353.023438 0.000000 2938.967041 0.000000 0.848929 0.000000 0.528507 1.000000 1.000000 1.000000
7317.367676 0.000000 2958.734131 0.000000 0.207089 0.000000 0.978322 1.000000 1.000000 1.000000
7333.028320 0.000000 2955.576904 0.000000 0.289332 0.000000 0.957229 1.000000 1.000000 1.000000
7349.245605 0.000000 2955.678467 0.000000 0.149561 0.000000 0.988753 1.000000 1.000000 1.000000
7351.854980 0.000000 2954.675293 0.000000 0.171140 0.000000 0.985247 1.000000 1.000000 1.000000
7355.040039 0.000000 2932.910400 0.000000 0.745694 0.000000 0.666288 1.000000 1.000000 1.000000
7350.576172 0.000000 2955.489258 0.000000 0.778330 0.000000 0.627855 1.000000 1.000000 1.000000
7353.422363 0.000000 2954.571289 0.000000 0.258665 0.000000 0.965967 1.000000 1.000000 1.000000
7334.737793 0.000000 2929.024658 0.000000 0.594107 0.000000 0.804386 1.000000 1.000000 1.000000
7363.325684 0.000000 2957.749268 0.000000 0.544749 0.000000 0.838599 1.000000 1.000000 1.000000
7360.376465 0.000000 2962.181152 0.000000 0.380630 0.000000 0.924727 1.000000 1.000000 1.000000
7367.061035 0.000000 2949.197754 0.000000 0.366414 0.000000 0.930452 1.000000 1.000000 1.000000
7417.007812 0.000000 2953.332764 0.000000 0.725753 0.000000 0.687956 1.000000 1.000000 1.000000
7415.078613 0.000000 2958.395752 0.000000 0.321860 0.000000 0.946787 1.000000 1.000000 1.000000
7418.641113 0.000000 2954.271729 0.000000 0.785275 0.000000 0.619148 1.000000 1.000000 1.000000
7361.617676 0.000000 2962.650879 0.000000 0.661728 0.000000 0.749744 1.000000 1.000000 1.000000
7397.134766 0.000000 2987.281738 0.000000 0.359347 0.000000 0.933204 1.000000 1.000000 1.000000
7421.999512 0.000000 2982.957275 0.000000 0.313454 0.000000 0.949603 1.000000 1.000000 1.000000
7422.320312 0.000000 2978.116211 0.000000 0.689834 0.000000 0.723968 1.000000 1.000000 1.000000
7385.782227 0.000000 3022.677002 0.000000 0.055334 0.000000 0.998468 1.000000 1.000000 1.000000
7474.356934 0.000000 2840.455322 0.000000 0.832041 0.000000 0.554713 1.000000 1.000000 1.000000
7475.351562 0.000000 2839.012207 0.000000 0.716759 0.000000 0.697321 1.000000 1.000000 1.000000
7474.511230 0.000000 2835.927490 0.000000 0.608108 0.000000 0.793855 1.000000 1.000000 1.000000
7472.784180 0.000000 2836.330322 0.000000 0.368659 0.000000 0.929565 1.000000 1.000000 1.000000
7466.505371 0.000000 2844.116943 0.000000 0.663365 0.000000 0.748296 1.000000 1.000000 1.000000
7471.850586 0.000000 2835.008057 0.000000 0.468543 0.000000 0.883441 1.000000 1.000000 1.000000
7504.240234 0.000000 2868.969971 0.000000 0.213590 0.000000 0.976923 1.000000 1.000000 1.000000
7499.593262 0.000000 2834.559326 0.000000 0.149700 0.000000 0.988731 1.000000 1.000000 1.000000
7507.330566 0.000000 2871.397461 0.000000 0.135356 0.000000 0.990797 1.000000 1.000000 1.000000
7455.584961 0.000000 2896.534180 0.000000 0.832230 0.000000 0.554431 1.000000 1.000000 1.000000
7439.916016 0.000000 2887.998535 0.000000 0.640814 0.000000 0.767696 1.000000 1.000000 1.000000
7432.657227 0.000000 2886.050293 0.000000 0.172248 0.000000 0.985054 1.000000 1.000000 1.000000
7463.710449 0.000000 2887.699707 0.000000 0.489530 0.000000 0.871986 1.000000 1.000000 1.000000
7440.979004 0.000000 2885.675537 0.000000 0.501987 0.000000 0.864875 1.000000 1.000000 1.000000
7436.811523 0.000000 2882.493652 0.000000 0.055324 0.000000 0.998468 1.000000 1.000000 1.000000
7451.332031 0.000000 2893.267090 0.000000 0.478136 0.000000 0.878286 1.000000 1.000000 1.000000
7465.359375 0.000000 2886.228027 0.000000 0.828652 0.000000 0.559764 1.000000 1.000000 1.000000
7434.940918 0.000000 2885.518555 0.000000 0.315378 0.000000 0.948966 1.000000 1.000000 1.000000
7436.206543 0.000000 2884.176025 0.000000 0.796395 0.000000 0.604777 1.000000 1.000000 1.000000
7450.527344 0.000000 2891.725830 0.000000 0.439045 0.000000 0.898465 1.000000 1.000000 1.000000
7462.191895 0.000000 2886.877197 0.000000 0.618613 0.000000 0.785696 1.000000 1.000000 1.000000
7437.705566 0.000000 2884.338867 0.000000 0.544677 0.000000 0.838646 1.000000 1.000000 1.000000
7463.437500 0.000000 2886.369873 0.000000 0.158860 0.000000 0.987301 1.000000 1.000000 1.000000
7510.034180 0.000000 2887.036377 0.000000 0.796991 0.000000 0.603991 1.000000 1.000000 1.000000
7511.260742 0.000000 2892.040039 0.000000 0.370439 0.000000 0.928857 1.000000 1.000000 1.000000
7503.145020 0.000000 2887.177002 0.000000 0.723516 0.000000 0.690308 1.000000 1.000000 1.000000
7442.924316 0.000000 2952.264404 0.000000 0.399236 0.000000 0.916848 1.000000 1.000000 1.000000
7436.423340 0.000000 2968.879150 0.000000 0.406682 0.000000 0.913570 1.000000 1.000000 1.000000
7466.599121 0.000000 2952.833984 0.000000 0.861867 0.000000 0.507134 1.000000 1.000000 1.000000
7462.484863 0.000000 2948.755371 0.000000 0.234122 0.000000 0.972207 1.000000 1.000000 1.000000
7474.932617 0.000000 2940.496094 0.000000 0.236036 0.000000 0.971744 1.000000 1.000000 1.000000
7472.389160 0.000000 2968.069092 0.000000 0.283588 0.000000 0.958946 1.000000 1.000000 1.000000
7447.443359 0.000000 2968.014648 0.000000 0.274890 0.000000 0.961476 1.000000 1.000000 1.000000
7492.304688 0.000000 2949.368164 0.000000 0.825347 0.000000 0.564626 1.000000 1.000000 1.000000
7491.196777 0.000000 2946.819580 0.000000 0.606068 0.000000 0.795413 1.000000 1.000000 1.000000
7423.393555 0.000000 2980.312256 0.000000 0.051002 0.000000 0.998699 1.000000 1.000000 1.000000
7424.170898 0.000000 2977.157471 0.000000 0.672254 0.000000 0.740321 1.000000 1.000000 1.000000
7423.113281 0.000000 3008.305176 0.000000 0.388390 0.000000 0.921495 1.000000 1.000000 1.000000
7339.380859 0.000000 3069.367676 0.000000 0.766770 0.000000 0.641922 1.000000 1.000000 1.000000
7336.497559 0.000000 3068.585449 0.000000 0.796184 0.000000 0.605054 1.000000 1.000000 1.000000
7387.369629 0.000000 3023.620117 0.000000 0.441574 0.000000 0.897225 1.000000 1.000000 1.000000
7377.100586 0.000000 3054.760742 0.000000 0.458873 0.000000 0.888502 1.000000 1.000000 1.000000
7375.402832 0.000000 3056.073242 0.000000 0.575099 0.000000 0.818084 1.000000 1.000000 1.000000
7387.009277 0.000000 3048.615723 0.000000 0.752442 0.000000 0.658658 1.000000 1.000000 1.000000
7343.500000 0.000000 3079.221680 0.000000 0.702363 0.000000 0.711819 1.000000 1.000000 1.000000
7360.380859 0.000000 3088.577148 0.000000 0.785761 0.000000 0.618530 1.000000 1.000000 1.000000
7382.866211 0.000000 3078.529297 0.000000 0.688902 0.000000 0.724854 1.000000 1.000000 1.000000
7384.043945 0.000000 3097.640381 0.000000 0.432220 0.000000 0.901768 1.000000 1.000000 1.000000
7375.402832 0.000000 3103.315430 0.000000 0.356917 0.000000 0.934136 1.000000 1.000000 1.000000
7376.903809 0.000000 3103.471436 0.000000 0.791868 0.000000 0.610692 1.000000 1.000000 1.000000
7414.586914 0.000000 3159.605469 0.000000 0.617525 0.000000 0.786551 1.000000 1.000000 1.000000
7413.014648 0.000000 3158.689453 0.000000 0.522488 0.000000 0.852647 1.000000 1.000000 1.000000
7415.472656 0.000000 3165.342773 0.000000 0.743979 0.000000 0.668203 1.000000 1.000000 1.000000
7439.964844 0.000000 3048.952881 0.000000 0.456087 0.000000 0.889935 1.000000 1.000000 1.000000
7437.288574 0.000000 3035.800781 0.000000 0.777186 0.000000 0.629271 1.000000 1.000000 1.000000
7443.410645 0.000000 3049.341309 0.000000 0.344155 0.000000 0.938913 1.000000 1.000000 1.000000
7433.966797 0.000000 3036.520020 0.000000 0.374301 0.000000 0.927307 1.000000 1.000000 1.000000
7439.579102 0.000000 3047.569092 0.000000 0.118988 0.000000 0.992896 1.000000 1.000000 1.000000
7439.855469 0.000000 3046.311768 0.000000 0.769063 0.000000 0.639172 1.000000 1.000000 1.000000
7462.484863 0.000000 3090.481934 0.000000 0.571949 0.000000 0.820289 1.000000 1.000000 1.000000
7440.201172 0.000000 3160.446289 0.000000 0.797751 0.000000 0.602987 1.000000 1.000000 1.000000
7445.283691 0.000000 3160.395264 0.000000 0.121247 0.000000 0.992622 1.000000 1.000000 1.000000
7440.453613 0.000000 3184.546875 0.000000 0.696371 0.000000 0.717682 1.000000 1.000000 1.000000
"}
object={
	name="tree_sakura_forest_generator_1"
	render_pass=Map
	clamp_to_water_level=no
	generated_content=yes
	layer="tree_high_layer"
	pdxmesh="tree_sakura_02_mesh"
	count=444
	transform="7148.985352 0.000000 2421.481445 0.000000 0.970887 0.000000 0.239537 1.000000 1.000000 1.000000
7157.992676 0.000000 2432.676758 0.000000 0.898570 0.000000 -0.438831 1.000000 1.000000 1.000000
7156.933105 0.000000 2434.013672 0.000000 0.977694 0.000000 -0.210035 1.000000 1.000000 1.000000
7163.917480 0.000000 2487.082520 0.000000 0.941195 0.000000 -0.337865 1.000000 1.000000 1.000000
7150.792969 0.000000 2486.733887 0.000000 0.969010 0.000000 -0.247022 1.000000 1.000000 1.000000
7155.635254 0.000000 2491.392090 0.000000 0.993451 0.000000 -0.114259 1.000000 1.000000 1.000000
7152.367188 0.000000 2490.323975 0.000000 0.966539 0.000000 0.256521 1.000000 1.000000 1.000000
7163.280273 0.000000 2480.352539 0.000000 0.875416 0.000000 -0.483370 1.000000 1.000000 1.000000
7155.961426 0.000000 2493.590332 0.000000 0.998905 0.000000 -0.046778 1.000000 1.000000 1.000000
7154.370117 0.000000 2493.489502 0.000000 0.914323 0.000000 -0.404987 1.000000 1.000000 1.000000
7152.364258 0.000000 2491.714111 0.000000 0.969447 0.000000 0.245302 1.000000 1.000000 1.000000
7163.270020 0.000000 2483.510742 0.000000 0.976051 0.000000 0.217543 1.000000 1.000000 1.000000
7158.042969 0.000000 2515.789551 0.000000 0.985218 0.000000 0.171308 1.000000 1.000000 1.000000
7154.395996 0.000000 2509.760010 0.000000 0.918047 0.000000 0.396472 1.000000 1.000000 1.000000
7160.485352 0.000000 2512.024170 0.000000 0.961754 0.000000 0.273914 1.000000 1.000000 1.000000
7160.754395 0.000000 2515.164795 0.000000 0.915012 0.000000 0.403428 1.000000 1.000000 1.000000
7192.835938 0.000000 2548.280762 0.000000 0.914821 0.000000 -0.403859 1.000000 1.000000 1.000000
7355.894043 0.000000 2534.324707 0.000000 0.881262 0.000000 0.472628 1.000000 1.000000 1.000000
7371.000977 0.000000 2526.282959 0.000000 0.963069 0.000000 -0.269255 1.000000 1.000000 1.000000
7179.561035 0.000000 2563.275879 0.000000 0.936412 0.000000 0.350903 1.000000 1.000000 1.000000
7193.395020 0.000000 2591.006836 0.000000 0.994185 0.000000 0.107683 1.000000 1.000000 1.000000
7184.259766 0.000000 2597.760742 0.000000 0.983954 0.000000 -0.178423 1.000000 1.000000 1.000000
7254.857422 0.000000 2587.540039 0.000000 0.975802 0.000000 0.218655 1.000000 1.000000 1.000000
7216.815430 0.000000 2600.119385 0.000000 0.896235 0.000000 0.443580 1.000000 1.000000 1.000000
7214.042969 0.000000 2603.111816 0.000000 0.938878 0.000000 -0.344250 1.000000 1.000000 1.000000
7262.861328 0.000000 2625.102295 0.000000 0.999140 0.000000 -0.041475 1.000000 1.000000 1.000000
7276.252441 0.000000 2630.502930 0.000000 0.951054 0.000000 0.309024 1.000000 1.000000 1.000000
7292.224609 0.000000 2635.357910 0.000000 0.989881 0.000000 0.141903 1.000000 1.000000 1.000000
7292.794922 0.000000 2613.039795 0.000000 0.901651 0.000000 0.432464 1.000000 1.000000 1.000000
7293.952637 0.000000 2630.810791 0.000000 0.991798 0.000000 0.127812 1.000000 1.000000 1.000000
7240.219238 0.000000 2598.369629 0.000000 0.874277 0.000000 0.485427 1.000000 1.000000 1.000000
7268.540527 0.000000 2622.458008 0.000000 0.998524 0.000000 0.054312 1.000000 1.000000 1.000000
7288.445312 0.000000 2632.240967 0.000000 0.918735 0.000000 0.394876 1.000000 1.000000 1.000000
7262.460449 0.000000 2637.665283 0.000000 0.921164 0.000000 0.389175 1.000000 1.000000 1.000000
7294.547363 0.000000 2614.629150 0.000000 0.994587 0.000000 -0.103906 1.000000 1.000000 1.000000
7280.479492 0.000000 2629.882324 0.000000 0.981095 0.000000 -0.193529 1.000000 1.000000 1.000000
7238.236328 0.000000 2608.387207 0.000000 0.933665 0.000000 0.358149 1.000000 1.000000 1.000000
7260.972656 0.000000 2625.590576 0.000000 0.971059 0.000000 0.238840 1.000000 1.000000 1.000000
7291.333984 0.000000 2642.319336 0.000000 0.972932 0.000000 -0.231092 1.000000 1.000000 1.000000
7265.631836 0.000000 2642.048828 0.000000 0.970703 0.000000 0.240282 1.000000 1.000000 1.000000
7289.499512 0.000000 2642.606445 0.000000 0.935731 0.000000 0.352715 1.000000 1.000000 1.000000
7263.544434 0.000000 2644.929688 0.000000 0.993757 0.000000 -0.111562 1.000000 1.000000 1.000000
7257.387207 0.000000 2638.249023 0.000000 0.971726 0.000000 0.236112 1.000000 1.000000 1.000000
7268.859375 0.000000 2626.299316 0.000000 0.972236 0.000000 -0.234001 1.000000 1.000000 1.000000
7260.056641 0.000000 2639.375244 0.000000 0.997674 0.000000 -0.068165 1.000000 1.000000 1.000000
7256.959473 0.000000 2639.580566 0.000000 0.939472 0.000000 -0.342626 1.000000 1.000000 1.000000
7266.056152 0.000000 2625.441895 0.000000 0.991535 0.000000 -0.129841 1.000000 1.000000 1.000000
7259.575684 0.000000 2624.691895 0.000000 0.939914 0.000000 -0.341411 1.000000 1.000000 1.000000
7261.724121 0.000000 2624.403809 0.000000 0.952350 0.000000 -0.305009 1.000000 1.000000 1.000000
7272.532227 0.000000 2628.305420 0.000000 0.991843 0.000000 -0.127462 1.000000 1.000000 1.000000
7268.940918 0.000000 2628.413574 0.000000 0.974518 0.000000 -0.224310 1.000000 1.000000 1.000000
7341.104004 0.000000 2586.103027 0.000000 0.987189 0.000000 -0.159556 1.000000 1.000000 1.000000
7336.540527 0.000000 2594.655273 0.000000 0.931367 0.000000 -0.364082 1.000000 1.000000 1.000000
7299.333496 0.000000 2579.811768 0.000000 0.940164 0.000000 -0.340721 1.000000 1.000000 1.000000
7341.612793 0.000000 2596.368164 0.000000 0.996233 0.000000 0.086721 1.000000 1.000000 1.000000
7302.726562 0.000000 2586.148193 0.000000 0.973345 0.000000 -0.229346 1.000000 1.000000 1.000000
7334.084473 0.000000 2593.920166 0.000000 0.978462 0.000000 0.206427 1.000000 1.000000 1.000000
7358.336914 0.000000 2596.881104 0.000000 0.996952 0.000000 0.078019 1.000000 1.000000 1.000000
7341.919434 0.000000 2593.864258 0.000000 0.999339 0.000000 0.036346 1.000000 1.000000 1.000000
7301.636719 0.000000 2584.163574 0.000000 0.931584 0.000000 -0.363525 1.000000 1.000000 1.000000
7342.811523 0.000000 2590.840088 0.000000 0.931741 0.000000 -0.363124 1.000000 1.000000 1.000000
7300.841309 0.000000 2586.346191 0.000000 0.998114 0.000000 -0.061386 1.000000 1.000000 1.000000
7315.504395 0.000000 2572.605713 0.000000 0.996825 0.000000 0.079629 1.000000 1.000000 1.000000
7340.865234 0.000000 2597.683350 0.000000 0.969763 0.000000 -0.244048 1.000000 1.000000 1.000000
7295.514160 0.000000 2614.309082 0.000000 0.891039 0.000000 0.453927 1.000000 1.000000 1.000000
7328.775879 0.000000 2624.794678 0.000000 0.906292 0.000000 -0.422652 1.000000 1.000000 1.000000
7326.562012 0.000000 2623.264648 0.000000 0.983128 0.000000 0.182916 1.000000 1.000000 1.000000
7299.349121 0.000000 2634.111084 0.000000 0.970555 0.000000 -0.240880 1.000000 1.000000 1.000000
7305.668457 0.000000 2621.363525 0.000000 0.999648 0.000000 0.026541 1.000000 1.000000 1.000000
7369.916504 0.000000 2606.706787 0.000000 0.999923 0.000000 0.012447 1.000000 1.000000 1.000000
7370.446289 0.000000 2616.373047 0.000000 0.954155 0.000000 -0.299314 1.000000 1.000000 1.000000
7367.934082 0.000000 2642.219971 0.000000 0.945746 0.000000 -0.324908 1.000000 1.000000 1.000000
7282.639648 0.000000 2676.501221 0.000000 0.950417 0.000000 -0.310980 1.000000 1.000000 1.000000
7268.568848 0.000000 2651.077393 0.000000 0.928909 0.000000 -0.370309 1.000000 1.000000 1.000000
7255.037598 0.000000 2666.819092 0.000000 0.874326 0.000000 -0.485339 1.000000 1.000000 1.000000
7278.755859 0.000000 2656.965576 0.000000 0.993287 0.000000 -0.115675 1.000000 1.000000 1.000000
7254.065430 0.000000 2650.825439 0.000000 0.997941 0.000000 0.064136 1.000000 1.000000 1.000000
7283.997070 0.000000 2646.103760 0.000000 0.899727 0.000000 0.436454 1.000000 1.000000 1.000000
7281.922363 0.000000 2648.575439 0.000000 0.980516 0.000000 0.196437 1.000000 1.000000 1.000000
7255.124512 0.000000 2664.169678 0.000000 0.963481 0.000000 0.267778 1.000000 1.000000 1.000000
7263.864746 0.000000 2647.873047 0.000000 0.988553 0.000000 0.150875 1.000000 1.000000 1.000000
7293.608398 0.000000 2674.880371 0.000000 0.940350 0.000000 -0.340209 1.000000 1.000000 1.000000
7277.091797 0.000000 2661.651855 0.000000 0.994928 0.000000 -0.100589 1.000000 1.000000 1.000000
7285.469727 0.000000 2681.105469 0.000000 0.940426 0.000000 -0.339997 1.000000 1.000000 1.000000
7280.532227 0.000000 2651.643555 0.000000 0.999439 0.000000 0.033500 1.000000 1.000000 1.000000
7257.516602 0.000000 2652.785889 0.000000 0.957264 0.000000 0.289215 1.000000 1.000000 1.000000
7254.254395 0.000000 2662.530762 0.000000 0.882356 0.000000 -0.470582 1.000000 1.000000 1.000000
7284.227051 0.000000 2678.757812 0.000000 0.867582 0.000000 -0.497294 1.000000 1.000000 1.000000
7285.762695 0.000000 2682.751953 0.000000 0.963548 0.000000 0.267534 1.000000 1.000000 1.000000
7288.805664 0.000000 2647.600098 0.000000 0.999804 0.000000 -0.019818 1.000000 1.000000 1.000000
7283.367676 0.000000 2648.303467 0.000000 0.913060 0.000000 0.407825 1.000000 1.000000 1.000000
7255.513672 0.000000 2645.847656 0.000000 0.993150 0.000000 -0.116843 1.000000 1.000000 1.000000
7263.456055 0.000000 2645.564453 0.000000 0.914640 0.000000 -0.404269 1.000000 1.000000 1.000000
7284.645996 0.000000 2647.442627 0.000000 0.981394 0.000000 -0.192006 1.000000 1.000000 1.000000
7288.956543 0.000000 2645.682373 0.000000 0.916176 0.000000 -0.400775 1.000000 1.000000 1.000000
7270.057617 0.000000 2653.961914 0.000000 0.920401 0.000000 -0.390975 1.000000 1.000000 1.000000
7357.593262 0.000000 2669.549072 0.000000 0.989885 0.000000 -0.141869 1.000000 1.000000 1.000000
7357.944824 0.000000 2678.052979 0.000000 0.945903 0.000000 -0.324449 1.000000 1.000000 1.000000
7344.836914 0.000000 2681.917236 0.000000 0.997042 0.000000 0.076857 1.000000 1.000000 1.000000
7356.860352 0.000000 2679.920410 0.000000 0.999996 0.000000 0.002750 1.000000 1.000000 1.000000
7358.381836 0.000000 2667.892334 0.000000 0.897164 0.000000 -0.441698 1.000000 1.000000 1.000000
7333.943359 0.000000 2692.150146 0.000000 0.910554 0.000000 0.413390 1.000000 1.000000 1.000000
7336.497559 0.000000 2690.647949 0.000000 0.981263 0.000000 -0.192673 1.000000 1.000000 1.000000
7345.938477 0.000000 2654.684814 0.000000 0.928381 0.000000 0.371631 1.000000 1.000000 1.000000
7318.338379 0.000000 2658.707031 0.000000 0.990136 0.000000 0.140110 1.000000 1.000000 1.000000
7330.861328 0.000000 2689.310547 0.000000 0.904917 0.000000 0.425588 1.000000 1.000000 1.000000
7372.333008 0.000000 2670.406494 0.000000 0.999974 0.000000 -0.007186 1.000000 1.000000 1.000000
7375.923828 0.000000 2651.787598 0.000000 0.994669 0.000000 0.103117 1.000000 1.000000 1.000000
7360.119629 0.000000 2668.483887 0.000000 0.995451 0.000000 0.095272 1.000000 1.000000 1.000000
7364.320312 0.000000 2665.915039 0.000000 0.972787 0.000000 0.231701 1.000000 1.000000 1.000000
7390.626465 0.000000 2680.299805 0.000000 0.996869 0.000000 -0.079072 1.000000 1.000000 1.000000
7386.467285 0.000000 2686.546387 0.000000 0.878178 0.000000 -0.478333 1.000000 1.000000 1.000000
7392.192871 0.000000 2682.855469 0.000000 0.978865 0.000000 -0.204509 1.000000 1.000000 1.000000
7379.418457 0.000000 2671.403809 0.000000 0.912493 0.000000 0.409093 1.000000 1.000000 1.000000
7371.000977 0.000000 2668.009521 0.000000 0.961665 0.000000 -0.274227 1.000000 1.000000 1.000000
7359.185059 0.000000 2665.671387 0.000000 0.909063 0.000000 0.416659 1.000000 1.000000 1.000000
7374.277832 0.000000 2669.147217 0.000000 0.938662 0.000000 0.344837 1.000000 1.000000 1.000000
7375.616699 0.000000 2655.764893 0.000000 0.973758 0.000000 -0.227585 1.000000 1.000000 1.000000
7376.756348 0.000000 2672.727539 0.000000 0.999195 0.000000 0.040124 1.000000 1.000000 1.000000
7375.380371 0.000000 2653.621338 0.000000 0.941369 0.000000 0.337379 1.000000 1.000000 1.000000
7391.133301 0.000000 2686.629150 0.000000 0.933232 0.000000 -0.359275 1.000000 1.000000 1.000000
7393.655273 0.000000 2683.945801 0.000000 0.953246 0.000000 -0.302195 1.000000 1.000000 1.000000
7385.798828 0.000000 2682.739502 0.000000 0.886271 0.000000 0.463168 1.000000 1.000000 1.000000
7372.654297 0.000000 2668.785645 0.000000 0.906420 0.000000 0.422378 1.000000 1.000000 1.000000
7372.979492 0.000000 2664.401611 0.000000 0.874158 0.000000 0.485641 1.000000 1.000000 1.000000
7371.060547 0.000000 2669.655029 0.000000 0.951468 0.000000 -0.307746 1.000000 1.000000 1.000000
7368.259277 0.000000 2666.535400 0.000000 0.989036 0.000000 0.147673 1.000000 1.000000 1.000000
7390.791504 0.000000 2683.501221 0.000000 0.890824 0.000000 0.454349 1.000000 1.000000 1.000000
7393.326172 0.000000 2676.271240 0.000000 0.970681 0.000000 0.240370 1.000000 1.000000 1.000000
7375.586914 0.000000 2669.631592 0.000000 0.995721 0.000000 -0.092406 1.000000 1.000000 1.000000
7383.451172 0.000000 2684.561523 0.000000 0.976245 0.000000 -0.216668 1.000000 1.000000 1.000000
7385.316406 0.000000 2710.212158 0.000000 0.926291 0.000000 0.376809 1.000000 1.000000 1.000000
7401.757324 0.000000 2723.274414 0.000000 0.962104 0.000000 -0.272681 1.000000 1.000000 1.000000
7418.774414 0.000000 2727.129395 0.000000 0.899467 0.000000 -0.436988 1.000000 1.000000 1.000000
7368.665039 0.000000 2697.081543 0.000000 0.999968 0.000000 0.008043 1.000000 1.000000 1.000000
7406.800781 0.000000 2730.637695 0.000000 0.974030 0.000000 0.226419 1.000000 1.000000 1.000000
7377.100586 0.000000 2724.065430 0.000000 0.885198 0.000000 0.465214 1.000000 1.000000 1.000000
7379.395020 0.000000 2703.406006 0.000000 0.978526 0.000000 0.206124 1.000000 1.000000 1.000000
7381.654785 0.000000 2733.545410 0.000000 0.964625 0.000000 0.263625 1.000000 1.000000 1.000000
7396.174805 0.000000 2726.932129 0.000000 0.910986 0.000000 0.412436 1.000000 1.000000 1.000000
7383.108887 0.000000 2711.411865 0.000000 0.999935 0.000000 0.011415 1.000000 1.000000 1.000000
7400.340820 0.000000 2724.916016 0.000000 0.999949 0.000000 0.010111 1.000000 1.000000 1.000000
7402.894043 0.000000 2705.349854 0.000000 0.957672 0.000000 -0.287862 1.000000 1.000000 1.000000
7404.954102 0.000000 2704.934570 0.000000 0.935525 0.000000 -0.353259 1.000000 1.000000 1.000000
7383.553223 0.000000 2706.269775 0.000000 0.968033 0.000000 0.250823 1.000000 1.000000 1.000000
7399.199219 0.000000 2715.624023 0.000000 0.981450 0.000000 0.191721 1.000000 1.000000 1.000000
7397.787598 0.000000 2722.070068 0.000000 0.879130 0.000000 -0.476582 1.000000 1.000000 1.000000
7382.925293 0.000000 2722.655273 0.000000 0.883919 0.000000 -0.467639 1.000000 1.000000 1.000000
7378.771484 0.000000 2724.722656 0.000000 0.916729 0.000000 -0.399509 1.000000 1.000000 1.000000
7385.327637 0.000000 2727.803467 0.000000 0.868236 0.000000 -0.496152 1.000000 1.000000 1.000000
7382.594238 0.000000 2715.461426 0.000000 0.998539 0.000000 0.054034 1.000000 1.000000 1.000000
7361.600098 0.000000 2694.133301 0.000000 0.941926 0.000000 -0.335821 1.000000 1.000000 1.000000
7385.026367 0.000000 2716.194092 0.000000 0.991110 0.000000 0.133047 1.000000 1.000000 1.000000
7373.916504 0.000000 2694.079590 0.000000 0.996493 0.000000 0.083672 1.000000 1.000000 1.000000
7371.142578 0.000000 2695.464111 0.000000 0.998820 0.000000 0.048558 1.000000 1.000000 1.000000
7276.919434 0.000000 2808.753174 0.000000 0.999831 0.000000 -0.018361 1.000000 1.000000 1.000000
7286.102051 0.000000 2821.008057 0.000000 0.878531 0.000000 -0.477685 1.000000 1.000000 1.000000
7287.452148 0.000000 2809.630615 0.000000 0.996750 0.000000 -0.080558 1.000000 1.000000 1.000000
7278.339844 0.000000 2800.768555 0.000000 0.968260 0.000000 0.249947 1.000000 1.000000 1.000000
7286.384766 0.000000 2808.112793 0.000000 0.914467 0.000000 -0.404661 1.000000 1.000000 1.000000
7280.573730 0.000000 2801.903076 0.000000 0.987813 0.000000 -0.155644 1.000000 1.000000 1.000000
7288.495117 0.000000 2819.711182 0.000000 0.900216 0.000000 0.435444 1.000000 1.000000 1.000000
7354.782227 0.000000 2774.371582 0.000000 0.943963 0.000000 0.330051 1.000000 1.000000 1.000000
7332.944824 0.000000 2785.230713 0.000000 0.958264 0.000000 0.285884 1.000000 1.000000 1.000000
7357.770996 0.000000 2760.637939 0.000000 0.868751 0.000000 0.495250 1.000000 1.000000 1.000000
7299.233887 0.000000 2785.483887 0.000000 0.948096 0.000000 -0.317985 1.000000 1.000000 1.000000
7334.084473 0.000000 2782.888916 0.000000 0.996226 0.000000 -0.086801 1.000000 1.000000 1.000000
7308.843750 0.000000 2773.716553 0.000000 0.999364 0.000000 -0.035649 1.000000 1.000000 1.000000
7301.416504 0.000000 2786.046631 0.000000 0.927320 0.000000 0.374268 1.000000 1.000000 1.000000
7314.286621 0.000000 2777.727295 0.000000 0.877236 0.000000 0.480060 1.000000 1.000000 1.000000
7343.350586 0.000000 2784.375732 0.000000 0.874711 0.000000 0.484644 1.000000 1.000000 1.000000
7297.679199 0.000000 2786.075195 0.000000 0.950803 0.000000 -0.309796 1.000000 1.000000 1.000000
7340.164062 0.000000 2784.551025 0.000000 0.899272 0.000000 0.437390 1.000000 1.000000 1.000000
7351.271484 0.000000 2774.781006 0.000000 0.993521 0.000000 0.113652 1.000000 1.000000 1.000000
7350.228027 0.000000 2772.329102 0.000000 0.991770 0.000000 -0.128033 1.000000 1.000000 1.000000
7353.081543 0.000000 2787.124512 0.000000 0.869674 0.000000 -0.493626 1.000000 1.000000 1.000000
7297.557617 0.000000 2780.169189 0.000000 0.939653 0.000000 -0.342130 1.000000 1.000000 1.000000
7418.158691 0.000000 2785.925049 0.000000 0.999744 0.000000 0.022613 1.000000 1.000000 1.000000
7375.923828 0.000000 2746.271973 0.000000 0.975622 0.000000 -0.219459 1.000000 1.000000 1.000000
7419.886230 0.000000 2770.535645 0.000000 0.996498 0.000000 -0.083620 1.000000 1.000000 1.000000
7380.432617 0.000000 2747.705078 0.000000 0.880477 0.000000 0.474088 1.000000 1.000000 1.000000
7388.295410 0.000000 2743.140869 0.000000 0.869856 0.000000 -0.493305 1.000000 1.000000 1.000000
7368.236816 0.000000 2754.769043 0.000000 0.955937 0.000000 -0.293570 1.000000 1.000000 1.000000
7396.524902 0.000000 2764.184570 0.000000 0.999704 0.000000 0.024325 1.000000 1.000000 1.000000
7417.829102 0.000000 2771.977051 0.000000 0.956580 0.000000 0.291470 1.000000 1.000000 1.000000
7382.866211 0.000000 2747.833984 0.000000 0.960299 0.000000 0.278973 1.000000 1.000000 1.000000
7359.185059 0.000000 2760.155762 0.000000 0.914857 0.000000 0.403777 1.000000 1.000000 1.000000
7380.244629 0.000000 2745.671143 0.000000 0.960209 0.000000 0.279284 1.000000 1.000000 1.000000
7417.483887 0.000000 2784.333008 0.000000 0.899856 0.000000 -0.436187 1.000000 1.000000 1.000000
7397.931641 0.000000 2765.173584 0.000000 0.992830 0.000000 0.119534 1.000000 1.000000 1.000000
7368.259277 0.000000 2761.019775 0.000000 0.995169 0.000000 0.098174 1.000000 1.000000 1.000000
7359.268555 0.000000 2758.752686 0.000000 0.921610 0.000000 0.388118 1.000000 1.000000 1.000000
7369.385742 0.000000 2761.802246 0.000000 0.998640 0.000000 -0.052134 1.000000 1.000000 1.000000
7412.848145 0.000000 2774.417969 0.000000 0.983233 0.000000 0.182351 1.000000 1.000000 1.000000
7399.904297 0.000000 2760.141602 0.000000 0.916629 0.000000 0.399740 1.000000 1.000000 1.000000
7306.550293 0.000000 2797.990479 0.000000 0.939740 0.000000 0.341890 1.000000 1.000000 1.000000
7348.755859 0.000000 2790.560547 0.000000 0.866886 0.000000 0.498507 1.000000 1.000000 1.000000
7324.951660 0.000000 2803.884277 0.000000 0.975533 0.000000 0.219852 1.000000 1.000000 1.000000
7317.965820 0.000000 2822.636230 0.000000 0.883769 0.000000 0.467923 1.000000 1.000000 1.000000
7298.595215 0.000000 2787.691895 0.000000 0.918264 0.000000 0.395968 1.000000 1.000000 1.000000
7322.879883 0.000000 2803.156982 0.000000 0.983730 0.000000 -0.179651 1.000000 1.000000 1.000000
7334.500488 0.000000 2807.028809 0.000000 0.875954 0.000000 -0.482395 1.000000 1.000000 1.000000
7324.762695 0.000000 2802.093262 0.000000 0.941380 0.000000 0.337349 1.000000 1.000000 1.000000
7351.854980 0.000000 2812.948730 0.000000 0.949643 0.000000 -0.313333 1.000000 1.000000 1.000000
7352.797852 0.000000 2789.326660 0.000000 0.992934 0.000000 0.118670 1.000000 1.000000 1.000000
7323.529297 0.000000 2824.273682 0.000000 0.935036 0.000000 0.354554 1.000000 1.000000 1.000000
7321.845703 0.000000 2800.644043 0.000000 0.998660 0.000000 -0.051756 1.000000 1.000000 1.000000
7348.909668 0.000000 2811.951172 0.000000 0.996554 0.000000 -0.082947 1.000000 1.000000 1.000000
7322.398438 0.000000 2801.900635 0.000000 0.905506 0.000000 0.424332 1.000000 1.000000 1.000000
7311.060547 0.000000 2796.472900 0.000000 0.980334 0.000000 0.197345 1.000000 1.000000 1.000000
7420.479980 0.000000 2787.491943 0.000000 0.977033 0.000000 -0.213086 1.000000 1.000000 1.000000
7368.894531 0.000000 2833.028809 0.000000 0.918521 0.000000 -0.395372 1.000000 1.000000 1.000000
7408.335938 0.000000 2821.019287 0.000000 0.975362 0.000000 -0.220609 1.000000 1.000000 1.000000
7418.145996 0.000000 2829.903564 0.000000 0.960758 0.000000 0.277389 1.000000 1.000000 1.000000
7413.237793 0.000000 2826.089111 0.000000 0.876037 0.000000 -0.482244 1.000000 1.000000 1.000000
7360.794922 0.000000 2831.667969 0.000000 0.969593 0.000000 -0.244722 1.000000 1.000000 1.000000
7406.803711 0.000000 2827.051025 0.000000 0.962938 0.000000 -0.269722 1.000000 1.000000 1.000000
7364.964844 0.000000 2831.998535 0.000000 0.867869 0.000000 -0.496793 1.000000 1.000000 1.000000
7451.264648 0.000000 2737.513672 0.000000 0.889494 0.000000 -0.456947 1.000000 1.000000 1.000000
7484.025879 0.000000 2732.756836 0.000000 0.998855 0.000000 -0.047850 1.000000 1.000000 1.000000
7475.596191 0.000000 2727.603027 0.000000 0.930008 0.000000 -0.367540 1.000000 1.000000 1.000000
7458.970215 0.000000 2730.020752 0.000000 0.997952 0.000000 0.063975 1.000000 1.000000 1.000000
7482.138184 0.000000 2735.419189 0.000000 0.872900 0.000000 -0.487898 1.000000 1.000000 1.000000
7458.537109 0.000000 2724.380615 0.000000 0.928498 0.000000 -0.371338 1.000000 1.000000 1.000000
7460.517090 0.000000 2716.942383 0.000000 0.903567 0.000000 0.428446 1.000000 1.000000 1.000000
7475.069824 0.000000 2721.619385 0.000000 0.946787 0.000000 0.321861 1.000000 1.000000 1.000000
7449.774414 0.000000 2739.223877 0.000000 0.976378 0.000000 0.216069 1.000000 1.000000 1.000000
7460.713379 0.000000 2730.867676 0.000000 0.891227 0.000000 0.453557 1.000000 1.000000 1.000000
7460.513184 0.000000 2724.096436 0.000000 0.877626 0.000000 0.479347 1.000000 1.000000 1.000000
7474.902832 0.000000 2736.195801 0.000000 0.989638 0.000000 0.143582 1.000000 1.000000 1.000000
7478.278809 0.000000 2737.810547 0.000000 0.959787 0.000000 -0.280730 1.000000 1.000000 1.000000
7479.255859 0.000000 2727.538818 0.000000 0.991338 0.000000 0.131336 1.000000 1.000000 1.000000
7426.895508 0.000000 2713.003662 0.000000 0.982816 0.000000 -0.184589 1.000000 1.000000 1.000000
7583.946777 0.000000 2735.557861 0.000000 0.896550 0.000000 0.442943 1.000000 1.000000 1.000000
7551.109375 0.000000 2727.363770 0.000000 0.991763 0.000000 0.128084 1.000000 1.000000 1.000000
7434.534668 0.000000 2750.748291 0.000000 0.993862 0.000000 0.110625 1.000000 1.000000 1.000000
7429.543945 0.000000 2740.291260 0.000000 0.907160 0.000000 0.420785 1.000000 1.000000 1.000000
7473.220215 0.000000 2740.202881 0.000000 0.999968 0.000000 0.007962 1.000000 1.000000 1.000000
7423.393555 0.000000 2753.660156 0.000000 0.928499 0.000000 0.371335 1.000000 1.000000 1.000000
7451.346191 0.000000 2753.728516 0.000000 0.938240 0.000000 -0.345984 1.000000 1.000000 1.000000
7470.792969 0.000000 2777.879883 0.000000 0.946113 0.000000 -0.323836 1.000000 1.000000 1.000000
7452.287598 0.000000 2743.140869 0.000000 0.987867 0.000000 -0.155299 1.000000 1.000000 1.000000
7472.821289 0.000000 2776.401611 0.000000 0.902817 0.000000 0.430024 1.000000 1.000000 1.000000
7451.332031 0.000000 2751.540527 0.000000 0.936586 0.000000 0.350439 1.000000 1.000000 1.000000
7432.426758 0.000000 2750.816650 0.000000 0.998479 0.000000 0.055128 1.000000 1.000000 1.000000
7463.209473 0.000000 2770.243652 0.000000 0.969591 0.000000 0.244731 1.000000 1.000000 1.000000
7432.543457 0.000000 2742.214111 0.000000 0.984199 0.000000 0.177064 1.000000 1.000000 1.000000
7483.310547 0.000000 2784.045898 0.000000 0.912499 0.000000 -0.409080 1.000000 1.000000 1.000000
7474.331055 0.000000 2776.942627 0.000000 0.984199 0.000000 -0.177065 1.000000 1.000000 1.000000
7475.344238 0.000000 2742.787842 0.000000 0.918593 0.000000 0.395204 1.000000 1.000000 1.000000
7456.880859 0.000000 2827.291260 0.000000 0.992446 0.000000 0.122681 1.000000 1.000000 1.000000
7460.929199 0.000000 2832.472900 0.000000 0.881262 0.000000 -0.472627 1.000000 1.000000 1.000000
7479.464844 0.000000 2787.405273 0.000000 0.941354 0.000000 -0.337420 1.000000 1.000000 1.000000
7456.185059 0.000000 2824.582031 0.000000 0.999917 0.000000 0.012872 1.000000 1.000000 1.000000
7449.930664 0.000000 2818.599365 0.000000 0.947035 0.000000 -0.321130 1.000000 1.000000 1.000000
7425.539551 0.000000 2807.905518 0.000000 0.986727 0.000000 0.162389 1.000000 1.000000 1.000000
7469.903809 0.000000 2830.075195 0.000000 0.934743 0.000000 -0.355325 1.000000 1.000000 1.000000
7479.230469 0.000000 2789.750732 0.000000 0.980876 0.000000 -0.194632 1.000000 1.000000 1.000000
7459.236816 0.000000 2826.750000 0.000000 0.999470 0.000000 0.032558 1.000000 1.000000 1.000000
7441.477539 0.000000 2809.079590 0.000000 0.983158 0.000000 -0.182757 1.000000 1.000000 1.000000
7445.603516 0.000000 2818.893066 0.000000 0.998780 0.000000 -0.049384 1.000000 1.000000 1.000000
7468.148438 0.000000 2831.793213 0.000000 0.979658 0.000000 0.200675 1.000000 1.000000 1.000000
7494.737793 0.000000 2799.304688 0.000000 0.998095 0.000000 -0.061693 1.000000 1.000000 1.000000
7504.240234 0.000000 2821.727783 0.000000 0.991233 0.000000 -0.132128 1.000000 1.000000 1.000000
7522.975586 0.000000 2829.819092 0.000000 0.993849 0.000000 0.110742 1.000000 1.000000 1.000000
7490.745117 0.000000 2793.832764 0.000000 0.958192 0.000000 -0.286127 1.000000 1.000000 1.000000
7509.639160 0.000000 2828.029785 0.000000 0.907847 0.000000 -0.419302 1.000000 1.000000 1.000000
7497.598633 0.000000 2811.869141 0.000000 0.964520 0.000000 -0.264009 1.000000 1.000000 1.000000
7507.333496 0.000000 2833.103271 0.000000 0.989510 0.000000 0.144464 1.000000 1.000000 1.000000
7494.122559 0.000000 2801.383301 0.000000 0.939668 0.000000 -0.342087 1.000000 1.000000 1.000000
7504.734375 0.000000 2827.639404 0.000000 0.993352 0.000000 0.115118 1.000000 1.000000 1.000000
7503.386719 0.000000 2823.588623 0.000000 0.985813 0.000000 -0.167847 1.000000 1.000000 1.000000
7492.570312 0.000000 2789.215576 0.000000 0.994713 0.000000 -0.102693 1.000000 1.000000 1.000000
7494.800781 0.000000 2803.192871 0.000000 0.987416 0.000000 -0.158145 1.000000 1.000000 1.000000
7509.275879 0.000000 2829.699951 0.000000 0.890398 0.000000 -0.455183 1.000000 1.000000 1.000000
7496.471191 0.000000 2812.829102 0.000000 0.888719 0.000000 0.458452 1.000000 1.000000 1.000000
7505.032715 0.000000 2830.453369 0.000000 0.910246 0.000000 0.414069 1.000000 1.000000 1.000000
7592.476562 0.000000 2759.056396 0.000000 0.954567 0.000000 -0.297995 1.000000 1.000000 1.000000
7582.822266 0.000000 2766.828857 0.000000 0.946891 0.000000 0.321555 1.000000 1.000000 1.000000
7593.214355 0.000000 2742.334229 0.000000 0.946737 0.000000 0.322008 1.000000 1.000000 1.000000
7566.696777 0.000000 2780.118896 0.000000 0.894229 0.000000 0.447610 1.000000 1.000000 1.000000
7582.530762 0.000000 2764.991211 0.000000 0.918348 0.000000 -0.395773 1.000000 1.000000 1.000000
7589.701660 0.000000 2773.826904 0.000000 0.921683 0.000000 0.387944 1.000000 1.000000 1.000000
7595.621582 0.000000 2759.134521 0.000000 0.976734 0.000000 -0.214452 1.000000 1.000000 1.000000
7595.687012 0.000000 2761.290527 0.000000 0.998201 0.000000 0.059957 1.000000 1.000000 1.000000
7590.530273 0.000000 2774.720703 0.000000 0.866728 0.000000 0.498782 1.000000 1.000000 1.000000
7634.520020 0.000000 2746.220215 0.000000 0.999522 0.000000 0.030925 1.000000 1.000000 1.000000
7289.233887 0.000000 2841.077148 0.000000 0.990710 0.000000 -0.135989 1.000000 1.000000 1.000000
7281.033691 0.000000 2844.863770 0.000000 0.980348 0.000000 -0.197276 1.000000 1.000000 1.000000
7294.547363 0.000000 2850.840088 0.000000 0.944543 0.000000 -0.328389 1.000000 1.000000 1.000000
7282.956055 0.000000 2846.011719 0.000000 0.915367 0.000000 0.402621 1.000000 1.000000 1.000000
7283.579102 0.000000 2874.180908 0.000000 0.867964 0.000000 0.496626 1.000000 1.000000 1.000000
7284.747070 0.000000 2876.889893 0.000000 0.981978 0.000000 0.188996 1.000000 1.000000 1.000000
7271.512695 0.000000 2877.124756 0.000000 0.969084 0.000000 -0.246730 1.000000 1.000000 1.000000
7284.340820 0.000000 2844.419678 0.000000 0.917620 0.000000 0.397459 1.000000 1.000000 1.000000
7339.735352 0.000000 2844.924072 0.000000 0.971353 0.000000 -0.237639 1.000000 1.000000 1.000000
7327.472168 0.000000 2842.626953 0.000000 0.966424 0.000000 0.256953 1.000000 1.000000 1.000000
7342.748047 0.000000 2845.934326 0.000000 0.916226 0.000000 -0.400663 1.000000 1.000000 1.000000
7332.182617 0.000000 2868.658691 0.000000 0.916912 0.000000 -0.399089 1.000000 1.000000 1.000000
7356.475098 0.000000 2841.078857 0.000000 0.997149 0.000000 0.075454 1.000000 1.000000 1.000000
7299.616699 0.000000 2858.361084 0.000000 0.968248 0.000000 0.249992 1.000000 1.000000 1.000000
7296.627930 0.000000 2874.046387 0.000000 0.873877 0.000000 -0.486147 1.000000 1.000000 1.000000
7299.461914 0.000000 2859.765869 0.000000 0.968647 0.000000 0.248442 1.000000 1.000000 1.000000
7413.869629 0.000000 2881.104248 0.000000 0.930210 0.000000 -0.367028 1.000000 1.000000 1.000000
7401.077637 0.000000 2873.639160 0.000000 0.961848 0.000000 -0.273584 1.000000 1.000000 1.000000
7381.359863 0.000000 2864.249756 0.000000 0.951458 0.000000 0.307778 1.000000 1.000000 1.000000
7411.166992 0.000000 2876.014648 0.000000 0.911708 0.000000 -0.410839 1.000000 1.000000 1.000000
7403.809082 0.000000 2872.410156 0.000000 0.868153 0.000000 0.496296 1.000000 1.000000 1.000000
7360.104980 0.000000 2845.464844 0.000000 0.999547 0.000000 0.030111 1.000000 1.000000 1.000000
7360.595703 0.000000 2840.455566 0.000000 0.999259 0.000000 -0.038494 1.000000 1.000000 1.000000
7382.386230 0.000000 2867.831299 0.000000 0.935897 0.000000 0.352273 1.000000 1.000000 1.000000
7363.498535 0.000000 2839.191895 0.000000 0.931570 0.000000 -0.363561 1.000000 1.000000 1.000000
7364.833496 0.000000 2869.799316 0.000000 0.991310 0.000000 0.131543 1.000000 1.000000 1.000000
7381.611328 0.000000 2866.135254 0.000000 0.888297 0.000000 0.459270 1.000000 1.000000 1.000000
7412.731445 0.000000 2876.889893 0.000000 0.997701 0.000000 -0.067777 1.000000 1.000000 1.000000
7410.910645 0.000000 2877.922363 0.000000 0.999816 0.000000 0.019191 1.000000 1.000000 1.000000
7359.140137 0.000000 2841.160400 0.000000 0.962471 0.000000 -0.271383 1.000000 1.000000 1.000000
7365.040527 0.000000 2838.537109 0.000000 0.912524 0.000000 0.409023 1.000000 1.000000 1.000000
7389.907227 0.000000 2867.726318 0.000000 0.990810 0.000000 0.135265 1.000000 1.000000 1.000000
7368.071289 0.000000 2870.407227 0.000000 0.996812 0.000000 -0.079787 1.000000 1.000000 1.000000
7363.233887 0.000000 2872.600098 0.000000 0.886628 0.000000 -0.462483 1.000000 1.000000 1.000000
7376.903809 0.000000 2867.260498 0.000000 0.978588 0.000000 0.205829 1.000000 1.000000 1.000000
7374.203125 0.000000 2867.809082 0.000000 0.999972 0.000000 0.007520 1.000000 1.000000 1.000000
7367.933105 0.000000 2869.009766 0.000000 0.994633 0.000000 -0.103467 1.000000 1.000000 1.000000
7372.754395 0.000000 2869.559082 0.000000 0.887590 0.000000 0.460635 1.000000 1.000000 1.000000
7336.507812 0.000000 2900.782959 0.000000 0.912453 0.000000 0.409182 1.000000 1.000000 1.000000
7314.939941 0.000000 2905.022217 0.000000 0.978612 0.000000 0.205714 1.000000 1.000000 1.000000
7339.735352 0.000000 2892.166260 0.000000 0.986061 0.000000 0.166384 1.000000 1.000000 1.000000
7341.919434 0.000000 2924.559570 0.000000 0.973597 0.000000 0.228274 1.000000 1.000000 1.000000
7300.222656 0.000000 2922.333496 0.000000 0.997769 0.000000 0.066757 1.000000 1.000000 1.000000
7297.694824 0.000000 2894.777832 0.000000 0.908797 0.000000 -0.417238 1.000000 1.000000 1.000000
7309.360840 0.000000 2903.492188 0.000000 0.988369 0.000000 0.152073 1.000000 1.000000 1.000000
7312.469238 0.000000 2901.093750 0.000000 0.977661 0.000000 -0.210187 1.000000 1.000000 1.000000
7356.860352 0.000000 2916.131348 0.000000 0.944695 0.000000 0.327951 1.000000 1.000000 1.000000
7340.164062 0.000000 2926.277588 0.000000 0.946033 0.000000 0.324071 1.000000 1.000000 1.000000
7307.068359 0.000000 2905.865967 0.000000 0.999946 0.000000 0.010435 1.000000 1.000000 1.000000
7302.167480 0.000000 2922.759521 0.000000 0.984351 0.000000 0.176220 1.000000 1.000000 1.000000
7409.273926 0.000000 2894.753174 0.000000 0.998488 0.000000 0.054977 1.000000 1.000000 1.000000
7407.044434 0.000000 2897.472900 0.000000 0.977994 0.000000 0.208634 1.000000 1.000000 1.000000
7394.284668 0.000000 2894.818848 0.000000 0.951366 0.000000 -0.308063 1.000000 1.000000 1.000000
7417.670410 0.000000 2900.899170 0.000000 0.993646 0.000000 0.112548 1.000000 1.000000 1.000000
7406.091797 0.000000 2905.510986 0.000000 0.945001 0.000000 0.327067 1.000000 1.000000 1.000000
7411.819336 0.000000 2895.097900 0.000000 0.999640 0.000000 -0.026814 1.000000 1.000000 1.000000
7369.916504 0.000000 2890.159912 0.000000 0.999994 0.000000 -0.003535 1.000000 1.000000 1.000000
7368.434570 0.000000 2892.543213 0.000000 0.949761 0.000000 -0.312977 1.000000 1.000000 1.000000
7406.324219 0.000000 2895.252930 0.000000 0.918191 0.000000 0.396137 1.000000 1.000000 1.000000
7366.220703 0.000000 2891.840332 0.000000 0.982859 0.000000 -0.184356 1.000000 1.000000 1.000000
7416.183105 0.000000 2902.237061 0.000000 0.961480 0.000000 -0.274875 1.000000 1.000000 1.000000
7364.585938 0.000000 2883.699951 0.000000 0.897406 0.000000 -0.441206 1.000000 1.000000 1.000000
7392.384277 0.000000 2894.934082 0.000000 0.968309 0.000000 0.249757 1.000000 1.000000 1.000000
7390.554199 0.000000 2906.717773 0.000000 0.911155 0.000000 0.412063 1.000000 1.000000 1.000000
7371.537598 0.000000 2893.971191 0.000000 0.953468 0.000000 0.301495 1.000000 1.000000 1.000000
7372.945312 0.000000 2895.758301 0.000000 0.986766 0.000000 -0.162150 1.000000 1.000000 1.000000
7412.794434 0.000000 2901.969482 0.000000 0.950345 0.000000 0.311198 1.000000 1.000000 1.000000
7407.731445 0.000000 2894.441650 0.000000 0.979863 0.000000 -0.199672 1.000000 1.000000 1.000000
7409.125000 0.000000 2903.825928 0.000000 0.931163 0.000000 0.364604 1.000000 1.000000 1.000000
7417.105957 0.000000 2909.725098 0.000000 0.975646 0.000000 -0.219353 1.000000 1.000000 1.000000
7369.467285 0.000000 2891.514160 0.000000 0.992624 0.000000 -0.121233 1.000000 1.000000 1.000000
7367.302246 0.000000 2888.861328 0.000000 0.999594 0.000000 -0.028485 1.000000 1.000000 1.000000
7410.567871 0.000000 2894.508301 0.000000 0.999598 0.000000 0.028353 1.000000 1.000000 1.000000
7366.282227 0.000000 2890.539795 0.000000 0.998387 0.000000 0.056783 1.000000 1.000000 1.000000
7395.486816 0.000000 2883.140869 0.000000 0.929806 0.000000 0.368049 1.000000 1.000000 1.000000
7421.228027 0.000000 2887.227295 0.000000 0.902560 0.000000 0.430565 1.000000 1.000000 1.000000
7366.296875 0.000000 2886.332275 0.000000 0.930824 0.000000 -0.365468 1.000000 1.000000 1.000000
7370.399902 0.000000 2893.722168 0.000000 0.986103 0.000000 -0.166136 1.000000 1.000000 1.000000
7366.472168 0.000000 2888.066406 0.000000 0.888792 0.000000 0.458311 1.000000 1.000000 1.000000
7318.424805 0.000000 2954.537842 0.000000 0.951235 0.000000 -0.308467 1.000000 1.000000 1.000000
7345.027832 0.000000 2958.491943 0.000000 0.998519 0.000000 0.054406 1.000000 1.000000 1.000000
7320.051758 0.000000 2955.913818 0.000000 0.998969 0.000000 0.045394 1.000000 1.000000 1.000000
7322.249023 0.000000 2958.452148 0.000000 0.889931 0.000000 0.456096 1.000000 1.000000 1.000000
7358.063477 0.000000 2965.948730 0.000000 0.927364 0.000000 -0.374160 1.000000 1.000000 1.000000
7338.435059 0.000000 2961.494141 0.000000 0.998976 0.000000 0.045241 1.000000 1.000000 1.000000
7323.752930 0.000000 2959.825195 0.000000 0.996682 0.000000 -0.081394 1.000000 1.000000 1.000000
7320.763672 0.000000 2959.386475 0.000000 0.878069 0.000000 0.478534 1.000000 1.000000 1.000000
7352.666016 0.000000 2955.750000 0.000000 0.938076 0.000000 -0.346429 1.000000 1.000000 1.000000
7405.680176 0.000000 2955.275635 0.000000 0.910332 0.000000 -0.413879 1.000000 1.000000 1.000000
7364.177246 0.000000 2944.266846 0.000000 0.975490 0.000000 0.220045 1.000000 1.000000 1.000000
7394.238281 0.000000 2985.948975 0.000000 0.997886 0.000000 0.064995 1.000000 1.000000 1.000000
7414.793457 0.000000 2983.658447 0.000000 0.907028 0.000000 0.421070 1.000000 1.000000 1.000000
7421.176270 0.000000 2980.416260 0.000000 0.940775 0.000000 -0.339031 1.000000 1.000000 1.000000
7406.608398 0.000000 2982.637207 0.000000 0.991732 0.000000 0.128330 1.000000 1.000000 1.000000
7468.761719 0.000000 2835.404297 0.000000 0.994023 0.000000 -0.109172 1.000000 1.000000 1.000000
7471.458008 0.000000 2838.725586 0.000000 0.989188 0.000000 -0.146653 1.000000 1.000000 1.000000
7470.600586 0.000000 2840.910645 0.000000 0.938830 0.000000 0.344380 1.000000 1.000000 1.000000
7477.846191 0.000000 2835.697998 0.000000 0.905281 0.000000 -0.424813 1.000000 1.000000 1.000000
7470.318359 0.000000 2834.981689 0.000000 0.918537 0.000000 0.395335 1.000000 1.000000 1.000000
7472.422852 0.000000 2837.683594 0.000000 0.922431 0.000000 0.386162 1.000000 1.000000 1.000000
7496.187988 0.000000 2834.580566 0.000000 0.970029 0.000000 0.242987 1.000000 1.000000 1.000000
7492.387207 0.000000 2847.392578 0.000000 0.995008 0.000000 -0.099796 1.000000 1.000000 1.000000
7501.697754 0.000000 2837.096680 0.000000 0.983718 0.000000 -0.179721 1.000000 1.000000 1.000000
7434.536133 0.000000 2883.469238 0.000000 0.956221 0.000000 0.292646 1.000000 1.000000 1.000000
7448.867188 0.000000 2890.957520 0.000000 0.964519 0.000000 -0.264012 1.000000 1.000000 1.000000
7437.036133 0.000000 2885.702881 0.000000 0.975339 0.000000 0.220713 1.000000 1.000000 1.000000
7449.078125 0.000000 2896.405273 0.000000 0.981690 0.000000 -0.190484 1.000000 1.000000 1.000000
7442.204590 0.000000 2883.903564 0.000000 0.891295 0.000000 0.453424 1.000000 1.000000 1.000000
7439.004395 0.000000 2886.058105 0.000000 0.971112 0.000000 0.238624 1.000000 1.000000 1.000000
7444.841797 0.000000 2897.639893 0.000000 0.997018 0.000000 0.077168 1.000000 1.000000 1.000000
7443.658203 0.000000 2883.388184 0.000000 0.998649 0.000000 0.051967 1.000000 1.000000 1.000000
7442.621094 0.000000 2891.277832 0.000000 0.997660 0.000000 -0.068372 1.000000 1.000000 1.000000
7510.362305 0.000000 2893.639160 0.000000 0.959960 0.000000 -0.280136 1.000000 1.000000 1.000000
7508.416992 0.000000 2889.431641 0.000000 0.915262 0.000000 0.402858 1.000000 1.000000 1.000000
7504.971191 0.000000 2885.675537 0.000000 0.979742 0.000000 0.200265 1.000000 1.000000 1.000000
7504.557129 0.000000 2884.148682 0.000000 0.874941 0.000000 -0.484229 1.000000 1.000000 1.000000
7504.090332 0.000000 2886.576416 0.000000 0.870724 0.000000 0.491772 1.000000 1.000000 1.000000
7436.325195 0.000000 2953.859619 0.000000 0.976553 0.000000 0.215275 1.000000 1.000000 1.000000
7479.279297 0.000000 2965.208740 0.000000 0.975779 0.000000 0.218757 1.000000 1.000000 1.000000
7477.229980 0.000000 2967.815674 0.000000 0.882310 0.000000 -0.470669 1.000000 1.000000 1.000000
7431.204102 0.000000 2953.878662 0.000000 0.920381 0.000000 -0.391024 1.000000 1.000000 1.000000
7438.712402 0.000000 2969.087646 0.000000 0.929932 0.000000 0.367732 1.000000 1.000000 1.000000
7470.316406 0.000000 2942.495117 0.000000 0.870841 0.000000 0.491564 1.000000 1.000000 1.000000
7476.609375 0.000000 2940.083496 0.000000 0.981625 0.000000 0.190819 1.000000 1.000000 1.000000
7444.244141 0.000000 2968.770020 0.000000 0.993944 0.000000 -0.109886 1.000000 1.000000 1.000000
7425.744629 0.000000 2952.091797 0.000000 0.928416 0.000000 0.371543 1.000000 1.000000 1.000000
7430.819824 0.000000 2952.433838 0.000000 0.994523 0.000000 0.104517 1.000000 1.000000 1.000000
7480.769043 0.000000 2966.609863 0.000000 0.998506 0.000000 0.054651 1.000000 1.000000 1.000000
7428.834473 0.000000 2952.481934 0.000000 0.998649 0.000000 -0.051968 1.000000 1.000000 1.000000
7493.590820 0.000000 2946.283691 0.000000 0.972855 0.000000 0.231414 1.000000 1.000000 1.000000
7489.040527 0.000000 2957.846680 0.000000 0.884137 0.000000 -0.467228 1.000000 1.000000 1.000000
7488.781250 0.000000 2954.371094 0.000000 0.889319 0.000000 -0.457288 1.000000 1.000000 1.000000
7490.887695 0.000000 2949.214600 0.000000 0.915322 0.000000 -0.402723 1.000000 1.000000 1.000000
7336.540527 0.000000 3067.077148 0.000000 0.890783 0.000000 0.454428 1.000000 1.000000 1.000000
7337.825684 0.000000 3068.402588 0.000000 0.871589 0.000000 -0.490236 1.000000 1.000000 1.000000
7384.958984 0.000000 3023.602051 0.000000 0.950315 0.000000 0.311289 1.000000 1.000000 1.000000
7409.521484 0.000000 3031.338135 0.000000 0.944645 0.000000 0.328093 1.000000 1.000000 1.000000
7382.057129 0.000000 3023.520264 0.000000 0.947279 0.000000 0.320411 1.000000 1.000000 1.000000
7374.203125 0.000000 3056.777832 0.000000 0.985861 0.000000 -0.167565 1.000000 1.000000 1.000000
7381.359863 0.000000 3100.460693 0.000000 0.988496 0.000000 -0.151245 1.000000 1.000000 1.000000
7382.049805 0.000000 3076.005127 0.000000 0.939417 0.000000 0.342775 1.000000 1.000000 1.000000
7406.091797 0.000000 3094.479736 0.000000 0.999101 0.000000 0.042383 1.000000 1.000000 1.000000
7383.475098 0.000000 3102.075928 0.000000 0.961537 0.000000 -0.274677 1.000000 1.000000 1.000000
7381.611328 0.000000 3102.346191 0.000000 0.989267 0.000000 -0.146117 1.000000 1.000000 1.000000
7419.886230 0.000000 3148.473145 0.000000 0.960954 0.000000 -0.276706 1.000000 1.000000 1.000000
7401.757324 0.000000 3148.454102 0.000000 0.999860 0.000000 0.016714 1.000000 1.000000 1.000000
7409.228027 0.000000 3118.140381 0.000000 0.984728 0.000000 0.174099 1.000000 1.000000 1.000000
7412.435059 0.000000 3162.055176 0.000000 0.997347 0.000000 -0.072801 1.000000 1.000000 1.000000
7411.352051 0.000000 3120.725342 0.000000 0.926624 0.000000 -0.375990 1.000000 1.000000 1.000000
7406.326172 0.000000 3118.434814 0.000000 0.995746 0.000000 -0.092142 1.000000 1.000000 1.000000
7407.858398 0.000000 3118.461182 0.000000 0.996159 0.000000 -0.087563 1.000000 1.000000 1.000000
7440.453613 0.000000 3042.820312 0.000000 0.914846 0.000000 -0.403803 1.000000 1.000000 1.000000
7445.646973 0.000000 3158.725098 0.000000 0.911349 0.000000 -0.411635 1.000000 1.000000 1.000000
7441.929688 0.000000 3161.796875 0.000000 0.986415 0.000000 0.164272 1.000000 1.000000 1.000000
7444.837402 0.000000 3162.912598 0.000000 0.999772 0.000000 0.021349 1.000000 1.000000 1.000000
7439.434570 0.000000 3186.861328 0.000000 0.951770 0.000000 -0.306813 1.000000 1.000000 1.000000
6154.062012 0.000000 3957.988525 0.000000 0.984123 0.000000 0.177489 1.000000 1.000000 1.000000
"}
object={
	name="tree_sakura_forest_generator_2"
	render_pass=Map
	clamp_to_water_level=no
	generated_content=yes
	layer="tree_high_layer"
	pdxmesh="tree_sakura_03_mesh"
	count=401
	transform="7122.582520 0.000000 2462.767090 0.000000 0.628649 0.000000 -0.777689 1.000000 1.000000 1.000000
7159.503906 0.000000 2503.952148 0.000000 0.558705 0.000000 -0.829367 1.000000 1.000000 1.000000
7160.575684 0.000000 2508.858643 0.000000 0.551823 0.000000 -0.833961 1.000000 1.000000 1.000000
7161.646484 0.000000 2512.830811 0.000000 0.446084 0.000000 -0.894991 1.000000 1.000000 1.000000
7191.346680 0.000000 2550.021240 0.000000 0.587636 0.000000 -0.809126 1.000000 1.000000 1.000000
7172.790039 0.000000 2542.778809 0.000000 0.013638 0.000000 -0.999907 1.000000 1.000000 1.000000
7183.947266 0.000000 2557.303223 0.000000 0.538597 0.000000 -0.842564 1.000000 1.000000 1.000000
7181.319824 0.000000 2563.378906 0.000000 0.288864 0.000000 -0.957370 1.000000 1.000000 1.000000
7193.822266 0.000000 2588.255127 0.000000 0.816775 0.000000 -0.576956 1.000000 1.000000 1.000000
7244.299316 0.000000 2595.173340 0.000000 0.665052 0.000000 -0.746797 1.000000 1.000000 1.000000
7240.910156 0.000000 2596.817871 0.000000 0.758578 0.000000 -0.651582 1.000000 1.000000 1.000000
7256.352539 0.000000 2587.254883 0.000000 0.055551 0.000000 -0.998456 1.000000 1.000000 1.000000
7243.650391 0.000000 2596.772461 0.000000 0.066273 0.000000 -0.997802 1.000000 1.000000 1.000000
7242.262695 0.000000 2596.455322 0.000000 0.024584 0.000000 -0.999698 1.000000 1.000000 1.000000
7228.232422 0.000000 2635.357910 0.000000 0.482364 0.000000 -0.875971 1.000000 1.000000 1.000000
7215.151855 0.000000 2599.995605 0.000000 0.234424 0.000000 -0.972135 1.000000 1.000000 1.000000
7292.351074 0.000000 2615.918213 0.000000 0.329397 0.000000 -0.944192 1.000000 1.000000 1.000000
7265.053711 0.000000 2643.808838 0.000000 0.040176 0.000000 -0.999193 1.000000 1.000000 1.000000
7261.252441 0.000000 2635.630615 0.000000 0.016783 0.000000 -0.999859 1.000000 1.000000 1.000000
7256.046875 0.000000 2640.624512 0.000000 0.575084 0.000000 -0.818095 1.000000 1.000000 1.000000
7239.576172 0.000000 2606.858398 0.000000 0.143809 0.000000 -0.989605 1.000000 1.000000 1.000000
7260.108887 0.000000 2627.267822 0.000000 0.675955 0.000000 -0.736943 1.000000 1.000000 1.000000
7263.985840 0.000000 2641.073486 0.000000 0.708616 0.000000 -0.705594 1.000000 1.000000 1.000000
7287.757324 0.000000 2642.597900 0.000000 0.864695 0.000000 -0.502298 1.000000 1.000000 1.000000
7259.166992 0.000000 2636.778076 0.000000 0.749513 0.000000 -0.661990 1.000000 1.000000 1.000000
7281.035645 0.000000 2627.796631 0.000000 0.086635 0.000000 -0.996240 1.000000 1.000000 1.000000
7242.109863 0.000000 2642.156738 0.000000 0.154935 0.000000 -0.987925 1.000000 1.000000 1.000000
7256.059570 0.000000 2625.218506 0.000000 0.328596 0.000000 -0.944471 1.000000 1.000000 1.000000
7272.952637 0.000000 2627.042725 0.000000 0.393075 0.000000 -0.919506 1.000000 1.000000 1.000000
7288.145020 0.000000 2644.312988 0.000000 0.790198 0.000000 -0.612852 1.000000 1.000000 1.000000
7275.530762 0.000000 2628.918945 0.000000 0.288283 0.000000 -0.957545 1.000000 1.000000 1.000000
7269.803223 0.000000 2627.585693 0.000000 0.502380 0.000000 -0.864647 1.000000 1.000000 1.000000
7260.757812 0.000000 2643.421631 0.000000 0.409177 0.000000 -0.912455 1.000000 1.000000 1.000000
7279.457520 0.000000 2630.840820 0.000000 0.586578 0.000000 -0.809892 1.000000 1.000000 1.000000
7269.873535 0.000000 2629.105225 0.000000 0.442505 0.000000 -0.896766 1.000000 1.000000 1.000000
7335.152344 0.000000 2596.479980 0.000000 0.234763 0.000000 -0.972053 1.000000 1.000000 1.000000
7338.985840 0.000000 2586.884521 0.000000 0.461799 0.000000 -0.886985 1.000000 1.000000 1.000000
7356.232910 0.000000 2596.685791 0.000000 0.663296 0.000000 -0.748357 1.000000 1.000000 1.000000
7313.493164 0.000000 2572.868652 0.000000 0.787356 0.000000 -0.616499 1.000000 1.000000 1.000000
7338.073242 0.000000 2588.712158 0.000000 0.049280 0.000000 -0.998785 1.000000 1.000000 1.000000
7341.315430 0.000000 2589.895752 0.000000 0.553256 0.000000 -0.833012 1.000000 1.000000 1.000000
7337.339355 0.000000 2593.095459 0.000000 0.664390 0.000000 -0.747386 1.000000 1.000000 1.000000
7340.164062 0.000000 2595.582275 0.000000 0.141001 0.000000 -0.990009 1.000000 1.000000 1.000000
7299.349121 0.000000 2586.868896 0.000000 0.269890 0.000000 -0.962891 1.000000 1.000000 1.000000
7300.262207 0.000000 2578.687256 0.000000 0.342112 0.000000 -0.939659 1.000000 1.000000 1.000000
7338.183594 0.000000 2589.848145 0.000000 0.233898 0.000000 -0.972261 1.000000 1.000000 1.000000
7308.340820 0.000000 2623.164307 0.000000 0.540336 0.000000 -0.841449 1.000000 1.000000 1.000000
7304.065430 0.000000 2616.033691 0.000000 0.690503 0.000000 -0.723329 1.000000 1.000000 1.000000
7326.853516 0.000000 2625.102295 0.000000 0.429497 0.000000 -0.903068 1.000000 1.000000 1.000000
7330.602051 0.000000 2623.981201 0.000000 0.616508 0.000000 -0.787349 1.000000 1.000000 1.000000
7354.006836 0.000000 2599.257568 0.000000 0.065445 0.000000 -0.997856 1.000000 1.000000 1.000000
7305.622070 0.000000 2622.900391 0.000000 0.654898 0.000000 -0.755717 1.000000 1.000000 1.000000
7330.543457 0.000000 2622.027832 0.000000 0.787106 0.000000 -0.616818 1.000000 1.000000 1.000000
7307.068359 0.000000 2622.412842 0.000000 0.836273 0.000000 -0.548313 1.000000 1.000000 1.000000
7355.355957 0.000000 2599.354736 0.000000 0.283701 0.000000 -0.958913 1.000000 1.000000 1.000000
7306.650879 0.000000 2623.582764 0.000000 0.013969 0.000000 -0.999902 1.000000 1.000000 1.000000
7368.057617 0.000000 2616.033691 0.000000 0.383388 0.000000 -0.923587 1.000000 1.000000 1.000000
7371.947754 0.000000 2618.320557 0.000000 0.397800 0.000000 -0.917472 1.000000 1.000000 1.000000
7371.143555 0.000000 2604.625000 0.000000 0.676819 0.000000 -0.736150 1.000000 1.000000 1.000000
7366.138184 0.000000 2612.414551 0.000000 0.781798 0.000000 -0.623532 1.000000 1.000000 1.000000
7367.332520 0.000000 2612.023926 0.000000 0.317025 0.000000 -0.948417 1.000000 1.000000 1.000000
7264.872559 0.000000 2645.843506 0.000000 0.092055 0.000000 -0.995754 1.000000 1.000000 1.000000
7283.619629 0.000000 2680.360840 0.000000 0.499644 0.000000 -0.866231 1.000000 1.000000 1.000000
7283.237793 0.000000 2654.901367 0.000000 0.128526 0.000000 -0.991706 1.000000 1.000000 1.000000
7275.743164 0.000000 2655.955322 0.000000 0.369829 0.000000 -0.929100 1.000000 1.000000 1.000000
7282.380371 0.000000 2651.486572 0.000000 0.592136 0.000000 -0.805838 1.000000 1.000000 1.000000
7254.780762 0.000000 2660.802246 0.000000 0.727512 0.000000 -0.686095 1.000000 1.000000 1.000000
7269.150391 0.000000 2656.586426 0.000000 0.738409 0.000000 -0.674353 1.000000 1.000000 1.000000
7262.127441 0.000000 2646.344238 0.000000 0.075287 0.000000 -0.997162 1.000000 1.000000 1.000000
7284.960938 0.000000 2677.216797 0.000000 0.519255 0.000000 -0.854619 1.000000 1.000000 1.000000
7255.752930 0.000000 2669.108887 0.000000 0.403159 0.000000 -0.915130 1.000000 1.000000 1.000000
7284.769043 0.000000 2651.616699 0.000000 0.519446 0.000000 -0.854503 1.000000 1.000000 1.000000
7262.460449 0.000000 2684.907471 0.000000 0.688987 0.000000 -0.724774 1.000000 1.000000 1.000000
7276.969727 0.000000 2657.692383 0.000000 0.209012 0.000000 -0.977913 1.000000 1.000000 1.000000
7252.865234 0.000000 2661.428955 0.000000 0.407243 0.000000 -0.913320 1.000000 1.000000 1.000000
7256.901855 0.000000 2667.497070 0.000000 0.068460 0.000000 -0.997654 1.000000 1.000000 1.000000
7269.662598 0.000000 2652.143311 0.000000 0.820485 0.000000 -0.571669 1.000000 1.000000 1.000000
7253.501465 0.000000 2667.275879 0.000000 0.524592 0.000000 -0.851354 1.000000 1.000000 1.000000
7285.036621 0.000000 2650.231934 0.000000 0.593700 0.000000 -0.804687 1.000000 1.000000 1.000000
7292.274902 0.000000 2674.738281 0.000000 0.692510 0.000000 -0.721409 1.000000 1.000000 1.000000
7285.828125 0.000000 2647.935059 0.000000 0.146164 0.000000 -0.989260 1.000000 1.000000 1.000000
7261.637695 0.000000 2647.383057 0.000000 0.049902 0.000000 -0.998754 1.000000 1.000000 1.000000
7270.747070 0.000000 2652.020020 0.000000 0.293490 0.000000 -0.955962 1.000000 1.000000 1.000000
7355.894043 0.000000 2676.051270 0.000000 0.205229 0.000000 -0.978714 1.000000 1.000000 1.000000
7332.944824 0.000000 2690.746338 0.000000 0.617186 0.000000 -0.786817 1.000000 1.000000 1.000000
7330.999023 0.000000 2688.092529 0.000000 0.501559 0.000000 -0.865123 1.000000 1.000000 1.000000
7342.210938 0.000000 2678.714600 0.000000 0.486103 0.000000 -0.873901 1.000000 1.000000 1.000000
7295.207031 0.000000 2674.021240 0.000000 0.159305 0.000000 -0.987229 1.000000 1.000000 1.000000
7357.549805 0.000000 2676.525635 0.000000 0.167662 0.000000 -0.985845 1.000000 1.000000 1.000000
7314.779297 0.000000 2677.480469 0.000000 0.093041 0.000000 -0.995662 1.000000 1.000000 1.000000
7330.175293 0.000000 2692.097656 0.000000 0.435554 0.000000 -0.900163 1.000000 1.000000 1.000000
7319.743164 0.000000 2657.311035 0.000000 0.772077 0.000000 -0.635529 1.000000 1.000000 1.000000
7376.638672 0.000000 2657.350342 0.000000 0.819136 0.000000 -0.573599 1.000000 1.000000 1.000000
7368.301758 0.000000 2668.038818 0.000000 0.152239 0.000000 -0.988344 1.000000 1.000000 1.000000
7375.442383 0.000000 2667.197266 0.000000 0.592841 0.000000 -0.805320 1.000000 1.000000 1.000000
7375.972656 0.000000 2671.015381 0.000000 0.213689 0.000000 -0.976902 1.000000 1.000000 1.000000
7394.978027 0.000000 2682.778564 0.000000 0.859421 0.000000 -0.511269 1.000000 1.000000 1.000000
7406.800781 0.000000 2683.395508 0.000000 0.154939 0.000000 -0.987924 1.000000 1.000000 1.000000
7375.282715 0.000000 2673.935547 0.000000 0.507852 0.000000 -0.861444 1.000000 1.000000 1.000000
7381.958008 0.000000 2680.909668 0.000000 0.685335 0.000000 -0.728228 1.000000 1.000000 1.000000
7377.069336 0.000000 2654.505371 0.000000 0.838812 0.000000 -0.544422 1.000000 1.000000 1.000000
7378.975098 0.000000 2681.088867 0.000000 0.418399 0.000000 -0.908264 1.000000 1.000000 1.000000
7372.819336 0.000000 2646.282715 0.000000 0.607083 0.000000 -0.794638 1.000000 1.000000 1.000000
7369.603027 0.000000 2666.041016 0.000000 0.802760 0.000000 -0.596302 1.000000 1.000000 1.000000
7363.199707 0.000000 2667.948975 0.000000 0.614754 0.000000 -0.788719 1.000000 1.000000 1.000000
7378.278809 0.000000 2683.242920 0.000000 0.543551 0.000000 -0.839376 1.000000 1.000000 1.000000
7406.926758 0.000000 2681.342285 0.000000 0.799196 0.000000 -0.601070 1.000000 1.000000 1.000000
7401.817871 0.000000 2690.465088 0.000000 0.381550 0.000000 -0.924348 1.000000 1.000000 1.000000
7390.805176 0.000000 2681.987305 0.000000 0.219751 0.000000 -0.975556 1.000000 1.000000 1.000000
7387.521484 0.000000 2682.547119 0.000000 0.693790 0.000000 -0.720177 1.000000 1.000000 1.000000
7366.888672 0.000000 2667.213379 0.000000 0.660418 0.000000 -0.750898 1.000000 1.000000 1.000000
7365.720703 0.000000 2666.348877 0.000000 0.510848 0.000000 -0.859671 1.000000 1.000000 1.000000
7364.484863 0.000000 2667.276855 0.000000 0.682289 0.000000 -0.731082 1.000000 1.000000 1.000000
7372.050781 0.000000 2667.221680 0.000000 0.706098 0.000000 -0.708114 1.000000 1.000000 1.000000
7381.538086 0.000000 2682.778076 0.000000 0.755620 0.000000 -0.655010 1.000000 1.000000 1.000000
7396.090332 0.000000 2722.033203 0.000000 0.136029 0.000000 -0.990705 1.000000 1.000000 1.000000
7399.520020 0.000000 2717.449463 0.000000 0.480657 0.000000 -0.876909 1.000000 1.000000 1.000000
7375.075684 0.000000 2694.532227 0.000000 0.665232 0.000000 -0.746637 1.000000 1.000000 1.000000
7383.021973 0.000000 2714.061279 0.000000 0.184994 0.000000 -0.982740 1.000000 1.000000 1.000000
7422.041504 0.000000 2720.101318 0.000000 0.788984 0.000000 -0.614413 1.000000 1.000000 1.000000
7376.986816 0.000000 2696.706787 0.000000 0.865607 0.000000 -0.500724 1.000000 1.000000 1.000000
7383.737305 0.000000 2716.351074 0.000000 0.703706 0.000000 -0.710491 1.000000 1.000000 1.000000
7370.948730 0.000000 2696.549805 0.000000 0.580020 0.000000 -0.814602 1.000000 1.000000 1.000000
7375.012207 0.000000 2697.089355 0.000000 0.620211 0.000000 -0.784435 1.000000 1.000000 1.000000
7405.668457 0.000000 2702.511475 0.000000 0.554536 0.000000 -0.832160 1.000000 1.000000 1.000000
7372.214355 0.000000 2695.207275 0.000000 0.291862 0.000000 -0.956461 1.000000 1.000000 1.000000
7404.977539 0.000000 2698.825439 0.000000 0.610308 0.000000 -0.792164 1.000000 1.000000 1.000000
7372.541504 0.000000 2698.263672 0.000000 0.539568 0.000000 -0.841942 1.000000 1.000000 1.000000
7384.770508 0.000000 2725.023193 0.000000 0.643822 0.000000 -0.765176 1.000000 1.000000 1.000000
7376.030273 0.000000 2708.428711 0.000000 0.833499 0.000000 -0.552521 1.000000 1.000000 1.000000
7385.481445 0.000000 2720.661621 0.000000 0.390235 0.000000 -0.920715 1.000000 1.000000 1.000000
7376.903809 0.000000 2725.533936 0.000000 0.446184 0.000000 -0.894941 1.000000 1.000000 1.000000
7369.639648 0.000000 2695.899170 0.000000 0.322310 0.000000 -0.946634 1.000000 1.000000 1.000000
7373.984375 0.000000 2698.066406 0.000000 0.639209 0.000000 -0.769033 1.000000 1.000000 1.000000
7372.352051 0.000000 2699.725830 0.000000 0.864167 0.000000 -0.503205 1.000000 1.000000 1.000000
7374.889648 0.000000 2699.700928 0.000000 0.229290 0.000000 -0.973358 1.000000 1.000000 1.000000
7371.681641 0.000000 2694.089600 0.000000 0.714114 0.000000 -0.700029 1.000000 1.000000 1.000000
7363.229004 0.000000 2694.374023 0.000000 0.823581 0.000000 -0.567198 1.000000 1.000000 1.000000
7375.052734 0.000000 2701.988525 0.000000 0.494814 0.000000 -0.868999 1.000000 1.000000 1.000000
7385.903320 0.000000 2717.594727 0.000000 0.003031 0.000000 -0.999995 1.000000 1.000000 1.000000
7294.890137 0.000000 2799.615723 0.000000 0.225927 0.000000 -0.974144 1.000000 1.000000 1.000000
7287.412598 0.000000 2818.754639 0.000000 0.652035 0.000000 -0.758189 1.000000 1.000000 1.000000
7278.777344 0.000000 2817.429199 0.000000 0.763835 0.000000 -0.645411 1.000000 1.000000 1.000000
7279.060059 0.000000 2802.988525 0.000000 0.638016 0.000000 -0.770023 1.000000 1.000000 1.000000
7289.844727 0.000000 2819.219238 0.000000 0.237870 0.000000 -0.971297 1.000000 1.000000 1.000000
7276.260254 0.000000 2810.415527 0.000000 0.150071 0.000000 -0.988675 1.000000 1.000000 1.000000
7288.841797 0.000000 2818.094971 0.000000 0.689492 0.000000 -0.724294 1.000000 1.000000 1.000000
7279.457520 0.000000 2819.809570 0.000000 0.387947 0.000000 -0.921682 1.000000 1.000000 1.000000
7324.346680 0.000000 2772.874756 0.000000 0.023557 0.000000 -0.999722 1.000000 1.000000 1.000000
7339.519531 0.000000 2783.089111 0.000000 0.198286 0.000000 -0.980144 1.000000 1.000000 1.000000
7318.668945 0.000000 2777.950439 0.000000 0.775142 0.000000 -0.631788 1.000000 1.000000 1.000000
7324.611328 0.000000 2775.064697 0.000000 0.268816 0.000000 -0.963191 1.000000 1.000000 1.000000
7322.430664 0.000000 2773.469971 0.000000 0.158685 0.000000 -0.987329 1.000000 1.000000 1.000000
7324.115723 0.000000 2786.539062 0.000000 0.029328 0.000000 -0.999570 1.000000 1.000000 1.000000
7358.312012 0.000000 2758.309570 0.000000 0.468638 0.000000 -0.883390 1.000000 1.000000 1.000000
7344.565918 0.000000 2754.660889 0.000000 0.086093 0.000000 -0.996287 1.000000 1.000000 1.000000
7329.445312 0.000000 2754.662354 0.000000 0.461083 0.000000 -0.887357 1.000000 1.000000 1.000000
7297.715820 0.000000 2781.949707 0.000000 0.855466 0.000000 -0.517858 1.000000 1.000000 1.000000
7415.287109 0.000000 2776.239990 0.000000 0.448838 0.000000 -0.893613 1.000000 1.000000 1.000000
7371.521484 0.000000 2754.977539 0.000000 0.814040 0.000000 -0.580808 1.000000 1.000000 1.000000
7396.133789 0.000000 2758.447510 0.000000 0.692819 0.000000 -0.721111 1.000000 1.000000 1.000000
7397.547852 0.000000 2761.854736 0.000000 0.534130 0.000000 -0.845402 1.000000 1.000000 1.000000
7391.464355 0.000000 2748.142578 0.000000 0.009837 0.000000 -0.999952 1.000000 1.000000 1.000000
7382.049805 0.000000 2745.309814 0.000000 0.501917 0.000000 -0.864916 1.000000 1.000000 1.000000
7385.692383 0.000000 2743.142822 0.000000 0.769938 0.000000 -0.638119 1.000000 1.000000 1.000000
7369.614258 0.000000 2764.626953 0.000000 0.861179 0.000000 -0.508302 1.000000 1.000000 1.000000
7398.492676 0.000000 2759.786621 0.000000 0.860955 0.000000 -0.508681 1.000000 1.000000 1.000000
7382.057129 0.000000 2740.067139 0.000000 0.682314 0.000000 -0.731059 1.000000 1.000000 1.000000
7390.481934 0.000000 2746.363037 0.000000 0.648074 0.000000 -0.761577 1.000000 1.000000 1.000000
7399.199219 0.000000 2762.866211 0.000000 0.654009 0.000000 -0.756487 1.000000 1.000000 1.000000
7382.238770 0.000000 2757.015137 0.000000 0.269433 0.000000 -0.963019 1.000000 1.000000 1.000000
7367.105469 0.000000 2785.643066 0.000000 0.153876 0.000000 -0.988090 1.000000 1.000000 1.000000
7386.137207 0.000000 2741.420654 0.000000 0.842193 0.000000 -0.539176 1.000000 1.000000 1.000000
7384.250000 0.000000 2756.125488 0.000000 0.074132 0.000000 -0.997248 1.000000 1.000000 1.000000
7388.520508 0.000000 2741.515625 0.000000 0.121121 0.000000 -0.992638 1.000000 1.000000 1.000000
7363.233887 0.000000 2778.115723 0.000000 0.671336 0.000000 -0.741153 1.000000 1.000000 1.000000
7397.949219 0.000000 2763.689941 0.000000 0.533145 0.000000 -0.846024 1.000000 1.000000 1.000000
7399.212402 0.000000 2758.588623 0.000000 0.664420 0.000000 -0.747360 1.000000 1.000000 1.000000
7316.304688 0.000000 2820.163818 0.000000 0.480058 0.000000 -0.877236 1.000000 1.000000 1.000000
7301.559570 0.000000 2787.533447 0.000000 0.763441 0.000000 -0.645877 1.000000 1.000000 1.000000
7325.244629 0.000000 2824.599365 0.000000 0.486362 0.000000 -0.873757 1.000000 1.000000 1.000000
7353.942871 0.000000 2813.991455 0.000000 0.461428 0.000000 -0.887178 1.000000 1.000000 1.000000
7357.184082 0.000000 2791.447510 0.000000 0.816259 0.000000 -0.577687 1.000000 1.000000 1.000000
7296.186523 0.000000 2788.188721 0.000000 0.526493 0.000000 -0.850179 1.000000 1.000000 1.000000
7336.930176 0.000000 2808.983398 0.000000 0.716545 0.000000 -0.697541 1.000000 1.000000 1.000000
7351.246094 0.000000 2789.750732 0.000000 0.830571 0.000000 -0.556912 1.000000 1.000000 1.000000
7349.861816 0.000000 2788.455811 0.000000 0.500833 0.000000 -0.865544 1.000000 1.000000 1.000000
7335.207031 0.000000 2810.108398 0.000000 0.784311 0.000000 -0.620368 1.000000 1.000000 1.000000
7319.284180 0.000000 2797.555664 0.000000 0.186978 0.000000 -0.982364 1.000000 1.000000 1.000000
7296.940918 0.000000 2789.794922 0.000000 0.063002 0.000000 -0.998013 1.000000 1.000000 1.000000
7316.575195 0.000000 2823.637695 0.000000 0.646835 0.000000 -0.762630 1.000000 1.000000 1.000000
7295.150879 0.000000 2799.399902 0.000000 0.613786 0.000000 -0.789473 1.000000 1.000000 1.000000
7319.743164 0.000000 2799.037598 0.000000 0.863879 0.000000 -0.503700 1.000000 1.000000 1.000000
7352.948730 0.000000 2787.408936 0.000000 0.104880 0.000000 -0.994485 1.000000 1.000000 1.000000
7408.829102 0.000000 2823.643799 0.000000 0.806523 0.000000 -0.591203 1.000000 1.000000 1.000000
7361.000977 0.000000 2828.374512 0.000000 0.396186 0.000000 -0.918170 1.000000 1.000000 1.000000
7362.320312 0.000000 2831.374023 0.000000 0.582688 0.000000 -0.812696 1.000000 1.000000 1.000000
7478.579102 0.000000 2734.425781 0.000000 0.738578 0.000000 -0.674168 1.000000 1.000000 1.000000
7461.330078 0.000000 2707.113770 0.000000 0.783482 0.000000 -0.621414 1.000000 1.000000 1.000000
7460.125977 0.000000 2711.205322 0.000000 0.768381 0.000000 -0.639993 1.000000 1.000000 1.000000
7463.974609 0.000000 2708.748047 0.000000 0.842889 0.000000 -0.538087 1.000000 1.000000 1.000000
7479.733887 0.000000 2737.082275 0.000000 0.031511 0.000000 -0.999503 1.000000 1.000000 1.000000
7425.539551 0.000000 2713.421143 0.000000 0.795571 0.000000 -0.605860 1.000000 1.000000 1.000000
7462.622070 0.000000 2731.092773 0.000000 0.723203 0.000000 -0.690635 1.000000 1.000000 1.000000
7462.484863 0.000000 2712.544434 0.000000 0.649313 0.000000 -0.760522 1.000000 1.000000 1.000000
7474.460938 0.000000 2725.953369 0.000000 0.791177 0.000000 -0.611587 1.000000 1.000000 1.000000
7457.608398 0.000000 2736.533203 0.000000 0.631781 0.000000 -0.775147 1.000000 1.000000 1.000000
7425.889160 0.000000 2720.159668 0.000000 0.673805 0.000000 -0.738909 1.000000 1.000000 1.000000
7584.865234 0.000000 2732.806885 0.000000 0.050600 0.000000 -0.998719 1.000000 1.000000 1.000000
7455.408691 0.000000 2744.528320 0.000000 0.456682 0.000000 -0.889630 1.000000 1.000000 1.000000
7473.337402 0.000000 2784.083740 0.000000 0.833196 0.000000 -0.552978 1.000000 1.000000 1.000000
7452.770020 0.000000 2749.886475 0.000000 0.327634 0.000000 -0.944805 1.000000 1.000000 1.000000
7440.630859 0.000000 2751.834717 0.000000 0.822122 0.000000 -0.569312 1.000000 1.000000 1.000000
7456.849121 0.000000 2740.327881 0.000000 0.214256 0.000000 -0.976778 1.000000 1.000000 1.000000
7475.596191 0.000000 2774.845215 0.000000 0.735509 0.000000 -0.677516 1.000000 1.000000 1.000000
7432.657227 0.000000 2744.323730 0.000000 0.750078 0.000000 -0.661349 1.000000 1.000000 1.000000
7463.057129 0.000000 2768.195068 0.000000 0.089363 0.000000 -0.995999 1.000000 1.000000 1.000000
7433.966797 0.000000 2753.066895 0.000000 0.493097 0.000000 -0.869974 1.000000 1.000000 1.000000
7475.295410 0.000000 2786.356934 0.000000 0.848779 0.000000 -0.528748 1.000000 1.000000 1.000000
7425.679199 0.000000 2753.051270 0.000000 0.602649 0.000000 -0.798007 1.000000 1.000000 1.000000
7441.409668 0.000000 2755.036377 0.000000 0.402092 0.000000 -0.915599 1.000000 1.000000 1.000000
7482.123535 0.000000 2780.639404 0.000000 0.145113 0.000000 -0.989415 1.000000 1.000000 1.000000
7453.479492 0.000000 2748.064697 0.000000 0.616612 0.000000 -0.787267 1.000000 1.000000 1.000000
7448.378418 0.000000 2759.998535 0.000000 0.855515 0.000000 -0.517779 1.000000 1.000000 1.000000
7475.351562 0.000000 2744.527832 0.000000 0.247347 0.000000 -0.968927 1.000000 1.000000 1.000000
7481.476074 0.000000 2784.333008 0.000000 0.004064 0.000000 -0.999992 1.000000 1.000000 1.000000
7450.742676 0.000000 2746.468750 0.000000 0.231789 0.000000 -0.972766 1.000000 1.000000 1.000000
7431.266602 0.000000 2743.950928 0.000000 0.646486 0.000000 -0.762926 1.000000 1.000000 1.000000
7450.842773 0.000000 2757.309570 0.000000 0.197884 0.000000 -0.980225 1.000000 1.000000 1.000000
7433.258789 0.000000 2751.887939 0.000000 0.116709 0.000000 -0.993166 1.000000 1.000000 1.000000
7448.895996 0.000000 2741.953125 0.000000 0.096804 0.000000 -0.995303 1.000000 1.000000 1.000000
7452.279297 0.000000 2747.523193 0.000000 0.435466 0.000000 -0.900205 1.000000 1.000000 1.000000
7475.202637 0.000000 2776.014404 0.000000 0.249926 0.000000 -0.968265 1.000000 1.000000 1.000000
7431.338379 0.000000 2742.530762 0.000000 0.547250 0.000000 -0.836969 1.000000 1.000000 1.000000
7453.365723 0.000000 2746.892578 0.000000 0.262533 0.000000 -0.964923 1.000000 1.000000 1.000000
7432.229004 0.000000 2802.011230 0.000000 0.685239 0.000000 -0.728318 1.000000 1.000000 1.000000
7468.849609 0.000000 2833.894287 0.000000 0.779164 0.000000 -0.626820 1.000000 1.000000 1.000000
7505.921875 0.000000 2831.101562 0.000000 0.496169 0.000000 -0.868226 1.000000 1.000000 1.000000
7491.482910 0.000000 2791.949707 0.000000 0.207687 0.000000 -0.978195 1.000000 1.000000 1.000000
7497.819336 0.000000 2815.805664 0.000000 0.180425 0.000000 -0.983589 1.000000 1.000000 1.000000
7564.260254 0.000000 2784.142090 0.000000 0.695552 0.000000 -0.718476 1.000000 1.000000 1.000000
7590.192871 0.000000 2772.180420 0.000000 0.644624 0.000000 -0.764500 1.000000 1.000000 1.000000
7580.407715 0.000000 2746.212891 0.000000 0.480416 0.000000 -0.877041 1.000000 1.000000 1.000000
7583.440918 0.000000 2748.142578 0.000000 0.125501 0.000000 -0.992094 1.000000 1.000000 1.000000
7594.583496 0.000000 2763.865234 0.000000 0.558223 0.000000 -0.829691 1.000000 1.000000 1.000000
7592.898926 0.000000 2761.741211 0.000000 0.413135 0.000000 -0.910670 1.000000 1.000000 1.000000
7565.684570 0.000000 2782.144531 0.000000 0.551348 0.000000 -0.834275 1.000000 1.000000 1.000000
7594.843750 0.000000 2760.164551 0.000000 0.351577 0.000000 -0.936159 1.000000 1.000000 1.000000
7581.671875 0.000000 2753.264160 0.000000 0.752925 0.000000 -0.658107 1.000000 1.000000 1.000000
7580.933594 0.000000 2767.317139 0.000000 0.276557 0.000000 -0.960997 1.000000 1.000000 1.000000
7584.112305 0.000000 2774.907471 0.000000 0.745501 0.000000 -0.666504 1.000000 1.000000 1.000000
7581.685059 0.000000 2766.130371 0.000000 0.741498 0.000000 -0.670956 1.000000 1.000000 1.000000
7591.579102 0.000000 2775.932617 0.000000 0.404379 0.000000 -0.914592 1.000000 1.000000 1.000000
7582.468750 0.000000 2750.863770 0.000000 0.305985 0.000000 -0.952036 1.000000 1.000000 1.000000
7292.351074 0.000000 2852.129150 0.000000 0.041688 0.000000 -0.999131 1.000000 1.000000 1.000000
7269.345215 0.000000 2874.983398 0.000000 0.471746 0.000000 -0.881735 1.000000 1.000000 1.000000
7283.237793 0.000000 2843.870117 0.000000 0.628718 0.000000 -0.777634 1.000000 1.000000 1.000000
7278.816406 0.000000 2872.364258 0.000000 0.308673 0.000000 -0.951168 1.000000 1.000000 1.000000
7290.161621 0.000000 2877.145752 0.000000 0.675003 0.000000 -0.737815 1.000000 1.000000 1.000000
7284.450684 0.000000 2878.602051 0.000000 0.743457 0.000000 -0.668783 1.000000 1.000000 1.000000
7294.319824 0.000000 2852.793945 0.000000 0.077910 0.000000 -0.996960 1.000000 1.000000 1.000000
7267.177734 0.000000 2839.007812 0.000000 0.767781 0.000000 -0.640712 1.000000 1.000000 1.000000
7288.560059 0.000000 2839.553955 0.000000 0.432489 0.000000 -0.901639 1.000000 1.000000 1.000000
7291.385742 0.000000 2848.749023 0.000000 0.650823 0.000000 -0.759230 1.000000 1.000000 1.000000
7292.093262 0.000000 2892.630371 0.000000 0.618141 0.000000 -0.786067 1.000000 1.000000 1.000000
7286.102051 0.000000 2915.492432 0.000000 0.319962 0.000000 -0.947430 1.000000 1.000000 1.000000
7270.163086 0.000000 2891.324951 0.000000 0.048673 0.000000 -0.998815 1.000000 1.000000 1.000000
7288.696777 0.000000 2917.213135 0.000000 0.619905 0.000000 -0.784677 1.000000 1.000000 1.000000
7327.424316 0.000000 2839.012695 0.000000 0.864999 0.000000 -0.501774 1.000000 1.000000 1.000000
7340.954102 0.000000 2838.197510 0.000000 0.376092 0.000000 -0.926582 1.000000 1.000000 1.000000
7299.506348 0.000000 2839.191895 0.000000 0.645045 0.000000 -0.764144 1.000000 1.000000 1.000000
7311.624512 0.000000 2844.733643 0.000000 0.611900 0.000000 -0.790935 1.000000 1.000000 1.000000
7301.974121 0.000000 2841.887207 0.000000 0.607276 0.000000 -0.794491 1.000000 1.000000 1.000000
7358.506836 0.000000 2839.735840 0.000000 0.458150 0.000000 -0.888875 1.000000 1.000000 1.000000
7418.158691 0.000000 2880.409424 0.000000 0.818729 0.000000 -0.574180 1.000000 1.000000 1.000000
7366.958008 0.000000 2865.515869 0.000000 0.031263 0.000000 -0.999511 1.000000 1.000000 1.000000
7365.922363 0.000000 2878.293213 0.000000 0.485914 0.000000 -0.874006 1.000000 1.000000 1.000000
7360.089355 0.000000 2842.615723 0.000000 0.422736 0.000000 -0.906253 1.000000 1.000000 1.000000
7366.718750 0.000000 2869.601318 0.000000 0.233085 0.000000 -0.972456 1.000000 1.000000 1.000000
7360.376465 0.000000 2867.696777 0.000000 0.447515 0.000000 -0.894276 1.000000 1.000000 1.000000
7412.435059 0.000000 2878.602051 0.000000 0.118174 0.000000 -0.992993 1.000000 1.000000 1.000000
7400.718262 0.000000 2871.042969 0.000000 0.591969 0.000000 -0.805961 1.000000 1.000000 1.000000
7369.217285 0.000000 2873.780029 0.000000 0.645475 0.000000 -0.763781 1.000000 1.000000 1.000000
7379.154297 0.000000 2864.966553 0.000000 0.226136 0.000000 -0.974096 1.000000 1.000000 1.000000
7368.137695 0.000000 2863.675781 0.000000 0.838741 0.000000 -0.544531 1.000000 1.000000 1.000000
7378.221191 0.000000 2867.884766 0.000000 0.279766 0.000000 -0.960068 1.000000 1.000000 1.000000
7375.402832 0.000000 2867.104492 0.000000 0.091434 0.000000 -0.995811 1.000000 1.000000 1.000000
7374.343262 0.000000 2869.221924 0.000000 0.048225 0.000000 -0.998837 1.000000 1.000000 1.000000
7369.834961 0.000000 2863.047852 0.000000 0.737831 0.000000 -0.674985 1.000000 1.000000 1.000000
7405.307617 0.000000 2873.348877 0.000000 0.522182 0.000000 -0.852834 1.000000 1.000000 1.000000
7367.209961 0.000000 2862.443604 0.000000 0.593380 0.000000 -0.804923 1.000000 1.000000 1.000000
7367.274414 0.000000 2838.435303 0.000000 0.210398 0.000000 -0.977616 1.000000 1.000000 1.000000
7369.879883 0.000000 2841.511963 0.000000 0.624238 0.000000 -0.781234 1.000000 1.000000 1.000000
7308.340820 0.000000 2906.617432 0.000000 0.120412 0.000000 -0.992724 1.000000 1.000000 1.000000
7344.967773 0.000000 2900.135254 0.000000 0.860611 0.000000 -0.509262 1.000000 1.000000 1.000000
7301.930176 0.000000 2925.535400 0.000000 0.366359 0.000000 -0.930474 1.000000 1.000000 1.000000
7330.292480 0.000000 2894.818848 0.000000 0.340931 0.000000 -0.940088 1.000000 1.000000 1.000000
7342.451660 0.000000 2900.837158 0.000000 0.095610 0.000000 -0.995419 1.000000 1.000000 1.000000
7353.836914 0.000000 2913.703613 0.000000 0.243959 0.000000 -0.969786 1.000000 1.000000 1.000000
7298.276367 0.000000 2918.682617 0.000000 0.741326 0.000000 -0.671145 1.000000 1.000000 1.000000
7303.125488 0.000000 2923.815918 0.000000 0.112413 0.000000 -0.993662 1.000000 1.000000 1.000000
7304.491699 0.000000 2901.122803 0.000000 0.591281 0.000000 -0.806465 1.000000 1.000000 1.000000
7334.196289 0.000000 2926.083740 0.000000 0.308854 0.000000 -0.951110 1.000000 1.000000 1.000000
7357.084961 0.000000 2917.570068 0.000000 0.597608 0.000000 -0.801788 1.000000 1.000000 1.000000
7315.532715 0.000000 2909.232910 0.000000 0.204386 0.000000 -0.978890 1.000000 1.000000 1.000000
7335.836426 0.000000 2928.364746 0.000000 0.748359 0.000000 -0.663294 1.000000 1.000000 1.000000
7309.429199 0.000000 2902.135742 0.000000 0.328071 0.000000 -0.944653 1.000000 1.000000 1.000000
7414.224121 0.000000 2906.870605 0.000000 0.832200 0.000000 -0.554476 1.000000 1.000000 1.000000
7408.959961 0.000000 2900.135254 0.000000 0.679979 0.000000 -0.733232 1.000000 1.000000 1.000000
7414.643066 0.000000 2900.776367 0.000000 0.705330 0.000000 -0.708879 1.000000 1.000000 1.000000
7365.551758 0.000000 2882.017822 0.000000 0.503590 0.000000 -0.863943 1.000000 1.000000 1.000000
7409.711426 0.000000 2905.268555 0.000000 0.060683 0.000000 -0.998157 1.000000 1.000000 1.000000
7373.897949 0.000000 2891.059814 0.000000 0.467742 0.000000 -0.883865 1.000000 1.000000 1.000000
7407.825195 0.000000 2903.104004 0.000000 0.772155 0.000000 -0.635435 1.000000 1.000000 1.000000
7388.554199 0.000000 2907.195312 0.000000 0.030216 0.000000 -0.999543 1.000000 1.000000 1.000000
7417.007812 0.000000 2906.090576 0.000000 0.819701 0.000000 -0.572792 1.000000 1.000000 1.000000
7415.576660 0.000000 2909.171387 0.000000 0.782101 0.000000 -0.623152 1.000000 1.000000 1.000000
7369.974609 0.000000 2894.793457 0.000000 0.101574 0.000000 -0.994828 1.000000 1.000000 1.000000
7372.360352 0.000000 2892.149170 0.000000 0.197227 0.000000 -0.980358 1.000000 1.000000 1.000000
7392.299805 0.000000 2891.732910 0.000000 0.179348 0.000000 -0.983786 1.000000 1.000000 1.000000
7413.237793 0.000000 2908.436279 0.000000 0.456208 0.000000 -0.889873 1.000000 1.000000 1.000000
7414.369141 0.000000 2902.597168 0.000000 0.011690 0.000000 -0.999932 1.000000 1.000000 1.000000
7393.248535 0.000000 2889.881348 0.000000 0.014323 0.000000 -0.999897 1.000000 1.000000 1.000000
7367.360840 0.000000 2887.171143 0.000000 0.016551 0.000000 -0.999863 1.000000 1.000000 1.000000
7324.785645 0.000000 2938.855225 0.000000 0.225405 0.000000 -0.974265 1.000000 1.000000 1.000000
7358.629883 0.000000 2964.267090 0.000000 0.234588 0.000000 -0.972095 1.000000 1.000000 1.000000
7315.426270 0.000000 2954.856934 0.000000 0.753054 0.000000 -0.657959 1.000000 1.000000 1.000000
7355.280273 0.000000 2934.546631 0.000000 0.153522 0.000000 -0.988145 1.000000 1.000000 1.000000
7325.495117 0.000000 2937.033447 0.000000 0.581076 0.000000 -0.813850 1.000000 1.000000 1.000000
7324.964844 0.000000 2956.285889 0.000000 0.183789 0.000000 -0.982966 1.000000 1.000000 1.000000
7318.706543 0.000000 2957.216309 0.000000 0.153369 0.000000 -0.988169 1.000000 1.000000 1.000000
7352.461914 0.000000 2937.203857 0.000000 0.149100 0.000000 -0.988822 1.000000 1.000000 1.000000
7341.154297 0.000000 2959.500977 0.000000 0.859382 0.000000 -0.511334 1.000000 1.000000 1.000000
7341.876465 0.000000 2946.541992 0.000000 0.648540 0.000000 -0.761181 1.000000 1.000000 1.000000
7321.489258 0.000000 2956.872559 0.000000 0.607909 0.000000 -0.794006 1.000000 1.000000 1.000000
7337.042969 0.000000 2929.913086 0.000000 0.711103 0.000000 -0.703088 1.000000 1.000000 1.000000
7322.058105 0.000000 2937.861816 0.000000 0.721446 0.000000 -0.692471 1.000000 1.000000 1.000000
7325.236816 0.000000 2957.430420 0.000000 0.476876 0.000000 -0.878970 1.000000 1.000000 1.000000
7364.782227 0.000000 2953.826660 0.000000 0.275055 0.000000 -0.961428 1.000000 1.000000 1.000000
7363.906250 0.000000 2960.508057 0.000000 0.842191 0.000000 -0.539180 1.000000 1.000000 1.000000
7417.337402 0.000000 2958.433350 0.000000 0.409962 0.000000 -0.912103 1.000000 1.000000 1.000000
7365.606445 0.000000 2946.283691 0.000000 0.016295 0.000000 -0.999867 1.000000 1.000000 1.000000
7415.576660 0.000000 2956.413574 0.000000 0.755564 0.000000 -0.655075 1.000000 1.000000 1.000000
7361.604004 0.000000 2960.137939 0.000000 0.740140 0.000000 -0.672453 1.000000 1.000000 1.000000
7361.370605 0.000000 2963.887207 0.000000 0.771089 0.000000 -0.636727 1.000000 1.000000 1.000000
7417.105957 0.000000 2956.967285 0.000000 0.004332 0.000000 -0.999991 1.000000 1.000000 1.000000
7417.218262 0.000000 2982.803711 0.000000 0.311590 0.000000 -0.950217 1.000000 1.000000 1.000000
7421.541992 0.000000 3007.220947 0.000000 0.826483 0.000000 -0.562961 1.000000 1.000000 1.000000
7415.157227 0.000000 2985.311035 0.000000 0.586727 0.000000 -0.809784 1.000000 1.000000 1.000000
7384.510254 0.000000 3022.942139 0.000000 0.783770 0.000000 -0.621051 1.000000 1.000000 1.000000
7482.319824 0.000000 2847.729736 0.000000 0.280830 0.000000 -0.959758 1.000000 1.000000 1.000000
7467.719727 0.000000 2844.924072 0.000000 0.237208 0.000000 -0.971459 1.000000 1.000000 1.000000
7470.011719 0.000000 2839.322754 0.000000 0.014544 0.000000 -0.999894 1.000000 1.000000 1.000000
7475.344238 0.000000 2837.272217 0.000000 0.812011 0.000000 -0.583642 1.000000 1.000000 1.000000
7477.209961 0.000000 2834.554443 0.000000 0.146060 0.000000 -0.989276 1.000000 1.000000 1.000000
7496.649414 0.000000 2838.808105 0.000000 0.317647 0.000000 -0.948209 1.000000 1.000000 1.000000
7523.229004 0.000000 2873.992188 0.000000 0.610630 0.000000 -0.791916 1.000000 1.000000 1.000000
7498.933105 0.000000 2838.276367 0.000000 0.732860 0.000000 -0.680379 1.000000 1.000000 1.000000
7500.198730 0.000000 2836.933838 0.000000 0.709309 0.000000 -0.704898 1.000000 1.000000 1.000000
7524.540527 0.000000 2876.489746 0.000000 0.628535 0.000000 -0.777781 1.000000 1.000000 1.000000
7458.230469 0.000000 2891.464600 0.000000 0.603211 0.000000 -0.797581 1.000000 1.000000 1.000000
7455.470215 0.000000 2893.401123 0.000000 0.609330 0.000000 -0.792917 1.000000 1.000000 1.000000
7443.387207 0.000000 2892.374756 0.000000 0.037626 0.000000 -0.999292 1.000000 1.000000 1.000000
7441.061523 0.000000 2890.716309 0.000000 0.547557 0.000000 -0.836769 1.000000 1.000000 1.000000
7439.436523 0.000000 2896.016113 0.000000 0.839459 0.000000 -0.543423 1.000000 1.000000 1.000000
7449.186035 0.000000 2893.790283 0.000000 0.627345 0.000000 -0.778741 1.000000 1.000000 1.000000
7445.539551 0.000000 2891.428467 0.000000 0.234699 0.000000 -0.972068 1.000000 1.000000 1.000000
7447.545410 0.000000 2895.238525 0.000000 0.636719 0.000000 -0.771096 1.000000 1.000000 1.000000
7462.845703 0.000000 2889.442627 0.000000 0.339838 0.000000 -0.940484 1.000000 1.000000 1.000000
7456.291992 0.000000 2891.732910 0.000000 0.017285 0.000000 -0.999851 1.000000 1.000000 1.000000
7453.452637 0.000000 2893.214111 0.000000 0.738694 0.000000 -0.674041 1.000000 1.000000 1.000000
7454.585938 0.000000 2891.340820 0.000000 0.815154 0.000000 -0.579245 1.000000 1.000000 1.000000
7459.956055 0.000000 2891.409180 0.000000 0.202641 0.000000 -0.979253 1.000000 1.000000 1.000000
7448.987305 0.000000 2892.345459 0.000000 0.337140 0.000000 -0.941455 1.000000 1.000000 1.000000
7503.060059 0.000000 2883.500977 0.000000 0.855062 0.000000 -0.518525 1.000000 1.000000 1.000000
7505.178223 0.000000 2887.181152 0.000000 0.300138 0.000000 -0.953896 1.000000 1.000000 1.000000
7478.003906 0.000000 2940.969238 0.000000 0.040656 0.000000 -0.999173 1.000000 1.000000 1.000000
7439.964844 0.000000 2954.468506 0.000000 0.683987 0.000000 -0.729494 1.000000 1.000000 1.000000
7480.788574 0.000000 2968.162842 0.000000 0.320394 0.000000 -0.947284 1.000000 1.000000 1.000000
7426.175293 0.000000 2953.676758 0.000000 0.766973 0.000000 -0.641680 1.000000 1.000000 1.000000
7460.517090 0.000000 2953.153320 0.000000 0.014914 0.000000 -0.999889 1.000000 1.000000 1.000000
7438.270020 0.000000 2952.600342 0.000000 0.196801 0.000000 -0.980443 1.000000 1.000000 1.000000
7440.888672 0.000000 2952.591553 0.000000 0.225109 0.000000 -0.974334 1.000000 1.000000 1.000000
7473.636230 0.000000 2969.354492 0.000000 0.229953 0.000000 -0.973202 1.000000 1.000000 1.000000
7464.846680 0.000000 2952.499512 0.000000 0.586355 0.000000 -0.810054 1.000000 1.000000 1.000000
7483.234375 0.000000 2964.818359 0.000000 0.245588 0.000000 -0.969374 1.000000 1.000000 1.000000
7463.349121 0.000000 2950.200195 0.000000 0.049330 0.000000 -0.998783 1.000000 1.000000 1.000000
7429.902344 0.000000 2953.263672 0.000000 0.293719 0.000000 -0.955892 1.000000 1.000000 1.000000
7488.257324 0.000000 2955.832764 0.000000 0.231406 0.000000 -0.972857 1.000000 1.000000 1.000000
7490.167480 0.000000 2953.676758 0.000000 0.435322 0.000000 -0.900275 1.000000 1.000000 1.000000
7491.184082 0.000000 2951.402100 0.000000 0.251893 0.000000 -0.967755 1.000000 1.000000 1.000000
7337.217773 0.000000 3070.190674 0.000000 0.354598 0.000000 -0.935019 1.000000 1.000000 1.000000
7339.519531 0.000000 3066.542236 0.000000 0.578584 0.000000 -0.815623 1.000000 1.000000 1.000000
7387.560059 0.000000 3049.871582 0.000000 0.521241 0.000000 -0.853409 1.000000 1.000000 1.000000
7380.432617 0.000000 3078.400391 0.000000 0.126229 0.000000 -0.992001 1.000000 1.000000 1.000000
7361.462402 0.000000 3086.148682 0.000000 0.380812 0.000000 -0.924652 1.000000 1.000000 1.000000
7362.877441 0.000000 3086.987305 0.000000 0.840730 0.000000 -0.541454 1.000000 1.000000 1.000000
7383.361816 0.000000 3076.942139 0.000000 0.099433 0.000000 -0.995044 1.000000 1.000000 1.000000
7413.869629 0.000000 3164.557373 0.000000 0.706479 0.000000 -0.707734 1.000000 1.000000 1.000000
7441.833984 0.000000 3160.102539 0.000000 0.248680 0.000000 -0.968586 1.000000 1.000000 1.000000
7438.368164 0.000000 3184.616943 0.000000 0.260541 0.000000 -0.965463 1.000000 1.000000 1.000000
"}
