object={
	name="tree_cedar_generator_1_0"
	render_pass=Map
	clamp_to_water_level=no
	generated_content=yes
	layer="tree_high_layer"
	pdxmesh="tree_cedar_01_mesh"
	count=1521
	transform="2938.705322 0.000000 282.088776 0.000000 0.396200 0.000000 0.918164 1.000000 1.000000 1.000000
2916.636963 0.000000 265.439270 0.000000 0.775108 0.000000 0.631828 1.000000 1.000000 1.000000
2918.920898 0.000000 272.009827 0.000000 0.729590 0.000000 0.683885 1.000000 1.000000 1.000000
2941.026611 0.000000 283.655701 0.000000 0.976259 0.000000 0.216608 1.000000 1.000000 1.000000
2933.294922 0.000000 286.724335 0.000000 0.361731 0.000000 0.932283 1.000000 1.000000 1.000000
2964.606934 0.000000 327.049347 0.000000 0.911045 0.000000 -0.412306 1.000000 1.000000 1.000000
2955.081055 0.000000 294.154358 0.000000 0.766408 0.000000 0.642354 1.000000 1.000000 1.000000
2985.039062 0.000000 302.462494 0.000000 0.969440 0.000000 0.245329 1.000000 1.000000 1.000000
2943.939941 0.000000 287.507324 0.000000 0.348486 0.000000 0.937314 1.000000 1.000000 1.000000
2964.835693 0.000000 316.327759 0.000000 0.990041 0.000000 0.140777 1.000000 1.000000 1.000000
2990.218750 0.000000 309.712830 0.000000 0.992497 0.000000 -0.122265 1.000000 1.000000 1.000000
2985.071777 0.000000 327.030060 0.000000 0.701148 0.000000 0.713015 1.000000 1.000000 1.000000
2960.240479 0.000000 300.578430 0.000000 0.100849 0.000000 0.994902 1.000000 1.000000 1.000000
2949.321045 0.000000 308.264038 0.000000 0.282398 0.000000 0.959297 1.000000 1.000000 1.000000
2978.092773 0.000000 305.400787 0.000000 0.997027 0.000000 -0.077048 1.000000 1.000000 1.000000
2952.596191 0.000000 301.166290 0.000000 0.570325 0.000000 0.821419 1.000000 1.000000 1.000000
2963.471191 0.000000 306.701630 0.000000 0.420797 0.000000 0.907155 1.000000 1.000000 1.000000
2982.913086 0.000000 319.252045 0.000000 0.617464 0.000000 0.786599 1.000000 1.000000 1.000000
2969.318359 0.000000 321.973877 0.000000 0.930236 0.000000 0.366962 1.000000 1.000000 1.000000
2958.420166 0.000000 314.726135 0.000000 0.093432 0.000000 0.995626 1.000000 1.000000 1.000000
3028.599121 0.000000 327.049347 0.000000 0.747629 0.000000 0.664116 1.000000 1.000000 1.000000
3008.830811 0.000000 330.403503 0.000000 0.280559 0.000000 0.959837 1.000000 1.000000 1.000000
3028.827881 0.000000 316.327759 0.000000 0.826296 0.000000 0.563236 1.000000 1.000000 1.000000
3020.814697 0.000000 327.548126 0.000000 0.889432 0.000000 -0.457068 1.000000 1.000000 1.000000
3005.018799 0.000000 330.897888 0.000000 0.941086 0.000000 0.338167 1.000000 1.000000 1.000000
3019.073242 0.000000 341.396545 0.000000 0.212275 0.000000 0.977210 1.000000 1.000000 1.000000
3057.875977 0.000000 374.731934 0.000000 0.867684 0.000000 0.497116 1.000000 1.000000 1.000000
3046.905273 0.000000 366.494232 0.000000 0.811241 0.000000 0.584712 1.000000 1.000000 1.000000
3062.542480 0.000000 389.890991 0.000000 0.855633 0.000000 -0.517583 1.000000 1.000000 1.000000
3034.803711 0.000000 401.596741 0.000000 0.162457 0.000000 0.986716 1.000000 1.000000 1.000000
3049.031250 0.000000 396.946869 0.000000 0.995205 0.000000 0.097812 1.000000 1.000000 1.000000
3020.864014 0.000000 402.781219 0.000000 0.825391 0.000000 0.564561 1.000000 1.000000 1.000000
3008.911865 0.000000 395.772308 0.000000 0.648388 0.000000 0.761310 1.000000 1.000000 1.000000
3057.875977 0.000000 421.974121 0.000000 0.089836 0.000000 0.995957 1.000000 1.000000 1.000000
3013.313232 0.000000 402.748413 0.000000 0.167503 0.000000 0.985872 1.000000 1.000000 1.000000
3027.463379 0.000000 401.186005 0.000000 0.631200 0.000000 0.775620 1.000000 1.000000 1.000000
3046.905273 0.000000 413.736420 0.000000 0.913834 0.000000 -0.406088 1.000000 1.000000 1.000000
3059.155029 0.000000 408.875916 0.000000 0.439502 0.000000 0.898242 1.000000 1.000000 1.000000
3022.412354 0.000000 409.210510 0.000000 0.473050 0.000000 0.881036 1.000000 1.000000 1.000000
3037.930664 0.000000 397.623199 0.000000 0.552312 0.000000 0.833638 1.000000 1.000000 1.000000
3053.300537 0.000000 426.052460 0.000000 0.951211 0.000000 0.308541 1.000000 1.000000 1.000000
3056.023193 0.000000 433.658997 0.000000 0.962238 0.000000 -0.272211 1.000000 1.000000 1.000000
3162.690674 0.000000 256.687683 0.000000 0.604018 0.000000 0.796971 1.000000 1.000000 1.000000
3163.387207 0.000000 252.078522 0.000000 0.997519 0.000000 -0.070392 1.000000 1.000000 1.000000
3162.378174 0.000000 255.154678 0.000000 0.976011 0.000000 0.217721 1.000000 1.000000 1.000000
3160.901611 0.000000 303.404633 0.000000 0.996975 0.000000 -0.077724 1.000000 1.000000 1.000000
3168.899902 0.000000 296.613525 0.000000 0.871144 0.000000 0.491027 1.000000 1.000000 1.000000
3198.380615 0.000000 339.847778 0.000000 0.650504 0.000000 0.759503 1.000000 1.000000 1.000000
3197.564209 0.000000 338.558777 0.000000 0.668111 0.000000 0.744062 1.000000 1.000000 1.000000
3202.545654 0.000000 322.523315 0.000000 0.866351 0.000000 0.499436 1.000000 1.000000 1.000000
3203.741455 0.000000 321.521759 0.000000 0.993322 0.000000 -0.115376 1.000000 1.000000 1.000000
3245.603516 0.000000 365.720093 0.000000 0.759137 0.000000 0.650931 1.000000 1.000000 1.000000
3199.908691 0.000000 334.749512 0.000000 0.973296 0.000000 -0.229552 1.000000 1.000000 1.000000
3226.599365 0.000000 357.227692 0.000000 0.093765 0.000000 0.995594 1.000000 1.000000 1.000000
3206.645996 0.000000 344.789307 0.000000 0.828891 0.000000 0.559411 1.000000 1.000000 1.000000
3247.434326 0.000000 366.474792 0.000000 0.387950 0.000000 0.921680 1.000000 1.000000 1.000000
3227.516846 0.000000 355.810730 0.000000 0.668415 0.000000 0.743789 1.000000 1.000000 1.000000
3286.457764 0.000000 366.042175 0.000000 0.412271 0.000000 0.911061 1.000000 1.000000 1.000000
3265.294922 0.000000 375.074036 0.000000 0.821491 0.000000 0.570221 1.000000 1.000000 1.000000
3286.351807 0.000000 369.899841 0.000000 0.291434 0.000000 0.956591 1.000000 1.000000 1.000000
3287.950684 0.000000 369.694153 0.000000 0.611195 0.000000 0.791480 1.000000 1.000000 1.000000
3071.993896 0.000000 408.294830 0.000000 0.717673 0.000000 0.696380 1.000000 1.000000 1.000000
3113.056152 0.000000 421.514435 0.000000 0.109762 0.000000 0.993958 1.000000 1.000000 1.000000
3167.932129 0.000000 429.660889 0.000000 0.036532 0.000000 0.999332 1.000000 1.000000 1.000000
3158.893311 0.000000 437.045105 0.000000 0.441059 0.000000 0.897478 1.000000 1.000000 1.000000
3163.788086 0.000000 469.888367 0.000000 0.999907 0.000000 0.013608 1.000000 1.000000 1.000000
3152.439209 0.000000 431.404572 0.000000 0.901989 0.000000 -0.431758 1.000000 1.000000 1.000000
3161.385010 0.000000 430.741913 0.000000 0.999589 0.000000 0.028659 1.000000 1.000000 1.000000
3260.987549 0.000000 378.140076 0.000000 0.960106 0.000000 0.279637 1.000000 1.000000 1.000000
3253.439697 0.000000 399.875793 0.000000 0.997771 0.000000 0.066733 1.000000 1.000000 1.000000
3254.876465 0.000000 398.760895 0.000000 0.860108 0.000000 0.510111 1.000000 1.000000 1.000000
3274.847168 0.000000 411.088379 0.000000 0.889447 0.000000 0.457038 1.000000 1.000000 1.000000
3296.812988 0.000000 402.506195 0.000000 0.985113 0.000000 0.171910 1.000000 1.000000 1.000000
3272.012451 0.000000 415.300995 0.000000 0.264516 0.000000 0.964381 1.000000 1.000000 1.000000
3272.520264 0.000000 411.108063 0.000000 0.544633 0.000000 0.838674 1.000000 1.000000 1.000000
3299.860840 0.000000 405.423096 0.000000 0.258378 0.000000 0.966044 1.000000 1.000000 1.000000
3272.432861 0.000000 412.415710 0.000000 0.713121 0.000000 0.701041 1.000000 1.000000 1.000000
3220.575684 0.000000 468.775909 0.000000 0.420829 0.000000 0.907140 1.000000 1.000000 1.000000
3211.049805 0.000000 435.880920 0.000000 0.366170 0.000000 0.930548 1.000000 1.000000 1.000000
3233.396240 0.000000 465.181732 0.000000 0.962510 0.000000 0.271247 1.000000 1.000000 1.000000
3236.597900 0.000000 454.408051 0.000000 0.392242 0.000000 0.919862 1.000000 1.000000 1.000000
3207.465576 0.000000 456.164124 0.000000 0.516512 0.000000 0.856280 1.000000 1.000000 1.000000
3266.537842 0.000000 464.249878 0.000000 0.591905 0.000000 0.806008 1.000000 1.000000 1.000000
3326.499268 0.000000 431.878815 0.000000 0.921008 0.000000 -0.389543 1.000000 1.000000 1.000000
3167.932129 0.000000 476.903076 0.000000 0.963963 0.000000 -0.266037 1.000000 1.000000 1.000000
3190.739502 0.000000 497.518829 0.000000 0.922320 0.000000 -0.386427 1.000000 1.000000 1.000000
3245.603516 0.000000 507.446655 0.000000 0.617432 0.000000 0.786624 1.000000 1.000000 1.000000
3226.780273 0.000000 496.081116 0.000000 0.934537 0.000000 0.355866 1.000000 1.000000 1.000000
3200.807373 0.000000 519.372253 0.000000 0.954203 0.000000 0.299161 1.000000 1.000000 1.000000
3212.840576 0.000000 497.265594 0.000000 0.999811 0.000000 0.019465 1.000000 1.000000 1.000000
3254.731689 0.000000 497.518829 0.000000 0.864963 0.000000 0.501836 1.000000 1.000000 1.000000
3236.597900 0.000000 501.650238 0.000000 0.469183 0.000000 0.883101 1.000000 1.000000 1.000000
3220.804443 0.000000 505.296509 0.000000 0.967046 0.000000 -0.254602 1.000000 1.000000 1.000000
3241.040527 0.000000 515.998840 0.000000 0.440526 0.000000 0.897740 1.000000 1.000000 1.000000
3253.255859 0.000000 475.693085 0.000000 0.315728 0.000000 0.948850 1.000000 1.000000 1.000000
3228.846436 0.000000 505.249481 0.000000 0.981290 0.000000 0.192537 1.000000 1.000000 1.000000
3234.061523 0.000000 494.369537 0.000000 0.383155 0.000000 0.923684 1.000000 1.000000 1.000000
3212.791260 0.000000 516.516846 0.000000 0.839770 0.000000 -0.542943 1.000000 1.000000 1.000000
3227.780273 0.000000 517.130554 0.000000 0.650910 0.000000 0.759155 1.000000 1.000000 1.000000
3260.393555 0.000000 502.910400 0.000000 0.377732 0.000000 0.925915 1.000000 1.000000 1.000000
3238.881836 0.000000 508.220795 0.000000 0.674402 0.000000 0.738365 1.000000 1.000000 1.000000
3225.377197 0.000000 477.984100 0.000000 0.766855 0.000000 0.641820 1.000000 1.000000 1.000000
3225.287109 0.000000 510.942627 0.000000 0.783081 0.000000 0.621920 1.000000 1.000000 1.000000
3214.388916 0.000000 503.694885 0.000000 0.997399 0.000000 -0.072082 1.000000 1.000000 1.000000
3284.567871 0.000000 516.018127 0.000000 0.984946 0.000000 -0.172860 1.000000 1.000000 1.000000
3263.970459 0.000000 502.779205 0.000000 0.184537 0.000000 0.982826 1.000000 1.000000 1.000000
3264.799561 0.000000 519.372253 0.000000 0.396460 0.000000 0.918052 1.000000 1.000000 1.000000
3283.432129 0.000000 495.670380 0.000000 0.705519 0.000000 0.708691 1.000000 1.000000 1.000000
3254.519043 0.000000 531.617554 0.000000 0.910085 0.000000 -0.414422 1.000000 1.000000 1.000000
3260.987549 0.000000 519.866699 0.000000 0.463906 0.000000 0.885884 1.000000 1.000000 1.000000
3219.868896 0.000000 519.778870 0.000000 0.498937 0.000000 0.866638 1.000000 1.000000 1.000000
3199.908691 0.000000 523.718323 0.000000 0.625570 0.000000 0.780168 1.000000 1.000000 1.000000
3253.255859 0.000000 522.935303 0.000000 0.977631 0.000000 0.210326 1.000000 1.000000 1.000000
3260.842773 0.000000 537.261658 0.000000 0.397242 0.000000 0.917714 1.000000 1.000000 1.000000
3260.091553 0.000000 527.556030 0.000000 0.999995 0.000000 0.003197 1.000000 1.000000 1.000000
3280.201416 0.000000 536.789429 0.000000 0.056809 0.000000 0.998385 1.000000 1.000000 1.000000
3267.376953 0.000000 530.643005 0.000000 0.968596 0.000000 -0.248641 1.000000 1.000000 1.000000
3272.557129 0.000000 537.377258 0.000000 0.991197 0.000000 -0.132395 1.000000 1.000000 1.000000
3334.414307 0.000000 421.699249 0.000000 0.944886 0.000000 0.327399 1.000000 1.000000 1.000000
3327.893066 0.000000 429.233887 0.000000 0.557635 0.000000 0.830086 1.000000 1.000000 1.000000
3573.413818 0.000000 693.044800 0.000000 0.994720 0.000000 -0.102627 1.000000 1.000000 1.000000
3576.897949 0.000000 695.311096 0.000000 0.877604 0.000000 0.479386 1.000000 1.000000 1.000000
3740.783936 0.000000 505.249481 0.000000 0.336463 0.000000 0.941697 1.000000 1.000000 1.000000
3767.031982 0.000000 514.042664 0.000000 0.998866 0.000000 -0.047604 1.000000 1.000000 1.000000
3741.681885 0.000000 509.731842 0.000000 0.989045 0.000000 -0.147614 1.000000 1.000000 1.000000
3775.319580 0.000000 531.990601 0.000000 0.997126 0.000000 -0.075759 1.000000 1.000000 1.000000
3937.310303 0.000000 559.666138 0.000000 0.258716 0.000000 0.965953 1.000000 1.000000 1.000000
3941.751465 0.000000 560.116089 0.000000 0.095511 0.000000 0.995428 1.000000 1.000000 1.000000
3920.630615 0.000000 562.125793 0.000000 0.833424 0.000000 0.552634 1.000000 1.000000 1.000000
3939.399658 0.000000 556.879944 0.000000 0.195026 0.000000 0.980798 1.000000 1.000000 1.000000
3921.328125 0.000000 565.328430 0.000000 0.965407 0.000000 0.260749 1.000000 1.000000 1.000000
3839.059082 0.000000 649.399780 0.000000 0.950486 0.000000 -0.310766 1.000000 1.000000 1.000000
3789.733643 0.000000 626.448975 0.000000 0.259712 0.000000 0.965686 1.000000 1.000000 1.000000
3596.744385 0.000000 705.485657 0.000000 0.994876 0.000000 0.101099 1.000000 1.000000 1.000000
3639.747803 0.000000 744.825745 0.000000 0.522249 0.000000 0.852793 1.000000 1.000000 1.000000
3633.805664 0.000000 752.669434 0.000000 0.430156 0.000000 0.902755 1.000000 1.000000 1.000000
3623.980713 0.000000 733.277344 0.000000 0.973710 0.000000 -0.227790 1.000000 1.000000 1.000000
3616.430908 0.000000 751.385864 0.000000 0.897915 0.000000 -0.440168 1.000000 1.000000 1.000000
3680.045410 0.000000 723.393494 0.000000 0.089651 0.000000 0.995973 1.000000 1.000000 1.000000
3654.868652 0.000000 748.247253 0.000000 0.964657 0.000000 0.263507 1.000000 1.000000 1.000000
3701.398193 0.000000 740.286987 0.000000 0.876322 0.000000 -0.481727 1.000000 1.000000 1.000000
3923.782959 0.000000 567.021057 0.000000 0.553123 0.000000 0.833099 1.000000 1.000000 1.000000
3914.335205 0.000000 603.792908 0.000000 0.643948 0.000000 0.765069 1.000000 1.000000 1.000000
3920.123291 0.000000 584.031616 0.000000 0.921117 0.000000 -0.389285 1.000000 1.000000 1.000000
3937.975586 0.000000 588.853943 0.000000 0.962344 0.000000 -0.271834 1.000000 1.000000 1.000000
3951.913818 0.000000 575.385620 0.000000 0.976914 0.000000 0.213633 1.000000 1.000000 1.000000
3949.325439 0.000000 588.370056 0.000000 0.282404 0.000000 0.959296 1.000000 1.000000 1.000000
3925.083740 0.000000 584.804016 0.000000 0.680119 0.000000 0.733102 1.000000 1.000000 1.000000
3910.837402 0.000000 606.520691 0.000000 0.757601 0.000000 0.652718 1.000000 1.000000 1.000000
3839.900146 0.000000 644.505798 0.000000 0.782020 0.000000 0.623253 1.000000 1.000000 1.000000
3880.929688 0.000000 633.157837 0.000000 0.623780 0.000000 0.781600 1.000000 1.000000 1.000000
3873.318115 0.000000 654.150513 0.000000 0.362035 0.000000 0.932165 1.000000 1.000000 1.000000
3880.962402 0.000000 657.725403 0.000000 0.959250 0.000000 0.282559 1.000000 1.000000 1.000000
3879.949463 0.000000 638.792969 0.000000 0.955535 0.000000 0.294878 1.000000 1.000000 1.000000
3873.467529 0.000000 659.636719 0.000000 0.899509 0.000000 -0.436903 1.000000 1.000000 1.000000
3877.759277 0.000000 654.600464 0.000000 0.954102 0.000000 -0.299482 1.000000 1.000000 1.000000
3898.285156 0.000000 636.033081 0.000000 0.493626 0.000000 0.869674 1.000000 1.000000 1.000000
3876.563477 0.000000 632.548950 0.000000 0.818403 0.000000 0.574644 1.000000 1.000000 1.000000
3852.860596 0.000000 654.011719 0.000000 0.854046 0.000000 -0.520197 1.000000 1.000000 1.000000
3877.977051 0.000000 635.956055 0.000000 0.800633 0.000000 0.599155 1.000000 1.000000 1.000000
3875.420410 0.000000 656.678284 0.000000 0.951874 0.000000 -0.306489 1.000000 1.000000 1.000000
3904.802490 0.000000 631.983276 0.000000 0.877995 0.000000 0.478670 1.000000 1.000000 1.000000
3907.298828 0.000000 625.127380 0.000000 0.333814 0.000000 0.942639 1.000000 1.000000 1.000000
3964.005615 0.000000 622.040405 0.000000 0.996144 0.000000 0.087734 1.000000 1.000000 1.000000
3925.781738 0.000000 643.866760 0.000000 0.988856 0.000000 0.148873 1.000000 1.000000 1.000000
3843.306641 0.000000 672.369568 0.000000 0.001964 0.000000 0.999998 1.000000 1.000000 1.000000
3846.076904 0.000000 666.921814 0.000000 0.625299 0.000000 0.780385 1.000000 1.000000 1.000000
3844.606689 0.000000 676.641602 0.000000 0.906720 0.000000 0.421734 1.000000 1.000000 1.000000
3847.182617 0.000000 673.406006 0.000000 0.981133 0.000000 0.193335 1.000000 1.000000 1.000000
3845.090332 0.000000 670.111145 0.000000 0.285062 0.000000 0.958509 1.000000 1.000000 1.000000
3637.208984 0.000000 759.146240 0.000000 0.880147 0.000000 0.474702 1.000000 1.000000 1.000000
3658.995117 0.000000 766.576294 0.000000 0.772879 0.000000 0.634553 1.000000 1.000000 1.000000
3720.502441 0.000000 773.588196 0.000000 0.975190 0.000000 -0.221369 1.000000 1.000000 1.000000
3720.682129 0.000000 770.596924 0.000000 0.999914 0.000000 0.013079 1.000000 1.000000 1.000000
3722.263184 0.000000 771.899780 0.000000 0.994588 0.000000 -0.103898 1.000000 1.000000 1.000000
1710.606689 0.000000 2263.168945 0.000000 0.421821 0.000000 0.906679 1.000000 1.000000 1.000000
1757.631226 0.000000 2236.978027 0.000000 0.904042 0.000000 -0.427443 1.000000 1.000000 1.000000
1751.796021 0.000000 2238.989990 0.000000 0.966632 0.000000 -0.256167 1.000000 1.000000 1.000000
1781.440674 0.000000 2226.437012 0.000000 0.974820 0.000000 0.222993 1.000000 1.000000 1.000000
1750.978760 0.000000 2240.279297 0.000000 0.399986 0.000000 0.916521 1.000000 1.000000 1.000000
1792.840454 0.000000 2256.691406 0.000000 0.999766 0.000000 -0.021625 1.000000 1.000000 1.000000
1797.160156 0.000000 2257.539551 0.000000 0.100970 0.000000 0.994889 1.000000 1.000000 1.000000
1687.971069 0.000000 2277.891602 0.000000 0.834979 0.000000 -0.550281 1.000000 1.000000 1.000000
1728.848267 0.000000 2303.933594 0.000000 0.917119 0.000000 -0.398613 1.000000 1.000000 1.000000
1740.040527 0.000000 2302.907959 0.000000 0.122926 0.000000 0.992416 1.000000 1.000000 1.000000
1737.238525 0.000000 2269.792236 0.000000 0.898550 0.000000 -0.438872 1.000000 1.000000 1.000000
1743.030640 0.000000 2302.315674 0.000000 0.416309 0.000000 0.909223 1.000000 1.000000 1.000000
1736.758301 0.000000 2303.500977 0.000000 0.949283 0.000000 0.314424 1.000000 1.000000 1.000000
1779.800293 0.000000 2274.900391 0.000000 0.984250 0.000000 -0.176781 1.000000 1.000000 1.000000
1736.620361 0.000000 2302.103516 0.000000 0.896995 0.000000 0.442040 1.000000 1.000000 1.000000
3581.650146 0.000000 2169.481934 0.000000 0.943079 0.000000 -0.332568 1.000000 1.000000 1.000000
3581.855957 0.000000 2170.729492 0.000000 0.240040 0.000000 0.970763 1.000000 1.000000 1.000000
3574.692627 0.000000 2198.237793 0.000000 0.937787 0.000000 0.347211 1.000000 1.000000 1.000000
3575.755615 0.000000 2209.333740 0.000000 0.962333 0.000000 -0.271873 1.000000 1.000000 1.000000
3566.148438 0.000000 2199.400635 0.000000 0.317439 0.000000 0.948279 1.000000 1.000000 1.000000
3562.225830 0.000000 2203.610352 0.000000 0.987728 0.000000 0.156181 1.000000 1.000000 1.000000
3572.072510 0.000000 2207.938965 0.000000 0.937999 0.000000 0.346639 1.000000 1.000000 1.000000
3581.644775 0.000000 2177.299072 0.000000 0.999949 0.000000 -0.010123 1.000000 1.000000 1.000000
3581.650146 0.000000 2216.724121 0.000000 0.954456 0.000000 -0.298351 1.000000 1.000000 1.000000
3567.269531 0.000000 2210.973633 0.000000 0.999623 0.000000 -0.027439 1.000000 1.000000 1.000000
3563.075439 0.000000 2196.958984 0.000000 0.369555 0.000000 0.929209 1.000000 1.000000 1.000000
3573.706055 0.000000 2211.940674 0.000000 0.997884 0.000000 -0.065027 1.000000 1.000000 1.000000
3566.560059 0.000000 2196.878174 0.000000 0.105787 0.000000 0.994389 1.000000 1.000000 1.000000
3582.788818 0.000000 2174.999023 0.000000 0.212373 0.000000 0.977189 1.000000 1.000000 1.000000
3575.905029 0.000000 2195.482178 0.000000 0.937403 0.000000 0.348246 1.000000 1.000000 1.000000
3579.717285 0.000000 2196.899414 0.000000 0.074078 0.000000 0.997252 1.000000 1.000000 1.000000
3582.405029 0.000000 2214.556152 0.000000 0.840345 0.000000 -0.542052 1.000000 1.000000 1.000000
3567.395264 0.000000 2208.920410 0.000000 0.918912 0.000000 -0.394462 1.000000 1.000000 1.000000
3580.482422 0.000000 2215.153320 0.000000 0.193089 0.000000 0.981181 1.000000 1.000000 1.000000
3573.922852 0.000000 2208.683594 0.000000 0.511958 0.000000 0.859010 1.000000 1.000000 1.000000
3575.435791 0.000000 2212.858643 0.000000 0.883215 0.000000 -0.468969 1.000000 1.000000 1.000000
3577.006348 0.000000 2214.692139 0.000000 0.622787 0.000000 0.782392 1.000000 1.000000 1.000000
3564.712891 0.000000 2196.267090 0.000000 0.936151 0.000000 -0.351598 1.000000 1.000000 1.000000
3576.315918 0.000000 2198.800293 0.000000 0.653767 0.000000 0.756696 1.000000 1.000000 1.000000
3574.430176 0.000000 2196.465820 0.000000 0.586085 0.000000 0.810250 1.000000 1.000000 1.000000
3564.399658 0.000000 2200.417725 0.000000 0.995871 0.000000 -0.090782 1.000000 1.000000 1.000000
3581.545898 0.000000 2208.937256 0.000000 0.892181 0.000000 0.451677 1.000000 1.000000 1.000000
3576.234375 0.000000 2176.922607 0.000000 0.971945 0.000000 0.235207 1.000000 1.000000 1.000000
3516.811523 0.000000 2237.980713 0.000000 0.785697 0.000000 0.618612 1.000000 1.000000 1.000000
3509.025635 0.000000 2236.080078 0.000000 0.615839 0.000000 0.787872 1.000000 1.000000 1.000000
3518.517822 0.000000 2247.679443 0.000000 0.423729 0.000000 0.905789 1.000000 1.000000 1.000000
3514.146729 0.000000 2239.508545 0.000000 0.971902 0.000000 -0.235387 1.000000 1.000000 1.000000
3518.068848 0.000000 2249.700684 0.000000 0.969223 0.000000 -0.246183 1.000000 1.000000 1.000000
3517.210938 0.000000 2239.605713 0.000000 0.996735 0.000000 -0.080740 1.000000 1.000000 1.000000
3519.939209 0.000000 2250.740234 0.000000 0.778868 0.000000 0.627187 1.000000 1.000000 1.000000
3534.349854 0.000000 2251.656006 0.000000 0.971170 0.000000 0.238388 1.000000 1.000000 1.000000
3536.677490 0.000000 2262.844727 0.000000 0.996790 0.000000 -0.080064 1.000000 1.000000 1.000000
3539.280029 0.000000 2261.082275 0.000000 0.946370 0.000000 -0.323085 1.000000 1.000000 1.000000
3539.817627 0.000000 2266.197021 0.000000 0.999292 0.000000 -0.037616 1.000000 1.000000 1.000000
3538.747314 0.000000 2258.063232 0.000000 0.999383 0.000000 0.035131 1.000000 1.000000 1.000000
3537.218506 0.000000 2260.733154 0.000000 0.707715 0.000000 0.706499 1.000000 1.000000 1.000000
3519.667480 0.000000 2248.841553 0.000000 0.017621 0.000000 0.999845 1.000000 1.000000 1.000000
3638.330566 0.000000 1983.502563 0.000000 0.464402 0.000000 0.885625 1.000000 1.000000 1.000000
3632.796631 0.000000 1970.659912 0.000000 0.682600 0.000000 0.730792 1.000000 1.000000 1.000000
3612.755859 0.000000 1940.023682 0.000000 0.820752 0.000000 -0.571284 1.000000 1.000000 1.000000
3636.390625 0.000000 1973.926025 0.000000 0.991339 0.000000 0.131329 1.000000 1.000000 1.000000
3635.670898 0.000000 1972.896973 0.000000 0.436388 0.000000 0.899759 1.000000 1.000000 1.000000
3637.208984 0.000000 1987.443237 0.000000 0.958021 0.000000 0.286699 1.000000 1.000000 1.000000
3735.768555 0.000000 2077.599121 0.000000 0.939804 0.000000 -0.341713 1.000000 1.000000 1.000000
3750.521729 0.000000 2074.255859 0.000000 0.503949 0.000000 0.863733 1.000000 1.000000 1.000000
3751.589355 0.000000 2076.815674 0.000000 0.991437 0.000000 0.130583 1.000000 1.000000 1.000000
3733.710938 0.000000 2077.793945 0.000000 0.366634 0.000000 0.930365 1.000000 1.000000 1.000000
3902.484863 0.000000 2021.104736 0.000000 0.716155 0.000000 0.697942 1.000000 1.000000 1.000000
3904.721436 0.000000 2031.122314 0.000000 0.922133 0.000000 0.386872 1.000000 1.000000 1.000000
3903.530518 0.000000 2022.875854 0.000000 0.280938 0.000000 0.959726 1.000000 1.000000 1.000000
3910.069092 0.000000 2036.945312 0.000000 0.194579 0.000000 0.980887 1.000000 1.000000 1.000000
3909.973633 0.000000 2031.658203 0.000000 0.526586 0.000000 0.850122 1.000000 1.000000 1.000000
3913.086670 0.000000 2035.690918 0.000000 0.119258 0.000000 0.992863 1.000000 1.000000 1.000000
3910.635498 0.000000 2034.315430 0.000000 0.388499 0.000000 0.921449 1.000000 1.000000 1.000000
3702.322754 0.000000 2125.229248 0.000000 0.831524 0.000000 -0.555489 1.000000 1.000000 1.000000
3704.582031 0.000000 2124.648926 0.000000 0.591072 0.000000 0.806619 1.000000 1.000000 1.000000
3710.776123 0.000000 2121.301758 0.000000 0.924273 0.000000 -0.381731 1.000000 1.000000 1.000000
3583.565674 0.000000 2168.267578 0.000000 0.697493 0.000000 0.716591 1.000000 1.000000 1.000000
3590.876465 0.000000 2165.512939 0.000000 0.960243 0.000000 -0.279164 1.000000 1.000000 1.000000
3591.179199 0.000000 2160.968506 0.000000 0.942088 0.000000 0.335367 1.000000 1.000000 1.000000
3587.686768 0.000000 2171.335449 0.000000 0.763155 0.000000 0.646216 1.000000 1.000000 1.000000
3603.614746 0.000000 2156.333740 0.000000 0.626184 0.000000 0.779675 1.000000 1.000000 1.000000
3605.432861 0.000000 2153.431396 0.000000 0.838705 0.000000 -0.544585 1.000000 1.000000 1.000000
3607.121826 0.000000 2163.802002 0.000000 0.655372 0.000000 0.755306 1.000000 1.000000 1.000000
3604.379150 0.000000 2154.742676 0.000000 0.755788 0.000000 0.654816 1.000000 1.000000 1.000000
3603.232178 0.000000 2157.816406 0.000000 0.990358 0.000000 0.138529 1.000000 1.000000 1.000000
3607.882812 0.000000 2160.733154 0.000000 0.389747 0.000000 0.920922 1.000000 1.000000 1.000000
3592.202637 0.000000 2164.749512 0.000000 0.956640 0.000000 0.291272 1.000000 1.000000 1.000000
3603.985352 0.000000 2153.357910 0.000000 0.972792 0.000000 0.231682 1.000000 1.000000 1.000000
3697.726562 0.000000 2138.878174 0.000000 0.949595 0.000000 0.313479 1.000000 1.000000 1.000000
3699.393311 0.000000 2137.378906 0.000000 0.977281 0.000000 -0.211949 1.000000 1.000000 1.000000
3707.801270 0.000000 2126.932861 0.000000 0.207631 0.000000 0.978207 1.000000 1.000000 1.000000
3687.513428 0.000000 2151.611816 0.000000 0.520554 0.000000 0.853828 1.000000 1.000000 1.000000
3757.541016 0.000000 2113.681152 0.000000 0.660375 0.000000 0.750936 1.000000 1.000000 1.000000
3745.333740 0.000000 2118.658447 0.000000 0.781375 0.000000 0.624062 1.000000 1.000000 1.000000
3737.224609 0.000000 2117.177246 0.000000 0.851188 0.000000 0.524861 1.000000 1.000000 1.000000
3756.253906 0.000000 2116.535156 0.000000 0.509194 0.000000 0.860652 1.000000 1.000000 1.000000
3713.240234 0.000000 2123.035156 0.000000 0.982194 0.000000 0.187868 1.000000 1.000000 1.000000
3739.596436 0.000000 2117.114014 0.000000 0.596558 0.000000 0.802570 1.000000 1.000000 1.000000
3730.666260 0.000000 2112.009766 0.000000 0.633713 0.000000 0.773568 1.000000 1.000000 1.000000
3741.048340 0.000000 2113.674072 0.000000 0.115995 0.000000 0.993250 1.000000 1.000000 1.000000
3749.153809 0.000000 2082.357910 0.000000 0.803446 0.000000 0.595377 1.000000 1.000000 1.000000
3746.100098 0.000000 2117.039551 0.000000 0.970688 0.000000 -0.240344 1.000000 1.000000 1.000000
3732.848145 0.000000 2113.307617 0.000000 0.427234 0.000000 0.904141 1.000000 1.000000 1.000000
3749.071289 0.000000 2080.667725 0.000000 0.999995 0.000000 0.003048 1.000000 1.000000 1.000000
3713.686279 0.000000 2121.528809 0.000000 0.989047 0.000000 0.147604 1.000000 1.000000 1.000000
3744.365479 0.000000 2117.465820 0.000000 0.968202 0.000000 0.250170 1.000000 1.000000 1.000000
3722.991699 0.000000 2117.229492 0.000000 0.945236 0.000000 0.326388 1.000000 1.000000 1.000000
3724.480225 0.000000 2115.129639 0.000000 0.976707 0.000000 0.214577 1.000000 1.000000 1.000000
3770.772705 0.000000 2139.096924 0.000000 0.826865 0.000000 0.562400 1.000000 1.000000 1.000000
3769.381836 0.000000 2142.304443 0.000000 0.479292 0.000000 0.877656 1.000000 1.000000 1.000000
3774.208252 0.000000 2146.489502 0.000000 0.553149 0.000000 0.833082 1.000000 1.000000 1.000000
3764.880127 0.000000 2169.969238 0.000000 0.666587 0.000000 0.745427 1.000000 1.000000 1.000000
3771.392578 0.000000 2141.685547 0.000000 0.179828 0.000000 0.983698 1.000000 1.000000 1.000000
3772.995605 0.000000 2148.055420 0.000000 0.957469 0.000000 0.288537 1.000000 1.000000 1.000000
3718.411621 0.000000 2133.254395 0.000000 0.316699 0.000000 0.948526 1.000000 1.000000 1.000000
3773.987305 0.000000 2156.861572 0.000000 0.607915 0.000000 0.794002 1.000000 1.000000 1.000000
3767.963135 0.000000 2141.990234 0.000000 0.532248 0.000000 0.846589 1.000000 1.000000 1.000000
3768.421631 0.000000 2140.988281 0.000000 0.013227 0.000000 0.999913 1.000000 1.000000 1.000000
3776.737061 0.000000 2172.849121 0.000000 0.501031 0.000000 0.865429 1.000000 1.000000 1.000000
3792.361084 0.000000 2132.123535 0.000000 0.947720 0.000000 -0.319104 1.000000 1.000000 1.000000
3776.556641 0.000000 2148.819824 0.000000 0.409836 0.000000 0.912159 1.000000 1.000000 1.000000
3789.733643 0.000000 2138.199219 0.000000 0.960454 0.000000 -0.278438 1.000000 1.000000 1.000000
3791.881592 0.000000 2140.141113 0.000000 0.869867 0.000000 -0.493286 1.000000 1.000000 1.000000
3789.159912 0.000000 2143.281250 0.000000 0.709406 0.000000 0.704800 1.000000 1.000000 1.000000
3775.575195 0.000000 2150.766113 0.000000 0.150897 0.000000 0.988550 1.000000 1.000000 1.000000
3786.842285 0.000000 2152.377686 0.000000 0.881702 0.000000 -0.471807 1.000000 1.000000 1.000000
3792.053955 0.000000 2136.100830 0.000000 0.771651 0.000000 0.636046 1.000000 1.000000 1.000000
3796.682129 0.000000 2131.522705 0.000000 0.007706 0.000000 0.999970 1.000000 1.000000 1.000000
3782.020020 0.000000 2145.042969 0.000000 0.938592 0.000000 -0.345028 1.000000 1.000000 1.000000
3798.185547 0.000000 2129.416260 0.000000 0.998740 0.000000 0.050184 1.000000 1.000000 1.000000
3790.662842 0.000000 2136.870850 0.000000 0.764375 0.000000 0.644772 1.000000 1.000000 1.000000
3775.578369 0.000000 2148.031494 0.000000 0.994806 0.000000 0.101792 1.000000 1.000000 1.000000
3781.989258 0.000000 2173.385010 0.000000 0.989875 0.000000 0.141941 1.000000 1.000000 1.000000
3779.309082 0.000000 2175.888184 0.000000 0.299542 0.000000 0.954083 1.000000 1.000000 1.000000
3779.024414 0.000000 2173.543457 0.000000 0.883532 0.000000 0.468371 1.000000 1.000000 1.000000
3538.681152 0.000000 2269.755127 0.000000 0.178194 0.000000 0.983995 1.000000 1.000000 1.000000
3521.524658 0.000000 2296.456055 0.000000 0.961779 0.000000 0.273827 1.000000 1.000000 1.000000
3538.602783 0.000000 2268.423096 0.000000 0.486489 0.000000 0.873687 1.000000 1.000000 1.000000
3546.741211 0.000000 2338.526611 0.000000 0.939389 0.000000 0.342852 1.000000 1.000000 1.000000
3526.115967 0.000000 2320.398682 0.000000 0.514874 0.000000 0.857266 1.000000 1.000000 1.000000
3528.029053 0.000000 2323.405273 0.000000 0.004138 0.000000 0.999991 1.000000 1.000000 1.000000
3544.205566 0.000000 2338.413574 0.000000 0.984381 0.000000 0.176052 1.000000 1.000000 1.000000
3530.071777 0.000000 2335.345703 0.000000 0.839362 0.000000 -0.543572 1.000000 1.000000 1.000000
3526.435059 0.000000 2322.223145 0.000000 0.103636 0.000000 0.994615 1.000000 1.000000 1.000000
3578.796143 0.000000 2375.307861 0.000000 0.462002 0.000000 0.886879 1.000000 1.000000 1.000000
3577.483887 0.000000 2372.060791 0.000000 0.801961 0.000000 0.597376 1.000000 1.000000 1.000000
3581.248047 0.000000 2376.828857 0.000000 0.732346 0.000000 0.680933 1.000000 1.000000 1.000000
3582.468018 0.000000 2368.808838 0.000000 0.873198 0.000000 0.487366 1.000000 1.000000 1.000000
3579.416016 0.000000 2377.896484 0.000000 0.586554 0.000000 0.809910 1.000000 1.000000 1.000000
3452.709229 0.000000 2549.443604 0.000000 0.831667 0.000000 -0.555275 1.000000 1.000000 1.000000
3456.857178 0.000000 2521.670898 0.000000 0.819533 0.000000 0.573032 1.000000 1.000000 1.000000
3456.581055 0.000000 2514.769531 0.000000 0.799335 0.000000 0.600885 1.000000 1.000000 1.000000
3458.163330 0.000000 2516.840332 0.000000 0.728640 0.000000 0.684897 1.000000 1.000000 1.000000
3459.353760 0.000000 2520.081055 0.000000 0.971762 0.000000 -0.235963 1.000000 1.000000 1.000000
3530.914795 0.000000 2521.888672 0.000000 0.999985 0.000000 0.005451 1.000000 1.000000 1.000000
3358.533447 0.000000 2597.067871 0.000000 0.771774 0.000000 0.635897 1.000000 1.000000 1.000000
3370.208008 0.000000 2586.563477 0.000000 0.439669 0.000000 0.898160 1.000000 1.000000 1.000000
3354.489990 0.000000 2596.147217 0.000000 0.985731 0.000000 0.168331 1.000000 1.000000 1.000000
3355.503662 0.000000 2597.004883 0.000000 0.951323 0.000000 0.308195 1.000000 1.000000 1.000000
3371.521484 0.000000 2588.005127 0.000000 0.996077 0.000000 -0.088496 1.000000 1.000000 1.000000
3370.667725 0.000000 2589.848145 0.000000 0.079189 0.000000 0.996860 1.000000 1.000000 1.000000
3411.140381 0.000000 2559.226562 0.000000 0.127334 0.000000 0.991860 1.000000 1.000000 1.000000
3359.908691 0.000000 2602.801758 0.000000 0.966929 0.000000 -0.255045 1.000000 1.000000 1.000000
3345.561279 0.000000 2607.263184 0.000000 0.893315 0.000000 -0.449431 1.000000 1.000000 1.000000
3338.408447 0.000000 2606.706787 0.000000 0.957722 0.000000 0.287695 1.000000 1.000000 1.000000
3340.532227 0.000000 2606.561035 0.000000 0.365172 0.000000 0.930940 1.000000 1.000000 1.000000
3344.108643 0.000000 2608.522705 0.000000 0.102551 0.000000 0.994728 1.000000 1.000000 1.000000
3357.952393 0.000000 2609.760986 0.000000 0.996925 0.000000 -0.078362 1.000000 1.000000 1.000000
3346.165283 0.000000 2608.775879 0.000000 0.769716 0.000000 0.638386 1.000000 1.000000 1.000000
3354.330078 0.000000 2611.675293 0.000000 0.938708 0.000000 0.344714 1.000000 1.000000 1.000000
3354.625488 0.000000 2609.460205 0.000000 0.201444 0.000000 0.979500 1.000000 1.000000 1.000000
3346.900879 0.000000 2609.736816 0.000000 0.876484 0.000000 0.481431 1.000000 1.000000 1.000000
3420.822998 0.000000 2631.148193 0.000000 0.343370 0.000000 0.939200 1.000000 1.000000 1.000000
3444.088135 0.000000 2633.118652 0.000000 0.833428 0.000000 0.552628 1.000000 1.000000 1.000000
3421.965332 0.000000 2629.169189 0.000000 0.043870 0.000000 0.999037 1.000000 1.000000 1.000000
3481.435303 0.000000 2551.180176 0.000000 0.967767 0.000000 0.251847 1.000000 1.000000 1.000000
3478.533447 0.000000 2551.098389 0.000000 0.943177 0.000000 0.332290 1.000000 1.000000 1.000000
3584.760498 0.000000 2361.817871 0.000000 0.969417 0.000000 0.245418 1.000000 1.000000 1.000000
3600.628662 0.000000 2400.470947 0.000000 0.345537 0.000000 0.938405 1.000000 1.000000 1.000000
3608.917725 0.000000 2391.010986 0.000000 0.959402 0.000000 -0.282043 1.000000 1.000000 1.000000
3610.242920 0.000000 2408.528564 0.000000 0.923780 0.000000 -0.382924 1.000000 1.000000 1.000000
3599.472656 0.000000 2366.394043 0.000000 0.301568 0.000000 0.953445 1.000000 1.000000 1.000000
3606.071777 0.000000 2393.713379 0.000000 0.823097 0.000000 -0.567901 1.000000 1.000000 1.000000
3602.385010 0.000000 2401.380127 0.000000 0.306129 0.000000 0.951990 1.000000 1.000000 1.000000
3603.807129 0.000000 2398.975586 0.000000 0.918789 0.000000 -0.394749 1.000000 1.000000 1.000000
3621.798828 0.000000 2470.902832 0.000000 0.850781 0.000000 0.525521 1.000000 1.000000 1.000000
3618.698975 0.000000 2466.284912 0.000000 0.977265 0.000000 -0.212021 1.000000 1.000000 1.000000
3625.208740 0.000000 2469.542969 0.000000 0.856196 0.000000 -0.516650 1.000000 1.000000 1.000000
3681.341553 0.000000 2496.595947 0.000000 0.994629 0.000000 0.103504 1.000000 1.000000 1.000000
3654.375244 0.000000 2500.355713 0.000000 0.928728 0.000000 0.370761 1.000000 1.000000 1.000000
3685.389648 0.000000 2501.777588 0.000000 0.988392 0.000000 0.151923 1.000000 1.000000 1.000000
3648.614014 0.000000 2492.902344 0.000000 0.142001 0.000000 0.989867 1.000000 1.000000 1.000000
3686.529541 0.000000 2499.435791 0.000000 0.319334 0.000000 0.947642 1.000000 1.000000 1.000000
3676.561035 0.000000 2503.085938 0.000000 0.829173 0.000000 -0.558992 1.000000 1.000000 1.000000
3679.244385 0.000000 2494.532471 0.000000 0.495981 0.000000 0.868333 1.000000 1.000000 1.000000
3677.807373 0.000000 2495.201660 0.000000 0.987244 0.000000 0.159215 1.000000 1.000000 1.000000
3683.518066 0.000000 2506.442627 0.000000 0.974477 0.000000 -0.224489 1.000000 1.000000 1.000000
3680.301758 0.000000 2506.146484 0.000000 0.899746 0.000000 0.436415 1.000000 1.000000 1.000000
3681.918945 0.000000 2507.850342 0.000000 0.935741 0.000000 -0.352687 1.000000 1.000000 1.000000
3426.038086 0.000000 2667.510498 0.000000 0.914299 0.000000 0.405040 1.000000 1.000000 1.000000
3417.353760 0.000000 2651.125000 0.000000 0.922698 0.000000 0.385522 1.000000 1.000000 1.000000
3412.022461 0.000000 2649.447754 0.000000 0.967160 0.000000 0.254167 1.000000 1.000000 1.000000
3425.108887 0.000000 2663.977783 0.000000 0.907528 0.000000 -0.419992 1.000000 1.000000 1.000000
3545.248047 0.000000 2873.052246 0.000000 0.626000 0.000000 0.779823 1.000000 1.000000 1.000000
3540.944824 0.000000 2872.604736 0.000000 0.087395 0.000000 0.996174 1.000000 1.000000 1.000000
3539.280029 0.000000 2875.230713 0.000000 0.976295 0.000000 0.216446 1.000000 1.000000 1.000000
3557.021484 0.000000 2887.288330 0.000000 0.986075 0.000000 0.166300 1.000000 1.000000 1.000000
4288.479980 0.000000 625.081787 0.000000 0.570766 0.000000 0.821113 1.000000 1.000000 1.000000
4294.003906 0.000000 647.233643 0.000000 0.943256 0.000000 -0.332067 1.000000 1.000000 1.000000
4292.489746 0.000000 647.265564 0.000000 0.987386 0.000000 0.158333 1.000000 1.000000 1.000000
4151.685547 0.000000 697.583557 0.000000 0.832016 0.000000 -0.554752 1.000000 1.000000 1.000000
4170.933105 0.000000 672.091919 0.000000 0.975205 0.000000 0.221301 1.000000 1.000000 1.000000
4162.428711 0.000000 700.460815 0.000000 0.834050 0.000000 0.551689 1.000000 1.000000 1.000000
4168.692383 0.000000 683.866760 0.000000 0.178811 0.000000 0.983883 1.000000 1.000000 1.000000
4173.743652 0.000000 683.109314 0.000000 0.744322 0.000000 0.667820 1.000000 1.000000 1.000000
4147.620117 0.000000 717.971558 0.000000 0.998673 0.000000 -0.051495 1.000000 1.000000 1.000000
4289.869629 0.000000 665.512085 0.000000 0.848281 0.000000 0.529547 1.000000 1.000000 1.000000
4306.387695 0.000000 708.014709 0.000000 0.987723 0.000000 0.156217 1.000000 1.000000 1.000000
4305.368164 0.000000 708.685791 0.000000 0.915753 0.000000 0.401741 1.000000 1.000000 1.000000
4410.525879 0.000000 660.026306 0.000000 0.722826 0.000000 0.691031 1.000000 1.000000 1.000000
4412.847168 0.000000 661.593262 0.000000 0.998149 0.000000 -0.060814 1.000000 1.000000 1.000000
4432.998047 0.000000 673.178345 0.000000 0.640253 0.000000 0.768164 1.000000 1.000000 1.000000
4430.257324 0.000000 670.676758 0.000000 0.022682 0.000000 0.999743 1.000000 1.000000 1.000000
4432.061035 0.000000 725.758179 0.000000 0.201271 0.000000 0.979536 1.000000 1.000000 1.000000
4435.711914 0.000000 723.040833 0.000000 0.161851 0.000000 0.986815 1.000000 1.000000 1.000000
4205.344727 0.000000 862.489014 0.000000 0.991361 0.000000 -0.131159 1.000000 1.000000 1.000000
4237.105469 0.000000 867.741943 0.000000 0.978677 0.000000 0.205407 1.000000 1.000000 1.000000
4231.743652 0.000000 855.756958 0.000000 0.964218 0.000000 -0.265112 1.000000 1.000000 1.000000
4421.141602 0.000000 780.685974 0.000000 0.963641 0.000000 -0.267201 1.000000 1.000000 1.000000
4461.964355 0.000000 848.407166 0.000000 0.999502 0.000000 -0.031561 1.000000 1.000000 1.000000
4496.053223 0.000000 773.000366 0.000000 0.156530 0.000000 0.987673 1.000000 1.000000 1.000000
4501.013672 0.000000 773.772766 0.000000 0.483744 0.000000 0.875209 1.000000 1.000000 1.000000
4501.013672 0.000000 821.014954 0.000000 0.010025 0.000000 0.999950 1.000000 1.000000 1.000000
4490.894043 0.000000 861.060669 0.000000 0.470648 0.000000 0.882321 1.000000 1.000000 1.000000
4487.912109 0.000000 858.897217 0.000000 0.243003 0.000000 0.970025 1.000000 1.000000 1.000000
4124.736816 0.000000 977.671387 0.000000 0.949040 0.000000 0.315156 1.000000 1.000000 1.000000
4127.024414 0.000000 979.580933 0.000000 0.928136 0.000000 0.372241 1.000000 1.000000 1.000000
4474.505371 0.000000 1129.184692 0.000000 0.649265 0.000000 0.760562 1.000000 1.000000 1.000000
4500.648438 0.000000 1119.445068 0.000000 0.737974 0.000000 0.674829 1.000000 1.000000 1.000000
4498.572754 0.000000 1119.923828 0.000000 0.641749 0.000000 0.766915 1.000000 1.000000 1.000000
4509.838867 0.000000 1141.830078 0.000000 0.965660 0.000000 -0.259809 1.000000 1.000000 1.000000
4154.253906 0.000000 1486.392456 0.000000 0.952633 0.000000 0.304121 1.000000 1.000000 1.000000
5630.547852 0.000000 2218.943604 0.000000 0.095868 0.000000 0.995394 1.000000 1.000000 1.000000
5635.437012 0.000000 2218.577637 0.000000 0.309411 0.000000 0.950929 1.000000 1.000000 1.000000
5631.336426 0.000000 2218.444336 0.000000 0.917302 0.000000 -0.398191 1.000000 1.000000 1.000000
6112.780762 0.000000 2144.313721 0.000000 0.573278 0.000000 0.819361 1.000000 1.000000 1.000000
6018.202148 0.000000 2212.210938 0.000000 0.948191 0.000000 -0.317701 1.000000 1.000000 1.000000
6061.240234 0.000000 2189.229980 0.000000 0.926961 0.000000 -0.375159 1.000000 1.000000 1.000000
5746.222168 0.000000 2400.561523 0.000000 0.853723 0.000000 0.520728 1.000000 1.000000 1.000000
5754.977539 0.000000 2396.434082 0.000000 0.057900 0.000000 0.998322 1.000000 1.000000 1.000000
5747.807129 0.000000 2396.907715 0.000000 0.115757 0.000000 0.993278 1.000000 1.000000 1.000000
5744.266113 0.000000 2403.400879 0.000000 0.983977 0.000000 0.178297 1.000000 1.000000 1.000000
5742.406250 0.000000 2395.261475 0.000000 0.101015 0.000000 0.994885 1.000000 1.000000 1.000000
5741.299316 0.000000 2444.376465 0.000000 0.721641 0.000000 0.692267 1.000000 1.000000 1.000000
5756.538574 0.000000 2426.949463 0.000000 0.503019 0.000000 0.864276 1.000000 1.000000 1.000000
5758.244629 0.000000 2436.648193 0.000000 0.999663 0.000000 -0.025967 1.000000 1.000000 1.000000
5787.467773 0.000000 2406.818359 0.000000 0.604810 0.000000 0.796370 1.000000 1.000000 1.000000
5773.903320 0.000000 2404.207031 0.000000 0.943307 0.000000 -0.331923 1.000000 1.000000 1.000000
5785.977539 0.000000 2408.528564 0.000000 0.996200 0.000000 0.087100 1.000000 1.000000 1.000000
5772.528320 0.000000 2434.195557 0.000000 0.588813 0.000000 0.808269 1.000000 1.000000 1.000000
5788.534180 0.000000 2442.179443 0.000000 0.858148 0.000000 0.513402 1.000000 1.000000 1.000000
5764.515625 0.000000 2429.704102 0.000000 0.884533 0.000000 0.466478 1.000000 1.000000 1.000000
5784.595215 0.000000 2443.019531 0.000000 0.989504 0.000000 0.144508 1.000000 1.000000 1.000000
5795.173340 0.000000 2446.567627 0.000000 0.914792 0.000000 0.403925 1.000000 1.000000 1.000000
5786.332520 0.000000 2410.725342 0.000000 0.916725 0.000000 0.399520 1.000000 1.000000 1.000000
6106.428711 0.000000 2291.284424 0.000000 0.841909 0.000000 -0.539620 1.000000 1.000000 1.000000
6093.864258 0.000000 2309.722656 0.000000 0.052527 0.000000 0.998619 1.000000 1.000000 1.000000
6095.232910 0.000000 2309.117188 0.000000 0.824434 0.000000 -0.565958 1.000000 1.000000 1.000000
6099.517578 0.000000 2314.982178 0.000000 0.325384 0.000000 0.945582 1.000000 1.000000 1.000000
6099.088379 0.000000 2338.115967 0.000000 0.936261 0.000000 0.351305 1.000000 1.000000 1.000000
6098.368652 0.000000 2316.997314 0.000000 0.920032 0.000000 0.391844 1.000000 1.000000 1.000000
5759.077637 0.000000 2468.920410 0.000000 0.843001 0.000000 -0.537911 1.000000 1.000000 1.000000
5785.511719 0.000000 2474.001221 0.000000 0.992630 0.000000 0.121186 1.000000 1.000000 1.000000
5759.596680 0.000000 2470.207031 0.000000 0.596612 0.000000 0.802530 1.000000 1.000000 1.000000
5787.549316 0.000000 2470.275391 0.000000 0.975993 0.000000 0.217800 1.000000 1.000000 1.000000
5815.631836 0.000000 2478.935303 0.000000 0.107996 0.000000 0.994151 1.000000 1.000000 1.000000
5631.055176 0.000000 2878.397461 0.000000 0.354286 0.000000 0.935137 1.000000 1.000000 1.000000
5622.442871 0.000000 2906.870605 0.000000 0.566443 0.000000 0.824101 1.000000 1.000000 1.000000
5625.226562 0.000000 2906.090576 0.000000 0.985667 0.000000 -0.168703 1.000000 1.000000 1.000000
5623.655273 0.000000 2904.114990 0.000000 0.268494 0.000000 0.963281 1.000000 1.000000 1.000000
5633.005859 0.000000 2878.910156 0.000000 0.999691 0.000000 0.024848 1.000000 1.000000 1.000000
5631.712891 0.000000 2878.239014 0.000000 0.979597 0.000000 0.200974 1.000000 1.000000 1.000000
6524.143066 0.000000 1882.397339 0.000000 0.999294 0.000000 -0.037575 1.000000 1.000000 1.000000
6277.780273 0.000000 1895.218750 0.000000 0.989089 0.000000 0.147319 1.000000 1.000000 1.000000
6148.363281 0.000000 2024.731689 0.000000 0.639706 0.000000 0.768620 1.000000 1.000000 1.000000
6182.083984 0.000000 2030.759277 0.000000 0.321635 0.000000 0.946864 1.000000 1.000000 1.000000
6253.044434 0.000000 2052.877930 0.000000 0.576985 0.000000 0.816755 1.000000 1.000000 1.000000
6262.509766 0.000000 2052.237549 0.000000 0.402803 0.000000 0.915287 1.000000 1.000000 1.000000
6255.668457 0.000000 2041.504395 0.000000 0.445793 0.000000 0.895136 1.000000 1.000000 1.000000
6256.650879 0.000000 2047.703979 0.000000 0.064146 0.000000 0.997940 1.000000 1.000000 1.000000
6312.665527 0.000000 2074.991211 0.000000 0.910075 0.000000 -0.414443 1.000000 1.000000 1.000000
6299.258789 0.000000 2063.486328 0.000000 0.584649 0.000000 0.811286 1.000000 1.000000 1.000000
6426.389648 0.000000 1913.346802 0.000000 0.932712 0.000000 -0.360621 1.000000 1.000000 1.000000
6464.229004 0.000000 1912.608765 0.000000 0.024307 0.000000 0.999705 1.000000 1.000000 1.000000
6228.617188 0.000000 2163.971924 0.000000 0.947815 0.000000 -0.318822 1.000000 1.000000 1.000000
6322.756836 0.000000 2109.594971 0.000000 0.730989 0.000000 0.682389 1.000000 1.000000 1.000000
6278.548340 0.000000 2118.270752 0.000000 0.062961 0.000000 0.998016 1.000000 1.000000 1.000000
6315.941895 0.000000 2116.535156 0.000000 0.990316 0.000000 0.138829 1.000000 1.000000 1.000000
6307.172363 0.000000 2086.491455 0.000000 0.999211 0.000000 -0.039721 1.000000 1.000000 1.000000
6285.049805 0.000000 2172.829346 0.000000 0.981569 0.000000 -0.191110 1.000000 1.000000 1.000000
6282.793457 0.000000 2173.049805 0.000000 0.466794 0.000000 0.884366 1.000000 1.000000 1.000000
6304.432617 0.000000 2135.857910 0.000000 0.987714 0.000000 0.156274 1.000000 1.000000 1.000000
6305.381348 0.000000 2134.006348 0.000000 0.887528 0.000000 -0.460753 1.000000 1.000000 1.000000
6300.875000 0.000000 2170.999756 0.000000 0.760074 0.000000 0.649836 1.000000 1.000000 1.000000
6298.130859 0.000000 2170.967529 0.000000 0.991281 0.000000 0.131762 1.000000 1.000000 1.000000
6218.683105 0.000000 2183.842041 0.000000 0.995301 0.000000 -0.096831 1.000000 1.000000 1.000000
6237.377441 0.000000 2210.450928 0.000000 0.711270 0.000000 0.702919 1.000000 1.000000 1.000000
6234.413086 0.000000 2244.042236 0.000000 0.251688 0.000000 0.967808 1.000000 1.000000 1.000000
6253.044434 0.000000 2241.846924 0.000000 0.787758 0.000000 0.615985 1.000000 1.000000 1.000000
6227.493164 0.000000 2234.791016 0.000000 0.961277 0.000000 0.275585 1.000000 1.000000 1.000000
6252.141602 0.000000 2238.210205 0.000000 0.981874 0.000000 -0.189534 1.000000 1.000000 1.000000
6236.571777 0.000000 2226.548828 0.000000 0.993858 0.000000 0.110660 1.000000 1.000000 1.000000
6258.047363 0.000000 2223.395752 0.000000 0.995424 0.000000 -0.095552 1.000000 1.000000 1.000000
6268.264648 0.000000 2246.379150 0.000000 0.999987 0.000000 0.005196 1.000000 1.000000 1.000000
6232.184570 0.000000 2247.281006 0.000000 0.986847 0.000000 0.161657 1.000000 1.000000 1.000000
6233.026855 0.000000 2242.317383 0.000000 0.233589 0.000000 0.972335 1.000000 1.000000 1.000000
6241.662109 0.000000 2222.245850 0.000000 0.612496 0.000000 0.790474 1.000000 1.000000 1.000000
6259.492676 0.000000 2223.123779 0.000000 0.195280 0.000000 0.980747 1.000000 1.000000 1.000000
6299.502441 0.000000 2173.260742 0.000000 0.973461 0.000000 -0.228853 1.000000 1.000000 1.000000
6297.007812 0.000000 2182.324707 0.000000 0.943032 0.000000 -0.332702 1.000000 1.000000 1.000000
6315.869629 0.000000 2198.755127 0.000000 0.992225 0.000000 -0.124460 1.000000 1.000000 1.000000
6319.475586 0.000000 2217.469482 0.000000 0.983157 0.000000 -0.182764 1.000000 1.000000 1.000000
6296.923828 0.000000 2198.210205 0.000000 0.641163 0.000000 0.767404 1.000000 1.000000 1.000000
6309.920410 0.000000 2202.406006 0.000000 0.438056 0.000000 0.898948 1.000000 1.000000 1.000000
6320.286133 0.000000 2216.118652 0.000000 0.948293 0.000000 -0.317396 1.000000 1.000000 1.000000
6297.127930 0.000000 2183.712646 0.000000 0.995942 0.000000 -0.089993 1.000000 1.000000 1.000000
6307.639648 0.000000 2203.643555 0.000000 0.984631 0.000000 -0.174650 1.000000 1.000000 1.000000
6347.907227 0.000000 2204.804688 0.000000 0.959856 0.000000 -0.280492 1.000000 1.000000 1.000000
6360.916016 0.000000 2198.210205 0.000000 0.202591 0.000000 0.979263 1.000000 1.000000 1.000000
6338.174805 0.000000 2194.985352 0.000000 0.882961 0.000000 -0.469445 1.000000 1.000000 1.000000
6348.079102 0.000000 2205.963379 0.000000 0.473855 0.000000 0.880603 1.000000 1.000000 1.000000
6323.952148 0.000000 2233.707275 0.000000 0.247914 0.000000 0.968782 1.000000 1.000000 1.000000
6329.961914 0.000000 2252.312988 0.000000 0.978375 0.000000 0.206837 1.000000 1.000000 1.000000
6328.562500 0.000000 2254.303467 0.000000 0.822569 0.000000 -0.568665 1.000000 1.000000 1.000000
6995.201172 0.000000 2392.544678 0.000000 0.508739 0.000000 0.860921 1.000000 1.000000 1.000000
6994.268066 0.000000 2395.462891 0.000000 0.719967 0.000000 0.694008 1.000000 1.000000 1.000000
6992.939941 0.000000 2391.364746 0.000000 0.534107 0.000000 0.845417 1.000000 1.000000 1.000000
6912.144043 0.000000 2417.436035 0.000000 0.280100 0.000000 0.959971 1.000000 1.000000 1.000000
6947.032715 0.000000 2446.567627 0.000000 0.803281 0.000000 0.595600 1.000000 1.000000 1.000000
6944.247559 0.000000 2446.644531 0.000000 0.982617 0.000000 -0.185647 1.000000 1.000000 1.000000
6913.579590 0.000000 2416.812012 0.000000 0.974951 0.000000 -0.222419 1.000000 1.000000 1.000000
7009.601074 0.000000 2431.299561 0.000000 0.078859 0.000000 0.996886 1.000000 1.000000 1.000000
7027.650879 0.000000 2444.149902 0.000000 0.972335 0.000000 -0.233591 1.000000 1.000000 1.000000
6984.283691 0.000000 2424.073730 0.000000 0.897555 0.000000 0.440902 1.000000 1.000000 1.000000
6982.185059 0.000000 2423.445801 0.000000 0.974009 0.000000 -0.226508 1.000000 1.000000 1.000000
7029.500977 0.000000 2444.894531 0.000000 0.886773 0.000000 0.462206 1.000000 1.000000 1.000000
6990.390137 0.000000 2444.042236 0.000000 0.466319 0.000000 0.884617 1.000000 1.000000 1.000000
7035.137695 0.000000 2454.477783 0.000000 0.615133 0.000000 0.788424 1.000000 1.000000 1.000000
7147.294922 0.000000 2367.826660 0.000000 0.978005 0.000000 -0.208579 1.000000 1.000000 1.000000
7140.968262 0.000000 2407.293213 0.000000 0.925790 0.000000 0.378038 1.000000 1.000000 1.000000
7131.182617 0.000000 2400.567139 0.000000 0.416914 0.000000 0.908946 1.000000 1.000000 1.000000
7149.008789 0.000000 2368.130127 0.000000 0.763192 0.000000 0.646172 1.000000 1.000000 1.000000
7131.552734 0.000000 2399.093994 0.000000 0.150417 0.000000 0.988623 1.000000 1.000000 1.000000
7102.080566 0.000000 2436.648193 0.000000 0.828112 0.000000 -0.560562 1.000000 1.000000 1.000000
7103.501953 0.000000 2439.708984 0.000000 0.253509 0.000000 0.967333 1.000000 1.000000 1.000000
7104.304199 0.000000 2436.168701 0.000000 0.309764 0.000000 0.950814 1.000000 1.000000 1.000000
7151.075684 0.000000 2425.051025 0.000000 0.184594 0.000000 0.982815 1.000000 1.000000 1.000000
7103.230469 0.000000 2437.810303 0.000000 0.268431 0.000000 0.963299 1.000000 1.000000 1.000000
6863.138184 0.000000 2505.563477 0.000000 0.838217 0.000000 0.545337 1.000000 1.000000 1.000000
6876.357910 0.000000 2554.172119 0.000000 0.973764 0.000000 -0.227561 1.000000 1.000000 1.000000
6943.471191 0.000000 2461.075195 0.000000 0.934049 0.000000 -0.357144 1.000000 1.000000 1.000000
6940.485840 0.000000 2462.759766 0.000000 0.452647 0.000000 0.891690 1.000000 1.000000 1.000000
6944.368164 0.000000 2481.162598 0.000000 0.035444 0.000000 0.999372 1.000000 1.000000 1.000000
7095.326172 0.000000 2492.786865 0.000000 0.870644 0.000000 -0.491913 1.000000 1.000000 1.000000
7089.750488 0.000000 2480.088867 0.000000 0.987205 0.000000 0.159455 1.000000 1.000000 1.000000
7095.436035 0.000000 2488.059326 0.000000 0.908402 0.000000 0.418099 1.000000 1.000000 1.000000
7100.116699 0.000000 2467.450684 0.000000 0.988214 0.000000 0.153080 1.000000 1.000000 1.000000
7096.720215 0.000000 2492.033447 0.000000 0.914185 0.000000 -0.405298 1.000000 1.000000 1.000000
7149.127441 0.000000 2491.618652 0.000000 0.999240 0.000000 -0.038970 1.000000 1.000000 1.000000
7158.255371 0.000000 2481.690918 0.000000 0.999158 0.000000 -0.041024 1.000000 1.000000 1.000000
7154.050293 0.000000 2495.045898 0.000000 0.588904 0.000000 0.808203 1.000000 1.000000 1.000000
7157.900879 0.000000 2503.166748 0.000000 0.883989 0.000000 0.467508 1.000000 1.000000 1.000000
7161.887207 0.000000 2478.478516 0.000000 0.965033 0.000000 -0.262129 1.000000 1.000000 1.000000
7161.966309 0.000000 2483.296143 0.000000 0.722714 0.000000 0.691147 1.000000 1.000000 1.000000
7149.636230 0.000000 2501.883789 0.000000 0.986274 0.000000 -0.165116 1.000000 1.000000 1.000000
7155.198242 0.000000 2498.077148 0.000000 0.651788 0.000000 0.758401 1.000000 1.000000 1.000000
7137.750977 0.000000 2462.817627 0.000000 0.897296 0.000000 -0.441429 1.000000 1.000000 1.000000
7156.012695 0.000000 2457.135010 0.000000 0.991076 0.000000 -0.133297 1.000000 1.000000 1.000000
7140.556152 0.000000 2480.731445 0.000000 0.442345 0.000000 0.896845 1.000000 1.000000 1.000000
7159.269531 0.000000 2459.055420 0.000000 0.858157 0.000000 -0.513387 1.000000 1.000000 1.000000
7143.230469 0.000000 2479.413086 0.000000 0.060173 0.000000 0.998188 1.000000 1.000000 1.000000
7141.962891 0.000000 2481.720459 0.000000 0.187058 0.000000 0.982349 1.000000 1.000000 1.000000
7164.669434 0.000000 2483.905762 0.000000 0.574837 0.000000 0.818268 1.000000 1.000000 1.000000
7126.453125 0.000000 2480.762939 0.000000 0.754419 0.000000 0.656393 1.000000 1.000000 1.000000
7164.290527 0.000000 2485.769531 0.000000 0.100594 0.000000 0.994928 1.000000 1.000000 1.000000
7128.448242 0.000000 2463.220215 0.000000 0.908280 0.000000 0.418363 1.000000 1.000000 1.000000
7165.388672 0.000000 2484.750000 0.000000 0.050156 0.000000 0.998741 1.000000 1.000000 1.000000
7047.599609 0.000000 2512.374023 0.000000 0.962815 0.000000 -0.270160 1.000000 1.000000 1.000000
7053.693848 0.000000 2510.475342 0.000000 0.328752 0.000000 0.944416 1.000000 1.000000 1.000000
7060.423340 0.000000 2516.370361 0.000000 0.568333 0.000000 0.822799 1.000000 1.000000 1.000000
7148.800781 0.000000 2504.708984 0.000000 0.945811 0.000000 0.324718 1.000000 1.000000 1.000000
7164.366699 0.000000 2521.433838 0.000000 0.795495 0.000000 0.605960 1.000000 1.000000 1.000000
7165.616699 0.000000 2527.822510 0.000000 0.650408 0.000000 0.759585 1.000000 1.000000 1.000000
7166.905762 0.000000 2516.162598 0.000000 0.983197 0.000000 -0.182545 1.000000 1.000000 1.000000
7161.966309 0.000000 2530.538330 0.000000 0.438798 0.000000 0.898586 1.000000 1.000000 1.000000
7161.046875 0.000000 2513.787354 0.000000 0.102956 0.000000 0.994686 1.000000 1.000000 1.000000
7155.708496 0.000000 2529.282227 0.000000 0.989881 0.000000 -0.141899 1.000000 1.000000 1.000000
7161.249512 0.000000 2510.381836 0.000000 0.648405 0.000000 0.761296 1.000000 1.000000 1.000000
7152.495117 0.000000 2535.397949 0.000000 0.771904 0.000000 0.635739 1.000000 1.000000 1.000000
7159.306641 0.000000 2514.428711 0.000000 0.872090 0.000000 0.489345 1.000000 1.000000 1.000000
7159.687988 0.000000 2510.020752 0.000000 0.174071 0.000000 0.984733 1.000000 1.000000 1.000000
7158.155762 0.000000 2510.055420 0.000000 0.970034 0.000000 0.242969 1.000000 1.000000 1.000000
6936.833984 0.000000 2589.599121 0.000000 0.656573 0.000000 0.754262 1.000000 1.000000 1.000000
6957.025391 0.000000 2591.598633 0.000000 0.453944 0.000000 0.891030 1.000000 1.000000 1.000000
6948.145020 0.000000 2627.548828 0.000000 0.363125 0.000000 0.931740 1.000000 1.000000 1.000000
6951.006348 0.000000 2638.182129 0.000000 0.922241 0.000000 -0.386616 1.000000 1.000000 1.000000
6941.961914 0.000000 2631.515381 0.000000 0.618168 0.000000 0.786046 1.000000 1.000000 1.000000
6962.077637 0.000000 2643.757080 0.000000 0.960952 0.000000 -0.276713 1.000000 1.000000 1.000000
6939.576172 0.000000 2635.304932 0.000000 0.975904 0.000000 -0.218200 1.000000 1.000000 1.000000
6934.762207 0.000000 2640.088867 0.000000 0.952110 0.000000 0.305756 1.000000 1.000000 1.000000
6935.565918 0.000000 2641.820312 0.000000 0.866789 0.000000 0.498675 1.000000 1.000000 1.000000
7163.615234 0.000000 2558.970215 0.000000 0.992939 0.000000 0.118626 1.000000 1.000000 1.000000
7147.294922 0.000000 2556.795410 0.000000 0.833739 0.000000 0.552159 1.000000 1.000000 1.000000
7161.480469 0.000000 2554.717773 0.000000 0.790624 0.000000 0.612302 1.000000 1.000000 1.000000
7162.805664 0.000000 2585.402832 0.000000 0.909262 0.000000 0.416225 1.000000 1.000000 1.000000
7159.503906 0.000000 2551.194336 0.000000 0.977428 0.000000 -0.211266 1.000000 1.000000 1.000000
7165.968262 0.000000 2583.568604 0.000000 0.961763 0.000000 0.273882 1.000000 1.000000 1.000000
6893.158691 0.000000 2680.587402 0.000000 0.995880 0.000000 0.090676 1.000000 1.000000 1.000000
6886.436523 0.000000 2681.361572 0.000000 0.768950 0.000000 0.639309 1.000000 1.000000 1.000000
6891.871582 0.000000 2683.441406 0.000000 0.461299 0.000000 0.887245 1.000000 1.000000 1.000000
6877.543945 0.000000 2676.411377 0.000000 0.798001 0.000000 0.602657 1.000000 1.000000 1.000000
6906.221191 0.000000 2738.682861 0.000000 0.989964 0.000000 -0.141318 1.000000 1.000000 1.000000
6893.742676 0.000000 2719.064697 0.000000 0.682563 0.000000 0.730827 1.000000 1.000000 1.000000
6881.616699 0.000000 2714.752686 0.000000 0.913029 0.000000 0.407895 1.000000 1.000000 1.000000
6878.908203 0.000000 2719.586670 0.000000 0.604006 0.000000 0.796980 1.000000 1.000000 1.000000
6898.427246 0.000000 2698.728760 0.000000 0.987891 0.000000 -0.155148 1.000000 1.000000 1.000000
6843.342773 0.000000 2745.577881 0.000000 0.343070 0.000000 0.939310 1.000000 1.000000 1.000000
6814.411133 0.000000 2768.901855 0.000000 0.911028 0.000000 0.412344 1.000000 1.000000 1.000000
6879.655273 0.000000 2754.807617 0.000000 0.170435 0.000000 0.985369 1.000000 1.000000 1.000000
6887.988281 0.000000 2749.449219 0.000000 0.979992 0.000000 0.199036 1.000000 1.000000 1.000000
6881.616699 0.000000 2761.994873 0.000000 0.933820 0.000000 0.357744 1.000000 1.000000 1.000000
6907.948730 0.000000 2770.535645 0.000000 0.841495 0.000000 -0.540266 1.000000 1.000000 1.000000
6902.705566 0.000000 2759.049805 0.000000 0.962959 0.000000 0.269648 1.000000 1.000000 1.000000
6889.300293 0.000000 2742.334229 0.000000 0.989527 0.000000 0.144349 1.000000 1.000000 1.000000
6905.078125 0.000000 2749.998291 0.000000 0.996522 0.000000 -0.083330 1.000000 1.000000 1.000000
6910.366699 0.000000 2758.309570 0.000000 0.974224 0.000000 0.225582 1.000000 1.000000 1.000000
6950.684570 0.000000 2683.850586 0.000000 0.909896 0.000000 -0.414837 1.000000 1.000000 1.000000
7025.690918 0.000000 2685.901367 0.000000 0.627693 0.000000 0.778461 1.000000 1.000000 1.000000
6912.354492 0.000000 2739.755371 0.000000 0.580972 0.000000 0.813923 1.000000 1.000000 1.000000
6912.435547 0.000000 2710.639648 0.000000 0.841445 0.000000 -0.540343 1.000000 1.000000 1.000000
6961.399902 0.000000 2736.841553 0.000000 0.898813 0.000000 0.438333 1.000000 1.000000 1.000000
6959.546875 0.000000 2701.284180 0.000000 0.842287 0.000000 -0.539029 1.000000 1.000000 1.000000
6971.940918 0.000000 2723.293457 0.000000 0.987724 0.000000 -0.156208 1.000000 1.000000 1.000000
6974.676758 0.000000 2728.056152 0.000000 0.939142 0.000000 0.343529 1.000000 1.000000 1.000000
6913.517090 0.000000 2708.211182 0.000000 0.995998 0.000000 0.089377 1.000000 1.000000 1.000000
6914.237793 0.000000 2717.465820 0.000000 0.406863 0.000000 0.913489 1.000000 1.000000 1.000000
6917.681152 0.000000 2715.243896 0.000000 0.926729 0.000000 0.375732 1.000000 1.000000 1.000000
6971.086914 0.000000 2696.699463 0.000000 0.983201 0.000000 -0.182524 1.000000 1.000000 1.000000
6963.346680 0.000000 2737.673096 0.000000 0.991364 0.000000 -0.131137 1.000000 1.000000 1.000000
6970.025391 0.000000 2697.795410 0.000000 0.047171 0.000000 0.998887 1.000000 1.000000 1.000000
6988.330566 0.000000 2736.899902 0.000000 0.500154 0.000000 0.865936 1.000000 1.000000 1.000000
7018.869629 0.000000 2714.887939 0.000000 0.552901 0.000000 0.833247 1.000000 1.000000 1.000000
6951.574707 0.000000 2764.691650 0.000000 0.959871 0.000000 -0.280441 1.000000 1.000000 1.000000
6952.083496 0.000000 2766.533203 0.000000 0.899735 0.000000 0.436436 1.000000 1.000000 1.000000
7009.601074 0.000000 2761.994873 0.000000 0.911758 0.000000 -0.410728 1.000000 1.000000 1.000000
7025.692383 0.000000 2767.288330 0.000000 0.473719 0.000000 0.880676 1.000000 1.000000 1.000000
7192.802734 0.000000 2542.356934 0.000000 0.528255 0.000000 0.849086 1.000000 1.000000 1.000000
7181.904785 0.000000 2535.109131 0.000000 0.616446 0.000000 0.787397 1.000000 1.000000 1.000000
7184.191406 0.000000 2542.197510 0.000000 0.624855 0.000000 0.780741 1.000000 1.000000 1.000000
7174.438965 0.000000 2543.450439 0.000000 0.418452 0.000000 0.908239 1.000000 1.000000 1.000000
7180.454590 0.000000 2543.699463 0.000000 0.446627 0.000000 0.894720 1.000000 1.000000 1.000000
7178.371094 0.000000 2536.987061 0.000000 0.687120 0.000000 0.726544 1.000000 1.000000 1.000000
7179.663086 0.000000 2532.009521 0.000000 0.880568 0.000000 0.473919 1.000000 1.000000 1.000000
7179.820801 0.000000 2541.590088 0.000000 0.847596 0.000000 0.530642 1.000000 1.000000 1.000000
7167.529785 0.000000 2519.824707 0.000000 0.999998 0.000000 -0.002011 1.000000 1.000000 1.000000
7181.485352 0.000000 2533.136230 0.000000 0.481126 0.000000 0.876651 1.000000 1.000000 1.000000
7185.258301 0.000000 2539.818115 0.000000 0.937365 0.000000 0.348350 1.000000 1.000000 1.000000
7179.825684 0.000000 2533.795898 0.000000 0.001735 0.000000 0.999999 1.000000 1.000000 1.000000
7369.913574 0.000000 2540.722900 0.000000 0.968270 0.000000 -0.249905 1.000000 1.000000 1.000000
7365.626465 0.000000 2526.275146 0.000000 0.656286 0.000000 0.754513 1.000000 1.000000 1.000000
7369.217285 0.000000 2543.084717 0.000000 0.977126 0.000000 0.212662 1.000000 1.000000 1.000000
7370.643066 0.000000 2529.098389 0.000000 0.933697 0.000000 0.358064 1.000000 1.000000 1.000000
7167.494141 0.000000 2581.435547 0.000000 0.193758 0.000000 0.981049 1.000000 1.000000 1.000000
7167.424805 0.000000 2555.132568 0.000000 0.987487 0.000000 0.157702 1.000000 1.000000 1.000000
7178.567383 0.000000 2552.773926 0.000000 0.999993 0.000000 0.003739 1.000000 1.000000 1.000000
7196.362305 0.000000 2583.906006 0.000000 0.750478 0.000000 0.660895 1.000000 1.000000 1.000000
7170.900879 0.000000 2562.057373 0.000000 0.266733 0.000000 0.963770 1.000000 1.000000 1.000000
7173.670898 0.000000 2556.609619 0.000000 0.999936 0.000000 -0.011279 1.000000 1.000000 1.000000
7168.143066 0.000000 2573.999512 0.000000 0.442182 0.000000 0.896926 1.000000 1.000000 1.000000
7176.478516 0.000000 2578.025391 0.000000 0.978290 0.000000 -0.207241 1.000000 1.000000 1.000000
7171.349121 0.000000 2579.811768 0.000000 0.683891 0.000000 0.729584 1.000000 1.000000 1.000000
7181.067383 0.000000 2555.007568 0.000000 0.307774 0.000000 0.951460 1.000000 1.000000 1.000000
7172.684570 0.000000 2559.798828 0.000000 0.994373 0.000000 -0.105938 1.000000 1.000000 1.000000
7168.128418 0.000000 2562.011719 0.000000 0.985849 0.000000 0.167635 1.000000 1.000000 1.000000
7169.485840 0.000000 2566.484619 0.000000 0.936755 0.000000 0.349987 1.000000 1.000000 1.000000
7168.830566 0.000000 2565.211670 0.000000 0.958631 0.000000 -0.284653 1.000000 1.000000 1.000000
7257.332031 0.000000 2568.485596 0.000000 0.999702 0.000000 -0.024425 1.000000 1.000000 1.000000
7252.448242 0.000000 2558.736328 0.000000 0.804208 0.000000 0.594348 1.000000 1.000000 1.000000
7251.368164 0.000000 2565.486328 0.000000 0.365633 0.000000 0.930759 1.000000 1.000000 1.000000
7263.493652 0.000000 2562.705811 0.000000 0.405850 0.000000 0.913940 1.000000 1.000000 1.000000
7248.765625 0.000000 2591.428467 0.000000 0.996828 0.000000 0.079582 1.000000 1.000000 1.000000
7256.901855 0.000000 2573.012695 0.000000 0.429111 0.000000 0.903252 1.000000 1.000000 1.000000
7253.377930 0.000000 2565.140625 0.000000 0.934289 0.000000 -0.356518 1.000000 1.000000 1.000000
7255.291992 0.000000 2561.344727 0.000000 0.973376 0.000000 0.229213 1.000000 1.000000 1.000000
7260.770508 0.000000 2565.882324 0.000000 0.773430 0.000000 0.633882 1.000000 1.000000 1.000000
7180.356445 0.000000 2623.164307 0.000000 0.959126 0.000000 -0.282979 1.000000 1.000000 1.000000
7200.912109 0.000000 2638.322510 0.000000 0.242470 0.000000 0.970159 1.000000 1.000000 1.000000
7190.401367 0.000000 2610.186035 0.000000 0.812970 0.000000 0.582306 1.000000 1.000000 1.000000
7199.616211 0.000000 2613.081055 0.000000 0.924296 0.000000 -0.381677 1.000000 1.000000 1.000000
7206.397461 0.000000 2634.119385 0.000000 0.805107 0.000000 0.593130 1.000000 1.000000 1.000000
7196.801270 0.000000 2608.159912 0.000000 0.582696 0.000000 0.812690 1.000000 1.000000 1.000000
7184.662109 0.000000 2610.108154 0.000000 0.994338 0.000000 -0.106260 1.000000 1.000000 1.000000
7205.353027 0.000000 2638.772461 0.000000 0.944806 0.000000 0.327631 1.000000 1.000000 1.000000
7179.166992 0.000000 2604.625000 0.000000 0.985271 0.000000 0.171001 1.000000 1.000000 1.000000
7176.325195 0.000000 2620.796631 0.000000 0.337387 0.000000 0.941366 1.000000 1.000000 1.000000
7191.045410 0.000000 2619.576904 0.000000 0.999709 0.000000 -0.024106 1.000000 1.000000 1.000000
7209.645996 0.000000 2632.423340 0.000000 0.824344 0.000000 -0.566089 1.000000 1.000000 1.000000
7190.788574 0.000000 2613.560059 0.000000 0.414886 0.000000 0.909874 1.000000 1.000000 1.000000
7207.741699 0.000000 2604.246582 0.000000 0.340167 0.000000 0.940365 1.000000 1.000000 1.000000
7197.718750 0.000000 2611.537598 0.000000 0.828371 0.000000 0.560180 1.000000 1.000000 1.000000
7227.853516 0.000000 2630.813477 0.000000 0.937516 0.000000 0.347943 1.000000 1.000000 1.000000
7211.278320 0.000000 2600.706787 0.000000 0.529302 0.000000 0.848433 1.000000 1.000000 1.000000
7204.378906 0.000000 2634.298828 0.000000 0.937062 0.000000 -0.349162 1.000000 1.000000 1.000000
7200.407715 0.000000 2611.480957 0.000000 0.873617 0.000000 -0.486614 1.000000 1.000000 1.000000
7194.558594 0.000000 2608.272705 0.000000 0.205667 0.000000 0.978622 1.000000 1.000000 1.000000
7224.704590 0.000000 2633.760010 0.000000 0.999556 0.000000 0.029795 1.000000 1.000000 1.000000
7198.548828 0.000000 2640.756104 0.000000 0.090629 0.000000 0.995885 1.000000 1.000000 1.000000
7224.502930 0.000000 2630.742432 0.000000 0.956627 0.000000 -0.291316 1.000000 1.000000 1.000000
7205.613281 0.000000 2635.283203 0.000000 0.941470 0.000000 -0.337097 1.000000 1.000000 1.000000
7225.778809 0.000000 2631.678467 0.000000 0.148330 0.000000 0.988938 1.000000 1.000000 1.000000
7199.502930 0.000000 2638.249268 0.000000 0.036466 0.000000 0.999335 1.000000 1.000000 1.000000
7226.734863 0.000000 2631.058594 0.000000 0.092436 0.000000 0.995719 1.000000 1.000000 1.000000
7198.518555 0.000000 2641.937500 0.000000 0.602073 0.000000 0.798441 1.000000 1.000000 1.000000
7290.174316 0.000000 2644.198486 0.000000 0.979916 0.000000 0.199409 1.000000 1.000000 1.000000
7247.939453 0.000000 2604.545410 0.000000 0.918137 0.000000 -0.396262 1.000000 1.000000 1.000000
7273.772949 0.000000 2628.790039 0.000000 0.061387 0.000000 0.998114 1.000000 1.000000 1.000000
7285.885254 0.000000 2644.893311 0.000000 0.951656 0.000000 -0.307167 1.000000 1.000000 1.000000
7262.104980 0.000000 2621.553955 0.000000 0.952425 0.000000 -0.304773 1.000000 1.000000 1.000000
7260.569824 0.000000 2623.742188 0.000000 0.957620 0.000000 -0.288035 1.000000 1.000000 1.000000
7236.418457 0.000000 2611.181641 0.000000 0.992462 0.000000 0.122555 1.000000 1.000000 1.000000
7258.179688 0.000000 2641.342773 0.000000 0.948644 0.000000 -0.316346 1.000000 1.000000 1.000000
7237.736328 0.000000 2619.106689 0.000000 0.982466 0.000000 0.186440 1.000000 1.000000 1.000000
7281.695801 0.000000 2630.418213 0.000000 0.932670 0.000000 0.360732 1.000000 1.000000 1.000000
7258.993652 0.000000 2640.347412 0.000000 0.195394 0.000000 0.980725 1.000000 1.000000 1.000000
7281.455078 0.000000 2631.956787 0.000000 0.998864 0.000000 -0.047651 1.000000 1.000000 1.000000
7280.608398 0.000000 2630.980469 0.000000 0.498843 0.000000 0.866693 1.000000 1.000000 1.000000
7308.340820 0.000000 2575.922119 0.000000 0.992406 0.000000 0.123005 1.000000 1.000000 1.000000
7314.939941 0.000000 2574.326904 0.000000 0.102569 0.000000 0.994726 1.000000 1.000000 1.000000
7309.889160 0.000000 2582.351318 0.000000 0.972869 0.000000 0.231357 1.000000 1.000000 1.000000
7329.045898 0.000000 2596.566650 0.000000 0.828875 0.000000 0.559434 1.000000 1.000000 1.000000
7340.978516 0.000000 2591.598633 0.000000 0.865394 0.000000 -0.501092 1.000000 1.000000 1.000000
7329.492188 0.000000 2585.150879 0.000000 0.942299 0.000000 -0.334773 1.000000 1.000000 1.000000
7337.085449 0.000000 2590.186035 0.000000 0.091339 0.000000 0.995820 1.000000 1.000000 1.000000
7332.944824 0.000000 2596.261963 0.000000 0.916771 0.000000 0.399413 1.000000 1.000000 1.000000
7327.744629 0.000000 2581.755371 0.000000 0.964227 0.000000 -0.265077 1.000000 1.000000 1.000000
7311.980469 0.000000 2576.531006 0.000000 0.558628 0.000000 0.829418 1.000000 1.000000 1.000000
7309.274414 0.000000 2587.312256 0.000000 0.987847 0.000000 0.155427 1.000000 1.000000 1.000000
7314.819336 0.000000 2591.777588 0.000000 0.897373 0.000000 -0.441272 1.000000 1.000000 1.000000
7316.410645 0.000000 2585.729492 0.000000 0.837046 0.000000 0.547133 1.000000 1.000000 1.000000
7308.762207 0.000000 2586.105957 0.000000 0.961333 0.000000 0.275388 1.000000 1.000000 1.000000
7308.042969 0.000000 2587.551514 0.000000 0.232785 0.000000 0.972528 1.000000 1.000000 1.000000
7317.240234 0.000000 2584.852295 0.000000 0.997817 0.000000 -0.066040 1.000000 1.000000 1.000000
7311.352539 0.000000 2586.256104 0.000000 0.876321 0.000000 0.481728 1.000000 1.000000 1.000000
7368.894531 0.000000 2596.817871 0.000000 0.918508 0.000000 0.395401 1.000000 1.000000 1.000000
7366.841309 0.000000 2598.084229 0.000000 0.134822 0.000000 0.990870 1.000000 1.000000 1.000000
7296.384277 0.000000 2631.485840 0.000000 0.993335 0.000000 0.115265 1.000000 1.000000 1.000000
7297.694824 0.000000 2611.324707 0.000000 0.860466 0.000000 0.509508 1.000000 1.000000 1.000000
7352.797852 0.000000 2600.357910 0.000000 0.285735 0.000000 0.958309 1.000000 1.000000 1.000000
7353.978516 0.000000 2603.311035 0.000000 0.790554 0.000000 0.612392 1.000000 1.000000 1.000000
7370.542480 0.000000 2609.021729 0.000000 0.449966 0.000000 0.893046 1.000000 1.000000 1.000000
7376.638672 0.000000 2610.108154 0.000000 0.102221 0.000000 0.994762 1.000000 1.000000 1.000000
7373.897949 0.000000 2607.606689 0.000000 0.961551 0.000000 0.274625 1.000000 1.000000 1.000000
7368.894531 0.000000 2644.060059 0.000000 0.586477 0.000000 0.809966 1.000000 1.000000 1.000000
7373.296387 0.000000 2610.621094 0.000000 0.234277 0.000000 0.972170 1.000000 1.000000 1.000000
7373.759277 0.000000 2613.868652 0.000000 0.998156 0.000000 0.060696 1.000000 1.000000 1.000000
7377.417480 0.000000 2613.309814 0.000000 0.632080 0.000000 0.774903 1.000000 1.000000 1.000000
7372.360352 0.000000 2608.696045 0.000000 0.564419 0.000000 0.825488 1.000000 1.000000 1.000000
7372.945312 0.000000 2612.305176 0.000000 0.049322 0.000000 0.998783 1.000000 1.000000 1.000000
7374.906738 0.000000 2613.625488 0.000000 0.924794 0.000000 0.380467 1.000000 1.000000 1.000000
7367.030273 0.000000 2598.334961 0.000000 0.999963 0.000000 0.008653 1.000000 1.000000 1.000000
7368.504883 0.000000 2599.409424 0.000000 0.997706 0.000000 0.067689 1.000000 1.000000 1.000000
7201.577637 0.000000 2667.510498 0.000000 0.945783 0.000000 0.324801 1.000000 1.000000 1.000000
7220.572754 0.000000 2661.259766 0.000000 0.132733 0.000000 0.991152 1.000000 1.000000 1.000000
7214.631836 0.000000 2651.941895 0.000000 0.999986 0.000000 -0.005365 1.000000 1.000000 1.000000
7196.436523 0.000000 2669.228271 0.000000 0.943649 0.000000 0.330947 1.000000 1.000000 1.000000
7213.000977 0.000000 2651.583252 0.000000 0.974150 0.000000 -0.225901 1.000000 1.000000 1.000000
7218.491699 0.000000 2663.771484 0.000000 0.999774 0.000000 -0.021247 1.000000 1.000000 1.000000
7214.140137 0.000000 2653.999023 0.000000 0.989165 0.000000 -0.146811 1.000000 1.000000 1.000000
7219.185059 0.000000 2661.137451 0.000000 0.469664 0.000000 0.882845 1.000000 1.000000 1.000000
7285.885254 0.000000 2692.135498 0.000000 0.950800 0.000000 0.309805 1.000000 1.000000 1.000000
7270.231934 0.000000 2677.696045 0.000000 0.928619 0.000000 -0.371034 1.000000 1.000000 1.000000
7245.059570 0.000000 2649.491943 0.000000 0.762857 0.000000 0.646567 1.000000 1.000000 1.000000
7244.738281 0.000000 2662.945312 0.000000 0.608867 0.000000 0.793272 1.000000 1.000000 1.000000
7237.673828 0.000000 2672.963623 0.000000 0.921000 0.000000 -0.389564 1.000000 1.000000 1.000000
7268.190430 0.000000 2679.689941 0.000000 0.861840 0.000000 0.507181 1.000000 1.000000 1.000000
7257.708008 0.000000 2648.658447 0.000000 0.992693 0.000000 -0.120665 1.000000 1.000000 1.000000
7242.461914 0.000000 2663.615234 0.000000 0.744975 0.000000 0.667093 1.000000 1.000000 1.000000
7287.253906 0.000000 2648.024170 0.000000 0.963255 0.000000 0.268590 1.000000 1.000000 1.000000
7246.293457 0.000000 2669.147217 0.000000 0.984978 0.000000 0.172677 1.000000 1.000000 1.000000
7250.294434 0.000000 2683.242920 0.000000 0.774801 0.000000 0.632205 1.000000 1.000000 1.000000
7235.335449 0.000000 2672.125732 0.000000 0.678138 0.000000 0.734935 1.000000 1.000000 1.000000
7281.035645 0.000000 2675.038818 0.000000 0.605276 0.000000 0.796016 1.000000 1.000000 1.000000
7248.912109 0.000000 2669.138428 0.000000 0.980352 0.000000 -0.197254 1.000000 1.000000 1.000000
7240.566895 0.000000 2647.729736 0.000000 0.781058 0.000000 0.624459 1.000000 1.000000 1.000000
7268.536621 0.000000 2676.854248 0.000000 0.966486 0.000000 -0.256721 1.000000 1.000000 1.000000
7251.512207 0.000000 2667.090088 0.000000 0.085166 0.000000 0.996367 1.000000 1.000000 1.000000
7244.229980 0.000000 2647.965088 0.000000 0.995854 0.000000 0.090967 1.000000 1.000000 1.000000
7272.579590 0.000000 2653.402832 0.000000 0.858140 0.000000 0.513417 1.000000 1.000000 1.000000
7270.215332 0.000000 2650.666260 0.000000 0.732905 0.000000 0.680331 1.000000 1.000000 1.000000
7238.904297 0.000000 2667.213379 0.000000 0.127509 0.000000 0.991837 1.000000 1.000000 1.000000
7276.864746 0.000000 2679.209473 0.000000 0.092369 0.000000 0.995725 1.000000 1.000000 1.000000
7251.361816 0.000000 2682.428711 0.000000 0.795370 0.000000 0.606124 1.000000 1.000000 1.000000
7273.246094 0.000000 2654.649414 0.000000 0.349325 0.000000 0.937002 1.000000 1.000000 1.000000
7245.932129 0.000000 2646.837402 0.000000 0.845693 0.000000 0.533669 1.000000 1.000000 1.000000
7287.780762 0.000000 2646.867432 0.000000 0.824190 0.000000 -0.566313 1.000000 1.000000 1.000000
7289.464844 0.000000 2696.444336 0.000000 0.828040 0.000000 0.560669 1.000000 1.000000 1.000000
7283.997070 0.000000 2693.345947 0.000000 0.406341 0.000000 0.913722 1.000000 1.000000 1.000000
7289.233887 0.000000 2699.350586 0.000000 0.358249 0.000000 0.933626 1.000000 1.000000 1.000000
7285.869629 0.000000 2693.971436 0.000000 0.657433 0.000000 0.753513 1.000000 1.000000 1.000000
7356.487793 0.000000 2645.765381 0.000000 0.999124 0.000000 -0.041859 1.000000 1.000000 1.000000
7320.407715 0.000000 2679.230469 0.000000 0.869945 0.000000 0.493149 1.000000 1.000000 1.000000
7356.085449 0.000000 2656.419434 0.000000 0.812580 0.000000 0.582850 1.000000 1.000000 1.000000
7317.662598 0.000000 2686.303223 0.000000 0.057748 0.000000 0.998331 1.000000 1.000000 1.000000
7320.344727 0.000000 2681.739258 0.000000 0.986010 0.000000 0.166684 1.000000 1.000000 1.000000
7307.805176 0.000000 2683.316650 0.000000 0.122531 0.000000 0.992465 1.000000 1.000000 1.000000
7295.133301 0.000000 2690.866211 0.000000 0.995135 0.000000 0.098522 1.000000 1.000000 1.000000
7356.712402 0.000000 2658.213867 0.000000 0.882428 0.000000 0.470447 1.000000 1.000000 1.000000
7324.561523 0.000000 2685.274414 0.000000 0.975302 0.000000 -0.220875 1.000000 1.000000 1.000000
7339.522949 0.000000 2676.161133 0.000000 0.587339 0.000000 0.809341 1.000000 1.000000 1.000000
7317.299316 0.000000 2687.973389 0.000000 0.969001 0.000000 0.247059 1.000000 1.000000 1.000000
7342.350586 0.000000 2686.823486 0.000000 0.989033 0.000000 -0.147694 1.000000 1.000000 1.000000
7357.921875 0.000000 2659.231934 0.000000 0.820604 0.000000 0.571497 1.000000 1.000000 1.000000
7308.762207 0.000000 2680.590332 0.000000 0.636150 0.000000 0.771566 1.000000 1.000000 1.000000
7325.362305 0.000000 2684.170410 0.000000 0.463351 0.000000 0.886175 1.000000 1.000000 1.000000
7343.188477 0.000000 2687.728760 0.000000 0.980053 0.000000 0.198734 1.000000 1.000000 1.000000
7360.380859 0.000000 2663.397461 0.000000 0.944226 0.000000 -0.329299 1.000000 1.000000 1.000000
7388.338867 0.000000 2678.390381 0.000000 0.481872 0.000000 0.876242 1.000000 1.000000 1.000000
7378.312500 0.000000 2673.765381 0.000000 0.864403 0.000000 0.502800 1.000000 1.000000 1.000000
7389.399414 0.000000 2665.248535 0.000000 0.912032 0.000000 -0.410120 1.000000 1.000000 1.000000
7387.354004 0.000000 2659.244141 0.000000 0.988545 0.000000 0.150927 1.000000 1.000000 1.000000
7366.753418 0.000000 2657.578125 0.000000 0.867582 0.000000 -0.497294 1.000000 1.000000 1.000000
7362.872070 0.000000 2648.310059 0.000000 0.477872 0.000000 0.878430 1.000000 1.000000 1.000000
7390.089355 0.000000 2668.796143 0.000000 0.951943 0.000000 0.306276 1.000000 1.000000 1.000000
7381.359863 0.000000 2675.281006 0.000000 0.929749 0.000000 0.368194 1.000000 1.000000 1.000000
7386.673828 0.000000 2681.282959 0.000000 0.278897 0.000000 0.960321 1.000000 1.000000 1.000000
7374.375977 0.000000 2664.952881 0.000000 0.426156 0.000000 0.904650 1.000000 1.000000 1.000000
7369.916504 0.000000 2653.948975 0.000000 0.995091 0.000000 -0.098963 1.000000 1.000000 1.000000
7362.587402 0.000000 2645.965332 0.000000 0.850357 0.000000 -0.526206 1.000000 1.000000 1.000000
7387.079102 0.000000 2653.703857 0.000000 0.914053 0.000000 0.405595 1.000000 1.000000 1.000000
7391.638672 0.000000 2666.169922 0.000000 0.609953 0.000000 0.792438 1.000000 1.000000 1.000000
7362.313965 0.000000 2654.383789 0.000000 0.262435 0.000000 0.964950 1.000000 1.000000 1.000000
7387.339844 0.000000 2657.056152 0.000000 0.108898 0.000000 0.994053 1.000000 1.000000 1.000000
7366.220703 0.000000 2655.629395 0.000000 0.813264 0.000000 0.581895 1.000000 1.000000 1.000000
7365.966309 0.000000 2652.918457 0.000000 0.887236 0.000000 -0.461317 1.000000 1.000000 1.000000
7385.500977 0.000000 2652.785889 0.000000 0.984520 0.000000 -0.175270 1.000000 1.000000 1.000000
7371.537598 0.000000 2657.760254 0.000000 0.896828 0.000000 0.442379 1.000000 1.000000 1.000000
7364.421875 0.000000 2652.324219 0.000000 0.883643 0.000000 -0.468161 1.000000 1.000000 1.000000
7387.784668 0.000000 2665.747314 0.000000 0.949207 0.000000 -0.314653 1.000000 1.000000 1.000000
7359.201172 0.000000 2655.106689 0.000000 0.482946 0.000000 0.875650 1.000000 1.000000 1.000000
7377.673340 0.000000 2656.018066 0.000000 0.548606 0.000000 0.836081 1.000000 1.000000 1.000000
7361.507812 0.000000 2655.756836 0.000000 0.857877 0.000000 0.513855 1.000000 1.000000 1.000000
7359.143066 0.000000 2657.673340 0.000000 0.053930 0.000000 0.998545 1.000000 1.000000 1.000000
7379.891113 0.000000 2654.662598 0.000000 0.936479 0.000000 -0.350724 1.000000 1.000000 1.000000
7364.439453 0.000000 2651.120117 0.000000 0.836341 0.000000 -0.548209 1.000000 1.000000 1.000000
7345.281738 0.000000 2705.784424 0.000000 0.807914 0.000000 0.589301 1.000000 1.000000 1.000000
7328.864746 0.000000 2693.085693 0.000000 0.951135 0.000000 0.308776 1.000000 1.000000 1.000000
7326.119629 0.000000 2693.586426 0.000000 0.015634 0.000000 0.999878 1.000000 1.000000 1.000000
7353.226074 0.000000 2699.350586 0.000000 0.518054 0.000000 0.855348 1.000000 1.000000 1.000000
7338.352539 0.000000 2692.962646 0.000000 0.903128 0.000000 -0.429372 1.000000 1.000000 1.000000
7313.000977 0.000000 2692.857910 0.000000 0.940442 0.000000 0.339954 1.000000 1.000000 1.000000
7339.262695 0.000000 2695.191162 0.000000 0.893199 0.000000 0.449661 1.000000 1.000000 1.000000
7354.821289 0.000000 2702.301514 0.000000 0.678977 0.000000 0.734159 1.000000 1.000000 1.000000
7310.468262 0.000000 2692.920654 0.000000 0.868929 0.000000 -0.494936 1.000000 1.000000 1.000000
7316.755859 0.000000 2693.387451 0.000000 0.858019 0.000000 -0.513618 1.000000 1.000000 1.000000
7311.489258 0.000000 2695.893555 0.000000 0.945282 0.000000 0.326255 1.000000 1.000000 1.000000
7338.350586 0.000000 2694.250000 0.000000 0.126832 0.000000 0.991924 1.000000 1.000000 1.000000
7338.161133 0.000000 2695.805664 0.000000 0.910569 0.000000 -0.413357 1.000000 1.000000 1.000000
7414.011719 0.000000 2704.758301 0.000000 0.870017 0.000000 0.493023 1.000000 1.000000 1.000000
7404.769531 0.000000 2693.677734 0.000000 0.990872 0.000000 -0.134809 1.000000 1.000000 1.000000
7375.701660 0.000000 2709.930176 0.000000 0.046920 0.000000 0.998899 1.000000 1.000000 1.000000
7368.057617 0.000000 2710.518066 0.000000 0.099797 0.000000 0.995008 1.000000 1.000000 1.000000
7375.923828 0.000000 2699.029785 0.000000 0.990326 0.000000 0.138759 1.000000 1.000000 1.000000
7366.415527 0.000000 2732.419189 0.000000 0.724194 0.000000 0.689596 1.000000 1.000000 1.000000
7404.236816 0.000000 2724.987305 0.000000 0.101615 0.000000 0.994824 1.000000 1.000000 1.000000
7420.779297 0.000000 2707.524170 0.000000 0.905424 0.000000 -0.424509 1.000000 1.000000 1.000000
7372.916992 0.000000 2739.735596 0.000000 0.965799 0.000000 -0.259292 1.000000 1.000000 1.000000
7417.670410 0.000000 2711.930420 0.000000 0.992521 0.000000 -0.122075 1.000000 1.000000 1.000000
7362.183105 0.000000 2717.465820 0.000000 0.880654 0.000000 -0.473761 1.000000 1.000000 1.000000
7378.551270 0.000000 2698.978027 0.000000 0.370679 0.000000 0.928761 1.000000 1.000000 1.000000
7422.531738 0.000000 2709.113525 0.000000 0.999656 0.000000 -0.026211 1.000000 1.000000 1.000000
7369.603027 0.000000 2713.283203 0.000000 0.928046 0.000000 0.372466 1.000000 1.000000 1.000000
7420.124023 0.000000 2718.801025 0.000000 0.762795 0.000000 0.646641 1.000000 1.000000 1.000000
7416.139648 0.000000 2705.378174 0.000000 0.944325 0.000000 -0.329013 1.000000 1.000000 1.000000
7363.319824 0.000000 2719.367920 0.000000 0.909621 0.000000 0.415439 1.000000 1.000000 1.000000
7365.966309 0.000000 2700.160645 0.000000 0.353707 0.000000 0.935356 1.000000 1.000000 1.000000
7367.105469 0.000000 2738.400879 0.000000 0.863530 0.000000 0.504298 1.000000 1.000000 1.000000
7418.813477 0.000000 2702.301514 0.000000 0.995418 0.000000 0.095615 1.000000 1.000000 1.000000
7364.034668 0.000000 2739.719971 0.000000 0.939902 0.000000 -0.341444 1.000000 1.000000 1.000000
7404.849121 0.000000 2726.451660 0.000000 0.927852 0.000000 0.372949 1.000000 1.000000 1.000000
7370.247070 0.000000 2738.181885 0.000000 0.995096 0.000000 0.098917 1.000000 1.000000 1.000000
7413.020996 0.000000 2697.474121 0.000000 0.874059 0.000000 -0.485820 1.000000 1.000000 1.000000
7286.027344 0.000000 2752.000488 0.000000 0.983483 0.000000 -0.181003 1.000000 1.000000 1.000000
7294.890137 0.000000 2752.373535 0.000000 0.630581 0.000000 0.776124 1.000000 1.000000 1.000000
7285.885254 0.000000 2786.619873 0.000000 0.607822 0.000000 0.794073 1.000000 1.000000 1.000000
7252.492188 0.000000 2778.120361 0.000000 0.998314 0.000000 0.058042 1.000000 1.000000 1.000000
7279.481445 0.000000 2744.241211 0.000000 0.965576 0.000000 0.260123 1.000000 1.000000 1.000000
7264.640137 0.000000 2758.462158 0.000000 0.919550 0.000000 -0.392972 1.000000 1.000000 1.000000
7273.979980 0.000000 2767.030273 0.000000 0.555009 0.000000 0.831845 1.000000 1.000000 1.000000
7250.827148 0.000000 2780.746338 0.000000 0.874869 0.000000 0.484360 1.000000 1.000000 1.000000
7262.057129 0.000000 2786.036621 0.000000 0.223269 0.000000 0.974757 1.000000 1.000000 1.000000
7292.093262 0.000000 2750.903809 0.000000 0.249430 0.000000 0.968393 1.000000 1.000000 1.000000
7253.670410 0.000000 2780.787598 0.000000 0.902026 0.000000 -0.431682 1.000000 1.000000 1.000000
7276.238281 0.000000 2769.095703 0.000000 0.547798 0.000000 0.836610 1.000000 1.000000 1.000000
7272.937988 0.000000 2761.741211 0.000000 0.994770 0.000000 0.102141 1.000000 1.000000 1.000000
7288.155273 0.000000 2752.620361 0.000000 0.960931 0.000000 -0.276788 1.000000 1.000000 1.000000
7260.123535 0.000000 2786.539062 0.000000 0.854437 0.000000 0.519555 1.000000 1.000000 1.000000
7272.044434 0.000000 2766.533203 0.000000 0.539100 0.000000 0.842242 1.000000 1.000000 1.000000
7293.670898 0.000000 2779.971680 0.000000 0.957465 0.000000 0.288550 1.000000 1.000000 1.000000
7277.199219 0.000000 2767.604248 0.000000 0.019001 0.000000 0.999819 1.000000 1.000000 1.000000
7256.794922 0.000000 2825.810059 0.000000 0.819889 0.000000 0.572522 1.000000 1.000000 1.000000
7266.253906 0.000000 2796.980225 0.000000 0.917714 0.000000 -0.397241 1.000000 1.000000 1.000000
7261.381348 0.000000 2828.772705 0.000000 0.445221 0.000000 0.895420 1.000000 1.000000 1.000000
7251.553711 0.000000 2791.174316 0.000000 0.397027 0.000000 0.917807 1.000000 1.000000 1.000000
7285.869629 0.000000 2788.455811 0.000000 0.875333 0.000000 -0.483520 1.000000 1.000000 1.000000
7267.250488 0.000000 2798.594971 0.000000 0.911711 0.000000 0.410833 1.000000 1.000000 1.000000
7265.376465 0.000000 2798.761230 0.000000 0.638416 0.000000 0.769691 1.000000 1.000000 1.000000
7290.656738 0.000000 2812.545166 0.000000 0.608580 0.000000 0.793493 1.000000 1.000000 1.000000
7255.377441 0.000000 2793.489014 0.000000 0.579488 0.000000 0.814981 1.000000 1.000000 1.000000
7258.664062 0.000000 2809.627197 0.000000 0.576717 0.000000 0.816944 1.000000 1.000000 1.000000
7257.961914 0.000000 2826.128174 0.000000 0.734729 0.000000 0.678361 1.000000 1.000000 1.000000
7260.170898 0.000000 2831.156982 0.000000 0.185271 0.000000 0.982688 1.000000 1.000000 1.000000
7298.885254 0.000000 2751.026123 0.000000 0.795835 0.000000 0.605514 1.000000 1.000000 1.000000
7324.785645 0.000000 2749.886475 0.000000 0.905565 0.000000 -0.424207 1.000000 1.000000 1.000000
7307.955566 0.000000 2760.047119 0.000000 0.076935 0.000000 0.997036 1.000000 1.000000 1.000000
7327.744629 0.000000 2770.724121 0.000000 0.926035 0.000000 0.377437 1.000000 1.000000 1.000000
7311.450195 0.000000 2761.681641 0.000000 0.413025 0.000000 0.910720 1.000000 1.000000 1.000000
7327.472168 0.000000 2748.142578 0.000000 0.951598 0.000000 0.307345 1.000000 1.000000 1.000000
7330.292480 0.000000 2753.092285 0.000000 0.837657 0.000000 -0.546197 1.000000 1.000000 1.000000
7356.085449 0.000000 2750.903809 0.000000 0.776727 0.000000 0.629838 1.000000 1.000000 1.000000
7321.946289 0.000000 2771.357178 0.000000 0.948400 0.000000 0.317077 1.000000 1.000000 1.000000
7345.025879 0.000000 2750.379395 0.000000 0.987886 0.000000 0.155181 1.000000 1.000000 1.000000
7325.489258 0.000000 2770.895752 0.000000 0.585979 0.000000 0.810326 1.000000 1.000000 1.000000
7304.028320 0.000000 2773.217773 0.000000 0.006940 0.000000 0.999976 1.000000 1.000000 1.000000
7321.790039 0.000000 2786.466064 0.000000 0.839951 0.000000 0.542663 1.000000 1.000000 1.000000
7307.805176 0.000000 2777.801025 0.000000 0.834644 0.000000 -0.550789 1.000000 1.000000 1.000000
7311.624512 0.000000 2750.249268 0.000000 0.837311 0.000000 0.546727 1.000000 1.000000 1.000000
7347.402832 0.000000 2757.210449 0.000000 0.997337 0.000000 0.072925 1.000000 1.000000 1.000000
7325.495117 0.000000 2744.622070 0.000000 0.473591 0.000000 0.880745 1.000000 1.000000 1.000000
7337.825684 0.000000 2784.949463 0.000000 0.960100 0.000000 -0.279656 1.000000 1.000000 1.000000
7310.233398 0.000000 2751.019287 0.000000 0.964080 0.000000 -0.265611 1.000000 1.000000 1.000000
7297.249023 0.000000 2782.919434 0.000000 0.879016 0.000000 0.476793 1.000000 1.000000 1.000000
7324.351074 0.000000 2752.656982 0.000000 0.841974 0.000000 -0.539519 1.000000 1.000000 1.000000
7321.489258 0.000000 2767.903809 0.000000 0.921753 0.000000 0.387778 1.000000 1.000000 1.000000
7304.494629 0.000000 2765.586914 0.000000 0.152926 0.000000 0.988238 1.000000 1.000000 1.000000
7302.865234 0.000000 2772.503662 0.000000 0.354193 0.000000 0.935172 1.000000 1.000000 1.000000
7345.787598 0.000000 2786.757324 0.000000 0.822188 0.000000 0.569216 1.000000 1.000000 1.000000
7308.058594 0.000000 2761.706055 0.000000 0.131491 0.000000 0.991317 1.000000 1.000000 1.000000
7302.870117 0.000000 2773.824951 0.000000 0.986388 0.000000 0.164433 1.000000 1.000000 1.000000
7311.934570 0.000000 2771.530273 0.000000 0.937732 0.000000 0.347359 1.000000 1.000000 1.000000
7420.335449 0.000000 2757.644775 0.000000 0.811458 0.000000 0.584411 1.000000 1.000000 1.000000
7375.075684 0.000000 2741.774414 0.000000 0.999423 0.000000 0.033954 1.000000 1.000000 1.000000
7366.753418 0.000000 2752.062500 0.000000 0.643529 0.000000 0.765422 1.000000 1.000000 1.000000
7379.538086 0.000000 2743.932129 0.000000 0.825474 0.000000 0.564440 1.000000 1.000000 1.000000
7362.872070 0.000000 2742.794434 0.000000 0.915281 0.000000 -0.402817 1.000000 1.000000 1.000000
7368.894531 0.000000 2785.786621 0.000000 0.999766 0.000000 0.021613 1.000000 1.000000 1.000000
7382.765137 0.000000 2755.286621 0.000000 0.950338 0.000000 -0.311219 1.000000 1.000000 1.000000
7367.061035 0.000000 2760.229004 0.000000 0.943902 0.000000 0.330227 1.000000 1.000000 1.000000
7385.085938 0.000000 2754.678711 0.000000 0.754450 0.000000 0.656358 1.000000 1.000000 1.000000
7364.214844 0.000000 2780.606934 0.000000 0.269498 0.000000 0.963001 1.000000 1.000000 1.000000
7379.349121 0.000000 2785.861084 0.000000 0.179274 0.000000 0.983799 1.000000 1.000000 1.000000
7370.948730 0.000000 2743.791992 0.000000 0.918385 0.000000 -0.395687 1.000000 1.000000 1.000000
7366.138184 0.000000 2754.141113 0.000000 0.990175 0.000000 0.139833 1.000000 1.000000 1.000000
7372.214355 0.000000 2742.449463 0.000000 0.130250 0.000000 0.991481 1.000000 1.000000 1.000000
7373.713379 0.000000 2742.612305 0.000000 0.828687 0.000000 0.559712 1.000000 1.000000 1.000000
7379.666016 0.000000 2741.661621 0.000000 0.833389 0.000000 -0.552687 1.000000 1.000000 1.000000
7366.791016 0.000000 2758.431885 0.000000 0.276649 0.000000 0.960971 1.000000 1.000000 1.000000
7368.445312 0.000000 2756.358643 0.000000 0.954643 0.000000 -0.297751 1.000000 1.000000 1.000000
7373.984375 0.000000 2745.308594 0.000000 0.843375 0.000000 0.537326 1.000000 1.000000 1.000000
7387.978516 0.000000 2744.394043 0.000000 0.944600 0.000000 -0.328224 1.000000 1.000000 1.000000
7350.231934 0.000000 2812.386230 0.000000 0.378210 0.000000 0.925720 1.000000 1.000000 1.000000
7346.631836 0.000000 2818.227783 0.000000 0.963327 0.000000 -0.268328 1.000000 1.000000 1.000000
7350.801270 0.000000 2794.689697 0.000000 0.600693 0.000000 0.799480 1.000000 1.000000 1.000000
7353.457031 0.000000 2790.928711 0.000000 0.931345 0.000000 0.364139 1.000000 1.000000 1.000000
7307.529297 0.000000 2802.219727 0.000000 0.932632 0.000000 -0.360828 1.000000 1.000000 1.000000
7298.190918 0.000000 2811.950195 0.000000 0.752102 0.000000 0.659047 1.000000 1.000000 1.000000
7295.192871 0.000000 2807.397949 0.000000 0.221980 0.000000 0.975051 1.000000 1.000000 1.000000
7348.953125 0.000000 2818.943359 0.000000 0.191222 0.000000 0.981547 1.000000 1.000000 1.000000
7348.761230 0.000000 2793.343262 0.000000 0.998597 0.000000 -0.052952 1.000000 1.000000 1.000000
7309.767090 0.000000 2802.837402 0.000000 0.985070 0.000000 -0.172154 1.000000 1.000000 1.000000
7304.442383 0.000000 2798.058838 0.000000 0.856646 0.000000 0.515904 1.000000 1.000000 1.000000
7314.414062 0.000000 2799.935059 0.000000 0.883485 0.000000 0.468459 1.000000 1.000000 1.000000
7320.394043 0.000000 2807.240723 0.000000 0.681624 0.000000 0.731703 1.000000 1.000000 1.000000
7348.416504 0.000000 2817.310059 0.000000 0.291073 0.000000 0.956701 1.000000 1.000000 1.000000
7355.040039 0.000000 2791.183838 0.000000 0.162983 0.000000 0.986629 1.000000 1.000000 1.000000
7315.898926 0.000000 2796.389160 0.000000 0.294552 0.000000 0.955635 1.000000 1.000000 1.000000
7317.493652 0.000000 2809.002441 0.000000 0.791291 0.000000 0.611439 1.000000 1.000000 1.000000
7349.923340 0.000000 2817.727539 0.000000 0.564166 0.000000 0.825662 1.000000 1.000000 1.000000
7358.844238 0.000000 2831.155273 0.000000 0.023467 0.000000 0.999725 1.000000 1.000000 1.000000
7351.664551 0.000000 2793.473877 0.000000 0.999802 0.000000 -0.019900 1.000000 1.000000 1.000000
7350.132324 0.000000 2793.508545 0.000000 0.400946 0.000000 0.916102 1.000000 1.000000 1.000000
7330.813477 0.000000 2808.962646 0.000000 0.986581 0.000000 -0.163270 1.000000 1.000000 1.000000
7370.543945 0.000000 2788.984863 0.000000 0.578396 0.000000 0.815756 1.000000 1.000000 1.000000
7411.563477 0.000000 2826.938721 0.000000 0.990298 0.000000 -0.138960 1.000000 1.000000 1.000000
7359.501953 0.000000 2830.996826 0.000000 0.249486 0.000000 0.968378 1.000000 1.000000 1.000000
7371.608887 0.000000 2787.317139 0.000000 0.837936 0.000000 -0.545768 1.000000 1.000000 1.000000
7408.845703 0.000000 2825.081299 0.000000 0.358097 0.000000 0.933684 1.000000 1.000000 1.000000
7366.841309 0.000000 2834.295166 0.000000 0.570694 0.000000 0.821163 1.000000 1.000000 1.000000
7408.333008 0.000000 2822.409424 0.000000 0.956254 0.000000 -0.292539 1.000000 1.000000 1.000000
7455.408691 0.000000 2697.286133 0.000000 0.923740 0.000000 -0.383020 1.000000 1.000000 1.000000
7479.279297 0.000000 2728.997803 0.000000 0.992091 0.000000 0.125521 1.000000 1.000000 1.000000
7465.069824 0.000000 2731.912598 0.000000 0.843915 0.000000 0.536478 1.000000 1.000000 1.000000
7469.597168 0.000000 2738.094727 0.000000 0.994325 0.000000 -0.106382 1.000000 1.000000 1.000000
7460.929199 0.000000 2737.988525 0.000000 0.013432 0.000000 0.999910 1.000000 1.000000 1.000000
7480.788574 0.000000 2731.951904 0.000000 0.963583 0.000000 -0.267408 1.000000 1.000000 1.000000
7468.229004 0.000000 2724.987305 0.000000 0.922991 0.000000 0.384823 1.000000 1.000000 1.000000
7463.888184 0.000000 2734.010498 0.000000 0.753602 0.000000 0.657331 1.000000 1.000000 1.000000
7471.388672 0.000000 2720.665039 0.000000 0.970387 0.000000 -0.241555 1.000000 1.000000 1.000000
7473.012207 0.000000 2722.281006 0.000000 0.964963 0.000000 -0.262388 1.000000 1.000000 1.000000
7471.334961 0.000000 2737.133545 0.000000 0.947572 0.000000 0.319542 1.000000 1.000000 1.000000
7473.636230 0.000000 2733.143555 0.000000 0.709975 0.000000 0.704226 1.000000 1.000000 1.000000
7464.020996 0.000000 2719.291016 0.000000 0.935945 0.000000 -0.352146 1.000000 1.000000 1.000000
7465.390137 0.000000 2718.033203 0.000000 0.154601 0.000000 0.987977 1.000000 1.000000 1.000000
7461.923828 0.000000 2717.931396 0.000000 0.660336 0.000000 0.750970 1.000000 1.000000 1.000000
7425.500000 0.000000 2702.999023 0.000000 0.800274 0.000000 0.599635 1.000000 1.000000 1.000000
7425.517090 0.000000 2700.265137 0.000000 0.754012 0.000000 0.656861 1.000000 1.000000 1.000000
7423.135254 0.000000 2704.915527 0.000000 0.139157 0.000000 0.990270 1.000000 1.000000 1.000000
7461.941406 0.000000 2716.447754 0.000000 0.901527 0.000000 -0.432723 1.000000 1.000000 1.000000
7469.175781 0.000000 2720.362061 0.000000 0.604252 0.000000 0.796793 1.000000 1.000000 1.000000
7428.794922 0.000000 2706.881836 0.000000 0.996366 0.000000 0.085179 1.000000 1.000000 1.000000
7465.203125 0.000000 2708.569336 0.000000 0.948081 0.000000 0.318029 1.000000 1.000000 1.000000
7565.857910 0.000000 2724.077881 0.000000 0.085855 0.000000 0.996308 1.000000 1.000000 1.000000
7588.151367 0.000000 2726.932129 0.000000 0.472246 0.000000 0.881467 1.000000 1.000000 1.000000
7588.997070 0.000000 2719.365967 0.000000 0.770112 0.000000 0.637909 1.000000 1.000000 1.000000
7592.694824 0.000000 2729.316406 0.000000 0.995562 0.000000 0.094112 1.000000 1.000000 1.000000
7571.130859 0.000000 2723.239990 0.000000 0.935247 0.000000 -0.353995 1.000000 1.000000 1.000000
7553.347168 0.000000 2727.676270 0.000000 0.999081 0.000000 -0.042851 1.000000 1.000000 1.000000
7604.991211 0.000000 2733.509766 0.000000 0.736641 0.000000 0.676284 1.000000 1.000000 1.000000
7570.748047 0.000000 2724.722656 0.000000 0.828066 0.000000 -0.560631 1.000000 1.000000 1.000000
7555.210449 0.000000 2730.873535 0.000000 0.969049 0.000000 0.246868 1.000000 1.000000 1.000000
7564.730957 0.000000 2727.832520 0.000000 0.641594 0.000000 0.767044 1.000000 1.000000 1.000000
7622.384277 0.000000 2732.419189 0.000000 0.240554 0.000000 0.970636 1.000000 1.000000 1.000000
7620.183594 0.000000 2733.364746 0.000000 0.791391 0.000000 0.611310 1.000000 1.000000 1.000000
7623.086426 0.000000 2734.847168 0.000000 0.196239 0.000000 0.980556 1.000000 1.000000 1.000000
7456.880859 0.000000 2780.049072 0.000000 0.993193 0.000000 -0.116484 1.000000 1.000000 1.000000
7432.049805 0.000000 2757.760254 0.000000 0.855896 0.000000 -0.517147 1.000000 1.000000 1.000000
7449.308594 0.000000 2757.454346 0.000000 0.726881 0.000000 0.686764 1.000000 1.000000 1.000000
7451.361816 0.000000 2740.166992 0.000000 0.983469 0.000000 -0.181076 1.000000 1.000000 1.000000
7473.266113 0.000000 2753.026611 0.000000 0.977474 0.000000 -0.211054 1.000000 1.000000 1.000000
7461.321777 0.000000 2780.499023 0.000000 0.099648 0.000000 0.995023 1.000000 1.000000 1.000000
7485.173828 0.000000 2783.630371 0.000000 0.092512 0.000000 0.995712 1.000000 1.000000 1.000000
7461.126953 0.000000 2751.070801 0.000000 0.150801 0.000000 0.988564 1.000000 1.000000 1.000000
7482.138184 0.000000 2782.661377 0.000000 0.998634 0.000000 -0.052247 1.000000 1.000000 1.000000
7455.962402 0.000000 2782.800049 0.000000 0.359248 0.000000 0.933242 1.000000 1.000000 1.000000
7454.104004 0.000000 2740.828613 0.000000 0.988144 0.000000 -0.153532 1.000000 1.000000 1.000000
7473.877930 0.000000 2755.937012 0.000000 0.999343 0.000000 -0.036240 1.000000 1.000000 1.000000
7434.993164 0.000000 2762.493896 0.000000 0.932883 0.000000 0.360180 1.000000 1.000000 1.000000
7428.395020 0.000000 2752.908203 0.000000 0.189856 0.000000 0.981812 1.000000 1.000000 1.000000
7484.217285 0.000000 2785.654541 0.000000 0.997395 0.000000 -0.072129 1.000000 1.000000 1.000000
7423.498535 0.000000 2756.035645 0.000000 0.948320 0.000000 0.317317 1.000000 1.000000 1.000000
7484.005859 0.000000 2782.059570 0.000000 0.419180 0.000000 0.907903 1.000000 1.000000 1.000000
7459.353516 0.000000 2767.532715 0.000000 0.346018 0.000000 0.938228 1.000000 1.000000 1.000000
7463.404297 0.000000 2741.869873 0.000000 0.521517 0.000000 0.853241 1.000000 1.000000 1.000000
7457.608398 0.000000 2783.775391 0.000000 0.208985 0.000000 0.977919 1.000000 1.000000 1.000000
7472.550293 0.000000 2754.660889 0.000000 0.839398 0.000000 0.543517 1.000000 1.000000 1.000000
7474.902832 0.000000 2783.437988 0.000000 0.362837 0.000000 0.931853 1.000000 1.000000 1.000000
7426.869629 0.000000 2756.291992 0.000000 0.537356 0.000000 0.843356 1.000000 1.000000 1.000000
7428.227051 0.000000 2756.846680 0.000000 0.515682 0.000000 0.856780 1.000000 1.000000 1.000000
7427.958008 0.000000 2740.669434 0.000000 0.903969 0.000000 0.427599 1.000000 1.000000 1.000000
7424.411621 0.000000 2785.679443 0.000000 0.976451 0.000000 -0.215740 1.000000 1.000000 1.000000
7436.532715 0.000000 2756.032959 0.000000 0.998130 0.000000 0.061127 1.000000 1.000000 1.000000
7449.018555 0.000000 2763.436279 0.000000 0.496592 0.000000 0.867984 1.000000 1.000000 1.000000
7429.746094 0.000000 2741.844971 0.000000 0.916538 0.000000 0.399947 1.000000 1.000000 1.000000
7428.577637 0.000000 2757.905762 0.000000 0.628103 0.000000 0.778130 1.000000 1.000000 1.000000
7483.576172 0.000000 2795.181152 0.000000 0.962429 0.000000 0.271535 1.000000 1.000000 1.000000
7428.312500 0.000000 2807.641602 0.000000 0.978127 0.000000 0.208009 1.000000 1.000000 1.000000
7446.041992 0.000000 2792.552002 0.000000 0.082700 0.000000 0.996575 1.000000 1.000000 1.000000
7444.855957 0.000000 2807.564209 0.000000 0.828626 0.000000 -0.559802 1.000000 1.000000 1.000000
7427.191895 0.000000 2809.675537 0.000000 0.398677 0.000000 0.917091 1.000000 1.000000 1.000000
7426.260742 0.000000 2824.198242 0.000000 0.579379 0.000000 0.815058 1.000000 1.000000 1.000000
7429.575195 0.000000 2806.433594 0.000000 0.932523 0.000000 0.361111 1.000000 1.000000 1.000000
7447.354004 0.000000 2793.489014 0.000000 0.905968 0.000000 -0.423346 1.000000 1.000000 1.000000
7441.520508 0.000000 2805.544678 0.000000 0.991943 0.000000 -0.126684 1.000000 1.000000 1.000000
7434.895020 0.000000 2808.323486 0.000000 0.865921 0.000000 -0.500180 1.000000 1.000000 1.000000
7445.754395 0.000000 2805.959717 0.000000 0.440915 0.000000 0.897549 1.000000 1.000000 1.000000
7490.861816 0.000000 2798.268311 0.000000 0.990775 0.000000 0.135518 1.000000 1.000000 1.000000
7498.332031 0.000000 2820.440186 0.000000 0.991457 0.000000 0.130431 1.000000 1.000000 1.000000
7550.515625 0.000000 2825.983643 0.000000 0.267538 0.000000 0.963547 1.000000 1.000000 1.000000
7491.184082 0.000000 2809.675537 0.000000 0.956793 0.000000 0.290771 1.000000 1.000000 1.000000
7496.004883 0.000000 2820.459961 0.000000 0.969463 0.000000 -0.245238 1.000000 1.000000 1.000000
7507.138672 0.000000 2817.724365 0.000000 0.894010 0.000000 -0.448047 1.000000 1.000000 1.000000
7498.665527 0.000000 2827.539307 0.000000 0.873927 0.000000 -0.486057 1.000000 1.000000 1.000000
7506.755859 0.000000 2819.207031 0.000000 0.680367 0.000000 0.732872 1.000000 1.000000 1.000000
7495.216797 0.000000 2813.588867 0.000000 0.825042 0.000000 0.565072 1.000000 1.000000 1.000000
7602.341309 0.000000 2745.970947 0.000000 0.937843 0.000000 0.347059 1.000000 1.000000 1.000000
7603.335938 0.000000 2744.527832 0.000000 0.856107 0.000000 0.516798 1.000000 1.000000 1.000000
7597.614746 0.000000 2742.289795 0.000000 0.848576 0.000000 0.529074 1.000000 1.000000 1.000000
7573.828613 0.000000 2779.251709 0.000000 0.299262 0.000000 0.954171 1.000000 1.000000 1.000000
7570.072754 0.000000 2785.164307 0.000000 0.752247 0.000000 0.658882 1.000000 1.000000 1.000000
7571.196289 0.000000 2784.577637 0.000000 0.937530 0.000000 0.347905 1.000000 1.000000 1.000000
7596.386230 0.000000 2742.050537 0.000000 0.946671 0.000000 -0.322203 1.000000 1.000000 1.000000
7640.759766 0.000000 2765.116455 0.000000 0.688964 0.000000 0.724795 1.000000 1.000000 1.000000
7551.085449 0.000000 2825.993164 0.000000 0.809505 0.000000 0.587114 1.000000 1.000000 1.000000
7562.925293 0.000000 2791.034180 0.000000 0.445788 0.000000 0.895139 1.000000 1.000000 1.000000
7618.703613 0.000000 2818.693604 0.000000 0.437424 0.000000 0.899255 1.000000 1.000000 1.000000
7244.348633 0.000000 2859.375244 0.000000 0.869942 0.000000 -0.493155 1.000000 1.000000 1.000000
7238.973633 0.000000 2865.515869 0.000000 0.969790 0.000000 0.243942 1.000000 1.000000 1.000000
7266.253906 0.000000 2844.222412 0.000000 0.577537 0.000000 0.816365 1.000000 1.000000 1.000000
7288.952637 0.000000 2850.937256 0.000000 0.937315 0.000000 0.348482 1.000000 1.000000 1.000000
7245.669922 0.000000 2861.322021 0.000000 0.673610 0.000000 0.739087 1.000000 1.000000 1.000000
7240.153320 0.000000 2863.675781 0.000000 0.366289 0.000000 0.930501 1.000000 1.000000 1.000000
7254.401855 0.000000 2867.831299 0.000000 0.844734 0.000000 -0.535187 1.000000 1.000000 1.000000
7286.982910 0.000000 2874.249268 0.000000 0.824804 0.000000 -0.565419 1.000000 1.000000 1.000000
7241.850586 0.000000 2863.047852 0.000000 0.995554 0.000000 0.094196 1.000000 1.000000 1.000000
7272.548340 0.000000 2925.350586 0.000000 0.918665 0.000000 -0.395037 1.000000 1.000000 1.000000
7256.472656 0.000000 2910.675049 0.000000 0.947810 0.000000 -0.318834 1.000000 1.000000 1.000000
7248.271484 0.000000 2916.212158 0.000000 0.934413 0.000000 0.356192 1.000000 1.000000 1.000000
7292.794922 0.000000 2896.492920 0.000000 0.619619 0.000000 0.784903 1.000000 1.000000 1.000000
7270.652344 0.000000 2894.365479 0.000000 0.893226 0.000000 -0.449608 1.000000 1.000000 1.000000
7249.250488 0.000000 2917.755615 0.000000 0.951656 0.000000 0.307167 1.000000 1.000000 1.000000
7335.933594 0.000000 2843.933594 0.000000 0.914119 0.000000 -0.405445 1.000000 1.000000 1.000000
7304.672852 0.000000 2838.808105 0.000000 0.903136 0.000000 0.429355 1.000000 1.000000 1.000000
7337.522949 0.000000 2840.902588 0.000000 0.968161 0.000000 0.250328 1.000000 1.000000 1.000000
7369.913574 0.000000 2871.418213 0.000000 0.574085 0.000000 0.818796 1.000000 1.000000 1.000000
7362.038086 0.000000 2873.601562 0.000000 0.999203 0.000000 0.039921 1.000000 1.000000 1.000000
7376.255859 0.000000 2868.969971 0.000000 0.138985 0.000000 0.990294 1.000000 1.000000 1.000000
7373.266602 0.000000 2870.765381 0.000000 0.955386 0.000000 -0.295359 1.000000 1.000000 1.000000
7364.480957 0.000000 2871.687988 0.000000 0.638925 0.000000 0.769269 1.000000 1.000000 1.000000
7386.673828 0.000000 2870.251709 0.000000 0.589270 0.000000 0.807936 1.000000 1.000000 1.000000
7408.062988 0.000000 2875.822754 0.000000 0.340075 0.000000 0.940398 1.000000 1.000000 1.000000
7381.958008 0.000000 2869.878418 0.000000 0.640387 0.000000 0.768052 1.000000 1.000000 1.000000
7415.741699 0.000000 2878.808838 0.000000 0.970457 0.000000 0.241273 1.000000 1.000000 1.000000
7378.975098 0.000000 2870.057617 0.000000 0.998912 0.000000 -0.046625 1.000000 1.000000 1.000000
7383.475098 0.000000 2865.864990 0.000000 0.465085 0.000000 0.885266 1.000000 1.000000 1.000000
7402.978027 0.000000 2870.337646 0.000000 0.999933 0.000000 0.011618 1.000000 1.000000 1.000000
7406.803711 0.000000 2874.293213 0.000000 0.762564 0.000000 0.646913 1.000000 1.000000 1.000000
7369.568359 0.000000 2835.166260 0.000000 0.920792 0.000000 0.390055 1.000000 1.000000 1.000000
7359.131836 0.000000 2839.854004 0.000000 0.984204 0.000000 -0.177040 1.000000 1.000000 1.000000
7367.030273 0.000000 2834.545898 0.000000 0.999993 0.000000 0.003823 1.000000 1.000000 1.000000
7304.462891 0.000000 2908.720703 0.000000 0.608819 0.000000 0.793309 1.000000 1.000000 1.000000
7301.634277 0.000000 2904.212646 0.000000 0.620310 0.000000 0.784356 1.000000 1.000000 1.000000
7303.219727 0.000000 2906.636475 0.000000 0.943563 0.000000 -0.331192 1.000000 1.000000 1.000000
7332.308105 0.000000 2894.636230 0.000000 0.941157 0.000000 -0.337971 1.000000 1.000000 1.000000
7362.038086 0.000000 2920.843750 0.000000 0.140463 0.000000 0.990086 1.000000 1.000000 1.000000
7394.238281 0.000000 2891.464600 0.000000 0.661698 0.000000 0.749770 1.000000 1.000000 1.000000
7417.935059 0.000000 2908.475830 0.000000 0.977561 0.000000 0.210653 1.000000 1.000000 1.000000
7415.472656 0.000000 2881.889648 0.000000 0.497526 0.000000 0.867449 1.000000 1.000000 1.000000
7413.234375 0.000000 2910.253418 0.000000 0.947119 0.000000 0.320884 1.000000 1.000000 1.000000
7415.436523 0.000000 2904.114990 0.000000 0.712319 0.000000 0.701856 1.000000 1.000000 1.000000
7395.234863 0.000000 2893.079346 0.000000 0.334097 0.000000 0.942539 1.000000 1.000000 1.000000
7363.296875 0.000000 2921.290771 0.000000 0.492825 0.000000 0.870128 1.000000 1.000000 1.000000
7279.507812 0.000000 2937.495117 0.000000 0.158972 0.000000 0.987283 1.000000 1.000000 1.000000
7281.537109 0.000000 2936.853760 0.000000 0.891012 0.000000 0.453981 1.000000 1.000000 1.000000
7358.882324 0.000000 2941.342285 0.000000 0.951296 0.000000 0.308278 1.000000 1.000000 1.000000
7343.473633 0.000000 2933.209961 0.000000 0.964148 0.000000 0.265366 1.000000 1.000000 1.000000
7353.345215 0.000000 2958.433350 0.000000 0.999985 0.000000 0.005407 1.000000 1.000000 1.000000
7348.953125 0.000000 2960.669922 0.000000 0.914219 0.000000 -0.405219 1.000000 1.000000 1.000000
7336.348633 0.000000 2961.126953 0.000000 0.861606 0.000000 -0.507577 1.000000 1.000000 1.000000
7351.086426 0.000000 2958.395752 0.000000 0.964934 0.000000 0.262494 1.000000 1.000000 1.000000
7321.508789 0.000000 2936.239014 0.000000 0.802288 0.000000 0.596938 1.000000 1.000000 1.000000
7312.900879 0.000000 2958.270996 0.000000 0.917099 0.000000 -0.398659 1.000000 1.000000 1.000000
7302.835449 0.000000 2952.433838 0.000000 0.967583 0.000000 0.252555 1.000000 1.000000 1.000000
7406.761719 0.000000 2959.155762 0.000000 0.023263 0.000000 0.999729 1.000000 1.000000 1.000000
7372.916992 0.000000 2975.946533 0.000000 0.595514 0.000000 0.803345 1.000000 1.000000 1.000000
7392.192871 0.000000 2966.308594 0.000000 0.351877 0.000000 0.936046 1.000000 1.000000 1.000000
7390.444824 0.000000 2968.360596 0.000000 0.334267 0.000000 0.942478 1.000000 1.000000 1.000000
7369.895996 0.000000 2943.452637 0.000000 0.925205 0.000000 -0.379467 1.000000 1.000000 1.000000
7409.680176 0.000000 2961.113525 0.000000 0.817892 0.000000 0.575371 1.000000 1.000000 1.000000
7388.304199 0.000000 2967.132324 0.000000 0.685297 0.000000 0.728264 1.000000 1.000000 1.000000
7369.024414 0.000000 2942.717529 0.000000 0.799515 0.000000 0.600646 1.000000 1.000000 1.000000
7421.937012 0.000000 3008.748291 0.000000 0.932623 0.000000 0.360852 1.000000 1.000000 1.000000
7402.223145 0.000000 2984.424316 0.000000 0.650651 0.000000 0.759377 1.000000 1.000000 1.000000
7404.946289 0.000000 2979.924072 0.000000 0.925391 0.000000 -0.379014 1.000000 1.000000 1.000000
7484.069824 0.000000 2845.388184 0.000000 0.932643 0.000000 -0.360801 1.000000 1.000000 1.000000
7511.307617 0.000000 2880.716553 0.000000 0.993946 0.000000 -0.109873 1.000000 1.000000 1.000000
7518.610840 0.000000 2869.268555 0.000000 0.793702 0.000000 0.608306 1.000000 1.000000 1.000000
7496.418945 0.000000 2845.301025 0.000000 0.414775 0.000000 0.909924 1.000000 1.000000 1.000000
7502.996582 0.000000 2838.815918 0.000000 0.999949 0.000000 -0.010128 1.000000 1.000000 1.000000
7522.968750 0.000000 2879.485596 0.000000 0.947988 0.000000 0.318306 1.000000 1.000000 1.000000
7502.444824 0.000000 2834.647217 0.000000 0.822967 0.000000 0.568089 1.000000 1.000000 1.000000
7497.451660 0.000000 2844.271973 0.000000 0.982366 0.000000 0.186968 1.000000 1.000000 1.000000
7511.495605 0.000000 2878.031250 0.000000 0.788053 0.000000 0.615608 1.000000 1.000000 1.000000
7452.770020 0.000000 2891.613037 0.000000 0.901059 0.000000 0.433696 1.000000 1.000000 1.000000
7439.067871 0.000000 2883.500977 0.000000 0.654788 0.000000 0.755813 1.000000 1.000000 1.000000
7457.240723 0.000000 2889.881348 0.000000 0.204224 0.000000 0.978924 1.000000 1.000000 1.000000
7510.041504 0.000000 2881.793701 0.000000 0.711070 0.000000 0.703121 1.000000 1.000000 1.000000
7473.010254 0.000000 2939.348145 0.000000 0.991126 0.000000 0.132922 1.000000 1.000000 1.000000
7431.224609 0.000000 2955.315430 0.000000 0.341216 0.000000 0.939985 1.000000 1.000000 1.000000
3697.413086 0.000000 3419.799316 0.000000 0.968801 0.000000 -0.247840 1.000000 1.000000 1.000000
3694.896729 0.000000 3420.501221 0.000000 0.957568 0.000000 0.288208 1.000000 1.000000 1.000000
3772.780273 0.000000 3560.761963 0.000000 0.675823 0.000000 0.737064 1.000000 1.000000 1.000000
3774.749512 0.000000 3561.426758 0.000000 0.867857 0.000000 0.496813 1.000000 1.000000 1.000000
3776.818115 0.000000 3560.999023 0.000000 0.810044 0.000000 0.586370 1.000000 1.000000 1.000000
4012.350342 0.000000 3567.513428 0.000000 0.736715 0.000000 0.676203 1.000000 1.000000 1.000000
4012.124268 0.000000 3564.407715 0.000000 0.738915 0.000000 0.673799 1.000000 1.000000 1.000000
4084.955322 0.000000 3795.072266 0.000000 0.966811 0.000000 0.255491 1.000000 1.000000 1.000000
4082.312744 0.000000 3782.387939 0.000000 0.443270 0.000000 0.896388 1.000000 1.000000 1.000000
4843.685547 0.000000 3966.969238 0.000000 0.824825 0.000000 0.565388 1.000000 1.000000 1.000000
4666.888672 0.000000 3985.867188 0.000000 0.478471 0.000000 0.878103 1.000000 1.000000 1.000000
4733.913574 0.000000 4039.572510 0.000000 0.990444 0.000000 0.137912 1.000000 1.000000 1.000000
4727.603516 0.000000 4026.178711 0.000000 0.980452 0.000000 0.196759 1.000000 1.000000 1.000000
4797.862305 0.000000 3999.306885 0.000000 0.509085 0.000000 0.860716 1.000000 1.000000 1.000000
4860.792480 0.000000 3968.546631 0.000000 0.967677 0.000000 0.252193 1.000000 1.000000 1.000000
4847.778320 0.000000 3972.538086 0.000000 0.871134 0.000000 0.491046 1.000000 1.000000 1.000000
4799.511719 0.000000 3996.802490 0.000000 0.994977 0.000000 -0.100103 1.000000 1.000000 1.000000
4738.503418 0.000000 4040.247070 0.000000 0.997534 0.000000 0.070179 1.000000 1.000000 1.000000
4810.226074 0.000000 4052.472900 0.000000 0.994753 0.000000 -0.102301 1.000000 1.000000 1.000000
4860.390137 0.000000 4026.442871 0.000000 0.968919 0.000000 0.247380 1.000000 1.000000 1.000000
4914.323730 0.000000 4006.795898 0.000000 0.974830 0.000000 0.222949 1.000000 1.000000 1.000000
4894.346191 0.000000 4014.333496 0.000000 0.899943 0.000000 -0.436008 1.000000 1.000000 1.000000
4868.965820 0.000000 3977.064453 0.000000 0.403547 0.000000 0.914959 1.000000 1.000000 1.000000
4911.108398 0.000000 4008.105713 0.000000 0.653983 0.000000 0.756509 1.000000 1.000000 1.000000
4882.229004 0.000000 4007.614502 0.000000 0.673012 0.000000 0.739631 1.000000 1.000000 1.000000
4910.647461 0.000000 4009.604736 0.000000 0.480724 0.000000 0.876872 1.000000 1.000000 1.000000
4863.435059 0.000000 3970.585449 0.000000 0.994446 0.000000 0.105250 1.000000 1.000000 1.000000
4883.534180 0.000000 4007.053467 0.000000 0.894903 0.000000 -0.446261 1.000000 1.000000 1.000000
4897.161621 0.000000 4015.866943 0.000000 0.012399 0.000000 0.999923 1.000000 1.000000 1.000000
4990.338379 0.000000 4042.882568 0.000000 0.729842 0.000000 0.683616 1.000000 1.000000 1.000000
4992.562012 0.000000 4042.403076 0.000000 0.417451 0.000000 0.908699 1.000000 1.000000 1.000000
4999.801758 0.000000 4052.949707 0.000000 0.331739 0.000000 0.943371 1.000000 1.000000 1.000000
4993.345215 0.000000 4044.416992 0.000000 0.953690 0.000000 -0.300793 1.000000 1.000000 1.000000
4991.488281 0.000000 4044.044678 0.000000 0.879022 0.000000 -0.476782 1.000000 1.000000 1.000000
4998.330078 0.000000 4053.696777 0.000000 0.842289 0.000000 0.539027 1.000000 1.000000 1.000000
4948.773438 0.000000 4100.901367 0.000000 0.874556 0.000000 -0.484924 1.000000 1.000000 1.000000
4957.778320 0.000000 4093.677002 0.000000 0.873434 0.000000 0.486943 1.000000 1.000000 1.000000
4950.958008 0.000000 4100.731445 0.000000 0.107821 0.000000 0.994170 1.000000 1.000000 1.000000
4955.515137 0.000000 4090.471436 0.000000 0.942364 0.000000 -0.334589 1.000000 1.000000 1.000000
4950.148926 0.000000 4102.032715 0.000000 0.987142 0.000000 -0.159846 1.000000 1.000000 1.000000
4951.004395 0.000000 4104.596680 0.000000 0.801279 0.000000 0.598291 1.000000 1.000000 1.000000
4921.241699 0.000000 4126.476562 0.000000 0.826193 0.000000 -0.563387 1.000000 1.000000 1.000000
4910.507812 0.000000 4143.222656 0.000000 0.833722 0.000000 0.552184 1.000000 1.000000 1.000000
4902.941406 0.000000 4122.662598 0.000000 0.671237 0.000000 0.741243 1.000000 1.000000 1.000000
4914.773438 0.000000 4143.219238 0.000000 0.994732 0.000000 -0.102505 1.000000 1.000000 1.000000
4963.773438 0.000000 4124.543457 0.000000 0.059877 0.000000 0.998206 1.000000 1.000000 1.000000
4954.434082 0.000000 4111.444336 0.000000 0.970321 0.000000 0.241822 1.000000 1.000000 1.000000
4956.817383 0.000000 4111.539551 0.000000 0.315228 0.000000 0.949016 1.000000 1.000000 1.000000
4955.147461 0.000000 4127.333496 0.000000 0.266266 0.000000 0.963900 1.000000 1.000000 1.000000
4957.113770 0.000000 4110.073730 0.000000 0.784412 0.000000 0.620240 1.000000 1.000000 1.000000
4998.427246 0.000000 4076.922363 0.000000 0.948384 0.000000 -0.317123 1.000000 1.000000 1.000000
5009.541992 0.000000 4070.085693 0.000000 0.086079 0.000000 0.996288 1.000000 1.000000 1.000000
4999.591309 0.000000 4069.916016 0.000000 0.889506 0.000000 -0.456924 1.000000 1.000000 1.000000
4993.551758 0.000000 4062.834229 0.000000 0.908735 0.000000 0.417374 1.000000 1.000000 1.000000
5098.865723 0.000000 4150.993652 0.000000 0.999305 0.000000 -0.037269 1.000000 1.000000 1.000000
5074.218750 0.000000 4153.883301 0.000000 0.949333 0.000000 0.314271 1.000000 1.000000 1.000000
4808.767578 0.000000 4325.986328 0.000000 0.999942 0.000000 0.010752 1.000000 1.000000 1.000000
4809.926758 0.000000 4323.619141 0.000000 0.966244 0.000000 0.257629 1.000000 1.000000 1.000000
4822.973633 0.000000 4336.942871 0.000000 0.999976 0.000000 -0.006905 1.000000 1.000000 1.000000
4822.164551 0.000000 4338.244141 0.000000 0.087661 0.000000 0.996150 1.000000 1.000000 1.000000
4823.763672 0.000000 4338.038574 0.000000 0.921528 0.000000 0.388312 1.000000 1.000000 1.000000
4944.505859 0.000000 4199.774414 0.000000 0.697463 0.000000 0.716621 1.000000 1.000000 1.000000
4961.629395 0.000000 4185.700195 0.000000 0.986601 0.000000 0.163153 1.000000 1.000000 1.000000
4943.017090 0.000000 4197.384766 0.000000 0.998467 0.000000 0.055355 1.000000 1.000000 1.000000
4945.046875 0.000000 4197.663086 0.000000 0.961150 0.000000 -0.276028 1.000000 1.000000 1.000000
4958.851074 0.000000 4182.256836 0.000000 0.979863 0.000000 -0.199672 1.000000 1.000000 1.000000
4957.971191 0.000000 4175.326172 0.000000 0.870491 0.000000 0.492184 1.000000 1.000000 1.000000
4935.506836 0.000000 4185.225098 0.000000 0.334819 0.000000 0.942282 1.000000 1.000000 1.000000
4939.784180 0.000000 4191.203125 0.000000 0.758851 0.000000 0.651264 1.000000 1.000000 1.000000
4933.139160 0.000000 4180.779297 0.000000 0.085540 0.000000 0.996335 1.000000 1.000000 1.000000
5052.769043 0.000000 4157.515625 0.000000 0.299372 0.000000 0.954137 1.000000 1.000000 1.000000
5037.058594 0.000000 4158.185547 0.000000 0.922226 0.000000 0.386650 1.000000 1.000000 1.000000
5054.884766 0.000000 4157.487305 0.000000 0.161350 0.000000 0.986897 1.000000 1.000000 1.000000
5016.539062 0.000000 4173.391602 0.000000 0.996453 0.000000 -0.084155 1.000000 1.000000 1.000000
5032.853027 0.000000 4165.153320 0.000000 0.866783 0.000000 0.498685 1.000000 1.000000 1.000000
5035.151855 0.000000 4161.261230 0.000000 0.915222 0.000000 0.402949 1.000000 1.000000 1.000000
5016.170410 0.000000 4171.975586 0.000000 0.992575 0.000000 0.121633 1.000000 1.000000 1.000000
5016.955078 0.000000 4170.397461 0.000000 0.260987 0.000000 0.965342 1.000000 1.000000 1.000000
5079.842285 0.000000 4161.121094 0.000000 0.195480 0.000000 0.980708 1.000000 1.000000 1.000000
5016.026367 0.000000 4228.101562 0.000000 0.972177 0.000000 0.234246 1.000000 1.000000 1.000000
5006.566895 0.000000 4228.139648 0.000000 0.528076 0.000000 0.849197 1.000000 1.000000 1.000000
4996.982422 0.000000 4215.594238 0.000000 0.348672 0.000000 0.937245 1.000000 1.000000 1.000000
4994.041504 0.000000 4227.631348 0.000000 0.698019 0.000000 0.716079 1.000000 1.000000 1.000000
4966.373535 0.000000 4341.881348 0.000000 0.257714 0.000000 0.966221 1.000000 1.000000 1.000000
4953.668457 0.000000 4338.967773 0.000000 0.574188 0.000000 0.818723 1.000000 1.000000 1.000000
4996.609375 0.000000 4366.634277 0.000000 0.882687 0.000000 0.469961 1.000000 1.000000 1.000000
4997.915527 0.000000 4368.720703 0.000000 0.429140 0.000000 0.903238 1.000000 1.000000 1.000000
6125.126953 0.000000 3914.379883 0.000000 0.478228 0.000000 0.878236 1.000000 1.000000 1.000000
6126.957031 0.000000 3911.692383 0.000000 0.999638 0.000000 -0.026916 1.000000 1.000000 1.000000
6137.493652 0.000000 3903.277100 0.000000 0.781999 0.000000 0.623279 1.000000 1.000000 1.000000
6120.656250 0.000000 3940.111084 0.000000 0.726655 0.000000 0.687002 1.000000 1.000000 1.000000
6125.126953 0.000000 3961.622070 0.000000 0.704818 0.000000 0.709388 1.000000 1.000000 1.000000
6121.233887 0.000000 3960.209473 0.000000 0.881380 0.000000 -0.472408 1.000000 1.000000 1.000000
6110.782715 0.000000 3955.838867 0.000000 0.836739 0.000000 -0.547602 1.000000 1.000000 1.000000
6120.656250 0.000000 3987.353271 0.000000 0.989420 0.000000 -0.145077 1.000000 1.000000 1.000000
6116.246582 0.000000 3997.572266 0.000000 0.970851 0.000000 0.239685 1.000000 1.000000 1.000000
6129.501465 0.000000 4012.380615 0.000000 0.853930 0.000000 0.520388 1.000000 1.000000 1.000000
6094.037598 0.000000 3999.616943 0.000000 0.154114 0.000000 0.988053 1.000000 1.000000 1.000000
6125.060059 0.000000 3989.807861 0.000000 0.193975 0.000000 0.981006 1.000000 1.000000 1.000000
6100.632812 0.000000 4006.417236 0.000000 0.990953 0.000000 -0.134212 1.000000 1.000000 1.000000
6096.365234 0.000000 4010.805664 0.000000 0.836122 0.000000 0.548543 1.000000 1.000000 1.000000
6090.503906 0.000000 4001.494873 0.000000 0.999961 0.000000 0.008798 1.000000 1.000000 1.000000
6086.875000 0.000000 4003.413818 0.000000 0.115234 0.000000 0.993338 1.000000 1.000000 1.000000
6121.366211 0.000000 4015.034424 0.000000 0.850595 0.000000 -0.525821 1.000000 1.000000 1.000000
6099.131348 0.000000 4003.870117 0.000000 0.292542 0.000000 0.956253 1.000000 1.000000 1.000000
6103.631348 0.000000 3999.677490 0.000000 0.979154 0.000000 -0.203120 1.000000 1.000000 1.000000
6061.260254 0.000000 4050.610840 0.000000 0.925337 0.000000 -0.379146 1.000000 1.000000 1.000000
6060.933594 0.000000 4016.458984 0.000000 0.911476 0.000000 0.411353 1.000000 1.000000 1.000000
6049.052734 0.000000 4055.588135 0.000000 0.972785 0.000000 0.231710 1.000000 1.000000 1.000000
6063.656250 0.000000 4024.065430 0.000000 0.996071 0.000000 -0.088560 1.000000 1.000000 1.000000
6077.749512 0.000000 4039.572510 0.000000 0.826770 0.000000 0.562540 1.000000 1.000000 1.000000
6060.447266 0.000000 4029.803955 0.000000 0.802969 0.000000 0.596021 1.000000 1.000000 1.000000
6059.427734 0.000000 4021.303223 0.000000 0.021851 0.000000 0.999761 1.000000 1.000000 1.000000
6045.400879 0.000000 4052.896240 0.000000 0.995233 0.000000 -0.097524 1.000000 1.000000 1.000000
6057.241699 0.000000 4054.693848 0.000000 0.945584 0.000000 0.325378 1.000000 1.000000 1.000000
6051.142090 0.000000 4052.802002 0.000000 0.975391 0.000000 -0.220482 1.000000 1.000000 1.000000
6078.205566 0.000000 4042.882568 0.000000 0.999373 0.000000 0.035399 1.000000 1.000000 1.000000
6061.042480 0.000000 4023.428711 0.000000 0.842130 0.000000 -0.539275 1.000000 1.000000 1.000000
6058.387207 0.000000 4023.752441 0.000000 0.971146 0.000000 -0.238484 1.000000 1.000000 1.000000
6056.882324 0.000000 4052.097656 0.000000 0.870161 0.000000 -0.492768 1.000000 1.000000 1.000000
6029.872070 0.000000 4057.683594 0.000000 0.989173 0.000000 -0.146754 1.000000 1.000000 1.000000
6079.626953 0.000000 4045.943359 0.000000 0.831262 0.000000 -0.555881 1.000000 1.000000 1.000000
6113.044922 0.000000 4055.588135 0.000000 0.863032 0.000000 0.505149 1.000000 1.000000 1.000000
6080.537109 0.000000 4033.420898 0.000000 0.979876 0.000000 0.199608 1.000000 1.000000 1.000000
6095.857910 0.000000 4032.711426 0.000000 0.344027 0.000000 0.938960 1.000000 1.000000 1.000000
6132.904297 0.000000 4018.857422 0.000000 0.804316 0.000000 0.594202 1.000000 1.000000 1.000000
6084.938477 0.000000 4040.396973 0.000000 0.373433 0.000000 0.927657 1.000000 1.000000 1.000000
6096.080078 0.000000 4021.811035 0.000000 0.329677 0.000000 0.944094 1.000000 1.000000 1.000000
6096.794922 0.000000 4027.373779 0.000000 0.996723 0.000000 0.080892 1.000000 1.000000 1.000000
6134.949707 0.000000 4022.986572 0.000000 0.307298 0.000000 0.951613 1.000000 1.000000 1.000000
6095.231934 0.000000 4017.313477 0.000000 0.996236 0.000000 0.086678 1.000000 1.000000 1.000000
6129.384277 0.000000 4015.741943 0.000000 0.960919 0.000000 0.276831 1.000000 1.000000 1.000000
6083.481934 0.000000 4044.319580 0.000000 0.867806 0.000000 0.496903 1.000000 1.000000 1.000000
6117.093262 0.000000 4060.769775 0.000000 0.399632 0.000000 0.916676 1.000000 1.000000 1.000000
6099.694336 0.000000 4019.471191 0.000000 0.087015 0.000000 0.996207 1.000000 1.000000 1.000000
6121.394043 0.000000 4017.873291 0.000000 0.993597 0.000000 0.112986 1.000000 1.000000 1.000000
6098.480469 0.000000 4035.706787 0.000000 0.898314 0.000000 -0.439355 1.000000 1.000000 1.000000
6097.143066 0.000000 4019.488037 0.000000 0.806363 0.000000 0.591421 1.000000 1.000000 1.000000
6122.500977 0.000000 4015.743896 0.000000 0.850541 0.000000 0.525909 1.000000 1.000000 1.000000
5997.268066 0.000000 4097.853027 0.000000 0.725091 0.000000 0.688653 1.000000 1.000000 1.000000
6012.058105 0.000000 4093.316895 0.000000 0.288210 0.000000 0.957567 1.000000 1.000000 1.000000
6010.106934 0.000000 4089.530518 0.000000 0.805470 0.000000 0.592637 1.000000 1.000000 1.000000
5998.933594 0.000000 4092.968262 0.000000 0.184362 0.000000 0.982858 1.000000 1.000000 1.000000
6003.775879 0.000000 4097.626465 0.000000 0.976570 0.000000 -0.215201 1.000000 1.000000 1.000000
6009.509277 0.000000 4092.245850 0.000000 0.997166 0.000000 -0.075227 1.000000 1.000000 1.000000
5992.671875 0.000000 4129.080078 0.000000 0.976896 0.000000 -0.213716 1.000000 1.000000 1.000000
6006.395996 0.000000 4135.167969 0.000000 0.297405 0.000000 0.954752 1.000000 1.000000 1.000000
5985.726074 0.000000 4132.018555 0.000000 0.968856 0.000000 -0.247626 1.000000 1.000000 1.000000
5989.509766 0.000000 4124.379395 0.000000 0.774277 0.000000 0.632847 1.000000 1.000000 1.000000
5984.796387 0.000000 4128.485840 0.000000 0.999620 0.000000 0.027580 1.000000 1.000000 1.000000
5986.690918 0.000000 4126.125488 0.000000 0.985368 0.000000 0.170438 1.000000 1.000000 1.000000
6035.525391 0.000000 4062.943115 0.000000 0.999640 0.000000 -0.026825 1.000000 1.000000 1.000000
6038.541992 0.000000 4074.693848 0.000000 0.879550 0.000000 0.475807 1.000000 1.000000 1.000000
6039.665527 0.000000 4064.604736 0.000000 0.714030 0.000000 0.700115 1.000000 1.000000 1.000000
6032.373047 0.000000 4105.290039 0.000000 0.391428 0.000000 0.920209 1.000000 1.000000 1.000000
6030.062012 0.000000 4072.114502 0.000000 0.471356 0.000000 0.881943 1.000000 1.000000 1.000000
6066.528809 0.000000 4068.752197 0.000000 0.911973 0.000000 0.410251 1.000000 1.000000 1.000000
6033.070312 0.000000 4108.492676 0.000000 0.979812 0.000000 0.199919 1.000000 1.000000 1.000000
6033.233398 0.000000 4071.770996 0.000000 0.998828 0.000000 0.048398 1.000000 1.000000 1.000000
6033.150879 0.000000 4066.730225 0.000000 0.997634 0.000000 -0.068749 1.000000 1.000000 1.000000
6069.668945 0.000000 4072.439697 0.000000 0.945962 0.000000 -0.324277 1.000000 1.000000 1.000000
6028.497070 0.000000 4134.914551 0.000000 0.992056 0.000000 -0.125798 1.000000 1.000000 1.000000
6076.644043 0.000000 4110.273438 0.000000 0.919580 0.000000 -0.392903 1.000000 1.000000 1.000000
6060.933594 0.000000 4110.943359 0.000000 0.894338 0.000000 0.447393 1.000000 1.000000 1.000000
6035.525391 0.000000 4110.185547 0.000000 0.821339 0.000000 0.570441 1.000000 1.000000 1.000000
6052.254395 0.000000 4139.299316 0.000000 0.971016 0.000000 0.239013 1.000000 1.000000 1.000000
6026.708008 0.000000 4111.766602 0.000000 0.939568 0.000000 -0.342362 1.000000 1.000000 1.000000
6020.946289 0.000000 4134.881836 0.000000 0.964421 0.000000 -0.264370 1.000000 1.000000 1.000000
6077.340332 0.000000 4114.229004 0.000000 0.824425 0.000000 0.565971 1.000000 1.000000 1.000000
6046.253418 0.000000 4133.304199 0.000000 0.968413 0.000000 -0.249353 1.000000 1.000000 1.000000
6050.708984 0.000000 4141.646484 0.000000 0.179188 0.000000 0.983815 1.000000 1.000000 1.000000
6023.225098 0.000000 4130.252930 0.000000 0.336972 0.000000 0.941515 1.000000 1.000000 1.000000
6048.477539 0.000000 4134.639648 0.000000 0.987075 0.000000 -0.160258 1.000000 1.000000 1.000000
6021.790527 0.000000 4132.509766 0.000000 0.978083 0.000000 0.208215 1.000000 1.000000 1.000000
6028.983398 0.000000 4110.790527 0.000000 0.978849 0.000000 -0.204583 1.000000 1.000000 1.000000
6113.044922 0.000000 4150.072754 0.000000 0.571927 0.000000 0.820304 1.000000 1.000000 1.000000
6113.194336 0.000000 4155.559082 0.000000 0.984303 0.000000 0.176487 1.000000 1.000000 1.000000
6113.640625 0.000000 4144.143066 0.000000 0.738668 0.000000 0.674070 1.000000 1.000000 1.000000
6115.134277 0.000000 4147.286621 0.000000 0.963198 0.000000 -0.268794 1.000000 1.000000 1.000000
6106.248047 0.000000 4136.603027 0.000000 0.968984 0.000000 -0.247125 1.000000 1.000000 1.000000
6036.231934 0.000000 4200.909180 0.000000 0.852148 0.000000 0.523301 1.000000 1.000000 1.000000
6070.033691 0.000000 4203.885742 0.000000 0.247545 0.000000 0.968876 1.000000 1.000000 1.000000
6074.020020 0.000000 4179.197754 0.000000 0.222889 0.000000 0.974844 1.000000 1.000000 1.000000
6037.818848 0.000000 4198.053223 0.000000 0.680555 0.000000 0.732697 1.000000 1.000000 1.000000
6134.167969 0.000000 4169.266602 0.000000 0.998600 0.000000 -0.052887 1.000000 1.000000 1.000000
6129.116211 0.000000 4175.674805 0.000000 0.978342 0.000000 0.206996 1.000000 1.000000 1.000000
6125.126953 0.000000 4197.833496 0.000000 0.874964 0.000000 0.484188 1.000000 1.000000 1.000000
6121.233887 0.000000 4196.420410 0.000000 0.752671 0.000000 0.658397 1.000000 1.000000 1.000000
6130.041992 0.000000 4173.202637 0.000000 0.021066 0.000000 0.999778 1.000000 1.000000 1.000000
6015.565430 0.000000 4208.609375 0.000000 0.424107 0.000000 0.905612 1.000000 1.000000 1.000000
6068.912109 0.000000 4207.826172 0.000000 0.723633 0.000000 0.690185 1.000000 1.000000 1.000000
6076.499512 0.000000 4222.152832 0.000000 0.711119 0.000000 0.703072 1.000000 1.000000 1.000000
6019.041504 0.000000 4215.534180 0.000000 0.923074 0.000000 0.384622 1.000000 1.000000 1.000000
6065.392090 0.000000 4204.710938 0.000000 0.847312 0.000000 0.531095 1.000000 1.000000 1.000000
6016.253418 0.000000 4212.639648 0.000000 0.820656 0.000000 -0.571423 1.000000 1.000000 1.000000
6066.528809 0.000000 4210.479004 0.000000 0.754546 0.000000 0.656247 1.000000 1.000000 1.000000
6317.812988 0.000000 3758.392822 0.000000 0.742907 0.000000 0.669394 1.000000 1.000000 1.000000
6313.890137 0.000000 3762.602539 0.000000 0.897304 0.000000 -0.441413 1.000000 1.000000 1.000000
6326.002441 0.000000 3778.705811 0.000000 0.822384 0.000000 0.568933 1.000000 1.000000 1.000000
6310.349121 0.000000 3764.266357 0.000000 0.893269 0.000000 -0.449522 1.000000 1.000000 1.000000
6314.097168 0.000000 3759.116211 0.000000 0.997721 0.000000 -0.067469 1.000000 1.000000 1.000000
6316.355469 0.000000 3761.181641 0.000000 0.965320 0.000000 -0.261068 1.000000 1.000000 1.000000
6364.463867 0.000000 3764.960693 0.000000 0.882960 0.000000 0.469448 1.000000 1.000000 1.000000
6369.609375 0.000000 3766.205566 0.000000 0.961397 0.000000 0.275166 1.000000 1.000000 1.000000
6366.751465 0.000000 3766.870117 0.000000 0.043598 0.000000 0.999049 1.000000 1.000000 1.000000
7358.312012 0.000000 3041.762695 0.000000 0.327200 0.000000 0.944955 1.000000 1.000000 1.000000
7359.185059 0.000000 3043.608887 0.000000 0.623765 0.000000 0.781612 1.000000 1.000000 1.000000
7384.336914 0.000000 3059.676758 0.000000 0.945391 0.000000 -0.325938 1.000000 1.000000 1.000000
7386.422852 0.000000 3056.923096 0.000000 0.718969 0.000000 0.695043 1.000000 1.000000 1.000000
7350.019531 0.000000 3082.695801 0.000000 0.934063 0.000000 0.357109 1.000000 1.000000 1.000000
7388.520508 0.000000 3072.210938 0.000000 0.448849 0.000000 0.893608 1.000000 1.000000 1.000000
7376.167969 0.000000 3156.345947 0.000000 0.993062 0.000000 0.117591 1.000000 1.000000 1.000000
7372.916992 0.000000 3164.915283 0.000000 0.977957 0.000000 -0.208806 1.000000 1.000000 1.000000
7384.958984 0.000000 3118.086426 0.000000 0.983930 0.000000 0.178554 1.000000 1.000000 1.000000
7413.504883 0.000000 3127.595947 0.000000 0.989316 0.000000 -0.145786 1.000000 1.000000 1.000000
7378.278809 0.000000 3155.664795 0.000000 0.990348 0.000000 0.138607 1.000000 1.000000 1.000000
7409.521484 0.000000 3125.822510 0.000000 0.547979 0.000000 0.836492 1.000000 1.000000 1.000000
7412.519531 0.000000 3125.871338 0.000000 0.455292 0.000000 0.890342 1.000000 1.000000 1.000000
7371.634766 0.000000 3163.678711 0.000000 0.625768 0.000000 0.780009 1.000000 1.000000 1.000000
7406.740234 0.000000 3176.629639 0.000000 0.990616 0.000000 0.136672 1.000000 1.000000 1.000000
7415.238281 0.000000 3167.688232 0.000000 0.983616 0.000000 0.180279 1.000000 1.000000 1.000000
7408.516602 0.000000 3171.307617 0.000000 0.604411 0.000000 0.796673 1.000000 1.000000 1.000000
7435.513672 0.000000 3038.430664 0.000000 0.891115 0.000000 0.453778 1.000000 1.000000 1.000000
7434.940918 0.000000 3074.487305 0.000000 0.308007 0.000000 0.951384 1.000000 1.000000 1.000000
7436.275879 0.000000 3162.079590 0.000000 0.146508 0.000000 0.989210 1.000000 1.000000 1.000000
7438.578613 0.000000 3162.801758 0.000000 0.887919 0.000000 -0.459999 1.000000 1.000000 1.000000
7438.973145 0.000000 3164.841064 0.000000 0.968105 0.000000 0.250545 1.000000 1.000000 1.000000
7434.534668 0.000000 3175.927979 0.000000 0.969100 0.000000 0.246670 1.000000 1.000000 1.000000
7437.890137 0.000000 3174.512939 0.000000 0.995020 0.000000 0.099678 1.000000 1.000000 1.000000
7438.270020 0.000000 3188.811279 0.000000 0.552830 0.000000 0.833294 1.000000 1.000000 1.000000
7440.888672 0.000000 3188.802490 0.000000 0.638480 0.000000 0.769638 1.000000 1.000000 1.000000
7436.352539 0.000000 3175.602295 0.000000 0.881378 0.000000 -0.472412 1.000000 1.000000 1.000000
7396.090332 0.000000 3241.697266 0.000000 0.994712 0.000000 0.102704 1.000000 1.000000 1.000000
7397.134766 0.000000 3223.492676 0.000000 0.826260 0.000000 0.563289 1.000000 1.000000 1.000000
6266.299316 0.000000 3825.253174 0.000000 0.112552 0.000000 0.993646 1.000000 1.000000 1.000000
6235.413086 0.000000 3824.083984 0.000000 0.865724 0.000000 -0.500521 1.000000 1.000000 1.000000
6268.620605 0.000000 3826.820068 0.000000 0.845635 0.000000 0.533762 1.000000 1.000000 1.000000
6220.424316 0.000000 3870.712402 0.000000 0.569987 0.000000 0.821654 1.000000 1.000000 1.000000
6255.632812 0.000000 3835.096680 0.000000 0.239134 0.000000 0.970987 1.000000 1.000000 1.000000
6235.510254 0.000000 3826.737305 0.000000 0.674661 0.000000 0.738127 1.000000 1.000000 1.000000
6224.779297 0.000000 3838.405029 0.000000 0.987901 0.000000 0.155086 1.000000 1.000000 1.000000
6255.606445 0.000000 3830.811523 0.000000 0.764274 0.000000 0.644892 1.000000 1.000000 1.000000
6272.432617 0.000000 3826.325684 0.000000 0.995124 0.000000 0.098630 1.000000 1.000000 1.000000
6332.612793 0.000000 3779.577881 0.000000 0.938367 0.000000 0.345641 1.000000 1.000000 1.000000
6291.494141 0.000000 3779.489990 0.000000 0.951877 0.000000 -0.306480 1.000000 1.000000 1.000000
6300.471680 0.000000 3812.202881 0.000000 0.003420 0.000000 0.999994 1.000000 1.000000 1.000000
6301.369629 0.000000 3816.685303 0.000000 0.999843 0.000000 -0.017742 1.000000 1.000000 1.000000
6291.670898 0.000000 3783.260254 0.000000 0.853139 0.000000 0.521684 1.000000 1.000000 1.000000
6307.124023 0.000000 3821.905029 0.000000 0.776711 0.000000 0.629857 1.000000 1.000000 1.000000
6304.325684 0.000000 3816.667969 0.000000 0.108985 0.000000 0.994043 1.000000 1.000000 1.000000
6390.349121 0.000000 3804.472168 0.000000 0.957997 0.000000 0.286777 1.000000 1.000000 1.000000
6358.502930 0.000000 3791.240723 0.000000 0.967142 0.000000 0.254236 1.000000 1.000000 1.000000
6360.994629 0.000000 3784.937500 0.000000 0.168018 0.000000 0.985784 1.000000 1.000000 1.000000
6360.904297 0.000000 3817.895996 0.000000 0.613564 0.000000 0.789645 1.000000 1.000000 1.000000
6364.902832 0.000000 3789.214600 0.000000 0.920374 0.000000 -0.391039 1.000000 1.000000 1.000000
6369.609375 0.000000 3813.447754 0.000000 0.624396 0.000000 0.781108 1.000000 1.000000 1.000000
6362.798828 0.000000 3815.095459 0.000000 0.247334 0.000000 0.968930 1.000000 1.000000 1.000000
6366.751465 0.000000 3814.112305 0.000000 0.879288 0.000000 -0.476291 1.000000 1.000000 1.000000
6387.802246 0.000000 3804.821289 0.000000 0.664526 0.000000 0.747265 1.000000 1.000000 1.000000
6292.200684 0.000000 3870.213623 0.000000 0.704727 0.000000 0.709479 1.000000 1.000000 1.000000
6271.534180 0.000000 3830.671631 0.000000 0.995725 0.000000 -0.092371 1.000000 1.000000 1.000000
6312.665527 0.000000 3870.194336 0.000000 0.989267 0.000000 -0.146118 1.000000 1.000000 1.000000
6317.103516 0.000000 3867.137695 0.000000 0.679664 0.000000 0.733524 1.000000 1.000000 1.000000
6292.565430 0.000000 3834.275391 0.000000 0.617230 0.000000 0.786783 1.000000 1.000000 1.000000
6335.526367 0.000000 3830.671631 0.000000 0.885022 0.000000 -0.465549 1.000000 1.000000 1.000000
6356.421875 0.000000 3859.491943 0.000000 0.884988 0.000000 0.465614 1.000000 1.000000 1.000000
6376.050781 0.000000 3836.019531 0.000000 0.330557 0.000000 0.943786 1.000000 1.000000 1.000000
6339.002441 0.000000 3837.596436 0.000000 0.523542 0.000000 0.852000 1.000000 1.000000 1.000000
6350.006348 0.000000 3857.890381 0.000000 0.999637 0.000000 -0.026951 1.000000 1.000000 1.000000
6347.268555 0.000000 3832.921875 0.000000 0.919098 0.000000 0.394028 1.000000 1.000000 1.000000
6336.214355 0.000000 3834.701660 0.000000 0.506078 0.000000 0.862488 1.000000 1.000000 1.000000
6353.225586 0.000000 3857.877930 0.000000 0.965497 0.000000 0.260416 1.000000 1.000000 1.000000
6378.348145 0.000000 3834.783691 0.000000 0.725193 0.000000 0.688546 1.000000 1.000000 1.000000
6175.564941 0.000000 3878.340820 0.000000 0.850096 0.000000 -0.526628 1.000000 1.000000 1.000000
6148.930664 0.000000 3898.670410 0.000000 0.999059 0.000000 0.043372 1.000000 1.000000 1.000000
6158.029785 0.000000 3905.132568 0.000000 0.506373 0.000000 0.862314 1.000000 1.000000 1.000000
6171.518066 0.000000 3873.979492 0.000000 0.992639 0.000000 0.121114 1.000000 1.000000 1.000000
6152.450195 0.000000 3896.335693 0.000000 0.890320 0.000000 -0.455336 1.000000 1.000000 1.000000
6159.431152 0.000000 3902.232422 0.000000 0.999984 0.000000 -0.005632 1.000000 1.000000 1.000000
6268.620605 0.000000 3874.062256 0.000000 0.948007 0.000000 -0.318249 1.000000 1.000000 1.000000
6227.501953 0.000000 3873.974365 0.000000 0.099649 0.000000 0.995023 1.000000 1.000000 1.000000
6236.571777 0.000000 3880.025391 0.000000 0.665270 0.000000 0.746603 1.000000 1.000000 1.000000
6201.085449 0.000000 3937.507568 0.000000 0.984369 0.000000 -0.176116 1.000000 1.000000 1.000000
6268.476074 0.000000 3938.699463 0.000000 0.981123 0.000000 0.193387 1.000000 1.000000 1.000000
6255.632812 0.000000 3929.581055 0.000000 0.248653 0.000000 0.968593 1.000000 1.000000 1.000000
6235.413086 0.000000 3965.810547 0.000000 0.108903 0.000000 0.994052 1.000000 1.000000 1.000000
6271.015137 0.000000 3933.428223 0.000000 0.674242 0.000000 0.738510 1.000000 1.000000 1.000000
6219.780273 0.000000 3949.275146 0.000000 0.826687 0.000000 0.562663 1.000000 1.000000 1.000000
6316.902344 0.000000 3874.732422 0.000000 0.572418 0.000000 0.819962 1.000000 1.000000 1.000000
6313.370605 0.000000 3876.146729 0.000000 0.824496 0.000000 -0.565868 1.000000 1.000000 1.000000
6282.675293 0.000000 3931.802979 0.000000 0.966171 0.000000 -0.257903 1.000000 1.000000 1.000000
6276.453125 0.000000 3941.454102 0.000000 0.989778 0.000000 -0.142619 1.000000 1.000000 1.000000
6279.693359 0.000000 3929.639648 0.000000 0.339400 0.000000 0.940642 1.000000 1.000000 1.000000
6400.416992 0.000000 3826.325684 0.000000 0.991971 0.000000 0.126462 1.000000 1.000000 1.000000
6180.238770 0.000000 3997.572266 0.000000 0.704351 0.000000 0.709852 1.000000 1.000000 1.000000
6184.074219 0.000000 3977.746094 0.000000 0.350075 0.000000 0.936722 1.000000 1.000000 1.000000
6184.681152 0.000000 4011.920898 0.000000 0.855710 0.000000 0.517455 1.000000 1.000000 1.000000
6168.927734 0.000000 4006.864746 0.000000 0.999287 0.000000 -0.037756 1.000000 1.000000 1.000000
6193.422363 0.000000 3981.323486 0.000000 0.650104 0.000000 0.759845 1.000000 1.000000 1.000000
6202.476074 0.000000 3981.542236 0.000000 0.299724 0.000000 0.954026 1.000000 1.000000 1.000000
6143.253418 0.000000 4010.712891 0.000000 0.489283 0.000000 0.872125 1.000000 1.000000 1.000000
6198.018066 0.000000 4014.916748 0.000000 0.825266 0.000000 0.564744 1.000000 1.000000 1.000000
6153.042969 0.000000 4014.083496 0.000000 0.769666 0.000000 0.638447 1.000000 1.000000 1.000000
6205.911621 0.000000 3988.934814 0.000000 0.840114 0.000000 0.542410 1.000000 1.000000 1.000000
6147.374512 0.000000 4013.780762 0.000000 0.818524 0.000000 0.574473 1.000000 1.000000 1.000000
6170.615723 0.000000 4009.327637 0.000000 0.380865 0.000000 0.924630 1.000000 1.000000 1.000000
6198.234863 0.000000 4002.062744 0.000000 0.078283 0.000000 0.996931 1.000000 1.000000 1.000000
6206.680176 0.000000 3984.652588 0.000000 0.651228 0.000000 0.758883 1.000000 1.000000 1.000000
6262.152344 0.000000 3980.297363 0.000000 0.999778 0.000000 -0.021070 1.000000 1.000000 1.000000
6239.557129 0.000000 3972.825195 0.000000 0.868594 0.000000 -0.495524 1.000000 1.000000 1.000000
6208.440430 0.000000 4015.294434 0.000000 0.728813 0.000000 0.684713 1.000000 1.000000 1.000000
6212.922852 0.000000 3993.154785 0.000000 0.098793 0.000000 0.995108 1.000000 1.000000 1.000000
6220.424316 0.000000 4012.438965 0.000000 0.986472 0.000000 -0.163931 1.000000 1.000000 1.000000
6266.468262 0.000000 3981.542236 0.000000 0.190040 0.000000 0.981776 1.000000 1.000000 1.000000
6231.463867 0.000000 4014.529053 0.000000 0.899943 0.000000 0.436009 1.000000 1.000000 1.000000
6214.859375 0.000000 4003.413818 0.000000 0.176102 0.000000 0.984372 1.000000 1.000000 1.000000
6215.701172 0.000000 3976.881836 0.000000 0.740350 0.000000 0.672221 1.000000 1.000000 1.000000
6213.798828 0.000000 3995.744873 0.000000 0.976113 0.000000 0.217266 1.000000 1.000000 1.000000
6209.603027 0.000000 3983.750244 0.000000 0.598307 0.000000 0.801267 1.000000 1.000000 1.000000
6207.325684 0.000000 3988.452637 0.000000 0.978012 0.000000 -0.208551 1.000000 1.000000 1.000000
6209.744629 0.000000 3999.466064 0.000000 0.689743 0.000000 0.724054 1.000000 1.000000 1.000000
6213.769531 0.000000 4001.429199 0.000000 0.986379 0.000000 0.164489 1.000000 1.000000 1.000000
6211.460449 0.000000 3994.906982 0.000000 0.565972 0.000000 0.824425 1.000000 1.000000 1.000000
6213.456055 0.000000 3997.936279 0.000000 0.839134 0.000000 0.543925 1.000000 1.000000 1.000000
6214.278809 0.000000 3982.437988 0.000000 0.235907 0.000000 0.971776 1.000000 1.000000 1.000000
6207.646973 0.000000 3984.332520 0.000000 0.393613 0.000000 0.919276 1.000000 1.000000 1.000000
6199.435547 0.000000 4051.779053 0.000000 0.785232 0.000000 0.619202 1.000000 1.000000 1.000000
6154.692383 0.000000 4017.281738 0.000000 0.384928 0.000000 0.922947 1.000000 1.000000 1.000000
6146.186523 0.000000 4054.656250 0.000000 0.838999 0.000000 -0.544133 1.000000 1.000000 1.000000
6203.732422 0.000000 4023.478027 0.000000 0.885234 0.000000 0.465145 1.000000 1.000000 1.000000
6171.518066 0.000000 4015.706055 0.000000 0.958088 0.000000 -0.286474 1.000000 1.000000 1.000000
6181.486328 0.000000 4029.895020 0.000000 0.127044 0.000000 0.991897 1.000000 1.000000 1.000000
6147.288574 0.000000 4049.832520 0.000000 0.886104 0.000000 -0.463487 1.000000 1.000000 1.000000
6193.793945 0.000000 4042.827393 0.000000 0.692241 0.000000 0.721666 1.000000 1.000000 1.000000
6201.085449 0.000000 4031.991943 0.000000 0.210250 0.000000 0.977648 1.000000 1.000000 1.000000
6181.696289 0.000000 4037.393799 0.000000 0.745093 0.000000 0.666960 1.000000 1.000000 1.000000
6205.911621 0.000000 4036.177002 0.000000 0.682565 0.000000 0.730825 1.000000 1.000000 1.000000
6183.213379 0.000000 4043.734131 0.000000 0.819348 0.000000 0.573297 1.000000 1.000000 1.000000
6144.524902 0.000000 4048.751465 0.000000 0.472522 0.000000 0.881319 1.000000 1.000000 1.000000
6196.129883 0.000000 4016.127197 0.000000 0.172802 0.000000 0.984957 1.000000 1.000000 1.000000
6144.943359 0.000000 4059.964844 0.000000 0.976039 0.000000 -0.217597 1.000000 1.000000 1.000000
6201.366699 0.000000 4022.131836 0.000000 0.650249 0.000000 0.759721 1.000000 1.000000 1.000000
6198.929199 0.000000 4020.432861 0.000000 0.510763 0.000000 0.859722 1.000000 1.000000 1.000000
6207.611328 0.000000 4045.943359 0.000000 0.474600 0.000000 0.880201 1.000000 1.000000 1.000000
6228.437500 0.000000 4048.460693 0.000000 0.306555 0.000000 0.951853 1.000000 1.000000 1.000000
6240.997559 0.000000 4015.866943 0.000000 0.922288 0.000000 0.386503 1.000000 1.000000 1.000000
6208.413574 0.000000 4042.403076 0.000000 0.994517 0.000000 0.104571 1.000000 1.000000 1.000000
6211.366699 0.000000 4061.022949 0.000000 0.181963 0.000000 0.983305 1.000000 1.000000 1.000000
6213.798828 0.000000 4042.987061 0.000000 0.962988 0.000000 -0.269544 1.000000 1.000000 1.000000
6276.915039 0.000000 3993.154785 0.000000 0.321990 0.000000 0.946743 1.000000 1.000000 1.000000
6277.791016 0.000000 3995.744873 0.000000 0.700592 0.000000 0.713563 1.000000 1.000000 1.000000
6181.696289 0.000000 4084.635986 0.000000 0.484288 0.000000 0.874909 1.000000 1.000000 1.000000
6195.825684 0.000000 4088.274414 0.000000 0.285200 0.000000 0.958468 1.000000 1.000000 1.000000
6202.307129 0.000000 4155.948730 0.000000 0.034466 0.000000 0.999406 1.000000 1.000000 1.000000
6164.445312 0.000000 4142.945312 0.000000 0.851486 0.000000 -0.524378 1.000000 1.000000 1.000000
6174.994141 0.000000 4136.852539 0.000000 0.282853 0.000000 0.959163 1.000000 1.000000 1.000000
6198.018066 0.000000 4156.643555 0.000000 0.832712 0.000000 0.553706 1.000000 1.000000 1.000000
6175.885254 0.000000 4140.747559 0.000000 0.928306 0.000000 -0.371817 1.000000 1.000000 1.000000
6172.241699 0.000000 4139.018066 0.000000 0.851204 0.000000 0.524834 1.000000 1.000000 1.000000
6177.480957 0.000000 4138.458008 0.000000 0.922971 0.000000 -0.384869 1.000000 1.000000 1.000000
6175.564941 0.000000 4161.793945 0.000000 0.558350 0.000000 0.829605 1.000000 1.000000 1.000000
6204.628418 0.000000 4157.515625 0.000000 0.952973 0.000000 0.303054 1.000000 1.000000 1.000000
6146.186523 0.000000 4196.383301 0.000000 0.998099 0.000000 -0.061625 1.000000 1.000000 1.000000
6151.106445 0.000000 4188.297363 0.000000 0.888827 0.000000 0.458244 1.000000 1.000000 1.000000
6201.597656 0.000000 4160.952637 0.000000 0.909778 0.000000 0.415095 1.000000 1.000000 1.000000
6156.579590 0.000000 4197.176270 0.000000 0.693468 0.000000 0.720487 1.000000 1.000000 1.000000
6148.809570 0.000000 4166.033691 0.000000 0.321278 0.000000 0.946985 1.000000 1.000000 1.000000
6154.212891 0.000000 4187.749512 0.000000 0.986293 0.000000 0.165003 1.000000 1.000000 1.000000
"}
object={
	name="tree_cedar_generator_1_1"
	render_pass=Map
	clamp_to_water_level=no
	generated_content=yes
	layer="tree_high_layer"
	pdxmesh="tree_cedar_02_mesh"
	count=281
	transform="2925.642578 0.000000 271.235718 0.000000 0.500770 0.000000 -0.865580 1.000000 1.000000 1.000000
2926.226562 0.000000 262.470612 0.000000 0.670792 0.000000 -0.741645 1.000000 1.000000 1.000000
2980.629150 0.000000 312.681488 0.000000 0.663489 0.000000 -0.748186 1.000000 1.000000 1.000000
2976.131348 0.000000 298.213745 0.000000 0.669640 0.000000 -0.742686 1.000000 1.000000 1.000000
3068.114990 0.000000 433.071625 0.000000 0.536220 0.000000 -0.844078 1.000000 1.000000 1.000000
3165.915039 0.000000 255.896637 0.000000 0.757451 0.000000 -0.652892 1.000000 1.000000 1.000000
3158.807129 0.000000 303.349457 0.000000 0.586750 0.000000 -0.809768 1.000000 1.000000 1.000000
3263.625244 0.000000 375.998779 0.000000 0.786362 0.000000 -0.617766 1.000000 1.000000 1.000000
3125.271484 0.000000 428.450897 0.000000 0.788050 0.000000 -0.615611 1.000000 1.000000 1.000000
3147.057617 0.000000 435.880920 0.000000 0.684520 0.000000 -0.728994 1.000000 1.000000 1.000000
3146.428955 0.000000 462.066315 0.000000 0.740177 0.000000 -0.672412 1.000000 1.000000 1.000000
3301.520508 0.000000 404.498474 0.000000 0.536886 0.000000 -0.843655 1.000000 1.000000 1.000000
3272.570801 0.000000 413.813293 0.000000 0.693138 0.000000 -0.720805 1.000000 1.000000 1.000000
3152.217041 0.000000 489.547180 0.000000 0.800544 0.000000 -0.599274 1.000000 1.000000 1.000000
3233.396240 0.000000 512.423950 0.000000 0.525839 0.000000 -0.850584 1.000000 1.000000 1.000000
3266.537842 0.000000 511.492065 0.000000 0.558863 0.000000 -0.829260 1.000000 1.000000 1.000000
3278.381104 0.000000 503.694885 0.000000 0.804816 0.000000 -0.593525 1.000000 1.000000 1.000000
3211.051270 0.000000 521.359680 0.000000 0.751000 0.000000 -0.660303 1.000000 1.000000 1.000000
3263.900879 0.000000 523.718323 0.000000 0.755185 0.000000 -0.655511 1.000000 1.000000 1.000000
3337.386719 0.000000 423.676941 0.000000 0.746355 0.000000 -0.665549 1.000000 1.000000 1.000000
3343.567627 0.000000 426.906921 0.000000 0.556956 0.000000 -0.830542 1.000000 1.000000 1.000000
3575.865234 0.000000 692.856018 0.000000 0.783744 0.000000 -0.621084 1.000000 1.000000 1.000000
3574.554932 0.000000 695.109497 0.000000 0.592465 0.000000 -0.805596 1.000000 1.000000 1.000000
3782.853027 0.000000 559.278503 0.000000 0.647473 0.000000 -0.762088 1.000000 1.000000 1.000000
3924.489746 0.000000 563.260315 0.000000 0.626249 0.000000 -0.779623 1.000000 1.000000 1.000000
3599.536377 0.000000 663.117920 0.000000 0.729561 0.000000 -0.683916 1.000000 1.000000 1.000000
3597.377441 0.000000 708.321289 0.000000 0.505384 0.000000 -0.862895 1.000000 1.000000 1.000000
3935.267578 0.000000 593.688110 0.000000 0.684044 0.000000 -0.729441 1.000000 1.000000 1.000000
3903.051270 0.000000 649.399780 0.000000 0.621317 0.000000 -0.783559 1.000000 1.000000 1.000000
1772.423828 0.000000 2245.997314 0.000000 0.806237 0.000000 -0.591592 1.000000 1.000000 1.000000
1686.242065 0.000000 2277.280029 0.000000 0.554029 0.000000 -0.832497 1.000000 1.000000 1.000000
3580.948486 0.000000 2173.343506 0.000000 0.723117 0.000000 -0.690726 1.000000 1.000000 1.000000
3570.487549 0.000000 2211.592773 0.000000 0.643056 0.000000 -0.765819 1.000000 1.000000 1.000000
3511.478271 0.000000 2235.028809 0.000000 0.603327 0.000000 -0.797494 1.000000 1.000000 1.000000
3523.794189 0.000000 2249.116455 0.000000 0.593122 0.000000 -0.805112 1.000000 1.000000 1.000000
3520.741455 0.000000 2247.199951 0.000000 0.663958 0.000000 -0.747770 1.000000 1.000000 1.000000
3535.946777 0.000000 2250.704346 0.000000 0.738885 0.000000 -0.673831 1.000000 1.000000 1.000000
3617.926758 0.000000 1940.943970 0.000000 0.582310 0.000000 -0.812967 1.000000 1.000000 1.000000
3637.915039 0.000000 1972.472534 0.000000 0.780785 0.000000 -0.624800 1.000000 1.000000 1.000000
3900.764648 0.000000 2049.011719 0.000000 0.719479 0.000000 -0.694514 1.000000 1.000000 1.000000
3904.600342 0.000000 2032.313599 0.000000 0.505284 0.000000 -0.862953 1.000000 1.000000 1.000000
3593.668945 0.000000 2167.676270 0.000000 0.788953 0.000000 -0.614453 1.000000 1.000000 1.000000
3602.638672 0.000000 2152.575928 0.000000 0.544893 0.000000 -0.838506 1.000000 1.000000 1.000000
3603.881104 0.000000 2159.697754 0.000000 0.711592 0.000000 -0.702593 1.000000 1.000000 1.000000
3709.629150 0.000000 2130.056885 0.000000 0.643206 0.000000 -0.765693 1.000000 1.000000 1.000000
3685.473633 0.000000 2152.459717 0.000000 0.753227 0.000000 -0.657760 1.000000 1.000000 1.000000
3732.741943 0.000000 2111.531006 0.000000 0.692433 0.000000 -0.721482 1.000000 1.000000 1.000000
3721.662354 0.000000 2117.905029 0.000000 0.703048 0.000000 -0.711142 1.000000 1.000000 1.000000
3727.847412 0.000000 2114.955811 0.000000 0.608945 0.000000 -0.793212 1.000000 1.000000 1.000000
3770.274170 0.000000 2157.828613 0.000000 0.684793 0.000000 -0.728738 1.000000 1.000000 1.000000
3772.275391 0.000000 2158.391602 0.000000 0.664036 0.000000 -0.747700 1.000000 1.000000 1.000000
3766.558350 0.000000 2169.295898 0.000000 0.597756 0.000000 -0.801678 1.000000 1.000000 1.000000
3793.075928 0.000000 2137.686279 0.000000 0.601147 0.000000 -0.799139 1.000000 1.000000 1.000000
3787.958984 0.000000 2140.829102 0.000000 0.798163 0.000000 -0.602441 1.000000 1.000000 1.000000
3784.892090 0.000000 2152.845703 0.000000 0.661302 0.000000 -0.750120 1.000000 1.000000 1.000000
3780.471924 0.000000 2172.813721 0.000000 0.536304 0.000000 -0.844025 1.000000 1.000000 1.000000
3583.565674 0.000000 2215.509766 0.000000 0.807427 0.000000 -0.589968 1.000000 1.000000 1.000000
3528.525879 0.000000 2332.580566 0.000000 0.688489 0.000000 -0.725247 1.000000 1.000000 1.000000
3543.490234 0.000000 2336.123779 0.000000 0.589338 0.000000 -0.807886 1.000000 1.000000 1.000000
3545.259521 0.000000 2339.936768 0.000000 0.617392 0.000000 -0.786655 1.000000 1.000000 1.000000
3580.803711 0.000000 2379.707275 0.000000 0.622764 0.000000 -0.782410 1.000000 1.000000 1.000000
3582.967529 0.000000 2367.313965 0.000000 0.803006 0.000000 -0.595971 1.000000 1.000000 1.000000
3458.123535 0.000000 2520.906250 0.000000 0.581263 0.000000 -0.813716 1.000000 1.000000 1.000000
3408.407959 0.000000 2557.303223 0.000000 0.688230 0.000000 -0.725493 1.000000 1.000000 1.000000
3402.331055 0.000000 2556.492188 0.000000 0.745906 0.000000 -0.666052 1.000000 1.000000 1.000000
3339.034180 0.000000 2609.021729 0.000000 0.600823 0.000000 -0.799382 1.000000 1.000000 1.000000
3419.756836 0.000000 2643.029297 0.000000 0.578937 0.000000 -0.815373 1.000000 1.000000 1.000000
3585.955566 0.000000 2366.230957 0.000000 0.528331 0.000000 -0.849038 1.000000 1.000000 1.000000
3646.991943 0.000000 2495.288330 0.000000 0.573833 0.000000 -0.818972 1.000000 1.000000 1.000000
3679.258301 0.000000 2493.018555 0.000000 0.579629 0.000000 -0.814881 1.000000 1.000000 1.000000
3417.985107 0.000000 2652.785889 0.000000 0.780463 0.000000 -0.625202 1.000000 1.000000 1.000000
4302.256348 0.000000 692.663696 0.000000 0.604438 0.000000 -0.796652 1.000000 1.000000 1.000000
4299.912598 0.000000 673.588257 0.000000 0.656472 0.000000 -0.754351 1.000000 1.000000 1.000000
4416.659180 0.000000 661.098877 0.000000 0.594664 0.000000 -0.803974 1.000000 1.000000 1.000000
4465.704590 0.000000 705.427246 0.000000 0.680059 0.000000 -0.733157 1.000000 1.000000 1.000000
4424.416992 0.000000 820.830383 0.000000 0.551402 0.000000 -0.834240 1.000000 1.000000 1.000000
4157.983398 0.000000 1488.494263 0.000000 0.597262 0.000000 -0.802046 1.000000 1.000000 1.000000
6104.406250 0.000000 2141.977051 0.000000 0.521717 0.000000 -0.853119 1.000000 1.000000 1.000000
5794.433594 0.000000 2419.042725 0.000000 0.634113 0.000000 -0.773241 1.000000 1.000000 1.000000
5775.637695 0.000000 2430.986328 0.000000 0.544772 0.000000 -0.838584 1.000000 1.000000 1.000000
5791.673340 0.000000 2420.979248 0.000000 0.739088 0.000000 -0.673609 1.000000 1.000000 1.000000
6130.520996 0.000000 2273.549072 0.000000 0.605895 0.000000 -0.795544 1.000000 1.000000 1.000000
5734.017578 0.000000 2457.481201 0.000000 0.608250 0.000000 -0.793745 1.000000 1.000000 1.000000
5775.637695 0.000000 2478.228516 0.000000 0.564900 0.000000 -0.825159 1.000000 1.000000 1.000000
5629.400391 0.000000 2878.114746 0.000000 0.560291 0.000000 -0.828296 1.000000 1.000000 1.000000
6282.676758 0.000000 1891.383179 0.000000 0.780518 0.000000 -0.625133 1.000000 1.000000 1.000000
6192.301758 0.000000 2027.149902 0.000000 0.539197 0.000000 -0.842180 1.000000 1.000000 1.000000
6190.491211 0.000000 2025.432861 0.000000 0.536148 0.000000 -0.844124 1.000000 1.000000 1.000000
6161.217773 0.000000 2040.356689 0.000000 0.622759 0.000000 -0.782414 1.000000 1.000000 1.000000
6185.515625 0.000000 2035.868530 0.000000 0.633445 0.000000 -0.773788 1.000000 1.000000 1.000000
6314.955566 0.000000 2100.739502 0.000000 0.769804 0.000000 -0.638281 1.000000 1.000000 1.000000
6318.457031 0.000000 2139.377930 0.000000 0.535524 0.000000 -0.844520 1.000000 1.000000 1.000000
6335.631348 0.000000 2141.887207 0.000000 0.803091 0.000000 -0.595857 1.000000 1.000000 1.000000
6231.877930 0.000000 2243.929199 0.000000 0.514850 0.000000 -0.857280 1.000000 1.000000 1.000000
6228.524902 0.000000 2232.917236 0.000000 0.747373 0.000000 -0.664405 1.000000 1.000000 1.000000
6284.952148 0.000000 2173.860840 0.000000 0.711454 0.000000 -0.702732 1.000000 1.000000 1.000000
6272.405762 0.000000 2247.199951 0.000000 0.598378 0.000000 -0.801214 1.000000 1.000000 1.000000
6913.654785 0.000000 2410.680176 0.000000 0.767272 0.000000 -0.641321 1.000000 1.000000 1.000000
6991.449219 0.000000 2445.651123 0.000000 0.690268 0.000000 -0.723553 1.000000 1.000000 1.000000
6985.942871 0.000000 2423.788574 0.000000 0.555651 0.000000 -0.831415 1.000000 1.000000 1.000000
7129.225098 0.000000 2374.126221 0.000000 0.772504 0.000000 -0.635010 1.000000 1.000000 1.000000
7142.219727 0.000000 2406.419678 0.000000 0.784331 0.000000 -0.620342 1.000000 1.000000 1.000000
7117.929199 0.000000 2418.637939 0.000000 0.809839 0.000000 -0.586652 1.000000 1.000000 1.000000
7150.355469 0.000000 2422.831055 0.000000 0.625408 0.000000 -0.780298 1.000000 1.000000 1.000000
7149.103516 0.000000 2434.215576 0.000000 0.526222 0.000000 -0.850347 1.000000 1.000000 1.000000
7116.383301 0.000000 2416.272705 0.000000 0.767712 0.000000 -0.640795 1.000000 1.000000 1.000000
6942.536621 0.000000 2462.909912 0.000000 0.669076 0.000000 -0.743194 1.000000 1.000000 1.000000
7097.758301 0.000000 2493.184326 0.000000 0.545305 0.000000 -0.838238 1.000000 1.000000 1.000000
7088.097168 0.000000 2481.940674 0.000000 0.766792 0.000000 -0.641895 1.000000 1.000000 1.000000
7161.039062 0.000000 2480.910889 0.000000 0.757907 0.000000 -0.652362 1.000000 1.000000 1.000000
6951.271973 0.000000 2628.517090 0.000000 0.571561 0.000000 -0.820560 1.000000 1.000000 1.000000
6955.569824 0.000000 2628.918945 0.000000 0.666067 0.000000 -0.745892 1.000000 1.000000 1.000000
6886.139160 0.000000 2735.646729 0.000000 0.773023 0.000000 -0.634378 1.000000 1.000000 1.000000
6975.179688 0.000000 2727.363770 0.000000 0.711027 0.000000 -0.703165 1.000000 1.000000 1.000000
7020.291504 0.000000 2715.931152 0.000000 0.569051 0.000000 -0.822302 1.000000 1.000000 1.000000
7184.279297 0.000000 2538.274658 0.000000 0.783653 0.000000 -0.621199 1.000000 1.000000 1.000000
7186.302246 0.000000 2541.516357 0.000000 0.721213 0.000000 -0.692713 1.000000 1.000000 1.000000
7354.782227 0.000000 2538.160645 0.000000 0.626337 0.000000 -0.779552 1.000000 1.000000 1.000000
7372.333008 0.000000 2528.679932 0.000000 0.732512 0.000000 -0.680754 1.000000 1.000000 1.000000
7172.343750 0.000000 2571.430664 0.000000 0.506459 0.000000 -0.862264 1.000000 1.000000 1.000000
7167.424805 0.000000 2564.691406 0.000000 0.734648 0.000000 -0.678449 1.000000 1.000000 1.000000
7176.227051 0.000000 2551.127441 0.000000 0.543014 0.000000 -0.839724 1.000000 1.000000 1.000000
7260.793457 0.000000 2560.917725 0.000000 0.811639 0.000000 -0.584159 1.000000 1.000000 1.000000
7251.410645 0.000000 2561.679443 0.000000 0.649933 0.000000 -0.759992 1.000000 1.000000 1.000000
7257.209473 0.000000 2563.094971 0.000000 0.650367 0.000000 -0.759621 1.000000 1.000000 1.000000
7253.562988 0.000000 2560.733154 0.000000 0.657949 0.000000 -0.753062 1.000000 1.000000 1.000000
7178.565918 0.000000 2609.021729 0.000000 0.755051 0.000000 -0.655667 1.000000 1.000000 1.000000
7183.725098 0.000000 2615.445801 0.000000 0.676644 0.000000 -0.736311 1.000000 1.000000 1.000000
7201.460938 0.000000 2612.935791 0.000000 0.673064 0.000000 -0.739584 1.000000 1.000000 1.000000
7203.266113 0.000000 2639.329834 0.000000 0.720731 0.000000 -0.693215 1.000000 1.000000 1.000000
7245.913574 0.000000 2607.606689 0.000000 0.695239 0.000000 -0.718779 1.000000 1.000000 1.000000
7314.320312 0.000000 2579.281006 0.000000 0.779620 0.000000 -0.626252 1.000000 1.000000 1.000000
7330.985840 0.000000 2588.294189 0.000000 0.799949 0.000000 -0.600068 1.000000 1.000000 1.000000
7350.801270 0.000000 2605.720947 0.000000 0.709532 0.000000 -0.704673 1.000000 1.000000 1.000000
7311.980469 0.000000 2623.773193 0.000000 0.630590 0.000000 -0.776116 1.000000 1.000000 1.000000
7352.552246 0.000000 2603.343018 0.000000 0.665738 0.000000 -0.746185 1.000000 1.000000 1.000000
7208.085449 0.000000 2649.010498 0.000000 0.548128 0.000000 -0.836394 1.000000 1.000000 1.000000
7294.344727 0.000000 2691.365479 0.000000 0.574152 0.000000 -0.818749 1.000000 1.000000 1.000000
7244.834961 0.000000 2646.282715 0.000000 0.593797 0.000000 -0.804615 1.000000 1.000000 1.000000
7292.240723 0.000000 2691.170166 0.000000 0.785472 0.000000 -0.618897 1.000000 1.000000 1.000000
7338.985840 0.000000 2681.368896 0.000000 0.622718 0.000000 -0.782446 1.000000 1.000000 1.000000
7375.701660 0.000000 2662.687988 0.000000 0.665900 0.000000 -0.746041 1.000000 1.000000 1.000000
7378.932129 0.000000 2668.811279 0.000000 0.689439 0.000000 -0.724344 1.000000 1.000000 1.000000
7384.779297 0.000000 2684.083496 0.000000 0.526696 0.000000 -0.850054 1.000000 1.000000 1.000000
7367.560547 0.000000 2654.100586 0.000000 0.664499 0.000000 -0.747289 1.000000 1.000000 1.000000
7387.432129 0.000000 2664.122314 0.000000 0.737908 0.000000 -0.674901 1.000000 1.000000 1.000000
7363.741699 0.000000 2655.364746 0.000000 0.781907 0.000000 -0.623396 1.000000 1.000000 1.000000
7387.632812 0.000000 2654.902832 0.000000 0.555607 0.000000 -0.831445 1.000000 1.000000 1.000000
7386.050293 0.000000 2654.408691 0.000000 0.732880 0.000000 -0.680358 1.000000 1.000000 1.000000
7373.043945 0.000000 2696.734131 0.000000 0.747428 0.000000 -0.664342 1.000000 1.000000 1.000000
7365.606445 0.000000 2710.072754 0.000000 0.684520 0.000000 -0.728994 1.000000 1.000000 1.000000
7408.829102 0.000000 2729.159424 0.000000 0.738768 0.000000 -0.673960 1.000000 1.000000 1.000000
7404.354492 0.000000 2697.650146 0.000000 0.594363 0.000000 -0.804197 1.000000 1.000000 1.000000
7275.279297 0.000000 2745.764160 0.000000 0.631898 0.000000 -0.775052 1.000000 1.000000 1.000000
7264.208496 0.000000 2777.339844 0.000000 0.700140 0.000000 -0.714006 1.000000 1.000000 1.000000
7292.720215 0.000000 2752.698242 0.000000 0.614748 0.000000 -0.788724 1.000000 1.000000 1.000000
7277.882324 0.000000 2768.741211 0.000000 0.556343 0.000000 -0.830953 1.000000 1.000000 1.000000
7292.903320 0.000000 2778.551025 0.000000 0.685619 0.000000 -0.727961 1.000000 1.000000 1.000000
7268.966309 0.000000 2795.506592 0.000000 0.634346 0.000000 -0.773050 1.000000 1.000000 1.000000
7249.002441 0.000000 2791.191162 0.000000 0.562741 0.000000 -0.826633 1.000000 1.000000 1.000000
7250.566895 0.000000 2793.462402 0.000000 0.685496 0.000000 -0.728077 1.000000 1.000000 1.000000
7257.814453 0.000000 2824.466064 0.000000 0.679058 0.000000 -0.734085 1.000000 1.000000 1.000000
7257.387207 0.000000 2827.217773 0.000000 0.622290 0.000000 -0.782787 1.000000 1.000000 1.000000
7268.859375 0.000000 2815.268066 0.000000 0.685802 0.000000 -0.727788 1.000000 1.000000 1.000000
7309.662109 0.000000 2766.837646 0.000000 0.641103 0.000000 -0.767455 1.000000 1.000000 1.000000
7320.763672 0.000000 2770.417725 0.000000 0.776929 0.000000 -0.629588 1.000000 1.000000 1.000000
7336.497559 0.000000 2785.132324 0.000000 0.619408 0.000000 -0.785069 1.000000 1.000000 1.000000
7310.317871 0.000000 2770.230713 0.000000 0.521108 0.000000 -0.853491 1.000000 1.000000 1.000000
7376.208984 0.000000 2782.508789 0.000000 0.642506 0.000000 -0.766280 1.000000 1.000000 1.000000
7364.585938 0.000000 2741.973389 0.000000 0.608320 0.000000 -0.793692 1.000000 1.000000 1.000000
7366.159668 0.000000 2781.032959 0.000000 0.796561 0.000000 -0.604559 1.000000 1.000000 1.000000
7405.307617 0.000000 2826.106689 0.000000 0.707611 0.000000 -0.706602 1.000000 1.000000 1.000000
7463.512207 0.000000 2717.449463 0.000000 0.601746 0.000000 -0.798688 1.000000 1.000000 1.000000
7428.169434 0.000000 2708.055908 0.000000 0.732781 0.000000 -0.680465 1.000000 1.000000 1.000000
7473.637695 0.000000 2720.046143 0.000000 0.812056 0.000000 -0.583580 1.000000 1.000000 1.000000
7476.427246 0.000000 2736.875488 0.000000 0.574251 0.000000 -0.818679 1.000000 1.000000 1.000000
7462.068848 0.000000 2735.646729 0.000000 0.686271 0.000000 -0.727346 1.000000 1.000000 1.000000
7427.191895 0.000000 2715.191162 0.000000 0.705964 0.000000 -0.708247 1.000000 1.000000 1.000000
7458.527832 0.000000 2716.512207 0.000000 0.552668 0.000000 -0.833401 1.000000 1.000000 1.000000
7475.555664 0.000000 2732.454346 0.000000 0.505264 0.000000 -0.862965 1.000000 1.000000 1.000000
7469.064453 0.000000 2717.668701 0.000000 0.759461 0.000000 -0.650552 1.000000 1.000000 1.000000
7590.192871 0.000000 2724.938232 0.000000 0.732692 0.000000 -0.680560 1.000000 1.000000 1.000000
7591.872559 0.000000 2734.010498 0.000000 0.754487 0.000000 -0.656315 1.000000 1.000000 1.000000
7461.806641 0.000000 2740.934326 0.000000 0.738494 0.000000 -0.674260 1.000000 1.000000 1.000000
7428.169434 0.000000 2755.298096 0.000000 0.653192 0.000000 -0.757192 1.000000 1.000000 1.000000
7450.864258 0.000000 2755.914795 0.000000 0.695495 0.000000 -0.718531 1.000000 1.000000 1.000000
7436.971680 0.000000 2758.885986 0.000000 0.610425 0.000000 -0.792074 1.000000 1.000000 1.000000
7424.799316 0.000000 2754.180420 0.000000 0.710949 0.000000 -0.703243 1.000000 1.000000 1.000000
7500.901367 0.000000 2834.219971 0.000000 0.710366 0.000000 -0.703833 1.000000 1.000000 1.000000
7598.633789 0.000000 2787.229248 0.000000 0.801048 0.000000 -0.598600 1.000000 1.000000 1.000000
7572.228516 0.000000 2779.801270 0.000000 0.723197 0.000000 -0.690642 1.000000 1.000000 1.000000
7646.450684 0.000000 2793.605225 0.000000 0.746766 0.000000 -0.665087 1.000000 1.000000 1.000000
7262.642090 0.000000 2869.268555 0.000000 0.531685 0.000000 -0.846942 1.000000 1.000000 1.000000
7267.250488 0.000000 2845.837158 0.000000 0.565352 0.000000 -0.824850 1.000000 1.000000 1.000000
7380.296875 0.000000 2867.406006 0.000000 0.803142 0.000000 -0.595788 1.000000 1.000000 1.000000
7375.402344 0.000000 2870.830811 0.000000 0.717524 0.000000 -0.696534 1.000000 1.000000 1.000000
7379.420410 0.000000 2868.330566 0.000000 0.757154 0.000000 -0.653236 1.000000 1.000000 1.000000
7276.894043 0.000000 2936.858398 0.000000 0.507196 0.000000 -0.861831 1.000000 1.000000 1.000000
7269.662598 0.000000 2935.596436 0.000000 0.804081 0.000000 -0.594520 1.000000 1.000000 1.000000
7266.117188 0.000000 2934.033447 0.000000 0.528532 0.000000 -0.848913 1.000000 1.000000 1.000000
7341.104004 0.000000 2964.040527 0.000000 0.762379 0.000000 -0.647131 1.000000 1.000000 1.000000
7338.352539 0.000000 2929.173584 0.000000 0.745742 0.000000 -0.666235 1.000000 1.000000 1.000000
7339.526855 0.000000 2963.120850 0.000000 0.554732 0.000000 -0.832029 1.000000 1.000000 1.000000
7369.818359 0.000000 2945.040527 0.000000 0.585900 0.000000 -0.810383 1.000000 1.000000 1.000000
7391.920410 0.000000 2967.825195 0.000000 0.524253 0.000000 -0.851562 1.000000 1.000000 1.000000
7389.354492 0.000000 2967.623535 0.000000 0.561173 0.000000 -0.827698 1.000000 1.000000 1.000000
7417.449219 0.000000 2979.897461 0.000000 0.628361 0.000000 -0.777922 1.000000 1.000000 1.000000
7403.558594 0.000000 2983.434326 0.000000 0.635197 0.000000 -0.772350 1.000000 1.000000 1.000000
7443.530273 0.000000 2885.658691 0.000000 0.507574 0.000000 -0.861608 1.000000 1.000000 1.000000
7496.535645 0.000000 2883.940674 0.000000 0.644581 0.000000 -0.764536 1.000000 1.000000 1.000000
7475.105469 0.000000 2936.291016 0.000000 0.605096 0.000000 -0.796152 1.000000 1.000000 1.000000
3667.385254 0.000000 3471.928467 0.000000 0.648315 0.000000 -0.761372 1.000000 1.000000 1.000000
4013.764160 0.000000 3565.799072 0.000000 0.559919 0.000000 -0.828547 1.000000 1.000000 1.000000
4082.770752 0.000000 3785.299072 0.000000 0.585426 0.000000 -0.810726 1.000000 1.000000 1.000000
4727.330078 0.000000 4030.231934 0.000000 0.528833 0.000000 -0.848726 1.000000 1.000000 1.000000
4840.238281 0.000000 3977.746094 0.000000 0.575512 0.000000 -0.817793 1.000000 1.000000 1.000000
4801.368652 0.000000 3997.174805 0.000000 0.575152 0.000000 -0.818046 1.000000 1.000000 1.000000
4998.292480 0.000000 4052.107178 0.000000 0.556046 0.000000 -0.831151 1.000000 1.000000 1.000000
4950.968750 0.000000 4102.978516 0.000000 0.714258 0.000000 -0.699883 1.000000 1.000000 1.000000
4894.749512 0.000000 4149.415527 0.000000 0.698386 0.000000 -0.715721 1.000000 1.000000 1.000000
4992.467773 0.000000 4063.727783 0.000000 0.640943 0.000000 -0.767588 1.000000 1.000000 1.000000
5010.945312 0.000000 4070.976562 0.000000 0.601179 0.000000 -0.799114 1.000000 1.000000 1.000000
5074.123047 0.000000 4152.188965 0.000000 0.724821 0.000000 -0.688937 1.000000 1.000000 1.000000
4959.142578 0.000000 4184.094727 0.000000 0.575188 0.000000 -0.818021 1.000000 1.000000 1.000000
4960.033691 0.000000 4187.989746 0.000000 0.618408 0.000000 -0.785857 1.000000 1.000000 1.000000
4942.004883 0.000000 4199.410645 0.000000 0.814547 0.000000 -0.580098 1.000000 1.000000 1.000000
4959.935547 0.000000 4177.919922 0.000000 0.505034 0.000000 -0.863099 1.000000 1.000000 1.000000
5033.804199 0.000000 4163.684082 0.000000 0.725538 0.000000 -0.688182 1.000000 1.000000 1.000000
5018.380859 0.000000 4231.087402 0.000000 0.641650 0.000000 -0.766998 1.000000 1.000000 1.000000
4995.488770 0.000000 4226.941406 0.000000 0.795852 0.000000 -0.605491 1.000000 1.000000 1.000000
4830.424316 0.000000 4347.063477 0.000000 0.523195 0.000000 -0.852213 1.000000 1.000000 1.000000
4857.927734 0.000000 4355.276367 0.000000 0.765179 0.000000 -0.643817 1.000000 1.000000 1.000000
6125.252441 0.000000 3908.884277 0.000000 0.688954 0.000000 -0.724805 1.000000 1.000000 1.000000
6125.252441 0.000000 3956.126465 0.000000 0.590446 0.000000 -0.807077 1.000000 1.000000 1.000000
6123.965332 0.000000 3958.980469 0.000000 0.583912 0.000000 -0.811817 1.000000 1.000000 1.000000
6096.324219 0.000000 4006.705322 0.000000 0.684214 0.000000 -0.729281 1.000000 1.000000 1.000000
6123.529297 0.000000 4014.211426 0.000000 0.586453 0.000000 -0.809983 1.000000 1.000000 1.000000
6054.700684 0.000000 4019.065674 0.000000 0.665229 0.000000 -0.746639 1.000000 1.000000 1.000000
6127.284668 0.000000 4017.261230 0.000000 0.612458 0.000000 -0.790503 1.000000 1.000000 1.000000
6068.912109 0.000000 4066.099609 0.000000 0.585842 0.000000 -0.810425 1.000000 1.000000 1.000000
6063.656250 0.000000 4071.307617 0.000000 0.622539 0.000000 -0.782589 1.000000 1.000000 1.000000
6070.807129 0.000000 4081.831055 0.000000 0.505666 0.000000 -0.862729 1.000000 1.000000 1.000000
6068.599121 0.000000 4106.898926 0.000000 0.581017 0.000000 -0.813891 1.000000 1.000000 1.000000
6050.758301 0.000000 4135.731445 0.000000 0.734547 0.000000 -0.678558 1.000000 1.000000 1.000000
6111.893066 0.000000 4140.747559 0.000000 0.809512 0.000000 -0.587103 1.000000 1.000000 1.000000
6105.031250 0.000000 4119.254883 0.000000 0.635608 0.000000 -0.772012 1.000000 1.000000 1.000000
6108.249512 0.000000 4139.018066 0.000000 0.518118 0.000000 -0.855309 1.000000 1.000000 1.000000
6105.350098 0.000000 4122.087402 0.000000 0.814721 0.000000 -0.579853 1.000000 1.000000 1.000000
6065.509277 0.000000 4201.349609 0.000000 0.656494 0.000000 -0.754331 1.000000 1.000000 1.000000
6070.750977 0.000000 4198.933594 0.000000 0.537379 0.000000 -0.843341 1.000000 1.000000 1.000000
6131.975586 0.000000 4170.637207 0.000000 0.507348 0.000000 -0.861742 1.000000 1.000000 1.000000
6018.924805 0.000000 4211.098633 0.000000 0.522551 0.000000 -0.852608 1.000000 1.000000 1.000000
6312.851074 0.000000 3768.644531 0.000000 0.735772 0.000000 -0.677229 1.000000 1.000000 1.000000
7385.938477 0.000000 3054.810303 0.000000 0.522654 0.000000 -0.852545 1.000000 1.000000 1.000000
7370.094238 0.000000 3161.820801 0.000000 0.795598 0.000000 -0.605825 1.000000 1.000000 1.000000
7367.211914 0.000000 3190.089600 0.000000 0.708650 0.000000 -0.705560 1.000000 1.000000 1.000000
7431.053223 0.000000 3043.682129 0.000000 0.716446 0.000000 -0.697643 1.000000 1.000000 1.000000
7436.032715 0.000000 3173.467285 0.000000 0.663508 0.000000 -0.748169 1.000000 1.000000 1.000000
7399.217285 0.000000 3242.665527 0.000000 0.542146 0.000000 -0.840284 1.000000 1.000000 1.000000
6269.322266 0.000000 3870.200684 0.000000 0.640815 0.000000 -0.767695 1.000000 1.000000 1.000000
6305.687012 0.000000 3801.322998 0.000000 0.586078 0.000000 -0.810254 1.000000 1.000000 1.000000
6304.757324 0.000000 3797.790283 0.000000 0.779243 0.000000 -0.626722 1.000000 1.000000 1.000000
6321.478027 0.000000 3870.654053 0.000000 0.708239 0.000000 -0.705972 1.000000 1.000000 1.000000
6197.386230 0.000000 3959.901611 0.000000 0.745168 0.000000 -0.666876 1.000000 1.000000 1.000000
6258.505371 0.000000 3927.025635 0.000000 0.657677 0.000000 -0.753300 1.000000 1.000000 1.000000
6309.947266 0.000000 3874.746826 0.000000 0.798898 0.000000 -0.601466 1.000000 1.000000 1.000000
6276.915039 0.000000 3945.912598 0.000000 0.555362 0.000000 -0.831609 1.000000 1.000000 1.000000
6280.190430 0.000000 3938.814941 0.000000 0.611178 0.000000 -0.791493 1.000000 1.000000 1.000000
6399.518555 0.000000 3830.671631 0.000000 0.816827 0.000000 -0.576883 1.000000 1.000000 1.000000
6205.733887 0.000000 3992.330322 0.000000 0.543778 0.000000 -0.839229 1.000000 1.000000 1.000000
6144.943359 0.000000 4012.722656 0.000000 0.727045 0.000000 -0.686589 1.000000 1.000000 1.000000
6206.452637 0.000000 3986.606445 0.000000 0.747674 0.000000 -0.664066 1.000000 1.000000 1.000000
6241.029297 0.000000 4008.345947 0.000000 0.700259 0.000000 -0.713889 1.000000 1.000000 1.000000
6233.833008 0.000000 3971.439697 0.000000 0.793515 0.000000 -0.608550 1.000000 1.000000 1.000000
6213.747070 0.000000 3985.611816 0.000000 0.593418 0.000000 -0.804895 1.000000 1.000000 1.000000
6212.543457 0.000000 3981.205078 0.000000 0.539843 0.000000 -0.841766 1.000000 1.000000 1.000000
6195.752441 0.000000 4050.384277 0.000000 0.661613 0.000000 -0.749845 1.000000 1.000000 1.000000
6208.440430 0.000000 4062.536621 0.000000 0.736753 0.000000 -0.676162 1.000000 1.000000 1.000000
6213.767090 0.000000 4038.025146 0.000000 0.739110 0.000000 -0.673584 1.000000 1.000000 1.000000
6189.828613 0.000000 4089.088135 0.000000 0.568751 0.000000 -0.822510 1.000000 1.000000 1.000000
6158.029785 0.000000 4141.343750 0.000000 0.613174 0.000000 -0.789948 1.000000 1.000000 1.000000
"}
object={
	name="tree_cedar_generator_1_2"
	render_pass=Map
	clamp_to_water_level=no
	generated_content=yes
	layer="tree_high_layer"
	pdxmesh="tree_cedar_03_mesh"
	count=326
	transform="2944.838623 0.000000 283.161316 0.000000 0.255211 0.000000 -0.966885 1.000000 1.000000 1.000000
3002.697510 0.000000 329.330994 0.000000 0.137830 0.000000 -0.990456 1.000000 1.000000 1.000000
2944.919678 0.000000 301.287933 0.000000 0.171468 0.000000 -0.985190 1.000000 1.000000 1.000000
3020.864014 0.000000 308.296844 0.000000 0.259262 0.000000 -0.965807 1.000000 1.000000 1.000000
3027.892334 0.000000 330.810059 0.000000 0.451770 0.000000 -0.892135 1.000000 1.000000 1.000000
3007.932129 0.000000 334.749512 0.000000 0.288420 0.000000 -0.957504 1.000000 1.000000 1.000000
3011.408203 0.000000 341.674225 0.000000 0.481114 0.000000 -0.876658 1.000000 1.000000 1.000000
3042.084961 0.000000 399.885162 0.000000 0.273755 0.000000 -0.961799 1.000000 1.000000 1.000000
3011.408203 0.000000 388.916412 0.000000 0.272817 0.000000 -0.962066 1.000000 1.000000 1.000000
3204.988525 0.000000 320.609650 0.000000 0.213253 0.000000 -0.976997 1.000000 1.000000 1.000000
3202.776367 0.000000 320.362183 0.000000 0.407946 0.000000 -0.913006 1.000000 1.000000 1.000000
3230.549072 0.000000 376.684753 0.000000 0.143924 0.000000 -0.989589 1.000000 1.000000 1.000000
3126.747314 0.000000 450.276642 0.000000 0.155961 0.000000 -0.987763 1.000000 1.000000 1.000000
3253.302002 0.000000 398.133362 0.000000 0.240903 0.000000 -0.970549 1.000000 1.000000 1.000000
3274.413330 0.000000 414.824127 0.000000 0.303346 0.000000 -0.952880 1.000000 1.000000 1.000000
3294.981689 0.000000 384.253448 0.000000 0.414981 0.000000 -0.909830 1.000000 1.000000 1.000000
3298.540527 0.000000 405.058777 0.000000 0.234868 0.000000 -0.972027 1.000000 1.000000 1.000000
3227.780273 0.000000 469.888367 0.000000 0.270465 0.000000 -0.962730 1.000000 1.000000 1.000000
3182.195312 0.000000 498.681580 0.000000 0.458028 0.000000 -0.888938 1.000000 1.000000 1.000000
3187.139404 0.000000 503.360291 0.000000 0.238621 0.000000 -0.971113 1.000000 1.000000 1.000000
3196.995361 0.000000 519.866699 0.000000 0.326554 0.000000 -0.945178 1.000000 1.000000 1.000000
3220.575684 0.000000 516.018127 0.000000 0.389132 0.000000 -0.921182 1.000000 1.000000 1.000000
3254.519043 0.000000 484.375366 0.000000 0.147781 0.000000 -0.989020 1.000000 1.000000 1.000000
3258.666260 0.000000 518.299744 0.000000 0.169258 0.000000 -0.985572 1.000000 1.000000 1.000000
3210.421143 0.000000 509.308502 0.000000 0.124435 0.000000 -0.992228 1.000000 1.000000 1.000000
3202.545654 0.000000 511.492065 0.000000 0.225182 0.000000 -0.974317 1.000000 1.000000 1.000000
3286.877686 0.000000 484.287292 0.000000 0.477082 0.000000 -0.878859 1.000000 1.000000 1.000000
3280.423584 0.000000 478.646759 0.000000 0.098110 0.000000 -0.995176 1.000000 1.000000 1.000000
3264.880615 0.000000 537.498901 0.000000 0.167406 0.000000 -0.985888 1.000000 1.000000 1.000000
3770.772705 0.000000 580.104553 0.000000 0.313896 0.000000 -0.949457 1.000000 1.000000 1.000000
3599.472656 0.000000 665.675049 0.000000 0.290435 0.000000 -0.956895 1.000000 1.000000 1.000000
3654.375244 0.000000 752.394592 0.000000 0.152801 0.000000 -0.988257 1.000000 1.000000 1.000000
3903.303955 0.000000 626.474976 0.000000 0.220328 0.000000 -0.975426 1.000000 1.000000 1.000000
3922.734131 0.000000 642.351135 0.000000 0.415986 0.000000 -0.909371 1.000000 1.000000 1.000000
3847.989990 0.000000 669.928467 0.000000 0.115310 0.000000 -0.993330 1.000000 1.000000 1.000000
1776.879272 0.000000 2227.744629 0.000000 0.376284 0.000000 -0.926504 1.000000 1.000000 1.000000
3577.264893 0.000000 2212.287842 0.000000 0.468151 0.000000 -0.883648 1.000000 1.000000 1.000000
3565.540771 0.000000 2198.004639 0.000000 0.457977 0.000000 -0.888964 1.000000 1.000000 1.000000
3582.937988 0.000000 2176.385742 0.000000 0.357106 0.000000 -0.934064 1.000000 1.000000 1.000000
3511.119629 0.000000 2239.385742 0.000000 0.436844 0.000000 -0.899537 1.000000 1.000000 1.000000
3540.536621 0.000000 2263.979248 0.000000 0.494075 0.000000 -0.869419 1.000000 1.000000 1.000000
3532.108154 0.000000 2248.556396 0.000000 0.430279 0.000000 -0.902696 1.000000 1.000000 1.000000
3634.177246 0.000000 1971.773682 0.000000 0.218510 0.000000 -0.975835 1.000000 1.000000 1.000000
3900.638184 0.000000 2021.209229 0.000000 0.478338 0.000000 -0.878176 1.000000 1.000000 1.000000
3902.960693 0.000000 2022.866211 0.000000 0.163456 0.000000 -0.986551 1.000000 1.000000 1.000000
3907.647705 0.000000 2029.608765 0.000000 0.156923 0.000000 -0.987611 1.000000 1.000000 1.000000
3904.802490 0.000000 2049.249023 0.000000 0.216543 0.000000 -0.976273 1.000000 1.000000 1.000000
3594.374268 0.000000 2162.785400 0.000000 0.454799 0.000000 -0.890594 1.000000 1.000000 1.000000
3589.869629 0.000000 2171.898193 0.000000 0.356273 0.000000 -0.934382 1.000000 1.000000 1.000000
3602.681885 0.000000 2159.251953 0.000000 0.218080 0.000000 -0.975931 1.000000 1.000000 1.000000
3684.977783 0.000000 2150.036133 0.000000 0.422201 0.000000 -0.906502 1.000000 1.000000 1.000000
3697.470947 0.000000 2136.230957 0.000000 0.356684 0.000000 -0.934225 1.000000 1.000000 1.000000
3686.940918 0.000000 2152.638916 0.000000 0.462039 0.000000 -0.886860 1.000000 1.000000 1.000000
3741.681885 0.000000 2115.966553 0.000000 0.164013 0.000000 -0.986458 1.000000 1.000000 1.000000
3747.423096 0.000000 2115.872314 0.000000 0.214631 0.000000 -0.976695 1.000000 1.000000 1.000000
3753.163330 0.000000 2115.167969 0.000000 0.394343 0.000000 -0.918963 1.000000 1.000000 1.000000
3755.423340 0.000000 2114.462646 0.000000 0.374081 0.000000 -0.927396 1.000000 1.000000 1.000000
3801.306885 0.000000 2131.460938 0.000000 0.423417 0.000000 -0.905935 1.000000 1.000000 1.000000
3798.486816 0.000000 2131.161377 0.000000 0.307040 0.000000 -0.951697 1.000000 1.000000 1.000000
3775.622559 0.000000 2146.007324 0.000000 0.217322 0.000000 -0.976100 1.000000 1.000000 1.000000
3799.998535 0.000000 2129.706787 0.000000 0.302380 0.000000 -0.953187 1.000000 1.000000 1.000000
3583.861816 0.000000 2177.195068 0.000000 0.483526 0.000000 -0.875330 1.000000 1.000000 1.000000
3587.332520 0.000000 2175.888184 0.000000 0.339478 0.000000 -0.940614 1.000000 1.000000 1.000000
3587.047852 0.000000 2173.543457 0.000000 0.384745 0.000000 -0.923023 1.000000 1.000000 1.000000
3540.006836 0.000000 2271.510254 0.000000 0.344499 0.000000 -0.938787 1.000000 1.000000 1.000000
3574.479980 0.000000 2374.062988 0.000000 0.197982 0.000000 -0.980206 1.000000 1.000000 1.000000
3576.608154 0.000000 2374.682861 0.000000 0.338405 0.000000 -0.941000 1.000000 1.000000 1.000000
3366.866211 0.000000 2586.877197 0.000000 0.456732 0.000000 -0.889604 1.000000 1.000000 1.000000
3373.462646 0.000000 2591.598633 0.000000 0.253203 0.000000 -0.967413 1.000000 1.000000 1.000000
3358.936523 0.000000 2590.423096 0.000000 0.399686 0.000000 -0.916652 1.000000 1.000000 1.000000
3357.234131 0.000000 2596.179443 0.000000 0.209252 0.000000 -0.977862 1.000000 1.000000 1.000000
3405.025635 0.000000 2556.537109 0.000000 0.204372 0.000000 -0.978893 1.000000 1.000000 1.000000
3607.935791 0.000000 2393.443115 0.000000 0.147541 0.000000 -0.989056 1.000000 1.000000 1.000000
3616.053223 0.000000 2471.354492 0.000000 0.180230 0.000000 -0.983625 1.000000 1.000000 1.000000
3675.725586 0.000000 2501.302734 0.000000 0.183363 0.000000 -0.983045 1.000000 1.000000 1.000000
4156.284180 0.000000 691.879211 0.000000 0.211118 0.000000 -0.977461 1.000000 1.000000 1.000000
4159.861328 0.000000 691.747986 0.000000 0.480585 0.000000 -0.876948 1.000000 1.000000 1.000000
4170.304199 0.000000 698.277283 0.000000 0.179680 0.000000 -0.983725 1.000000 1.000000 1.000000
4286.703125 0.000000 663.248718 0.000000 0.271520 0.000000 -0.962433 1.000000 1.000000 1.000000
4415.760742 0.000000 665.444885 0.000000 0.260280 0.000000 -0.965533 1.000000 1.000000 1.000000
4470.371094 0.000000 720.586304 0.000000 0.486115 0.000000 -0.873895 1.000000 1.000000 1.000000
4179.365723 0.000000 791.401306 0.000000 0.227284 0.000000 -0.973829 1.000000 1.000000 1.000000
4465.633301 0.000000 768.854614 0.000000 0.193068 0.000000 -0.981185 1.000000 1.000000 1.000000
4428.307129 0.000000 823.117188 0.000000 0.184285 0.000000 -0.982873 1.000000 1.000000 1.000000
4491.495117 0.000000 856.663818 0.000000 0.290423 0.000000 -0.956898 1.000000 1.000000 1.000000
4511.815918 0.000000 1141.907959 0.000000 0.464143 0.000000 -0.885760 1.000000 1.000000 1.000000
4151.041504 0.000000 1483.510742 0.000000 0.461791 0.000000 -0.886989 1.000000 1.000000 1.000000
5628.443848 0.000000 2218.748291 0.000000 0.260792 0.000000 -0.965395 1.000000 1.000000 1.000000
5753.140137 0.000000 2425.757568 0.000000 0.146431 0.000000 -0.989221 1.000000 1.000000 1.000000
5770.737793 0.000000 2420.052979 0.000000 0.343789 0.000000 -0.939047 1.000000 1.000000 1.000000
5785.154297 0.000000 2409.453613 0.000000 0.250526 0.000000 -0.968110 1.000000 1.000000 1.000000
6092.439941 0.000000 2311.720215 0.000000 0.141648 0.000000 -0.989917 1.000000 1.000000 1.000000
6107.510254 0.000000 2328.548828 0.000000 0.248918 0.000000 -0.968525 1.000000 1.000000 1.000000
5759.380371 0.000000 2476.702637 0.000000 0.235211 0.000000 -0.971944 1.000000 1.000000 1.000000
5631.336426 0.000000 2879.834961 0.000000 0.247606 0.000000 -0.968861 1.000000 1.000000 1.000000
5677.188477 0.000000 2887.794189 0.000000 0.110959 0.000000 -0.993825 1.000000 1.000000 1.000000
5674.896484 0.000000 2911.440674 0.000000 0.141048 0.000000 -0.990003 1.000000 1.000000 1.000000
6484.406250 0.000000 1875.320068 0.000000 0.296048 0.000000 -0.955173 1.000000 1.000000 1.000000
6298.071289 0.000000 2062.724121 0.000000 0.243036 0.000000 -0.970017 1.000000 1.000000 1.000000
6280.170410 0.000000 2119.181641 0.000000 0.394193 0.000000 -0.919028 1.000000 1.000000 1.000000
6305.852539 0.000000 2132.122314 0.000000 0.419332 0.000000 -0.907833 1.000000 1.000000 1.000000
6299.144531 0.000000 2171.825195 0.000000 0.373673 0.000000 -0.927561 1.000000 1.000000 1.000000
6216.575195 0.000000 2183.910400 0.000000 0.359784 0.000000 -0.933036 1.000000 1.000000 1.000000
6226.358887 0.000000 2237.288086 0.000000 0.202956 0.000000 -0.979188 1.000000 1.000000 1.000000
6359.862305 0.000000 2196.687012 0.000000 0.225464 0.000000 -0.974251 1.000000 1.000000 1.000000
7126.796387 0.000000 2377.349121 0.000000 0.413258 0.000000 -0.910614 1.000000 1.000000 1.000000
7148.909668 0.000000 2369.952148 0.000000 0.128709 0.000000 -0.991682 1.000000 1.000000 1.000000
7142.107910 0.000000 2404.951416 0.000000 0.302132 0.000000 -0.953266 1.000000 1.000000 1.000000
7129.117188 0.000000 2376.741211 0.000000 0.494731 0.000000 -0.869046 1.000000 1.000000 1.000000
7157.536133 0.000000 2371.720947 0.000000 0.121806 0.000000 -0.992554 1.000000 1.000000 1.000000
7157.900879 0.000000 2455.924561 0.000000 0.484964 0.000000 -0.874534 1.000000 1.000000 1.000000
7117.451660 0.000000 2417.351074 0.000000 0.105770 0.000000 -0.994391 1.000000 1.000000 1.000000
7145.261719 0.000000 2418.438477 0.000000 0.365035 0.000000 -0.930994 1.000000 1.000000 1.000000
6898.427246 0.000000 2557.002197 0.000000 0.413769 0.000000 -0.910382 1.000000 1.000000 1.000000
7156.779297 0.000000 2459.865234 0.000000 0.124635 0.000000 -0.992203 1.000000 1.000000 1.000000
7138.269531 0.000000 2466.284912 0.000000 0.191812 0.000000 -0.981432 1.000000 1.000000 1.000000
7145.995605 0.000000 2483.577148 0.000000 0.398192 0.000000 -0.917302 1.000000 1.000000 1.000000
7138.315918 0.000000 2469.639160 0.000000 0.282562 0.000000 -0.959249 1.000000 1.000000 1.000000
7144.060059 0.000000 2483.080078 0.000000 0.149568 0.000000 -0.988752 1.000000 1.000000 1.000000
7129.532227 0.000000 2463.817139 0.000000 0.314264 0.000000 -0.949336 1.000000 1.000000 1.000000
7157.900879 0.000000 2550.408936 0.000000 0.108319 0.000000 -0.994116 1.000000 1.000000 1.000000
7155.926270 0.000000 2527.325684 0.000000 0.347597 0.000000 -0.937644 1.000000 1.000000 1.000000
6934.715820 0.000000 2636.223877 0.000000 0.208367 0.000000 -0.978051 1.000000 1.000000 1.000000
6954.674316 0.000000 2629.637695 0.000000 0.326652 0.000000 -0.945145 1.000000 1.000000 1.000000
6907.948730 0.000000 2723.293457 0.000000 0.453036 0.000000 -0.891492 1.000000 1.000000 1.000000
6896.579102 0.000000 2698.885742 0.000000 0.327354 0.000000 -0.944902 1.000000 1.000000 1.000000
6829.750488 0.000000 2766.306885 0.000000 0.118825 0.000000 -0.992915 1.000000 1.000000 1.000000
6897.022461 0.000000 2758.408691 0.000000 0.137290 0.000000 -0.990531 1.000000 1.000000 1.000000
6889.429688 0.000000 2744.501465 0.000000 0.153219 0.000000 -0.988192 1.000000 1.000000 1.000000
6957.734863 0.000000 2671.822510 0.000000 0.345851 0.000000 -0.938289 1.000000 1.000000 1.000000
6972.263672 0.000000 2682.600098 0.000000 0.143982 0.000000 -0.989580 1.000000 1.000000 1.000000
6974.383789 0.000000 2691.365479 0.000000 0.251455 0.000000 -0.967869 1.000000 1.000000 1.000000
6953.386230 0.000000 2687.579834 0.000000 0.108791 0.000000 -0.994065 1.000000 1.000000 1.000000
6997.105957 0.000000 2656.585205 0.000000 0.276486 0.000000 -0.961018 1.000000 1.000000 1.000000
6960.518555 0.000000 2724.366699 0.000000 0.268546 0.000000 -0.963267 1.000000 1.000000 1.000000
7023.872070 0.000000 2714.135254 0.000000 0.322804 0.000000 -0.946466 1.000000 1.000000 1.000000
7176.917969 0.000000 2549.575684 0.000000 0.375187 0.000000 -0.926949 1.000000 1.000000 1.000000
7169.710449 0.000000 2564.082520 0.000000 0.499863 0.000000 -0.866105 1.000000 1.000000 1.000000
7176.458008 0.000000 2561.847900 0.000000 0.425044 0.000000 -0.905172 1.000000 1.000000 1.000000
7255.037598 0.000000 2572.334717 0.000000 0.355920 0.000000 -0.934517 1.000000 1.000000 1.000000
7254.432617 0.000000 2576.600342 0.000000 0.311610 0.000000 -0.950210 1.000000 1.000000 1.000000
7260.959473 0.000000 2567.673340 0.000000 0.358960 0.000000 -0.933353 1.000000 1.000000 1.000000
7266.534668 0.000000 2567.133057 0.000000 0.447377 0.000000 -0.894346 1.000000 1.000000 1.000000
7187.375977 0.000000 2612.728516 0.000000 0.356679 0.000000 -0.934227 1.000000 1.000000 1.000000
7194.198730 0.000000 2618.797363 0.000000 0.248221 0.000000 -0.968703 1.000000 1.000000 1.000000
7183.467773 0.000000 2612.562988 0.000000 0.488897 0.000000 -0.872342 1.000000 1.000000 1.000000
7179.024414 0.000000 2620.767334 0.000000 0.263287 0.000000 -0.964718 1.000000 1.000000 1.000000
7206.876953 0.000000 2605.989502 0.000000 0.243896 0.000000 -0.969801 1.000000 1.000000 1.000000
7289.031250 0.000000 2608.271729 0.000000 0.411425 0.000000 -0.911444 1.000000 1.000000 1.000000
7312.175781 0.000000 2589.439697 0.000000 0.161600 0.000000 -0.986856 1.000000 1.000000 1.000000
7306.355469 0.000000 2584.229248 0.000000 0.263261 0.000000 -0.964725 1.000000 1.000000 1.000000
7307.647461 0.000000 2579.251709 0.000000 0.414615 0.000000 -0.909997 1.000000 1.000000 1.000000
7326.049316 0.000000 2597.067871 0.000000 0.103829 0.000000 -0.994595 1.000000 1.000000 1.000000
7310.351074 0.000000 2585.768799 0.000000 0.107865 0.000000 -0.994166 1.000000 1.000000 1.000000
7355.591797 0.000000 2606.212402 0.000000 0.307110 0.000000 -0.951674 1.000000 1.000000 1.000000
7305.610840 0.000000 2618.798828 0.000000 0.205234 0.000000 -0.978713 1.000000 1.000000 1.000000
7370.543945 0.000000 2600.016113 0.000000 0.459624 0.000000 -0.888113 1.000000 1.000000 1.000000
7375.444336 0.000000 2612.562988 0.000000 0.278904 0.000000 -0.960319 1.000000 1.000000 1.000000
7369.568359 0.000000 2598.955322 0.000000 0.295958 0.000000 -0.955201 1.000000 1.000000 1.000000
7194.295898 0.000000 2669.221924 0.000000 0.220862 0.000000 -0.975305 1.000000 1.000000 1.000000
7276.252441 0.000000 2677.745117 0.000000 0.225548 0.000000 -0.974232 1.000000 1.000000 1.000000
7239.076660 0.000000 2665.744629 0.000000 0.384052 0.000000 -0.923312 1.000000 1.000000 1.000000
7286.796387 0.000000 2650.409424 0.000000 0.370071 0.000000 -0.929003 1.000000 1.000000 1.000000
7243.341797 0.000000 2662.112549 0.000000 0.397265 0.000000 -0.917704 1.000000 1.000000 1.000000
7288.560059 0.000000 2697.827393 0.000000 0.150623 0.000000 -0.988591 1.000000 1.000000 1.000000
7323.159180 0.000000 2684.020264 0.000000 0.226433 0.000000 -0.974027 1.000000 1.000000 1.000000
7310.988770 0.000000 2692.419189 0.000000 0.191294 0.000000 -0.981533 1.000000 1.000000 1.000000
7370.542480 0.000000 2656.263916 0.000000 0.099109 0.000000 -0.995077 1.000000 1.000000 1.000000
7391.736816 0.000000 2676.239746 0.000000 0.444963 0.000000 -0.895549 1.000000 1.000000 1.000000
7364.661133 0.000000 2654.283203 0.000000 0.347658 0.000000 -0.937621 1.000000 1.000000 1.000000
7367.360840 0.000000 2650.960205 0.000000 0.409226 0.000000 -0.912433 1.000000 1.000000 1.000000
7374.202148 0.000000 2663.416748 0.000000 0.432568 0.000000 -0.901601 1.000000 1.000000 1.000000
7378.628906 0.000000 2655.066895 0.000000 0.259647 0.000000 -0.965704 1.000000 1.000000 1.000000
7360.482910 0.000000 2654.927979 0.000000 0.297869 0.000000 -0.954607 1.000000 1.000000 1.000000
7366.282227 0.000000 2654.328857 0.000000 0.320826 0.000000 -0.947138 1.000000 1.000000 1.000000
7367.487305 0.000000 2655.394043 0.000000 0.289451 0.000000 -0.957193 1.000000 1.000000 1.000000
7374.478516 0.000000 2662.176514 0.000000 0.381648 0.000000 -0.924308 1.000000 1.000000 1.000000
7318.064941 0.000000 2692.824951 0.000000 0.444918 0.000000 -0.895571 1.000000 1.000000 1.000000
7411.930176 0.000000 2729.801270 0.000000 0.350613 0.000000 -0.936521 1.000000 1.000000 1.000000
7382.238770 0.000000 2709.772949 0.000000 0.202643 0.000000 -0.979253 1.000000 1.000000 1.000000
7405.638184 0.000000 2695.047607 0.000000 0.299030 0.000000 -0.954244 1.000000 1.000000 1.000000
7266.993652 0.000000 2777.262939 0.000000 0.091918 0.000000 -0.995767 1.000000 1.000000 1.000000
7292.224609 0.000000 2777.084473 0.000000 0.124152 0.000000 -0.992263 1.000000 1.000000 1.000000
7271.941406 0.000000 2796.691406 0.000000 0.258710 0.000000 -0.965955 1.000000 1.000000 1.000000
7271.080566 0.000000 2815.437256 0.000000 0.193687 0.000000 -0.981063 1.000000 1.000000 1.000000
7258.482910 0.000000 2828.272949 0.000000 0.196194 0.000000 -0.980565 1.000000 1.000000 1.000000
7270.869141 0.000000 2794.958252 0.000000 0.459152 0.000000 -0.888358 1.000000 1.000000 1.000000
7267.979492 0.000000 2796.924805 0.000000 0.259153 0.000000 -0.965836 1.000000 1.000000 1.000000
7259.117676 0.000000 2808.425781 0.000000 0.411943 0.000000 -0.911210 1.000000 1.000000 1.000000
7295.409180 0.000000 2753.660156 0.000000 0.306157 0.000000 -0.951981 1.000000 1.000000 1.000000
7341.612793 0.000000 2785.336914 0.000000 0.266560 0.000000 -0.963818 1.000000 1.000000 1.000000
7357.873047 0.000000 2749.199463 0.000000 0.139424 0.000000 -0.990233 1.000000 1.000000 1.000000
7332.716309 0.000000 2743.748535 0.000000 0.232664 0.000000 -0.972557 1.000000 1.000000 1.000000
7328.392090 0.000000 2753.207520 0.000000 0.402760 0.000000 -0.915306 1.000000 1.000000 1.000000
7309.429199 0.000000 2760.409180 0.000000 0.354867 0.000000 -0.934917 1.000000 1.000000 1.000000
7366.415527 0.000000 2779.661377 0.000000 0.438631 0.000000 -0.898667 1.000000 1.000000 1.000000
7383.561035 0.000000 2743.855225 0.000000 0.415409 0.000000 -0.909635 1.000000 1.000000 1.000000
7372.541504 0.000000 2745.505859 0.000000 0.097025 0.000000 -0.995282 1.000000 1.000000 1.000000
7311.709473 0.000000 2804.414551 0.000000 0.383783 0.000000 -0.923423 1.000000 1.000000 1.000000
7320.966797 0.000000 2787.391113 0.000000 0.216960 0.000000 -0.976180 1.000000 1.000000 1.000000
7331.866211 0.000000 2809.753418 0.000000 0.476929 0.000000 -0.878942 1.000000 1.000000 1.000000
7352.552246 0.000000 2792.311768 0.000000 0.160135 0.000000 -0.987095 1.000000 1.000000 1.000000
7307.333984 0.000000 2803.839111 0.000000 0.258156 0.000000 -0.966103 1.000000 1.000000 1.000000
7369.265137 0.000000 2834.095947 0.000000 0.159307 0.000000 -0.987229 1.000000 1.000000 1.000000
7474.616211 0.000000 2723.743408 0.000000 0.134530 0.000000 -0.990910 1.000000 1.000000 1.000000
7427.021484 0.000000 2705.166748 0.000000 0.311913 0.000000 -0.950111 1.000000 1.000000 1.000000
7601.622070 0.000000 2720.046143 0.000000 0.388522 0.000000 -0.921440 1.000000 1.000000 1.000000
7430.745605 0.000000 2752.062500 0.000000 0.324500 0.000000 -0.945886 1.000000 1.000000 1.000000
7424.787109 0.000000 2784.425781 0.000000 0.346117 0.000000 -0.938191 1.000000 1.000000 1.000000
7477.739258 0.000000 2777.236328 0.000000 0.221986 0.000000 -0.975050 1.000000 1.000000 1.000000
7464.054199 0.000000 2743.494873 0.000000 0.430733 0.000000 -0.902480 1.000000 1.000000 1.000000
7476.735352 0.000000 2777.829346 0.000000 0.133585 0.000000 -0.991037 1.000000 1.000000 1.000000
7433.595215 0.000000 2807.767578 0.000000 0.469140 0.000000 -0.883124 1.000000 1.000000 1.000000
7427.601074 0.000000 2811.118896 0.000000 0.387787 0.000000 -0.921749 1.000000 1.000000 1.000000
7495.196289 0.000000 2812.152100 0.000000 0.433926 0.000000 -0.900949 1.000000 1.000000 1.000000
7597.727051 0.000000 2754.865723 0.000000 0.307867 0.000000 -0.951429 1.000000 1.000000 1.000000
7271.160156 0.000000 2879.933105 0.000000 0.302081 0.000000 -0.953282 1.000000 1.000000 1.000000
7245.774902 0.000000 2850.079590 0.000000 0.211180 0.000000 -0.977447 1.000000 1.000000 1.000000
7290.963379 0.000000 2850.318359 0.000000 0.136216 0.000000 -0.990679 1.000000 1.000000 1.000000
7268.568848 0.000000 2887.288330 0.000000 0.155033 0.000000 -0.987909 1.000000 1.000000 1.000000
7258.256836 0.000000 2911.209961 0.000000 0.319760 0.000000 -0.947499 1.000000 1.000000 1.000000
7368.020508 0.000000 2867.702148 0.000000 0.136400 0.000000 -0.990654 1.000000 1.000000 1.000000
7364.766602 0.000000 2873.474121 0.000000 0.269728 0.000000 -0.962937 1.000000 1.000000 1.000000
7334.084473 0.000000 2924.615479 0.000000 0.101668 0.000000 -0.994818 1.000000 1.000000 1.000000
7306.413086 0.000000 2908.252686 0.000000 0.168091 0.000000 -0.985772 1.000000 1.000000 1.000000
7267.230957 0.000000 2935.188721 0.000000 0.404543 0.000000 -0.914519 1.000000 1.000000 1.000000
7345.914551 0.000000 2932.028564 0.000000 0.145468 0.000000 -0.989363 1.000000 1.000000 1.000000
7302.896484 0.000000 2950.666504 0.000000 0.483523 0.000000 -0.875332 1.000000 1.000000 1.000000
7392.888672 0.000000 2969.017822 0.000000 0.304662 0.000000 -0.952460 1.000000 1.000000 1.000000
7390.791504 0.000000 2966.954346 0.000000 0.373536 0.000000 -0.927616 1.000000 1.000000 1.000000
7517.221191 0.000000 2871.841553 0.000000 0.336227 0.000000 -0.941781 1.000000 1.000000 1.000000
7500.803711 0.000000 2835.251465 0.000000 0.496451 0.000000 -0.868065 1.000000 1.000000 1.000000
7444.424805 0.000000 2889.431641 0.000000 0.297156 0.000000 -0.954829 1.000000 1.000000 1.000000
7440.742188 0.000000 2969.365967 0.000000 0.178806 0.000000 -0.983884 1.000000 1.000000 1.000000
7433.827148 0.000000 2957.532227 0.000000 0.167102 0.000000 -0.985940 1.000000 1.000000 1.000000
7441.833984 0.000000 2971.133789 0.000000 0.393409 0.000000 -0.919364 1.000000 1.000000 1.000000
4060.926270 0.000000 3591.875000 0.000000 0.493310 0.000000 -0.869854 1.000000 1.000000 1.000000
4667.283691 0.000000 3984.130859 0.000000 0.190257 0.000000 -0.981734 1.000000 1.000000 1.000000
4729.265137 0.000000 4031.991943 0.000000 0.403348 0.000000 -0.915047 1.000000 1.000000 1.000000
4815.715332 0.000000 4048.159180 0.000000 0.376663 0.000000 -0.926350 1.000000 1.000000 1.000000
4880.472656 0.000000 4006.705322 0.000000 0.209485 0.000000 -0.977812 1.000000 1.000000 1.000000
4899.780273 0.000000 4015.641602 0.000000 0.411830 0.000000 -0.911261 1.000000 1.000000 1.000000
4967.361816 0.000000 4043.734131 0.000000 0.150796 0.000000 -0.988565 1.000000 1.000000 1.000000
4914.505371 0.000000 4129.637695 0.000000 0.287714 0.000000 -0.957716 1.000000 1.000000 1.000000
4887.726562 0.000000 4144.905273 0.000000 0.385719 0.000000 -0.922616 1.000000 1.000000 1.000000
4889.632324 0.000000 4145.069336 0.000000 0.269381 0.000000 -0.963034 1.000000 1.000000 1.000000
4966.444336 0.000000 4119.622070 0.000000 0.255725 0.000000 -0.966750 1.000000 1.000000 1.000000
4967.028320 0.000000 4116.527832 0.000000 0.255355 0.000000 -0.966847 1.000000 1.000000 1.000000
4999.649902 0.000000 4068.225830 0.000000 0.117499 0.000000 -0.993073 1.000000 1.000000 1.000000
4588.580566 0.000000 4425.706055 0.000000 0.201780 0.000000 -0.979431 1.000000 1.000000 1.000000
5059.153320 0.000000 4160.060547 0.000000 0.312905 0.000000 -0.949784 1.000000 1.000000 1.000000
5057.775879 0.000000 4161.434570 0.000000 0.359525 0.000000 -0.933136 1.000000 1.000000 1.000000
5007.905762 0.000000 4214.757324 0.000000 0.482260 0.000000 -0.876028 1.000000 1.000000 1.000000
6113.640625 0.000000 3955.174316 0.000000 0.087387 0.000000 -0.996174 1.000000 1.000000 1.000000
6120.904297 0.000000 3934.050781 0.000000 0.132284 0.000000 -0.991212 1.000000 1.000000 1.000000
6120.688965 0.000000 4011.920898 0.000000 0.109917 0.000000 -0.993941 1.000000 1.000000 1.000000
6104.613281 0.000000 3997.245361 0.000000 0.196953 0.000000 -0.980413 1.000000 1.000000 1.000000
6124.157227 0.000000 3986.171143 0.000000 0.295536 0.000000 -0.955332 1.000000 1.000000 1.000000
6097.256836 0.000000 3999.604492 0.000000 0.340274 0.000000 -0.940326 1.000000 1.000000 1.000000
6119.221191 0.000000 3996.491943 0.000000 0.397196 0.000000 -0.917734 1.000000 1.000000 1.000000
6036.231934 0.000000 4059.182373 0.000000 0.344064 0.000000 -0.938946 1.000000 1.000000 1.000000
6076.499512 0.000000 4033.183838 0.000000 0.341368 0.000000 -0.939930 1.000000 1.000000 1.000000
6051.229004 0.000000 4018.192627 0.000000 0.243555 0.000000 -0.969887 1.000000 1.000000 1.000000
6106.428711 0.000000 4039.245361 0.000000 0.453227 0.000000 -0.891395 1.000000 1.000000 1.000000
6140.636230 0.000000 4015.788818 0.000000 0.306889 0.000000 -0.951745 1.000000 1.000000 1.000000
6120.688965 0.000000 4059.163086 0.000000 0.161133 0.000000 -0.986933 1.000000 1.000000 1.000000
6140.042480 0.000000 4046.074707 0.000000 0.160308 0.000000 -0.987067 1.000000 1.000000 1.000000
6140.189941 0.000000 4055.538086 0.000000 0.288147 0.000000 -0.957586 1.000000 1.000000 1.000000
6142.687500 0.000000 4054.280518 0.000000 0.393498 0.000000 -0.919325 1.000000 1.000000 1.000000
6081.703613 0.000000 4036.202393 0.000000 0.277622 0.000000 -0.960690 1.000000 1.000000 1.000000
5988.305664 0.000000 4128.471191 0.000000 0.196520 0.000000 -0.980500 1.000000 1.000000 1.000000
6074.322754 0.000000 4108.706055 0.000000 0.121562 0.000000 -0.992584 1.000000 1.000000 1.000000
6028.447754 0.000000 4106.923340 0.000000 0.436318 0.000000 -0.899792 1.000000 1.000000 1.000000
6032.802734 0.000000 4074.615967 0.000000 0.160633 0.000000 -0.987014 1.000000 1.000000 1.000000
6036.596680 0.000000 4070.486328 0.000000 0.341231 0.000000 -0.939979 1.000000 1.000000 1.000000
6061.769043 0.000000 4108.118164 0.000000 0.159365 0.000000 -0.987220 1.000000 1.000000 1.000000
6035.702148 0.000000 4066.713379 0.000000 0.113387 0.000000 -0.993551 1.000000 1.000000 1.000000
6067.331055 0.000000 4104.311523 0.000000 0.277592 0.000000 -0.960699 1.000000 1.000000 1.000000
6042.436523 0.000000 4133.729980 0.000000 0.378790 0.000000 -0.925483 1.000000 1.000000 1.000000
6027.165039 0.000000 4132.517578 0.000000 0.454365 0.000000 -0.890816 1.000000 1.000000 1.000000
6102.921387 0.000000 4125.310059 0.000000 0.119841 0.000000 -0.992793 1.000000 1.000000 1.000000
5983.588379 0.000000 4161.793945 0.000000 0.352212 0.000000 -0.935920 1.000000 1.000000 1.000000
5977.041504 0.000000 4162.875000 0.000000 0.089231 0.000000 -0.996011 1.000000 1.000000 1.000000
5980.603027 0.000000 4163.478516 0.000000 0.187958 0.000000 -0.982177 1.000000 1.000000 1.000000
6080.275879 0.000000 4180.233887 0.000000 0.198793 0.000000 -0.980041 1.000000 1.000000 1.000000
6066.070801 0.000000 4207.567871 0.000000 0.092279 0.000000 -0.995733 1.000000 1.000000 1.000000
6317.229004 0.000000 3767.157715 0.000000 0.226647 0.000000 -0.973977 1.000000 1.000000 1.000000
7378.975098 0.000000 3106.268555 0.000000 0.327204 0.000000 -0.944954 1.000000 1.000000 1.000000
7377.234863 0.000000 3106.724365 0.000000 0.333255 0.000000 -0.942837 1.000000 1.000000 1.000000
7414.780762 0.000000 3122.831299 0.000000 0.186163 0.000000 -0.982519 1.000000 1.000000 1.000000
7408.516602 0.000000 3124.065430 0.000000 0.294228 0.000000 -0.955735 1.000000 1.000000 1.000000
7437.646973 0.000000 3171.865967 0.000000 0.400085 0.000000 -0.916478 1.000000 1.000000 1.000000
7396.950684 0.000000 3220.686279 0.000000 0.434668 0.000000 -0.900591 1.000000 1.000000 1.000000
6228.208496 0.000000 3870.213623 0.000000 0.343584 0.000000 -0.939122 1.000000 1.000000 1.000000
6327.605469 0.000000 3779.491211 0.000000 0.455802 0.000000 -0.890081 1.000000 1.000000 1.000000
6306.651855 0.000000 3795.429932 0.000000 0.132812 0.000000 -0.991141 1.000000 1.000000 1.000000
6280.336426 0.000000 3779.424316 0.000000 0.253422 0.000000 -0.967356 1.000000 1.000000 1.000000
6301.498535 0.000000 3868.100830 0.000000 0.407577 0.000000 -0.913171 1.000000 1.000000 1.000000
6153.762695 0.000000 3898.439453 0.000000 0.385171 0.000000 -0.922845 1.000000 1.000000 1.000000
6266.299316 0.000000 3919.737549 0.000000 0.188287 0.000000 -0.982114 1.000000 1.000000 1.000000
6262.152344 0.000000 3933.055176 0.000000 0.445727 0.000000 -0.895169 1.000000 1.000000 1.000000
6216.595703 0.000000 3948.048828 0.000000 0.389650 0.000000 -0.920963 1.000000 1.000000 1.000000
6231.463867 0.000000 3967.286865 0.000000 0.326476 0.000000 -0.945206 1.000000 1.000000 1.000000
6312.058594 0.000000 3883.261719 0.000000 0.365357 0.000000 -0.930867 1.000000 1.000000 1.000000
6299.502441 0.000000 3873.979492 0.000000 0.279767 0.000000 -0.960068 1.000000 1.000000 1.000000
6156.432129 0.000000 4012.438965 0.000000 0.318154 0.000000 -0.948039 1.000000 1.000000 1.000000
6206.189941 0.000000 3995.640381 0.000000 0.268263 0.000000 -0.963346 1.000000 1.000000 1.000000
6218.683105 0.000000 3979.045166 0.000000 0.417808 0.000000 -0.908536 1.000000 1.000000 1.000000
6211.018066 0.000000 3979.322998 0.000000 0.400952 0.000000 -0.916099 1.000000 1.000000 1.000000
6211.280762 0.000000 4002.590332 0.000000 0.337095 0.000000 -0.941471 1.000000 1.000000 1.000000
6210.883301 0.000000 4010.736572 0.000000 0.213929 0.000000 -0.976849 1.000000 1.000000 1.000000
6209.687988 0.000000 3988.960205 0.000000 0.335778 0.000000 -0.941941 1.000000 1.000000 1.000000
6198.160156 0.000000 4027.539551 0.000000 0.127879 0.000000 -0.991790 1.000000 1.000000 1.000000
6149.700195 0.000000 4015.830322 0.000000 0.474230 0.000000 -0.880401 1.000000 1.000000 1.000000
6190.910156 0.000000 4045.726074 0.000000 0.481493 0.000000 -0.876450 1.000000 1.000000 1.000000
6186.112793 0.000000 4042.569336 0.000000 0.200755 0.000000 -0.979641 1.000000 1.000000 1.000000
6152.352051 0.000000 4015.635254 0.000000 0.496243 0.000000 -0.868183 1.000000 1.000000 1.000000
6143.257324 0.000000 4054.290039 0.000000 0.472468 0.000000 -0.881348 1.000000 1.000000 1.000000
6211.018066 0.000000 4026.565186 0.000000 0.380793 0.000000 -0.924660 1.000000 1.000000 1.000000
6233.010254 0.000000 4021.148438 0.000000 0.317173 0.000000 -0.948368 1.000000 1.000000 1.000000
6226.952148 0.000000 4056.285400 0.000000 0.244330 0.000000 -0.969692 1.000000 1.000000 1.000000
6280.587891 0.000000 3995.291016 0.000000 0.245595 0.000000 -0.969373 1.000000 1.000000 1.000000
6172.487305 0.000000 4142.898438 0.000000 0.315707 0.000000 -0.948857 1.000000 1.000000 1.000000
6196.896484 0.000000 4160.583984 0.000000 0.347886 0.000000 -0.937537 1.000000 1.000000 1.000000
6199.621094 0.000000 4157.429199 0.000000 0.252271 0.000000 -0.967657 1.000000 1.000000 1.000000
6157.415039 0.000000 4193.546875 0.000000 0.204986 0.000000 -0.978765 1.000000 1.000000 1.000000
"}
object={
	name="tree_cedar_generator_1_3"
	render_pass=Map
	clamp_to_water_level=no
	generated_content=yes
	layer="tree_high_layer"
	pdxmesh="tree_cedar_04_mesh"
	count=51
	transform="2956.871826 0.000000 308.296844 0.000000 0.024187 0.000000 -0.999707 1.000000 1.000000 1.000000
3263.604736 0.000000 373.064331 0.000000 0.036376 0.000000 -0.999338 1.000000 1.000000 1.000000
3225.287109 0.000000 463.700439 0.000000 0.058547 0.000000 -0.998285 1.000000 1.000000 1.000000
3280.201416 0.000000 489.547180 0.000000 0.063257 0.000000 -0.997997 1.000000 1.000000 1.000000
3578.627197 0.000000 2171.776611 0.000000 0.064514 0.000000 -0.997917 1.000000 1.000000 1.000000
3578.187744 0.000000 2209.731201 0.000000 0.010445 0.000000 -0.999945 1.000000 1.000000 1.000000
3600.716553 0.000000 2160.337158 0.000000 0.024803 0.000000 -0.999692 1.000000 1.000000 1.000000
3772.569092 0.000000 2151.894775 0.000000 0.081485 0.000000 -0.996675 1.000000 1.000000 1.000000
3790.335449 0.000000 2135.184814 0.000000 0.075078 0.000000 -0.997178 1.000000 1.000000 1.000000
3790.196777 0.000000 2141.446777 0.000000 0.085772 0.000000 -0.996315 1.000000 1.000000 1.000000
3373.799316 0.000000 2589.895752 0.000000 0.031797 0.000000 -0.999494 1.000000 1.000000 1.000000
3356.835449 0.000000 2610.930420 0.000000 0.053885 0.000000 -0.998547 1.000000 1.000000 1.000000
3426.243896 0.000000 2665.547607 0.000000 0.000291 0.000000 -1.000000 1.000000 1.000000 1.000000
4505.667969 0.000000 820.524536 0.000000 0.061509 0.000000 -0.998107 1.000000 1.000000 1.000000
4122.820801 0.000000 978.266602 0.000000 0.055452 0.000000 -0.998461 1.000000 1.000000 1.000000
6081.760254 0.000000 2204.262939 0.000000 0.004799 0.000000 -0.999988 1.000000 1.000000 1.000000
6299.877930 0.000000 2062.223633 0.000000 0.025675 0.000000 -0.999670 1.000000 1.000000 1.000000
6317.440430 0.000000 2117.473877 0.000000 0.041180 0.000000 -0.999152 1.000000 1.000000 1.000000
6349.103516 0.000000 2205.443115 0.000000 0.057297 0.000000 -0.998357 1.000000 1.000000 1.000000
6912.987793 0.000000 2411.857422 0.000000 0.036491 0.000000 -0.999334 1.000000 1.000000 1.000000
7120.505371 0.000000 2430.132568 0.000000 0.074675 0.000000 -0.997208 1.000000 1.000000 1.000000
6879.479004 0.000000 2555.559570 0.000000 0.010644 0.000000 -0.999943 1.000000 1.000000 1.000000
7151.523438 0.000000 2465.073242 0.000000 0.016380 0.000000 -0.999866 1.000000 1.000000 1.000000
7158.824707 0.000000 2511.236572 0.000000 0.081782 0.000000 -0.996650 1.000000 1.000000 1.000000
6958.257812 0.000000 2678.714600 0.000000 0.038414 0.000000 -0.999262 1.000000 1.000000 1.000000
7167.424805 0.000000 2517.449219 0.000000 0.034021 0.000000 -0.999421 1.000000 1.000000 1.000000
7197.389160 0.000000 2639.803955 0.000000 0.060204 0.000000 -0.998186 1.000000 1.000000 1.000000
7320.344727 0.000000 2587.254883 0.000000 0.017853 0.000000 -0.999841 1.000000 1.000000 1.000000
7320.051758 0.000000 2577.976318 0.000000 0.072011 0.000000 -0.997404 1.000000 1.000000 1.000000
7310.366699 0.000000 2586.894531 0.000000 0.000739 0.000000 -1.000000 1.000000 1.000000 1.000000
7266.253906 0.000000 2655.253662 0.000000 0.032089 0.000000 -0.999485 1.000000 1.000000 1.000000
7357.872559 0.000000 2656.513916 0.000000 0.066165 0.000000 -0.997809 1.000000 1.000000 1.000000
7365.922363 0.000000 2736.566650 0.000000 0.027052 0.000000 -0.999634 1.000000 1.000000 1.000000
7336.540527 0.000000 2783.624023 0.000000 0.043767 0.000000 -0.999042 1.000000 1.000000 1.000000
7300.701172 0.000000 2751.086426 0.000000 0.075322 0.000000 -0.997159 1.000000 1.000000 1.000000
7371.634766 0.000000 2785.741211 0.000000 0.076216 0.000000 -0.997091 1.000000 1.000000 1.000000
7384.802734 0.000000 2744.299072 0.000000 0.000241 0.000000 -1.000000 1.000000 1.000000 1.000000
7464.712891 0.000000 2707.409912 0.000000 0.003365 0.000000 -0.999994 1.000000 1.000000 1.000000
7432.049805 0.000000 2805.002441 0.000000 0.059108 0.000000 -0.998252 1.000000 1.000000 1.000000
7502.965332 0.000000 2834.145752 0.000000 0.086519 0.000000 -0.996250 1.000000 1.000000 1.000000
4966.338867 0.000000 4118.470215 0.000000 0.039087 0.000000 -0.999236 1.000000 1.000000 1.000000
6130.780273 0.000000 3904.798096 0.000000 0.021356 0.000000 -0.999772 1.000000 1.000000 1.000000
6097.062500 0.000000 4014.008301 0.000000 0.010768 0.000000 -0.999942 1.000000 1.000000 1.000000
6121.078613 0.000000 3990.038086 0.000000 0.030342 0.000000 -0.999540 1.000000 1.000000 1.000000
6083.296387 0.000000 4049.832520 0.000000 0.043024 0.000000 -0.999074 1.000000 1.000000 1.000000
6105.472656 0.000000 4127.478027 0.000000 0.010245 0.000000 -0.999948 1.000000 1.000000 1.000000
6110.782715 0.000000 4144.808105 0.000000 0.049125 0.000000 -0.998793 1.000000 1.000000 1.000000
6236.436035 0.000000 3829.711182 0.000000 0.082987 0.000000 -0.996551 1.000000 1.000000 1.000000
6209.196777 0.000000 3997.174805 0.000000 0.015554 0.000000 -0.999879 1.000000 1.000000 1.000000
6180.238770 0.000000 4044.814453 0.000000 0.064916 0.000000 -0.997891 1.000000 1.000000 1.000000
6199.621094 0.000000 4015.702148 0.000000 0.018823 0.000000 -0.999823 1.000000 1.000000 1.000000
"}
