object={
	name="tree_jungle_01_c_generator_1_0"
	render_pass=Map
	clamp_to_water_level=no
	generated_content=yes
	layer="tree_high_layer"
	pdxmesh="tree_jungle_01_c_mesh"
	count=4100
	transform="3029.503174 0.000000 405.470215 0.000000 0.854679 0.000000 -0.519157 0.980949 0.980949 0.980949
3055.165527 0.000000 403.026184 0.000000 0.798754 0.000000 -0.601658 1.159646 1.159646 1.159646
3055.967041 0.000000 402.172363 0.000000 0.744949 0.000000 0.667122 0.606262 0.606262 0.606262
3167.932129 0.000000 287.934326 0.000000 0.299234 0.000000 -0.954180 0.993938 0.993938 0.993938
3197.294922 0.000000 345.414490 0.000000 0.676334 0.000000 0.736595 0.853488 0.853488 0.853488
3194.744873 0.000000 342.049591 0.000000 0.534880 0.000000 0.844928 0.768842 0.768842 0.768842
3243.091797 0.000000 371.618225 0.000000 0.787706 0.000000 -0.616051 0.959652 0.959652 0.959652
3127.810303 0.000000 414.130371 0.000000 0.837485 0.000000 -0.546461 0.920784 0.920784 0.920784
3129.061035 0.000000 419.488831 0.000000 0.098729 0.000000 0.995114 0.628808 0.628808 0.628808
3126.935059 0.000000 416.608948 0.000000 0.943793 0.000000 0.330536 0.706987 0.706987 0.706987
3126.333740 0.000000 417.786346 0.000000 0.372813 0.000000 0.927907 0.218892 0.218892 0.218892
3132.557129 0.000000 465.131592 0.000000 0.889926 0.000000 -0.456104 0.967042 0.967042 0.967042
3130.668945 0.000000 467.793976 0.000000 0.719046 0.000000 -0.694963 0.996681 0.996681 0.996681
3091.074463 0.000000 431.352875 0.000000 0.118019 0.000000 0.993011 0.707447 0.707447 0.707447
3132.537109 0.000000 467.192169 0.000000 0.794025 0.000000 -0.607885 1.054151 1.054151 1.054151
3125.404541 0.000000 443.034912 0.000000 0.340241 0.000000 0.940338 0.649809 0.649809 0.649809
3131.893311 0.000000 439.397156 0.000000 0.981205 0.000000 0.192967 0.860296 0.860296 0.860296
3128.545166 0.000000 438.967773 0.000000 0.953497 0.000000 0.301401 0.798189 0.798189 0.798189
3125.655029 0.000000 441.855652 0.000000 0.083139 0.000000 -0.996538 1.752310 1.752310 1.752310
3112.302734 0.000000 432.250732 0.000000 0.706672 0.000000 -0.707541 1.175509 1.175509 1.175509
3129.579102 0.000000 438.527344 0.000000 0.918511 0.000000 0.395395 0.764823 0.764823 0.764823
3124.693848 0.000000 441.786835 0.000000 0.989464 0.000000 0.144781 0.816754 0.816754 0.816754
3175.580078 0.000000 453.327698 0.000000 0.020968 0.000000 -0.999780 0.980093 0.980093 0.980093
3174.302979 0.000000 454.444855 0.000000 0.160419 0.000000 -0.987049 1.185066 1.185066 1.185066
3174.373291 0.000000 455.964478 0.000000 0.974580 0.000000 0.224039 0.854307 0.854307 0.854307
3177.032227 0.000000 455.164520 0.000000 0.609603 0.000000 0.792707 0.663510 0.663510 0.663510
3237.458252 0.000000 386.154907 0.000000 0.240947 0.000000 -0.970538 0.968601 0.968601 0.968601
3238.655273 0.000000 387.488708 0.000000 0.380357 0.000000 -0.924840 1.051205 1.051205 1.051205
3300.590088 0.000000 407.165863 0.000000 0.101716 0.000000 -0.994814 0.909901 0.909901 0.909901
3302.715820 0.000000 410.070740 0.000000 0.265769 0.000000 0.964037 0.859050 0.859050 0.859050
3222.817627 0.000000 468.009186 0.000000 0.729057 0.000000 -0.684453 1.218439 1.218439 1.218439
3198.835693 0.000000 474.279938 0.000000 0.206953 0.000000 0.978351 0.648996 0.648996 0.648996
3198.984863 0.000000 475.666870 0.000000 0.831986 0.000000 -0.554796 1.008358 1.008358 1.008358
3179.489258 0.000000 498.922577 0.000000 0.996117 0.000000 -0.088045 0.930307 0.930307 0.930307
3226.682861 0.000000 492.898651 0.000000 0.737165 0.000000 -0.675712 1.070038 1.070038 1.070038
3199.637939 0.000000 474.663300 0.000000 0.463603 0.000000 -0.886043 1.100595 1.100595 1.100595
3229.308105 0.000000 493.279510 0.000000 0.471523 0.000000 0.881854 0.584601 0.584601 0.584601
3398.113037 0.000000 411.022675 0.000000 0.984151 0.000000 -0.177335 0.915222 0.915222 0.915222
3359.956055 0.000000 433.275116 0.000000 0.890004 0.000000 0.455952 0.880852 0.880852 0.880852
3403.627686 0.000000 431.484100 0.000000 0.173689 0.000000 0.984801 0.824708 0.824708 0.824708
3422.595947 0.000000 425.961334 0.000000 0.568485 0.000000 0.822694 0.810997 0.810997 0.810997
3771.219482 0.000000 553.988647 0.000000 0.749335 0.000000 -0.662191 0.955290 0.955290 0.955290
3770.590820 0.000000 562.278381 0.000000 0.978036 0.000000 -0.208438 0.908021 0.908021 0.908021
3768.186768 0.000000 563.941406 0.000000 0.432372 0.000000 -0.901695 1.000991 1.000991 1.000991
3774.444580 0.000000 526.363220 0.000000 0.204016 0.000000 0.978967 0.823306 0.823306 0.823306
3776.526611 0.000000 527.748352 0.000000 0.281963 0.000000 -0.959425 0.940420 0.940420 0.940420
3786.979492 0.000000 624.849731 0.000000 0.052085 0.000000 0.998643 0.882938 0.882938 0.882938
3786.353760 0.000000 622.534729 0.000000 0.777110 0.000000 -0.629365 0.964241 0.964241 0.964241
3788.797607 0.000000 624.523926 0.000000 0.950658 0.000000 -0.310241 0.941109 0.941109 0.941109
3836.917236 0.000000 661.593262 0.000000 0.662302 0.000000 -0.749237 0.907612 0.907612 0.907612
3926.838623 0.000000 592.428406 0.000000 0.744312 0.000000 -0.667832 0.939435 0.939435 0.939435
3928.465820 0.000000 593.804321 0.000000 0.126265 0.000000 -0.991997 1.042778 1.042778 1.042778
3929.212646 0.000000 591.975647 0.000000 0.414973 0.000000 -0.909834 1.046372 1.046372 1.046372
3840.729248 0.000000 661.098877 0.000000 0.978817 0.000000 0.204737 0.899537 0.899537 0.899537
3893.663818 0.000000 642.628174 0.000000 0.781440 0.000000 -0.623981 0.922710 0.922710 0.922710
3888.487549 0.000000 639.495239 0.000000 0.640030 0.000000 0.768350 0.842903 0.842903 0.842903
3890.563232 0.000000 639.168335 0.000000 0.889259 0.000000 0.457404 0.829549 0.829549 0.829549
3912.876465 0.000000 641.095459 0.000000 0.932690 0.000000 -0.360680 0.916582 0.916582 0.916582
3912.559570 0.000000 643.292664 0.000000 0.163198 0.000000 0.986593 0.789362 0.789362 0.789362
3928.465820 0.000000 641.046509 0.000000 0.995557 0.000000 -0.094162 0.913349 0.913349 0.913349
3929.212646 0.000000 639.217834 0.000000 0.450828 0.000000 -0.892611 1.031363 1.031363 1.031363
3850.971680 0.000000 672.091919 0.000000 0.983634 0.000000 -0.180179 0.900407 0.900407 0.900407
3885.198975 0.000000 662.263428 0.000000 0.899768 0.000000 0.436368 0.895942 0.895942 0.895942
3851.572998 0.000000 667.695068 0.000000 0.153290 0.000000 -0.988181 0.954122 0.954122 0.954122
3880.147949 0.000000 667.316650 0.000000 0.124160 0.000000 0.992262 0.805758 0.805758 0.805758
4034.444092 0.000000 1267.367188 0.000000 0.031874 0.000000 -0.999492 0.910373 0.910373 0.910373
4044.689697 0.000000 1272.391968 0.000000 0.357166 0.000000 0.934041 0.870203 0.870203 0.870203
4038.328369 0.000000 1272.058716 0.000000 0.926542 0.000000 0.376192 0.895667 0.895667 0.895667
4041.614258 0.000000 1270.074707 0.000000 0.788869 0.000000 -0.614561 0.932715 0.932715 0.932715
4058.678711 0.000000 1346.440552 0.000000 0.957857 0.000000 0.287246 0.898691 0.898691 0.898691
4090.564697 0.000000 1368.659180 0.000000 0.717158 0.000000 0.696911 0.898267 0.898267 0.898267
4044.739014 0.000000 1347.625000 0.000000 0.998543 0.000000 -0.053958 0.900485 0.900485 0.900485
4065.294678 0.000000 1362.783447 0.000000 0.408835 0.000000 -0.912608 0.907749 0.907749 0.907749
4068.496338 0.000000 1352.009644 0.000000 0.992366 0.000000 0.123331 0.899167 0.899167 0.899167
4052.702881 0.000000 1355.656006 0.000000 0.843493 0.000000 0.537141 0.894904 0.894904 0.894904
4087.693115 0.000000 1358.974243 0.000000 0.225971 0.000000 -0.974134 0.912069 0.912069 0.912069
4048.107666 0.000000 1339.906616 0.000000 0.551439 0.000000 0.834215 0.893349 0.893349 0.893349
4092.741211 0.000000 1340.378906 0.000000 0.075127 0.000000 0.997174 0.889919 0.889919 0.889919
4060.744873 0.000000 1355.609009 0.000000 0.853714 0.000000 -0.520742 0.906153 0.906153 0.906153
4092.291992 0.000000 1353.269897 0.000000 0.914918 0.000000 -0.403641 0.903734 0.903734 0.903734
4051.338379 0.000000 1346.029785 0.000000 0.284691 0.000000 0.958619 0.882715 0.882715 0.882715
3891.053467 0.000000 1448.204102 0.000000 0.785323 0.000000 -0.619086 0.918000 0.918000 0.918000
3892.033447 0.000000 1452.063965 0.000000 0.822681 0.000000 -0.568504 0.927173 0.927173 0.927173
3894.515869 0.000000 1450.984619 0.000000 0.897003 0.000000 -0.442025 0.942179 0.942179 0.942179
3893.374756 0.000000 1448.919922 0.000000 0.997949 0.000000 -0.064018 0.904462 0.904462 0.904462
3920.677490 0.000000 1451.704346 0.000000 0.999604 0.000000 0.028127 0.898230 0.898230 0.898230
3953.381836 0.000000 1482.869629 0.000000 0.985138 0.000000 0.171766 0.898061 0.898061 0.898061
3940.555664 0.000000 1482.908325 0.000000 0.667843 0.000000 -0.744303 0.964132 0.964132 0.964132
3951.466064 0.000000 1480.207031 0.000000 0.454170 0.000000 -0.890915 0.946932 0.946932 0.946932
3942.588867 0.000000 1480.319824 0.000000 0.398790 0.000000 0.917042 0.746143 0.746143 0.746143
3988.890137 0.000000 1455.338867 0.000000 0.873673 0.000000 -0.486514 0.936532 0.936532 0.936532
3978.761230 0.000000 1450.416626 0.000000 0.791471 0.000000 0.611207 0.874882 0.874882 0.874882
3987.388916 0.000000 1452.791992 0.000000 0.493183 0.000000 0.869925 0.850218 0.850218 0.850218
3974.627686 0.000000 1420.166992 0.000000 0.925361 0.000000 0.379086 0.858067 0.858067 0.858067
3986.692627 0.000000 1454.946045 0.000000 0.283312 0.000000 -0.959028 1.044200 1.044200 1.044200
3984.875244 0.000000 1436.585815 0.000000 0.624275 0.000000 -0.781205 0.990655 0.990655 0.990655
4077.501953 0.000000 1452.290527 0.000000 0.361389 0.000000 -0.932415 0.910794 0.910794 0.910794
4072.938965 0.000000 1460.842651 0.000000 0.251722 0.000000 -0.967799 0.914788 0.914788 0.914788
4081.750977 0.000000 1461.302368 0.000000 0.943877 0.000000 -0.330297 0.903782 0.903782 0.903782
4077.175537 0.000000 1465.380615 0.000000 0.981541 0.000000 -0.191252 0.901730 0.901730 0.901730
1758.041626 0.000000 2258.990723 0.000000 0.964670 0.000000 -0.263463 0.970687 0.970687 0.970687
1702.509399 0.000000 2268.512451 0.000000 0.584052 0.000000 -0.811716 0.923408 0.923408 0.923408
1723.247681 0.000000 2285.148438 0.000000 0.583368 0.000000 -0.812208 1.119379 1.119379 1.119379
1720.736206 0.000000 2284.666748 0.000000 0.986093 0.000000 0.166195 0.845226 0.845226 0.845226
1702.323120 0.000000 2271.839111 0.000000 0.706479 0.000000 -0.707734 1.196806 1.196806 1.196806
1702.262939 0.000000 2270.781250 0.000000 0.963486 0.000000 0.267757 0.797679 0.797679 0.797679
3934.510986 0.000000 1582.225708 0.000000 0.278394 0.000000 -0.960467 0.960806 0.960806 0.960806
3936.060059 0.000000 1579.599365 0.000000 0.117293 0.000000 0.993097 0.795512 0.795512 0.795512
3939.942383 0.000000 1579.675049 0.000000 0.670771 0.000000 -0.741665 0.993869 0.993869 0.993869
3938.181396 0.000000 1578.977173 0.000000 0.362445 0.000000 -0.932005 1.034803 1.034803 1.034803
3994.686523 0.000000 1535.409302 0.000000 0.964647 0.000000 -0.263544 0.903595 0.903595 0.903595
3980.746826 0.000000 1536.593750 0.000000 0.881888 0.000000 0.471459 0.893381 0.893381 0.893381
4001.302490 0.000000 1551.752197 0.000000 0.718287 0.000000 0.695747 0.875795 0.875795 0.875795
4000.006348 0.000000 1526.510742 0.000000 0.856061 0.000000 -0.516875 0.923190 0.923190 0.923190
4008.339600 0.000000 1521.152222 0.000000 0.288741 0.000000 0.957407 0.888515 0.888515 0.888515
4001.967773 0.000000 1533.697754 0.000000 0.785967 0.000000 -0.618268 0.913479 0.913479 0.913479
3999.259766 0.000000 1538.531860 0.000000 0.511763 0.000000 -0.859127 0.927868 0.927868 0.927868
4009.161865 0.000000 1524.698975 0.000000 0.874563 0.000000 0.484912 0.855637 0.855637 0.855637
4001.038574 0.000000 1530.165161 0.000000 0.363847 0.000000 0.931459 0.851532 0.851532 0.851532
3996.968018 0.000000 1537.171631 0.000000 0.974633 0.000000 -0.223810 0.917244 0.917244 0.917244
3978.017090 0.000000 1532.228394 0.000000 0.716620 0.000000 0.697464 0.844503 0.844503 0.844503
3982.691895 0.000000 1535.334717 0.000000 0.995734 0.000000 0.092268 0.890450 0.890450 0.890450
3993.283447 0.000000 1564.554565 0.000000 0.682598 0.000000 0.730794 0.865015 0.865015 0.865015
3980.361572 0.000000 1578.992188 0.000000 0.526178 0.000000 0.850374 0.874871 0.874871 0.874871
4065.444092 0.000000 1604.480591 0.000000 0.523087 0.000000 -0.852279 0.929803 0.929803 0.929803
4065.890137 0.000000 1593.064819 0.000000 0.255468 0.000000 -0.966817 0.967826 0.967826 0.967826
4045.672363 0.000000 1595.226074 0.000000 0.575913 0.000000 -0.817511 0.936558 0.936558 0.936558
4066.950684 0.000000 1590.568115 0.000000 0.687873 0.000000 -0.725831 0.952926 0.952926 0.952926
4094.405518 0.000000 1565.691406 0.000000 0.539666 0.000000 -0.841879 0.967458 0.967458 0.967458
4072.331787 0.000000 1615.636597 0.000000 0.999760 0.000000 0.021910 0.898966 0.898966 0.898966
4065.263184 0.000000 1606.515137 0.000000 0.968749 0.000000 0.248043 0.891552 0.891552 0.891552
4073.643799 0.000000 1608.521606 0.000000 0.638011 0.000000 0.770027 0.870379 0.870379 0.870379
4072.124512 0.000000 1612.160522 0.000000 0.639411 0.000000 0.768865 0.858616 0.858616 0.858616
4062.517822 0.000000 1607.016113 0.000000 0.964860 0.000000 -0.262764 0.917325 0.917325 0.917325
3629.364502 0.000000 1863.909180 0.000000 0.142695 0.000000 -0.989767 1.111708 1.111708 1.111708
3634.107910 0.000000 1884.785034 0.000000 0.996271 0.000000 -0.086275 0.911063 0.911063 0.911063
3629.219482 0.000000 1862.213867 0.000000 0.723585 0.000000 -0.690235 1.012973 1.012973 1.012973
3630.928467 0.000000 1864.601685 0.000000 0.751382 0.000000 0.659868 0.757510 0.757510 0.757510
3635.752441 0.000000 1887.313721 0.000000 0.460268 0.000000 0.887780 0.637344 0.637344 0.637344
3629.811035 0.000000 1865.080078 0.000000 0.999266 0.000000 -0.038306 0.909642 0.909642 0.909642
4090.564697 0.000000 1793.838867 0.000000 0.163997 0.000000 -0.986461 1.196970 1.196970 1.196970
4086.275879 0.000000 1794.533813 0.000000 0.028175 0.000000 0.999603 0.685102 0.685102 0.685102
4084.841064 0.000000 1792.031616 0.000000 0.058335 0.000000 -0.998297 1.148073 1.148073 1.148073
4088.147705 0.000000 1792.238281 0.000000 0.986305 0.000000 0.164935 0.866494 0.866494 0.866494
4092.631104 0.000000 1793.568481 0.000000 0.696999 0.000000 0.717072 0.802984 0.802984 0.802984
4091.724609 0.000000 1791.959717 0.000000 0.986019 0.000000 -0.166632 0.919936 0.919936 0.919936
4088.535156 0.000000 1793.953491 0.000000 0.974601 0.000000 0.223948 0.854326 0.854326 0.854326
4089.889648 0.000000 1792.247070 0.000000 0.748605 0.000000 0.663017 0.753422 0.753422 0.753422
4086.692871 0.000000 1792.966675 0.000000 0.180629 0.000000 0.983551 0.681508 0.681508 0.681508
4076.688965 0.000000 1809.421021 0.000000 0.899378 0.000000 0.437173 0.865435 0.865435 0.865435
4090.341064 0.000000 1821.905273 0.000000 0.141011 0.000000 -0.990008 1.083056 1.083056 1.083056
4087.878662 0.000000 1795.319336 0.000000 0.995568 0.000000 0.094045 0.886879 0.886879 0.886879
4076.133301 0.000000 1805.595947 0.000000 0.497962 0.000000 -0.867199 0.996687 0.996687 0.996687
4084.092773 0.000000 1814.189941 0.000000 0.995993 0.000000 0.089436 0.890945 0.890945 0.890945
4089.743164 0.000000 1824.620728 0.000000 0.565223 0.000000 -0.824938 0.958852 0.958852 0.958852
4074.036621 0.000000 1806.042603 0.000000 0.712695 0.000000 -0.701474 1.067700 1.067700 1.067700
4075.300293 0.000000 1807.748291 0.000000 0.779867 0.000000 -0.625945 1.045888 1.045888 1.045888
4091.644531 0.000000 1822.119995 0.000000 0.797957 0.000000 -0.602715 1.102038 1.102038 1.102038
4086.561035 0.000000 1817.332153 0.000000 0.993744 0.000000 -0.111684 0.927661 0.927661 0.927661
4076.181885 0.000000 1806.824585 0.000000 0.898284 0.000000 0.439416 0.774267 0.774267 0.774267
4090.692139 0.000000 1823.062012 0.000000 0.941926 0.000000 0.335820 0.793039 0.793039 0.793039
3848.486816 0.000000 1907.400757 0.000000 0.863090 0.000000 -0.505051 0.907138 0.907138 0.907138
3856.638428 0.000000 1932.149292 0.000000 0.886533 0.000000 0.462665 0.867577 0.867577 0.867577
3846.036133 0.000000 1906.955444 0.000000 0.324105 0.000000 -0.946021 1.047753 1.047753 1.047753
3858.366943 0.000000 1933.499878 0.000000 0.284493 0.000000 -0.958678 1.021012 1.021012 1.021012
3847.220703 0.000000 1908.072388 0.000000 0.418193 0.000000 -0.908358 1.166238 1.166238 1.166238
3844.599365 0.000000 1908.557861 0.000000 0.433435 0.000000 -0.901185 1.202655 1.202655 1.202655
3865.623535 0.000000 1948.946289 0.000000 0.873957 0.000000 -0.486004 0.933069 0.933069 0.933069
3865.515625 0.000000 1951.561401 0.000000 0.351069 0.000000 0.936350 0.788340 0.788340 0.788340
3867.769287 0.000000 1948.423340 0.000000 0.202465 0.000000 0.979290 0.556011 0.556011 0.556011
3872.729248 0.000000 1946.889038 0.000000 0.755401 0.000000 -0.655263 0.980274 0.980274 0.980274
3869.889893 0.000000 1948.370117 0.000000 0.304400 0.000000 -0.952544 1.055894 1.055894 1.055894
3866.267578 0.000000 1950.284668 0.000000 0.013271 0.000000 -0.999912 1.295454 1.295454 1.295454
3866.820312 0.000000 1951.541016 0.000000 0.292130 0.000000 -0.956379 1.223554 1.223554 1.223554
3866.562988 0.000000 1948.069458 0.000000 0.889372 0.000000 0.457185 0.780509 0.780509 0.780509
3872.845459 0.000000 1944.055542 0.000000 0.989924 0.000000 -0.141599 0.949800 0.949800 0.949800
3872.684326 0.000000 1945.798218 0.000000 0.516943 0.000000 0.856020 0.539838 0.539838 0.539838
3772.780273 0.000000 2143.496338 0.000000 0.156729 0.000000 0.987642 0.677694 0.677694 0.677694
3775.319580 0.000000 2138.225098 0.000000 0.999954 0.000000 0.009571 0.899806 0.899806 0.899806
3762.156494 0.000000 2149.393555 0.000000 0.850440 0.000000 -0.526073 0.916181 0.916181 0.916181
3775.187988 0.000000 2140.730469 0.000000 0.999785 0.000000 -0.020719 0.906145 0.906145 0.906145
3774.021973 0.000000 2143.186035 0.000000 0.944521 0.000000 -0.328450 0.990986 0.990986 0.990986
3774.141357 0.000000 2141.351562 0.000000 0.671358 0.000000 0.741134 0.652419 0.652419 0.652419
3784.494629 0.000000 2143.611816 0.000000 0.683405 0.000000 -0.730040 0.923905 0.923905 0.923905
3783.498047 0.000000 2146.080566 0.000000 0.941301 0.000000 0.337569 0.876790 0.876790 0.876790
3783.228516 0.000000 2144.283447 0.000000 0.133465 0.000000 0.991054 0.444763 0.444763 0.444763
3775.576172 0.000000 2143.109863 0.000000 0.986915 0.000000 0.161240 0.855971 0.855971 0.855971
3775.631348 0.000000 2140.712402 0.000000 0.240291 0.000000 -0.970701 1.293910 1.293910 1.293910
4290.413086 0.000000 605.976440 0.000000 0.072852 0.000000 0.997343 0.879807 0.879807 0.879807
4290.870605 0.000000 607.559143 0.000000 0.234861 0.000000 -0.972029 1.436414 1.436414 1.436414
4288.995117 0.000000 606.421143 0.000000 0.251027 0.000000 -0.967980 1.121946 1.121946 1.121946
4291.671875 0.000000 606.423340 0.000000 0.119874 0.000000 -0.992789 1.483436 1.483436 1.483436
4313.154297 0.000000 652.669189 0.000000 0.381869 0.000000 0.924217 0.812582 0.812582 0.812582
4328.403809 0.000000 640.634460 0.000000 0.073070 0.000000 0.997327 0.694730 0.694730 0.694730
4326.863281 0.000000 640.888855 0.000000 0.967032 0.000000 -0.254654 0.962484 0.962484 0.962484
4311.082520 0.000000 655.916931 0.000000 1.000000 0.000000 0.000869 0.899785 0.899785 0.899785
4211.014648 0.000000 692.329041 0.000000 0.270760 0.000000 0.962647 0.698979 0.698979 0.698979
4191.373047 0.000000 727.538513 0.000000 0.364257 0.000000 0.931299 0.636214 0.636214 0.636214
4190.064941 0.000000 726.645935 0.000000 0.500294 0.000000 0.865856 0.669486 0.669486 0.669486
4232.969238 0.000000 715.151733 0.000000 0.529158 0.000000 0.848524 0.786174 0.786174 0.786174
4441.675781 0.000000 726.040161 0.000000 0.538199 0.000000 0.842818 0.836930 0.836930 0.836930
4445.758789 0.000000 728.318542 0.000000 0.580214 0.000000 0.814464 0.874337 0.874337 0.874337
4442.534668 0.000000 729.109619 0.000000 0.828249 0.000000 -0.560361 0.937422 0.937422 0.937422
4483.094238 0.000000 751.025513 0.000000 0.386251 0.000000 -0.922394 0.973874 0.973874 0.973874
4483.577637 0.000000 754.069702 0.000000 0.804954 0.000000 -0.593337 0.939962 0.939962 0.939962
4481.146484 0.000000 753.011536 0.000000 0.918728 0.000000 0.394891 0.874461 0.874461 0.874461
4202.020996 0.000000 766.714417 0.000000 0.984669 0.000000 0.174433 0.884242 0.884242 0.884242
4200.025391 0.000000 766.996704 0.000000 0.328489 0.000000 0.944508 0.666701 0.666701 0.666701
4435.291504 0.000000 779.123535 0.000000 0.889490 0.000000 -0.456955 0.915995 0.915995 0.915995
4466.378418 0.000000 794.326843 0.000000 0.997947 0.000000 -0.064041 0.900864 0.900864 0.900864
4461.330078 0.000000 796.395447 0.000000 0.927272 0.000000 0.374388 0.883618 0.883618 0.883618
4434.671875 0.000000 784.077698 0.000000 0.980425 0.000000 -0.196891 0.903117 0.903117 0.903117
4415.464355 0.000000 798.244019 0.000000 0.248855 0.000000 -0.968541 0.953358 0.953358 0.953358
4419.102051 0.000000 798.267700 0.000000 0.168462 0.000000 -0.985708 0.988174 0.988174 0.988174
4462.270996 0.000000 798.661011 0.000000 0.747431 0.000000 0.664340 0.854287 0.854287 0.854287
4438.737305 0.000000 814.982605 0.000000 0.088988 0.000000 -0.996033 0.946609 0.946609 0.946609
4456.892090 0.000000 846.694153 0.000000 0.898881 0.000000 -0.438192 0.913249 0.913249 0.913249
4432.061035 0.000000 820.242554 0.000000 0.103028 0.000000 -0.994678 0.962653 0.962653 0.962653
4476.393066 0.000000 843.069092 0.000000 0.887983 0.000000 -0.459875 0.926842 0.926842 0.926842
4471.002441 0.000000 822.120056 0.000000 0.368166 0.000000 -0.929760 0.983150 0.983150 0.983150
4432.998047 0.000000 814.904907 0.000000 0.643295 0.000000 -0.765619 0.917634 0.917634 0.917634
4478.981445 0.000000 838.368530 0.000000 0.972210 0.000000 -0.234109 0.914866 0.914866 0.914866
4466.070801 0.000000 826.612000 0.000000 0.113797 0.000000 -0.993504 0.958917 0.958917 0.958917
4453.296387 0.000000 848.300720 0.000000 0.980631 0.000000 -0.195867 0.908416 0.908416 0.908416
4441.234375 0.000000 812.301208 0.000000 0.265350 0.000000 -0.964152 0.981927 0.981927 0.981927
4457.569336 0.000000 849.807678 0.000000 0.875581 0.000000 -0.483071 0.931718 0.931718 0.931718
4476.568359 0.000000 840.154480 0.000000 0.869219 0.000000 -0.494428 0.932537 0.932537 0.932537
4468.794434 0.000000 847.187805 0.000000 0.841694 0.000000 0.539955 0.864115 0.864115 0.864115
4468.046387 0.000000 822.103943 0.000000 0.194148 0.000000 -0.980972 0.995802 0.995802 0.995802
4478.890625 0.000000 841.811523 0.000000 0.895311 0.000000 0.445442 0.870955 0.870955 0.870955
4468.036621 0.000000 828.563171 0.000000 0.341225 0.000000 0.939982 0.831325 0.831325 0.831325
4471.795898 0.000000 825.458496 0.000000 0.197458 0.000000 -0.980311 1.060306 1.060306 1.060306
4439.225586 0.000000 810.904236 0.000000 0.269934 0.000000 0.962879 0.818372 0.818372 0.818372
4500.419434 0.000000 846.713440 0.000000 0.731574 0.000000 0.681762 0.873031 0.873031 0.873031
4506.624023 0.000000 826.776489 0.000000 0.982532 0.000000 0.186093 0.896215 0.896215 0.896215
4509.750977 0.000000 822.802917 0.000000 0.937227 0.000000 0.348721 0.892797 0.892797 0.892797
4496.560547 0.000000 845.578918 0.000000 0.141792 0.000000 0.989897 0.810127 0.810127 0.810127
4503.373535 0.000000 824.373718 0.000000 0.982747 0.000000 0.184956 0.892058 0.892058 0.892058
4480.512695 0.000000 839.425598 0.000000 0.952424 0.000000 0.304776 0.888170 0.888170 0.888170
4497.257812 0.000000 848.781555 0.000000 0.999810 0.000000 0.019489 0.898949 0.898949 0.898949
4506.526855 0.000000 823.593994 0.000000 0.838530 0.000000 0.544855 0.863748 0.863748 0.863748
4479.460449 0.000000 841.821106 0.000000 0.925025 0.000000 -0.379907 0.924517 0.924517 0.924517
4465.587402 0.000000 850.515320 0.000000 0.996675 0.000000 0.081475 0.895968 0.895968 0.895968
4457.597168 0.000000 852.646545 0.000000 0.454886 0.000000 -0.890550 0.937025 0.937025 0.937025
4468.340820 0.000000 850.900513 0.000000 0.912349 0.000000 -0.409414 0.921799 0.921799 0.921799
4356.848145 0.000000 934.758118 0.000000 0.370807 0.000000 0.928710 0.851834 0.851834 0.851834
4332.375977 0.000000 962.670837 0.000000 0.964926 0.000000 0.262522 0.889257 0.889257 0.889257
4316.468262 0.000000 973.791138 0.000000 0.999014 0.000000 0.044392 0.897406 0.897406 0.897406
4328.357422 0.000000 960.786804 0.000000 0.850088 0.000000 -0.526640 0.934894 0.934894 0.934894
4350.374512 0.000000 951.542908 0.000000 0.973141 0.000000 -0.230211 0.914614 0.914614 0.914614
4316.929199 0.000000 970.265320 0.000000 0.393571 0.000000 0.919294 0.826626 0.826626 0.826626
4350.240234 0.000000 953.996277 0.000000 0.955730 0.000000 -0.294244 0.918790 0.918790 0.918790
4333.144531 0.000000 992.958740 0.000000 0.770891 0.000000 -0.636967 0.903103 0.903103 0.903103
4319.967773 0.000000 1006.846619 0.000000 0.723984 0.000000 -0.689817 0.920525 0.920525 0.920525
4328.907715 0.000000 1035.662964 0.000000 0.309811 0.000000 -0.950798 0.914108 0.914108 0.914108
4342.961914 0.000000 1033.706787 0.000000 0.646760 0.000000 0.762693 0.861018 0.861018 0.861018
4333.345703 0.000000 1032.606323 0.000000 0.944279 0.000000 0.329146 0.878899 0.878899 0.878899
4322.613281 0.000000 1001.776978 0.000000 0.999433 0.000000 0.033667 0.898638 0.898638 0.898638
4311.698242 0.000000 1038.270996 0.000000 0.978604 0.000000 0.205752 0.890222 0.890222 0.890222
4333.979980 0.000000 1037.375854 0.000000 0.786676 0.000000 -0.617366 0.935881 0.935881 0.935881
4338.739746 0.000000 998.009766 0.000000 0.583656 0.000000 -0.812001 0.942582 0.942582 0.942582
4339.541992 0.000000 1033.569092 0.000000 0.995780 0.000000 0.091777 0.895870 0.895870 0.895870
4322.659668 0.000000 1005.131226 0.000000 0.667051 0.000000 -0.745012 0.952882 0.952882 0.952882
4319.853027 0.000000 1003.713318 0.000000 0.713143 0.000000 0.701018 0.856364 0.856364 0.856364
4331.886719 0.000000 1035.128052 0.000000 0.996645 0.000000 -0.081849 0.905155 0.905155 0.905155
4340.810059 0.000000 1036.156494 0.000000 0.138118 0.000000 -0.990416 0.990106 0.990106 0.990106
4338.281738 0.000000 995.098755 0.000000 0.999823 0.000000 0.018838 0.898857 0.898857 0.898857
4334.286621 0.000000 1034.871948 0.000000 0.999349 0.000000 -0.036088 0.902271 0.902271 0.902271
4315.647461 0.000000 1084.036865 0.000000 0.576114 0.000000 -0.817370 0.960197 0.960197 0.960197
4315.744629 0.000000 1039.448242 0.000000 0.714231 0.000000 0.699910 0.886064 0.886064 0.886064
4311.876465 0.000000 1041.104736 0.000000 0.999999 0.000000 -0.001131 0.900071 0.900071 0.900071
4317.740723 0.000000 1080.811523 0.000000 0.249867 0.000000 0.968280 0.840760 0.840760 0.840760
4313.691406 0.000000 1103.977661 0.000000 0.909614 0.000000 -0.415454 0.926955 0.926955 0.926955
4315.744629 0.000000 1086.690430 0.000000 0.055554 0.000000 0.998456 0.872764 0.872764 0.872764
4325.712891 0.000000 1100.879272 0.000000 0.732360 0.000000 -0.680918 0.947123 0.947123 0.947123
4321.231934 0.000000 1086.851074 0.000000 0.883391 0.000000 0.468636 0.870410 0.870410 0.870410
4324.508789 0.000000 1104.970825 0.000000 0.987503 0.000000 -0.157598 0.904623 0.904623 0.904623
4315.729004 0.000000 1100.251831 0.000000 0.982590 0.000000 0.185787 0.888243 0.888243 0.888243
4350.138184 0.000000 1107.161133 0.000000 0.993989 0.000000 0.109483 0.895070 0.895070 0.895070
4335.419434 0.000000 1102.269531 0.000000 0.822934 0.000000 -0.568137 0.925796 0.925796 0.925796
4322.659668 0.000000 1099.615601 0.000000 0.998837 0.000000 0.048209 0.897724 0.897724 0.897724
4317.318848 0.000000 1103.165283 0.000000 0.027299 0.000000 0.999627 0.802894 0.802894 0.802894
4316.670410 0.000000 1089.664307 0.000000 0.969133 0.000000 -0.246538 0.911194 0.911194 0.911194
4322.894043 0.000000 1102.625122 0.000000 0.664996 0.000000 -0.746847 0.953055 0.953055 0.953055
4318.486816 0.000000 1087.352051 0.000000 0.047988 0.000000 0.998848 0.790510 0.790510 0.790510
4338.260742 0.000000 1102.460205 0.000000 0.133121 0.000000 0.991100 0.809576 0.809576 0.809576
4368.291016 0.000000 951.068665 0.000000 0.089989 0.000000 -0.995943 0.919962 0.919962 0.919962
4358.289551 0.000000 988.605530 0.000000 0.041738 0.000000 0.999129 0.807239 0.807239 0.807239
4372.799805 0.000000 952.501709 0.000000 0.321286 0.000000 0.946982 0.821754 0.821754 0.821754
4371.905273 0.000000 948.728882 0.000000 0.850522 0.000000 -0.525940 0.919910 0.919910 0.919910
4361.575684 0.000000 986.621521 0.000000 0.177211 0.000000 0.984173 0.812384 0.812384 0.812384
4361.261719 0.000000 990.583191 0.000000 0.823853 0.000000 0.566804 0.863441 0.863441 0.863441
4371.762207 0.000000 955.444763 0.000000 0.913312 0.000000 -0.407260 0.917907 0.917907 0.917907
4374.416992 0.000000 950.106567 0.000000 0.395760 0.000000 0.918354 0.834621 0.834621 0.834621
4380.798340 0.000000 998.251648 0.000000 0.910427 0.000000 0.413669 0.873169 0.873169 0.873169
4380.662598 0.000000 995.179871 0.000000 0.635515 0.000000 -0.772088 1.010994 1.010994 1.010994
4378.059570 0.000000 995.181641 0.000000 0.653525 0.000000 0.756905 0.830552 0.830552 0.830552
4352.486816 0.000000 1109.491577 0.000000 0.858740 0.000000 -0.512412 0.933847 0.933847 0.933847
4409.304199 0.000000 1102.976318 0.000000 0.952337 0.000000 -0.305048 0.939005 0.939005 0.939005
4404.054199 0.000000 1105.557129 0.000000 0.960077 0.000000 -0.279734 0.925481 0.925481 0.925481
4354.550293 0.000000 1111.231323 0.000000 0.999986 0.000000 0.005328 0.899665 0.899665 0.899665
4405.161621 0.000000 1106.766235 0.000000 0.998064 0.000000 0.062200 0.886575 0.886575 0.886575
4456.892090 0.000000 1130.147339 0.000000 0.053903 0.000000 0.998546 0.398989 0.398989 0.398989
4422.497559 0.000000 1100.664429 0.000000 0.252715 0.000000 0.967541 0.607419 0.607419 0.607419
4423.175781 0.000000 1102.473999 0.000000 0.516827 0.000000 -0.856090 1.026997 1.026997 1.026997
4422.362793 0.000000 1123.091431 0.000000 0.986789 0.000000 -0.162013 0.930348 0.930348 0.930348
4424.430664 0.000000 1122.446167 0.000000 0.890427 0.000000 0.455126 0.811880 0.811880 0.811880
4456.849121 0.000000 1131.655640 0.000000 0.555254 0.000000 -0.831681 1.224390 1.224390 1.224390
4503.826660 0.000000 1070.661865 0.000000 0.904624 0.000000 -0.426210 0.950454 0.950454 0.950454
4499.700684 0.000000 1085.142334 0.000000 0.805288 0.000000 -0.592884 0.957038 0.957038 0.957038
4501.617188 0.000000 1085.708008 0.000000 0.903212 0.000000 -0.429196 1.018610 1.018610 1.018610
4501.196777 0.000000 1084.256104 0.000000 0.999365 0.000000 -0.035643 0.909532 0.909532 0.909532
4499.712891 0.000000 1086.685181 0.000000 0.923171 0.000000 -0.384390 0.972693 0.972693 0.972693
4494.232910 0.000000 1117.843384 0.000000 0.559761 0.000000 0.828654 0.805635 0.805635 0.805635
4498.563965 0.000000 1088.700195 0.000000 0.795609 0.000000 0.605810 0.815190 0.815190 0.815190
4492.153809 0.000000 1116.530151 0.000000 0.074099 0.000000 0.997251 0.651155 0.651155 0.651155
4510.876953 0.000000 1129.005981 0.000000 0.085931 0.000000 -0.996301 1.220265 1.220265 1.220265
4785.280273 0.000000 915.963257 0.000000 0.800177 0.000000 0.599764 0.850863 0.850863 0.850863
4794.176270 0.000000 919.486206 0.000000 0.305568 0.000000 -0.952170 1.033089 1.033089 1.033089
4772.454102 0.000000 916.002075 0.000000 0.601599 0.000000 -0.798798 0.927028 0.927028 0.927028
4793.990723 0.000000 916.727112 0.000000 0.594623 0.000000 0.804005 0.847535 0.847535 0.847535
4777.242676 0.000000 919.295715 0.000000 0.242554 0.000000 0.970138 0.774885 0.774885 0.774885
4786.206055 0.000000 913.491455 0.000000 0.215051 0.000000 0.976603 0.781346 0.781346 0.781346
4795.816895 0.000000 918.059570 0.000000 0.201651 0.000000 0.979457 0.755560 0.755560 0.755560
4781.169434 0.000000 931.248413 0.000000 0.882408 0.000000 -0.470484 1.008961 1.008961 1.008961
4786.788574 0.000000 915.810303 0.000000 0.970064 0.000000 -0.242850 0.958975 0.958975 0.958975
4827.584961 0.000000 942.310242 0.000000 0.464990 0.000000 0.885316 0.750992 0.750992 0.750992
4800.688965 0.000000 930.766907 0.000000 0.887980 0.000000 0.459882 0.786187 0.786187 0.786187
4821.604004 0.000000 940.012268 0.000000 0.962045 0.000000 -0.272891 0.957756 0.957756 0.957756
4804.347168 0.000000 944.516602 0.000000 0.858416 0.000000 0.512953 0.814074 0.814074 0.814074
4801.930176 0.000000 931.236694 0.000000 0.999967 0.000000 -0.008082 0.901925 0.901925 0.901925
5116.616699 0.000000 773.472595 0.000000 0.373053 0.000000 -0.927810 0.913352 0.913352 0.913352
5118.812988 0.000000 772.183533 0.000000 0.042222 0.000000 0.999108 0.566852 0.566852 0.566852
5105.802734 0.000000 763.712830 0.000000 0.321223 0.000000 0.947004 0.737911 0.737911 0.737911
5104.797852 0.000000 761.955933 0.000000 0.180272 0.000000 0.983617 0.662718 0.662718 0.662718
5105.377441 0.000000 760.369263 0.000000 0.797181 0.000000 0.603741 0.789313 0.789313 0.789313
5104.766113 0.000000 800.823242 0.000000 0.856259 0.000000 0.516547 0.767059 0.767059 0.767059
5046.513184 0.000000 828.214172 0.000000 0.870758 0.000000 0.491711 0.888450 0.888450 0.888450
5045.523438 0.000000 831.596924 0.000000 0.377431 0.000000 0.926038 0.673915 0.673915 0.673915
5049.626465 0.000000 832.534668 0.000000 0.999715 0.000000 -0.023887 0.902201 0.902201 0.902201
5047.865723 0.000000 830.514832 0.000000 0.153681 0.000000 0.988121 0.623102 0.623102 0.623102
5050.008301 0.000000 839.707642 0.000000 0.977146 0.000000 -0.212571 0.945723 0.945723 0.945723
5043.366699 0.000000 831.931824 0.000000 0.961034 0.000000 0.276429 0.876086 0.876086 0.876086
5051.531250 0.000000 838.919800 0.000000 0.948940 0.000000 -0.315458 0.968506 0.968506 0.968506
5048.970215 0.000000 838.556824 0.000000 0.796334 0.000000 -0.604857 1.019683 1.019683 1.019683
5049.395020 0.000000 831.068726 0.000000 0.972958 0.000000 0.230982 0.859673 0.859673 0.859673
5050.657715 0.000000 833.641479 0.000000 0.687415 0.000000 0.726264 0.737447 0.737447 0.737447
5107.448242 0.000000 844.600403 0.000000 0.040545 0.000000 -0.999178 1.223199 1.223199 1.223199
5104.344238 0.000000 844.408508 0.000000 0.818319 0.000000 -0.574764 0.963287 0.963287 0.963287
5078.590332 0.000000 847.081116 0.000000 0.974509 0.000000 -0.224346 0.922370 0.922370 0.922370
4895.897461 0.000000 912.362244 0.000000 0.142614 0.000000 0.989778 0.874337 0.874337 0.874337
4905.382324 0.000000 936.709167 0.000000 0.509700 0.000000 -0.860352 1.055955 1.055955 1.055955
4893.248535 0.000000 914.196533 0.000000 0.986841 0.000000 0.161695 0.869347 0.869347 0.869347
4895.335938 0.000000 914.517578 0.000000 0.302588 0.000000 -0.953121 1.010709 1.010709 1.010709
4879.685059 0.000000 905.660217 0.000000 0.701463 0.000000 -0.712706 1.005172 1.005172 1.005172
4881.978027 0.000000 908.056824 0.000000 0.337270 0.000000 0.941408 0.704292 0.704292 0.704292
4893.979004 0.000000 915.614685 0.000000 0.848952 0.000000 0.528470 0.794910 0.794910 0.794910
4942.178223 0.000000 928.874634 0.000000 0.945822 0.000000 0.324685 0.888855 0.888855 0.888855
5085.680664 0.000000 870.045105 0.000000 0.042774 0.000000 -0.999085 0.958366 0.958366 0.958366
5107.958496 0.000000 875.805359 0.000000 0.692025 0.000000 -0.721874 0.959800 0.959800 0.959800
5109.519043 0.000000 877.021912 0.000000 0.928581 0.000000 -0.371131 0.952968 0.952968 0.952968
4829.256348 0.000000 961.438721 0.000000 0.056724 0.000000 0.998390 0.825158 0.825158 0.825158
4831.343750 0.000000 961.759766 0.000000 0.632279 0.000000 0.774741 0.710814 0.710814 0.710814
4833.080566 0.000000 971.317871 0.000000 0.878550 0.000000 0.477651 0.752304 0.752304 0.752304
4804.898438 0.000000 946.770142 0.000000 0.283151 0.000000 0.959075 0.724053 0.724053 0.724053
4858.953613 0.000000 970.099609 0.000000 0.965743 0.000000 -0.259500 0.946596 0.946596 0.946596
4830.508789 0.000000 960.349976 0.000000 0.999998 0.000000 0.001848 0.899606 0.899606 0.899606
4855.889160 0.000000 1066.725830 0.000000 0.715816 0.000000 -0.698289 0.969474 0.969474 0.969474
4859.758789 0.000000 1067.605713 0.000000 0.395556 0.000000 -0.918442 1.151103 1.151103 1.151103
4926.169922 0.000000 953.996277 0.000000 0.269851 0.000000 -0.962902 1.121576 1.121576 1.121576
4953.613281 0.000000 962.251099 0.000000 0.903336 0.000000 0.428935 0.876094 0.876094 0.876094
4939.440430 0.000000 951.148193 0.000000 0.198153 0.000000 -0.980171 1.109523 1.109523 1.109523
4928.386230 0.000000 952.928040 0.000000 0.694867 0.000000 0.719138 0.797214 0.797214 0.797214
4938.213379 0.000000 953.230042 0.000000 0.538570 0.000000 -0.842581 1.005821 1.005821 1.005821
4941.951660 0.000000 951.483093 0.000000 0.369736 0.000000 0.929137 0.755363 0.755363 0.755363
4959.731934 0.000000 977.604797 0.000000 0.744016 0.000000 -0.668161 1.034819 1.034819 1.034819
4990.670898 0.000000 967.173401 0.000000 0.630518 0.000000 0.776175 0.770225 0.770225 0.770225
4952.683105 0.000000 964.795288 0.000000 0.793147 0.000000 0.609030 0.797006 0.797006 0.797006
4961.278809 0.000000 977.075684 0.000000 0.987423 0.000000 -0.158101 0.933890 0.933890 0.933890
4938.144043 0.000000 950.257629 0.000000 0.552081 0.000000 0.833790 0.749360 0.749360 0.749360
4950.588379 0.000000 964.740112 0.000000 0.735030 0.000000 -0.678035 1.027234 1.027234 1.027234
4912.640625 0.000000 1025.816040 0.000000 0.026305 0.000000 0.999654 0.733426 0.733426 0.733426
4908.113770 0.000000 1029.964722 0.000000 0.960869 0.000000 -0.277004 0.944145 0.944145 0.944145
4912.768555 0.000000 1023.647888 0.000000 0.389399 0.000000 -0.921069 1.210423 1.210423 1.210423
4909.581055 0.000000 1028.984863 0.000000 1.000000 0.000000 -0.000633 0.900100 0.900100 0.900100
4909.612305 0.000000 1030.903442 0.000000 0.596951 0.000000 0.802278 0.617569 0.617569 0.617569
4908.239258 0.000000 1033.679321 0.000000 0.717124 0.000000 0.696945 0.725003 0.725003 0.725003
4912.735352 0.000000 995.238098 0.000000 0.390466 0.000000 -0.920617 1.252165 1.252165 1.252165
4913.683105 0.000000 1022.752991 0.000000 0.999323 0.000000 -0.036787 0.909756 0.909756 0.909756
4912.482422 0.000000 1022.450745 0.000000 0.451924 0.000000 -0.892057 1.192144 1.192144 1.192144
4908.603516 0.000000 1031.471558 0.000000 0.045375 0.000000 -0.998970 1.362702 1.362702 1.362702
4935.113281 0.000000 1007.989502 0.000000 0.153300 0.000000 -0.988180 1.068731 1.068731 1.068731
4942.499023 0.000000 1009.940063 0.000000 0.999730 0.000000 0.023221 0.894886 0.894886 0.894886
4933.708496 0.000000 1007.969727 0.000000 0.557755 0.000000 -0.830006 1.093598 1.093598 1.093598
4992.408691 0.000000 967.764954 0.000000 0.953986 0.000000 0.299852 0.848680 0.848680 0.848680
4992.444336 0.000000 966.219727 0.000000 0.570630 0.000000 -0.821207 1.062370 1.062370 1.062370
5016.217285 0.000000 982.298157 0.000000 0.420803 0.000000 -0.907152 1.180887 1.180887 1.180887
5103.747070 0.000000 949.037781 0.000000 0.826412 0.000000 -0.563065 1.002132 1.002132 1.002132
5103.409668 0.000000 946.518860 0.000000 0.746889 0.000000 -0.664948 0.989894 0.989894 0.989894
5102.300781 0.000000 949.635132 0.000000 0.585709 0.000000 0.810522 0.738621 0.738621 0.738621
5017.068359 0.000000 1030.606689 0.000000 0.129438 0.000000 -0.991588 0.916189 0.916189 0.916189
4996.466309 0.000000 1007.336914 0.000000 0.606457 0.000000 0.795116 0.807060 0.807060 0.807060
5020.584473 0.000000 995.179871 0.000000 0.968023 0.000000 0.250862 0.888035 0.888035 0.888035
5018.756348 0.000000 1033.069702 0.000000 0.459625 0.000000 -0.888113 1.295473 1.295473 1.295473
4998.427246 0.000000 1006.179993 0.000000 0.797697 0.000000 -0.603059 1.011995 1.011995 1.011995
5019.024902 0.000000 996.927917 0.000000 0.771025 0.000000 0.636805 0.806932 0.806932 0.806932
5018.453125 0.000000 1035.108154 0.000000 0.066716 0.000000 0.997772 0.646545 0.646545 0.646545
5015.842285 0.000000 1005.550964 0.000000 0.492668 0.000000 0.870217 0.679412 0.679412 0.679412
5021.776367 0.000000 996.660950 0.000000 0.048739 0.000000 -0.998812 1.091512 1.091512 1.091512
5013.651367 0.000000 1006.148193 0.000000 0.665481 0.000000 -0.746414 1.125310 1.125310 1.125310
4999.105469 0.000000 1007.989502 0.000000 0.628344 0.000000 -0.777936 1.054217 1.054217 1.054217
5069.198242 0.000000 1039.016602 0.000000 0.883282 0.000000 0.468841 0.781585 0.781585 0.781585
5085.674805 0.000000 1035.871948 0.000000 0.042942 0.000000 -0.999078 1.130004 1.130004 1.130004
5071.262207 0.000000 1038.942383 0.000000 0.147160 0.000000 0.989113 0.644196 0.644196 0.644196
5084.268555 0.000000 1034.728394 0.000000 0.747298 0.000000 0.664489 0.790585 0.790585 0.790585
4867.444824 0.000000 1073.574707 0.000000 0.597484 0.000000 -0.801881 0.977352 0.977352 0.977352
4870.720215 0.000000 1078.942627 0.000000 0.910481 0.000000 0.413551 0.821447 0.821447 0.821447
4877.571289 0.000000 1075.562012 0.000000 0.342931 0.000000 -0.939361 0.965830 0.965830 0.965830
4868.785645 0.000000 1076.484741 0.000000 0.918750 0.000000 0.394841 0.883584 0.883584 0.883584
4868.210938 0.000000 1070.820435 0.000000 0.867817 0.000000 0.496884 0.846254 0.846254 0.846254
4877.140625 0.000000 1072.997681 0.000000 0.655433 0.000000 -0.755253 0.963473 0.963473 0.963473
4871.817383 0.000000 1076.691650 0.000000 0.667391 0.000000 0.744707 0.843372 0.843372 0.843372
4885.450684 0.000000 1041.316650 0.000000 0.974527 0.000000 0.224270 0.865948 0.865948 0.865948
4868.519531 0.000000 1079.887939 0.000000 0.650582 0.000000 0.759436 0.795357 0.795357 0.795357
4869.933594 0.000000 1072.413452 0.000000 0.572691 0.000000 0.819771 0.785558 0.785558 0.785558
4875.658203 0.000000 1074.610962 0.000000 0.508511 0.000000 0.861056 0.778799 0.778799 0.778799
4882.517090 0.000000 1041.458008 0.000000 0.894525 0.000000 0.447019 0.846895 0.846895 0.846895
4920.758789 0.000000 1047.516113 0.000000 0.754050 0.000000 -0.656817 1.052959 1.052959 1.052959
4920.849121 0.000000 1044.350586 0.000000 0.875230 0.000000 -0.483707 1.036131 1.036131 1.036131
4929.983887 0.000000 1052.332397 0.000000 0.745258 0.000000 -0.666776 1.047595 1.047595 1.047595
4931.229004 0.000000 1053.456421 0.000000 0.242821 0.000000 -0.970071 1.120395 1.120395 1.120395
4929.104004 0.000000 1053.461548 0.000000 0.466089 0.000000 -0.884738 1.119597 1.119597 1.119597
4922.463379 0.000000 1132.448242 0.000000 0.076276 0.000000 0.997087 0.826127 0.826127 0.826127
4909.984863 0.000000 1112.830078 0.000000 0.652143 0.000000 0.758096 0.892267 0.892267 0.892267
4911.796875 0.000000 1095.049683 0.000000 0.091159 0.000000 0.995836 0.876730 0.876730 0.876730
4902.678711 0.000000 1122.369263 0.000000 0.419052 0.000000 0.907962 0.853959 0.853959 0.853959
4906.062012 0.000000 1117.039795 0.000000 0.953766 0.000000 0.300551 0.884910 0.884910 0.884910
4892.600098 0.000000 1089.664307 0.000000 0.275201 0.000000 0.961387 0.830328 0.830328 0.830328
4920.046387 0.000000 1130.847656 0.000000 0.156766 0.000000 0.987636 0.830134 0.830134 0.830134
4926.169922 0.000000 1095.722900 0.000000 0.997379 0.000000 -0.072349 0.906345 0.906345 0.906345
4891.040527 0.000000 1091.412354 0.000000 0.235476 0.000000 0.971880 0.759221 0.759221 0.759221
4893.791992 0.000000 1091.145386 0.000000 0.363669 0.000000 -0.931528 1.029269 1.029269 1.029269
4982.520996 0.000000 1111.667358 0.000000 0.318616 0.000000 0.947884 0.883195 0.883195 0.883195
4938.210449 0.000000 1123.457031 0.000000 0.967304 0.000000 0.253621 0.887325 0.887325 0.887325
4961.851074 0.000000 1108.518066 0.000000 0.952213 0.000000 -0.305433 0.906974 0.906974 0.906974
4931.437012 0.000000 1120.816895 0.000000 0.846545 0.000000 0.532317 0.872252 0.872252 0.872252
4932.474121 0.000000 1101.821411 0.000000 0.715795 0.000000 0.698310 0.856577 0.856577 0.856577
4938.644531 0.000000 1119.721313 0.000000 0.933883 0.000000 0.357580 0.881924 0.881924 0.881924
4935.015625 0.000000 1121.640259 0.000000 0.903091 0.000000 0.429449 0.887034 0.887034 0.887034
4941.563477 0.000000 1122.804199 0.000000 0.134512 0.000000 -0.990912 0.970978 0.970978 0.970978
4932.203125 0.000000 1118.062622 0.000000 0.968339 0.000000 -0.249639 0.911905 0.911905 0.911905
4932.699707 0.000000 1099.431641 0.000000 0.017873 0.000000 0.999840 0.798812 0.798812 0.798812
4937.558105 0.000000 1121.464844 0.000000 0.916807 0.000000 -0.399331 0.939689 0.939689 0.939689
4962.056641 0.000000 1106.555298 0.000000 0.904734 0.000000 0.425977 0.832767 0.832767 0.832767
4927.437012 0.000000 1093.199341 0.000000 0.996409 0.000000 0.084670 0.884191 0.884191 0.884191
4992.588867 0.000000 1086.278564 0.000000 0.478895 0.000000 -0.877872 0.938517 0.938517 0.938517
5025.773438 0.000000 1073.400757 0.000000 0.997804 0.000000 0.066229 0.895979 0.895979 0.895979
5052.498047 0.000000 1076.365479 0.000000 0.951822 0.000000 -0.306652 0.944119 0.944119 0.944119
5049.959473 0.000000 1058.453735 0.000000 0.987973 0.000000 0.154629 0.882209 0.882209 0.882209
4998.502930 0.000000 1042.229492 0.000000 0.318729 0.000000 0.947846 0.740369 0.740369 0.740369
5052.839844 0.000000 1061.484985 0.000000 0.666564 0.000000 0.745448 0.692089 0.692089 0.692089
5048.472168 0.000000 1059.791504 0.000000 0.407437 0.000000 0.913233 0.768088 0.768088 0.768088
4996.875000 0.000000 1041.254517 0.000000 0.683920 0.000000 0.729557 0.705254 0.705254 0.705254
5048.502930 0.000000 1057.431274 0.000000 0.178866 0.000000 -0.983873 1.140651 1.140651 1.140651
4999.192871 0.000000 1040.644409 0.000000 0.836314 0.000000 0.548251 0.815253 0.815253 0.815253
5012.180176 0.000000 1048.427979 0.000000 0.997633 0.000000 0.068760 0.885620 0.885620 0.885620
5110.505371 0.000000 1064.425171 0.000000 0.282658 0.000000 -0.959221 0.969253 0.969253 0.969253
5092.415039 0.000000 1057.728638 0.000000 0.062413 0.000000 0.998050 0.784771 0.784771 0.784771
5070.179199 0.000000 1048.614380 0.000000 0.107768 0.000000 -0.994176 0.998604 0.998604 0.998604
5077.641113 0.000000 1069.046509 0.000000 0.343822 0.000000 0.939035 0.836962 0.836962 0.836962
5079.147461 0.000000 1047.115234 0.000000 0.850658 0.000000 0.525720 0.788059 0.788059 0.788059
5092.840332 0.000000 1055.800659 0.000000 0.779861 0.000000 -0.625953 0.989662 0.989662 0.989662
5089.049316 0.000000 1065.802368 0.000000 0.136407 0.000000 0.990653 0.558472 0.558472 0.558472
5100.525879 0.000000 1062.454346 0.000000 0.647518 0.000000 -0.762050 1.084953 1.084953 1.084953
5070.741699 0.000000 1039.444092 0.000000 0.891582 0.000000 -0.452860 0.984478 0.984478 0.984478
5092.837402 0.000000 1081.286499 0.000000 0.828569 0.000000 0.559888 0.799859 0.799859 0.799859
5093.892090 0.000000 1078.510986 0.000000 0.844850 0.000000 0.535004 0.754134 0.754134 0.754134
5089.982422 0.000000 1064.008057 0.000000 0.687394 0.000000 0.726285 0.706391 0.706391 0.706391
4997.840820 0.000000 1086.814453 0.000000 0.126933 0.000000 0.991911 0.854592 0.854592 0.854592
4994.876465 0.000000 1086.973022 0.000000 0.331541 0.000000 -0.943441 1.005264 1.005264 1.005264
5017.790039 0.000000 1093.793457 0.000000 0.999805 0.000000 0.019744 0.897560 0.897560 0.897560
4993.222168 0.000000 1089.076172 0.000000 0.818217 0.000000 0.574909 0.741736 0.741736 0.741736
5081.150879 0.000000 1092.132690 0.000000 0.834986 0.000000 0.550271 0.862032 0.862032 0.862032
5089.765625 0.000000 1120.642944 0.000000 0.245672 0.000000 0.969353 0.813821 0.813821 0.813821
5105.555176 0.000000 1099.550049 0.000000 0.292792 0.000000 0.956176 0.702539 0.702539 0.702539
5113.218262 0.000000 1102.976318 0.000000 0.138447 0.000000 0.990370 0.764872 0.764872 0.764872
5078.331055 0.000000 1091.833130 0.000000 0.193669 0.000000 -0.981067 0.995836 0.995836 0.995836
5113.951660 0.000000 1105.695923 0.000000 0.585289 0.000000 -0.810825 1.042346 1.042346 1.042346
5088.474121 0.000000 1123.863281 0.000000 0.986846 0.000000 -0.161662 0.935754 0.935754 0.935754
5118.280762 0.000000 1093.269531 0.000000 0.588289 0.000000 -0.808651 0.950790 0.950790 0.950790
5073.274414 0.000000 1086.623413 0.000000 0.859841 0.000000 0.510562 0.813314 0.813314 0.813314
5115.229004 0.000000 1102.357422 0.000000 0.994323 0.000000 0.106404 0.888023 0.888023 0.888023
5087.716309 0.000000 1119.331421 0.000000 0.922255 0.000000 -0.386581 0.955294 0.955294 0.955294
5082.063477 0.000000 1132.989258 0.000000 0.650345 0.000000 -0.759639 1.020189 1.020189 1.020189
5107.221680 0.000000 1098.050659 0.000000 0.638673 0.000000 0.769479 0.755984 0.755984 0.755984
5089.618164 0.000000 1122.457642 0.000000 0.922215 0.000000 0.386678 0.812577 0.812577 0.812577
5112.495117 0.000000 1104.673462 0.000000 0.695683 0.000000 0.718349 0.779352 0.779352 0.779352
5114.833984 0.000000 1104.093750 0.000000 0.867103 0.000000 0.498129 0.826188 0.826188 0.826188
5104.012695 0.000000 1099.238281 0.000000 0.895814 0.000000 -0.444429 0.971400 0.971400 0.971400
4186.663086 0.000000 1299.198364 0.000000 0.725140 0.000000 -0.688601 0.903413 0.903413 0.903413
4288.674805 0.000000 1322.489502 0.000000 0.489754 0.000000 -0.871861 0.916656 0.916656 0.916656
4291.601074 0.000000 1320.975952 0.000000 0.975215 0.000000 0.221258 0.857892 0.857892 0.857892
4290.046387 0.000000 1321.567139 0.000000 0.908003 0.000000 -0.418964 0.981593 0.981593 0.981593
4410.919922 0.000000 1151.335938 0.000000 0.543586 0.000000 -0.839353 1.148431 1.148431 1.148431
4476.694824 0.000000 1151.410156 0.000000 0.636289 0.000000 -0.771451 1.020766 1.020766 1.020766
4474.687012 0.000000 1147.010864 0.000000 0.987264 0.000000 -0.159093 0.945233 0.945233 0.945233
4467.581543 0.000000 1143.151367 0.000000 0.326167 0.000000 0.945312 0.493698 0.493698 0.493698
4473.375000 0.000000 1143.763916 0.000000 0.407386 0.000000 0.913256 0.827574 0.827574 0.827574
4477.138672 0.000000 1148.531738 0.000000 0.678504 0.000000 0.734597 0.785061 0.785061 0.785061
4467.299805 0.000000 1145.292847 0.000000 0.534715 0.000000 0.845032 0.630848 0.630848 0.630848
4477.063965 0.000000 1146.463867 0.000000 0.545427 0.000000 0.838158 0.788341 0.788341 0.788341
4471.634766 0.000000 1144.405029 0.000000 0.711922 0.000000 0.702258 0.744308 0.744308 0.744308
4475.756348 0.000000 1146.066284 0.000000 0.952765 0.000000 0.303707 0.812638 0.812638 0.812638
4466.290039 0.000000 1142.934692 0.000000 0.852996 0.000000 -0.521917 1.080129 1.080129 1.080129
4466.717773 0.000000 1144.131714 0.000000 0.983484 0.000000 0.180993 0.851338 0.851338 0.851338
4467.057617 0.000000 1142.140259 0.000000 0.867334 0.000000 -0.497726 1.070904 1.070904 1.070904
4467.581543 0.000000 1190.393555 0.000000 0.996372 0.000000 0.085100 0.891194 0.891194 0.891194
4465.377441 0.000000 1191.387207 0.000000 0.605197 0.000000 0.796076 0.755177 0.755177 0.755177
4492.299316 0.000000 1153.812500 0.000000 0.021259 0.000000 -0.999774 1.000968 1.000968 1.000968
4488.653320 0.000000 1156.288696 0.000000 0.668157 0.000000 0.744020 0.796309 0.796309 0.796309
4495.793945 0.000000 1155.447266 0.000000 0.923262 0.000000 0.384171 0.859245 0.859245 0.859245
4487.070312 0.000000 1168.882446 0.000000 0.999383 0.000000 0.035122 0.896290 0.896290 0.896290
4491.352539 0.000000 1156.259277 0.000000 0.559321 0.000000 0.828951 0.717754 0.717754 0.717754
4488.372070 0.000000 1166.983154 0.000000 0.955001 0.000000 -0.296604 0.932478 0.932478 0.932478
4507.223633 0.000000 1149.680176 0.000000 0.978657 0.000000 -0.205498 0.940459 0.940459 0.940459
4493.704590 0.000000 1155.531250 0.000000 0.971649 0.000000 0.236427 0.860314 0.860314 0.860314
4489.612793 0.000000 1168.707031 0.000000 0.795995 0.000000 0.605303 0.743693 0.743693 0.743693
4509.106445 0.000000 1148.616699 0.000000 0.614957 0.000000 -0.788561 1.030638 1.030638 1.030638
4488.422852 0.000000 1169.688354 0.000000 0.859705 0.000000 -0.510792 1.028889 1.028889 1.028889
4491.412109 0.000000 1157.904785 0.000000 0.597706 0.000000 0.801716 0.726532 0.726532 0.726532
4490.012207 0.000000 1156.855713 0.000000 0.955612 0.000000 0.294629 0.844226 0.844226 0.844226
4488.284668 0.000000 1168.290771 0.000000 0.699475 0.000000 0.714657 0.708595 0.708595 0.708595
4479.490723 0.000000 1151.023804 0.000000 0.632654 0.000000 0.774434 0.675091 0.675091 0.675091
4542.973633 0.000000 1216.306030 0.000000 0.540512 0.000000 0.841336 0.864059 0.864059 0.864059
4509.588379 0.000000 1218.364746 0.000000 0.898817 0.000000 -0.438324 0.919370 0.919370 0.919370
4537.288574 0.000000 1197.460693 0.000000 0.713910 0.000000 0.700237 0.750103 0.750103 0.750103
4523.863281 0.000000 1224.096924 0.000000 0.970097 0.000000 0.242717 0.868601 0.868601 0.868601
4542.883301 0.000000 1197.363281 0.000000 0.067899 0.000000 0.997692 0.761554 0.761554 0.761554
4542.655762 0.000000 1199.317139 0.000000 0.972604 0.000000 -0.232466 0.943753 0.943753 0.943753
4522.169434 0.000000 1225.957275 0.000000 0.606081 0.000000 -0.795403 1.017785 1.017785 1.017785
4511.156738 0.000000 1217.479370 0.000000 0.327090 0.000000 0.944993 0.699790 0.699790 0.699790
4511.143066 0.000000 1218.993164 0.000000 0.349501 0.000000 0.936936 0.630009 0.630009 0.630009
4544.724609 0.000000 1198.889526 0.000000 0.422750 0.000000 0.906246 0.795504 0.795504 0.795504
4549.895508 0.000000 1181.298828 0.000000 0.974767 0.000000 0.223226 0.871168 0.871168 0.871168
4544.504883 0.000000 1217.363159 0.000000 0.034704 0.000000 -0.999398 1.224433 1.224433 1.224433
4545.806152 0.000000 1196.460938 0.000000 0.959991 0.000000 0.280032 0.878317 0.878317 0.878317
4543.850098 0.000000 1197.043335 0.000000 0.067545 0.000000 0.997716 0.761521 0.761521 0.761521
4545.101074 0.000000 1219.001709 0.000000 0.939498 0.000000 0.342554 0.834796 0.834796 0.834796
4525.447754 0.000000 1263.321777 0.000000 0.987781 0.000000 0.155846 0.899648 0.899648 0.899648
4527.843750 0.000000 1236.776245 0.000000 0.894014 0.000000 0.448040 0.872860 0.872860 0.872860
4517.681152 0.000000 1268.748901 0.000000 0.778261 0.000000 0.627941 0.788644 0.788644 0.788644
4528.687500 0.000000 1262.027100 0.000000 0.697661 0.000000 0.716428 0.849753 0.849753 0.849753
4521.561523 0.000000 1274.987427 0.000000 0.663353 0.000000 -0.748306 1.145069 1.145069 1.145069
4527.091797 0.000000 1239.699829 0.000000 0.665771 0.000000 -0.746157 1.159271 1.159271 1.159271
4529.369629 0.000000 1238.629395 0.000000 0.969307 0.000000 0.245852 0.865396 0.865396 0.865396
4526.020020 0.000000 1238.003418 0.000000 0.740397 0.000000 0.672170 0.673092 0.673092 0.673092
4527.278320 0.000000 1264.076416 0.000000 0.079317 0.000000 -0.996849 1.131220 1.131220 1.131220
4532.562988 0.000000 1261.492065 0.000000 0.889025 0.000000 0.457858 0.764289 0.764289 0.764289
4515.594238 0.000000 1269.306274 0.000000 0.982058 0.000000 -0.188582 0.937512 0.937512 0.937512
4527.879395 0.000000 1238.387207 0.000000 0.960226 0.000000 -0.279223 0.987110 0.987110 0.987110
4520.180176 0.000000 1274.887939 0.000000 0.140708 0.000000 0.990051 0.485626 0.485626 0.485626
4527.437988 0.000000 1262.731812 0.000000 0.011171 0.000000 -0.999938 1.232910 1.232910 1.232910
4594.967773 0.000000 1259.235352 0.000000 0.901722 0.000000 0.432317 0.870870 0.870870 0.870870
4578.937988 0.000000 1253.957642 0.000000 0.666869 0.000000 0.745175 0.695968 0.695968 0.695968
4595.510742 0.000000 1269.780151 0.000000 0.263886 0.000000 0.964554 0.835554 0.835554 0.835554
4592.406738 0.000000 1269.588257 0.000000 0.366157 0.000000 0.930553 0.846258 0.846258 0.846258
4557.260742 0.000000 1275.227539 0.000000 0.994206 0.000000 0.107489 0.884513 0.884513 0.884513
4606.875000 0.000000 1266.991211 0.000000 0.986545 0.000000 -0.163493 0.922509 0.922509 0.922509
4581.364258 0.000000 1254.857910 0.000000 0.977986 0.000000 0.208669 0.887247 0.887247 0.887247
4558.051758 0.000000 1270.394409 0.000000 0.980315 0.000000 -0.197438 0.962964 0.962964 0.962964
4580.868652 0.000000 1252.434570 0.000000 0.686163 0.000000 -0.727448 0.956740 0.956740 0.956740
4558.930176 0.000000 1273.114014 0.000000 0.347906 0.000000 0.937530 0.624168 0.624168 0.624168
4552.930176 0.000000 1234.815796 0.000000 0.926829 0.000000 0.375485 0.816972 0.816972 0.816972
4594.812500 0.000000 1261.445435 0.000000 0.952627 0.000000 -0.304141 0.959022 0.959022 0.959022
4602.963867 0.000000 1266.676880 0.000000 0.990855 0.000000 -0.134928 0.932538 0.932538 0.932538
4578.879395 0.000000 1252.004150 0.000000 0.739510 0.000000 0.673145 0.720803 0.720803 0.720803
4579.705078 0.000000 1255.782593 0.000000 0.460929 0.000000 0.887437 0.774894 0.774894 0.774894
4582.279297 0.000000 1274.884277 0.000000 0.482383 0.000000 -0.875960 1.187806 1.187806 1.187806
4605.231445 0.000000 1266.800903 0.000000 0.939208 0.000000 0.343347 0.812589 0.812589 0.812589
4559.104980 0.000000 1271.581055 0.000000 0.102012 0.000000 0.994783 0.434728 0.434728 0.434728
4595.883301 0.000000 1260.268677 0.000000 0.278301 0.000000 -0.960494 1.146137 1.146137 1.146137
4578.044922 0.000000 1252.976807 0.000000 0.227852 0.000000 0.973696 0.574605 0.574605 0.574605
4516.485352 0.000000 1293.939575 0.000000 0.871262 0.000000 -0.490818 0.955330 0.955330 0.955330
4510.393066 0.000000 1321.528564 0.000000 0.652354 0.000000 -0.757915 1.048808 1.048808 1.048808
4495.634277 0.000000 1303.911865 0.000000 0.918492 0.000000 0.395440 0.802259 0.802259 0.802259
4521.069824 0.000000 1312.050659 0.000000 0.153032 0.000000 0.988221 0.734421 0.734421 0.734421
4520.364746 0.000000 1275.574097 0.000000 0.643920 0.000000 -0.765092 1.152512 1.152512 1.152512
4518.633301 0.000000 1293.071777 0.000000 0.807590 0.000000 0.589745 0.853232 0.853232 0.853232
4494.005859 0.000000 1302.329712 0.000000 0.577760 0.000000 0.816207 0.670446 0.670446 0.670446
4516.910645 0.000000 1292.011597 0.000000 0.952307 0.000000 -0.305141 0.933443 0.933443 0.933443
4511.603516 0.000000 1320.029907 0.000000 0.009502 0.000000 -0.999955 1.170121 1.170121 1.170121
4514.006836 0.000000 1313.922241 0.000000 0.996776 0.000000 -0.080232 0.929236 0.929236 0.929236
4515.206543 0.000000 1310.688110 0.000000 0.355956 0.000000 0.934503 0.718317 0.718317 0.718317
4523.470215 0.000000 1314.902832 0.000000 0.186068 0.000000 0.982537 0.682378 0.682378 0.682378
4495.568359 0.000000 1302.339355 0.000000 0.108648 0.000000 0.994080 0.548525 0.548525 0.548525
4515.904297 0.000000 1313.839355 0.000000 0.923383 0.000000 0.383880 0.756587 0.756587 0.756587
4565.005859 0.000000 1293.436890 0.000000 0.403416 0.000000 0.915017 0.853265 0.853265 0.853265
4551.097168 0.000000 1287.554565 0.000000 0.519179 0.000000 -0.854665 1.114165 1.114165 1.114165
4550.481934 0.000000 1289.633179 0.000000 0.996147 0.000000 0.087700 0.888162 0.888162 0.888162
4574.955566 0.000000 1307.156128 0.000000 0.730245 0.000000 -0.683186 1.128140 1.128140 1.128140
4583.073730 0.000000 1275.547974 0.000000 0.524434 0.000000 -0.851451 1.174682 1.174682 1.174682
4095.868896 0.000000 1353.138672 0.000000 0.472917 0.000000 0.881107 0.890310 0.890310 0.890310
4122.670898 0.000000 1346.440552 0.000000 0.732888 0.000000 0.680350 0.894956 0.894956 0.894956
4108.730957 0.000000 1347.625000 0.000000 0.647654 0.000000 0.761934 0.898054 0.898054 0.898054
4096.778809 0.000000 1340.616089 0.000000 0.918884 0.000000 0.394528 0.895444 0.895444 0.895444
4127.990723 0.000000 1337.541992 0.000000 0.836397 0.000000 -0.548124 0.903910 0.903910 0.903910
4098.436523 0.000000 1361.851562 0.000000 0.283284 0.000000 0.959036 0.891348 0.891348 0.891348
4101.180664 0.000000 1347.592285 0.000000 0.881146 0.000000 -0.472845 0.904426 0.904426 0.904426
4129.952148 0.000000 1344.729004 0.000000 0.769051 0.000000 0.639187 0.892210 0.892210 0.892210
4104.455566 0.000000 1340.494507 0.000000 0.178333 0.000000 0.983970 0.887494 0.887494 0.887494
4140.681152 0.000000 1336.999146 0.000000 0.219038 0.000000 -0.975716 0.963698 0.963698 0.963698
4135.917969 0.000000 1347.425781 0.000000 0.569374 0.000000 0.822079 0.863138 0.863138 0.863138
4142.003418 0.000000 1368.071289 0.000000 0.211018 0.000000 -0.977482 0.948827 0.948827 0.948827
4180.458496 0.000000 1366.377563 0.000000 0.803357 0.000000 -0.595498 0.914333 0.914333 0.914333
4165.172852 0.000000 1347.592285 0.000000 0.832544 0.000000 -0.553959 0.914511 0.914511 0.914511
4174.271973 0.000000 1354.054321 0.000000 0.993701 0.000000 0.112061 0.896720 0.896720 0.896720
4193.428711 0.000000 1368.269653 0.000000 0.450539 0.000000 -0.892757 0.922314 0.922314 0.922314
4168.692383 0.000000 1345.257446 0.000000 0.703980 0.000000 -0.710220 0.919521 0.919521 0.919521
4176.599609 0.000000 1365.243042 0.000000 0.661988 0.000000 -0.749515 0.953308 0.953308 0.953308
4187.064453 0.000000 1358.501587 0.000000 0.674483 0.000000 0.738290 0.842150 0.842150 0.842150
4141.167480 0.000000 1370.896240 0.000000 0.262178 0.000000 -0.965019 0.926400 0.926400 0.926400
4129.287109 0.000000 1410.025635 0.000000 0.852551 0.000000 -0.522644 0.902471 0.902471 0.902471
4136.324219 0.000000 1379.425659 0.000000 0.970166 0.000000 -0.242442 0.901651 0.901651 0.901651
4149.146484 0.000000 1373.294800 0.000000 0.700793 0.000000 0.713365 0.860737 0.860737 0.860737
4147.021973 0.000000 1400.961914 0.000000 0.448141 0.000000 0.893963 0.875147 0.875147 0.875147
4151.041504 0.000000 1389.026367 0.000000 0.476756 0.000000 0.879036 0.861395 0.861395 0.861395
4129.436035 0.000000 1415.511841 0.000000 0.621291 0.000000 0.783580 0.887861 0.887861 0.887861
4141.368652 0.000000 1410.543945 0.000000 0.662763 0.000000 -0.748829 0.941834 0.941834 0.941834
4153.334961 0.000000 1386.429443 0.000000 0.098780 0.000000 0.995109 0.774330 0.774330 0.774330
4148.084961 0.000000 1389.010254 0.000000 0.667525 0.000000 -0.744587 0.958503 0.958503 0.958503
4143.526367 0.000000 1371.698608 0.000000 0.123860 0.000000 0.992300 0.802488 0.802488 0.802488
4151.636230 0.000000 1372.484863 0.000000 0.038544 0.000000 -0.999257 1.013612 1.013612 1.013612
4150.692383 0.000000 1386.938354 0.000000 0.653339 0.000000 0.757066 0.801588 0.801588 0.801588
4188.729492 0.000000 1402.851196 0.000000 0.930858 0.000000 0.365382 0.895798 0.895798 0.895798
4193.944824 0.000000 1391.971191 0.000000 0.024753 0.000000 -0.999694 0.913895 0.913895 0.913895
4172.674316 0.000000 1414.118530 0.000000 0.988680 0.000000 0.150041 0.898646 0.898646 0.898646
4194.628906 0.000000 1379.714478 0.000000 0.999992 0.000000 0.004078 0.899826 0.899826 0.899826
4184.790527 0.000000 1403.691406 0.000000 0.420468 0.000000 0.907307 0.851467 0.851467 0.851467
4192.127441 0.000000 1400.700439 0.000000 0.180734 0.000000 0.983532 0.856305 0.856305 0.856305
4176.363281 0.000000 1395.476074 0.000000 0.989629 0.000000 -0.143647 0.905182 0.905182 0.905182
4186.329102 0.000000 1401.333496 0.000000 0.796254 0.000000 0.604963 0.853285 0.853285 0.853285
4186.813477 0.000000 1403.446411 0.000000 0.769348 0.000000 0.638829 0.834604 0.834604 0.834604
4269.479004 0.000000 1357.806152 0.000000 0.344313 0.000000 -0.938855 0.902740 0.902740 0.902740
4257.271484 0.000000 1362.783447 0.000000 0.979566 0.000000 -0.201123 0.901365 0.901365 0.901365
4264.915527 0.000000 1366.358276 0.000000 0.697348 0.000000 -0.716733 0.908978 0.908978 0.908978
4296.432617 0.000000 1340.494507 0.000000 0.901555 0.000000 0.432665 0.888941 0.888941 0.888941
4295.333008 0.000000 1353.765747 0.000000 0.445327 0.000000 -0.895368 0.919939 0.919939 0.919939
4299.896484 0.000000 1337.711670 0.000000 0.997432 0.000000 -0.071621 0.901611 0.901611 0.901611
4298.821289 0.000000 1340.833984 0.000000 0.999518 0.000000 -0.031045 0.902442 0.902442 0.902442
4296.512695 0.000000 1351.925537 0.000000 0.798659 0.000000 -0.601783 0.960937 0.960937 0.960937
4298.193359 0.000000 1338.806030 0.000000 0.625955 0.000000 -0.779859 1.022592 1.022592 1.022592
4282.541504 0.000000 1415.901367 0.000000 0.670701 0.000000 0.741728 0.898122 0.898122 0.898122
4260.473145 0.000000 1399.251831 0.000000 0.416194 0.000000 0.909276 0.894870 0.894870 0.894870
4244.679688 0.000000 1402.898193 0.000000 0.832067 0.000000 0.554675 0.885468 0.885468 0.885468
4242.604004 0.000000 1403.376953 0.000000 0.219189 0.000000 -0.975682 1.030414 1.030414 1.030414
4150.409668 0.000000 1429.219238 0.000000 0.998847 0.000000 -0.048000 0.900108 0.900108 0.900108
4179.751953 0.000000 1417.380493 0.000000 0.408635 0.000000 -0.912698 0.915501 0.915501 0.915501
4170.934570 0.000000 1418.961304 0.000000 0.592137 0.000000 -0.805837 0.906317 0.906317 0.906317
4141.494141 0.000000 1499.532715 0.000000 0.982883 0.000000 0.184231 0.897918 0.897918 0.897918
4154.557129 0.000000 1510.385742 0.000000 0.973751 0.000000 -0.227614 0.900516 0.900516 0.900516
4134.772461 0.000000 1500.306763 0.000000 0.999745 0.000000 0.022570 0.899746 0.899746 0.899746
4250.655273 0.000000 1440.924927 0.000000 0.527301 0.000000 -0.849679 0.902281 0.902281 0.902281
4284.862793 0.000000 1417.468262 0.000000 0.739770 0.000000 -0.672859 0.903317 0.903317 0.903317
4278.606934 0.000000 1442.362671 0.000000 0.914988 0.000000 -0.403481 0.914931 0.914931 0.914931
4284.718262 0.000000 1434.863281 0.000000 0.945983 0.000000 0.324215 0.897774 0.897774 0.897774
4252.721680 0.000000 1450.093384 0.000000 0.376107 0.000000 -0.926576 0.913315 0.913315 0.913315
4251.655273 0.000000 1461.974365 0.000000 0.759602 0.000000 -0.650388 0.907955 0.907955 0.907955
4283.966797 0.000000 1425.157593 0.000000 0.889389 0.000000 0.457151 0.894666 0.894666 0.894666
4257.867188 0.000000 1451.338257 0.000000 0.286160 0.000000 -0.958182 0.920141 0.920141 0.920141
4281.390625 0.000000 1441.582642 0.000000 0.967698 0.000000 0.252111 0.870222 0.870222 0.870222
4298.917480 0.000000 1427.966919 0.000000 0.964527 0.000000 0.263982 0.898799 0.898799 0.898799
4288.674805 0.000000 1464.216064 0.000000 0.146613 0.000000 0.989194 0.893602 0.893602 0.893602
4300.708008 0.000000 1442.109375 0.000000 0.908811 0.000000 0.417208 0.897099 0.897099 0.897099
4287.776367 0.000000 1421.319946 0.000000 0.566451 0.000000 -0.824096 0.904353 0.904353 0.904353
4288.755859 0.000000 1435.100464 0.000000 0.515665 0.000000 -0.856790 0.906936 0.906936 0.906936
4298.918945 0.000000 1418.961304 0.000000 0.986199 0.000000 -0.165562 0.901869 0.901869 0.901869
4304.076660 0.000000 1434.390991 0.000000 0.977607 0.000000 -0.210437 0.901429 0.901429 0.901429
4296.432617 0.000000 1434.978882 0.000000 0.973748 0.000000 -0.227627 0.903096 0.903096 0.903096
4278.394531 0.000000 1476.461426 0.000000 0.962513 0.000000 -0.271235 0.901234 0.901234 0.901234
4250.655273 0.000000 1488.167114 0.000000 0.254521 0.000000 -0.967067 0.905902 0.905902 0.905902
4284.718262 0.000000 1482.105469 0.000000 0.999999 0.000000 0.001689 0.899989 0.899989 0.899989
4283.966797 0.000000 1472.399780 0.000000 0.786394 0.000000 -0.617726 0.905984 0.905984 0.905984
4251.752441 0.000000 1464.627930 0.000000 0.999893 0.000000 -0.014655 0.900296 0.900296 0.900296
4255.847168 0.000000 1472.603271 0.000000 0.887060 0.000000 -0.461654 0.918329 0.918329 0.918329
4254.864746 0.000000 1470.823853 0.000000 0.327981 0.000000 -0.944684 1.055600 1.055600 1.055600
4287.776367 0.000000 1468.562134 0.000000 0.884319 0.000000 -0.466884 0.904366 0.904366 0.904366
4291.252441 0.000000 1475.486816 0.000000 0.727834 0.000000 0.685754 0.891511 0.891511 0.891511
4505.130859 0.000000 1361.302124 0.000000 0.872807 0.000000 -0.488065 0.911456 0.911456 0.911456
4509.750977 0.000000 1342.467041 0.000000 0.397548 0.000000 0.917581 0.573652 0.573652 0.573652
4506.818848 0.000000 1363.765015 0.000000 0.891124 0.000000 0.453759 0.804758 0.804758 0.804758
4507.502930 0.000000 1361.239014 0.000000 0.671005 0.000000 -0.741453 0.990081 0.990081 0.990081
4508.136230 0.000000 1342.965942 0.000000 0.993167 0.000000 -0.116700 0.932851 0.932851 0.932851
4488.796875 0.000000 1339.092896 0.000000 0.518801 0.000000 -0.854895 1.254793 1.254793 1.254793
4509.151855 0.000000 1343.639038 0.000000 0.854224 0.000000 0.519905 0.746442 0.746442 0.746442
4584.876465 0.000000 1366.358276 0.000000 0.652848 0.000000 0.757489 0.871033 0.871033 0.871033
4604.679199 0.000000 1340.378906 0.000000 0.659307 0.000000 -0.751873 0.926766 0.926766 0.926766
4491.495117 0.000000 1376.328003 0.000000 0.999168 0.000000 -0.040786 0.906600 0.906600 0.906600
4490.198730 0.000000 1375.437378 0.000000 0.458528 0.000000 0.888680 0.671301 0.671301 0.671301
4862.354004 0.000000 1161.109009 0.000000 0.909237 0.000000 -0.416278 0.920259 0.920259 0.920259
4607.444824 0.000000 1267.000854 0.000000 0.900660 0.000000 -0.434526 0.961610 0.961610 0.961610
4723.932129 0.000000 1263.095215 0.000000 0.952248 0.000000 -0.305325 0.915338 0.915338 0.915338
4733.509766 0.000000 1271.880371 0.000000 0.716927 0.000000 0.697148 0.844535 0.844535 0.844535
4730.474121 0.000000 1270.911255 0.000000 0.348999 0.000000 -0.937123 0.960024 0.960024 0.960024
4663.623047 0.000000 1311.732056 0.000000 0.140887 0.000000 -0.990026 0.970660 0.970660 0.970660
4657.295898 0.000000 1293.900879 0.000000 0.676401 0.000000 -0.736534 0.940926 0.940926 0.940926
4655.828125 0.000000 1284.018433 0.000000 0.705436 0.000000 0.708773 0.887610 0.887610 0.887610
4633.205566 0.000000 1281.101440 0.000000 0.537957 0.000000 -0.842972 0.911266 0.911266 0.911266
4637.113770 0.000000 1285.378540 0.000000 0.605412 0.000000 -0.795912 0.924820 0.924820 0.924820
4644.469727 0.000000 1293.939575 0.000000 0.734167 0.000000 0.678969 0.873168 0.873168 0.873168
4658.700684 0.000000 1281.462891 0.000000 0.837420 0.000000 -0.546560 0.923387 0.923387 0.923387
4726.339844 0.000000 1287.492676 0.000000 0.681512 0.000000 0.731807 0.887088 0.887088 0.887088
4732.808105 0.000000 1275.741699 0.000000 0.235337 0.000000 0.971914 0.870044 0.870044 0.870044
4726.552246 0.000000 1300.636108 0.000000 0.662040 0.000000 -0.749469 0.939978 0.939978 0.939978
4682.241699 0.000000 1312.425781 0.000000 0.965788 0.000000 -0.259333 0.902358 0.902358 0.902358
4712.253906 0.000000 1284.941284 0.000000 0.382877 0.000000 0.923799 0.868241 0.868241 0.868241
4718.008301 0.000000 1301.798828 0.000000 0.984785 0.000000 -0.173778 0.908634 0.908634 0.908634
4725.076172 0.000000 1278.810425 0.000000 0.810225 0.000000 0.586118 0.892964 0.892964 0.892964
4697.197754 0.000000 1281.101440 0.000000 0.983509 0.000000 -0.180858 0.903678 0.903678 0.903678
4715.591797 0.000000 1281.256226 0.000000 0.970991 0.000000 -0.239118 0.904883 0.904883 0.904883
4727.121582 0.000000 1282.939453 0.000000 0.792193 0.000000 0.610271 0.867553 0.867553 0.867553
4684.275879 0.000000 1295.539062 0.000000 0.172996 0.000000 -0.984923 0.931387 0.931387 0.931387
4695.651367 0.000000 1321.724121 0.000000 0.409405 0.000000 0.912353 0.869020 0.869020 0.869020
4730.263184 0.000000 1302.241211 0.000000 0.432128 0.000000 -0.901812 0.955558 0.955558 0.955558
4687.770508 0.000000 1297.173828 0.000000 0.904516 0.000000 0.426441 0.884162 0.884162 0.884162
4679.046875 0.000000 1310.609009 0.000000 0.525345 0.000000 -0.850889 0.950305 0.950305 0.950305
4714.292480 0.000000 1302.522339 0.000000 0.385901 0.000000 -0.922540 0.958063 0.958063 0.958063
4700.759277 0.000000 1281.704834 0.000000 0.424007 0.000000 0.905659 0.861816 0.861816 0.861816
4756.388184 0.000000 1271.893188 0.000000 0.881443 0.000000 0.472291 0.876790 0.876790 0.876790
4736.620117 0.000000 1275.247314 0.000000 0.957325 0.000000 0.289014 0.897365 0.897365 0.897365
4746.233887 0.000000 1265.183594 0.000000 0.463796 0.000000 0.885942 0.855976 0.855976 0.855976
4743.278320 0.000000 1259.281372 0.000000 0.636374 0.000000 0.771381 0.858430 0.858430 0.858430
4740.640625 0.000000 1248.649414 0.000000 0.466800 0.000000 -0.884363 0.953640 0.953640 0.953640
4759.643555 0.000000 1274.481934 0.000000 0.537432 0.000000 0.843307 0.861673 0.861673 0.861673
4752.292969 0.000000 1253.749512 0.000000 0.756387 0.000000 0.654125 0.864754 0.864754 0.864754
4757.975098 0.000000 1269.037354 0.000000 0.788587 0.000000 0.614923 0.867262 0.867262 0.867262
4817.218750 0.000000 1273.961304 0.000000 0.258591 0.000000 0.965987 0.852933 0.852933 0.852933
4746.862793 0.000000 1286.240356 0.000000 0.385598 0.000000 -0.922667 0.934319 0.934319 0.934319
4781.416504 0.000000 1310.563965 0.000000 0.999853 0.000000 0.017174 0.899961 0.899961 0.899961
4746.233887 0.000000 1312.425781 0.000000 0.718262 0.000000 -0.695773 0.917290 0.917290 0.917290
4776.853027 0.000000 1319.116089 0.000000 0.463197 0.000000 0.886255 0.887763 0.887763 0.887763
4785.280273 0.000000 1293.900879 0.000000 0.181807 0.000000 -0.983334 0.940542 0.940542 0.940542
4744.377930 0.000000 1293.252319 0.000000 0.770186 0.000000 -0.637820 0.921757 0.921757 0.921757
4799.194824 0.000000 1287.865601 0.000000 0.982789 0.000000 -0.184732 0.905010 0.905010 0.905010
4756.982422 0.000000 1293.436890 0.000000 0.993013 0.000000 0.118003 0.896279 0.896279 0.896279
4747.841797 0.000000 1290.469482 0.000000 0.182510 0.000000 -0.983204 0.937404 0.937404 0.937404
4781.925293 0.000000 1320.829102 0.000000 0.235845 0.000000 0.971791 0.834122 0.834122 0.834122
4783.121094 0.000000 1313.371948 0.000000 0.293549 0.000000 0.955944 0.837080 0.837080 0.837080
4796.397949 0.000000 1286.395874 0.000000 0.399498 0.000000 -0.916734 0.957332 0.957332 0.957332
4810.854980 0.000000 1286.240356 0.000000 0.640041 0.000000 0.768341 0.896062 0.896062 0.896062
4840.812500 0.000000 1294.548462 0.000000 0.588729 0.000000 -0.808331 0.940185 0.940185 0.940185
4819.673828 0.000000 1275.653931 0.000000 0.894656 0.000000 -0.446755 0.917690 0.917690 0.917690
4831.905273 0.000000 1290.299805 0.000000 0.995545 0.000000 -0.094288 0.902334 0.902334 0.902334
4839.832520 0.000000 1300.183594 0.000000 0.999245 0.000000 -0.038847 0.900786 0.900786 0.900786
4819.850586 0.000000 1279.424316 0.000000 0.961636 0.000000 0.274328 0.890634 0.890634 0.890634
4813.608887 0.000000 1287.839600 0.000000 0.976201 0.000000 0.216867 0.890668 0.890668 0.890668
4863.775391 0.000000 1164.169922 0.000000 0.473980 0.000000 0.880536 0.880641 0.880641 0.880641
4924.784668 0.000000 1134.015137 0.000000 0.993717 0.000000 0.111919 0.898740 0.898740 0.898740
4900.857910 0.000000 1139.327271 0.000000 0.320204 0.000000 -0.947349 0.941956 0.941956 0.941956
4867.630371 0.000000 1162.546021 0.000000 0.825850 0.000000 -0.563889 0.939037 0.939037 0.939037
4922.239746 0.000000 1160.514648 0.000000 0.999445 0.000000 0.033306 0.898653 0.898653 0.898653
4898.898926 0.000000 1159.473267 0.000000 0.951160 0.000000 -0.308700 0.918333 0.918333 0.918333
4917.236816 0.000000 1155.750854 0.000000 0.912862 0.000000 0.408269 0.882991 0.882991 0.882991
4879.587402 0.000000 1162.185303 0.000000 0.942941 0.000000 0.332961 0.885509 0.885509 0.885509
4915.991699 0.000000 1152.799316 0.000000 0.738695 0.000000 0.674040 0.853465 0.853465 0.853465
4896.618164 0.000000 1158.381226 0.000000 0.992394 0.000000 -0.123104 0.907210 0.907210 0.907210
4892.272949 0.000000 1155.815308 0.000000 0.569142 0.000000 -0.822239 0.975915 0.975915 0.975915
4865.360840 0.000000 1162.643555 0.000000 0.881612 0.000000 -0.471975 0.989457 0.989457 0.989457
4897.072754 0.000000 1160.286743 0.000000 0.652783 0.000000 -0.757545 0.988840 0.988840 0.988840
4892.717773 0.000000 1157.478271 0.000000 0.252830 0.000000 -0.967511 1.089126 1.089126 1.089126
4917.768555 0.000000 1153.015503 0.000000 0.998740 0.000000 -0.050188 0.915794 0.915794 0.915794
4977.256836 0.000000 1152.174316 0.000000 0.937353 0.000000 0.348380 0.882410 0.882410 0.882410
4944.220703 0.000000 1140.037476 0.000000 0.735971 0.000000 -0.677013 0.918381 0.918381 0.918381
4953.166504 0.000000 1139.374878 0.000000 0.767443 0.000000 -0.641117 0.923456 0.923456 0.923456
4957.074707 0.000000 1143.651978 0.000000 0.412865 0.000000 0.910792 0.881988 0.881988 0.881988
4955.650879 0.000000 1147.494019 0.000000 0.115300 0.000000 -0.993331 0.971935 0.971935 0.971935
4950.713867 0.000000 1159.334717 0.000000 0.990000 0.000000 0.141064 0.893004 0.893004 0.893004
4953.171875 0.000000 1142.996582 0.000000 0.858352 0.000000 -0.513061 0.918158 0.918158 0.918158
4890.577148 0.000000 1204.713989 0.000000 0.750876 0.000000 0.660443 0.887033 0.887033 0.887033
4918.528809 0.000000 1206.151733 0.000000 0.815303 0.000000 0.579034 0.893062 0.893062 0.893062
4884.601562 0.000000 1213.929443 0.000000 0.475252 0.000000 0.879850 0.861334 0.861334 0.861334
4902.678711 0.000000 1216.853638 0.000000 0.631354 0.000000 -0.775495 0.915953 0.915953 0.915953
4909.208496 0.000000 1202.518555 0.000000 0.769142 0.000000 -0.639078 0.915578 0.915578 0.915578
4919.701660 0.000000 1212.520142 0.000000 0.335631 0.000000 -0.941993 0.930364 0.930364 0.930364
4884.781250 0.000000 1219.127930 0.000000 0.215512 0.000000 -0.976501 0.966910 0.966910 0.966910
4902.520996 0.000000 1213.187988 0.000000 0.741967 0.000000 0.670437 0.847168 0.847168 0.847168
4917.539062 0.000000 1209.534424 0.000000 0.266421 0.000000 0.963857 0.835684 0.835684 0.835684
4912.129883 0.000000 1202.385010 0.000000 0.998680 0.000000 0.051355 0.897460 0.897460 0.897460
4968.796875 0.000000 1200.064087 0.000000 0.999887 0.000000 0.015042 0.899865 0.899865 0.899865
4968.222656 0.000000 1190.456909 0.000000 0.951133 0.000000 -0.308781 0.905643 0.905643 0.905643
4931.174316 0.000000 1192.033691 0.000000 0.712182 0.000000 0.701995 0.891257 0.891257 0.891257
4942.178223 0.000000 1212.327759 0.000000 0.053910 0.000000 0.998546 0.859101 0.859101 0.859101
4953.613281 0.000000 1198.462036 0.000000 0.594577 0.000000 0.804039 0.862223 0.862223 0.862223
4967.816895 0.000000 1205.699219 0.000000 0.885835 0.000000 -0.464001 0.923851 0.923851 0.923851
4971.560547 0.000000 1186.771851 0.000000 0.998189 0.000000 -0.060163 0.901894 0.901894 0.901894
4932.474121 0.000000 1196.305786 0.000000 0.915631 0.000000 0.402020 0.888845 0.888845 0.888845
4965.626465 0.000000 1221.506714 0.000000 0.947698 0.000000 0.319170 0.892701 0.892701 0.892701
4969.374512 0.000000 1220.162354 0.000000 0.873863 0.000000 -0.486171 0.918252 0.918252 0.918252
4969.044922 0.000000 1194.003662 0.000000 0.383536 0.000000 -0.923526 0.958190 0.958190 0.958190
4965.844727 0.000000 1202.862305 0.000000 0.288018 0.000000 -0.957625 0.943094 0.943094 0.943094
4968.015137 0.000000 1186.980835 0.000000 0.074861 0.000000 -0.997194 0.973943 0.973943 0.973943
4945.397461 0.000000 1212.315308 0.000000 0.899001 0.000000 -0.437947 0.918334 0.918334 0.918334
4968.279297 0.000000 1196.997803 0.000000 0.789840 0.000000 -0.613313 0.932637 0.932637 0.932637
4985.634277 0.000000 1210.472290 0.000000 0.681029 0.000000 -0.732257 0.940615 0.940615 0.940615
4977.316895 0.000000 1210.530762 0.000000 0.590484 0.000000 0.807049 0.798713 0.798713 0.798713
4941.391113 0.000000 1209.071167 0.000000 0.997277 0.000000 -0.073746 0.916585 0.916585 0.916585
5100.282227 0.000000 1151.639648 0.000000 0.647630 0.000000 0.761955 0.861069 0.861069 0.861069
5103.815918 0.000000 1151.162842 0.000000 0.630334 0.000000 -0.776324 1.117680 1.117680 1.117680
5082.418457 0.000000 1135.186157 0.000000 0.867387 0.000000 -0.497635 0.987775 0.987775 0.987775
5102.149902 0.000000 1151.338745 0.000000 0.692084 0.000000 0.721817 0.702497 0.702497 0.702497
4897.193359 0.000000 1268.299072 0.000000 0.023535 0.000000 0.999723 0.837422 0.837422 0.837422
4892.643555 0.000000 1261.124634 0.000000 0.850763 0.000000 0.525549 0.896270 0.896270 0.896270
4883.236816 0.000000 1251.545410 0.000000 0.746735 0.000000 -0.665121 0.909810 0.909810 0.909810
4903.824707 0.000000 1252.941406 0.000000 0.841095 0.000000 -0.540888 0.925682 0.925682 0.925682
4897.342773 0.000000 1273.785278 0.000000 0.793560 0.000000 0.608492 0.867664 0.867664 0.867664
4897.789062 0.000000 1262.369507 0.000000 0.143885 0.000000 0.989594 0.871155 0.871155 0.871155
4893.704102 0.000000 1247.982666 0.000000 0.753525 0.000000 0.657419 0.869374 0.869374 0.869374
4893.541504 0.000000 1265.606934 0.000000 0.685750 0.000000 0.727837 0.878021 0.878021 0.878021
4896.274902 0.000000 1271.049927 0.000000 0.881184 0.000000 -0.472774 0.924342 0.924342 0.924342
4894.931152 0.000000 1263.034058 0.000000 0.390985 0.000000 -0.920397 0.957790 0.957790 0.957790
4968.796875 0.000000 1247.306274 0.000000 0.977154 0.000000 0.212531 0.896632 0.896632 0.896632
4968.829590 0.000000 1271.873901 0.000000 0.914388 0.000000 -0.404840 0.907492 0.907492 0.907492
4933.079102 0.000000 1253.107910 0.000000 0.787347 0.000000 0.616510 0.888059 0.888059 0.888059
4944.464844 0.000000 1266.658447 0.000000 0.030780 0.000000 -0.999526 0.944983 0.944983 0.944983
4936.751953 0.000000 1255.243896 0.000000 0.112719 0.000000 0.993627 0.857417 0.857417 0.857417
4944.505859 0.000000 1270.758667 0.000000 0.905997 0.000000 -0.423283 0.921605 0.921605 0.921605
4935.050293 0.000000 1240.312378 0.000000 0.999998 0.000000 -0.002202 0.900109 0.900109 0.900109
4972.297852 0.000000 1246.124023 0.000000 0.951287 0.000000 0.308306 0.889437 0.889437 0.889437
4969.506836 0.000000 1274.987427 0.000000 0.989879 0.000000 -0.141914 0.905759 0.905759 0.905759
4909.400879 0.000000 1310.563965 0.000000 0.146756 0.000000 -0.989173 0.941580 0.941580 0.941580
4897.193359 0.000000 1315.541260 0.000000 0.272861 0.000000 -0.962054 0.914542 0.914542 0.914542
4886.682617 0.000000 1287.404541 0.000000 0.041546 0.000000 -0.999137 0.920616 0.920616 0.920616
4913.649902 0.000000 1319.575806 0.000000 0.992176 0.000000 0.124846 0.893812 0.893812 0.893812
4897.858887 0.000000 1297.486816 0.000000 0.828408 0.000000 -0.560125 0.916030 0.916030 0.916030
4891.577148 0.000000 1320.247803 0.000000 0.031012 0.000000 -0.999519 0.969194 0.969194 0.969194
4880.228516 0.000000 1281.764038 0.000000 0.569997 0.000000 -0.821647 0.915167 0.915167 0.915167
4902.678711 0.000000 1311.338013 0.000000 0.870645 0.000000 0.491911 0.874578 0.874578 0.874578
4884.737305 0.000000 1283.197021 0.000000 0.951061 0.000000 -0.309003 0.907764 0.907764 0.907764
4901.634277 0.000000 1315.991089 0.000000 0.083695 0.000000 0.996491 0.836518 0.836518 0.836518
4897.161621 0.000000 1275.819824 0.000000 0.552561 0.000000 0.833473 0.851292 0.851292 0.851292
4899.282715 0.000000 1312.755005 0.000000 0.828448 0.000000 -0.560066 0.929385 0.929385 0.929385
4911.105469 0.000000 1313.371948 0.000000 0.871194 0.000000 -0.490939 0.920755 0.920755 0.920755
4899.369629 0.000000 1278.145752 0.000000 0.183629 0.000000 -0.982996 0.968518 0.968518 0.968518
4908.113770 0.000000 1313.417847 0.000000 0.907056 0.000000 0.421010 0.878519 0.878519 0.878519
4956.635742 0.000000 1308.366821 0.000000 0.288869 0.000000 0.957369 0.865548 0.865548 0.865548
4942.178223 0.000000 1306.812134 0.000000 0.941943 0.000000 -0.335774 0.905386 0.905386 0.905386
4944.552734 0.000000 1309.977783 0.000000 0.388185 0.000000 0.921581 0.865762 0.865762 0.865762
4608.716797 0.000000 1340.616089 0.000000 0.994509 0.000000 -0.104650 0.902827 0.902827 0.902827
4663.623047 0.000000 1358.974243 0.000000 0.553374 0.000000 -0.832933 0.915483 0.915483 0.915483
4648.868652 0.000000 1366.358276 0.000000 0.900457 0.000000 0.434945 0.890901 0.890901 0.890901
4624.037598 0.000000 1339.906616 0.000000 0.791559 0.000000 -0.611093 0.923635 0.923635 0.923635
4613.118164 0.000000 1347.592285 0.000000 0.363010 0.000000 0.931785 0.840717 0.840717 0.840717
4655.828125 0.000000 1331.260620 0.000000 0.836176 0.000000 -0.548461 0.928696 0.928696 0.928696
4649.545898 0.000000 1369.471802 0.000000 0.939264 0.000000 0.343195 0.882683 0.882683 0.882683
4661.573730 0.000000 1361.581177 0.000000 0.432328 0.000000 0.901716 0.844453 0.844453 0.844453
4692.395996 0.000000 1366.377563 0.000000 0.935895 0.000000 -0.352280 0.900809 0.900809 0.900809
4717.424316 0.000000 1357.806152 0.000000 0.850085 0.000000 -0.526646 0.911216 0.911216 0.911216
4697.107422 0.000000 1361.302124 0.000000 0.249897 0.000000 -0.968273 0.965162 0.965162 0.965162
4699.697754 0.000000 1322.901367 0.000000 0.512802 0.000000 0.858507 0.848969 0.848969 0.848969
4695.651367 0.000000 1368.966309 0.000000 0.686373 0.000000 0.727250 0.859747 0.859747 0.859747
4713.950684 0.000000 1356.884277 0.000000 0.953473 0.000000 0.301479 0.884862 0.884862 0.884862
4704.952637 0.000000 1341.196411 0.000000 0.974000 0.000000 0.226549 0.888703 0.888703 0.888703
4699.001953 0.000000 1358.501587 0.000000 0.956819 0.000000 -0.290685 0.914580 0.914580 0.914580
4706.847168 0.000000 1338.836060 0.000000 0.998346 0.000000 -0.057484 0.902843 0.902843 0.902843
4618.879883 0.000000 1371.719116 0.000000 0.673056 0.000000 0.739591 0.885036 0.885036 0.885036
4616.393555 0.000000 1387.736694 0.000000 0.108515 0.000000 0.994095 0.870434 0.870434 0.870434
4668.222168 0.000000 1400.512085 0.000000 0.457382 0.000000 0.889270 0.882766 0.882766 0.882766
4646.150391 0.000000 1370.910889 0.000000 0.068950 0.000000 0.997620 0.829138 0.829138 0.829138
4668.369629 0.000000 1409.975464 0.000000 0.986548 0.000000 0.163472 0.897786 0.897786 0.897786
4670.958008 0.000000 1405.274780 0.000000 0.880060 0.000000 -0.474863 0.916677 0.916677 0.916677
4623.411621 0.000000 1371.750732 0.000000 0.670596 0.000000 0.741822 0.858686 0.858686 0.858686
4619.479492 0.000000 1376.328003 0.000000 0.988200 0.000000 0.153170 0.896199 0.896199 0.896199
4667.110352 0.000000 1404.348022 0.000000 0.781680 0.000000 -0.623680 0.922697 0.922697 0.922697
4615.896484 0.000000 1378.561401 0.000000 0.155362 0.000000 -0.987858 0.947684 0.947684 0.947684
4617.000977 0.000000 1374.300293 0.000000 0.980437 0.000000 -0.196832 0.908903 0.908903 0.908903
4621.379883 0.000000 1373.952759 0.000000 0.759112 0.000000 -0.650960 0.933447 0.933447 0.933447
4668.544922 0.000000 1407.060791 0.000000 0.997488 0.000000 0.070832 0.896496 0.896496 0.896496
4672.627930 0.000000 1416.973877 0.000000 0.528727 0.000000 0.848792 0.886334 0.886334 0.886334
4672.708984 0.000000 1387.858276 0.000000 0.993318 0.000000 0.115413 0.894282 0.894282 0.894282
4727.615234 0.000000 1406.216431 0.000000 0.619022 0.000000 0.785374 0.873615 0.873615 0.873615
4725.076172 0.000000 1373.294800 0.000000 0.209071 0.000000 -0.977900 0.967235 0.967235 0.967235
4674.366211 0.000000 1409.093750 0.000000 0.442622 0.000000 0.896708 0.852516 0.852516 0.852516
4679.286133 0.000000 1401.007935 0.000000 0.866761 0.000000 -0.498725 0.925810 0.925810 0.925810
4722.347168 0.000000 1408.475342 0.000000 0.264767 0.000000 -0.964312 0.926346 0.926346 0.926346
4717.298828 0.000000 1410.543945 0.000000 0.725570 0.000000 -0.688148 0.932400 0.932400 0.932400
4706.566406 0.000000 1379.714478 0.000000 0.596080 0.000000 0.802925 0.885338 0.885338 0.885338
4727.121582 0.000000 1377.423828 0.000000 0.186901 0.000000 -0.982379 0.927963 0.927963 0.927963
4692.760742 0.000000 1377.681396 0.000000 0.753381 0.000000 -0.657585 0.935472 0.935472 0.935472
4695.829590 0.000000 1371.800049 0.000000 0.942123 0.000000 0.335266 0.885404 0.885404 0.885404
4679.046875 0.000000 1405.093384 0.000000 0.689244 0.000000 0.724529 0.869047 0.869047 0.869047
4675.070801 0.000000 1412.416260 0.000000 0.633754 0.000000 -0.773534 0.943717 0.943717 0.943717
4672.489258 0.000000 1406.331909 0.000000 0.900315 0.000000 -0.435238 0.918212 0.918212 0.918212
4703.792480 0.000000 1378.118896 0.000000 0.361403 0.000000 0.932410 0.843330 0.843330 0.843330
4725.565918 0.000000 1408.823364 0.000000 0.702951 0.000000 0.711238 0.867998 0.867998 0.867998
4690.879395 0.000000 1376.196777 0.000000 0.347041 0.000000 -0.937850 0.990192 0.990192 0.990192
4781.089844 0.000000 1323.654053 0.000000 0.875953 0.000000 0.482397 0.879641 0.879641 0.879641
4764.659180 0.000000 1355.609009 0.000000 0.691346 0.000000 0.722524 0.885486 0.885486 0.885486
4755.252441 0.000000 1346.029785 0.000000 0.699195 0.000000 0.714931 0.889262 0.889262 0.889262
4743.278320 0.000000 1353.765747 0.000000 0.998699 0.000000 -0.050985 0.901375 0.901375 0.901375
4761.636719 0.000000 1340.188599 0.000000 0.404978 0.000000 -0.914326 0.957036 0.957036 0.957036
4742.242676 0.000000 1366.543091 0.000000 0.141048 0.000000 0.990003 0.858251 0.858251 0.858251
4790.963379 0.000000 1341.784180 0.000000 0.993267 0.000000 -0.115851 0.901565 0.901565 0.901565
4767.166016 0.000000 1349.563110 0.000000 0.339204 0.000000 0.940713 0.883489 0.883489 0.883489
4769.358398 0.000000 1368.269653 0.000000 0.326872 0.000000 -0.945069 0.938937 0.938937 0.938937
4744.775391 0.000000 1349.728271 0.000000 0.644677 0.000000 0.764455 0.856985 0.856985 0.856985
4759.643555 0.000000 1368.966309 0.000000 0.917012 0.000000 0.398859 0.888016 0.888016 0.888016
4793.257324 0.000000 1339.187256 0.000000 0.354007 0.000000 -0.935243 0.946178 0.946178 0.946178
4747.959961 0.000000 1350.954590 0.000000 0.868282 0.000000 -0.496071 0.917494 0.917494 0.917494
4739.062988 0.000000 1365.174072 0.000000 0.928232 0.000000 0.372002 0.881158 0.881158 0.881158
4754.644531 0.000000 1342.902100 0.000000 0.847914 0.000000 -0.530134 0.921343 0.921343 0.921343
4793.990723 0.000000 1341.906860 0.000000 0.376955 0.000000 0.926231 0.841459 0.841459 0.841459
4854.536621 0.000000 1347.878296 0.000000 0.378681 0.000000 -0.925527 0.915941 0.915941 0.915941
4833.866699 0.000000 1344.729004 0.000000 0.985689 0.000000 0.168573 0.898097 0.898097 0.898097
4842.069824 0.000000 1353.250732 0.000000 0.996175 0.000000 0.087382 0.895675 0.895675 0.895675
4855.105957 0.000000 1330.181641 0.000000 0.849895 0.000000 -0.526952 0.911223 0.911223 0.911223
4857.761719 0.000000 1326.420776 0.000000 0.993586 0.000000 -0.113075 0.905856 0.905856 0.905856
4852.861816 0.000000 1338.478394 0.000000 0.371569 0.000000 0.928405 0.865238 0.865238 0.865238
4830.401855 0.000000 1346.014771 0.000000 0.986928 0.000000 0.161162 0.891999 0.891999 0.891999
4811.952148 0.000000 1350.954590 0.000000 0.820657 0.000000 0.571422 0.869934 0.869934 0.869934
4842.276855 0.000000 1349.764526 0.000000 0.049174 0.000000 -0.998790 0.954702 0.954702 0.954702
4853.244629 0.000000 1344.719604 0.000000 0.885126 0.000000 0.465352 0.876073 0.876073 0.876073
4796.655762 0.000000 1387.621094 0.000000 0.414923 0.000000 -0.909857 0.907704 0.907704 0.907704
4795.904297 0.000000 1377.915405 0.000000 0.898917 0.000000 0.438119 0.890829 0.890829 0.890829
4765.719727 0.000000 1389.709229 0.000000 0.179093 0.000000 -0.983832 0.956247 0.956247 0.956247
4794.176270 0.000000 1391.908081 0.000000 0.413860 0.000000 0.910341 0.853728 0.853728 0.853728
4759.821777 0.000000 1371.800049 0.000000 0.764754 0.000000 -0.644323 0.928316 0.928316 0.928316
4797.496582 0.000000 1374.181763 0.000000 0.619304 0.000000 -0.785151 0.944634 0.944634 0.944634
4762.495605 0.000000 1390.500244 0.000000 0.999993 0.000000 0.003850 0.899792 0.899792 0.899792
4845.082031 0.000000 1370.896240 0.000000 0.971280 0.000000 -0.237939 0.911876 0.911876 0.911876
4799.713867 0.000000 1374.077759 0.000000 0.200402 0.000000 0.979714 0.863087 0.863087 0.863087
4822.690430 0.000000 1381.888916 0.000000 0.683732 0.000000 0.729733 0.879784 0.879784 0.879784
4804.489746 0.000000 1385.274536 0.000000 0.712022 0.000000 -0.702158 0.936730 0.936730 0.936730
4847.778320 0.000000 1374.217529 0.000000 0.713677 0.000000 -0.700475 0.938362 0.938362 0.938362
4862.354004 0.000000 1397.319946 0.000000 0.621811 0.000000 -0.783168 0.934368 0.934368 0.934368
4909.984863 0.000000 1349.041016 0.000000 0.143737 0.000000 -0.989616 0.935259 0.935259 0.935259
4914.928711 0.000000 1353.719727 0.000000 0.738181 0.000000 -0.674603 0.909982 0.909982 0.909982
4880.472656 0.000000 1361.142822 0.000000 0.787071 0.000000 0.616862 0.888051 0.888051 0.888051
4891.674316 0.000000 1322.901367 0.000000 0.953317 0.000000 -0.301971 0.915164 0.915164 0.915164
4927.179199 0.000000 1335.107788 0.000000 0.999101 0.000000 -0.042398 0.902096 0.902096 0.902096
4909.208496 0.000000 1344.245117 0.000000 0.864517 0.000000 -0.502603 0.914199 0.914199 0.914199
4897.161621 0.000000 1323.062012 0.000000 0.998313 0.000000 -0.058058 0.902349 0.902349 0.902349
4887.806152 0.000000 1324.557861 0.000000 0.702587 0.000000 -0.711597 0.923127 0.923127 0.923127
4876.735840 0.000000 1362.644653 0.000000 0.618421 0.000000 0.785847 0.867499 0.867499 0.867499
4917.539062 0.000000 1351.260986 0.000000 0.685545 0.000000 0.728030 0.859691 0.859691 0.859691
4899.369629 0.000000 1325.387939 0.000000 0.965113 0.000000 -0.261833 0.911905 0.911905 0.911905
4885.959473 0.000000 1363.521729 0.000000 0.889527 0.000000 0.456883 0.876545 0.876545 0.876545
4874.847168 0.000000 1380.724731 0.000000 0.233422 0.000000 -0.972375 0.939001 0.939001 0.939001
4869.086914 0.000000 1394.834473 0.000000 0.641576 0.000000 -0.767059 0.915715 0.915715 0.915715
4891.577148 0.000000 1414.732178 0.000000 0.184708 0.000000 -0.982793 0.968464 0.968464 0.968464
4864.424316 0.000000 1392.944702 0.000000 0.883378 0.000000 -0.468661 0.913152 0.913152 0.913152
4875.448242 0.000000 1376.328003 0.000000 0.405974 0.000000 -0.913885 0.923311 0.923311 0.923311
4900.438477 0.000000 1388.423950 0.000000 0.887204 0.000000 0.461377 0.878450 0.878450 0.878450
4888.335938 0.000000 1412.327515 0.000000 0.503088 0.000000 0.864235 0.867171 0.867171 0.867171
4864.577637 0.000000 1396.840454 0.000000 0.930644 0.000000 0.365926 0.881482 0.881482 0.881482
4901.852539 0.000000 1391.831055 0.000000 0.592093 0.000000 -0.805870 0.946325 0.946325 0.946325
4891.674316 0.000000 1417.385742 0.000000 0.914593 0.000000 0.404376 0.890646 0.890646 0.890646
5136.246094 0.000000 781.327576 0.000000 0.979794 0.000000 0.200011 0.874663 0.874663 0.874663
5139.691895 0.000000 781.716003 0.000000 0.862632 0.000000 -0.505831 0.951240 0.951240 0.951240
5125.879883 0.000000 773.142822 0.000000 0.456002 0.000000 0.889979 0.707690 0.707690 0.707690
5119.458496 0.000000 775.983643 0.000000 0.556937 0.000000 -0.830554 0.992492 0.992492 0.992492
5132.055664 0.000000 787.538879 0.000000 0.165428 0.000000 0.986222 0.770604 0.770604 0.770604
5172.822754 0.000000 818.814270 0.000000 0.688798 0.000000 0.724953 0.805248 0.805248 0.805248
5149.639160 0.000000 844.600525 0.000000 0.997371 0.000000 0.072458 0.897719 0.897719 0.897719
5172.092773 0.000000 816.441467 0.000000 0.931611 0.000000 0.363456 0.851524 0.851524 0.851524
5169.293457 0.000000 832.593262 0.000000 0.994618 0.000000 0.103613 0.886006 0.886006 0.886006
5151.525391 0.000000 847.607971 0.000000 0.491546 0.000000 0.870852 0.740887 0.740887 0.740887
5150.406250 0.000000 805.980469 0.000000 0.190104 0.000000 -0.981764 1.222364 1.222364 1.222364
5154.735352 0.000000 820.931885 0.000000 0.320196 0.000000 0.947351 0.595120 0.595120 0.595120
5155.737305 0.000000 820.167297 0.000000 0.959188 0.000000 -0.282769 0.970211 0.970211 0.970211
5179.221191 0.000000 866.146423 0.000000 0.681641 0.000000 -0.731687 1.001433 1.001433 1.001433
5178.826172 0.000000 867.882751 0.000000 0.112262 0.000000 -0.993679 1.080215 1.080215 1.080215
5181.083984 0.000000 866.588257 0.000000 0.747823 0.000000 -0.663898 1.123486 1.123486 1.123486
5181.850586 0.000000 867.646729 0.000000 0.932559 0.000000 0.361016 0.786303 0.786303 0.786303
5186.448730 0.000000 875.020386 0.000000 0.772238 0.000000 0.635334 0.728299 0.728299 0.728299
5214.710449 0.000000 889.704224 0.000000 0.634624 0.000000 0.772821 0.836492 0.836492 0.836492
5187.465332 0.000000 872.745544 0.000000 0.377626 0.000000 -0.925958 0.987758 0.987758 0.987758
5242.885742 0.000000 888.739380 0.000000 0.806735 0.000000 0.590913 0.769317 0.769317 0.769317
5217.920898 0.000000 888.742554 0.000000 0.935552 0.000000 0.353190 0.831058 0.831058 0.831058
5218.648438 0.000000 880.145691 0.000000 0.926364 0.000000 0.376630 0.799353 0.799353 0.799353
5216.186035 0.000000 889.168762 0.000000 0.809357 0.000000 0.587316 0.780111 0.780111 0.780111
5187.874512 0.000000 874.189026 0.000000 0.914117 0.000000 -0.405450 1.004119 1.004119 1.004119
5187.719727 0.000000 875.593872 0.000000 0.192270 0.000000 0.981342 0.556489 0.556489 0.556489
5219.772461 0.000000 880.862244 0.000000 0.910422 0.000000 0.413682 0.788839 0.788839 0.788839
5293.862793 0.000000 895.649353 0.000000 0.585429 0.000000 -0.810723 0.989216 0.989216 0.989216
5250.571777 0.000000 859.180603 0.000000 0.680867 0.000000 -0.732407 0.964631 0.964631 0.964631
5294.915039 0.000000 897.541504 0.000000 0.941262 0.000000 0.337677 0.865173 0.865173 0.865173
5260.055176 0.000000 888.113464 0.000000 0.117205 0.000000 0.993108 0.756320 0.756320 0.756320
5255.467773 0.000000 878.271606 0.000000 0.333863 0.000000 0.942622 0.709244 0.709244 0.709244
5251.999512 0.000000 860.161316 0.000000 0.943626 0.000000 -0.331015 0.967467 0.967467 0.967467
5357.930176 0.000000 876.619080 0.000000 0.320063 0.000000 0.947396 0.869229 0.869229 0.869229
5332.682617 0.000000 858.017334 0.000000 0.668535 0.000000 0.743681 0.877390 0.877390 0.877390
5363.854004 0.000000 885.157654 0.000000 0.251373 0.000000 0.967890 0.849706 0.849706 0.849706
5360.585938 0.000000 884.089478 0.000000 0.852865 0.000000 0.522132 0.856798 0.856798 0.856798
5331.645020 0.000000 860.960388 0.000000 0.987059 0.000000 -0.160359 0.911942 0.911942 0.911942
5361.079102 0.000000 886.713867 0.000000 0.491987 0.000000 0.870602 0.743337 0.743337 0.743337
5333.797363 0.000000 860.014221 0.000000 0.429266 0.000000 -0.903178 1.231759 1.231759 1.231759
5345.018066 0.000000 876.833496 0.000000 0.986329 0.000000 0.164790 0.871359 0.871359 0.871359
5357.322266 0.000000 875.223206 0.000000 0.999997 0.000000 0.002314 0.899459 0.899459 0.899459
5333.309082 0.000000 861.381958 0.000000 0.722306 0.000000 0.691574 0.675220 0.675220 0.675220
5359.489258 0.000000 876.820435 0.000000 0.123557 0.000000 -0.992337 1.286879 1.286879 1.286879
5259.779297 0.000000 912.531921 0.000000 0.802075 0.000000 -0.597223 0.944581 0.944581 0.944581
5256.494629 0.000000 912.323486 0.000000 0.130604 0.000000 -0.991435 0.997053 0.997053 0.997053
5285.208496 0.000000 905.819031 0.000000 0.957460 0.000000 0.288567 0.821730 0.821730 0.821730
5258.232422 0.000000 910.621399 0.000000 0.381258 0.000000 -0.924469 1.011322 1.011322 1.011322
5273.216797 0.000000 897.703369 0.000000 0.844052 0.000000 0.536261 0.783000 0.783000 0.783000
5275.129883 0.000000 913.469177 0.000000 0.295810 0.000000 -0.955247 1.074134 1.074134 1.074134
5285.904785 0.000000 904.182190 0.000000 0.963144 0.000000 -0.268985 0.972818 0.972818 0.972818
5274.095703 0.000000 910.956482 0.000000 0.889076 0.000000 -0.457760 0.985467 0.985467 0.985467
5284.450195 0.000000 904.718201 0.000000 0.931937 0.000000 -0.362619 0.999219 0.999219 0.999219
5365.131348 0.000000 915.456787 0.000000 0.997102 0.000000 0.076077 0.882205 0.882205 0.882205
5460.302246 0.000000 846.713440 0.000000 0.629304 0.000000 -0.777159 0.956001 0.956001 0.956001
5448.271973 0.000000 843.642334 0.000000 0.114708 0.000000 -0.993399 1.109351 1.109351 1.109351
5461.525879 0.000000 845.527893 0.000000 0.715316 0.000000 0.698801 0.752230 0.752230 0.752230
5460.033691 0.000000 845.131042 0.000000 0.955181 0.000000 -0.296021 0.957396 0.957396 0.957396
5626.993164 0.000000 837.441772 0.000000 0.513024 0.000000 -0.858374 0.932466 0.932466 0.932466
5629.981934 0.000000 823.707947 0.000000 0.888578 0.000000 -0.458725 0.967459 0.967459 0.967459
5616.043945 0.000000 824.447510 0.000000 0.786644 0.000000 -0.617407 0.937379 0.937379 0.937379
5623.655273 0.000000 825.458496 0.000000 0.708313 0.000000 -0.705899 0.966913 0.966913 0.966913
5628.048828 0.000000 835.610107 0.000000 0.018045 0.000000 0.999837 0.617402 0.617402 0.617402
5628.953125 0.000000 822.339905 0.000000 0.985191 0.000000 0.171461 0.875608 0.875608 0.875608
5614.686523 0.000000 825.273438 0.000000 0.174782 0.000000 -0.984607 1.178985 1.178985 1.178985
5629.760742 0.000000 834.080200 0.000000 0.950967 0.000000 -0.309293 0.957229 0.957229 0.957229
5395.594727 0.000000 864.767395 0.000000 0.227665 0.000000 0.973740 0.767413 0.767413 0.767413
5376.403320 0.000000 886.667786 0.000000 0.723093 0.000000 -0.690751 1.064478 1.064478 1.064478
5397.602051 0.000000 880.077698 0.000000 0.415477 0.000000 0.909604 0.648464 0.648464 0.648464
5395.396484 0.000000 880.794373 0.000000 0.998383 0.000000 -0.056842 0.905495 0.905495 0.905495
5378.510742 0.000000 887.268494 0.000000 0.812526 0.000000 -0.582925 0.951737 0.951737 0.951737
5393.659668 0.000000 865.348755 0.000000 0.608586 0.000000 -0.793488 1.101813 1.101813 1.101813
5399.518555 0.000000 860.625732 0.000000 0.853932 0.000000 -0.520385 1.010676 1.010676 1.010676
5397.853516 0.000000 881.963135 0.000000 0.532593 0.000000 -0.846372 1.122207 1.122207 1.122207
5392.272461 0.000000 865.983276 0.000000 0.975567 0.000000 -0.219702 0.948775 0.948775 0.948775
5396.452637 0.000000 881.715271 0.000000 0.578065 0.000000 -0.815991 1.110164 1.110164 1.110164
5462.651367 0.000000 875.881531 0.000000 0.001878 0.000000 0.999998 0.614459 0.614459 0.614459
5475.299316 0.000000 852.965942 0.000000 0.542267 0.000000 0.840207 0.861892 0.861892 0.861892
5491.401367 0.000000 891.842590 0.000000 0.909330 0.000000 -0.416076 0.918320 0.918320 0.918320
5500.312012 0.000000 861.216125 0.000000 0.657413 0.000000 -0.753531 0.972866 0.972866 0.972866
5465.120605 0.000000 872.293884 0.000000 0.736268 0.000000 0.676690 0.769738 0.769738 0.769738
5465.025391 0.000000 875.428772 0.000000 0.960347 0.000000 0.278808 0.863813 0.863813 0.863813
5475.396484 0.000000 854.835693 0.000000 0.303721 0.000000 0.952761 0.542660 0.542660 0.542660
5493.028809 0.000000 870.555237 0.000000 0.422273 0.000000 0.906469 0.726608 0.726608 0.726608
5474.335938 0.000000 855.376892 0.000000 0.867481 0.000000 0.497470 0.752591 0.752591 0.752591
5413.580078 0.000000 911.910400 0.000000 0.334561 0.000000 0.942374 0.817113 0.817113 0.817113
5434.569824 0.000000 910.799866 0.000000 0.956533 0.000000 -0.291623 0.906649 0.906649 0.906649
5399.565430 0.000000 943.786621 0.000000 0.276125 0.000000 -0.961122 1.184280 1.184280 1.184280
5398.659180 0.000000 923.123718 0.000000 0.192883 0.000000 -0.981222 1.054665 1.054665 1.054665
5413.376953 0.000000 908.625427 0.000000 0.521733 0.000000 0.853109 0.863262 0.863262 0.863262
5410.526855 0.000000 910.646851 0.000000 0.821766 0.000000 0.569825 0.810090 0.810090 0.810090
5401.934570 0.000000 900.697266 0.000000 0.339394 0.000000 0.940644 0.721161 0.721161 0.721161
5399.979492 0.000000 921.147766 0.000000 0.170459 0.000000 -0.985365 1.019492 1.019492 1.019492
5401.054688 0.000000 942.046265 0.000000 0.850497 0.000000 -0.525980 0.969691 0.969691 0.969691
5435.189941 0.000000 913.388611 0.000000 0.917152 0.000000 0.398538 0.864079 0.864079 0.864079
5394.648438 0.000000 910.247253 0.000000 0.412747 0.000000 0.910846 0.727580 0.727580 0.727580
5433.245605 0.000000 912.163330 0.000000 0.457004 0.000000 -0.889464 1.114279 1.114279 1.114279
5406.438477 0.000000 913.107788 0.000000 0.505729 0.000000 0.862693 0.710618 0.710618 0.710618
5379.851074 0.000000 921.431213 0.000000 0.841161 0.000000 0.540784 0.766484 0.766484 0.766484
5399.724121 0.000000 942.423340 0.000000 0.780818 0.000000 0.624759 0.751407 0.751407 0.751407
5398.417969 0.000000 942.921753 0.000000 0.273585 0.000000 -0.961848 1.184862 1.184862 1.184862
5453.530762 0.000000 909.902100 0.000000 0.491837 0.000000 0.870687 0.759930 0.759930 0.759930
5449.837402 0.000000 918.079956 0.000000 0.726655 0.000000 0.687003 0.801301 0.801301 0.801301
5448.718262 0.000000 916.950745 0.000000 0.105322 0.000000 0.994438 0.630029 0.630029 0.630029
5454.459961 0.000000 908.573853 0.000000 0.794731 0.000000 -0.606962 1.040688 1.040688 1.040688
5622.442871 0.000000 875.456360 0.000000 0.949453 0.000000 -0.313910 0.935873 0.935873 0.935873
5597.618164 0.000000 870.045105 0.000000 0.866993 0.000000 0.498321 0.890623 0.890623 0.890623
5571.090820 0.000000 853.106873 0.000000 0.505081 0.000000 0.863072 0.867244 0.867244 0.867244
5572.699707 0.000000 887.515930 0.000000 0.870403 0.000000 -0.492340 0.960146 0.960146 0.960146
5595.297852 0.000000 858.500549 0.000000 0.772625 0.000000 0.634863 0.845908 0.845908 0.845908
5599.857422 0.000000 870.966553 0.000000 0.919695 0.000000 0.392633 0.870082 0.870082 0.870082
5615.561523 0.000000 894.687988 0.000000 0.837841 0.000000 -0.545915 0.971365 0.971365 0.971365
5526.604492 0.000000 909.466980 0.000000 0.972638 0.000000 0.232327 0.892098 0.892098 0.892098
5535.819336 0.000000 912.362244 0.000000 0.576181 0.000000 -0.817322 1.190211 1.190211 1.190211
5549.130371 0.000000 919.065369 0.000000 0.507901 0.000000 -0.861416 0.993295 0.993295 0.993295
5529.101562 0.000000 906.785583 0.000000 0.927378 0.000000 -0.374125 0.932740 0.932740 0.932740
5529.420410 0.000000 909.618164 0.000000 0.987512 0.000000 0.157546 0.870140 0.870140 0.870140
5566.555664 0.000000 943.404419 0.000000 0.578602 0.000000 0.815610 0.833565 0.833565 0.833565
5514.201172 0.000000 910.621399 0.000000 0.527412 0.000000 -0.849610 1.039150 1.039150 1.039150
5547.049316 0.000000 919.684570 0.000000 0.066354 0.000000 -0.997796 1.244782 1.244782 1.244782
5517.171875 0.000000 911.586182 0.000000 0.016244 0.000000 0.999868 0.592624 0.592624 0.592624
5534.422852 0.000000 913.107788 0.000000 0.466798 0.000000 -0.884364 1.229153 1.229153 1.229153
5529.221680 0.000000 908.173462 0.000000 0.876357 0.000000 0.481663 0.805149 0.805149 0.805149
5519.687012 0.000000 916.043030 0.000000 0.553362 0.000000 -0.832941 1.114549 1.114549 1.114549
5594.491211 0.000000 921.260864 0.000000 0.942084 0.000000 0.335376 0.890010 0.890010 0.890010
5568.518555 0.000000 944.552002 0.000000 0.178937 0.000000 0.983861 0.793744 0.793744 0.793744
5599.811523 0.000000 912.362244 0.000000 0.842758 0.000000 0.538293 0.896168 0.896168 0.896168
5617.178711 0.000000 915.963257 0.000000 0.983361 0.000000 -0.181660 0.909851 0.909851 0.909851
5571.358887 0.000000 931.848083 0.000000 0.144081 0.000000 -0.989566 1.217250 1.217250 1.217250
5626.074707 0.000000 919.486206 0.000000 0.999839 0.000000 0.017918 0.897826 0.897826 0.897826
5615.263184 0.000000 913.300720 0.000000 0.886903 0.000000 0.461957 0.878421 0.878421 0.878421
5593.911133 0.000000 900.697266 0.000000 0.921790 0.000000 0.387690 0.849906 0.849906 0.849906
5627.467773 0.000000 921.360107 0.000000 0.805687 0.000000 0.592341 0.854418 0.854418 0.854418
5573.847656 0.000000 930.686768 0.000000 0.008451 0.000000 -0.999964 1.043927 1.043927 1.043927
5627.715332 0.000000 918.059570 0.000000 0.846926 0.000000 0.531710 0.831979 0.831979 0.831979
5622.072754 0.000000 898.768066 0.000000 0.742203 0.000000 -0.670175 1.036968 1.036968 1.036968
5570.602051 0.000000 930.236755 0.000000 0.871808 0.000000 0.489847 0.786129 0.786129 0.786129
5174.143066 0.000000 991.416504 0.000000 0.992547 0.000000 0.121859 0.873375 0.873375 0.873375
5174.386719 0.000000 988.241028 0.000000 0.499558 0.000000 0.866281 0.645758 0.645758 0.645758
5168.670410 0.000000 983.896973 0.000000 0.891236 0.000000 -0.453540 1.022692 1.022692 1.022692
5174.560059 0.000000 989.849426 0.000000 0.592366 0.000000 -0.805669 1.127329 1.127329 1.127329
5121.536133 0.000000 944.849609 0.000000 0.297493 0.000000 -0.954724 1.150862 1.150862 1.150862
5169.119141 0.000000 982.635681 0.000000 0.143086 0.000000 0.989710 0.528011 0.528011 0.528011
5184.642090 0.000000 978.009094 0.000000 0.951306 0.000000 0.308247 0.807063 0.807063 0.807063
5185.636230 0.000000 979.715210 0.000000 0.346229 0.000000 -0.938150 1.261023 1.261023 1.261023
5213.801270 0.000000 980.827698 0.000000 0.745499 0.000000 0.666507 0.698386 0.698386 0.698386
5185.883301 0.000000 978.478882 0.000000 0.899506 0.000000 0.436908 0.765894 0.765894 0.765894
5184.534180 0.000000 979.495056 0.000000 0.903333 0.000000 -0.428940 1.031484 1.031484 1.031484
5158.087891 0.000000 992.973328 0.000000 0.815052 0.000000 -0.579387 0.954153 0.954153 0.954153
5174.860352 0.000000 1033.706787 0.000000 0.991962 0.000000 -0.126538 0.914539 0.914539 0.914539
5165.177246 0.000000 1013.549744 0.000000 0.061707 0.000000 -0.998094 1.072924 1.072924 1.072924
5158.810059 0.000000 995.565552 0.000000 0.998352 0.000000 0.057386 0.887486 0.887486 0.887486
5166.365234 0.000000 1015.823303 0.000000 0.176484 0.000000 0.984304 0.693368 0.693368 0.693368
5177.992676 0.000000 1028.676392 0.000000 0.667893 0.000000 -0.744257 1.082951 1.082951 1.082951
5149.968750 0.000000 1005.303162 0.000000 0.257333 0.000000 0.966323 0.649706 0.649706 0.649706
5151.912109 0.000000 1012.693115 0.000000 0.026282 0.000000 0.999655 0.611961 0.611961 0.611961
5149.760742 0.000000 1000.103516 0.000000 0.999882 0.000000 0.015382 0.897062 0.897062 0.897062
5168.152344 0.000000 1015.262817 0.000000 0.999816 0.000000 0.019174 0.895605 0.895605 0.895605
5164.518066 0.000000 1015.212158 0.000000 0.093743 0.000000 -0.995596 1.175433 1.175433 1.175433
5173.288086 0.000000 1032.790771 0.000000 0.991205 0.000000 0.132334 0.882405 0.882405 0.882405
5150.248535 0.000000 1013.480713 0.000000 0.893097 0.000000 0.449865 0.812980 0.812980 0.812980
5149.733887 0.000000 1003.526306 0.000000 0.865849 0.000000 0.500306 0.749310 0.749310 0.749310
5166.741211 0.000000 1014.242188 0.000000 0.591082 0.000000 0.806612 0.760840 0.760840 0.760840
5176.954590 0.000000 1027.525513 0.000000 0.209608 0.000000 -0.977786 1.202438 1.202438 1.202438
5169.398438 0.000000 1014.138245 0.000000 0.015688 0.000000 0.999877 0.543596 0.543596 0.543596
5148.616699 0.000000 1004.695801 0.000000 0.994489 0.000000 -0.104843 0.920060 0.920060 0.920060
5177.050293 0.000000 1029.680054 0.000000 0.881624 0.000000 0.471952 0.792877 0.792877 0.792877
5148.663574 0.000000 1003.092957 0.000000 0.984514 0.000000 -0.175307 0.950681 0.950681 0.950681
5205.237793 0.000000 1019.618713 0.000000 0.999586 0.000000 0.028755 0.897480 0.897480 0.897480
5205.117676 0.000000 1017.006104 0.000000 0.121320 0.000000 -0.992613 1.293994 1.293994 1.293994
5165.953613 0.000000 1065.587891 0.000000 0.882556 0.000000 0.470207 0.893400 0.893400 0.893400
5162.030762 0.000000 1069.797607 0.000000 0.849600 0.000000 0.527428 0.878779 0.878779 0.878779
5126.688965 0.000000 1078.942627 0.000000 0.907476 0.000000 -0.420103 0.923380 0.923380 0.923380
5162.237793 0.000000 1066.311401 0.000000 0.709751 0.000000 0.704453 0.715590 0.715590 0.715590
5129.490723 0.000000 1078.576782 0.000000 0.997748 0.000000 -0.067073 0.905429 0.905429 0.905429
5164.204590 0.000000 1066.604980 0.000000 0.687100 0.000000 -0.726563 1.077259 1.077259 1.077259
5162.975098 0.000000 1067.741699 0.000000 1.000000 0.000000 0.000048 0.899989 0.899989 0.899989
5171.483887 0.000000 1075.295410 0.000000 0.975917 0.000000 -0.218144 0.963741 0.963741 0.963741
5200.433594 0.000000 1077.689697 0.000000 0.824450 0.000000 0.565935 0.864857 0.864857 0.864857
5197.562012 0.000000 1051.628662 0.000000 0.358428 0.000000 -0.933557 1.065050 1.065050 1.065050
5202.544434 0.000000 1077.008545 0.000000 0.997562 0.000000 -0.069788 0.913026 0.913026 0.913026
5198.985840 0.000000 1079.399902 0.000000 0.906583 0.000000 0.422028 0.849096 0.849096 0.849096
5201.015625 0.000000 1079.678345 0.000000 0.537916 0.000000 0.842998 0.807616 0.807616 0.807616
5191.082031 0.000000 1055.231812 0.000000 0.998643 0.000000 -0.052083 0.907025 0.907025 0.907025
5140.341309 0.000000 1130.166626 0.000000 0.069913 0.000000 0.997553 0.869650 0.869650 0.869650
5160.773438 0.000000 1105.579712 0.000000 0.952974 0.000000 -0.303054 0.939433 0.939433 0.939433
5175.560547 0.000000 1122.763306 0.000000 0.600339 0.000000 0.799745 0.879174 0.879174 0.879174
5160.806152 0.000000 1130.147339 0.000000 0.841101 0.000000 -0.540878 0.993736 0.993736 0.993736
5180.307129 0.000000 1126.522339 0.000000 0.674602 0.000000 -0.738182 0.916792 0.916792 0.916792
5167.739258 0.000000 1090.764404 0.000000 0.994249 0.000000 -0.107093 0.910126 0.910126 0.910126
5181.449707 0.000000 1090.728638 0.000000 0.982767 0.000000 -0.184846 0.923811 0.923811 0.923811
5155.251465 0.000000 1123.786255 0.000000 0.853662 0.000000 -0.520827 0.956621 0.956621 0.956621
5173.205566 0.000000 1108.508667 0.000000 0.744003 0.000000 0.668176 0.765178 0.765178 0.765178
5182.314941 0.000000 1113.866821 0.000000 0.630695 0.000000 -0.776031 0.983833 0.983833 0.983833
5180.482422 0.000000 1123.607666 0.000000 0.494471 0.000000 0.869194 0.843186 0.843186 0.843186
5182.804688 0.000000 1125.264648 0.000000 0.444566 0.000000 -0.895746 0.994783 0.994783 0.994783
5166.881836 0.000000 1092.949585 0.000000 0.935147 0.000000 0.354260 0.861758 0.861758 0.861758
5158.766113 0.000000 1106.309937 0.000000 0.173191 0.000000 0.984888 0.733670 0.733670 0.733670
5121.768066 0.000000 1090.691895 0.000000 0.332454 0.000000 -0.943119 1.234919 1.234919 1.234919
5172.168457 0.000000 1110.059937 0.000000 0.963396 0.000000 0.268082 0.843288 0.843288 0.843288
5168.790039 0.000000 1092.651245 0.000000 0.998295 0.000000 -0.058368 0.907611 0.907611 0.907611
5175.643066 0.000000 1124.561523 0.000000 0.996679 0.000000 -0.081433 0.915387 0.915387 0.915387
5173.067871 0.000000 1106.766235 0.000000 0.103049 0.000000 0.994676 0.669178 0.669178 0.669178
5181.161133 0.000000 1125.074341 0.000000 0.541623 0.000000 -0.840622 1.070496 1.070496 1.070496
5173.175293 0.000000 1111.232300 0.000000 0.909430 0.000000 -0.415857 0.989620 0.989620 0.989620
5120.649414 0.000000 1091.328735 0.000000 0.456727 0.000000 0.889607 0.601894 0.601894 0.601894
5183.370605 0.000000 1128.939453 0.000000 0.975295 0.000000 -0.220908 0.907507 0.907507 0.907507
5193.474121 0.000000 1128.348145 0.000000 0.629546 0.000000 0.776963 0.856014 0.856014 0.856014
5184.426758 0.000000 1122.878784 0.000000 0.187786 0.000000 0.982210 0.664023 0.664023 0.664023
5184.370605 0.000000 1097.503662 0.000000 0.995682 0.000000 0.092835 0.893315 0.893315 0.893315
5183.374512 0.000000 1125.274292 0.000000 0.346987 0.000000 -0.937870 1.003862 1.003862 1.003862
5193.482910 0.000000 1125.818970 0.000000 0.686164 0.000000 -0.727447 0.976873 0.976873 0.976873
5198.641602 0.000000 1105.960449 0.000000 0.847116 0.000000 0.531407 0.804328 0.804328 0.804328
5191.383301 0.000000 1128.612793 0.000000 0.948467 0.000000 0.316874 0.863776 0.863776 0.863776
5199.667969 0.000000 1122.869629 0.000000 0.076900 0.000000 -0.997039 1.054397 1.054397 1.054397
5183.652344 0.000000 1126.965576 0.000000 0.813290 0.000000 0.581859 0.802325 0.802325 0.802325
5198.467773 0.000000 1104.424561 0.000000 0.405343 0.000000 0.914165 0.703034 0.703034 0.703034
5299.424805 0.000000 1128.053589 0.000000 0.536657 0.000000 -0.843801 1.042167 1.042167 1.042167
5303.225098 0.000000 1126.288208 0.000000 0.992019 0.000000 -0.126085 0.914771 0.914771 0.914771
5300.989258 0.000000 1128.928833 0.000000 0.241757 0.000000 -0.970337 1.192116 1.192116 1.192116
5299.168457 0.000000 1129.961304 0.000000 0.720537 0.000000 0.693417 0.791538 0.791538 0.791538
5300.875000 0.000000 1097.638184 0.000000 0.211915 0.000000 0.977288 0.628583 0.628583 0.628583
5298.825684 0.000000 1099.305054 0.000000 0.008343 0.000000 0.999965 0.383932 0.383932 0.383932
5298.616211 0.000000 1096.889526 0.000000 0.619110 0.000000 0.785305 0.605742 0.605742 0.605742
5300.166016 0.000000 1127.281738 0.000000 0.973538 0.000000 0.228525 0.823847 0.823847 0.823847
5362.875488 0.000000 1112.829590 0.000000 0.808235 0.000000 -0.588860 1.107968 1.107968 1.107968
5362.198730 0.000000 1114.984863 0.000000 0.981276 0.000000 -0.192607 0.964017 0.964017 0.964017
5401.201172 0.000000 944.945557 0.000000 0.430028 0.000000 -0.902815 1.008816 1.008816 1.008816
5566.822266 0.000000 945.018066 0.000000 0.999878 0.000000 0.015614 0.897895 0.897895 0.897895
5552.084961 0.000000 945.320374 0.000000 0.895324 0.000000 -0.445415 1.004762 1.004762 1.004762
5618.237793 0.000000 983.295593 0.000000 0.231543 0.000000 -0.972825 1.032193 1.032193 1.032193
5626.993164 0.000000 979.168335 0.000000 0.978664 0.000000 -0.205468 0.915809 0.915809 0.915809
5568.397461 0.000000 945.743225 0.000000 0.884662 0.000000 0.466233 0.862947 0.862947 0.862947
5621.456543 0.000000 983.643555 0.000000 0.203297 0.000000 0.979117 0.789501 0.789501 0.789501
5629.071289 0.000000 979.201477 0.000000 0.418828 0.000000 -0.908065 1.071413 1.071413 1.071413
5601.107422 0.000000 1032.088013 0.000000 0.496225 0.000000 0.868194 0.852746 0.852746 0.852746
5606.592773 0.000000 1027.884888 0.000000 0.516323 0.000000 -0.856394 0.967000 0.967000 0.967000
5609.841309 0.000000 1026.188843 0.000000 0.964263 0.000000 -0.264946 0.936150 0.936150 0.936150
5603.209961 0.000000 1034.615845 0.000000 0.994052 0.000000 0.108903 0.893380 0.893380 0.893380
5600.188965 0.000000 1034.838989 0.000000 0.401423 0.000000 0.915893 0.785543 0.785543 0.785543
5597.612305 0.000000 1035.871948 0.000000 0.753363 0.000000 0.657605 0.846789 0.846789 0.846789
5476.324707 0.000000 1115.798706 0.000000 0.768657 0.000000 -0.639661 0.924952 0.924952 0.924952
5490.858398 0.000000 1117.508789 0.000000 0.986185 0.000000 -0.165649 0.929913 0.929913 0.929913
5484.517578 0.000000 1100.788208 0.000000 0.775978 0.000000 0.630761 0.869328 0.869328 0.869328
5494.821289 0.000000 1128.191162 0.000000 0.080890 0.000000 0.996723 0.816313 0.816313 0.816313
5502.563477 0.000000 1132.373169 0.000000 0.555734 0.000000 -0.831360 0.974985 0.974985 0.974985
5502.766113 0.000000 1102.878906 0.000000 0.598248 0.000000 -0.801311 1.037838 1.037838 1.037838
5476.755371 0.000000 1117.862061 0.000000 0.786704 0.000000 0.617331 0.783393 0.783393 0.783393
5482.348145 0.000000 1100.776245 0.000000 0.744662 0.000000 -0.667441 1.037924 1.037924 1.037924
5491.827637 0.000000 1113.757568 0.000000 0.903155 0.000000 -0.429314 0.997708 0.997708 0.997708
5490.368164 0.000000 1111.590332 0.000000 0.547481 0.000000 -0.836818 1.153955 1.153955 1.153955
5491.601562 0.000000 1108.735718 0.000000 0.999905 0.000000 -0.013756 0.902782 0.902782 0.902782
5490.859863 0.000000 1112.829590 0.000000 0.245307 0.000000 0.969445 0.608690 0.608690 0.608690
5622.805664 0.000000 1080.948975 0.000000 0.948929 0.000000 -0.315488 0.914424 0.914424 0.914424
5619.385742 0.000000 1080.811401 0.000000 0.997028 0.000000 -0.077045 0.904159 0.904159 0.904159
5574.432617 0.000000 1042.229492 0.000000 0.144229 0.000000 -0.989544 1.140316 1.140316 1.140316
5621.233398 0.000000 1080.033081 0.000000 0.937546 0.000000 0.347860 0.836935 0.836935 0.836935
5620.950195 0.000000 1081.686646 0.000000 0.703202 0.000000 -0.710990 1.040389 1.040389 1.040389
5549.906738 0.000000 1112.830078 0.000000 0.147565 0.000000 0.989052 0.676236 0.676236 0.676236
5546.190918 0.000000 1113.553589 0.000000 0.999971 0.000000 0.007668 0.899397 0.899397 0.899397
5505.688965 0.000000 1101.976562 0.000000 0.338499 0.000000 0.940967 0.770585 0.770585 0.770585
5550.318359 0.000000 1110.307739 0.000000 0.990530 0.000000 -0.137294 0.911450 0.911450 0.911450
5511.739258 0.000000 1123.933838 0.000000 0.717912 0.000000 -0.696134 1.017647 1.017647 1.017647
5503.732910 0.000000 1102.558960 0.000000 0.149823 0.000000 0.988713 0.689361 0.689361 0.689361
5548.157715 0.000000 1113.847168 0.000000 0.152793 0.000000 -0.988258 1.122933 1.122933 1.122933
5505.897949 0.000000 1132.598389 0.000000 0.372701 0.000000 0.927951 0.643557 0.643557 0.643557
5510.229980 0.000000 1123.091431 0.000000 0.593463 0.000000 -0.804861 1.042925 1.042925 1.042925
5509.267090 0.000000 1090.576050 0.000000 0.541657 0.000000 -0.840599 1.070489 1.070489 1.070489
5504.645996 0.000000 1132.202881 0.000000 0.528326 0.000000 0.849042 0.681242 0.681242 0.681242
5589.766113 0.000000 1096.225220 0.000000 0.030861 0.000000 0.999524 0.619735 0.619735 0.619735
5609.733887 0.000000 1092.941528 0.000000 0.734518 0.000000 -0.678590 1.024011 1.024011 1.024011
5589.277832 0.000000 1097.592896 0.000000 0.868628 0.000000 0.495465 0.805658 0.805658 0.805658
5636.993164 0.000000 827.928162 0.000000 0.593275 0.000000 0.805000 0.759142 0.759142 0.759142
5635.351074 0.000000 837.363708 0.000000 0.040861 0.000000 -0.999165 1.075316 1.075316 1.075316
5690.985352 0.000000 837.441772 0.000000 0.025714 0.000000 0.999669 0.781965 0.781965 0.781965
5654.168945 0.000000 838.464111 0.000000 0.110038 0.000000 -0.993927 0.988605 0.988605 0.988605
5690.040039 0.000000 835.047058 0.000000 0.399909 0.000000 -0.916555 1.032855 1.032855 1.032855
5656.547852 0.000000 839.293823 0.000000 0.944286 0.000000 0.329126 0.848758 0.848758 0.848758
5635.410645 0.000000 825.503357 0.000000 0.986075 0.000000 -0.166301 0.914641 0.914641 0.914641
5642.871582 0.000000 850.268311 0.000000 0.821967 0.000000 0.569535 0.849625 0.849625 0.849625
5637.839844 0.000000 836.202393 0.000000 0.193414 0.000000 -0.981117 1.014407 1.014407 1.014407
5654.597168 0.000000 836.417114 0.000000 0.214484 0.000000 0.976728 0.775208 0.775208 0.775208
5692.041016 0.000000 835.610107 0.000000 0.988604 0.000000 -0.150537 0.922069 0.922069 0.922069
5653.822266 0.000000 834.720947 0.000000 0.997883 0.000000 -0.065040 0.908190 0.908190 0.908190
5703.320801 0.000000 845.159546 0.000000 0.402561 0.000000 -0.915393 1.019531 1.019531 1.019531
5814.782227 0.000000 844.737976 0.000000 0.220239 0.000000 0.975446 0.757568 0.757568 0.757568
5801.817871 0.000000 837.220093 0.000000 0.998201 0.000000 -0.059963 0.905258 0.905258 0.905258
5800.536133 0.000000 835.228210 0.000000 0.111945 0.000000 0.993714 0.739410 0.739410 0.739410
5816.732910 0.000000 844.668518 0.000000 0.973470 0.000000 -0.228815 0.938385 0.938385 0.938385
5809.911621 0.000000 837.961060 0.000000 0.592911 0.000000 0.805268 0.784314 0.784314 0.784314
5844.255371 0.000000 846.713440 0.000000 0.959530 0.000000 0.281607 0.849970 0.849970 0.849970
5836.471191 0.000000 847.212219 0.000000 0.194227 0.000000 -0.980957 0.924722 0.924722 0.924722
5845.453125 0.000000 849.496948 0.000000 0.540323 0.000000 0.841458 0.762943 0.762943 0.762943
5846.039551 0.000000 842.321716 0.000000 0.118749 0.000000 -0.992924 1.134861 1.134861 1.134861
5677.307129 0.000000 885.384155 0.000000 0.735003 0.000000 -0.678064 0.945204 0.945204 0.945204
5637.762695 0.000000 850.603455 0.000000 0.007464 0.000000 0.999972 0.780570 0.780570 0.780570
5656.610840 0.000000 884.027222 0.000000 0.898181 0.000000 -0.439627 0.919432 0.919432 0.919432
5673.833496 0.000000 884.462280 0.000000 0.360340 0.000000 0.932821 0.835173 0.835173 0.835173
5635.083008 0.000000 853.106873 0.000000 0.997942 0.000000 -0.064121 0.904037 0.904037 0.904037
5634.953613 0.000000 892.752075 0.000000 0.880065 0.000000 -0.474853 0.930017 0.930017 0.930017
5685.143066 0.000000 872.297729 0.000000 0.937493 0.000000 0.348004 0.862464 0.862464 0.862464
5635.437012 0.000000 895.796265 0.000000 0.284531 0.000000 0.958667 0.770348 0.770348 0.770348
5640.414551 0.000000 850.408447 0.000000 0.398958 0.000000 -0.916969 1.087728 1.087728 1.087728
5660.765137 0.000000 875.780945 0.000000 0.947726 0.000000 0.319086 0.876649 0.876649 0.876649
5653.356934 0.000000 852.347778 0.000000 0.713191 0.000000 0.700969 0.763868 0.763868 0.763868
5661.167969 0.000000 877.629395 0.000000 0.054208 0.000000 0.998530 0.712585 0.712585 0.712585
5684.105957 0.000000 873.848877 0.000000 0.765527 0.000000 0.643404 0.826190 0.826190 0.826190
5636.796875 0.000000 852.285767 0.000000 0.275345 0.000000 -0.961345 1.071256 1.071256 1.071256
5639.114746 0.000000 851.675598 0.000000 0.339478 0.000000 0.940614 0.704667 0.704667 0.704667
5653.958984 0.000000 853.877136 0.000000 0.956443 0.000000 -0.291919 0.951917 0.951917 0.951917
5715.741211 0.000000 854.244507 0.000000 0.993211 0.000000 -0.116329 0.911527 0.911527 0.911527
5710.101074 0.000000 859.645508 0.000000 0.788629 0.000000 0.614869 0.865777 0.865777 0.865777
5713.272461 0.000000 859.301941 0.000000 0.363460 0.000000 -0.931610 1.037374 1.037374 1.037374
5699.415527 0.000000 868.163208 0.000000 0.599373 0.000000 -0.800470 0.970900 0.970900 0.970900
5701.809570 0.000000 867.627197 0.000000 0.717529 0.000000 -0.696529 0.964060 0.964060 0.964060
5714.415527 0.000000 852.489258 0.000000 0.378428 0.000000 -0.925631 1.011611 1.011611 1.011611
5744.666992 0.000000 881.921326 0.000000 0.531605 0.000000 0.846992 0.772878 0.772878 0.772878
5700.896484 0.000000 861.398621 0.000000 0.843629 0.000000 -0.536926 0.971317 0.971317 0.971317
5646.797363 0.000000 942.418640 0.000000 0.991785 0.000000 -0.127918 0.912681 0.912681 0.912681
5643.159668 0.000000 901.346436 0.000000 0.899094 0.000000 -0.437756 0.965156 0.965156 0.965156
5647.613770 0.000000 930.174744 0.000000 0.990078 0.000000 -0.140518 0.918690 0.918690 0.918690
5716.270996 0.000000 941.197815 0.000000 0.173407 0.000000 -0.984850 0.969032 0.969032 0.969032
5729.091797 0.000000 937.603638 0.000000 0.393243 0.000000 -0.919434 0.934077 0.934077 0.934077
5717.857910 0.000000 938.342041 0.000000 0.726006 0.000000 0.687688 0.802882 0.802882 0.802882
5728.395996 0.000000 934.894470 0.000000 0.859191 0.000000 0.511655 0.863795 0.863795 0.863795
5722.141602 0.000000 928.911621 0.000000 0.400228 0.000000 0.916416 0.801040 0.801040 0.801040
5727.008301 0.000000 934.026123 0.000000 0.871090 0.000000 0.491123 0.814640 0.814640 0.814640
5782.573242 0.000000 862.224792 0.000000 0.720430 0.000000 -0.693527 0.910332 0.910332 0.910332
5819.779297 0.000000 858.251343 0.000000 0.226674 0.000000 -0.973971 1.014594 1.014594 1.014594
5787.549316 0.000000 864.040771 0.000000 0.019299 0.000000 -0.999814 0.983665 0.983665 0.983665
5791.932129 0.000000 881.036377 0.000000 0.985946 0.000000 -0.167063 0.910183 0.910183 0.910183
5820.272949 0.000000 861.216125 0.000000 0.598287 0.000000 -0.801282 0.960562 0.960562 0.960562
5785.389160 0.000000 862.375977 0.000000 0.979983 0.000000 0.199082 0.881987 0.881987 0.881987
5822.194824 0.000000 857.058533 0.000000 0.981213 0.000000 -0.192929 0.925301 0.925301 0.925301
5817.413574 0.000000 856.905090 0.000000 0.981542 0.000000 -0.191246 0.912106 0.912106 0.912106
5822.060547 0.000000 859.511902 0.000000 0.938835 0.000000 0.344367 0.870773 0.870773 0.870773
5778.746582 0.000000 856.532593 0.000000 0.927758 0.000000 0.373183 0.874221 0.874221 0.874221
5785.281250 0.000000 864.991028 0.000000 0.695948 0.000000 -0.718092 1.011593 1.011593 1.011593
5792.060547 0.000000 873.074585 0.000000 0.793919 0.000000 0.608023 0.798674 0.798674 0.798674
5815.470703 0.000000 860.951904 0.000000 0.298935 0.000000 0.954273 0.672215 0.672215 0.672215
5780.439941 0.000000 855.983398 0.000000 0.378626 0.000000 -0.925550 1.059415 1.059415 1.059415
5781.943359 0.000000 853.877136 0.000000 0.990616 0.000000 0.136678 0.878744 0.878744 0.878744
5820.516113 0.000000 859.722290 0.000000 0.377984 0.000000 -0.925812 1.115337 1.115337 1.115337
5821.244141 0.000000 858.222900 0.000000 0.161320 0.000000 -0.986902 1.156393 1.156393 1.156393
5828.848633 0.000000 859.079895 0.000000 0.231135 0.000000 -0.972922 1.101358 1.101358 1.101358
5800.257324 0.000000 901.049438 0.000000 0.536366 0.000000 -0.843985 1.094135 1.094135 1.094135
5651.572266 0.000000 944.958557 0.000000 0.921149 0.000000 -0.389210 0.908084 0.908084 0.908084
5660.988770 0.000000 954.683105 0.000000 0.816469 0.000000 -0.577389 0.935959 0.935959 0.935959
5671.730957 0.000000 969.488281 0.000000 0.862312 0.000000 0.506377 0.872560 0.872560 0.872560
5669.758789 0.000000 966.651367 0.000000 0.537306 0.000000 0.843387 0.850393 0.850393 0.850393
5667.202148 0.000000 987.373596 0.000000 0.994087 0.000000 -0.108585 0.904889 0.904889 0.904889
5668.735840 0.000000 968.981384 0.000000 0.714611 0.000000 0.699522 0.847778 0.847778 0.847778
5650.423340 0.000000 946.973633 0.000000 0.279706 0.000000 0.960086 0.651250 0.651250 0.651250
5670.703613 0.000000 964.583313 0.000000 0.988404 0.000000 0.151847 0.884930 0.884930 0.884930
5671.410156 0.000000 967.662964 0.000000 0.499308 0.000000 0.866425 0.718685 0.718685 0.718685
5671.567871 0.000000 966.028137 0.000000 0.863842 0.000000 -0.503762 0.991341 0.991341 0.991341
5651.876953 0.000000 946.458374 0.000000 0.999992 0.000000 -0.004031 0.900779 0.900779 0.900779
5677.114746 0.000000 1013.549744 0.000000 0.809422 0.000000 0.587228 0.870385 0.870385 0.870385
5661.698242 0.000000 1000.103516 0.000000 0.601364 0.000000 -0.798975 0.995666 0.995666 0.995666
5702.125488 0.000000 1035.847778 0.000000 0.524255 0.000000 0.851561 0.849631 0.849631 0.849631
5696.322754 0.000000 1015.007141 0.000000 0.320712 0.000000 0.947177 0.844083 0.844083 0.844083
5699.528809 0.000000 1020.819336 0.000000 0.541756 0.000000 -0.840536 0.926916 0.926916 0.926916
5705.411621 0.000000 1033.863647 0.000000 0.110069 0.000000 0.993924 0.840931 0.840931 0.840931
5703.044434 0.000000 1039.091797 0.000000 0.679039 0.000000 -0.734102 1.066699 1.066699 1.066699
5633.005859 0.000000 1083.706909 0.000000 0.986991 0.000000 -0.160778 0.914513 0.914513 0.914513
5637.619629 0.000000 1085.327637 0.000000 0.908980 0.000000 0.416839 0.856526 0.856526 0.856526
5727.795898 0.000000 1054.088867 0.000000 0.535531 0.000000 -0.844515 0.938413 0.938413 0.938413
5706.747070 0.000000 1041.023804 0.000000 0.783694 0.000000 -0.621147 0.925600 0.925600 0.925600
5723.557129 0.000000 1053.009644 0.000000 0.692913 0.000000 -0.721022 0.939806 0.939806 0.939806
5721.078125 0.000000 1048.512207 0.000000 0.988742 0.000000 0.149629 0.894938 0.894938 0.894938
5725.146973 0.000000 1055.923096 0.000000 0.404191 0.000000 0.914675 0.850705 0.850705 0.850705
5704.406738 0.000000 1039.377197 0.000000 0.403128 0.000000 0.915143 0.767548 0.767548 0.767548
5725.898438 0.000000 1052.545410 0.000000 0.449525 0.000000 -0.893268 1.110956 1.110956 1.110956
5723.542969 0.000000 1050.821777 0.000000 0.999697 0.000000 0.024615 0.897290 0.897290 0.897290
5704.754395 0.000000 1041.495239 0.000000 0.467301 0.000000 0.884098 0.729418 0.729418 0.729418
5703.106934 0.000000 1040.644409 0.000000 0.991984 0.000000 0.126361 0.879503 0.879503 0.879503
5722.738281 0.000000 1049.280518 0.000000 0.203029 0.000000 -0.979173 1.078062 1.078062 1.078062
5648.134766 0.000000 1092.795288 0.000000 0.766800 0.000000 0.641886 0.889038 0.889038 0.889038
6136.952637 0.000000 1078.475098 0.000000 0.287493 0.000000 -0.957783 1.035087 1.035087 1.035087
6135.123535 0.000000 1079.046021 0.000000 0.965147 0.000000 0.261710 0.869657 0.869657 0.869657
6140.474121 0.000000 1063.971313 0.000000 0.642356 0.000000 0.766407 0.684174 0.684174 0.684174
6120.645996 0.000000 1084.413452 0.000000 0.191812 0.000000 0.981432 0.596617 0.596617 0.596617
6140.614746 0.000000 1062.722534 0.000000 0.813318 0.000000 -0.581819 1.053476 1.053476 1.053476
6120.082031 0.000000 1095.972534 0.000000 0.704398 0.000000 -0.709805 0.970932 0.970932 0.970932
6113.710449 0.000000 1108.518066 0.000000 0.969691 0.000000 0.244334 0.873379 0.873379 0.873379
6118.530273 0.000000 1122.369263 0.000000 0.391403 0.000000 0.920219 0.787090 0.787090 0.787090
6121.778809 0.000000 1120.673340 0.000000 0.825394 0.000000 -0.564557 0.955264 0.955264 0.955264
6110.245605 0.000000 1109.803833 0.000000 0.995067 0.000000 -0.099208 0.910047 0.910047 0.910047
6112.469727 0.000000 1111.139038 0.000000 0.936000 0.000000 -0.351999 0.941219 0.941219 0.941219
6120.874512 0.000000 1123.081909 0.000000 0.713759 0.000000 0.700392 0.847696 0.847696 0.847696
6119.589355 0.000000 1120.555908 0.000000 0.995960 0.000000 0.089794 0.888282 0.888282 0.888282
6112.021484 0.000000 1109.285645 0.000000 0.946550 0.000000 -0.322558 0.935422 0.935422 0.935422
5139.634766 0.000000 1133.927368 0.000000 0.934507 0.000000 -0.355944 0.905724 0.905724 0.905724
5156.363770 0.000000 1163.040894 0.000000 0.255130 0.000000 0.966907 0.891151 0.891151 0.891151
5156.826660 0.000000 1139.327271 0.000000 0.773644 0.000000 0.633621 0.881498 0.881498 0.881498
5161.351074 0.000000 1172.920166 0.000000 0.628555 0.000000 0.777765 0.777865 0.777865 0.777865
5179.047852 0.000000 1168.137085 0.000000 0.970690 0.000000 -0.240335 0.911998 0.911998 0.911998
5158.489746 0.000000 1165.945801 0.000000 0.983510 0.000000 0.180853 0.875892 0.875892 0.875892
5160.991699 0.000000 1170.324097 0.000000 0.765427 0.000000 -0.643522 1.009955 1.009955 1.009955
5167.401855 0.000000 1135.487671 0.000000 0.448041 0.000000 0.894013 0.728496 0.728496 0.728496
5144.610352 0.000000 1169.989136 0.000000 0.796338 0.000000 -0.604852 0.951084 0.951084 0.951084
5149.666992 0.000000 1177.598511 0.000000 0.621763 0.000000 -0.783206 0.982892 0.982892 0.982892
5138.485840 0.000000 1135.942383 0.000000 0.352655 0.000000 0.935753 0.793935 0.793935 0.793935
5159.490723 0.000000 1164.009155 0.000000 0.988086 0.000000 -0.153905 0.920484 0.920484 0.920484
5157.920410 0.000000 1140.393188 0.000000 0.944543 0.000000 0.328388 0.845118 0.845118 0.845118
5142.867676 0.000000 1156.468994 0.000000 0.980659 0.000000 -0.195722 0.937623 0.937623 0.937623
5245.441895 0.000000 1137.970825 0.000000 0.999871 0.000000 0.016080 0.899277 0.899277 0.899277
5209.224609 0.000000 1133.914307 0.000000 0.863800 0.000000 0.503835 0.856102 0.856102 0.856102
5186.534180 0.000000 1170.721680 0.000000 0.696503 0.000000 0.717554 0.734570 0.734570 0.734570
5227.520508 0.000000 1136.198853 0.000000 0.995580 0.000000 -0.093921 0.911201 0.911201 0.911201
5219.626953 0.000000 1161.298218 0.000000 0.802825 0.000000 0.596215 0.808143 0.808143 0.808143
5187.499512 0.000000 1171.881226 0.000000 0.839324 0.000000 0.543632 0.781189 0.781189 0.781189
5167.035156 0.000000 1211.194580 0.000000 0.474301 0.000000 0.880363 0.812914 0.812914 0.812914
5185.728027 0.000000 1196.460938 0.000000 0.940789 0.000000 0.338993 0.865031 0.865031 0.865031
5196.479980 0.000000 1183.457275 0.000000 0.908644 0.000000 0.417571 0.745137 0.745137 0.745137
5197.979004 0.000000 1183.620117 0.000000 0.020795 0.000000 0.999784 0.342771 0.342771 0.342771
5327.951660 0.000000 1150.937866 0.000000 0.043056 0.000000 0.999073 0.666581 0.666581 0.666581
5327.694336 0.000000 1148.055176 0.000000 0.425458 0.000000 0.904978 0.526330 0.526330 0.526330
5324.972656 0.000000 1151.195068 0.000000 0.987109 0.000000 -0.160046 0.923114 0.923114 0.923114
5360.819824 0.000000 1180.090332 0.000000 0.985905 0.000000 -0.167304 0.916996 0.916996 0.916996
5326.009277 0.000000 1149.360718 0.000000 0.994557 0.000000 -0.104193 0.934477 0.934477 0.934477
5327.236816 0.000000 1146.395874 0.000000 0.998028 0.000000 -0.062767 0.912278 0.912278 0.912278
5325.195312 0.000000 1147.797241 0.000000 0.663031 0.000000 0.748592 0.738438 0.738438 0.738438
5324.790527 0.000000 1149.798462 0.000000 0.786147 0.000000 -0.618040 1.115566 1.115566 1.115566
5327.156738 0.000000 1149.117554 0.000000 0.911619 0.000000 0.411036 0.760091 0.760091 0.760091
5372.585449 0.000000 1198.652344 0.000000 0.241906 0.000000 0.970300 0.634742 0.634742 0.634742
5361.478027 0.000000 1181.210693 0.000000 0.314925 0.000000 -0.949116 1.026430 1.026430 1.026430
5343.986816 0.000000 1211.731689 0.000000 0.265747 0.000000 0.964043 0.774223 0.774223 0.774223
5314.992676 0.000000 1223.447510 0.000000 0.731639 0.000000 -0.681692 0.928651 0.928651 0.928651
5374.013184 0.000000 1201.645508 0.000000 0.385516 0.000000 -0.922701 1.016167 1.016167 1.016167
5345.582520 0.000000 1209.441895 0.000000 0.950495 0.000000 0.310740 0.881541 0.881541 0.881541
5313.044922 0.000000 1225.433472 0.000000 0.656047 0.000000 -0.754720 0.999923 0.999923 0.999923
5347.770508 0.000000 1201.737549 0.000000 0.016051 0.000000 -0.999871 1.011787 1.011787 1.011787
5320.184082 0.000000 1224.954102 0.000000 0.549871 0.000000 -0.835250 1.006620 1.006620 1.006620
5316.329102 0.000000 1224.771606 0.000000 0.974977 0.000000 0.222306 0.874815 0.874815 0.874815
5342.225098 0.000000 1202.449585 0.000000 0.295431 0.000000 -0.955364 1.179844 1.179844 1.179844
5361.041992 0.000000 1182.853516 0.000000 0.539142 0.000000 -0.842215 1.046249 1.046249 1.046249
5314.570312 0.000000 1225.139526 0.000000 0.874242 0.000000 -0.485490 1.002510 1.002510 1.002510
5313.491211 0.000000 1223.927002 0.000000 0.969857 0.000000 0.243676 0.850776 0.850776 0.850776
5373.060547 0.000000 1197.283691 0.000000 0.269280 0.000000 -0.963062 1.153762 1.153762 1.153762
5131.416992 0.000000 1234.601440 0.000000 0.128844 0.000000 -0.991665 0.968021 0.968021 0.968021
5127.833984 0.000000 1236.834839 0.000000 0.118572 0.000000 -0.992945 0.961985 0.961985 0.961985
5128.938477 0.000000 1232.573730 0.000000 0.726202 0.000000 0.687482 0.865936 0.865936 0.865936
5131.222168 0.000000 1232.041748 0.000000 0.984972 0.000000 -0.172714 0.920281 0.920281 0.920281
5274.530273 0.000000 1251.956177 0.000000 0.995208 0.000000 0.097776 0.898020 0.898020 0.898020
5255.215820 0.000000 1259.281372 0.000000 0.113310 0.000000 -0.993560 0.952388 0.952388 0.952388
5271.279785 0.000000 1249.553467 0.000000 0.167752 0.000000 -0.985829 1.107946 1.107946 1.107946
5307.032227 0.000000 1262.621460 0.000000 0.144374 0.000000 0.989523 0.553981 0.553981 0.553981
5254.976562 0.000000 1263.366821 0.000000 0.997410 0.000000 0.071927 0.893530 0.893530 0.893530
5259.897461 0.000000 1256.470215 0.000000 0.002735 0.000000 0.999996 0.829535 0.829535 0.829535
5296.593750 0.000000 1262.027100 0.000000 0.643271 0.000000 0.765638 0.864731 0.864731 0.864731
5287.322754 0.000000 1256.444946 0.000000 0.852233 0.000000 -0.523162 0.925978 0.925978 0.925978
5252.738770 0.000000 1265.453491 0.000000 0.449914 0.000000 -0.893072 0.996753 0.996753 0.996753
5308.466797 0.000000 1265.334229 0.000000 0.994813 0.000000 0.101719 0.885347 0.885347 0.885347
5300.692871 0.000000 1272.367554 0.000000 0.634270 0.000000 -0.773112 1.042967 1.042967 1.042967
5271.995117 0.000000 1251.843140 0.000000 0.856617 0.000000 -0.515953 0.949941 0.949941 0.949941
5256.278320 0.000000 1261.467529 0.000000 0.258897 0.000000 0.965905 0.741186 0.741186 0.741186
5287.402344 0.000000 1273.698608 0.000000 0.836149 0.000000 0.548502 0.804773 0.804773 0.804773
5307.754395 0.000000 1248.754883 0.000000 0.999290 0.000000 0.037672 0.896359 0.896359 0.896359
5261.610840 0.000000 1250.015625 0.000000 0.162967 0.000000 0.986632 0.694496 0.694496 0.694496
5287.475098 0.000000 1258.493530 0.000000 0.748002 0.000000 0.663697 0.834773 0.834773 0.834773
5261.719727 0.000000 1257.597046 0.000000 0.179121 0.000000 -0.983827 1.187478 1.187478 1.187478
5256.191895 0.000000 1272.196289 0.000000 0.961529 0.000000 -0.274704 0.950021 0.950021 0.950021
5284.778809 0.000000 1259.588623 0.000000 0.208585 0.000000 -0.978004 1.068150 1.068150 1.068150
5253.091309 0.000000 1263.564697 0.000000 0.797006 0.000000 0.603972 0.781979 0.781979 0.781979
5273.048828 0.000000 1253.366333 0.000000 0.376689 0.000000 -0.926340 1.086313 1.086313 1.086313
5256.895020 0.000000 1259.756226 0.000000 0.405971 0.000000 0.913886 0.697971 0.697971 0.697971
5305.741699 0.000000 1272.583008 0.000000 0.983634 0.000000 0.180180 0.869470 0.869470 0.869470
5260.912109 0.000000 1251.519897 0.000000 0.759561 0.000000 -0.650437 1.003425 1.003425 1.003425
5307.500000 0.000000 1264.099609 0.000000 0.507410 0.000000 -0.861705 1.065690 1.065690 1.065690
5304.689941 0.000000 1271.292847 0.000000 0.536688 0.000000 0.843781 0.660808 0.660808 0.660808
5306.226562 0.000000 1251.579346 0.000000 0.725499 0.000000 -0.688223 1.055198 1.055198 1.055198
5307.476074 0.000000 1250.701416 0.000000 0.735632 0.000000 0.677381 0.747836 0.747836 0.747836
5255.115234 0.000000 1260.753540 0.000000 0.401287 0.000000 0.915952 0.658049 0.658049 0.658049
5257.255859 0.000000 1271.390259 0.000000 0.862091 0.000000 0.506753 0.774627 0.774627 0.774627
5347.228027 0.000000 1265.512817 0.000000 0.254278 0.000000 -0.967131 1.065297 1.065297 1.065297
5353.459961 0.000000 1274.987427 0.000000 0.575520 0.000000 0.817788 0.844060 0.844060 0.844060
5359.294434 0.000000 1243.996094 0.000000 0.132609 0.000000 0.991168 0.812775 0.812775 0.812775
5347.494629 0.000000 1267.757568 0.000000 0.406408 0.000000 -0.913692 0.988028 0.988028 0.988028
5371.746582 0.000000 1248.754883 0.000000 0.465750 0.000000 0.884916 0.780399 0.780399 0.780399
5366.543945 0.000000 1245.211792 0.000000 0.219718 0.000000 0.975563 0.730227 0.730227 0.730227
5357.204102 0.000000 1240.426514 0.000000 0.681880 0.000000 0.731464 0.807825 0.807825 0.807825
5298.276855 0.000000 1313.990967 0.000000 0.271887 0.000000 0.962329 0.870893 0.870893 0.870893
5264.513672 0.000000 1309.977783 0.000000 0.695533 0.000000 0.718494 0.730688 0.730688 0.730688
5305.054199 0.000000 1314.686035 0.000000 0.960645 0.000000 -0.277780 0.937315 0.937315 0.937315
5265.358398 0.000000 1306.799683 0.000000 0.652944 0.000000 0.757406 0.855591 0.855591 0.855591
5270.215820 0.000000 1310.885986 0.000000 0.774128 0.000000 -0.633030 0.964687 0.964687 0.964687
5285.208496 0.000000 1283.756592 0.000000 0.958083 0.000000 -0.286490 0.930032 0.930032 0.930032
5305.977051 0.000000 1312.129517 0.000000 0.578618 0.000000 -0.815599 0.966433 0.966433 0.966433
5272.594727 0.000000 1311.715698 0.000000 0.998201 0.000000 -0.059951 0.917657 0.917657 0.917657
5283.297363 0.000000 1283.374146 0.000000 0.999925 0.000000 -0.012248 0.902229 0.902229 0.902229
5297.901855 0.000000 1315.877930 0.000000 0.930220 0.000000 0.367003 0.840896 0.840896 0.840896
5296.654785 0.000000 1314.592407 0.000000 0.441904 0.000000 0.897062 0.724932 0.724932 0.724932
5273.585449 0.000000 1310.537842 0.000000 0.990590 0.000000 0.136863 0.859589 0.859589 0.859589
5265.161621 0.000000 1308.268188 0.000000 0.591478 0.000000 0.806321 0.701907 0.701907 0.701907
5357.019531 0.000000 1276.411865 0.000000 0.617426 0.000000 0.786629 0.688445 0.688445 0.688445
5334.627930 0.000000 1287.404541 0.000000 0.723802 0.000000 0.690008 0.891445 0.891445 0.891445
5340.588867 0.000000 1308.366821 0.000000 0.177909 0.000000 0.984047 0.727986 0.727986 0.727986
5323.250977 0.000000 1297.985840 0.000000 0.345611 0.000000 -0.938378 1.001251 1.001251 1.001251
5340.853516 0.000000 1310.556763 0.000000 0.504407 0.000000 -0.863466 1.070929 1.070929 1.070929
5350.185547 0.000000 1322.126465 0.000000 0.907961 0.000000 0.419055 0.805758 0.805758 0.805758
5343.055176 0.000000 1311.963745 0.000000 0.579641 0.000000 -0.814872 1.092616 1.092616 1.092616
5369.040039 0.000000 1277.576416 0.000000 0.709312 0.000000 -0.704894 1.068738 1.068738 1.068738
5357.888184 0.000000 1277.781982 0.000000 0.931527 0.000000 -0.363673 0.986976 0.986976 0.986976
5337.245117 0.000000 1286.111084 0.000000 0.927271 0.000000 0.374391 0.791360 0.791360 0.791360
5335.784668 0.000000 1300.476440 0.000000 0.639533 0.000000 -0.768763 1.120675 1.120675 1.120675
5423.042969 0.000000 1171.645386 0.000000 0.460538 0.000000 -0.887640 1.025156 1.025156 1.025156
5423.684082 0.000000 1166.333008 0.000000 0.787898 0.000000 0.615806 0.750939 0.750939 0.750939
5485.839355 0.000000 1179.102539 0.000000 0.967677 0.000000 -0.252194 0.914894 0.914894 0.914894
5486.145996 0.000000 1176.598633 0.000000 0.439978 0.000000 -0.898009 0.997726 0.997726 0.997726
5375.427246 0.000000 1201.163330 0.000000 0.204306 0.000000 0.978907 0.765047 0.765047 0.765047
5494.246094 0.000000 1193.008301 0.000000 0.997882 0.000000 0.065047 0.897660 0.897660 0.897660
5452.518066 0.000000 1225.149780 0.000000 0.414288 0.000000 -0.910146 0.925696 0.925696 0.925696
5459.166504 0.000000 1204.303223 0.000000 0.840307 0.000000 0.542111 0.772552 0.772552 0.772552
5456.207031 0.000000 1206.507324 0.000000 0.592760 0.000000 0.805379 0.860028 0.860028 0.860028
5471.698730 0.000000 1189.150146 0.000000 0.900992 0.000000 -0.433835 0.985704 0.985704 0.985704
5453.151367 0.000000 1227.985352 0.000000 0.294688 0.000000 -0.955594 1.028579 1.028579 1.028579
5495.236328 0.000000 1195.700439 0.000000 0.605267 0.000000 0.796023 0.827595 0.827595 0.827595
5492.053711 0.000000 1194.379028 0.000000 0.966253 0.000000 -0.257597 0.938636 0.938636 0.938636
5470.716309 0.000000 1187.370728 0.000000 0.534628 0.000000 0.845087 0.802733 0.802733 0.802733
5473.482910 0.000000 1189.162598 0.000000 0.424088 0.000000 0.905621 0.754914 0.754914 0.754914
5451.869141 0.000000 1226.748779 0.000000 0.992435 0.000000 0.122768 0.883407 0.883407 0.883407
5493.792480 0.000000 1194.728271 0.000000 0.543698 0.000000 0.839281 0.752304 0.752304 0.752304
5459.221191 0.000000 1205.658936 0.000000 0.766252 0.000000 0.642540 0.744778 0.744778 0.744778
5504.405273 0.000000 1134.712036 0.000000 0.723299 0.000000 0.690535 0.860609 0.860609 0.860609
5505.489258 0.000000 1133.818481 0.000000 0.170637 0.000000 -0.985334 1.201836 1.201836 1.201836
5398.620117 0.000000 1240.162354 0.000000 0.771022 0.000000 0.636809 0.890693 0.890693 0.890693
5407.087891 0.000000 1255.078735 0.000000 0.501122 0.000000 0.865377 0.791899 0.791899 0.791899
5423.003906 0.000000 1258.436768 0.000000 0.449255 0.000000 -0.893404 0.957098 0.957098 0.957098
5417.164551 0.000000 1249.991089 0.000000 0.597177 0.000000 -0.802110 1.148883 1.148883 1.148883
5401.436035 0.000000 1240.313477 0.000000 0.619786 0.000000 0.784771 0.774299 0.774299 0.774299
5385.845215 0.000000 1248.775269 0.000000 0.155906 0.000000 0.987772 0.747472 0.747472 0.747472
5432.381836 0.000000 1240.870239 0.000000 0.690042 0.000000 -0.723770 0.970914 0.970914 0.970914
5422.566406 0.000000 1241.776123 0.000000 0.492676 0.000000 -0.870213 1.011479 1.011479 1.011479
5393.659668 0.000000 1243.286255 0.000000 0.100797 0.000000 0.994907 0.599468 0.599468 0.599468
5405.199219 0.000000 1255.567017 0.000000 0.974754 0.000000 -0.223282 0.940476 0.940476 0.940476
5433.245605 0.000000 1242.858765 0.000000 0.992460 0.000000 -0.122566 0.924019 0.924019 0.924019
5393.057129 0.000000 1241.702881 0.000000 0.983853 0.000000 0.178976 0.870889 0.870889 0.870889
5384.726074 0.000000 1247.646118 0.000000 0.991644 0.000000 -0.129002 0.924706 0.924706 0.924706
5392.272461 0.000000 1243.920898 0.000000 0.399586 0.000000 0.916696 0.662873 0.662873 0.662873
5417.595703 0.000000 1248.544678 0.000000 0.926700 0.000000 -0.375802 1.003012 1.003012 1.003012
5416.146484 0.000000 1248.391602 0.000000 0.252450 0.000000 0.967610 0.548239 0.548239 0.548239
5440.413086 0.000000 1229.196411 0.000000 0.203921 0.000000 -0.978987 1.145439 1.145439 1.145439
5444.927734 0.000000 1239.336182 0.000000 0.759851 0.000000 -0.650097 0.995409 0.995409 0.995409
5181.858887 0.000000 1346.767700 0.000000 0.559079 0.000000 0.829115 0.878036 0.878036 0.878036
5161.351074 0.000000 1361.888916 0.000000 0.971093 0.000000 -0.238700 0.924370 0.924370 0.924370
5177.610840 0.000000 1352.198853 0.000000 0.174778 0.000000 -0.984608 1.047330 1.047330 1.047330
5160.169434 0.000000 1363.986816 0.000000 0.498961 0.000000 -0.866624 1.003648 1.003648 1.003648
5162.857910 0.000000 1363.704224 0.000000 0.795862 0.000000 0.605478 0.809399 0.809399 0.809399
5179.770020 0.000000 1343.239258 0.000000 0.655553 0.000000 -0.755149 0.980769 0.980769 0.980769
5176.752930 0.000000 1355.203125 0.000000 0.708393 0.000000 0.705818 0.681684 0.681684 0.681684
5179.491699 0.000000 1345.185791 0.000000 0.363886 0.000000 0.931443 0.576890 0.576890 0.576890
5242.593262 0.000000 1335.979614 0.000000 0.989586 0.000000 -0.143941 0.916227 0.916227 0.916227
5245.044922 0.000000 1337.500488 0.000000 0.907929 0.000000 0.419124 0.871820 0.871820 0.871820
5194.330078 0.000000 1353.217773 0.000000 0.109167 0.000000 0.994023 0.814626 0.814626 0.814626
5244.970215 0.000000 1335.432617 0.000000 0.352815 0.000000 -0.935693 1.084908 1.084908 1.084908
5242.495117 0.000000 1334.135620 0.000000 0.239721 0.000000 -0.970842 1.049274 1.049274 1.049274
5185.022949 0.000000 1360.728271 0.000000 0.596540 0.000000 0.802583 0.749287 0.749287 0.749287
5246.307129 0.000000 1397.319946 0.000000 0.695027 0.000000 0.718984 0.744962 0.744962 0.744962
5234.151367 0.000000 1385.913330 0.000000 0.979207 0.000000 -0.202862 0.930753 0.930753 0.930753
5244.389648 0.000000 1396.019531 0.000000 0.441116 0.000000 -0.897450 1.020141 1.020141 1.020141
5235.660645 0.000000 1387.187012 0.000000 0.020943 0.000000 0.999781 0.708471 0.708471 0.708471
5234.759277 0.000000 1384.391357 0.000000 0.020028 0.000000 -0.999799 1.133455 1.133455 1.133455
5301.005859 0.000000 1326.052612 0.000000 0.709708 0.000000 -0.704496 0.956206 0.956206 0.956206
5251.397949 0.000000 1357.027832 0.000000 0.919253 0.000000 -0.393667 0.926365 0.926365 0.926365
5303.654785 0.000000 1354.246704 0.000000 0.040895 0.000000 0.999163 0.755625 0.755625 0.755625
5278.299316 0.000000 1368.770752 0.000000 0.069824 0.000000 -0.997559 0.977565 0.977565 0.977565
5303.038574 0.000000 1327.628052 0.000000 0.990606 0.000000 -0.136744 0.935136 0.935136 0.935136
5301.203125 0.000000 1354.435547 0.000000 0.770096 0.000000 -0.637928 1.015026 1.015026 1.015026
5263.270020 0.000000 1327.065796 0.000000 0.971709 0.000000 0.236180 0.841605 0.841605 0.841605
5279.509766 0.000000 1367.272095 0.000000 0.959677 0.000000 0.281106 0.853902 0.853902 0.853902
5300.469238 0.000000 1355.976440 0.000000 0.995328 0.000000 0.096554 0.883921 0.883921 0.883921
5302.411133 0.000000 1326.287354 0.000000 0.841825 0.000000 -0.539750 1.046039 1.046039 1.046039
5312.630859 0.000000 1340.616089 0.000000 0.961778 0.000000 -0.273830 0.907479 0.907479 0.907479
5314.113281 0.000000 1341.696533 0.000000 0.666258 0.000000 -0.745722 1.038045 1.038045 1.038045
6073.237793 0.000000 1180.889893 0.000000 0.667522 0.000000 -0.744590 1.066074 1.066074 1.066074
6089.417480 0.000000 1168.707031 0.000000 0.570704 0.000000 0.821156 0.776610 0.776610 0.776610
6083.390137 0.000000 1171.881226 0.000000 0.516797 0.000000 0.856108 0.629834 0.629834 0.629834
6090.503906 0.000000 1214.205688 0.000000 0.459681 0.000000 0.888084 0.833682 0.833682 0.833682
6093.422852 0.000000 1217.288574 0.000000 0.743205 0.000000 -0.669064 0.992224 0.992224 0.992224
6087.217285 0.000000 1201.236816 0.000000 0.779018 0.000000 0.627002 0.811682 0.811682 0.811682
6089.759277 0.000000 1201.533081 0.000000 0.693191 0.000000 0.720754 0.811383 0.811383 0.811383
6091.509766 0.000000 1216.337524 0.000000 0.706318 0.000000 -0.707895 1.043144 1.043144 1.043144
6082.539551 0.000000 1213.689941 0.000000 0.963356 0.000000 -0.268227 0.968337 0.968337 0.968337
6004.606934 0.000000 1319.609741 0.000000 0.980292 0.000000 -0.197552 0.928596 0.928596 0.928596
6005.186523 0.000000 1316.244019 0.000000 0.999540 0.000000 0.030323 0.896388 0.896388 0.896388
6040.943359 0.000000 1266.817749 0.000000 0.265953 0.000000 0.963986 0.882453 0.882453 0.882453
6060.447266 0.000000 1242.514771 0.000000 0.621539 0.000000 0.783383 0.867642 0.867642 0.867642
6047.009766 0.000000 1255.078735 0.000000 0.299690 0.000000 -0.954037 0.931301 0.931301 0.931301
6074.099121 0.000000 1254.999023 0.000000 0.993174 0.000000 0.116638 0.877936 0.877936 0.877936
6042.631348 0.000000 1269.280640 0.000000 0.697515 0.000000 0.716570 0.700757 0.700757 0.700757
6058.569824 0.000000 1244.288452 0.000000 0.953765 0.000000 -0.300555 0.955559 0.955559 0.955559
6075.413086 0.000000 1252.055542 0.000000 0.905085 0.000000 0.425232 0.827958 0.827958 0.827958
6023.281738 0.000000 1270.339355 0.000000 0.965755 0.000000 0.259456 0.834541 0.834541 0.834541
6061.240234 0.000000 1244.385986 0.000000 0.249663 0.000000 -0.968333 1.024423 1.024423 1.024423
6040.002930 0.000000 1268.586182 0.000000 0.984349 0.000000 -0.176230 0.919106 0.919106 0.919106
6048.932129 0.000000 1254.771118 0.000000 0.852706 0.000000 0.522391 0.715984 0.715984 0.715984
6059.679199 0.000000 1258.895386 0.000000 0.952733 0.000000 -0.303809 0.963117 0.963117 0.963117
6074.805176 0.000000 1253.552856 0.000000 0.954081 0.000000 -0.299549 0.949899 0.949899 0.949899
6058.865723 0.000000 1256.710449 0.000000 0.425847 0.000000 0.904795 0.704342 0.704342 0.704342
6048.126953 0.000000 1255.878052 0.000000 0.978196 0.000000 -0.207682 0.970039 0.970039 0.970039
6043.417969 0.000000 1268.189087 0.000000 0.428944 0.000000 0.903331 0.618802 0.618802 0.618802
6083.028320 0.000000 1231.044434 0.000000 0.988222 0.000000 -0.153026 0.912772 0.912772 0.912772
6081.650879 0.000000 1232.418457 0.000000 0.899596 0.000000 -0.436723 0.947728 0.947728 0.947728
6081.089355 0.000000 1230.802734 0.000000 0.990422 0.000000 0.138072 0.882571 0.882571 0.882571
6018.202148 0.000000 1314.609375 0.000000 0.069302 0.000000 0.997596 0.849396 0.849396 0.849396
6076.050293 0.000000 1306.027710 0.000000 0.368460 0.000000 0.929644 0.865140 0.865140 0.865140
6018.906738 0.000000 1317.931885 0.000000 0.908474 0.000000 0.417941 0.834121 0.834121 0.834121
6041.357910 0.000000 1287.555664 0.000000 0.666291 0.000000 0.745692 0.841381 0.841381 0.841381
6067.841309 0.000000 1300.985107 0.000000 0.997468 0.000000 -0.071110 0.903998 0.903998 0.903998
6073.883301 0.000000 1312.129517 0.000000 0.683575 0.000000 -0.729880 1.122433 1.122433 1.122433
6020.378906 0.000000 1316.098877 0.000000 0.983173 0.000000 0.182676 0.868217 0.868217 0.868217
6043.503906 0.000000 1287.032715 0.000000 0.897955 0.000000 -0.440086 0.948123 0.948123 0.948123
6062.488281 0.000000 1289.018311 0.000000 0.129829 0.000000 0.991536 0.718735 0.718735 0.718735
6047.195312 0.000000 1292.455078 0.000000 0.780455 0.000000 -0.625212 1.059344 1.059344 1.059344
6074.784180 0.000000 1313.919067 0.000000 0.922648 0.000000 0.385643 0.861749 0.861749 0.861749
6069.401855 0.000000 1302.201660 0.000000 0.998278 0.000000 -0.058666 0.908441 0.908441 0.908441
6057.562012 0.000000 1300.767334 0.000000 0.089023 0.000000 -0.996030 1.212937 1.212937 1.212937
6021.314941 0.000000 1317.650879 0.000000 0.825948 0.000000 0.563747 0.796381 0.796381 0.796381
6047.146484 0.000000 1294.444824 0.000000 0.408249 0.000000 0.912871 0.732006 0.732006 0.732006
6018.659668 0.000000 1316.192017 0.000000 0.831213 0.000000 0.555954 0.809929 0.809929 0.809929
6035.824219 0.000000 1292.278320 0.000000 0.025867 0.000000 -0.999665 1.254071 1.254071 1.254071
6052.143555 0.000000 1300.966064 0.000000 0.217888 0.000000 -0.975974 1.385741 1.385741 1.385741
6072.940918 0.000000 1313.133301 0.000000 0.766851 0.000000 -0.641825 1.089462 1.089462 1.089462
6076.802246 0.000000 1302.850830 0.000000 0.782243 0.000000 0.622973 0.647643 0.647643 0.647643
6063.932129 0.000000 1304.737305 0.000000 0.171484 0.000000 -0.985187 1.409035 1.409035 1.409035
6078.809570 0.000000 1307.025879 0.000000 0.743276 0.000000 0.668984 0.715579 0.715579 0.715579
6077.521484 0.000000 1303.695312 0.000000 0.940014 0.000000 -0.341136 1.030627 1.030627 1.030627
6079.277344 0.000000 1307.586426 0.000000 0.042018 0.000000 0.999117 0.515283 0.515283 0.515283
5818.130371 0.000000 1491.209961 0.000000 0.472475 0.000000 0.881344 0.674594 0.674594 0.674594
5820.319336 0.000000 1490.503906 0.000000 0.831770 0.000000 -0.555121 0.952893 0.952893 0.952893
5792.963379 0.000000 1490.982056 0.000000 0.616742 0.000000 0.787165 0.798193 0.798193 0.798193
5795.556641 0.000000 1491.993530 0.000000 0.353258 0.000000 -0.935526 1.065808 1.065808 1.065808
5821.737305 0.000000 1495.470947 0.000000 0.984284 0.000000 0.176594 0.866095 0.866095 0.866095
5848.644531 0.000000 1493.409302 0.000000 0.818233 0.000000 -0.574887 0.948165 0.948165 0.948165
5869.158203 0.000000 1505.028320 0.000000 0.441363 0.000000 0.897329 0.877479 0.877479 0.877479
5846.145508 0.000000 1499.854736 0.000000 0.531075 0.000000 0.847325 0.661498 0.661498 0.661498
5872.651367 0.000000 1496.069824 0.000000 0.056991 0.000000 0.998375 0.539463 0.539463 0.539463
5856.955566 0.000000 1490.982056 0.000000 0.464456 0.000000 0.885596 0.777794 0.777794 0.777794
5839.666016 0.000000 1494.829224 0.000000 0.832826 0.000000 -0.553534 0.976446 0.976446 0.976446
5851.932617 0.000000 1495.317261 0.000000 0.321439 0.000000 -0.946930 1.059265 1.059265 1.059265
5824.944824 0.000000 1502.454834 0.000000 0.716457 0.000000 0.697631 0.733460 0.733460 0.733460
5856.076660 0.000000 1493.497681 0.000000 0.761421 0.000000 -0.648258 1.033116 1.033116 1.033116
5832.258789 0.000000 1500.383667 0.000000 0.752642 0.000000 0.658430 0.775652 0.775652 0.775652
5847.609375 0.000000 1499.342407 0.000000 0.739612 0.000000 0.673034 0.725817 0.725817 0.725817
5848.943359 0.000000 1494.878418 0.000000 0.577530 0.000000 0.816370 0.736904 0.736904 0.736904
5873.867676 0.000000 1496.605469 0.000000 0.940511 0.000000 0.339762 0.817435 0.817435 0.817435
6013.757324 0.000000 1346.767700 0.000000 0.976413 0.000000 -0.215910 0.910269 0.910269 0.910269
5933.487305 0.000000 1408.841064 0.000000 0.400083 0.000000 -0.916479 1.108366 1.108366 1.108366
5912.935547 0.000000 1400.394043 0.000000 0.012087 0.000000 -0.999927 1.183682 1.183682 1.183682
5988.262207 0.000000 1399.251831 0.000000 0.163638 0.000000 -0.986520 0.937921 0.937921 0.937921
6003.475098 0.000000 1416.333374 0.000000 0.994263 0.000000 -0.106959 0.913725 0.913725 0.913725
5980.279785 0.000000 1416.515503 0.000000 0.940876 0.000000 -0.338752 0.940378 0.940378 0.940378
6002.739746 0.000000 1382.758179 0.000000 0.487568 0.000000 -0.873085 1.148047 1.148047 1.148047
6004.528809 0.000000 1416.853271 0.000000 0.127962 0.000000 0.991779 0.400870 0.400870 0.400870
6028.497070 0.000000 1347.625000 0.000000 0.864448 0.000000 -0.502723 0.909468 0.909468 0.909468
6036.596680 0.000000 1330.439209 0.000000 0.732790 0.000000 0.680455 0.851235 0.851235 0.851235
6038.213867 0.000000 1328.044067 0.000000 0.322819 0.000000 -0.946461 1.086986 1.086986 1.086986
6036.408691 0.000000 1328.405396 0.000000 0.473883 0.000000 -0.880588 1.066989 1.066989 1.066989
6039.525879 0.000000 1328.981079 0.000000 0.949811 0.000000 0.312825 0.852103 0.852103 0.852103
6031.380859 0.000000 1349.581543 0.000000 0.345273 0.000000 0.938502 0.585209 0.585209 0.585209
6023.281738 0.000000 1412.065918 0.000000 0.963050 0.000000 -0.269322 0.926959 0.926959 0.926959
6024.715332 0.000000 1372.190552 0.000000 0.983275 0.000000 -0.182125 0.921810 0.921810 0.921810
6025.732422 0.000000 1370.658325 0.000000 0.582435 0.000000 0.812877 0.469241 0.469241 0.469241
6024.650879 0.000000 1395.563354 0.000000 0.397484 0.000000 -0.917609 1.158483 1.158483 1.158483
6025.162109 0.000000 1413.116821 0.000000 0.428103 0.000000 0.903730 0.557721 0.557721 0.557721
6024.668945 0.000000 1371.112427 0.000000 0.744866 0.000000 -0.667214 1.231537 1.231537 1.231537
6025.657715 0.000000 1371.698608 0.000000 0.305956 0.000000 -0.952046 1.471813 1.471813 1.471813
5937.139648 0.000000 1435.627441 0.000000 0.935071 0.000000 0.354459 0.880461 0.880461 0.880461
5933.150391 0.000000 1457.786133 0.000000 0.935042 0.000000 -0.354538 0.914658 0.914658 0.914658
5937.825195 0.000000 1444.506958 0.000000 0.538261 0.000000 -0.842778 0.985589 0.985589 0.985589
5936.237793 0.000000 1442.612549 0.000000 0.656857 0.000000 0.754015 0.719596 0.719596 0.719596
5937.197754 0.000000 1427.598145 0.000000 0.433321 0.000000 0.901240 0.698207 0.698207 0.698207
5930.764160 0.000000 1458.188599 0.000000 0.252421 0.000000 0.967618 0.743329 0.743329 0.743329
5935.576172 0.000000 1445.125732 0.000000 0.762062 0.000000 0.647503 0.819293 0.819293 0.819293
5937.701172 0.000000 1425.103516 0.000000 0.674322 0.000000 0.738437 0.801070 0.801070 0.801070
5936.176758 0.000000 1436.963989 0.000000 0.550311 0.000000 -0.834960 1.128667 1.128667 1.128667
5945.005859 0.000000 1448.071411 0.000000 0.674313 0.000000 0.738445 0.739469 0.739469 0.739469
5944.659180 0.000000 1449.687500 0.000000 0.783554 0.000000 -0.621323 1.029549 1.029549 1.029549
5937.266602 0.000000 1437.882202 0.000000 0.498150 0.000000 0.867091 0.657153 0.657153 0.657153
5936.303711 0.000000 1428.640625 0.000000 0.510981 0.000000 0.859592 0.641998 0.641998 0.641998
5937.772461 0.000000 1428.973877 0.000000 0.627733 0.000000 0.778429 0.677491 0.677491 0.677491
5979.541504 0.000000 1417.385742 0.000000 0.703178 0.000000 0.711014 0.875120 0.875120 0.875120
5960.626953 0.000000 1444.212646 0.000000 0.605816 0.000000 -0.795605 1.015761 1.015761 1.015761
5993.409668 0.000000 1419.552856 0.000000 0.489888 0.000000 0.871785 0.823869 0.823869 0.823869
5977.046875 0.000000 1426.449707 0.000000 0.998235 0.000000 -0.059386 0.904406 0.904406 0.904406
5975.038086 0.000000 1425.052734 0.000000 0.992276 0.000000 0.124051 0.891896 0.891896 0.891896
5960.606445 0.000000 1428.035278 0.000000 0.974136 0.000000 0.225962 0.876442 0.876442 0.876442
5995.426758 0.000000 1419.651978 0.000000 0.695619 0.000000 -0.718411 1.018861 1.018861 1.018861
5981.659180 0.000000 1425.283203 0.000000 0.954092 0.000000 -0.299515 0.945109 0.945109 0.945109
5975.448242 0.000000 1427.532104 0.000000 0.939511 0.000000 -0.342520 0.958128 0.958128 0.958128
5958.988281 0.000000 1433.169312 0.000000 0.208717 0.000000 0.977976 0.744094 0.744094 0.744094
6002.690918 0.000000 1418.661621 0.000000 0.626791 0.000000 0.779187 0.743430 0.743430 0.743430
5980.692383 0.000000 1418.734375 0.000000 0.929176 0.000000 -0.369638 0.974012 0.974012 0.974012
6008.961914 0.000000 1419.302979 0.000000 0.992044 0.000000 0.125891 0.874475 0.874475 0.874475
5959.381836 0.000000 1445.177979 0.000000 0.726649 0.000000 -0.687009 1.019120 1.019120 1.019120
6012.639160 0.000000 1423.813110 0.000000 0.569977 0.000000 -0.821660 1.056004 1.056004 1.056004
6005.389648 0.000000 1417.288574 0.000000 0.955436 0.000000 -0.295199 1.003690 1.003690 1.003690
5892.961914 0.000000 1489.318848 0.000000 0.884050 0.000000 0.467392 0.890165 0.890165 0.890165
5888.358398 0.000000 1465.407349 0.000000 0.605267 0.000000 -0.796023 0.945511 0.945511 0.945511
5916.475098 0.000000 1467.601807 0.000000 0.617567 0.000000 0.786518 0.820683 0.820683 0.820683
5890.767090 0.000000 1464.910522 0.000000 0.737098 0.000000 -0.675786 1.043385 1.043385 1.043385
5905.076172 0.000000 1488.083496 0.000000 0.987178 0.000000 -0.159626 0.915849 0.915849 0.915849
5912.565918 0.000000 1484.459351 0.000000 0.273248 0.000000 -0.961944 1.094805 1.094805 1.094805
5918.312500 0.000000 1467.371094 0.000000 0.512416 0.000000 -0.858737 1.187753 1.187753 1.187753
5902.176270 0.000000 1489.692139 0.000000 0.793748 0.000000 0.608247 0.776593 0.776593 0.776593
5903.766602 0.000000 1488.576904 0.000000 0.334624 0.000000 0.942352 0.667928 0.667928 0.667928
6015.565430 0.000000 1421.319946 0.000000 0.816550 0.000000 0.577274 0.866815 0.866815 0.866815
6017.097168 0.000000 1419.771484 0.000000 0.994222 0.000000 -0.107344 0.916674 0.916674 0.916674
4150.409668 0.000000 1523.703613 0.000000 0.915624 0.000000 -0.402037 0.904648 0.904648 0.904648
4127.814941 0.000000 1516.231323 0.000000 0.879580 0.000000 -0.475751 0.923395 0.923395 0.923395
4096.697754 0.000000 1558.700439 0.000000 0.413563 0.000000 -0.910476 0.910286 0.910286 0.910286
4108.730957 0.000000 1536.593750 0.000000 0.960114 0.000000 0.279607 0.898727 0.898727 0.898727
4132.488770 0.000000 1540.978394 0.000000 0.864953 0.000000 -0.501853 0.908269 0.908269 0.908269
4149.146484 0.000000 1515.021362 0.000000 0.850447 0.000000 -0.526061 0.904979 0.904979 0.904979
4155.982422 0.000000 1519.641968 0.000000 0.744317 0.000000 -0.667826 0.908216 0.908216 0.908216
4156.284180 0.000000 1542.238647 0.000000 0.331543 0.000000 -0.943440 0.913850 0.913850 0.913850
4106.745605 0.000000 1544.901001 0.000000 0.313496 0.000000 0.949590 0.691842 0.691842 0.691842
4109.664551 0.000000 1547.983887 0.000000 0.443229 0.000000 -0.896408 0.937465 0.937465 0.937465
4109.233887 0.000000 1545.419556 0.000000 0.544038 0.000000 0.839061 0.810524 0.810524 0.810524
4107.751465 0.000000 1547.032837 0.000000 0.968765 0.000000 -0.247979 0.928153 0.928153 0.928153
4214.402344 0.000000 1523.703613 0.000000 0.986019 0.000000 0.166631 0.898872 0.898872 0.898872
4159.861328 0.000000 1542.107422 0.000000 0.996985 0.000000 -0.077590 0.901047 0.901047 0.901047
4172.723633 0.000000 1536.593750 0.000000 0.346377 0.000000 0.938096 0.894531 0.894531 0.894531
4193.279297 0.000000 1551.752197 0.000000 0.465033 0.000000 -0.885293 0.914656 0.914656 0.914656
4159.791992 0.000000 1515.804321 0.000000 0.992210 0.000000 -0.124579 0.900561 0.900561 0.900561
4220.726074 0.000000 1529.347656 0.000000 0.488404 0.000000 -0.872618 0.909532 0.909532 0.909532
4188.729492 0.000000 1544.577759 0.000000 0.672858 0.000000 -0.739772 0.907484 0.907484 0.907484
4165.172852 0.000000 1536.561035 0.000000 0.332600 0.000000 0.943068 0.886162 0.886162 0.886162
4167.348633 0.000000 1542.734497 0.000000 0.425871 0.000000 -0.904784 0.912705 0.912705 0.912705
4142.078125 0.000000 1585.251953 0.000000 0.880171 0.000000 -0.474657 0.916669 0.916669 0.916669
4147.021973 0.000000 1589.930664 0.000000 0.674175 0.000000 0.738571 0.886931 0.886931 0.886931
4101.950195 0.000000 1559.236328 0.000000 0.734970 0.000000 -0.678100 0.926789 0.926789 0.926789
4148.075684 0.000000 1584.438232 0.000000 0.164759 0.000000 -0.986334 1.016828 1.016828 1.016828
4144.456543 0.000000 1584.339111 0.000000 0.852489 0.000000 -0.522745 0.949438 0.949438 0.949438
4147.991211 0.000000 1586.179443 0.000000 0.940452 0.000000 0.339927 0.843890 0.843890 0.843890
4188.729492 0.000000 1591.819946 0.000000 0.084808 0.000000 -0.996397 0.950079 0.950079 0.950079
4187.663086 0.000000 1603.700928 0.000000 0.976802 0.000000 0.214143 0.890302 0.890302 0.890302
4189.627441 0.000000 1596.302246 0.000000 0.700015 0.000000 0.714129 0.864257 0.864257 0.864257
4183.412598 0.000000 1580.248779 0.000000 0.997701 0.000000 0.067773 0.898324 0.898324 0.898324
4184.421875 0.000000 1601.296265 0.000000 0.959577 0.000000 -0.281447 0.910257 0.910257 0.910257
4186.329102 0.000000 1590.302246 0.000000 0.458140 0.000000 0.888880 0.845878 0.845878 0.845878
4224.763672 0.000000 1529.584839 0.000000 0.989029 0.000000 0.147722 0.898667 0.898667 0.898667
4156.733398 0.000000 1623.832031 0.000000 0.357895 0.000000 -0.933762 0.921656 0.921656 0.921656
4145.743164 0.000000 1650.271118 0.000000 0.016752 0.000000 0.999860 0.886033 0.886033 0.886033
4145.358398 0.000000 1624.596191 0.000000 0.194255 0.000000 0.980951 0.859828 0.859828 0.859828
4103.355957 0.000000 1637.218872 0.000000 0.729060 0.000000 0.684449 0.874593 0.874593 0.874593
4120.855469 0.000000 1635.135864 0.000000 0.688808 0.000000 0.724944 0.823471 0.823471 0.823471
4141.301758 0.000000 1627.698242 0.000000 0.607302 0.000000 -0.794471 0.939196 0.939196 0.939196
4099.723633 0.000000 1634.967896 0.000000 0.091940 0.000000 -0.995765 1.082740 1.082740 1.082740
4120.797852 0.000000 1639.902344 0.000000 0.487754 0.000000 -0.872981 0.973922 0.973922 0.973922
4142.003418 0.000000 1651.524414 0.000000 0.250060 0.000000 -0.968230 0.988846 0.988846 0.988846
4112.654297 0.000000 1640.673096 0.000000 0.101111 0.000000 0.994875 0.817454 0.817454 0.817454
4140.398926 0.000000 1624.061523 0.000000 0.799093 0.000000 -0.601208 0.927536 0.927536 0.927536
4156.606934 0.000000 1643.271729 0.000000 0.109731 0.000000 -0.993961 0.988624 0.988624 0.988624
4100.304688 0.000000 1637.726685 0.000000 0.323352 0.000000 0.946279 0.690782 0.690782 0.690782
4122.336426 0.000000 1637.544434 0.000000 0.115762 0.000000 0.993277 0.501216 0.501216 0.501216
4142.841797 0.000000 1625.298096 0.000000 0.390646 0.000000 -0.920541 1.068170 1.068170 1.068170
4105.615234 0.000000 1645.483032 0.000000 0.139509 0.000000 -0.990221 0.993233 0.993233 0.993233
4142.310059 0.000000 1649.020508 0.000000 0.353971 0.000000 -0.935256 1.092868 1.092868 1.092868
4101.713867 0.000000 1635.826782 0.000000 0.932401 0.000000 -0.361427 1.063686 1.063686 1.063686
4111.800293 0.000000 1642.533691 0.000000 0.209499 0.000000 0.977809 0.582262 0.582262 0.582262
4122.639648 0.000000 1635.670776 0.000000 0.999548 0.000000 0.030046 0.895611 0.895611 0.895611
4158.453613 0.000000 1643.167236 0.000000 0.114045 0.000000 0.993476 0.700371 0.700371 0.700371
4113.633301 0.000000 1642.216431 0.000000 0.301573 0.000000 -0.953443 1.283548 1.283548 1.283548
4101.165039 0.000000 1645.177002 0.000000 0.614840 0.000000 0.788652 0.777507 0.777507 0.777507
4157.132812 0.000000 1625.457153 0.000000 0.989506 0.000000 0.144489 0.879801 0.879801 0.879801
4102.439453 0.000000 1644.345215 0.000000 0.041256 0.000000 -0.999149 1.508294 1.508294 1.508294
4101.939453 0.000000 1637.694824 0.000000 0.937459 0.000000 -0.348094 0.959914 0.959914 0.959914
4121.153809 0.000000 1636.604980 0.000000 0.994348 0.000000 0.106172 0.876577 0.876577 0.876577
4112.866211 0.000000 1643.340454 0.000000 0.837991 0.000000 -0.545684 1.075084 1.075084 1.075084
4152.561035 0.000000 1635.000610 0.000000 0.944929 0.000000 -0.327274 0.990648 0.990648 0.990648
4101.456543 0.000000 1634.686035 0.000000 0.996811 0.000000 -0.079803 0.935361 0.935361 0.935361
4100.674805 0.000000 1635.302246 0.000000 0.429819 0.000000 0.902915 0.401367 0.401367 0.401367
4200.890625 0.000000 1625.243774 0.000000 0.392358 0.000000 -0.919813 0.902623 0.902623 0.902623
4220.726074 0.000000 1623.832031 0.000000 0.997779 0.000000 0.066607 0.899251 0.899251 0.899251
4185.260254 0.000000 1611.796753 0.000000 0.426420 0.000000 0.904525 0.854287 0.854287 0.854287
4166.038086 0.000000 1611.765625 0.000000 0.962314 0.000000 0.271940 0.891955 0.891955 0.891955
4194.628906 0.000000 1615.925415 0.000000 0.815258 0.000000 -0.579098 0.926367 0.926367 0.926367
4183.892090 0.000000 1608.010986 0.000000 0.705601 0.000000 0.708609 0.864610 0.864610 0.864610
4172.821777 0.000000 1646.097778 0.000000 0.308435 0.000000 0.951245 0.868926 0.868926 0.868926
4221.572266 0.000000 1649.817871 0.000000 0.028088 0.000000 0.999605 0.796011 0.796011 0.796011
4222.153809 0.000000 1626.825195 0.000000 0.308203 0.000000 0.951321 0.795458 0.795458 0.795458
4194.675293 0.000000 1619.279663 0.000000 0.575741 0.000000 0.817632 0.844076 0.844076 0.844076
4163.151367 0.000000 1612.777832 0.000000 0.627532 0.000000 -0.778590 0.946119 0.946119 0.946119
4191.868652 0.000000 1617.861816 0.000000 0.801424 0.000000 0.598096 0.845260 0.845260 0.845260
4168.627441 0.000000 1620.956299 0.000000 0.100716 0.000000 0.994915 0.794313 0.794313 0.794313
4186.482422 0.000000 1632.766846 0.000000 0.858525 0.000000 0.512772 0.873385 0.873385 0.873385
4222.327637 0.000000 1638.724854 0.000000 0.995566 0.000000 0.094062 0.893650 0.893650 0.893650
4212.077637 0.000000 1625.221191 0.000000 0.049423 0.000000 -0.998778 1.084589 1.084589 1.084589
4170.455078 0.000000 1636.670898 0.000000 0.548510 0.000000 0.836144 0.817678 0.817678 0.817678
4214.477051 0.000000 1639.953369 0.000000 0.456805 0.000000 0.889567 0.833486 0.833486 0.833486
4183.499512 0.000000 1624.841431 0.000000 0.200283 0.000000 0.979738 0.776947 0.776947 0.776947
4174.098633 0.000000 1648.331909 0.000000 0.999115 0.000000 -0.042072 0.905106 0.905106 0.905106
4175.110840 0.000000 1646.306152 0.000000 0.733499 0.000000 -0.679691 0.967168 0.967168 0.967168
4189.347656 0.000000 1633.504517 0.000000 0.923062 0.000000 0.384651 0.843223 0.843223 0.843223
4192.690430 0.000000 1616.193726 0.000000 0.682101 0.000000 -0.731258 1.228022 1.228022 1.228022
4195.625488 0.000000 1617.540161 0.000000 0.371344 0.000000 0.928495 0.672662 0.672662 0.672662
4184.776855 0.000000 1626.185913 0.000000 0.945809 0.000000 0.324723 0.846498 0.846498 0.846498
4214.759766 0.000000 1627.057861 0.000000 0.762742 0.000000 0.646703 0.778329 0.778329 0.778329
4193.751465 0.000000 1617.706543 0.000000 0.194728 0.000000 -0.980857 1.449854 1.449854 1.449854
4162.062012 0.000000 1652.262451 0.000000 0.162740 0.000000 -0.986669 1.111862 1.111862 1.111862
4182.682129 0.000000 1626.130737 0.000000 0.999921 0.000000 0.012544 0.896448 0.896448 0.896448
4222.941406 0.000000 1625.792236 0.000000 0.908972 0.000000 0.416858 0.790827 0.790827 0.790827
4192.775879 0.000000 1617.229858 0.000000 0.246991 0.000000 0.969018 0.371581 0.371581 0.371581
4193.629883 0.000000 1616.673950 0.000000 0.782010 0.000000 -0.623266 1.169129 1.169129 1.169129
4149.146484 0.000000 1656.747925 0.000000 0.007660 0.000000 0.999971 0.882439 0.882439 0.882439
4159.272461 0.000000 1665.803101 0.000000 0.903939 0.000000 0.427661 0.870213 0.870213 0.870213
4146.762695 0.000000 1659.400391 0.000000 0.514889 0.000000 -0.857257 1.018020 1.018020 1.018020
4191.807129 0.000000 1657.957886 0.000000 0.965761 0.000000 -0.259432 0.910024 0.910024 0.910024
4214.614746 0.000000 1678.573608 0.000000 0.822585 0.000000 0.568643 0.882332 0.882332 0.882332
4200.316406 0.000000 1662.878784 0.000000 0.117741 0.000000 0.993044 0.883679 0.883679 0.883679
4209.350586 0.000000 1671.838379 0.000000 0.983908 0.000000 -0.178678 0.905247 0.905247 0.905247
4188.729492 0.000000 1686.304321 0.000000 0.766936 0.000000 0.641724 0.890607 0.890607 0.890607
4179.322754 0.000000 1676.725098 0.000000 0.561463 0.000000 0.827502 0.882481 0.882481 0.882481
4185.260254 0.000000 1659.038940 0.000000 0.992746 0.000000 -0.120227 0.901354 0.901354 0.901354
4185.169922 0.000000 1691.997437 0.000000 0.592538 0.000000 0.805542 0.883165 0.883165 0.883165
4191.236328 0.000000 1680.258423 0.000000 0.660345 0.000000 0.750962 0.838919 0.838919 0.838919
4194.628906 0.000000 1663.167603 0.000000 0.853736 0.000000 -0.520705 0.931995 0.931995 0.931995
4210.102051 0.000000 1676.971436 0.000000 0.980513 0.000000 -0.196455 0.907997 0.907997 0.907997
4171.534180 0.000000 1659.781128 0.000000 0.473666 0.000000 -0.880705 0.933890 0.933890 0.933890
4193.247559 0.000000 1653.757324 0.000000 0.505185 0.000000 0.863011 0.874266 0.874266 0.874266
4183.412598 0.000000 1674.733154 0.000000 0.404812 0.000000 -0.914400 0.938894 0.938894 0.938894
4204.118164 0.000000 1663.869385 0.000000 0.282223 0.000000 -0.959349 0.995256 0.995256 0.995256
4201.138672 0.000000 1666.425537 0.000000 0.841271 0.000000 -0.540614 0.947484 0.947484 0.947484
4160.569336 0.000000 1654.376099 0.000000 0.937618 0.000000 0.347668 0.880852 0.880852 0.880852
4188.944824 0.000000 1678.898193 0.000000 0.279617 0.000000 -0.960112 0.972316 0.972316 0.972316
4206.482422 0.000000 1677.213989 0.000000 0.720236 0.000000 -0.693730 0.979239 0.979239 0.979239
4170.004883 0.000000 1678.056519 0.000000 0.791898 0.000000 0.610653 0.799635 0.799635 0.799635
4181.254395 0.000000 1673.751587 0.000000 0.558190 0.000000 0.829713 0.827440 0.827440 0.827440
4162.978027 0.000000 1653.879272 0.000000 0.539273 0.000000 -0.842131 1.050726 1.050726 1.050726
4192.239746 0.000000 1655.787109 0.000000 0.461265 0.000000 0.887263 0.774937 0.774937 0.774937
4170.795898 0.000000 1679.955566 0.000000 0.262989 0.000000 -0.964799 1.099340 1.099340 1.099340
4192.690430 0.000000 1663.435913 0.000000 0.963140 0.000000 -0.269001 0.931210 0.931210 0.931210
4212.285645 0.000000 1676.966187 0.000000 0.388001 0.000000 0.921659 0.726149 0.726149 0.726149
4170.225586 0.000000 1681.993042 0.000000 0.859380 0.000000 0.511338 0.839700 0.839700 0.839700
4206.858398 0.000000 1675.632935 0.000000 0.978341 0.000000 0.206999 0.847997 0.847997 0.847997
4172.362305 0.000000 1679.821533 0.000000 0.135507 0.000000 0.990776 0.596944 0.596944 0.596944
4206.841309 0.000000 1674.124634 0.000000 0.125934 0.000000 -0.992039 1.260273 1.260273 1.260273
4209.515625 0.000000 1675.528931 0.000000 0.663155 0.000000 0.748482 0.755573 0.755573 0.755573
4223.853516 0.000000 1636.591797 0.000000 0.138381 0.000000 -0.990379 0.903217 0.903217 0.903217
4250.655273 0.000000 1629.893677 0.000000 0.234884 0.000000 0.972023 0.840066 0.840066 0.840066
4264.882812 0.000000 1625.243774 0.000000 0.179108 0.000000 -0.983829 0.909374 0.909374 0.909374
4257.867188 0.000000 1640.307007 0.000000 0.820045 0.000000 0.572298 0.875357 0.875357 0.875357
4227.522949 0.000000 1640.480957 0.000000 0.399239 0.000000 -0.916847 0.931280 0.931280 0.931280
4278.252441 0.000000 1652.807251 0.000000 0.831821 0.000000 -0.555044 0.918509 0.918509 0.918509
4268.110352 0.000000 1616.627197 0.000000 0.317265 0.000000 0.948337 0.771015 0.771015 0.771015
4268.383789 0.000000 1624.061523 0.000000 0.714043 0.000000 -0.700102 0.938336 0.938336 0.938336
4261.517578 0.000000 1617.258301 0.000000 0.235723 0.000000 0.971820 0.795184 0.795184 0.795184
4264.101074 0.000000 1612.160522 0.000000 0.370015 0.000000 0.929026 0.843767 0.843767 0.843767
4259.374023 0.000000 1648.764282 0.000000 0.106107 0.000000 -0.994355 0.988845 0.988845 0.988845
4256.353027 0.000000 1648.987427 0.000000 0.778525 0.000000 0.627614 0.807007 0.807007 0.807007
4246.340820 0.000000 1641.581299 0.000000 0.758910 0.000000 0.651195 0.844231 0.844231 0.844231
4225.930176 0.000000 1626.850708 0.000000 0.998546 0.000000 0.053912 0.895395 0.895395 0.895395
4260.557617 0.000000 1640.361816 0.000000 0.032404 0.000000 -0.999475 1.110852 1.110852 1.110852
4266.605957 0.000000 1614.400757 0.000000 0.109543 0.000000 0.993982 0.614398 0.614398 0.614398
4223.567871 0.000000 1626.343018 0.000000 0.857569 0.000000 0.514369 0.855084 0.855084 0.855084
4251.534180 0.000000 1644.692139 0.000000 0.998347 0.000000 -0.057471 0.909303 0.909303 0.909303
4266.013184 0.000000 1617.073853 0.000000 0.968090 0.000000 -0.250603 0.936425 0.936425 0.936425
4284.396484 0.000000 1648.246948 0.000000 0.110844 0.000000 -0.993838 1.106630 1.106630 1.106630
4260.738281 0.000000 1642.212769 0.000000 0.813942 0.000000 -0.580946 0.979391 0.979391 0.979391
4257.999023 0.000000 1649.962769 0.000000 0.569316 0.000000 -0.822119 1.032280 1.032280 1.032280
4226.246094 0.000000 1625.149658 0.000000 0.848587 0.000000 -0.529056 0.972652 0.972652 0.972652
4264.946777 0.000000 1614.074585 0.000000 0.426774 0.000000 0.904359 0.613126 0.613126 0.613126
4275.496094 0.000000 1613.509521 0.000000 0.999323 0.000000 -0.036792 0.906780 0.906780 0.906780
4224.843750 0.000000 1625.638184 0.000000 0.860958 0.000000 -0.508675 1.037890 1.037890 1.037890
4266.895996 0.000000 1615.819824 0.000000 0.813190 0.000000 0.581999 0.778571 0.778571 0.778571
4223.651367 0.000000 1624.940063 0.000000 0.739656 0.000000 0.672985 0.712562 0.712562 0.712562
4265.613281 0.000000 1615.321045 0.000000 0.814782 0.000000 0.579767 0.742978 0.742978 0.742978
4333.471191 0.000000 1641.259277 0.000000 0.869821 0.000000 -0.493367 0.908115 0.908115 0.908115
4321.263672 0.000000 1646.236572 0.000000 0.999348 0.000000 -0.036104 0.901460 0.901460 0.901460
4291.252441 0.000000 1617.213379 0.000000 0.810783 0.000000 0.585347 0.877520 0.877520 0.877520
4304.298828 0.000000 1612.459351 0.000000 0.382746 0.000000 0.923854 0.881472 0.881472 0.881472
4317.152832 0.000000 1616.073853 0.000000 0.654598 0.000000 0.755977 0.819112 0.819112 0.819112
4288.494629 0.000000 1629.155640 0.000000 0.951491 0.000000 -0.307678 0.906324 0.906324 0.906324
4350.997070 0.000000 1641.485718 0.000000 0.283297 0.000000 -0.959032 0.969217 0.969217 0.969217
4331.638672 0.000000 1611.951538 0.000000 0.320879 0.000000 0.947120 0.813341 0.813341 0.813341
4325.704590 0.000000 1646.686401 0.000000 0.909640 0.000000 0.415398 0.887487 0.887487 0.887487
4304.347656 0.000000 1631.687012 0.000000 0.795163 0.000000 -0.606396 0.920494 0.920494 0.920494
4323.366211 0.000000 1648.764282 0.000000 0.423880 0.000000 0.905719 0.836353 0.836353 0.836353
4324.549805 0.000000 1640.361816 0.000000 0.384662 0.000000 0.923058 0.839228 0.839228 0.839228
4291.587402 0.000000 1624.038330 0.000000 0.374302 0.000000 0.927307 0.723951 0.723951 0.723951
4343.376953 0.000000 1620.880127 0.000000 0.946133 0.000000 0.323780 0.871107 0.871107 0.871107
4337.204102 0.000000 1642.588867 0.000000 0.456715 0.000000 0.889613 0.828552 0.828552 0.828552
4291.574707 0.000000 1628.620605 0.000000 0.998834 0.000000 -0.048268 0.904014 0.904014 0.904014
4302.029785 0.000000 1612.873779 0.000000 0.750576 0.000000 -0.660784 0.989207 0.989207 0.989207
4290.062012 0.000000 1619.238647 0.000000 0.881959 0.000000 -0.471326 0.963960 0.963960 0.963960
4334.578125 0.000000 1639.386353 0.000000 0.935778 0.000000 0.352588 0.858709 0.858709 0.858709
4329.742188 0.000000 1610.688843 0.000000 1.000000 0.000000 0.000675 0.899939 0.899939 0.899939
4303.387207 0.000000 1610.518921 0.000000 0.358702 0.000000 -0.933452 1.013613 1.013613 1.013613
4350.430664 0.000000 1643.167236 0.000000 0.117989 0.000000 0.993015 0.727025 0.727025 0.727025
4306.116211 0.000000 1631.408081 0.000000 0.985605 0.000000 0.169067 0.873662 0.873662 0.873662
4290.238281 0.000000 1625.149658 0.000000 0.418975 0.000000 -0.907998 1.068831 1.068831 1.068831
4309.227051 0.000000 1631.154663 0.000000 0.693874 0.000000 -0.720097 1.021027 1.021027 1.021027
4343.239746 0.000000 1619.518677 0.000000 0.303758 0.000000 -0.952749 1.152399 1.152399 1.152399
4250.655273 0.000000 1677.135864 0.000000 0.860282 0.000000 0.509819 0.898798 0.898798 0.898798
4255.975586 0.000000 1668.237305 0.000000 0.509398 0.000000 -0.860531 0.911642 0.911642 0.911642
4284.718262 0.000000 1671.074219 0.000000 0.995479 0.000000 0.094984 0.891878 0.891878 0.891878
4249.699219 0.000000 1670.883911 0.000000 0.021977 0.000000 0.999758 0.833879 0.833879 0.833879
4251.752441 0.000000 1653.596680 0.000000 0.849457 0.000000 -0.527659 0.939965 0.939965 0.939965
4241.021484 0.000000 1665.264282 0.000000 0.971529 0.000000 0.236920 0.894088 0.894088 0.894088
4245.044922 0.000000 1671.374390 0.000000 0.101640 0.000000 -0.994821 0.936307 0.936307 0.936307
4253.782227 0.000000 1673.162354 0.000000 0.302005 0.000000 -0.953306 0.925561 0.925561 0.925561
4235.904297 0.000000 1668.406982 0.000000 0.564117 0.000000 -0.825695 0.921827 0.921827 0.921827
4260.516602 0.000000 1671.877075 0.000000 0.559255 0.000000 -0.828996 0.924155 0.924155 0.924155
4279.855469 0.000000 1653.592773 0.000000 0.869129 0.000000 0.494585 0.883726 0.883726 0.883726
4230.596680 0.000000 1656.377930 0.000000 0.998730 0.000000 -0.050380 0.905436 0.905436 0.905436
4279.163574 0.000000 1658.323364 0.000000 0.653978 0.000000 -0.756514 0.953977 0.953977 0.953977
4274.732422 0.000000 1674.622070 0.000000 0.955620 0.000000 -0.294602 0.933595 0.933595 0.933595
4284.506836 0.000000 1679.472656 0.000000 0.445507 0.000000 0.895278 0.745500 0.745500 0.745500
4251.254883 0.000000 1669.344238 0.000000 0.978337 0.000000 0.207018 0.879853 0.879853 0.879853
4262.875488 0.000000 1673.216187 0.000000 0.064219 0.000000 0.997936 0.757829 0.757829 0.757829
4232.934082 0.000000 1655.643677 0.000000 0.383427 0.000000 0.923571 0.791545 0.791545 0.791545
4263.236328 0.000000 1661.145630 0.000000 0.644025 0.000000 0.765004 0.806057 0.806057 0.806057
4246.621582 0.000000 1670.444824 0.000000 0.191267 0.000000 -0.981538 1.073431 1.073431 1.073431
4262.530273 0.000000 1663.027832 0.000000 0.483791 0.000000 0.875183 0.744340 0.744340 0.744340
4231.286621 0.000000 1654.792847 0.000000 0.311623 0.000000 0.950206 0.545011 0.545011 0.545011
4274.901855 0.000000 1654.872559 0.000000 0.205574 0.000000 0.978642 0.700827 0.700827 0.700827
4272.379883 0.000000 1673.174927 0.000000 0.999968 0.000000 -0.007983 0.901238 0.901238 0.901238
4274.583496 0.000000 1673.043579 0.000000 0.840407 0.000000 0.541956 0.762298 0.762298 0.762298
4261.365234 0.000000 1673.625122 0.000000 0.844418 0.000000 -0.535686 0.993996 0.993996 0.993996
4275.824219 0.000000 1673.753906 0.000000 0.079383 0.000000 0.996844 0.541458 0.541458 0.541458
4265.613281 0.000000 1662.563232 0.000000 0.477250 0.000000 0.878767 0.656435 0.656435 0.656435
4231.729004 0.000000 1655.960205 0.000000 0.536556 0.000000 0.843865 0.615633 0.615633 0.615633
4230.136719 0.000000 1655.274536 0.000000 0.334464 0.000000 -0.942409 1.248155 1.248155 1.248155
4345.390625 0.000000 1663.427979 0.000000 0.996401 0.000000 0.084767 0.895423 0.895423 0.895423
4292.777832 0.000000 1666.337891 0.000000 0.492897 0.000000 -0.870088 1.075478 1.075478 1.075478
4303.387207 0.000000 1657.761108 0.000000 0.531049 0.000000 -0.847341 1.015847 1.015847 1.015847
4410.525879 0.000000 1652.112305 0.000000 0.885787 0.000000 -0.464092 0.913012 0.913012 0.913012
4380.706055 0.000000 1639.062134 0.000000 0.764260 0.000000 -0.644908 0.912599 0.912599 0.912599
4391.887207 0.000000 1630.878906 0.000000 0.544505 0.000000 -0.838758 0.933535 0.933535 0.933535
4360.668945 0.000000 1628.710571 0.000000 0.193101 0.000000 0.981179 0.844330 0.844330 0.844330
4361.261719 0.000000 1651.973877 0.000000 0.571478 0.000000 -0.820617 0.930277 0.930277 0.930277
4352.528320 0.000000 1642.542847 0.000000 0.480300 0.000000 0.877104 0.842311 0.842311 0.842311
4410.513184 0.000000 1648.848755 0.000000 0.847064 0.000000 -0.531491 0.923922 0.923922 0.923922
4378.305664 0.000000 1637.544434 0.000000 0.048210 0.000000 0.998837 0.811053 0.811053 0.811053
4410.196289 0.000000 1638.164307 0.000000 0.993665 0.000000 0.112384 0.885070 0.885070 0.885070
4361.970215 0.000000 1626.712769 0.000000 0.861907 0.000000 0.507066 0.837868 0.837868 0.837868
4389.088379 0.000000 1644.297241 0.000000 0.975024 0.000000 -0.222098 0.929690 0.929690 0.929690
4393.765137 0.000000 1631.462646 0.000000 0.212879 0.000000 -0.977079 1.128556 1.128556 1.128556
4354.687500 0.000000 1650.319214 0.000000 0.998260 0.000000 0.058968 0.890853 0.890853 0.890853
4428.643066 0.000000 1650.329468 0.000000 0.497147 0.000000 -0.867666 0.911802 0.911802 0.911802
4427.020020 0.000000 1653.385620 0.000000 0.850376 0.000000 -0.526175 0.998355 0.998355 0.998355
4362.911133 0.000000 1655.172241 0.000000 0.905516 0.000000 0.424311 0.895077 0.895077 0.895077
4377.683594 0.000000 1670.883911 0.000000 0.301700 0.000000 -0.953403 0.931249 0.931249 0.931249
4402.078613 0.000000 1676.971436 0.000000 0.285214 0.000000 0.958464 0.856807 0.856807 0.856807
4381.766602 0.000000 1673.162354 0.000000 0.913258 0.000000 0.407381 0.891515 0.891515 0.891515
4393.115234 0.000000 1666.425537 0.000000 0.948863 0.000000 0.315689 0.889897 0.889897 0.889897
4405.601562 0.000000 1681.956299 0.000000 0.605324 0.000000 0.795979 0.854492 0.854492 0.854492
4360.570801 0.000000 1653.525635 0.000000 0.831935 0.000000 -0.554873 1.024235 1.024235 1.024235
4404.044434 0.000000 1678.922607 0.000000 0.255498 0.000000 0.966810 0.587417 0.587417 0.587417
4394.772949 0.000000 1669.468140 0.000000 0.960512 0.000000 -0.278239 0.927875 0.927875 0.927875
4379.799316 0.000000 1672.036255 0.000000 0.408411 0.000000 -0.912798 1.049879 1.049879 1.049879
4360.918457 0.000000 1655.643677 0.000000 0.992881 0.000000 -0.119107 0.912072 0.912072 0.912072
4404.262207 0.000000 1676.966187 0.000000 0.462850 0.000000 0.886437 0.745764 0.745764 0.745764
4393.159668 0.000000 1670.780762 0.000000 0.933146 0.000000 0.359497 0.833900 0.833900 0.833900
4393.087891 0.000000 1668.081787 0.000000 0.444811 0.000000 -0.895625 1.251608 1.251608 1.251608
4405.269043 0.000000 1678.138550 0.000000 0.257380 0.000000 -0.966310 1.212120 1.212120 1.212120
4393.578125 0.000000 1669.241089 0.000000 0.884243 0.000000 -0.467027 1.053947 1.053947 1.053947
4415.760742 0.000000 1657.530884 0.000000 0.959388 0.000000 -0.282089 0.906425 0.906425 0.906425
4426.903320 0.000000 1655.172241 0.000000 0.876176 0.000000 0.481992 0.868359 0.868359 0.868359
4419.231445 0.000000 1656.224121 0.000000 0.641164 0.000000 0.767404 0.856758 0.856758 0.856758
4424.562988 0.000000 1653.525635 0.000000 0.694919 0.000000 0.719088 0.840497 0.840497 0.840497
4417.854004 0.000000 1657.598145 0.000000 0.995647 0.000000 0.093203 0.890143 0.890143 0.890143
4172.723633 0.000000 1772.804688 0.000000 0.355126 0.000000 0.934818 0.794166 0.794166 0.794166
4174.387207 0.000000 1773.145264 0.000000 0.063555 0.000000 -0.997978 1.187854 1.187854 1.187854
4175.977539 0.000000 1772.030029 0.000000 0.266737 0.000000 -0.963769 1.148433 1.148433 1.148433
4348.710449 0.000000 1765.558594 0.000000 0.356197 0.000000 0.934411 0.710223 0.710223 0.710223
4314.647461 0.000000 1866.104614 0.000000 0.381822 0.000000 -0.924236 1.074844 1.074844 1.074844
4317.774414 0.000000 1862.131104 0.000000 0.990346 0.000000 0.138616 0.894063 0.894063 0.894063
4320.999512 0.000000 1860.860474 0.000000 0.020794 0.000000 0.999784 0.830346 0.830346 0.830346
4314.550293 0.000000 1862.922119 0.000000 0.541117 0.000000 0.840947 0.763072 0.763072 0.763072
4317.318848 0.000000 1859.040283 0.000000 0.011510 0.000000 0.999934 0.801901 0.801901 0.801901
4319.406250 0.000000 1859.361328 0.000000 0.108942 0.000000 -0.994048 1.126606 1.126606 1.126606
4315.384277 0.000000 1867.560791 0.000000 0.589640 0.000000 0.807666 0.760575 0.760575 0.760575
4312.061523 0.000000 1864.712524 0.000000 0.689881 0.000000 -0.723923 1.227383 1.227383 1.227383
4315.724121 0.000000 1865.664551 0.000000 0.166069 0.000000 -0.986114 1.593998 1.593998 1.593998
4314.048828 0.000000 1865.008179 0.000000 0.811930 0.000000 -0.583755 1.208130 1.208130 1.208130
4471.002441 0.000000 1766.963867 0.000000 0.993400 0.000000 0.114704 0.897159 0.897159 0.897159
4469.291504 0.000000 1769.899292 0.000000 0.419345 0.000000 -0.907827 0.946028 0.946028 0.946028
4468.046387 0.000000 1766.947754 0.000000 0.924917 0.000000 0.380168 0.865827 0.865827 0.865827
4186.663086 0.000000 1913.346802 0.000000 0.563486 0.000000 0.826125 0.875971 0.875971 0.875971
4185.260254 0.000000 1895.249878 0.000000 0.567760 0.000000 0.823194 0.884791 0.884791 0.884791
4189.168457 0.000000 1899.526978 0.000000 0.116579 0.000000 0.993181 0.877132 0.877132 0.877132
4185.265625 0.000000 1898.871582 0.000000 0.905974 0.000000 0.423333 0.878392 0.878392 0.878392
4200.108887 0.000000 1895.613647 0.000000 0.174026 0.000000 0.984741 0.718089 0.718089 0.718089
4181.254395 0.000000 1909.962524 0.000000 0.855451 0.000000 0.517884 0.862082 0.862082 0.862082
4184.127930 0.000000 1913.233765 0.000000 0.191286 0.000000 -0.981534 1.126077 1.126077 1.126077
4181.675293 0.000000 1912.997925 0.000000 0.832334 0.000000 0.554275 0.841919 0.841919 0.841919
4201.757812 0.000000 1894.141968 0.000000 0.984113 0.000000 -0.177542 0.923261 0.923261 0.923261
4185.891602 0.000000 1896.910645 0.000000 0.172111 0.000000 0.985078 0.736680 0.736680 0.736680
4186.925781 0.000000 1899.639893 0.000000 0.985809 0.000000 0.167868 0.876503 0.876503 0.876503
4202.500000 0.000000 1895.017212 0.000000 0.999208 0.000000 -0.039793 0.913952 0.913952 0.913952
4184.077148 0.000000 1911.954712 0.000000 0.022125 0.000000 0.999755 0.304972 0.304972 0.304972
4185.484375 0.000000 1910.533325 0.000000 0.173471 0.000000 -0.984839 1.436540 1.436540 1.436540
4184.420410 0.000000 1910.664551 0.000000 0.756269 0.000000 -0.654261 1.174027 1.174027 1.174027
4174.668457 0.000000 2007.756592 0.000000 0.856992 0.000000 -0.515330 0.945009 0.945009 0.945009
4174.387207 0.000000 2009.356201 0.000000 0.990989 0.000000 0.133944 0.875549 0.875549 0.875549
4214.402344 0.000000 2043.367676 0.000000 0.287039 0.000000 0.957919 0.848245 0.848245 0.848245
4214.614746 0.000000 2056.511230 0.000000 0.836442 0.000000 0.548055 0.883057 0.883057 0.883057
4215.677734 0.000000 2067.606934 0.000000 0.960729 0.000000 -0.277489 0.901264 0.901264 0.901264
4206.070801 0.000000 2057.673828 0.000000 0.997227 0.000000 0.074415 0.897155 0.897155 0.897155
4204.673828 0.000000 2045.631958 0.000000 0.708215 0.000000 -0.705997 0.933462 0.933462 0.933462
4197.938477 0.000000 2053.221680 0.000000 0.613175 0.000000 -0.789947 0.936833 0.936833 0.936833
4186.482422 0.000000 2057.946533 0.000000 0.206977 0.000000 0.978346 0.750012 0.750012 0.750012
4216.820312 0.000000 2065.334473 0.000000 0.998912 0.000000 0.046636 0.896226 0.896226 0.896226
4185.181641 0.000000 2056.483643 0.000000 0.978921 0.000000 0.204240 0.862103 0.862103 0.862103
4250.655273 0.000000 2055.073486 0.000000 0.574177 0.000000 0.818731 0.897845 0.897845 0.897845
4234.296387 0.000000 2068.300781 0.000000 0.261231 0.000000 0.965276 0.891193 0.891193 0.891193
4232.440430 0.000000 2049.127197 0.000000 0.866659 0.000000 -0.498901 0.916431 0.916431 0.916431
4248.839844 0.000000 2060.315674 0.000000 0.934598 0.000000 -0.355705 0.908171 0.908171 0.908171
4228.560059 0.000000 2046.665161 0.000000 0.047189 0.000000 -0.998886 1.006124 1.006124 1.006124
4244.859375 0.000000 2069.487305 0.000000 0.228149 0.000000 -0.973626 0.957232 0.957232 0.957232
4243.357910 0.000000 2066.940430 0.000000 0.714898 0.000000 0.699229 0.833887 0.833887 0.833887
4270.294434 0.000000 2074.200195 0.000000 0.282505 0.000000 -0.959266 1.021207 1.021207 1.021207
4342.386719 0.000000 2043.367676 0.000000 0.715682 0.000000 0.698427 0.889576 0.889576 0.889576
4314.647461 0.000000 2055.073486 0.000000 0.865211 0.000000 -0.501409 0.901180 0.901180 0.901180
4295.333008 0.000000 2062.398682 0.000000 0.933657 0.000000 0.358168 0.890946 0.890946 0.890946
4313.691406 0.000000 2048.821533 0.000000 0.301471 0.000000 -0.953475 0.931255 0.931255 0.931255
4312.832031 0.000000 2060.315674 0.000000 0.076873 0.000000 0.997041 0.779165 0.779165 0.779165
4321.413086 0.000000 2076.902344 0.000000 0.399490 0.000000 -0.916737 0.928666 0.928666 0.928666
4311.396973 0.000000 2052.670654 0.000000 0.936493 0.000000 0.350685 0.878263 0.878263 0.878263
4298.722656 0.000000 2064.564941 0.000000 0.357906 0.000000 -0.933758 0.967675 0.967675 0.967675
4304.347656 0.000000 2056.866699 0.000000 0.995013 0.000000 0.099741 0.891919 0.891919 0.891919
4320.999512 0.000000 2049.829346 0.000000 0.685747 0.000000 -0.727840 0.932969 0.932969 0.932969
4318.416504 0.000000 2077.403564 0.000000 0.841226 0.000000 -0.540683 0.933372 0.933372 0.933372
4303.657715 0.000000 2059.786865 0.000000 0.776985 0.000000 0.629520 0.794431 0.794431 0.794431
4314.313477 0.000000 2062.724121 0.000000 0.855024 0.000000 0.518588 0.859575 0.859575 0.859575
4338.281738 0.000000 2034.427002 0.000000 0.398634 0.000000 0.917110 0.813932 0.813932 0.813932
4342.461426 0.000000 2065.133057 0.000000 0.986471 0.000000 0.163936 0.881499 0.881499 0.881499
4344.804688 0.000000 2065.334473 0.000000 0.466345 0.000000 0.884603 0.795109 0.795109 0.795109
4302.029297 0.000000 2058.204590 0.000000 0.343002 0.000000 0.939335 0.710750 0.710750 0.710750
4337.896484 0.000000 2039.251953 0.000000 0.923323 0.000000 0.384024 0.845092 0.845092 0.845092
4311.928223 0.000000 2044.879150 0.000000 0.725299 0.000000 0.688434 0.823224 0.823224 0.823224
4342.290527 0.000000 2061.852295 0.000000 0.885286 0.000000 -0.465047 0.993464 0.993464 0.993464
4343.893066 0.000000 2047.505737 0.000000 0.963846 0.000000 0.266460 0.838185 0.838185 0.838185
4342.595215 0.000000 2063.696289 0.000000 0.992675 0.000000 -0.120812 0.938913 0.938913 0.938913
4342.332031 0.000000 2046.934692 0.000000 0.443742 0.000000 0.896155 0.645371 0.645371 0.645371
4343.239746 0.000000 2044.698364 0.000000 0.391867 0.000000 0.920022 0.640157 0.640157 0.640157
4516.441895 0.000000 1918.915894 0.000000 0.209022 0.000000 0.977911 0.796087 0.796087 0.796087
4526.031738 0.000000 1915.947266 0.000000 0.384164 0.000000 -0.923265 0.923791 0.923791 0.923791
4534.938477 0.000000 1931.308350 0.000000 0.463581 0.000000 0.886054 0.853520 0.853520 0.853520
4525.255371 0.000000 1911.151367 0.000000 0.733669 0.000000 0.679507 0.884892 0.884892 0.884892
4518.567871 0.000000 1921.820801 0.000000 0.302506 0.000000 -0.953147 1.036267 1.036267 1.036267
4528.176758 0.000000 1911.017822 0.000000 0.425094 0.000000 -0.905149 1.108516 1.108516 1.108516
4514.896484 0.000000 1921.263428 0.000000 0.987076 0.000000 -0.160255 0.920613 0.920613 0.920613
4516.526367 0.000000 1923.814941 0.000000 0.889904 0.000000 -0.456147 0.978756 0.978756 0.978756
4526.443359 0.000000 1913.424927 0.000000 0.093527 0.000000 0.995617 0.627845 0.627845 0.627845
4516.872559 0.000000 1920.979248 0.000000 0.104563 0.000000 -0.994518 1.249168 1.249168 1.249168
4528.230469 0.000000 1912.864502 0.000000 0.525047 0.000000 -0.851073 1.069267 1.069267 1.069267
4535.721191 0.000000 1927.678711 0.000000 0.930484 0.000000 -0.366332 0.962362 0.962362 0.962362
4534.098633 0.000000 1926.876953 0.000000 0.911932 0.000000 0.410342 0.829696 0.829696 0.829696
4526.819336 0.000000 1911.843872 0.000000 0.983045 0.000000 -0.183364 0.936048 0.936048 0.936048
4526.802246 0.000000 1910.335571 0.000000 0.925117 0.000000 0.379682 0.823870 0.823870 0.823870
4529.476562 0.000000 1911.739868 0.000000 0.559060 0.000000 0.829127 0.719892 0.719892 0.719892
4536.525879 0.000000 1929.976929 0.000000 0.693846 0.000000 0.720124 0.717548 0.717548 0.717548
4598.355469 0.000000 1901.641113 0.000000 0.697995 0.000000 0.716102 0.787011 0.787011 0.787011
4554.886230 0.000000 1900.388794 0.000000 0.305431 0.000000 -0.952214 0.928320 0.928320 0.928320
4584.843750 0.000000 1908.696899 0.000000 0.693643 0.000000 0.720319 0.860244 0.860244 0.860244
4556.676758 0.000000 1914.531250 0.000000 0.611197 0.000000 -0.791478 0.934883 0.934883 0.934883
4564.640625 0.000000 1922.562256 0.000000 0.995270 0.000000 -0.097152 0.903498 0.903498 0.903498
4577.897949 0.000000 1911.635254 0.000000 0.341636 0.000000 -0.939832 0.990619 0.990619 0.990619
4552.401367 0.000000 1907.400757 0.000000 0.946385 0.000000 -0.323041 0.909608 0.909608 0.909608
4569.213379 0.000000 1895.249878 0.000000 0.653547 0.000000 0.756886 0.832484 0.832484 0.832484
4582.158203 0.000000 1890.574951 0.000000 0.896410 0.000000 0.443225 0.862857 0.862857 0.862857
4605.929199 0.000000 1913.673950 0.000000 0.045972 0.000000 -0.998943 0.923983 0.923983 0.923983
4598.930664 0.000000 1931.308350 0.000000 0.750512 0.000000 0.660857 0.783204 0.783204 0.783204
4577.828125 0.000000 1923.760132 0.000000 0.768370 0.000000 0.640006 0.878153 0.878153 0.878153
4587.607422 0.000000 1895.404663 0.000000 0.384983 0.000000 0.922924 0.868302 0.868302 0.868302
4555.865234 0.000000 1904.617920 0.000000 0.901416 0.000000 0.432954 0.811464 0.811464 0.811464
4568.743652 0.000000 1923.355469 0.000000 0.993460 0.000000 0.114184 0.882002 0.882002 0.882002
4576.080566 0.000000 1920.364502 0.000000 0.355239 0.000000 0.934776 0.805031 0.805031 0.805031
4595.565918 0.000000 1899.026367 0.000000 0.536233 0.000000 -0.844070 0.951928 0.951928 0.951928
4578.937988 0.000000 1915.348267 0.000000 0.788841 0.000000 0.614597 0.876205 0.876205 0.876205
4597.578125 0.000000 1918.167236 0.000000 0.383119 0.000000 -0.923699 1.074636 1.074636 1.074636
4572.437012 0.000000 1918.635010 0.000000 0.994657 0.000000 -0.103231 0.906274 0.906274 0.906274
4581.891602 0.000000 1911.495117 0.000000 0.755492 0.000000 0.655158 0.835793 0.835793 0.835793
4601.140137 0.000000 1928.834473 0.000000 0.544249 0.000000 -0.838924 0.953672 0.953672 0.953672
4586.950684 0.000000 1913.505737 0.000000 0.682503 0.000000 0.730883 0.826337 0.826337 0.826337
4559.626465 0.000000 1918.060303 0.000000 0.169043 0.000000 0.985609 0.682805 0.682805 0.682805
4552.580566 0.000000 1904.409424 0.000000 0.468903 0.000000 0.883250 0.666449 0.666449 0.666449
4566.301758 0.000000 1925.034424 0.000000 0.656432 0.000000 -0.754386 1.036353 1.036353 1.036353
4566.393555 0.000000 1894.950317 0.000000 0.129755 0.000000 0.991546 0.650748 0.650748 0.650748
4582.880371 0.000000 1893.167114 0.000000 0.067504 0.000000 -0.997719 1.136434 1.136434 1.136434
4567.818848 0.000000 1921.021240 0.000000 0.859404 0.000000 0.511297 0.865029 0.865029 0.865029
4596.163086 0.000000 1903.011841 0.000000 0.848002 0.000000 -0.529994 0.957735 0.957735 0.957735
4597.289062 0.000000 1921.341797 0.000000 0.510396 0.000000 0.859939 0.727885 0.727885 0.727885
4554.318359 0.000000 1902.707397 0.000000 0.982829 0.000000 0.184520 0.865390 0.865390 0.865390
4568.680664 0.000000 1925.864136 0.000000 0.053720 0.000000 0.998556 0.702298 0.702298 0.702298
4579.864258 0.000000 1910.370361 0.000000 0.689478 0.000000 -0.724306 1.034683 1.034683 1.034683
4557.998047 0.000000 1916.478149 0.000000 0.726913 0.000000 -0.686730 0.995248 0.995248 0.995248
4573.825195 0.000000 1920.536255 0.000000 0.993235 0.000000 0.116122 0.883264 0.883264 0.883264
4597.848633 0.000000 1899.298828 0.000000 0.985170 0.000000 -0.171581 0.922859 0.922859 0.922859
4595.421387 0.000000 1918.502197 0.000000 0.895636 0.000000 -0.444787 0.990104 0.990104 0.990104
4574.684570 0.000000 1918.542236 0.000000 0.867518 0.000000 0.497406 0.848531 0.848531 0.848531
4575.778809 0.000000 1922.448608 0.000000 0.713687 0.000000 0.700465 0.809328 0.809328 0.809328
4566.729980 0.000000 1922.987549 0.000000 0.224392 0.000000 -0.974499 1.180943 1.180943 1.180943
4554.162109 0.000000 1905.712280 0.000000 0.986201 0.000000 0.165554 0.867114 0.867114 0.867114
4604.894531 0.000000 1911.844360 0.000000 0.998871 0.000000 -0.047497 0.907260 0.907260 0.907260
4599.311035 0.000000 1929.405396 0.000000 0.204060 0.000000 0.978958 0.602436 0.602436 0.602436
4599.619141 0.000000 1900.280029 0.000000 0.169817 0.000000 -0.985476 1.098198 1.098198 1.098198
4597.358398 0.000000 1930.392456 0.000000 0.601335 0.000000 -0.798997 1.020627 1.020627 1.020627
4572.088867 0.000000 1920.496948 0.000000 0.895973 0.000000 0.444109 0.833826 0.833826 0.833826
4596.752441 0.000000 1919.708496 0.000000 0.627547 0.000000 0.778579 0.767662 0.767662 0.767662
4552.651855 0.000000 1902.481445 0.000000 0.727293 0.000000 0.686327 0.758932 0.758932 0.758932
4596.960938 0.000000 1900.755371 0.000000 0.182403 0.000000 -0.983224 1.255368 1.255368 1.255368
4585.198242 0.000000 1913.171265 0.000000 0.738898 0.000000 0.673818 0.772082 0.772082 0.772082
4567.705566 0.000000 1895.887329 0.000000 0.066879 0.000000 0.997761 0.639815 0.639815 0.639815
4584.405762 0.000000 1893.135376 0.000000 0.822607 0.000000 -0.568611 1.049485 1.049485 1.049485
4554.239746 0.000000 1904.124390 0.000000 0.789557 0.000000 0.613678 0.769360 0.769360 0.769360
4552.789062 0.000000 1905.999146 0.000000 0.589724 0.000000 0.807605 0.697223 0.697223 0.697223
4595.883301 0.000000 1921.659302 0.000000 0.719532 0.000000 0.694459 0.736138 0.736138 0.736138
4574.955566 0.000000 1921.304565 0.000000 0.836931 0.000000 0.547308 0.769872 0.769872 0.769872
4594.023926 0.000000 1921.785156 0.000000 0.994612 0.000000 -0.103666 0.922168 0.922168 0.922168
4524.634766 0.000000 1951.147583 0.000000 0.917337 0.000000 0.398111 0.888040 0.888040 0.888040
4524.352539 0.000000 1954.756836 0.000000 0.944138 0.000000 -0.329551 0.940747 0.940747 0.940747
4526.795410 0.000000 1955.993408 0.000000 0.124800 0.000000 -0.992182 1.023434 1.023434 1.023434
4525.297852 0.000000 1940.595825 0.000000 0.924184 0.000000 -0.381947 0.993339 0.993339 0.993339
4526.959961 0.000000 1943.308960 0.000000 0.067324 0.000000 -0.997731 1.062145 1.062145 1.062145
4525.427734 0.000000 1953.018799 0.000000 0.194602 0.000000 -0.980882 1.097719 1.097719 1.097719
4503.050293 0.000000 1965.130249 0.000000 0.817680 0.000000 0.575673 0.829706 0.829706 0.829706
4533.366211 0.000000 1977.634644 0.000000 0.872394 0.000000 -0.488803 1.041146 1.041146 1.041146
4503.276855 0.000000 1966.780029 0.000000 0.832913 0.000000 0.553404 0.809080 0.809080 0.809080
4526.789062 0.000000 1940.246216 0.000000 0.131531 0.000000 -0.991312 1.203903 1.203903 1.203903
4524.706055 0.000000 1941.775146 0.000000 0.953528 0.000000 -0.301304 0.972894 0.972894 0.972894
4575.760254 0.000000 1941.411011 0.000000 0.974005 0.000000 -0.226525 0.901027 0.901027 0.901027
4556.676758 0.000000 1961.773438 0.000000 0.866474 0.000000 0.499222 0.881209 0.881209 0.881209
4566.721680 0.000000 1948.795166 0.000000 0.371700 0.000000 -0.928353 0.921390 0.921390 0.921390
4599.630859 0.000000 1973.122681 0.000000 0.620818 0.000000 0.783955 0.885829 0.885829 0.885829
4593.303711 0.000000 1955.291504 0.000000 0.141610 0.000000 -0.989922 1.108660 1.108660 1.108660
4603.927734 0.000000 1944.821655 0.000000 0.143941 0.000000 0.989586 0.614767 0.614767 0.614767
4549.991211 0.000000 1942.460938 0.000000 0.557014 0.000000 -0.830503 0.952848 0.952848 0.952848
4575.189453 0.000000 1963.711548 0.000000 0.759152 0.000000 0.650913 0.837890 0.837890 0.837890
4560.982422 0.000000 1948.717407 0.000000 0.870630 0.000000 0.491938 0.890755 0.890755 0.890755
4556.291504 0.000000 1956.929688 0.000000 0.331300 0.000000 -0.943525 1.132737 1.132737 1.132737
4581.673340 0.000000 1977.381714 0.000000 0.987733 0.000000 0.156152 0.866884 0.866884 0.866884
4559.786133 0.000000 1958.564453 0.000000 0.882766 0.000000 0.469814 0.851648 0.851648 0.851648
4547.215820 0.000000 1939.677246 0.000000 0.788389 0.000000 0.615177 0.879157 0.879157 0.879157
4601.359375 0.000000 1946.881104 0.000000 0.489663 0.000000 0.871912 0.781016 0.781016 0.781016
4579.408691 0.000000 1939.536377 0.000000 0.843116 0.000000 -0.537731 0.942097 0.942097 0.942097
4606.385254 0.000000 1964.226196 0.000000 0.624950 0.000000 0.780665 0.809433 0.809433 0.809433
4604.421387 0.000000 1947.786499 0.000000 0.550830 0.000000 -0.834618 1.170678 1.170678 1.170678
4578.063477 0.000000 1943.153320 0.000000 0.917709 0.000000 -0.397252 0.957828 0.957828 0.957828
4606.280762 0.000000 1969.420166 0.000000 0.104603 0.000000 0.994514 0.797888 0.797888 0.797888
4592.168945 0.000000 1958.260010 0.000000 0.868194 0.000000 0.496225 0.869666 0.869666 0.869666
4547.556152 0.000000 1954.733643 0.000000 0.179179 0.000000 -0.983816 1.015611 1.015611 1.015611
4550.557617 0.000000 1939.831055 0.000000 0.337836 0.000000 0.941205 0.718164 0.718164 0.718164
4572.897949 0.000000 1962.351318 0.000000 0.378894 0.000000 0.925440 0.706093 0.706093 0.706093
4590.787598 0.000000 1955.993408 0.000000 0.404904 0.000000 -0.914359 1.003710 1.003710 1.003710
4555.344727 0.000000 1959.376465 0.000000 0.998751 0.000000 -0.049961 0.906963 0.906963 0.906963
4606.208984 0.000000 1946.082275 0.000000 0.728271 0.000000 0.685289 0.774466 0.774466 0.774466
4558.719727 0.000000 1956.319824 0.000000 0.942115 0.000000 -0.335290 0.926888 0.926888 0.926888
4596.273926 0.000000 1973.926025 0.000000 0.493733 0.000000 0.869613 0.698621 0.698621 0.698621
4574.684570 0.000000 1965.784424 0.000000 0.626689 0.000000 0.779270 0.787574 0.787574 0.787574
4564.728027 0.000000 1949.463989 0.000000 0.703406 0.000000 -0.710789 1.066985 1.066985 1.066985
4604.173828 0.000000 1969.422729 0.000000 0.513229 0.000000 -0.858251 1.018242 1.018242 1.018242
4597.797852 0.000000 1972.472534 0.000000 0.231079 0.000000 0.972935 0.644535 0.644535 0.644535
4562.750000 0.000000 1949.575439 0.000000 0.998713 0.000000 0.050711 0.889171 0.889171 0.889171
4548.929688 0.000000 1938.856079 0.000000 0.292904 0.000000 0.956142 0.671080 0.671080 0.671080
4565.706055 0.000000 1950.991943 0.000000 0.999909 0.000000 -0.013521 0.902825 0.902825 0.902825
4606.208496 0.000000 1947.880859 0.000000 0.616603 0.000000 -0.787274 1.050703 1.050703 1.050703
4551.247559 0.000000 1938.245972 0.000000 0.463023 0.000000 -0.886346 1.061551 1.061551 1.061551
4579.505859 0.000000 1941.406006 0.000000 0.599921 0.000000 -0.800059 1.093789 1.093789 1.093789
4580.899902 0.000000 1978.888062 0.000000 0.427133 0.000000 -0.904189 1.100487 1.100487 1.100487
4583.295410 0.000000 1976.791504 0.000000 0.602628 0.000000 -0.798022 1.086853 1.086853 1.086853
4549.384277 0.000000 1940.935425 0.000000 0.790795 0.000000 -0.612081 1.074641 1.074641 1.074641
4547.221191 0.000000 1953.174683 0.000000 0.478584 0.000000 0.878042 0.671229 0.671229 0.671229
4594.682617 0.000000 1973.825195 0.000000 0.029858 0.000000 -0.999554 1.208146 1.208146 1.208146
4602.351562 0.000000 1944.861328 0.000000 0.378058 0.000000 -0.925782 1.136588 1.136588 1.136588
4545.991211 0.000000 1953.999756 0.000000 0.067689 0.000000 -0.997706 1.244475 1.244475 1.244475
4604.664551 0.000000 1946.292725 0.000000 0.554683 0.000000 -0.832062 1.169410 1.169410 1.169410
4605.392578 0.000000 1944.793213 0.000000 0.172668 0.000000 0.984980 0.557795 0.557795 0.557795
4551.618164 0.000000 1940.833618 0.000000 0.168204 0.000000 -0.985752 1.170872 1.170872 1.170872
4593.430664 0.000000 1957.546265 0.000000 0.882501 0.000000 -0.470311 1.021019 1.021019 1.021019
4595.854492 0.000000 1975.242188 0.000000 0.189091 0.000000 0.981960 0.555681 0.555681 0.555681
4556.394531 0.000000 1958.588623 0.000000 0.284289 0.000000 -0.958739 1.231397 1.231397 1.231397
4548.403809 0.000000 1940.115601 0.000000 0.068997 0.000000 -0.997617 1.298163 1.298163 1.298163
4381.766602 0.000000 2051.099854 0.000000 0.245548 0.000000 0.969384 0.810840 0.810840 0.810840
4394.331543 0.000000 2058.397461 0.000000 0.090973 0.000000 0.995853 0.850129 0.850129 0.850129
4381.311035 0.000000 2048.009033 0.000000 0.732251 0.000000 -0.681035 1.017832 1.017832 1.017832
4396.604004 0.000000 2063.596436 0.000000 0.491537 0.000000 -0.870857 0.994993 0.994993 0.994993
4356.770020 0.000000 2044.275391 0.000000 0.902705 0.000000 -0.430260 0.951967 0.951967 0.951967
4397.513672 0.000000 2061.899414 0.000000 0.035720 0.000000 0.999362 0.662010 0.662010 0.662010
4444.654785 0.000000 2034.508057 0.000000 0.335419 0.000000 0.942069 0.842022 0.842022 0.842022
4451.834961 0.000000 2031.469727 0.000000 0.962404 0.000000 -0.271622 0.932758 0.932758 0.932758
4439.225586 0.000000 2039.201172 0.000000 0.615028 0.000000 0.788506 0.832646 0.832646 0.832646
4443.095215 0.000000 2036.256104 0.000000 0.746408 0.000000 -0.665489 1.004709 1.004709 1.004709
4436.250488 0.000000 2040.513916 0.000000 0.638205 0.000000 -0.769867 1.046090 1.046090 1.046090
4575.936523 0.000000 1998.932617 0.000000 0.367688 0.000000 -0.929949 1.052954 1.052954 1.052954
4590.023926 0.000000 2010.431641 0.000000 0.158212 0.000000 -0.987405 0.972966 0.972966 0.972966
4593.688965 0.000000 2028.208618 0.000000 0.578124 0.000000 -0.815949 0.932165 0.932165 0.932165
4586.101074 0.000000 2014.641357 0.000000 0.973315 0.000000 -0.229474 0.905202 0.905202 0.905202
4591.105469 0.000000 2014.311768 0.000000 0.873690 0.000000 -0.486483 0.969635 0.969635 0.969635
4589.948730 0.000000 2029.461914 0.000000 0.815722 0.000000 -0.578444 0.924947 0.924947 0.924947
4568.375000 0.000000 2026.475952 0.000000 0.873172 0.000000 -0.487413 0.937750 0.937750 0.937750
4576.968262 0.000000 2002.587036 0.000000 0.405860 0.000000 -0.913935 1.021748 1.021748 1.021748
4596.030762 0.000000 2003.158691 0.000000 0.733375 0.000000 0.679824 0.732040 0.732040 0.732040
4599.345703 0.000000 1998.817627 0.000000 0.813189 0.000000 0.582000 0.851149 0.851149 0.851149
4592.913574 0.000000 2030.449707 0.000000 0.930616 0.000000 0.365998 0.866323 0.866323 0.866323
4591.740234 0.000000 2012.031982 0.000000 0.010834 0.000000 -0.999941 1.194426 1.194426 1.194426
4569.156250 0.000000 2028.616699 0.000000 0.593891 0.000000 -0.804545 1.026039 1.026039 1.026039
4603.291504 0.000000 1999.958984 0.000000 0.118955 0.000000 0.992900 0.727140 0.727140 0.727140
4570.125977 0.000000 2030.590820 0.000000 0.844664 0.000000 -0.535296 0.950767 0.950767 0.950767
4591.000977 0.000000 2031.354126 0.000000 0.962328 0.000000 -0.271892 0.958777 0.958777 0.958777
4598.637695 0.000000 2001.086792 0.000000 0.829449 0.000000 -0.558583 1.014524 1.014524 1.014524
4570.507812 0.000000 2027.194214 0.000000 0.385963 0.000000 -0.922514 1.058345 1.058345 1.058345
4595.738770 0.000000 2001.335449 0.000000 0.948809 0.000000 -0.315849 0.936102 0.936102 0.936102
4601.347168 0.000000 1998.733765 0.000000 0.541983 0.000000 -0.840390 1.090604 1.090604 1.090604
4577.075195 0.000000 2000.461304 0.000000 0.892222 0.000000 0.451598 0.788404 0.788404 0.788404
4577.781250 0.000000 1998.787354 0.000000 0.948990 0.000000 0.315307 0.858917 0.858917 0.858917
4590.210449 0.000000 2012.866211 0.000000 0.969677 0.000000 0.244388 0.853402 0.853402 0.853402
4597.225098 0.000000 2002.027222 0.000000 0.966067 0.000000 -0.258292 0.958701 0.958701 0.958701
4589.490234 0.000000 2014.657104 0.000000 0.006287 0.000000 -0.999980 1.184738 1.184738 1.184738
4599.861816 0.000000 2000.263550 0.000000 0.782906 0.000000 0.622140 0.770249 0.770249 0.770249
4570.341797 0.000000 2029.240723 0.000000 0.896492 0.000000 0.443061 0.790677 0.790677 0.790677
4525.447754 0.000000 2066.438965 0.000000 0.910557 0.000000 -0.413383 0.903830 0.903830 0.903830
4535.638672 0.000000 2067.606934 0.000000 0.212166 0.000000 0.977234 0.848166 0.848166 0.848166
4537.147949 0.000000 2070.561035 0.000000 0.999834 0.000000 -0.018193 0.901758 0.901758 0.901758
4527.152344 0.000000 2069.247070 0.000000 0.273459 0.000000 -0.961884 0.981397 0.981397 0.981397
4529.180664 0.000000 2067.768555 0.000000 0.493975 0.000000 -0.869476 1.139223 1.139223 1.139223
4526.554688 0.000000 2064.566162 0.000000 0.960618 0.000000 0.277873 0.864570 0.864570 0.864570
4527.278320 0.000000 2067.193604 0.000000 0.589522 0.000000 0.807752 0.707733 0.707733 0.707733
4537.032715 0.000000 2066.853760 0.000000 0.528741 0.000000 -0.848783 1.054879 1.054879 1.054879
4537.128418 0.000000 2069.008301 0.000000 0.782476 0.000000 -0.622681 1.081234 1.081234 1.081234
4528.684570 0.000000 2066.534424 0.000000 0.173355 0.000000 -0.984859 1.216930 1.216930 1.216930
4575.760254 0.000000 2035.895386 0.000000 0.972314 0.000000 0.233679 0.898410 0.898410 0.898410
4584.843750 0.000000 2050.423584 0.000000 0.329611 0.000000 0.944117 0.894451 0.894451 0.894451
4589.113281 0.000000 2032.286865 0.000000 0.885799 0.000000 -0.464069 0.939035 0.939035 0.939035
4577.381836 0.000000 2076.902344 0.000000 0.980793 0.000000 -0.195051 0.943668 0.943668 0.943668
4589.247559 0.000000 2052.877930 0.000000 0.734250 0.000000 -0.678879 1.007309 1.007309 1.007309
4573.743164 0.000000 2051.099854 0.000000 0.883119 0.000000 0.469148 0.826486 0.826486 0.826486
4593.571777 0.000000 2031.570068 0.000000 0.814006 0.000000 0.580857 0.844297 0.844297 0.844297
4552.798828 0.000000 2058.361084 0.000000 0.107533 0.000000 -0.994201 1.218871 1.218871 1.218871
4580.477539 0.000000 2049.814697 0.000000 0.155729 0.000000 0.987800 0.836438 0.836438 0.836438
4588.344727 0.000000 2049.241211 0.000000 0.243106 0.000000 -0.970000 0.986352 0.986352 0.986352
4581.891602 0.000000 2053.221680 0.000000 0.032003 0.000000 -0.999488 1.183514 1.183514 1.183514
4555.983398 0.000000 2059.587402 0.000000 0.294987 0.000000 -0.955501 0.985698 0.985698 0.985698
4570.519043 0.000000 2051.890869 0.000000 0.787958 0.000000 0.615729 0.804615 0.804615 0.804615
4579.408691 0.000000 2034.020752 0.000000 0.387694 0.000000 -0.921788 1.150311 1.150311 1.150311
4592.168945 0.000000 2052.744385 0.000000 0.046526 0.000000 -0.998917 1.057542 1.057542 1.057542
4601.681152 0.000000 2060.831543 0.000000 0.905473 0.000000 -0.424404 0.965983 0.965983 0.965983
4550.001953 0.000000 2058.814941 0.000000 0.304009 0.000000 0.952669 0.727044 0.727044 0.727044
4590.435547 0.000000 2055.151367 0.000000 0.465483 0.000000 0.885057 0.816989 0.816989 0.816989
4590.787598 0.000000 2050.477783 0.000000 0.993667 0.000000 -0.112365 0.924289 0.924289 0.924289
4591.472168 0.000000 2033.089233 0.000000 0.887125 0.000000 -0.461528 0.967906 0.967906 0.967906
4551.555664 0.000000 2056.276855 0.000000 0.155543 0.000000 0.987829 0.699755 0.699755 0.699755
4572.312012 0.000000 2053.416992 0.000000 0.397155 0.000000 0.917752 0.607484 0.607484 0.607484
4563.692871 0.000000 2077.228271 0.000000 0.976693 0.000000 -0.214642 0.916526 0.916526 0.916526
4555.004395 0.000000 2078.565186 0.000000 0.992872 0.000000 0.119188 0.886578 0.886578 0.886578
4576.192871 0.000000 2033.724609 0.000000 0.996094 0.000000 0.088298 0.885895 0.885895 0.885895
4582.836426 0.000000 2051.153809 0.000000 0.129591 0.000000 -0.991567 1.188130 1.188130 1.188130
4577.810059 0.000000 2035.428345 0.000000 0.227916 0.000000 -0.973681 1.113907 1.113907 1.113907
4599.422363 0.000000 2060.794189 0.000000 0.704571 0.000000 -0.709633 1.018774 1.018774 1.018774
4579.328125 0.000000 2076.368164 0.000000 0.099646 0.000000 -0.995023 1.223904 1.223904 1.223904
4577.959961 0.000000 2075.142578 0.000000 0.261966 0.000000 -0.965077 1.099502 1.099502 1.099502
4580.202148 0.000000 2053.878418 0.000000 0.841227 0.000000 -0.540683 1.005250 1.005250 1.005250
4577.865234 0.000000 2033.277100 0.000000 0.650078 0.000000 -0.759867 1.037691 1.037691 1.037691
4589.102539 0.000000 2051.182617 0.000000 0.717974 0.000000 -0.696070 1.029743 1.029743 1.029743
4579.505859 0.000000 2035.890381 0.000000 0.581326 0.000000 -0.813671 1.102876 1.102876 1.102876
4572.128418 0.000000 2051.598877 0.000000 0.916432 0.000000 -0.400190 0.961982 0.961982 0.961982
4590.811523 0.000000 2053.570312 0.000000 0.988037 0.000000 0.154214 0.863819 0.863819 0.863819
4581.326172 0.000000 2051.562744 0.000000 0.995003 0.000000 -0.099849 0.920225 0.920225 0.920225
4583.700684 0.000000 2052.598389 0.000000 0.893216 0.000000 -0.449628 0.975444 0.975444 0.975444
4590.794434 0.000000 2052.062012 0.000000 0.995896 0.000000 -0.090508 0.921179 0.921179 0.921179
4578.511230 0.000000 2077.948975 0.000000 0.093584 0.000000 -0.995611 1.225245 1.225245 1.225245
4590.669922 0.000000 2031.864258 0.000000 0.109989 0.000000 0.993933 0.588231 0.588231 0.588231
4562.356445 0.000000 2078.038086 0.000000 0.705439 0.000000 0.708771 0.730080 0.730080 0.730080
4581.840332 0.000000 2050.112061 0.000000 0.303710 0.000000 0.952764 0.644755 0.644755 0.644755
4578.641113 0.000000 2032.154663 0.000000 0.797610 0.000000 0.603174 0.755974 0.755974 0.755974
4573.444336 0.000000 2053.909424 0.000000 0.999009 0.000000 0.044506 0.888796 0.888796 0.888796
4573.144043 0.000000 2052.271729 0.000000 0.929327 0.000000 -0.369259 0.995178 0.995178 0.995178
4223.265137 0.000000 2090.982910 0.000000 0.748516 0.000000 0.663117 0.834842 0.834842 0.834842
4215.863281 0.000000 2078.772461 0.000000 0.572384 0.000000 0.819985 0.863278 0.863278 0.863278
4221.566895 0.000000 2082.814697 0.000000 0.855308 0.000000 -0.518121 0.915909 0.915909 0.915909
4255.799316 0.000000 2083.137695 0.000000 0.625264 0.000000 0.780413 0.897988 0.897988 0.897988
4269.152344 0.000000 2079.529297 0.000000 0.572099 0.000000 0.820185 0.893517 0.893517 0.893517
4240.084473 0.000000 2095.781738 0.000000 0.310011 0.000000 -0.950733 0.914106 0.914106 0.914106
4257.937012 0.000000 2100.604248 0.000000 0.998334 0.000000 0.057700 0.899092 0.899092 0.899092
4227.260254 0.000000 2089.635498 0.000000 0.910614 0.000000 -0.413259 0.919145 0.919145 0.919145
4283.966797 0.000000 2086.548340 0.000000 0.996877 0.000000 0.078969 0.896980 0.896980 0.896980
4241.021484 0.000000 2090.444092 0.000000 0.930722 0.000000 -0.365728 0.905889 0.905889 0.905889
4269.353516 0.000000 2119.176758 0.000000 0.289096 0.000000 0.957300 0.802405 0.802405 0.802405
4242.695312 0.000000 2106.859131 0.000000 0.202709 0.000000 0.979239 0.860080 0.860080 0.860080
4239.458496 0.000000 2080.383789 0.000000 0.996465 0.000000 0.084010 0.896598 0.896598 0.896598
4223.784180 0.000000 2092.269531 0.000000 0.439561 0.000000 -0.898213 0.927575 0.927575 0.927575
4269.987793 0.000000 2123.946289 0.000000 0.399722 0.000000 0.916636 0.715012 0.715012 0.715012
4258.977051 0.000000 2104.317139 0.000000 0.896999 0.000000 -0.442032 0.926748 0.926748 0.926748
4243.735352 0.000000 2093.064453 0.000000 0.157287 0.000000 0.987553 0.839684 0.839684 0.839684
4261.930664 0.000000 2100.464111 0.000000 0.918995 0.000000 -0.394270 0.919123 0.919123 0.919123
4255.847168 0.000000 2086.751953 0.000000 0.458647 0.000000 0.888618 0.840988 0.840988 0.840988
4267.894531 0.000000 2121.698486 0.000000 0.975204 0.000000 -0.221306 0.912535 0.912535 0.912535
4224.487793 0.000000 2089.589844 0.000000 0.934100 0.000000 -0.357013 0.945115 0.945115 0.945115
4270.294434 0.000000 2121.442383 0.000000 0.283083 0.000000 0.959095 0.698082 0.698082 0.698082
4271.725586 0.000000 2122.985107 0.000000 0.869230 0.000000 -0.494407 0.951127 0.951127 0.951127
4268.539062 0.000000 2123.160400 0.000000 0.863287 0.000000 0.504713 0.815601 0.815601 0.815601
4268.317383 0.000000 2120.249756 0.000000 0.118889 0.000000 -0.992908 1.252258 1.252258 1.252258
4328.907715 0.000000 2122.233398 0.000000 0.174541 0.000000 -0.984650 0.909406 0.909406 0.909406
4290.413086 0.000000 2117.726562 0.000000 0.577958 0.000000 -0.816066 1.020110 1.020110 1.020110
4294.022461 0.000000 2084.187744 0.000000 0.993166 0.000000 -0.116708 0.901840 0.901840 0.901840
4315.744629 0.000000 2078.776367 0.000000 0.546908 0.000000 -0.837193 0.926750 0.926750 0.926750
4321.231934 0.000000 2078.937256 0.000000 0.987842 0.000000 -0.155461 0.903507 0.903507 0.903507
4335.840820 0.000000 2082.850586 0.000000 0.415723 0.000000 0.909491 0.871773 0.871773 0.871773
4294.790527 0.000000 2118.270752 0.000000 0.799389 0.000000 0.600814 0.831936 0.831936 0.831936
4335.136719 0.000000 2108.796387 0.000000 0.805486 0.000000 -0.592614 1.006890 1.006890 1.006890
4302.272949 0.000000 2087.942627 0.000000 0.999528 0.000000 -0.030720 0.901105 0.901105 0.901105
4325.922852 0.000000 2100.464111 0.000000 0.273760 0.000000 -0.961798 1.059849 1.059849 1.059849
4329.584961 0.000000 2125.346924 0.000000 0.694071 0.000000 -0.719907 1.082381 1.082381 1.082381
4301.671387 0.000000 2090.957031 0.000000 0.788732 0.000000 0.614737 0.873224 0.873224 0.873224
4315.048828 0.000000 2114.376709 0.000000 0.311672 0.000000 0.950190 0.770406 0.770406 0.770406
4345.712402 0.000000 2108.073975 0.000000 0.988588 0.000000 -0.150644 0.925143 0.925143 0.925143
4314.842285 0.000000 2119.640137 0.000000 0.988146 0.000000 -0.153516 0.911082 0.911082 0.911082
4324.899902 0.000000 2102.793945 0.000000 0.751052 0.000000 -0.660244 1.013423 1.013423 1.013423
4346.204102 0.000000 2110.586426 0.000000 0.968148 0.000000 0.250377 0.860196 0.860196 0.860196
4295.887695 0.000000 2116.020020 0.000000 0.915656 0.000000 0.401964 0.853527 0.853527 0.853527
4312.711914 0.000000 2114.833008 0.000000 0.657098 0.000000 -0.753805 1.009353 1.009353 1.009353
4292.589844 0.000000 2119.216309 0.000000 0.965700 0.000000 -0.259660 0.965511 0.965511 0.965511
4331.748047 0.000000 2124.523926 0.000000 0.473639 0.000000 -0.880719 0.979885 0.979885 0.979885
4315.526367 0.000000 2117.114014 0.000000 0.933893 0.000000 -0.357553 0.967368 0.967368 0.967368
4334.983398 0.000000 2085.035645 0.000000 0.301756 0.000000 0.953385 0.613093 0.613093 0.613093
4327.519531 0.000000 2124.058105 0.000000 0.927693 0.000000 0.373343 0.845840 0.845840 0.845840
4334.578125 0.000000 2111.808350 0.000000 0.930258 0.000000 0.366906 0.818121 0.818121 0.818121
4337.395020 0.000000 2108.132568 0.000000 0.213314 0.000000 0.976984 0.674566 0.674566 0.674566
4347.821289 0.000000 2106.934082 0.000000 0.342134 0.000000 0.939651 0.798441 0.798441 0.798441
4330.005371 0.000000 2089.495850 0.000000 0.354055 0.000000 0.935225 0.690848 0.690848 0.690848
4337.896484 0.000000 2086.494385 0.000000 0.853424 0.000000 0.521217 0.822389 0.822389 0.822389
4331.269043 0.000000 2091.201416 0.000000 0.938572 0.000000 0.345082 0.843794 0.843794 0.843794
4312.213867 0.000000 2118.945557 0.000000 0.444943 0.000000 0.895559 0.782813 0.782813 0.782813
4327.574219 0.000000 2101.475586 0.000000 0.980735 0.000000 -0.195343 0.933573 0.933573 0.933573
4336.891602 0.000000 2084.737305 0.000000 0.962273 0.000000 -0.272087 0.940864 0.940864 0.940864
4324.233398 0.000000 2101.120605 0.000000 0.333421 0.000000 -0.942778 1.052109 1.052109 1.052109
4293.141602 0.000000 2117.599121 0.000000 0.761063 0.000000 -0.648678 1.068112 1.068112 1.068112
4326.310547 0.000000 2125.243896 0.000000 0.460923 0.000000 -0.887440 1.054543 1.054543 1.054543
4326.306641 0.000000 2103.782959 0.000000 0.954955 0.000000 -0.296750 0.963634 0.963634 0.963634
4334.536621 0.000000 2110.290527 0.000000 0.996753 0.000000 0.080515 0.882433 0.882433 0.882433
4345.201172 0.000000 2109.462158 0.000000 0.680309 0.000000 -0.732926 1.036776 1.036776 1.036776
4330.888184 0.000000 2088.241943 0.000000 0.874918 0.000000 -0.484271 0.987462 0.987462 0.987462
4326.324219 0.000000 2102.299316 0.000000 0.139439 0.000000 -0.990231 1.202218 1.202218 1.202218
4335.816895 0.000000 2111.176758 0.000000 0.861698 0.000000 -0.507421 1.015990 1.015990 1.015990
4328.203613 0.000000 2125.247559 0.000000 0.002954 0.000000 -0.999996 1.255800 1.255800 1.255800
4334.491699 0.000000 2087.092773 0.000000 0.700249 0.000000 0.713899 0.735652 0.735652 0.735652
4284.718262 0.000000 2143.496338 0.000000 0.429517 0.000000 -0.903059 0.922787 0.922787 0.922787
4273.342773 0.000000 2144.260254 0.000000 0.490569 0.000000 -0.871402 1.011735 1.011735 1.011735
4287.257324 0.000000 2138.225098 0.000000 0.956182 0.000000 -0.292772 0.907344 0.907344 0.907344
4282.710449 0.000000 2139.096924 0.000000 0.401218 0.000000 0.915983 0.699662 0.699662 0.699662
4268.383789 0.000000 2143.725830 0.000000 0.208025 0.000000 -0.978124 1.025401 1.025401 1.025401
4281.398438 0.000000 2135.849854 0.000000 0.978869 0.000000 0.204488 0.892596 0.892596 0.892596
4285.162109 0.000000 2140.617920 0.000000 0.859635 0.000000 -0.510908 1.003619 1.003619 1.003619
4270.826660 0.000000 2144.962158 0.000000 0.933785 0.000000 0.357834 0.816953 0.816953 0.816953
4280.522461 0.000000 2138.471924 0.000000 0.969856 0.000000 0.243679 0.854094 0.854094 0.854094
4283.330566 0.000000 2141.685547 0.000000 0.290503 0.000000 0.956874 0.696433 0.696433 0.696433
4285.087402 0.000000 2138.549805 0.000000 0.291747 0.000000 -0.956495 1.123409 1.123409 1.123409
4271.917480 0.000000 2143.248779 0.000000 0.824883 0.000000 -0.565304 1.007995 1.007995 1.007995
4270.251465 0.000000 2143.424805 0.000000 0.549999 0.000000 0.835165 0.722328 0.722328 0.722328
4281.105957 0.000000 2137.227295 0.000000 0.445027 0.000000 -0.895517 1.136848 1.136848 1.136848
4298.917480 0.000000 2136.599854 0.000000 0.967324 0.000000 0.253542 0.861986 0.861986 0.861986
4300.708008 0.000000 2150.742432 0.000000 0.153489 0.000000 -0.988150 0.903183 0.903183 0.903183
4310.752930 0.000000 2137.764160 0.000000 0.549920 0.000000 0.835217 0.884452 0.884452 0.884452
4343.662109 0.000000 2162.091553 0.000000 0.506165 0.000000 0.862437 0.673319 0.673319 0.673319
4319.967773 0.000000 2140.659180 0.000000 0.984622 0.000000 -0.174700 0.917360 0.917360 0.917360
4334.055176 0.000000 2152.158447 0.000000 0.705911 0.000000 -0.708301 0.930065 0.930065 0.930065
4335.867188 0.000000 2134.377930 0.000000 0.748877 0.000000 -0.662709 0.978130 0.978130 0.978130
4296.432617 0.000000 2143.611816 0.000000 0.817232 0.000000 0.576308 0.832377 0.832377 0.832377
4326.189453 0.000000 2126.785889 0.000000 0.931980 0.000000 0.362510 0.841654 0.841654 0.841654
4313.691406 0.000000 2143.305908 0.000000 0.975000 0.000000 0.222207 0.894965 0.894965 0.894965
4337.648926 0.000000 2138.878174 0.000000 0.380534 0.000000 0.924767 0.791256 0.791256 0.791256
4299.518555 0.000000 2132.203125 0.000000 0.732432 0.000000 -0.680841 0.915145 0.915145 0.915145
4287.776367 0.000000 2139.511719 0.000000 0.988858 0.000000 -0.148864 0.903693 0.903693 0.903693
4315.729004 0.000000 2139.580078 0.000000 0.096997 0.000000 0.995285 0.817222 0.817222 0.817222
4312.774902 0.000000 2159.566406 0.000000 0.684112 0.000000 -0.729377 1.091010 1.091010 1.091010
4332.102539 0.000000 2136.291260 0.000000 0.756747 0.000000 0.653707 0.872786 0.872786 0.872786
4302.272949 0.000000 2135.184814 0.000000 0.755361 0.000000 0.655309 0.851832 0.851832 0.851832
4345.312012 0.000000 2142.304443 0.000000 0.672336 0.000000 0.740246 0.838203 0.838203 0.838203
4330.339355 0.000000 2152.881836 0.000000 0.193444 0.000000 0.981111 0.841252 0.841252 0.841252
4345.171387 0.000000 2165.045654 0.000000 0.931328 0.000000 0.364181 0.877386 0.877386 0.877386
4311.140137 0.000000 2141.138184 0.000000 0.951389 0.000000 -0.307993 0.966126 0.966126 0.966126
4330.981934 0.000000 2149.716797 0.000000 0.996891 0.000000 0.078788 0.894684 0.894684 0.894684
4341.612793 0.000000 2164.698486 0.000000 0.026776 0.000000 0.999641 0.834084 0.834084 0.834084
4319.853027 0.000000 2137.526123 0.000000 0.627746 0.000000 -0.778418 0.952118 0.952118 0.952118
4315.048828 0.000000 2161.618896 0.000000 0.824564 0.000000 0.565769 0.863517 0.863517 0.863517
4288.751465 0.000000 2159.063965 0.000000 0.951669 0.000000 -0.307126 0.919640 0.919640 0.919640
4340.062012 0.000000 2144.885254 0.000000 0.965190 0.000000 0.261548 0.867298 0.867298 0.867298
4292.281250 0.000000 2157.390869 0.000000 0.002186 0.000000 -0.999998 1.086798 1.086798 1.086798
4350.906250 0.000000 2164.593018 0.000000 0.611950 0.000000 -0.790897 0.969693 0.969693 0.969693
4314.313477 0.000000 2157.208740 0.000000 0.926692 0.000000 0.375822 0.864507 0.864507 0.864507
4295.436035 0.000000 2146.080566 0.000000 0.595311 0.000000 -0.803495 0.990157 0.990157 0.990157
4334.466797 0.000000 2149.635986 0.000000 0.526069 0.000000 0.850442 0.833744 0.833744 0.833744
4350.240234 0.000000 2135.051025 0.000000 0.987311 0.000000 -0.158801 0.909675 0.909675 0.909675
4337.393066 0.000000 2136.230957 0.000000 0.660605 0.000000 -0.750734 1.058364 1.058364 1.058364
4298.291504 0.000000 2134.284912 0.000000 0.564459 0.000000 -0.825461 1.039634 1.039634 1.039634
4313.460938 0.000000 2140.530273 0.000000 0.995630 0.000000 0.093383 0.882980 0.882980 0.882980
4330.719727 0.000000 2126.056396 0.000000 0.512656 0.000000 0.858594 0.823441 0.823441 0.823441
4297.978027 0.000000 2146.376953 0.000000 0.983059 0.000000 0.183288 0.883433 0.883433 0.883433
4328.388184 0.000000 2125.933594 0.000000 0.999948 0.000000 -0.010192 0.902313 0.902313 0.902313
4309.659668 0.000000 2149.208984 0.000000 0.977319 0.000000 -0.211774 0.947467 0.947467 0.947467
4289.979004 0.000000 2157.020752 0.000000 0.644768 0.000000 0.764378 0.806162 0.806162 0.806162
4340.305176 0.000000 2162.895020 0.000000 0.657377 0.000000 -0.753562 0.978623 0.978623 0.978623
4334.699219 0.000000 2139.377930 0.000000 0.999332 0.000000 -0.036549 0.903943 0.903943 0.903943
4342.668945 0.000000 2142.813477 0.000000 0.830488 0.000000 -0.557037 0.988942 0.988942 0.988942
4332.111816 0.000000 2151.512939 0.000000 0.488487 0.000000 -0.872571 1.150183 1.150183 1.150183
4314.797852 0.000000 2159.321533 0.000000 0.813033 0.000000 -0.582218 0.996347 0.996347 0.996347
4334.043457 0.000000 2135.605225 0.000000 0.342816 0.000000 -0.939402 1.031673 1.031673 1.031673
4311.928223 0.000000 2139.363525 0.000000 0.750064 0.000000 0.661366 0.758739 0.758739 0.758739
4343.342285 0.000000 2165.616455 0.000000 0.918259 0.000000 0.395980 0.855175 0.855175 0.855175
4327.787109 0.000000 2127.721436 0.000000 0.360453 0.000000 -0.932777 1.089060 1.089060 1.089060
4332.619629 0.000000 2149.024902 0.000000 0.999060 0.000000 -0.043355 0.906042 0.906042 0.906042
4343.744629 0.000000 2163.889893 0.000000 0.636116 0.000000 0.771594 0.707912 0.707912 0.707912
4317.129883 0.000000 2140.702637 0.000000 0.753924 0.000000 -0.656962 0.998242 0.998242 0.998242
4290.758301 0.000000 2158.533936 0.000000 0.995971 0.000000 0.089673 0.887491 0.887491 0.887491
4312.625000 0.000000 2141.977051 0.000000 0.547438 0.000000 -0.836846 1.080451 1.080451 1.080451
4342.122070 0.000000 2163.087891 0.000000 0.423723 0.000000 -0.905792 1.146989 1.146989 1.146989
4309.227051 0.000000 2150.818848 0.000000 0.890073 0.000000 0.455819 0.803227 0.803227 0.803227
4296.858887 0.000000 2145.247803 0.000000 0.991046 0.000000 0.133523 0.871413 0.871413 0.871413
4333.447266 0.000000 2150.762451 0.000000 0.516803 0.000000 0.856104 0.657545 0.657545 0.657545
4313.145508 0.000000 2158.116943 0.000000 0.858105 0.000000 -0.513474 1.026005 1.026005 1.026005
4316.718262 0.000000 2138.508545 0.000000 0.714293 0.000000 0.699846 0.738017 0.738017 0.738017
4295.166016 0.000000 2144.283447 0.000000 0.605739 0.000000 -0.795663 1.115007 1.115007 1.115007
4329.410156 0.000000 2126.795898 0.000000 0.437070 0.000000 -0.899427 1.176436 1.176436 1.176436
4397.463379 0.000000 2113.681152 0.000000 0.485587 0.000000 -0.874188 0.907170 0.907170 0.907170
4368.535156 0.000000 2117.017822 0.000000 0.527934 0.000000 0.849285 0.813369 0.813369 0.813369
4393.444824 0.000000 2117.764160 0.000000 0.575385 0.000000 -0.817883 0.962405 0.962405 0.962405
4364.798340 0.000000 2118.519775 0.000000 0.894412 0.000000 -0.447244 0.945841 0.945841 0.945841
4393.989746 0.000000 2112.759277 0.000000 0.195749 0.000000 0.980654 0.739490 0.739490 0.739490
4365.633789 0.000000 2114.890381 0.000000 0.991005 0.000000 -0.133828 0.905127 0.905127 0.905127
4403.534180 0.000000 2120.139648 0.000000 0.089505 0.000000 0.995986 0.657053 0.657053 0.657053
4412.576172 0.000000 2115.693848 0.000000 0.830699 0.000000 0.556722 0.758049 0.758049 0.758049
4404.802246 0.000000 2122.727051 0.000000 0.173051 0.000000 -0.984913 1.207584 1.207584 1.207584
4393.085449 0.000000 2115.167969 0.000000 0.338353 0.000000 -0.941019 1.136832 1.136832 1.136832
4410.086426 0.000000 2115.246826 0.000000 0.996039 0.000000 -0.088919 0.912203 0.912203 0.912203
4403.670410 0.000000 2124.966309 0.000000 0.841959 0.000000 0.539541 0.856463 0.856463 0.856463
4367.087402 0.000000 2118.728271 0.000000 0.966553 0.000000 -0.256467 0.939628 0.939628 0.939628
4364.164551 0.000000 2116.410400 0.000000 0.935713 0.000000 0.352761 0.848157 0.848157 0.848157
4366.365723 0.000000 2116.808594 0.000000 0.901702 0.000000 0.432358 0.798535 0.798535 0.798535
4413.219727 0.000000 2113.014160 0.000000 0.668082 0.000000 0.744088 0.779327 0.779327 0.779327
4395.886230 0.000000 2112.761475 0.000000 0.455469 0.000000 0.890252 0.759389 0.759389 0.759389
4402.014648 0.000000 2120.996094 0.000000 0.360572 0.000000 -0.932732 1.097142 1.097142 1.097142
4357.133789 0.000000 2117.599121 0.000000 0.070545 0.000000 0.997509 0.657304 0.657304 0.657304
4405.098633 0.000000 2121.014893 0.000000 0.953080 0.000000 -0.302717 0.942843 0.942843 0.942843
4403.277832 0.000000 2122.047363 0.000000 0.248608 0.000000 0.968604 0.573861 0.573861 0.573861
4355.708496 0.000000 2114.447021 0.000000 0.753801 0.000000 0.657102 0.737294 0.737294 0.737294
4355.601074 0.000000 2116.725098 0.000000 0.764205 0.000000 0.644973 0.778722 0.778722 0.778722
4413.444336 0.000000 2114.452881 0.000000 0.388533 0.000000 -0.921435 1.181711 1.181711 1.181711
4403.659180 0.000000 2123.524658 0.000000 0.956389 0.000000 0.292097 0.826738 0.826738 0.826738
4397.463379 0.000000 2160.923340 0.000000 0.683397 0.000000 0.730047 0.888967 0.888967 0.888967
4364.700195 0.000000 2150.742432 0.000000 0.373891 0.000000 -0.927473 0.905337 0.905337 0.905337
4383.959961 0.000000 2140.659180 0.000000 0.808423 0.000000 0.588602 0.856165 0.856165 0.856165
4355.244629 0.000000 2136.877686 0.000000 0.057672 0.000000 0.998336 0.757210 0.757210 0.757210
4368.291016 0.000000 2132.123535 0.000000 0.128775 0.000000 -0.991674 0.932393 0.932393 0.932393
4371.299316 0.000000 2149.147217 0.000000 0.954364 0.000000 0.298645 0.885009 0.885009 0.885009
4390.181641 0.000000 2126.785889 0.000000 0.916169 0.000000 -0.400791 0.905559 0.905559 0.905559
4383.212891 0.000000 2152.680420 0.000000 0.815608 0.000000 -0.578604 0.983182 0.983182 0.983182
4388.920410 0.000000 2131.413330 0.000000 0.759699 0.000000 0.650274 0.887275 0.887275 0.887275
4381.766602 0.000000 2145.584473 0.000000 0.547577 0.000000 -0.836755 1.080421 1.080421 1.080421
4372.843750 0.000000 2163.971924 0.000000 0.496505 0.000000 -0.868034 1.131476 1.131476 1.131476
4379.721191 0.000000 2139.580078 0.000000 0.981750 0.000000 0.190173 0.890112 0.890112 0.890112
4403.589355 0.000000 2135.237305 0.000000 0.999985 0.000000 -0.005550 0.900200 0.900200 0.900200
4367.809570 0.000000 2147.533203 0.000000 0.567180 0.000000 -0.823594 0.952185 0.952185 0.952185
4386.961426 0.000000 2151.559326 0.000000 0.736407 0.000000 0.676538 0.868278 0.868278 0.868278
4371.905273 0.000000 2129.783691 0.000000 0.561118 0.000000 -0.827735 1.002970 1.002970 1.002970
4368.339844 0.000000 2151.351318 0.000000 0.938142 0.000000 -0.346250 0.958788 0.958788 0.958788
4400.703125 0.000000 2159.628662 0.000000 0.783860 0.000000 0.620938 0.850326 0.850326 0.850326
4361.032227 0.000000 2130.175293 0.000000 0.977760 0.000000 0.209728 0.886232 0.886232 0.886232
4387.432129 0.000000 2128.505127 0.000000 0.602578 0.000000 -0.798060 1.099323 1.099323 1.099323
4355.127930 0.000000 2132.442139 0.000000 0.668028 0.000000 -0.744136 0.949028 0.949028 0.949028
4383.845215 0.000000 2137.526123 0.000000 0.612056 0.000000 0.790814 0.824169 0.824169 0.824169
4396.604004 0.000000 2158.081055 0.000000 0.883289 0.000000 -0.468829 0.972363 0.972363 0.972363
4412.576172 0.000000 2162.936035 0.000000 0.972362 0.000000 0.233476 0.867172 0.867172 0.867172
4385.699707 0.000000 2154.285889 0.000000 0.901624 0.000000 0.432521 0.829650 0.829650 0.829650
4352.472168 0.000000 2136.832031 0.000000 0.603217 0.000000 0.797577 0.752712 0.752712 0.752712
4369.354004 0.000000 2129.800537 0.000000 0.258101 0.000000 -0.966118 1.129542 1.129542 1.129542
4351.476074 0.000000 2164.602539 0.000000 0.843947 0.000000 0.536426 0.856746 0.856746 0.856746
4384.680664 0.000000 2150.467285 0.000000 0.991435 0.000000 -0.130599 0.910888 0.910888 0.910888
4410.086426 0.000000 2162.489014 0.000000 0.492528 0.000000 -0.870297 1.049454 1.049454 1.049454
4401.385254 0.000000 2136.230957 0.000000 0.882180 0.000000 -0.470913 0.995848 0.995848 0.995848
4380.335449 0.000000 2147.901367 0.000000 0.998292 0.000000 0.058414 0.890019 0.890019 0.890019
4362.283691 0.000000 2134.284912 0.000000 0.501020 0.000000 0.865436 0.766033 0.766033 0.766033
4382.062500 0.000000 2139.115723 0.000000 0.202328 0.000000 0.979318 0.678842 0.678842 0.678842
4366.645020 0.000000 2149.483154 0.000000 0.514850 0.000000 0.857280 0.707920 0.707920 0.707920
4354.681152 0.000000 2134.719727 0.000000 0.768310 0.000000 0.640078 0.798555 0.798555 0.798555
4360.953613 0.000000 2132.417480 0.000000 0.461305 0.000000 0.887242 0.711188 0.711188 0.711188
4370.645996 0.000000 2163.578857 0.000000 0.949740 0.000000 -0.313039 0.936485 0.936485 0.936485
4375.028320 0.000000 2163.802002 0.000000 0.987253 0.000000 0.159159 0.883479 0.883479 0.883479
4354.635742 0.000000 2162.807617 0.000000 0.704062 0.000000 0.710138 0.782892 0.782892 0.782892
4370.579590 0.000000 2128.028564 0.000000 0.555376 0.000000 0.831599 0.796299 0.796299 0.796299
4369.263672 0.000000 2149.474365 0.000000 0.998851 0.000000 0.047928 0.888473 0.888473 0.888473
4385.135254 0.000000 2152.372803 0.000000 0.788920 0.000000 -0.614496 1.062069 1.062069 1.062069
4387.728516 0.000000 2153.384277 0.000000 0.785673 0.000000 -0.618642 0.977933 0.977933 0.977933
4389.075684 0.000000 2129.600098 0.000000 0.997035 0.000000 0.076950 0.884424 0.884424 0.884424
4382.342285 0.000000 2147.293457 0.000000 0.128193 0.000000 0.991749 0.669919 0.669919 0.669919
4383.349609 0.000000 2144.804199 0.000000 0.986175 0.000000 -0.165707 0.930672 0.930672 0.930672
4353.124512 0.000000 2163.845703 0.000000 0.004497 0.000000 0.999990 0.579743 0.579743 0.579743
4372.934570 0.000000 2162.247070 0.000000 0.919762 0.000000 0.392477 0.811190 0.811190 0.811190
4388.993652 0.000000 2127.909912 0.000000 0.827782 0.000000 -0.561050 1.021792 1.021792 1.021792
4380.151855 0.000000 2146.083252 0.000000 0.334927 0.000000 -0.942244 1.109915 1.109915 1.109915
4372.619141 0.000000 2165.652832 0.000000 0.497600 0.000000 0.867407 0.701830 0.701830 0.701830
4353.875000 0.000000 2136.092773 0.000000 0.822535 0.000000 0.568714 0.803494 0.803494 0.803494
4368.939941 0.000000 2128.273682 0.000000 0.969574 0.000000 -0.244800 0.943344 0.943344 0.943344
4411.609375 0.000000 2161.701172 0.000000 0.423292 0.000000 0.905993 0.640170 0.640170 0.640170
4384.256348 0.000000 2154.888428 0.000000 0.917559 0.000000 -0.397600 0.964313 0.964313 0.964313
4400.098633 0.000000 2138.566650 0.000000 0.127111 0.000000 -0.991888 1.156199 1.156199 1.156199
4398.528809 0.000000 2157.532715 0.000000 0.655776 0.000000 0.754955 0.742362 0.742362 0.742362
4352.987305 0.000000 2165.413574 0.000000 0.999765 0.000000 0.021686 0.894445 0.894445 0.894445
4380.710449 0.000000 2138.508545 0.000000 0.844685 0.000000 0.535264 0.766745 0.766745 0.766745
4369.561035 0.000000 2131.306152 0.000000 0.392059 0.000000 -0.919940 1.172917 1.172917 1.172917
4413.444336 0.000000 2161.695068 0.000000 0.694098 0.000000 -0.719881 1.080567 1.080567 1.080567
4399.809082 0.000000 2158.418945 0.000000 0.969005 0.000000 -0.247041 0.953845 0.953845 0.953845
4362.247070 0.000000 2132.879150 0.000000 0.921424 0.000000 0.388559 0.810334 0.810334 0.810334
4384.330078 0.000000 2153.479736 0.000000 0.979780 0.000000 -0.200078 0.949334 0.949334 0.949334
4386.664551 0.000000 2126.639160 0.000000 0.925153 0.000000 0.379593 0.818640 0.818640 0.818640
4352.850098 0.000000 2135.263916 0.000000 0.662871 0.000000 -0.748733 1.090121 1.090121 1.090121
4373.905273 0.000000 2163.114014 0.000000 0.491195 0.000000 0.871050 0.667179 0.667179 0.667179
4368.230469 0.000000 2148.710205 0.000000 0.368229 0.000000 -0.929735 1.186985 1.186985 1.186985
4424.814453 0.000000 2152.845703 0.000000 0.091064 0.000000 -0.995845 1.232452 1.232452 1.232452
4425.253906 0.000000 2171.638184 0.000000 0.970743 0.000000 -0.240122 0.919070 0.919070 0.919070
4427.999023 0.000000 2154.072021 0.000000 0.752007 0.000000 -0.659155 0.985705 0.985705 0.985705
4422.017578 0.000000 2153.299561 0.000000 0.511088 0.000000 -0.859528 0.988314 0.988314 0.988314
4424.497070 0.000000 2155.042969 0.000000 0.945667 0.000000 0.325136 0.822616 0.822616 0.822616
4426.764648 0.000000 2152.377686 0.000000 0.009926 0.000000 -0.999951 1.096398 1.096398 1.096398
4426.194336 0.000000 2154.415039 0.000000 0.496397 0.000000 -0.868096 1.025201 1.025201 1.025201
4527.843750 0.000000 2087.135742 0.000000 0.880178 0.000000 0.474643 0.888888 0.888888 0.888888
4527.817383 0.000000 2082.850586 0.000000 0.208052 0.000000 0.978118 0.630852 0.630852 0.630852
4528.868164 0.000000 2084.737305 0.000000 0.695822 0.000000 0.718214 0.757778 0.757778 0.757778
4529.447754 0.000000 2083.150635 0.000000 0.806816 0.000000 0.590802 0.799169 0.799169 0.799169
4526.371094 0.000000 2083.447754 0.000000 0.091948 0.000000 -0.995764 1.192382 1.192382 1.192382
4566.721680 0.000000 2090.521973 0.000000 0.403964 0.000000 0.914775 0.850694 0.850694 0.850694
4584.269531 0.000000 2088.058594 0.000000 0.962579 0.000000 0.271000 0.895067 0.895067 0.895067
4554.887695 0.000000 2080.352051 0.000000 0.312540 0.000000 0.949905 0.762055 0.762055 0.762055
4580.896973 0.000000 2084.171143 0.000000 0.582157 0.000000 0.813076 0.793338 0.793338 0.793338
4577.200684 0.000000 2078.937256 0.000000 0.270585 0.000000 -0.962696 0.958275 0.958275 0.958275
4569.218750 0.000000 2087.840332 0.000000 0.505767 0.000000 0.862670 0.790116 0.790116 0.790116
4581.478516 0.000000 2089.680176 0.000000 0.981645 0.000000 -0.190719 0.906899 0.906899 0.906899
4569.537598 0.000000 2090.673096 0.000000 0.625607 0.000000 0.780138 0.793432 0.793432 0.793432
4565.489746 0.000000 2080.644775 0.000000 0.210399 0.000000 -0.977616 1.028231 1.028231 1.028231
4561.336914 0.000000 2078.709473 0.000000 0.113187 0.000000 -0.993574 1.024433 1.024433 1.024433
4562.556152 0.000000 2080.786377 0.000000 0.857541 0.000000 -0.514416 0.986198 0.986198 0.986198
4552.895020 0.000000 2080.823486 0.000000 0.804539 0.000000 0.593899 0.757121 0.757121 0.757121
4570.878906 0.000000 2088.608643 0.000000 0.826496 0.000000 0.562943 0.819389 0.819389 0.819389
4553.912109 0.000000 2079.291260 0.000000 0.088258 0.000000 -0.996098 1.213100 1.213100 1.213100
4553.983398 0.000000 2081.750732 0.000000 0.530418 0.000000 -0.847736 1.127319 1.127319 1.127319
4562.478027 0.000000 2079.454346 0.000000 0.903701 0.000000 -0.428164 0.995439 0.995439 0.995439
4405.115234 0.000000 2176.412109 0.000000 0.855222 0.000000 0.518263 0.888983 0.888983 0.888983
4390.181641 0.000000 2174.028076 0.000000 0.949493 0.000000 0.313787 0.894263 0.894263 0.894263
4388.920410 0.000000 2178.655518 0.000000 0.953227 0.000000 -0.302255 0.908969 0.908969 0.908969
4409.816406 0.000000 2176.780273 0.000000 0.594711 0.000000 0.803939 0.698558 0.698558 0.698558
4409.585449 0.000000 2179.686523 0.000000 0.283953 0.000000 -0.958838 1.047007 1.047007 1.047007
4407.147949 0.000000 2177.987549 0.000000 0.098210 0.000000 -0.995166 1.240764 1.240764 1.240764
4407.605469 0.000000 2175.602295 0.000000 0.079651 0.000000 -0.996823 1.040711 1.040711 1.040711
4389.075684 0.000000 2176.842285 0.000000 0.368524 0.000000 -0.929618 1.178864 1.178864 1.178864
4388.993652 0.000000 2175.152100 0.000000 0.561806 0.000000 0.827269 0.722692 0.722692 0.722692
4408.132812 0.000000 2176.922607 0.000000 0.704226 0.000000 -0.709976 1.070289 1.070289 1.070289
4406.520508 0.000000 2176.646729 0.000000 0.925470 0.000000 -0.378820 0.989915 0.989915 0.989915
4426.903320 0.000000 2174.836426 0.000000 0.985349 0.000000 0.170552 0.878050 0.878050 0.878050
4425.927734 0.000000 2173.775635 0.000000 0.999837 0.000000 -0.018031 0.904416 0.904416 0.904416
4427.968262 0.000000 2173.168701 0.000000 0.095344 0.000000 -0.995444 1.204967 1.204967 1.204967
4608.716797 0.000000 1907.522339 0.000000 0.511131 0.000000 -0.859503 1.074296 1.074296 1.074296
4618.249512 0.000000 1926.574219 0.000000 0.920478 0.000000 -0.390793 0.903608 0.903608 0.903608
4615.293945 0.000000 1920.671997 0.000000 0.883950 0.000000 -0.467582 0.969967 0.969967 0.969967
4609.883301 0.000000 1910.303833 0.000000 0.876493 0.000000 0.481415 0.851473 0.851473 0.851473
4618.400391 0.000000 1920.124023 0.000000 0.827468 0.000000 -0.561513 0.952245 0.952245 0.952245
4623.056152 0.000000 1929.759277 0.000000 0.342656 0.000000 0.939461 0.642104 0.642104 0.642104
4616.473633 0.000000 1918.831787 0.000000 0.693235 0.000000 0.720711 0.786073 0.786073 0.786073
4620.133301 0.000000 1927.441650 0.000000 0.319850 0.000000 -0.947468 1.081863 1.081863 1.081863
4622.334473 0.000000 1927.839722 0.000000 0.348271 0.000000 0.937394 0.700700 0.700700 0.700700
4616.973145 0.000000 1921.146851 0.000000 0.276126 0.000000 0.961121 0.580910 0.580910 0.580910
4610.199219 0.000000 1908.602783 0.000000 0.916513 0.000000 -0.400005 0.984143 0.984143 0.984143
4609.983398 0.000000 1906.757568 0.000000 0.702892 0.000000 0.711297 0.766645 0.766645 0.766645
4608.796875 0.000000 1909.091309 0.000000 0.144227 0.000000 -0.989545 1.338977 1.338977 1.338977
4611.239258 0.000000 1909.886230 0.000000 0.867278 0.000000 -0.497824 1.006545 1.006545 1.006545
4607.604492 0.000000 1908.393188 0.000000 0.996990 0.000000 -0.077527 0.916914 0.916914 0.916914
4632.792969 0.000000 1965.831177 0.000000 0.997904 0.000000 -0.064716 0.905675 0.905675 0.905675
4616.637695 0.000000 1959.405884 0.000000 0.699158 0.000000 -0.714967 0.935796 0.935796 0.935796
4611.208008 0.000000 1939.677246 0.000000 0.978978 0.000000 0.203964 0.887077 0.887077 0.887077
4611.096680 0.000000 1943.473145 0.000000 0.331460 0.000000 0.943469 0.833513 0.833513 0.833513
4629.481934 0.000000 1938.918213 0.000000 0.432294 0.000000 -0.901733 1.018674 1.018674 1.018674
4618.782227 0.000000 1954.982422 0.000000 0.638881 0.000000 -0.769306 1.053833 1.053833 1.053833
4617.938965 0.000000 1957.408081 0.000000 0.731762 0.000000 0.681560 0.716343 0.716343 0.716343
4629.308105 0.000000 1964.462524 0.000000 0.962571 0.000000 -0.271030 0.938235 0.938235 0.938235
4608.931641 0.000000 1942.853760 0.000000 0.500416 0.000000 -0.865785 1.050519 1.050519 1.050519
4630.393066 0.000000 1936.949829 0.000000 0.577831 0.000000 -0.816157 1.005113 1.005113 1.005113
4631.896973 0.000000 1940.737915 0.000000 0.702466 0.000000 -0.711717 0.987191 0.987191 0.987191
4611.834473 0.000000 1941.590210 0.000000 0.969505 0.000000 -0.245070 0.931154 0.931154 0.931154
4609.830566 0.000000 1941.051270 0.000000 0.318594 0.000000 0.947891 0.594706 0.594706 0.594706
4607.535156 0.000000 1965.388306 0.000000 0.656560 0.000000 -0.754274 0.986403 0.986403 0.986403
4628.254395 0.000000 1965.773682 0.000000 0.035239 0.000000 0.999379 0.686087 0.686087 0.686087
4607.537109 0.000000 1946.473755 0.000000 0.086678 0.000000 -0.996236 1.146746 1.146746 1.146746
4616.819824 0.000000 1956.278931 0.000000 0.430495 0.000000 0.902593 0.624290 0.624290 0.624290
4616.595215 0.000000 1957.902588 0.000000 0.701844 0.000000 -0.712331 1.094169 1.094169 1.094169
4619.238770 0.000000 1957.963989 0.000000 0.095402 0.000000 0.995439 0.558583 0.558583 0.558583
4618.953613 0.000000 1956.363770 0.000000 0.884366 0.000000 -0.466795 1.012397 1.012397 1.012397
4628.403809 0.000000 2027.768188 0.000000 0.779851 0.000000 -0.625965 0.934954 0.934954 0.934954
4639.752441 0.000000 1988.653198 0.000000 0.719554 0.000000 -0.694437 0.917248 0.917248 0.917248
4644.426270 0.000000 2013.400269 0.000000 0.876141 0.000000 -0.482055 0.902260 0.902260 0.902260
4633.652344 0.000000 2001.579224 0.000000 0.737215 0.000000 0.675659 0.826657 0.826657 0.826657
4628.768555 0.000000 1991.829834 0.000000 0.213535 0.000000 -0.976936 1.079708 1.079708 1.079708
4616.637695 0.000000 2006.648071 0.000000 0.875929 0.000000 -0.482440 1.001805 1.001805 1.001805
4631.659180 0.000000 2030.356934 0.000000 0.866299 0.000000 -0.499525 0.957587 0.957587 0.957587
4631.357910 0.000000 2005.428467 0.000000 0.887192 0.000000 -0.461400 0.924784 0.924784 0.924784
4627.874023 0.000000 1988.057129 0.000000 0.458431 0.000000 0.888730 0.843434 0.843434 0.843434
4634.511230 0.000000 2004.648682 0.000000 0.984213 0.000000 0.176990 0.888406 0.888406 0.888406
4636.631348 0.000000 1987.265869 0.000000 0.993140 0.000000 0.116929 0.891837 0.891837 0.891837
4642.880859 0.000000 2015.747803 0.000000 0.980036 0.000000 -0.198818 0.940475 0.940475 0.940475
4615.396973 0.000000 2004.354004 0.000000 0.863811 0.000000 -0.503816 0.974742 0.974742 0.974742
4619.336914 0.000000 2006.618652 0.000000 0.695202 0.000000 -0.718815 0.954067 0.954067 0.954067
4631.444824 0.000000 2002.778931 0.000000 0.046701 0.000000 -0.998909 1.047251 1.047251 1.047251
4631.202148 0.000000 1991.958984 0.000000 0.912357 0.000000 -0.409396 0.937909 0.937909 0.937909
4629.481934 0.000000 1986.160400 0.000000 0.726548 0.000000 -0.687115 0.976592 0.976592 0.976592
4617.938965 0.000000 2004.650269 0.000000 0.718515 0.000000 -0.695512 1.084913 1.084913 1.084913
4627.685059 0.000000 2029.986084 0.000000 0.978700 0.000000 -0.205297 0.915331 0.915331 0.915331
4630.645020 0.000000 2028.135864 0.000000 0.737293 0.000000 -0.675573 1.011663 1.011663 1.011663
4635.768066 0.000000 2002.731567 0.000000 0.717971 0.000000 -0.696073 0.996875 0.996875 0.996875
4613.744629 0.000000 2030.171387 0.000000 0.067220 0.000000 0.997738 0.565552 0.565552 0.565552
4640.185059 0.000000 1986.482422 0.000000 0.976979 0.000000 0.213336 0.866186 0.866186 0.866186
4632.722168 0.000000 2004.123413 0.000000 0.134488 0.000000 0.990915 0.712874 0.712874 0.712874
4638.468750 0.000000 1987.035156 0.000000 0.516865 0.000000 0.856067 0.657562 0.657562 0.657562
4628.580566 0.000000 1989.796021 0.000000 0.998558 0.000000 -0.053674 0.913272 0.913272 0.913272
4615.441406 0.000000 2029.768066 0.000000 0.170655 0.000000 -0.985331 1.135806 1.135806 1.135806
4641.857422 0.000000 1986.034912 0.000000 0.284670 0.000000 0.958626 0.698343 0.698343 0.698343
4641.317871 0.000000 2016.403809 0.000000 0.560190 0.000000 0.828364 0.757431 0.757431 0.757431
4612.370605 0.000000 2031.087036 0.000000 0.400852 0.000000 0.916143 0.642334 0.642334 0.642334
4643.149902 0.000000 2017.395630 0.000000 0.675856 0.000000 -0.737034 1.058264 1.058264 1.058264
4629.181152 0.000000 2029.099854 0.000000 0.304000 0.000000 0.952672 0.590944 0.590944 0.590944
4616.595215 0.000000 2005.144775 0.000000 0.609325 0.000000 -0.792920 1.120123 1.120123 1.120123
4639.776367 0.000000 1984.173828 0.000000 0.546664 0.000000 0.837352 0.703772 0.703772 0.703772
4617.996582 0.000000 2007.215088 0.000000 0.849486 0.000000 -0.527611 1.012391 1.012391 1.012391
4615.177246 0.000000 2031.177734 0.000000 0.624475 0.000000 0.781045 0.716728 0.716728 0.716728
4617.721680 0.000000 2005.927246 0.000000 0.963137 0.000000 -0.269012 0.965482 0.965482 0.965482
4629.103516 0.000000 1988.582764 0.000000 0.509051 0.000000 -0.860736 1.156232 1.156232 1.156232
4639.752441 0.000000 2035.895386 0.000000 0.573574 0.000000 -0.819154 0.917255 0.917255 0.917255
4627.697266 0.000000 2031.528931 0.000000 0.934665 0.000000 0.355529 0.877949 0.877949 0.877949
4613.887695 0.000000 2031.658203 0.000000 0.417573 0.000000 0.908643 0.646410 0.646410 0.646410
4641.192871 0.000000 2031.694824 0.000000 0.813249 0.000000 0.581916 0.848366 0.848366 0.848366
4643.400879 0.000000 2034.020752 0.000000 0.639123 0.000000 0.769105 0.797481 0.797481 0.797481
4611.096680 0.000000 2037.957520 0.000000 0.072703 0.000000 -0.997354 1.007709 1.007709 1.007709
4643.811523 0.000000 2031.469727 0.000000 0.998018 0.000000 0.062928 0.894765 0.894765 0.894765
4640.185059 0.000000 2033.724609 0.000000 0.759133 0.000000 -0.650935 1.070412 1.070412 1.070412
4630.393066 0.000000 2031.434204 0.000000 0.227454 0.000000 0.973789 0.752322 0.752322 0.752322
4641.802246 0.000000 2035.428345 0.000000 0.953411 0.000000 0.301674 0.855244 0.855244 0.855244
4641.857422 0.000000 2033.277100 0.000000 0.137861 0.000000 -0.990452 1.244397 1.244397 1.244397
4615.696777 0.000000 2036.811646 0.000000 0.219207 0.000000 0.975678 0.654339 0.654339 0.654339
4629.083984 0.000000 2031.996704 0.000000 0.971344 0.000000 0.237677 0.853629 0.853629 0.853629
4642.633301 0.000000 2032.154663 0.000000 0.105999 0.000000 -0.994366 1.209335 1.209335 1.209335
5358.366699 0.000000 1661.912842 0.000000 0.274583 0.000000 -0.961563 1.477980 1.477980 1.477980
5362.180664 0.000000 1662.598755 0.000000 0.110742 0.000000 -0.993849 1.388731 1.388731 1.388731
5362.608398 0.000000 1663.795776 0.000000 0.296205 0.000000 -0.955124 1.325206 1.325206 1.325206
5359.121582 0.000000 1660.988892 0.000000 0.872384 0.000000 0.488822 0.671632 0.671632 0.671632
5359.863281 0.000000 1660.033691 0.000000 0.870314 0.000000 0.492496 0.669747 0.669747 0.669747
5413.179199 0.000000 1651.417969 0.000000 0.610121 0.000000 0.792309 0.655458 0.655458 0.655458
5436.467285 0.000000 1651.841919 0.000000 0.992613 0.000000 0.121324 0.886336 0.886336 0.886336
5418.060059 0.000000 1651.136963 0.000000 0.820338 0.000000 0.571880 0.798775 0.798775 0.798775
5435.560547 0.000000 1650.233154 0.000000 0.763793 0.000000 0.645461 0.690328 0.690328 0.690328
5420.398438 0.000000 1650.738525 0.000000 0.408036 0.000000 0.912966 0.675102 0.675102 0.675102
5378.562500 0.000000 1650.319214 0.000000 0.321187 0.000000 0.947016 0.441666 0.441666 0.441666
5414.430664 0.000000 1650.544678 0.000000 0.822203 0.000000 -0.569194 1.030613 1.030613 1.030613
5432.674316 0.000000 1649.230347 0.000000 0.677776 0.000000 -0.735269 1.206252 1.206252 1.206252
5389.793945 0.000000 1645.544067 0.000000 0.794620 0.000000 0.607107 0.663989 0.663989 0.663989
5435.333008 0.000000 1651.360474 0.000000 0.881099 0.000000 0.472932 0.752788 0.752788 0.752788
5388.854980 0.000000 1644.781616 0.000000 0.299719 0.000000 0.954028 0.441881 0.441881 0.441881
5379.540039 0.000000 1650.641724 0.000000 0.783325 0.000000 0.621612 0.652817 0.652817 0.652817
5464.571289 0.000000 1642.411011 0.000000 0.392263 0.000000 -0.919853 1.046928 1.046928 1.046928
5467.755859 0.000000 1643.218750 0.000000 0.460137 0.000000 -0.887848 1.120955 1.120955 1.120955
5400.699219 0.000000 1682.378052 0.000000 0.995392 0.000000 0.095886 0.877127 0.877127 0.877127
5400.286133 0.000000 1680.374756 0.000000 0.989280 0.000000 0.146030 0.883206 0.883206 0.883206
5435.560547 0.000000 1697.475342 0.000000 0.913491 0.000000 -0.406859 1.076056 1.076056 1.076056
5432.089355 0.000000 1679.136108 0.000000 0.952669 0.000000 -0.304009 1.048529 1.048529 1.048529
5408.162598 0.000000 1692.286011 0.000000 0.869509 0.000000 -0.493917 0.991697 0.991697 0.991697
5400.998047 0.000000 1683.847168 0.000000 0.951922 0.000000 0.306342 0.825846 0.825846 0.825846
5431.505859 0.000000 1688.210449 0.000000 0.906326 0.000000 -0.422579 1.005872 1.005872 1.005872
5410.405762 0.000000 1693.686279 0.000000 0.139943 0.000000 0.990160 0.546467 0.546467 0.546467
5433.656738 0.000000 1679.031982 0.000000 0.519260 0.000000 -0.854616 1.392765 1.392765 1.392765
5435.434082 0.000000 1696.182617 0.000000 0.925237 0.000000 0.379389 0.736497 0.736497 0.736497
5434.560547 0.000000 1697.123413 0.000000 0.035786 0.000000 0.999359 0.255039 0.255039 0.255039
5432.390137 0.000000 1678.235107 0.000000 0.580199 0.000000 -0.814475 1.357670 1.357670 1.357670
5471.827148 0.000000 1668.237305 0.000000 0.858671 0.000000 0.512526 0.880654 0.880654 0.880654
5490.858398 0.000000 1684.415039 0.000000 0.227131 0.000000 -0.973864 0.984408 0.984408 0.984408
5471.712402 0.000000 1665.104004 0.000000 0.590042 0.000000 -0.807373 1.049908 1.049908 1.049908
5465.428223 0.000000 1665.493164 0.000000 0.889711 0.000000 -0.456524 0.993739 0.993739 0.993739
5492.643066 0.000000 1683.497559 0.000000 0.703478 0.000000 0.710717 0.747246 0.747246 0.747246
5491.145020 0.000000 1696.867554 0.000000 0.203782 0.000000 0.979016 0.396798 0.396798 0.396798
5469.908691 0.000000 1671.489746 0.000000 0.712959 0.000000 0.701206 0.751587 0.751587 0.751587
5465.229492 0.000000 1664.048584 0.000000 0.323595 0.000000 -0.946196 1.145432 1.145432 1.145432
5471.333496 0.000000 1666.970459 0.000000 0.655522 0.000000 -0.755176 1.165397 1.165397 1.165397
5442.284180 0.000000 1675.321045 0.000000 1.000000 0.000000 -0.000558 0.900261 0.900261 0.900261
5498.925293 0.000000 1682.733032 0.000000 0.811286 0.000000 -0.584650 1.057144 1.057144 1.057144
5470.325684 0.000000 1667.811401 0.000000 0.369914 0.000000 0.929066 0.530432 0.530432 0.530432
5443.660156 0.000000 1674.731323 0.000000 0.293989 0.000000 -0.955809 1.494660 1.494660 1.494660
5491.875000 0.000000 1696.003906 0.000000 0.153549 0.000000 -0.988141 1.422017 1.422017 1.422017
5490.583984 0.000000 1697.875488 0.000000 0.284378 0.000000 -0.958712 1.372566 1.372566 1.372566
5487.610352 0.000000 1673.892456 0.000000 0.941109 0.000000 0.338104 0.741134 0.741134 0.741134
5486.111328 0.000000 1673.281250 0.000000 0.438796 0.000000 0.898587 0.385708 0.385708 0.385708
5442.754883 0.000000 1674.520508 0.000000 0.862977 0.000000 0.505243 0.652460 0.652460 0.652460
5545.163574 0.000000 1634.956787 0.000000 0.524837 0.000000 0.851203 0.723828 0.723828 0.723828
5550.860840 0.000000 1631.323120 0.000000 0.816467 0.000000 -0.577392 1.121285 1.121285 1.121285
5551.662598 0.000000 1630.469360 0.000000 0.466159 0.000000 -0.884701 1.290367 1.290367 1.290367
5542.207031 0.000000 1634.073975 0.000000 0.077200 0.000000 0.997016 0.416768 0.416768 0.416768
5617.563965 0.000000 1650.271118 0.000000 0.697653 0.000000 0.716436 0.862314 0.862314 0.862314
5584.427734 0.000000 1648.696167 0.000000 0.385269 0.000000 -0.922804 1.016194 1.016194 1.016194
5620.653809 0.000000 1650.305054 0.000000 0.792170 0.000000 0.610301 0.864601 0.864601 0.864601
5570.487305 0.000000 1643.143555 0.000000 0.851735 0.000000 0.523973 0.824410 0.824410 0.824410
5621.672852 0.000000 1641.777222 0.000000 0.995041 0.000000 -0.099469 0.910746 0.910746 0.910746
5618.241699 0.000000 1651.671021 0.000000 0.949244 0.000000 -0.314540 0.974770 0.974770 0.974770
5581.198242 0.000000 1625.073486 0.000000 0.172673 0.000000 -0.984979 1.182553 1.182553 1.182553
5619.510742 0.000000 1651.102783 0.000000 0.993440 0.000000 0.114357 0.873219 0.873219 0.873219
5581.640137 0.000000 1626.596558 0.000000 0.807799 0.000000 0.589458 0.707368 0.707368 0.707368
5580.269531 0.000000 1627.893311 0.000000 0.837313 0.000000 0.546724 0.723239 0.723239 0.723239
5569.620605 0.000000 1642.253296 0.000000 0.770548 0.000000 0.637382 0.640679 0.640679 0.640679
5620.556641 0.000000 1642.051270 0.000000 0.793221 0.000000 0.608934 0.619024 0.619024 0.619024
5569.479980 0.000000 1643.250366 0.000000 0.993556 0.000000 0.113343 0.857379 0.857379 0.857379
5621.105469 0.000000 1642.875244 0.000000 0.769081 0.000000 -0.639151 1.197574 1.197574 1.197574
5506.264648 0.000000 1692.546875 0.000000 0.368666 0.000000 0.929562 0.846379 0.846379 0.846379
5565.408203 0.000000 1697.060059 0.000000 0.978875 0.000000 -0.204459 0.919894 0.919894 0.919894
5539.291504 0.000000 1656.083252 0.000000 0.801969 0.000000 0.597366 0.874107 0.874107 0.874107
5515.227539 0.000000 1675.923340 0.000000 0.983099 0.000000 0.183077 0.873524 0.873524 0.873524
5506.495117 0.000000 1690.385742 0.000000 0.634873 0.000000 0.772617 0.790885 0.790885 0.790885
5564.451660 0.000000 1699.084106 0.000000 0.999777 0.000000 0.021104 0.897581 0.897581 0.897581
5537.692871 0.000000 1657.490845 0.000000 0.242335 0.000000 0.970193 0.786781 0.786781 0.786781
5550.883789 0.000000 1700.658813 0.000000 0.127177 0.000000 -0.991880 1.315089 1.315089 1.315089
5555.621582 0.000000 1670.640137 0.000000 0.999923 0.000000 -0.012386 0.901336 0.901336 0.901336
5510.192871 0.000000 1660.832397 0.000000 0.389394 0.000000 -0.921071 1.131503 1.131503 1.131503
5504.983887 0.000000 1691.423584 0.000000 0.150848 0.000000 0.988557 0.510921 0.510921 0.510921
5525.518066 0.000000 1695.887329 0.000000 0.806860 0.000000 -0.590743 1.083179 1.083179 1.083179
5557.107910 0.000000 1671.331909 0.000000 0.817038 0.000000 -0.576584 1.162354 1.162354 1.162354
5536.268066 0.000000 1659.412109 0.000000 0.541681 0.000000 -0.840584 1.180401 1.180401 1.180401
5524.025879 0.000000 1695.490479 0.000000 0.997066 0.000000 -0.076544 0.922208 0.922208 0.922208
5549.083984 0.000000 1700.081543 0.000000 0.986037 0.000000 0.166526 0.865040 0.865040 0.865040
5505.874023 0.000000 1670.546631 0.000000 0.384202 0.000000 -0.923249 1.404883 1.404883 1.404883
5511.528809 0.000000 1660.564331 0.000000 0.998025 0.000000 -0.062818 0.912429 0.912429 0.912429
5514.844238 0.000000 1672.910645 0.000000 0.686120 0.000000 -0.727488 1.207514 1.207514 1.207514
5524.642090 0.000000 1694.437134 0.000000 0.639057 0.000000 0.769160 0.645650 0.645650 0.645650
5537.116211 0.000000 1658.585815 0.000000 0.954138 0.000000 0.299366 0.814610 0.814610 0.814610
5510.523438 0.000000 1658.035278 0.000000 0.642995 0.000000 -0.765871 1.141102 1.141102 1.141102
5557.358398 0.000000 1670.152588 0.000000 0.463698 0.000000 0.885993 0.435252 0.435252 0.435252
5556.397461 0.000000 1670.083862 0.000000 0.501159 0.000000 0.865355 0.453513 0.453513 0.453513
5505.503906 0.000000 1671.645630 0.000000 0.222468 0.000000 0.974940 0.322162 0.322162 0.322162
5601.107422 0.000000 1693.478760 0.000000 0.997777 0.000000 -0.066639 0.902547 0.902547 0.902547
5601.256836 0.000000 1698.964966 0.000000 0.517641 0.000000 -0.855598 1.153759 1.153759 1.153759
5584.857422 0.000000 1665.264282 0.000000 0.857914 0.000000 -0.513793 0.909699 0.909699 0.909699
5595.572754 0.000000 1667.158081 0.000000 0.983674 0.000000 0.179962 0.891462 0.891462 0.891462
5600.188965 0.000000 1696.229614 0.000000 0.926254 0.000000 0.376900 0.834009 0.834009 0.834009
5623.960449 0.000000 1697.753906 0.000000 0.960221 0.000000 0.279242 0.863119 0.863119 0.863119
5609.141113 0.000000 1675.170776 0.000000 0.970894 0.000000 0.239508 0.844570 0.844570 0.844570
5617.047852 0.000000 1689.831055 0.000000 0.642219 0.000000 0.766521 0.780290 0.780290 0.780290
5597.914062 0.000000 1666.693848 0.000000 0.712630 0.000000 -0.701540 0.957654 0.957654 0.957654
5603.463379 0.000000 1692.937256 0.000000 0.584620 0.000000 -0.811307 1.223217 1.223217 1.223217
5595.090820 0.000000 1669.344238 0.000000 0.097492 0.000000 0.995236 0.661679 0.661679 0.661679
5597.175781 0.000000 1680.746704 0.000000 0.989312 0.000000 0.145818 0.867119 0.867119 0.867119
5601.834961 0.000000 1697.204956 0.000000 0.207210 0.000000 0.978296 0.667407 0.667407 0.667407
5622.332031 0.000000 1696.873901 0.000000 0.758258 0.000000 0.651955 0.807452 0.807452 0.807452
5617.935059 0.000000 1688.320557 0.000000 0.565815 0.000000 0.824532 0.767137 0.767137 0.767137
5625.702637 0.000000 1697.762695 0.000000 0.989655 0.000000 0.143471 0.865064 0.865064 0.865064
5607.575684 0.000000 1674.661011 0.000000 0.999390 0.000000 0.034920 0.890426 0.890426 0.890426
5624.650879 0.000000 1696.472534 0.000000 0.975347 0.000000 -0.220676 0.953995 0.953995 0.953995
5617.064453 0.000000 1691.268555 0.000000 0.412454 0.000000 0.910979 0.482987 0.482987 0.482987
5618.989258 0.000000 1653.519897 0.000000 0.326912 0.000000 -0.945055 1.269889 1.269889 1.269889
5602.382324 0.000000 1693.686279 0.000000 0.152785 0.000000 0.988259 0.415915 0.415915 0.415915
5585.714355 0.000000 1656.376709 0.000000 0.923187 0.000000 -0.384350 1.061326 1.061326 1.061326
5585.586426 0.000000 1666.009155 0.000000 0.952978 0.000000 -0.303038 1.030053 1.030053 1.030053
5298.164551 0.000000 1750.973877 0.000000 0.187151 0.000000 -0.982331 1.108129 1.108129 1.108129
5298.776855 0.000000 1749.356934 0.000000 0.294155 0.000000 -0.955758 1.211582 1.211582 1.211582
5299.028320 0.000000 1748.004272 0.000000 0.299751 0.000000 0.954017 0.589853 0.589853 0.589853
5319.311035 0.000000 1768.143066 0.000000 0.625640 0.000000 -0.780112 0.966350 0.966350 0.966350
5317.833008 0.000000 1767.105347 0.000000 0.755742 0.000000 0.654869 0.786094 0.786094 0.786094
5320.558105 0.000000 1760.754883 0.000000 0.042568 0.000000 -0.999094 1.205603 1.205603 1.205603
5332.049316 0.000000 1789.974854 0.000000 0.807786 0.000000 -0.589476 1.003402 1.003402 1.003402
5354.243652 0.000000 1791.303711 0.000000 0.657335 0.000000 0.753598 0.740825 0.740825 0.740825
5321.516602 0.000000 1759.802002 0.000000 0.473753 0.000000 -0.880658 1.120262 1.120262 1.120262
5323.500977 0.000000 1791.251099 0.000000 0.982073 0.000000 0.188501 0.845886 0.845886 0.845886
5322.423340 0.000000 1790.534668 0.000000 0.999952 0.000000 0.009749 0.897218 0.897218 0.897218
5293.027344 0.000000 1796.075928 0.000000 0.990211 0.000000 -0.139575 0.949398 0.949398 0.949398
5293.204102 0.000000 1798.869263 0.000000 0.038721 0.000000 -0.999250 1.175391 1.175391 1.175391
5293.895996 0.000000 1797.446045 0.000000 0.341256 0.000000 -0.939970 1.331267 1.331267 1.331267
5304.948730 0.000000 1818.013184 0.000000 0.883541 0.000000 -0.468353 1.059898 1.059898 1.059898
5293.607910 0.000000 1817.837891 0.000000 0.772334 0.000000 0.635217 0.686581 0.686581 0.686581
5292.667480 0.000000 1797.206665 0.000000 0.993674 0.000000 -0.112300 0.939699 0.939699 0.939699
5323.393555 0.000000 1801.507690 0.000000 0.996868 0.000000 -0.079078 0.902846 0.902846 0.902846
5330.462402 0.000000 1797.333008 0.000000 0.034624 0.000000 0.999400 0.727420 0.727420 0.727420
5324.290527 0.000000 1803.443726 0.000000 0.992246 0.000000 -0.124288 0.914839 0.914839 0.914839
5355.769043 0.000000 1829.308228 0.000000 0.817972 0.000000 0.575258 0.737495 0.737495 0.737495
5324.791504 0.000000 1800.662109 0.000000 0.946203 0.000000 -0.323573 0.986622 0.986622 0.986622
5341.924316 0.000000 1813.216309 0.000000 0.794447 0.000000 -0.607334 1.009991 1.009991 1.009991
5328.822754 0.000000 1797.578247 0.000000 0.832496 0.000000 -0.554030 1.027979 1.027979 1.027979
5367.513672 0.000000 1829.937012 0.000000 0.381169 0.000000 -0.924505 1.122662 1.122662 1.122662
5366.470215 0.000000 1827.485352 0.000000 0.960556 0.000000 -0.278087 0.950654 0.950654 0.950654
5360.018066 0.000000 1824.401367 0.000000 0.668703 0.000000 0.743530 0.690915 0.690915 0.690915
5361.628418 0.000000 1825.870239 0.000000 0.082471 0.000000 0.996593 0.528827 0.528827 0.528827
5372.585449 0.000000 1860.042969 0.000000 0.712659 0.000000 -0.701511 0.943675 0.943675 0.943675
5350.531738 0.000000 1859.978027 0.000000 0.993014 0.000000 0.117995 0.888573 0.888573 0.888573
5374.554199 0.000000 1860.707764 0.000000 0.147559 0.000000 0.989053 0.720988 0.720988 0.720988
5345.687500 0.000000 1857.060791 0.000000 0.979106 0.000000 -0.203353 0.932208 0.932208 0.932208
5434.569824 0.000000 1713.917114 0.000000 0.604243 0.000000 -0.796800 1.053298 1.053298 1.053298
5380.562500 0.000000 1721.071289 0.000000 0.932068 0.000000 0.362284 0.890837 0.890837 0.890837
5384.697266 0.000000 1727.665771 0.000000 0.330272 0.000000 0.943886 0.825126 0.825126 0.825126
5401.117188 0.000000 1709.902832 0.000000 0.884628 0.000000 -0.466298 0.966488 0.966488 0.966488
5406.283691 0.000000 1746.708252 0.000000 0.951544 0.000000 -0.307513 0.922475 0.922475 0.922475
5437.021484 0.000000 1715.437988 0.000000 0.972412 0.000000 -0.233271 0.924863 0.924863 0.924863
5383.303223 0.000000 1720.900879 0.000000 0.885051 0.000000 -0.465494 0.947869 0.947869 0.947869
5383.754883 0.000000 1738.082275 0.000000 0.925800 0.000000 -0.378014 0.930485 0.930485 0.930485
5403.321289 0.000000 1708.859985 0.000000 0.905544 0.000000 -0.424252 1.037822 1.037822 1.037822
5401.054688 0.000000 1745.163574 0.000000 0.887350 0.000000 -0.461096 0.957069 0.957069 0.957069
5384.379883 0.000000 1729.863037 0.000000 0.467011 0.000000 -0.884251 1.194953 1.194953 1.194953
5436.946777 0.000000 1713.370117 0.000000 0.587989 0.000000 -0.808869 1.001620 1.001620 1.001620
5386.077148 0.000000 1729.235229 0.000000 0.859039 0.000000 -0.511910 1.002637 1.002637 1.002637
5434.471680 0.000000 1712.073120 0.000000 0.868549 0.000000 0.495604 0.813784 0.813784 0.813784
5386.788574 0.000000 1739.291992 0.000000 0.135114 0.000000 0.990830 0.522687 0.522687 0.522687
5383.033203 0.000000 1719.103638 0.000000 0.430475 0.000000 -0.902603 1.249071 1.249071 1.249071
5382.401855 0.000000 1741.704590 0.000000 0.994388 0.000000 -0.105790 0.922147 0.922147 0.922147
5387.851074 0.000000 1700.746704 0.000000 0.950570 0.000000 0.310512 0.812742 0.812742 0.812742
5383.083496 0.000000 1747.724609 0.000000 0.896109 0.000000 0.443835 0.788405 0.788405 0.788405
5402.240234 0.000000 1745.787598 0.000000 0.941992 0.000000 0.335635 0.820017 0.820017 0.820017
5403.253906 0.000000 1746.645264 0.000000 0.845315 0.000000 0.534269 0.674573 0.674573 0.674573
5402.292480 0.000000 1709.564819 0.000000 0.660086 0.000000 -0.751190 1.167337 1.167337 1.167337
5446.953125 0.000000 1735.788696 0.000000 0.385422 0.000000 -0.922741 1.024099 1.024099 1.024099
5447.794922 0.000000 1709.256714 0.000000 0.469637 0.000000 -0.882859 0.953481 0.953481 0.953481
5461.380371 0.000000 1702.707275 0.000000 0.939658 0.000000 0.342116 0.858419 0.858419 0.858419
5500.358398 0.000000 1726.714844 0.000000 0.944926 0.000000 0.327284 0.838567 0.838567 0.838567
5445.067871 0.000000 1735.986572 0.000000 0.932895 0.000000 0.360147 0.848676 0.848676 0.848676
5488.792480 0.000000 1715.332520 0.000000 0.315576 0.000000 -0.948900 1.071289 1.071289 1.071289
5498.875488 0.000000 1725.974731 0.000000 0.972080 0.000000 -0.234649 0.939914 0.939914 0.939914
5483.792969 0.000000 1707.895264 0.000000 0.927469 0.000000 0.373900 0.795815 0.795815 0.795815
5445.775879 0.000000 1732.179199 0.000000 0.335673 0.000000 0.941979 0.648817 0.648817 0.648817
5444.349121 0.000000 1733.835938 0.000000 0.560243 0.000000 -0.828329 1.099584 1.099584 1.099584
5449.701660 0.000000 1710.459351 0.000000 0.629997 0.000000 -0.776597 1.125779 1.125779 1.125779
5487.498047 0.000000 1715.112061 0.000000 0.826105 0.000000 -0.563516 1.123282 1.123282 1.123282
5478.964355 0.000000 1700.727661 0.000000 0.020987 0.000000 0.999780 0.175691 0.175691 0.175691
5479.514648 0.000000 1701.564331 0.000000 0.551245 0.000000 -0.834343 1.361250 1.361250 1.361250
5409.796387 0.000000 1769.908691 0.000000 0.093585 0.000000 -0.995611 1.142274 1.142274 1.142274
5401.558594 0.000000 1765.368286 0.000000 0.305845 0.000000 -0.952081 1.137806 1.137806 1.137806
5426.261230 0.000000 1786.412842 0.000000 0.999888 0.000000 -0.014936 0.903490 0.903490 0.903490
5431.035645 0.000000 1755.361328 0.000000 0.258829 0.000000 -0.965923 0.932353 0.932353 0.932353
5399.007324 0.000000 1763.200439 0.000000 0.883768 0.000000 -0.467926 0.926259 0.926259 0.926259
5406.354004 0.000000 1748.742676 0.000000 0.675525 0.000000 0.737337 0.626147 0.626147 0.626147
5433.460449 0.000000 1754.506714 0.000000 0.865716 0.000000 0.500535 0.782214 0.782214 0.782214
5433.961426 0.000000 1784.551392 0.000000 0.192054 0.000000 -0.981384 1.094997 1.094997 1.094997
5406.687012 0.000000 1787.305786 0.000000 0.542609 0.000000 -0.839985 0.980666 0.980666 0.980666
5411.762695 0.000000 1768.643799 0.000000 0.177535 0.000000 -0.984115 1.112730 1.112730 1.112730
5384.262695 0.000000 1781.131592 0.000000 0.986779 0.000000 -0.162073 0.929993 0.929993 0.929993
5410.001953 0.000000 1767.945923 0.000000 0.361650 0.000000 0.932314 0.767799 0.767799 0.767799
5427.805664 0.000000 1787.610352 0.000000 0.993241 0.000000 -0.116069 0.927184 0.927184 0.927184
5407.375488 0.000000 1789.027466 0.000000 0.712830 0.000000 0.701336 0.779495 0.779495 0.779495
5384.879395 0.000000 1779.420288 0.000000 0.999786 0.000000 -0.020685 0.903951 0.903951 0.903951
5424.639160 0.000000 1787.014282 0.000000 0.627401 0.000000 -0.778696 1.062449 1.062449 1.062449
5400.492188 0.000000 1764.039551 0.000000 0.374770 0.000000 0.927118 0.676033 0.676033 0.676033
5432.786621 0.000000 1752.983398 0.000000 0.091781 0.000000 0.995779 0.504575 0.504575 0.504575
5427.752930 0.000000 1786.273438 0.000000 0.972993 0.000000 -0.230834 0.954431 0.954431 0.954431
5407.500977 0.000000 1749.170044 0.000000 0.964655 0.000000 0.263518 0.811922 0.811922 0.811922
5456.873047 0.000000 1759.748657 0.000000 0.571375 0.000000 -0.820689 1.079520 1.079520 1.079520
5454.132324 0.000000 1757.247192 0.000000 0.324316 0.000000 -0.945949 0.947384 0.947384 0.947384
5479.299316 0.000000 1776.109009 0.000000 0.991805 0.000000 -0.127763 0.909787 0.909787 0.909787
5485.112793 0.000000 1755.803589 0.000000 0.979818 0.000000 -0.199891 0.912661 0.912661 0.912661
5461.380371 0.000000 1749.949463 0.000000 0.797148 0.000000 -0.603784 0.972826 0.972826 0.972826
5479.667480 0.000000 1781.946533 0.000000 0.905929 0.000000 0.423430 0.848915 0.848915 0.848915
5466.970215 0.000000 1752.802979 0.000000 0.848548 0.000000 0.529118 0.720852 0.720852 0.720852
5485.902832 0.000000 1757.667480 0.000000 0.421899 0.000000 0.906643 0.359230 0.359230 0.359230
5461.982422 0.000000 1751.478760 0.000000 0.172968 0.000000 -0.984927 1.217019 1.217019 1.217019
5457.907715 0.000000 1758.416260 0.000000 0.999424 0.000000 -0.033949 0.906332 0.906332 0.906332
5484.075684 0.000000 1756.875366 0.000000 0.989057 0.000000 0.147535 0.829465 0.829465 0.829465
5478.092285 0.000000 1778.745850 0.000000 0.420343 0.000000 0.907365 0.350748 0.350748 0.350748
5444.404297 0.000000 1766.831299 0.000000 0.635940 0.000000 -0.771739 1.290217 1.290217 1.290217
5490.859863 0.000000 1774.220215 0.000000 0.652749 0.000000 -0.757574 1.172328 1.172328 1.172328
5481.988770 0.000000 1760.070190 0.000000 0.943657 0.000000 0.330926 0.812090 0.812090 0.812090
5479.517090 0.000000 1779.373901 0.000000 0.566033 0.000000 -0.824382 1.368160 1.368160 1.368160
5484.799805 0.000000 1757.687012 0.000000 0.999545 0.000000 0.030171 0.885626 0.885626 0.885626
5485.389160 0.000000 1756.769653 0.000000 0.169363 0.000000 -0.985554 1.567170 1.567170 1.567170
5445.416504 0.000000 1767.980225 0.000000 0.356680 0.000000 0.934227 0.366141 0.366141 0.366141
5445.687500 0.000000 1766.200439 0.000000 0.716211 0.000000 -0.697884 1.241911 1.241911 1.241911
5463.974121 0.000000 1750.630371 0.000000 0.999667 0.000000 -0.025803 0.914786 0.914786 0.914786
5462.051270 0.000000 1750.562988 0.000000 0.916524 0.000000 -0.399981 1.135770 1.135770 1.135770
5548.996094 0.000000 1701.591553 0.000000 0.370027 0.000000 -0.929021 1.149031 1.149031 1.149031
5544.152344 0.000000 1710.120972 0.000000 0.955761 0.000000 -0.294145 0.987879 0.987879 0.987879
5512.528320 0.000000 1723.194946 0.000000 0.346421 0.000000 0.938079 0.686704 0.686704 0.686704
5532.521973 0.000000 1703.812744 0.000000 0.978761 0.000000 -0.205005 0.922268 0.922268 0.922268
5548.463379 0.000000 1732.901245 0.000000 0.125071 0.000000 -0.992148 1.195536 1.195536 1.195536
5522.444824 0.000000 1717.623779 0.000000 0.817861 0.000000 0.575416 0.847651 0.847651 0.847651
5513.840820 0.000000 1725.298706 0.000000 0.850061 0.000000 0.526685 0.770380 0.770380 0.770380
5511.438477 0.000000 1725.581543 0.000000 0.757246 0.000000 -0.653129 0.978358 0.978358 0.978358
5508.441406 0.000000 1741.278564 0.000000 0.984788 0.000000 0.173758 0.881164 0.881164 0.881164
5566.163086 0.000000 1742.134155 0.000000 0.936776 0.000000 -0.349930 0.957031 0.957031 0.957031
5545.856934 0.000000 1711.558228 0.000000 0.620763 0.000000 -0.783998 1.165227 1.165227 1.165227
5564.451660 0.000000 1746.326294 0.000000 0.174670 0.000000 0.984627 0.733849 0.733849 0.733849
5537.986328 0.000000 1720.703735 0.000000 0.927525 0.000000 -0.373760 1.051482 1.051482 1.051482
5509.377441 0.000000 1742.830566 0.000000 0.948189 0.000000 -0.317706 0.945039 0.945039 0.945039
5534.359375 0.000000 1703.582031 0.000000 0.152117 0.000000 0.988362 0.348772 0.348772 0.348772
5553.874023 0.000000 1743.058472 0.000000 0.378265 0.000000 0.925697 0.735217 0.735217 0.735217
5544.790527 0.000000 1708.558960 0.000000 0.765510 0.000000 -0.643424 1.060190 1.060190 1.060190
5550.388184 0.000000 1732.352905 0.000000 0.619962 0.000000 -0.784632 1.096612 1.096612 1.096612
5550.552734 0.000000 1701.168945 0.000000 0.937882 0.000000 0.346955 0.798096 0.798096 0.798096
5551.668457 0.000000 1733.239258 0.000000 0.747295 0.000000 0.664492 0.741592 0.741592 0.741592
5512.627441 0.000000 1724.660156 0.000000 0.901352 0.000000 -0.433088 1.004668 1.004668 1.004668
5511.083984 0.000000 1733.175415 0.000000 0.127575 0.000000 0.991829 0.572560 0.572560 0.572560
5545.457031 0.000000 1709.805420 0.000000 0.492626 0.000000 -0.870241 1.141947 1.141947 1.141947
5537.095215 0.000000 1721.631470 0.000000 0.916905 0.000000 0.399105 0.737650 0.737650 0.737650
5536.490723 0.000000 1720.270264 0.000000 0.730029 0.000000 -0.683416 1.197552 1.197552 1.197552
5551.662598 0.000000 1724.953735 0.000000 0.374531 0.000000 -0.927214 1.425369 1.425369 1.425369
5544.784668 0.000000 1711.086304 0.000000 0.978182 0.000000 -0.207751 0.961599 0.961599 0.961599
5559.473633 0.000000 1712.570557 0.000000 0.994284 0.000000 0.106768 0.859140 0.859140 0.859140
5513.230957 0.000000 1733.229004 0.000000 0.784627 0.000000 -0.619968 1.209515 1.209515 1.209515
5535.038086 0.000000 1702.857056 0.000000 0.945895 0.000000 -0.324474 1.028452 1.028452 1.028452
5599.635254 0.000000 1705.200073 0.000000 0.624997 0.000000 -0.780627 0.916100 0.916100 0.916100
5567.323730 0.000000 1743.087891 0.000000 0.952072 0.000000 0.305873 0.850409 0.850409 0.850409
5596.649902 0.000000 1706.884521 0.000000 0.937638 0.000000 -0.347613 1.015667 1.015667 1.015667
5576.455566 0.000000 1715.440674 0.000000 0.236835 0.000000 -0.971550 1.148350 1.148350 1.148350
5568.595215 0.000000 1733.884155 0.000000 0.811992 0.000000 0.583668 0.845386 0.845386 0.845386
5569.822754 0.000000 1731.840942 0.000000 0.396571 0.000000 0.918004 0.714464 0.714464 0.714464
5567.356934 0.000000 1725.586426 0.000000 0.986381 0.000000 0.164476 0.874384 0.874384 0.874384
5574.356934 0.000000 1714.812866 0.000000 0.711426 0.000000 -0.702761 0.973539 0.973539 0.973539
5598.700684 0.000000 1707.034790 0.000000 0.219078 0.000000 -0.975707 1.139618 1.139618 1.139618
5567.344238 0.000000 1746.022339 0.000000 0.999708 0.000000 0.024156 0.897014 0.897014 0.897014
5567.605469 0.000000 1741.114014 0.000000 0.994271 0.000000 0.106892 0.880509 0.880509 0.880509
5611.081543 0.000000 1704.667114 0.000000 0.741933 0.000000 -0.670474 1.112995 1.112995 1.112995
5608.280762 0.000000 1704.166626 0.000000 0.895537 0.000000 0.444988 0.773586 0.773586 0.773586
5569.836426 0.000000 1734.353882 0.000000 0.984565 0.000000 -0.175019 0.942691 0.942691 0.942691
5597.592285 0.000000 1707.564331 0.000000 0.772128 0.000000 -0.635467 1.124350 1.124350 1.124350
5597.761719 0.000000 1706.447266 0.000000 0.890437 0.000000 0.455107 0.746062 0.746062 0.746062
5562.554199 0.000000 1761.159302 0.000000 0.625058 0.000000 0.780578 0.857742 0.857742 0.857742
5564.547363 0.000000 1757.323975 0.000000 0.684801 0.000000 0.728730 0.705542 0.705542 0.705542
5570.532715 0.000000 1756.782227 0.000000 0.015826 0.000000 -0.999875 1.088668 1.088668 1.088668
5434.098145 0.000000 1817.087769 0.000000 0.826100 0.000000 0.563524 0.809879 0.809879 0.809879
5394.454590 0.000000 1797.333008 0.000000 0.989860 0.000000 0.142049 0.883347 0.883347 0.883347
5393.057129 0.000000 1808.609131 0.000000 0.535938 0.000000 -0.844257 1.222970 1.222970 1.222970
5392.814941 0.000000 1797.578247 0.000000 0.867855 0.000000 -0.496818 1.049533 1.049533 1.049533
5435.523926 0.000000 1814.022461 0.000000 0.888890 0.000000 0.458120 0.786660 0.786660 0.786660
5383.130859 0.000000 1816.853882 0.000000 0.339873 0.000000 -0.940471 1.197025 1.197025 1.197025
5380.356934 0.000000 1828.320312 0.000000 0.963678 0.000000 0.267066 0.831967 0.831967 0.831967
5413.085938 0.000000 1823.182129 0.000000 0.973563 0.000000 0.228418 0.809384 0.809384 0.809384
5434.403809 0.000000 1815.621338 0.000000 0.813251 0.000000 0.581913 0.752077 0.752077 0.752077
5381.863770 0.000000 1829.520752 0.000000 0.418979 0.000000 -0.907996 1.186500 1.186500 1.186500
5393.290039 0.000000 1796.494629 0.000000 0.985800 0.000000 0.167926 0.851474 0.851474 0.851474
5421.602539 0.000000 1827.672363 0.000000 0.828164 0.000000 0.560486 0.668727 0.668727 0.668727
5421.290039 0.000000 1826.704224 0.000000 0.975323 0.000000 -0.220784 0.986534 0.986534 0.986534
5447.794922 0.000000 1803.741089 0.000000 0.043601 0.000000 0.999049 0.714704 0.714704 0.714704
5465.120605 0.000000 1817.137695 0.000000 0.289558 0.000000 -0.957161 1.301710 1.301710 1.301710
5475.469238 0.000000 1806.508911 0.000000 0.977083 0.000000 0.212860 0.836381 0.836381 0.836381
5446.200684 0.000000 1802.558960 0.000000 0.891898 0.000000 0.452237 0.843062 0.843062 0.843062
5473.595215 0.000000 1806.675293 0.000000 0.972028 0.000000 -0.234867 0.935158 0.935158 0.935158
5470.788574 0.000000 1820.147339 0.000000 0.796158 0.000000 -0.605088 0.987612 0.987612 0.987612
5471.457031 0.000000 1819.064087 0.000000 0.998798 0.000000 -0.049016 0.911458 0.911458 0.911458
5465.328125 0.000000 1816.048950 0.000000 0.589762 0.000000 -0.807577 1.195701 1.195701 1.195701
5420.051270 0.000000 1880.324097 0.000000 0.935368 0.000000 -0.353676 0.937363 0.937363 0.937363
5418.307617 0.000000 1880.079346 0.000000 0.695762 0.000000 -0.718273 1.090850 1.090850 1.090850
5419.360840 0.000000 1881.809082 0.000000 0.870228 0.000000 0.492649 0.777311 0.777311 0.777311
5478.608398 0.000000 1878.244263 0.000000 0.867155 0.000000 0.498039 0.860173 0.860173 0.860173
5481.312012 0.000000 1881.552979 0.000000 0.431239 0.000000 0.902238 0.652295 0.652295 0.652295
5488.570312 0.000000 1876.175537 0.000000 0.769012 0.000000 -0.639234 1.049590 1.049590 1.049590
5480.952637 0.000000 1878.956909 0.000000 0.385631 0.000000 -0.922653 1.132310 1.132310 1.132310
5478.864258 0.000000 1880.733276 0.000000 0.610351 0.000000 -0.792131 0.957521 0.957521 0.957521
5489.063477 0.000000 1878.799805 0.000000 0.393130 0.000000 0.919483 0.766299 0.766299 0.766299
5489.950684 0.000000 1877.289307 0.000000 0.447476 0.000000 -0.894296 1.138751 1.138751 1.138751
5480.312988 0.000000 1880.377808 0.000000 0.475243 0.000000 -0.879855 1.136833 1.136833 1.136833
5488.567383 0.000000 1877.565674 0.000000 0.979357 0.000000 0.202138 0.856096 0.856096 0.856096
5559.513672 0.000000 1878.638306 0.000000 0.623450 0.000000 0.781863 0.851594 0.851594 0.851594
5533.708008 0.000000 1873.294067 0.000000 0.679635 0.000000 0.733550 0.787126 0.787126 0.787126
5531.971680 0.000000 1873.254761 0.000000 0.930989 0.000000 -0.365046 1.012510 1.012510 1.012510
5528.982422 0.000000 1872.815918 0.000000 0.153274 0.000000 -0.988184 1.247019 1.247019 1.247019
5590.640625 0.000000 1866.614380 0.000000 0.390653 0.000000 -0.920538 1.225828 1.225828 1.225828
5591.753418 0.000000 1867.382690 0.000000 0.646662 0.000000 -0.762777 1.141725 1.141725 1.141725
5756.236816 0.000000 1551.702026 0.000000 0.859514 0.000000 0.511113 0.797540 0.797540 0.797540
5743.599609 0.000000 1539.610107 0.000000 0.855449 0.000000 0.517888 0.769121 0.769121 0.769121
5757.090820 0.000000 1550.254028 0.000000 0.427475 0.000000 -0.904027 1.115642 1.115642 1.115642
5757.858398 0.000000 1551.674683 0.000000 0.732412 0.000000 -0.680862 1.043037 1.043037 1.043037
5750.118652 0.000000 1542.188354 0.000000 0.965085 0.000000 -0.261937 0.951212 0.951212 0.951212
5743.442383 0.000000 1538.211182 0.000000 0.944774 0.000000 -0.327723 0.980274 0.980274 0.980274
5751.456055 0.000000 1544.853149 0.000000 0.896854 0.000000 0.442326 0.802197 0.802197 0.802197
5726.714844 0.000000 1531.905029 0.000000 0.986741 0.000000 0.162305 0.857143 0.857143 0.857143
5727.326172 0.000000 1533.500610 0.000000 0.871510 0.000000 -0.490379 1.073889 1.073889 1.073889
5749.471191 0.000000 1544.576904 0.000000 0.195770 0.000000 0.980650 0.322791 0.322791 0.322791
5756.236816 0.000000 1598.944214 0.000000 0.591378 0.000000 -0.806395 0.948476 0.948476 0.948476
5720.603027 0.000000 1592.660156 0.000000 0.593777 0.000000 0.804630 0.851678 0.851678 0.851678
5715.555664 0.000000 1573.400269 0.000000 0.887289 0.000000 0.461214 0.791215 0.791215 0.791215
5744.028320 0.000000 1580.322510 0.000000 0.951510 0.000000 0.307616 0.817799 0.817799 0.817799
5727.638184 0.000000 1591.753296 0.000000 0.113507 0.000000 0.993537 0.366367 0.366367 0.366367
5713.099609 0.000000 1582.567871 0.000000 0.293853 0.000000 0.955851 0.774192 0.774192 0.774192
5724.311035 0.000000 1605.484253 0.000000 0.320424 0.000000 -0.947274 1.048216 1.048216 1.048216
5717.565430 0.000000 1573.054443 0.000000 0.992649 0.000000 -0.121026 0.918809 0.918809 0.918809
5744.200195 0.000000 1578.690552 0.000000 0.992614 0.000000 0.121314 0.862291 0.862291 0.862291
5700.625000 0.000000 1565.753662 0.000000 0.999806 0.000000 0.019702 0.895706 0.895706 0.895706
5726.110352 0.000000 1592.187134 0.000000 0.757567 0.000000 0.652757 0.794530 0.794530 0.794530
5745.328125 0.000000 1581.044556 0.000000 0.989645 0.000000 0.143539 0.862135 0.862135 0.862135
5723.329102 0.000000 1591.064575 0.000000 0.994915 0.000000 0.100715 0.869398 0.869398 0.869398
5745.290039 0.000000 1579.608765 0.000000 0.963236 0.000000 -0.268657 0.984339 0.984339 0.984339
5726.814941 0.000000 1590.609253 0.000000 0.953041 0.000000 0.302842 0.787317 0.787317 0.787317
5698.090820 0.000000 1564.439819 0.000000 0.963770 0.000000 -0.266735 0.957634 0.957634 0.957634
5713.159180 0.000000 1585.024902 0.000000 0.062555 0.000000 0.998042 0.279856 0.279856 0.279856
5758.887207 0.000000 1599.390259 0.000000 0.689793 0.000000 -0.724007 1.205604 1.205604 1.205604
5774.473145 0.000000 1535.334717 0.000000 0.997784 0.000000 -0.066531 0.904937 0.904937 0.904937
5768.215820 0.000000 1544.920654 0.000000 0.293068 0.000000 0.956092 0.633917 0.633917 0.633917
5821.788086 0.000000 1541.067749 0.000000 0.999850 0.000000 0.017316 0.898249 0.898249 0.898249
5764.274414 0.000000 1555.466919 0.000000 0.980018 0.000000 -0.198908 0.926096 0.926096 0.926096
5798.126953 0.000000 1536.876465 0.000000 0.224481 0.000000 -0.974478 1.183945 1.183945 1.183945
5821.737305 0.000000 1542.713135 0.000000 0.449055 0.000000 0.893504 0.698876 0.698876 0.698876
5767.052734 0.000000 1544.206665 0.000000 0.070327 0.000000 0.997524 0.576359 0.576359 0.576359
5765.160156 0.000000 1556.459473 0.000000 0.550237 0.000000 0.835009 0.575841 0.575841 0.575841
5764.535156 0.000000 1557.601196 0.000000 0.542726 0.000000 0.839910 0.572899 0.572899 0.572899
5825.649902 0.000000 1527.156250 0.000000 0.699104 0.000000 0.715020 0.837350 0.837350 0.837350
5835.188477 0.000000 1534.196777 0.000000 0.899298 0.000000 0.437337 0.829825 0.829825 0.829825
5879.705566 0.000000 1527.841675 0.000000 0.531212 0.000000 0.847239 0.725127 0.725127 0.725127
5820.229004 0.000000 1598.944214 0.000000 0.699009 0.000000 -0.715113 0.951918 0.951918 0.951918
5814.064941 0.000000 1605.565063 0.000000 0.959812 0.000000 0.280643 0.876990 0.876990 0.876990
5818.341309 0.000000 1601.606567 0.000000 0.945175 0.000000 -0.326563 0.915697 0.915697 0.915697
5785.389160 0.000000 1571.008789 0.000000 0.675868 0.000000 0.737023 0.812491 0.812491 0.812491
5798.825195 0.000000 1597.280151 0.000000 0.993342 0.000000 0.115205 0.880024 0.880024 0.880024
5810.544922 0.000000 1580.137695 0.000000 0.820635 0.000000 0.571452 0.835764 0.835764 0.835764
5775.597656 0.000000 1595.291504 0.000000 0.003470 0.000000 0.999994 0.730962 0.730962 0.730962
5774.193848 0.000000 1597.144409 0.000000 0.527202 0.000000 -0.849740 1.093945 1.093945 1.093945
5820.208984 0.000000 1601.004761 0.000000 0.692867 0.000000 -0.721066 1.035713 1.035713 1.035713
5796.916504 0.000000 1597.055054 0.000000 0.672586 0.000000 -0.740019 1.038519 1.038519 1.038519
5814.308594 0.000000 1602.389526 0.000000 0.192761 0.000000 -0.981246 1.067053 1.067053 1.067053
5759.582031 0.000000 1599.387451 0.000000 0.999166 0.000000 -0.040829 0.915416 0.915416 0.915416
5761.458008 0.000000 1558.998169 0.000000 0.788798 0.000000 0.614653 0.611460 0.611460 0.611460
5776.663086 0.000000 1596.098267 0.000000 0.128781 0.000000 0.991673 0.397916 0.397916 0.397916
5777.458496 0.000000 1597.205688 0.000000 0.975977 0.000000 0.217874 0.823508 0.823508 0.823508
5827.413574 0.000000 1604.429077 0.000000 0.946418 0.000000 0.322945 0.869706 0.869706 0.869706
5683.377930 0.000000 1647.717651 0.000000 0.297914 0.000000 0.954593 0.848705 0.848705 0.848705
5645.127930 0.000000 1653.165039 0.000000 0.091531 0.000000 0.995802 0.574301 0.574301 0.574301
5651.560059 0.000000 1652.048584 0.000000 0.144396 0.000000 -0.989520 1.015338 1.015338 1.015338
5646.488770 0.000000 1629.819092 0.000000 0.310217 0.000000 -0.950666 1.134118 1.134118 1.134118
5684.141113 0.000000 1643.230713 0.000000 0.475733 0.000000 0.879589 0.779230 0.779230 0.779230
5652.595215 0.000000 1618.768677 0.000000 0.427015 0.000000 0.904245 0.793399 0.793399 0.793399
5647.191895 0.000000 1653.090820 0.000000 0.364093 0.000000 -0.931363 1.109983 1.109983 1.109983
5653.476562 0.000000 1652.614258 0.000000 0.226958 0.000000 -0.973904 1.249738 1.249738 1.249738
5691.024414 0.000000 1615.730957 0.000000 0.336058 0.000000 -0.941841 1.134544 1.134544 1.134544
5675.726074 0.000000 1636.832886 0.000000 0.363436 0.000000 -0.931619 1.142431 1.142431 1.142431
5678.077637 0.000000 1634.928711 0.000000 0.296129 0.000000 -0.955148 1.376603 1.376603 1.376603
5684.942383 0.000000 1648.592896 0.000000 0.768666 0.000000 -0.639650 1.060622 1.060622 1.060622
5693.098633 0.000000 1644.738403 0.000000 0.818267 0.000000 -0.574838 0.990817 0.990817 0.990817
5654.062988 0.000000 1645.438965 0.000000 0.976649 0.000000 -0.214840 0.947192 0.947192 0.947192
5693.866211 0.000000 1646.159058 0.000000 0.409167 0.000000 0.912460 0.662433 0.662433 0.662433
5646.413086 0.000000 1624.088623 0.000000 0.578503 0.000000 0.815680 0.512059 0.512059 0.512059
5690.218750 0.000000 1614.166016 0.000000 0.262482 0.000000 0.964937 0.650725 0.650725 0.650725
5692.531738 0.000000 1615.597412 0.000000 0.412482 0.000000 0.910966 0.578240 0.578240 0.578240
5693.259766 0.000000 1614.097900 0.000000 0.181750 0.000000 0.983345 0.510155 0.510155 0.510155
5637.931641 0.000000 1627.020752 0.000000 0.338685 0.000000 -0.940900 1.142270 1.142270 1.142270
5655.662109 0.000000 1645.233276 0.000000 0.106237 0.000000 -0.994341 1.219155 1.219155 1.219155
5647.671387 0.000000 1624.675903 0.000000 0.001532 0.000000 -0.999999 1.538201 1.538201 1.538201
5637.053223 0.000000 1629.700684 0.000000 0.823004 0.000000 -0.568035 1.065601 1.065601 1.065601
5679.979004 0.000000 1635.432617 0.000000 0.961552 0.000000 -0.274624 1.004389 1.004389 1.004389
5654.541504 0.000000 1619.378784 0.000000 0.326037 0.000000 0.945357 0.563233 0.563233 0.563233
5691.512207 0.000000 1647.174316 0.000000 0.475164 0.000000 -0.879897 1.436543 1.436543 1.436543
5669.136230 0.000000 1636.327515 0.000000 0.310415 0.000000 0.950601 0.519269 0.519269 0.519269
5684.954102 0.000000 1644.016724 0.000000 0.618060 0.000000 -0.786131 1.304441 1.304441 1.304441
5689.826660 0.000000 1647.854980 0.000000 0.877097 0.000000 -0.480314 1.121767 1.121767 1.121767
5684.119141 0.000000 1646.945801 0.000000 0.998483 0.000000 0.055054 0.878713 0.878713 0.878713
5684.829102 0.000000 1645.958008 0.000000 0.502536 0.000000 0.864556 0.433075 0.433075 0.433075
5689.436035 0.000000 1646.314941 0.000000 0.837926 0.000000 0.545784 0.644454 0.644454 0.644454
5745.914551 0.000000 1629.729248 0.000000 0.580199 0.000000 0.814475 0.852950 0.852950 0.852950
5710.101074 0.000000 1615.520630 0.000000 0.732670 0.000000 -0.680584 1.002598 1.002598 1.002598
5717.562988 0.000000 1635.952759 0.000000 0.954532 0.000000 -0.298108 0.912243 0.912243 0.912243
5739.097168 0.000000 1618.779541 0.000000 0.990609 0.000000 0.136725 0.878120 0.878120 0.878120
5711.819824 0.000000 1616.436646 0.000000 0.691925 0.000000 -0.721969 1.084869 1.084869 1.084869
5708.563477 0.000000 1616.609863 0.000000 0.997923 0.000000 -0.064412 0.907097 0.907097 0.907097
5711.583496 0.000000 1614.293091 0.000000 0.687029 0.000000 0.726630 0.788514 0.788514 0.788514
5738.316895 0.000000 1620.440308 0.000000 0.995922 0.000000 0.090215 0.888836 0.888836 0.888836
5716.447754 0.000000 1611.858521 0.000000 0.495820 0.000000 0.868425 0.722717 0.722717 0.722717
5730.665039 0.000000 1624.049072 0.000000 0.877391 0.000000 0.479777 0.722353 0.722353 0.722353
5724.723633 0.000000 1607.703125 0.000000 0.474372 0.000000 -0.880324 1.054808 1.054808 1.054808
5719.128418 0.000000 1636.084717 0.000000 0.356509 0.000000 -0.934292 1.219822 1.219822 1.219822
5710.428711 0.000000 1617.206787 0.000000 0.600387 0.000000 0.799709 0.687591 0.687591 0.687591
5722.041016 0.000000 1619.589355 0.000000 0.597896 0.000000 0.801573 0.628373 0.628373 0.628373
5731.186523 0.000000 1625.432495 0.000000 0.988177 0.000000 0.153318 0.845355 0.845355 0.845355
5722.593750 0.000000 1620.845703 0.000000 0.149278 0.000000 0.988795 0.542413 0.542413 0.542413
5744.872070 0.000000 1630.480347 0.000000 0.875281 0.000000 -0.483614 1.110958 1.110958 1.110958
5716.436523 0.000000 1609.086792 0.000000 0.961816 0.000000 -0.273695 0.983470 0.983470 0.983470
5722.902344 0.000000 1618.719727 0.000000 0.756464 0.000000 -0.654035 1.108237 1.108237 1.108237
5712.669434 0.000000 1624.138916 0.000000 0.299706 0.000000 -0.954032 1.429262 1.429262 1.429262
5651.572266 0.000000 1653.591431 0.000000 0.915375 0.000000 -0.402603 0.933517 0.933517 0.933517
5636.993164 0.000000 1678.287598 0.000000 0.677468 0.000000 0.735552 0.794150 0.794150 0.794150
5647.286621 0.000000 1655.203857 0.000000 0.667491 0.000000 -0.744618 0.956619 0.956619 0.956619
5671.929199 0.000000 1659.402710 0.000000 0.716211 0.000000 -0.697884 1.236704 1.236704 1.236704
5682.117676 0.000000 1656.489502 0.000000 0.357979 0.000000 -0.933730 0.970377 0.970377 0.970377
5668.735840 0.000000 1677.614258 0.000000 0.970505 0.000000 0.241080 0.875929 0.875929 0.875929
5653.356934 0.000000 1655.465088 0.000000 0.004671 0.000000 0.999989 0.544589 0.544589 0.544589
5654.872070 0.000000 1691.379883 0.000000 0.763498 0.000000 0.645810 0.840055 0.840055 0.840055
5650.432129 0.000000 1686.830078 0.000000 0.341790 0.000000 0.939776 0.798411 0.798411 0.798411
5680.727539 0.000000 1659.557495 0.000000 0.919054 0.000000 -0.394131 0.983744 0.983744 0.983744
5657.711914 0.000000 1660.699707 0.000000 0.686879 0.000000 0.726772 0.797627 0.797627 0.797627
5646.671387 0.000000 1653.592529 0.000000 0.364292 0.000000 0.931285 0.690055 0.690055 0.690055
5670.410645 0.000000 1658.580078 0.000000 0.592018 0.000000 -0.805925 1.308539 1.308539 1.308539
5657.538574 0.000000 1688.475342 0.000000 0.831961 0.000000 -0.554834 1.021582 1.021582 1.021582
5668.190430 0.000000 1678.903564 0.000000 0.951079 0.000000 0.308949 0.758150 0.758150 0.758150
5652.958984 0.000000 1654.059204 0.000000 0.803869 0.000000 -0.594807 1.044564 1.044564 1.044564
5636.465332 0.000000 1681.085571 0.000000 0.835109 0.000000 0.550084 0.691911 0.691911 0.691911
5656.139160 0.000000 1690.931030 0.000000 0.985485 0.000000 0.169760 0.860138 0.860138 0.860138
5671.656250 0.000000 1658.072876 0.000000 0.747042 0.000000 -0.664777 1.216982 1.216982 1.216982
5655.640137 0.000000 1662.427979 0.000000 0.227298 0.000000 -0.973825 1.219505 1.219505 1.219505
5670.252441 0.000000 1655.713013 0.000000 0.002565 0.000000 -0.999997 1.291125 1.291125 1.291125
5683.771484 0.000000 1659.162476 0.000000 0.941356 0.000000 0.337416 0.810296 0.810296 0.810296
5637.269531 0.000000 1681.928223 0.000000 0.850355 0.000000 0.526210 0.702031 0.702031 0.702031
5670.942383 0.000000 1659.933960 0.000000 0.944833 0.000000 0.327552 0.754536 0.754536 0.754536
5669.199219 0.000000 1679.026367 0.000000 0.927145 0.000000 -0.374702 1.073458 1.073458 1.073458
5671.515625 0.000000 1656.304810 0.000000 0.035545 0.000000 -0.999368 1.645098 1.645098 1.645098
5670.833984 0.000000 1657.815063 0.000000 0.386703 0.000000 -0.922204 1.469651 1.469651 1.469651
5761.128418 0.000000 1608.740234 0.000000 0.811197 0.000000 0.584773 0.672648 0.672648 0.672648
5777.389160 0.000000 1611.642090 0.000000 0.621434 0.000000 0.783466 0.722002 0.722002 0.722002
5774.179688 0.000000 1611.495972 0.000000 0.992782 0.000000 0.119931 0.874338 0.874338 0.874338
5760.644531 0.000000 1609.873901 0.000000 0.491457 0.000000 -0.870902 1.284757 1.284757 1.284757
5893.588379 0.000000 1557.749512 0.000000 0.381338 0.000000 0.924436 0.788686 0.788686 0.788686
5909.791016 0.000000 1543.353882 0.000000 0.984006 0.000000 0.178137 0.873441 0.873441 0.873441
5911.765137 0.000000 1544.421997 0.000000 0.131414 0.000000 -0.991328 1.255661 1.255661 1.255661
5895.140625 0.000000 1554.949585 0.000000 0.323510 0.000000 0.946225 0.400733 0.400733 0.400733
5894.290527 0.000000 1554.285645 0.000000 0.695366 0.000000 -0.718656 1.222506 1.222506 1.222506
5913.496094 0.000000 1623.641724 0.000000 0.702566 0.000000 0.711618 0.812825 0.812825 0.812825
5898.096191 0.000000 1614.620728 0.000000 0.054656 0.000000 0.998505 0.743299 0.743299 0.743299
5913.265625 0.000000 1620.866089 0.000000 0.999966 0.000000 -0.008300 0.900634 0.900634 0.900634
5915.051758 0.000000 1622.102051 0.000000 0.993661 0.000000 -0.112421 0.917213 0.917213 0.917213
5907.183594 0.000000 1624.790161 0.000000 0.382921 0.000000 -0.923781 1.066728 1.066728 1.066728
5910.672363 0.000000 1620.462280 0.000000 0.807387 0.000000 0.590022 0.670287 0.670287 0.670287
5401.436035 0.000000 1901.704102 0.000000 0.658427 0.000000 -0.752645 1.011042 1.011042 1.011042
5565.819336 0.000000 1919.005249 0.000000 0.909935 0.000000 -0.414751 0.957656 0.957656 0.957656
5526.518066 0.000000 1909.583862 0.000000 0.482126 0.000000 -0.876102 1.252659 1.252659 1.252659
5566.872070 0.000000 1921.174316 0.000000 0.937800 0.000000 0.347177 0.774128 0.774128 0.774128
5567.417969 0.000000 1918.146118 0.000000 0.154154 0.000000 0.988047 0.725009 0.725009 0.725009
5567.339844 0.000000 1921.734863 0.000000 0.374475 0.000000 -0.927237 1.321384 1.321384 1.321384
5576.705566 0.000000 1915.227417 0.000000 0.035435 0.000000 0.999372 0.503276 0.503276 0.503276
5559.513672 0.000000 1973.122681 0.000000 0.169747 0.000000 0.985488 0.824492 0.824492 0.824492
5564.562012 0.000000 1954.527344 0.000000 0.002802 0.000000 0.999996 0.868292 0.868292 0.868292
5553.186523 0.000000 1955.291504 0.000000 0.572395 0.000000 0.819978 0.850318 0.850318 0.850318
5531.499023 0.000000 1981.638428 0.000000 0.099234 0.000000 -0.995064 0.923142 0.923142 0.923142
5565.812012 0.000000 1960.916138 0.000000 0.976024 0.000000 0.217661 0.880773 0.880773 0.880773
5545.983887 0.000000 1967.399170 0.000000 0.467392 0.000000 0.884050 0.875633 0.875633 0.875633
5553.937988 0.000000 1960.424561 0.000000 0.330412 0.000000 -0.943837 0.936046 0.936046 0.936046
5562.082520 0.000000 1958.814331 0.000000 0.948781 0.000000 0.315935 0.871110 0.871110 0.871110
5527.549805 0.000000 1983.114746 0.000000 0.684757 0.000000 0.728771 0.877984 0.877984 0.877984
5562.161621 0.000000 1963.631836 0.000000 0.999999 0.000000 0.001589 0.899932 0.899932 0.899932
5565.989746 0.000000 1957.520508 0.000000 0.948075 0.000000 -0.318047 0.912363 0.912363 0.912363
5548.463379 0.000000 1969.112183 0.000000 0.957687 0.000000 -0.287812 0.915743 0.915743 0.915743
5561.896973 0.000000 1956.055298 0.000000 0.589108 0.000000 -0.808054 0.990901 0.990901 0.990901
5548.449219 0.000000 1965.978394 0.000000 0.693030 0.000000 0.720909 0.847539 0.847539 0.847539
5563.475586 0.000000 1960.688354 0.000000 0.759528 0.000000 -0.650475 0.998659 0.998659 0.998659
5552.223633 0.000000 1956.628052 0.000000 0.078464 0.000000 -0.996917 1.138058 1.138058 1.138058
5571.358887 0.000000 1971.176270 0.000000 0.978682 0.000000 0.205383 0.890704 0.890704 0.890704
5581.135742 0.000000 1983.860352 0.000000 0.411501 0.000000 -0.911409 1.049437 1.049437 1.049437
5531.596191 0.000000 1984.291992 0.000000 0.874729 0.000000 0.484612 0.874992 0.874992 0.874992
5529.185547 0.000000 1984.273682 0.000000 0.838101 0.000000 -0.545515 0.945376 0.945376 0.945376
5596.557617 0.000000 2016.999634 0.000000 0.970407 0.000000 -0.241474 0.915344 0.915344 0.915344
5597.455566 0.000000 2021.481934 0.000000 0.858819 0.000000 0.512280 0.877039 0.877039 0.877039
5598.663574 0.000000 2023.516724 0.000000 0.982301 0.000000 0.187308 0.867401 0.867401 0.867401
5596.822266 0.000000 2019.189575 0.000000 0.746985 0.000000 -0.664841 0.999681 0.999681 0.999681
5596.772461 0.000000 2023.883545 0.000000 0.587554 0.000000 0.809185 0.755956 0.755956 0.755956
5582.562012 0.000000 2018.862427 0.000000 0.646191 0.000000 -0.763175 1.102881 1.102881 1.102881
5572.297852 0.000000 2027.888794 0.000000 0.340986 0.000000 -0.940068 1.045621 1.045621 1.045621
5573.369629 0.000000 2026.283691 0.000000 0.142624 0.000000 -0.989777 1.070016 1.070016 1.070016
5594.355957 0.000000 1985.545532 0.000000 0.849902 0.000000 -0.526940 0.978562 0.978562 0.978562
5595.090820 0.000000 2047.281738 0.000000 0.869972 0.000000 0.493101 0.779504 0.779504 0.779504
5594.609375 0.000000 2046.025391 0.000000 0.840236 0.000000 -0.542221 1.033915 1.033915 1.033915
5564.562012 0.000000 2190.738525 0.000000 0.418496 0.000000 0.908219 0.892322 0.892322 0.892322
5565.989746 0.000000 2193.731689 0.000000 0.814999 0.000000 -0.579463 0.931941 0.931941 0.931941
6139.652832 0.000000 2004.629883 0.000000 0.424901 0.000000 0.905240 0.765202 0.765202 0.765202
6258.159668 0.000000 1880.897217 0.000000 0.589471 0.000000 -0.807790 0.929581 0.929581 0.929581
6234.381836 0.000000 1871.881714 0.000000 0.286451 0.000000 -0.958095 1.184788 1.184788 1.184788
6259.704102 0.000000 1882.094727 0.000000 0.028464 0.000000 -0.999595 1.083669 1.083669 1.083669
6261.155273 0.000000 1883.150269 0.000000 0.998718 0.000000 -0.050616 0.907737 0.907737 0.907737
6235.358887 0.000000 1870.088501 0.000000 0.404727 0.000000 0.914438 0.643276 0.643276 0.643276
6252.998047 0.000000 1889.050293 0.000000 0.992157 0.000000 -0.125002 0.922810 0.922810 0.922810
6509.080078 0.000000 1882.965820 0.000000 0.721629 0.000000 0.692280 0.865638 0.865638 0.865638
6468.590332 0.000000 1879.601929 0.000000 0.659380 0.000000 -0.751810 0.936322 0.936322 0.936322
6482.920898 0.000000 1883.144653 0.000000 0.713838 0.000000 -0.700311 0.934864 0.934864 0.934864
6475.462891 0.000000 1877.728149 0.000000 0.710485 0.000000 -0.703712 0.978927 0.978927 0.978927
6473.370605 0.000000 1877.339844 0.000000 0.990588 0.000000 0.136878 0.875627 0.875627 0.875627
6470.112793 0.000000 1878.966431 0.000000 0.292180 0.000000 -0.956363 1.094697 1.094697 1.094697
6508.265625 0.000000 1886.949463 0.000000 0.742464 0.000000 0.669886 0.748260 0.748260 0.748260
6483.908691 0.000000 1884.459229 0.000000 0.212339 0.000000 -0.977196 1.116454 1.116454 1.116454
6484.954590 0.000000 1887.373291 0.000000 0.538805 0.000000 -0.842430 1.064315 1.064315 1.064315
6472.180664 0.000000 1878.321167 0.000000 0.880135 0.000000 -0.474724 1.002251 1.002251 1.002251
6482.205566 0.000000 1887.562622 0.000000 0.520131 0.000000 0.854087 0.688368 0.688368 0.688368
6185.905762 0.000000 1920.156982 0.000000 0.999993 0.000000 0.003858 0.899844 0.899844 0.899844
6176.341309 0.000000 1926.980469 0.000000 0.652784 0.000000 0.757544 0.816954 0.816954 0.816954
6193.168457 0.000000 1919.163574 0.000000 0.988159 0.000000 0.153435 0.882002 0.882002 0.882002
6197.602539 0.000000 1925.230347 0.000000 0.703073 0.000000 0.711117 0.818236 0.818236 0.818236
6187.667480 0.000000 1923.792603 0.000000 0.755934 0.000000 -0.654647 1.004237 1.004237 1.004237
6186.575684 0.000000 1922.165771 0.000000 0.315211 0.000000 0.949021 0.717423 0.717423 0.717423
6190.015137 0.000000 1918.381836 0.000000 0.262799 0.000000 0.964851 0.665447 0.665447 0.665447
6224.349609 0.000000 1932.149292 0.000000 0.201868 0.000000 0.979413 0.856982 0.856982 0.856982
6259.307617 0.000000 1931.170776 0.000000 0.812093 0.000000 -0.583528 0.969998 0.969998 0.969998
6256.203613 0.000000 1930.978882 0.000000 0.985534 0.000000 0.169476 0.890434 0.890434 0.890434
6265.859863 0.000000 1926.277954 0.000000 0.074808 0.000000 -0.997198 1.034447 1.034447 1.034447
6222.727051 0.000000 1934.504639 0.000000 0.111187 0.000000 0.993800 0.762279 0.762279 0.762279
6231.979492 0.000000 1929.976807 0.000000 0.497840 0.000000 -0.867269 1.150005 1.150005 1.150005
6236.248535 0.000000 1936.179565 0.000000 0.695751 0.000000 -0.718283 1.080050 1.080050 1.080050
6253.778809 0.000000 1891.930420 0.000000 0.566297 0.000000 -0.824201 1.272227 1.272227 1.272227
6264.821777 0.000000 1925.127197 0.000000 0.889434 0.000000 -0.457063 0.974660 0.974660 0.974660
6231.591797 0.000000 1928.686401 0.000000 0.971648 0.000000 -0.236431 0.956849 0.956849 0.956849
6252.550293 0.000000 1891.691040 0.000000 0.456075 0.000000 -0.889941 1.321571 1.321571 1.321571
6233.010254 0.000000 1942.492065 0.000000 0.763302 0.000000 0.646042 0.873171 0.873171 0.873171
6233.015625 0.000000 1946.113770 0.000000 0.240990 0.000000 -0.970528 0.962634 0.962634 0.962634
6225.127441 0.000000 1940.831543 0.000000 0.126910 0.000000 0.991914 0.786478 0.786478 0.786478
6257.158691 0.000000 1947.262207 0.000000 0.871524 0.000000 0.490354 0.862000 0.862000 0.862000
6256.137695 0.000000 1956.628052 0.000000 0.523673 0.000000 -0.851920 1.181796 1.181796 1.181796
6220.794922 0.000000 1960.152710 0.000000 0.505255 0.000000 0.862970 0.703500 0.703500 0.703500
6226.422852 0.000000 1941.411011 0.000000 0.819365 0.000000 0.573273 0.779289 0.779289 0.779289
6257.227539 0.000000 1957.546265 0.000000 0.281353 0.000000 0.959604 0.544703 0.544703 0.544703
6236.957520 0.000000 1936.932617 0.000000 0.998342 0.000000 0.057569 0.887058 0.887058 0.887058
6220.191406 0.000000 1958.588623 0.000000 0.320040 0.000000 -0.947404 1.355982 1.355982 1.355982
6271.603516 0.000000 1920.044922 0.000000 0.962789 0.000000 -0.270254 0.900615 0.900615 0.900615
6272.222168 0.000000 1897.771851 0.000000 0.995380 0.000000 0.096019 0.896111 0.896111 0.896111
6288.105469 0.000000 1915.140137 0.000000 0.570981 0.000000 0.820963 0.865376 0.865376 0.865376
6320.468750 0.000000 1923.417725 0.000000 0.653068 0.000000 -0.757299 0.981079 0.981079 0.981079
6315.505859 0.000000 1935.555176 0.000000 0.693898 0.000000 -0.720073 0.959608 0.959608 0.959608
6273.503418 0.000000 1924.558960 0.000000 0.975824 0.000000 -0.218556 0.925744 0.925744 0.925744
6326.913574 0.000000 1941.776489 0.000000 0.975811 0.000000 0.218616 0.879201 0.879201 0.879201
6152.206055 0.000000 2001.885132 0.000000 0.979327 0.000000 -0.202283 0.906407 0.906407 0.906407
6156.579590 0.000000 2024.035278 0.000000 0.993044 0.000000 0.117747 0.892045 0.892045 0.892045
6169.023438 0.000000 1993.355957 0.000000 0.982112 0.000000 -0.188296 0.915322 0.915322 0.915322
6152.385254 0.000000 1998.893799 0.000000 0.997672 0.000000 -0.068191 0.906594 0.906594 0.906594
6182.778320 0.000000 2022.459839 0.000000 0.298898 0.000000 0.954285 0.814578 0.814578 0.814578
6147.348145 0.000000 2006.558105 0.000000 0.305091 0.000000 -0.952323 1.035974 1.035974 1.035974
6508.878906 0.000000 1890.560303 0.000000 0.570309 0.000000 -0.821430 0.921658 0.921658 0.921658
3706.611572 0.000000 4061.464111 0.000000 0.650211 0.000000 0.759754 0.884489 0.884489 0.884489
3702.322754 0.000000 4062.158936 0.000000 0.295185 0.000000 0.955440 0.857158 0.857158 0.857158
3629.556641 0.000000 4097.853027 0.000000 0.187292 0.000000 -0.982304 0.965228 0.965228 0.965228
3610.733398 0.000000 4086.487549 0.000000 0.838745 0.000000 0.544525 0.897412 0.897412 0.897412
3617.349365 0.000000 4102.830566 0.000000 0.914521 0.000000 -0.404538 0.952403 0.952403 0.952403
3638.684814 0.000000 4087.925293 0.000000 0.175315 0.000000 -0.984512 0.912534 0.912534 0.912534
3630.140625 0.000000 4089.088135 0.000000 0.994728 0.000000 0.102548 0.898615 0.898615 0.898615
3624.993652 0.000000 4106.405273 0.000000 0.908580 0.000000 0.417710 0.890318 0.890318 0.890318
3589.242920 0.000000 4087.639160 0.000000 0.973805 0.000000 -0.227383 0.915462 0.915462 0.915462
3611.733398 0.000000 4107.537109 0.000000 0.643657 0.000000 -0.765314 1.044909 1.044909 1.044909
3644.044678 0.000000 4070.720215 0.000000 0.748661 0.000000 0.662954 0.880459 0.880459 0.880459
3603.393066 0.000000 4086.076904 0.000000 0.576693 0.000000 0.816961 0.887110 0.887110 0.887110
3635.084717 0.000000 4093.766846 0.000000 0.768545 0.000000 -0.639796 0.971754 0.971754 0.971754
3598.342041 0.000000 4094.101318 0.000000 0.497904 0.000000 0.867232 0.664163 0.664163 0.664163
3591.418701 0.000000 4093.812744 0.000000 0.838202 0.000000 -0.545360 0.968691 0.968691 0.968691
3646.045898 0.000000 4086.814697 0.000000 0.471779 0.000000 -0.881717 1.069785 1.069785 1.069785
3644.494629 0.000000 4102.780273 0.000000 0.977501 0.000000 -0.210931 0.921489 0.921489 0.921489
3647.082520 0.000000 4098.079590 0.000000 0.704599 0.000000 0.709606 0.859229 0.859229 0.859229
3613.697510 0.000000 4100.138184 0.000000 0.466325 0.000000 -0.884613 0.985378 0.985378 0.985378
3621.790527 0.000000 4103.280273 0.000000 0.416992 0.000000 -0.908910 1.025584 1.025584 1.025584
3604.937012 0.000000 4100.901367 0.000000 0.329013 0.000000 -0.944325 1.013821 1.013821 1.013821
3592.915527 0.000000 4089.775391 0.000000 0.962169 0.000000 0.272454 0.892560 0.892560 0.892560
3587.786377 0.000000 4091.561768 0.000000 0.533249 0.000000 0.845958 0.866015 0.866015 0.866015
3625.538086 0.000000 4101.936035 0.000000 0.960662 0.000000 -0.277722 0.984099 0.984099 0.984099
3600.669678 0.000000 4105.290039 0.000000 0.764093 0.000000 0.645106 0.772390 0.772390 0.772390
3607.482422 0.000000 4084.084717 0.000000 0.837781 0.000000 -0.546006 0.920764 0.920764 0.920764
3643.235107 0.000000 4097.152832 0.000000 0.999697 0.000000 0.024603 0.898176 0.898176 0.898176
3613.826172 0.000000 4104.311523 0.000000 0.146732 0.000000 -0.989176 1.213456 1.213456 1.213456
3600.716553 0.000000 4097.267090 0.000000 0.010811 0.000000 0.999942 0.675672 0.675672 0.675672
3626.083252 0.000000 4096.931152 0.000000 0.919342 0.000000 0.393459 0.861838 0.861838 0.861838
3645.642334 0.000000 4106.411621 0.000000 0.901175 0.000000 -0.433456 0.971521 0.971521 0.971521
3628.461426 0.000000 4080.655518 0.000000 0.955698 0.000000 -0.294349 0.913426 0.913426 0.913426
3637.695068 0.000000 4091.308105 0.000000 0.914701 0.000000 -0.404132 0.939260 0.939260 0.939260
3632.796631 0.000000 4096.558594 0.000000 0.686902 0.000000 -0.726750 1.009681 1.009681 1.009681
3642.606445 0.000000 4105.442383 0.000000 0.610594 0.000000 0.791944 0.840445 0.840445 0.840445
3601.561035 0.000000 4094.088867 0.000000 0.510775 0.000000 -0.859714 0.979046 0.979046 0.979046
3646.502197 0.000000 4090.124756 0.000000 0.794193 0.000000 -0.607665 1.032074 1.032074 1.032074
3619.451660 0.000000 4105.358398 0.000000 0.611102 0.000000 0.791552 0.739929 0.739929 0.739929
3635.627441 0.000000 4104.311523 0.000000 0.998835 0.000000 0.048253 0.898048 0.898048 0.898048
3603.272217 0.000000 4103.527344 0.000000 0.879904 0.000000 0.475152 0.865512 0.865512 0.865512
3614.502197 0.000000 4108.817871 0.000000 0.148659 0.000000 0.988889 0.682798 0.682798 0.682798
3628.269531 0.000000 4100.707031 0.000000 0.467801 0.000000 0.883834 0.843981 0.843981 0.843981
3616.430908 0.000000 4105.581543 0.000000 0.429546 0.000000 0.903045 0.824046 0.824046 0.824046
3636.895752 0.000000 4106.898926 0.000000 0.831869 0.000000 0.554972 0.786315 0.786315 0.786315
3646.397705 0.000000 4095.318604 0.000000 0.428801 0.000000 -0.903399 1.031751 1.031751 1.031751
3606.115479 0.000000 4103.568848 0.000000 0.732197 0.000000 -0.681093 0.975757 0.975757 0.975757
3588.367188 0.000000 4094.320557 0.000000 0.733915 0.000000 -0.679242 0.948657 0.948657 0.948657
3641.797852 0.000000 4092.245850 0.000000 0.800424 0.000000 -0.599434 0.995323 0.995323 0.995323
3590.118652 0.000000 4090.229248 0.000000 0.750666 0.000000 -0.660682 1.045948 1.045948 1.045948
3622.537354 0.000000 4105.669922 0.000000 0.443633 0.000000 -0.896209 1.509178 1.509178 1.509178
3625.178955 0.000000 4099.339844 0.000000 0.333847 0.000000 -0.942627 0.977409 0.977409 0.977409
3646.789795 0.000000 4108.631348 0.000000 0.653291 0.000000 -0.757107 1.021577 1.021577 1.021577
3640.037109 0.000000 4090.226074 0.000000 0.265997 0.000000 0.963974 0.592931 0.592931 0.592931
3642.289795 0.000000 4094.758301 0.000000 0.091329 0.000000 0.995821 0.710537 0.710537 0.710537
3624.356689 0.000000 4104.033691 0.000000 0.200561 0.000000 -0.979681 1.001498 1.001498 1.001498
3640.890137 0.000000 4096.748535 0.000000 0.916603 0.000000 -0.399799 0.939738 0.939738 0.939738
3614.905273 0.000000 4102.173340 0.000000 0.512822 0.000000 -0.858495 1.022935 1.022935 1.022935
3635.763916 0.000000 4109.138184 0.000000 0.852960 0.000000 0.521976 0.835836 0.835836 0.835836
3619.705078 0.000000 4102.289062 0.000000 0.262509 0.000000 0.964929 0.726977 0.726977 0.726977
3613.854248 0.000000 4106.614258 0.000000 0.360979 0.000000 0.932574 0.686732 0.686732 0.686732
3646.397217 0.000000 4104.243652 0.000000 0.237190 0.000000 0.971463 0.786329 0.786329 0.786329
3644.584717 0.000000 4088.824463 0.000000 0.825573 0.000000 -0.564296 1.129023 1.129023 1.129023
3592.598633 0.000000 4091.972656 0.000000 0.673270 0.000000 0.739397 0.813989 0.813989 0.813989
3607.121826 0.000000 4100.731445 0.000000 0.323285 0.000000 -0.946302 1.036697 1.036697 1.036697
3643.906982 0.000000 4091.105957 0.000000 0.831527 0.000000 0.555484 0.768994 0.768994 0.768994
3627.438965 0.000000 4098.634766 0.000000 0.808942 0.000000 0.587888 0.805393 0.805393 0.805393
3632.924561 0.000000 4094.390137 0.000000 0.989267 0.000000 -0.146122 0.933280 0.933280 0.933280
3589.776367 0.000000 4092.420654 0.000000 0.253779 0.000000 -0.967262 1.180525 1.180525 1.180525
3639.539062 0.000000 4092.208252 0.000000 0.619178 0.000000 0.785251 0.786366 0.786366 0.786366
3596.242920 0.000000 4094.492188 0.000000 0.997236 0.000000 0.074302 0.889640 0.889640 0.889640
3646.053223 0.000000 4092.145996 0.000000 0.448480 0.000000 -0.893793 0.999379 0.999379 0.999379
3597.922363 0.000000 4092.128418 0.000000 0.996955 0.000000 0.077973 0.890179 0.890179 0.890179
3634.929443 0.000000 4095.976807 0.000000 0.310746 0.000000 -0.950493 1.142472 1.142472 1.142472
3599.863281 0.000000 4095.401367 0.000000 0.048758 0.000000 0.998811 0.558018 0.558018 0.558018
3644.291016 0.000000 4095.321289 0.000000 0.184935 0.000000 0.982751 0.763095 0.763095 0.763095
3645.313232 0.000000 4097.186035 0.000000 0.965992 0.000000 -0.258573 0.929383 0.929383 0.929383
3612.568848 0.000000 4109.320312 0.000000 0.844796 0.000000 -0.535088 0.965968 0.965968 0.965968
3644.474609 0.000000 4104.840820 0.000000 0.902494 0.000000 -0.430702 0.978037 0.978037 0.978037
3639.427979 0.000000 4102.545898 0.000000 0.557308 0.000000 -0.830306 1.023266 1.023266 1.023266
3613.014160 0.000000 4102.540039 0.000000 0.970227 0.000000 0.242198 0.867570 0.867570 0.867570
3615.712891 0.000000 4107.319336 0.000000 0.531144 0.000000 -0.847281 1.081701 1.081701 1.081701
3646.834717 0.000000 4085.157959 0.000000 0.158327 0.000000 -0.987387 1.106191 1.106191 1.106191
3598.804199 0.000000 4097.519043 0.000000 0.531685 0.000000 0.846942 0.775159 0.775159 0.775159
3643.779297 0.000000 4106.827148 0.000000 0.964266 0.000000 0.264935 0.869876 0.869876 0.869876
3615.594238 0.000000 4103.894531 0.000000 0.159272 0.000000 0.987235 0.731989 0.731989 0.731989
3612.448242 0.000000 4105.470703 0.000000 0.123249 0.000000 0.992376 0.581326 0.581326 0.581326
3639.830078 0.000000 4100.819336 0.000000 0.611881 0.000000 0.790950 0.736002 0.736002 0.736002
3640.589844 0.000000 4108.820801 0.000000 0.665431 0.000000 0.746460 0.790176 0.790176 0.790176
3636.869629 0.000000 4092.849121 0.000000 0.734644 0.000000 0.678452 0.799476 0.799476 0.799476
3596.262695 0.000000 4092.788086 0.000000 0.041814 0.000000 0.999125 0.707616 0.707616 0.707616
3626.526367 0.000000 4100.462402 0.000000 0.957330 0.000000 -0.288998 0.963898 0.963898 0.963898
3640.308105 0.000000 4088.487793 0.000000 0.992405 0.000000 -0.123014 0.922999 0.922999 0.922999
3637.192139 0.000000 4105.187012 0.000000 0.078635 0.000000 0.996903 0.641854 0.641854 0.641854
3620.744873 0.000000 4106.431641 0.000000 0.994610 0.000000 -0.103687 0.931041 0.931041 0.931041
3646.478760 0.000000 4088.441650 0.000000 0.540414 0.000000 0.841399 0.592216 0.592216 0.592216
3638.207764 0.000000 4100.017578 0.000000 0.360883 0.000000 -0.932611 1.115986 1.115986 1.115986
3602.302246 0.000000 4104.946289 0.000000 0.155415 0.000000 0.987849 0.540797 0.540797 0.540797
3621.016846 0.000000 4104.786621 0.000000 0.062725 0.000000 -0.998031 1.672551 1.672551 1.672551
3604.712646 0.000000 4102.582520 0.000000 0.580384 0.000000 -0.814343 1.066775 1.066775 1.066775
3615.989502 0.000000 4109.437500 0.000000 0.391509 0.000000 0.920174 0.721462 0.721462 0.721462
3643.101807 0.000000 4088.084229 0.000000 0.670283 0.000000 0.742105 0.625686 0.625686 0.625686
3623.412354 0.000000 4102.689941 0.000000 0.528868 0.000000 -0.848704 1.223376 1.223376 1.223376
3591.670898 0.000000 4090.740479 0.000000 0.679395 0.000000 -0.733772 1.066601 1.066601 1.066601
3624.539551 0.000000 4100.760742 0.000000 0.571392 0.000000 -0.820677 1.187659 1.187659 1.187659
3641.566650 0.000000 4090.779785 0.000000 0.638800 0.000000 0.769373 0.692892 0.692892 0.692892
3622.648926 0.000000 4107.138672 0.000000 0.999985 0.000000 -0.005484 0.901540 0.901540 0.901540
3613.202881 0.000000 4107.929688 0.000000 0.999993 0.000000 0.003708 0.899342 0.899342 0.899342
3622.968994 0.000000 4104.188965 0.000000 0.396118 0.000000 -0.918200 1.537886 1.537886 1.537886
3623.958008 0.000000 4105.421387 0.000000 0.309036 0.000000 0.951050 0.211070 0.211070 0.211070
3625.688232 0.000000 4103.331543 0.000000 0.688716 0.000000 -0.725031 1.171539 1.171539 1.171539
3644.778564 0.000000 4087.471436 0.000000 0.192558 0.000000 -0.981286 1.175369 1.175369 1.175369
3622.071533 0.000000 4102.011230 0.000000 0.465914 0.000000 -0.884830 1.246539 1.246539 1.246539
3603.388184 0.000000 4105.787109 0.000000 0.629515 0.000000 0.776988 0.674064 0.674064 0.674064
3643.699219 0.000000 4089.745117 0.000000 0.889594 0.000000 0.456752 0.744394 0.744394 0.744394
3623.904541 0.000000 4107.021973 0.000000 0.822837 0.000000 -0.568278 1.069756 1.069756 1.069756
3624.660400 0.000000 4102.740234 0.000000 0.912121 0.000000 0.409922 0.758597 0.758597 0.758597
3645.710938 0.000000 4089.196533 0.000000 0.748348 0.000000 -0.663306 1.177017 1.177017 1.177017
3621.505859 0.000000 4105.692383 0.000000 0.958498 0.000000 0.285101 0.751891 0.751891 0.751891
3622.057861 0.000000 4104.691895 0.000000 0.923308 0.000000 0.384060 0.683888 0.683888 0.683888
3645.478760 0.000000 4088.225586 0.000000 0.998111 0.000000 -0.061433 0.923480 0.923480 0.923480
3620.384277 0.000000 4105.521484 0.000000 0.775667 0.000000 -0.631142 1.249908 1.249908 1.249908
3620.053955 0.000000 4104.701660 0.000000 0.061223 0.000000 -0.998124 1.673322 1.673322 1.673322
3623.180664 0.000000 4105.044434 0.000000 0.857348 0.000000 -0.514737 1.196435 1.196435 1.196435
3693.548828 0.000000 4097.853027 0.000000 0.999964 0.000000 0.008539 0.897199 0.897199 0.897199
3674.725586 0.000000 4086.487549 0.000000 0.862625 0.000000 -0.505844 1.041808 1.041808 1.041808
3708.932861 0.000000 4063.031006 0.000000 0.754803 0.000000 0.655952 0.874280 0.874280 0.874280
3693.222412 0.000000 4063.701172 0.000000 0.736726 0.000000 -0.676192 0.925027 0.925027 0.925027
3681.341553 0.000000 4102.830566 0.000000 0.903029 0.000000 -0.429580 0.901995 0.901995 0.901995
3702.677002 0.000000 4087.925293 0.000000 0.246340 0.000000 -0.969183 1.093060 1.093060 1.093060
3667.814209 0.000000 4062.943115 0.000000 0.718421 0.000000 -0.695609 0.905185 0.905185 0.905185
3658.996582 0.000000 4064.523926 0.000000 0.050218 0.000000 0.998738 0.756506 0.756506 0.756506
3694.132812 0.000000 4089.088135 0.000000 0.193825 0.000000 -0.981036 1.289483 1.289483 1.289483
3664.154541 0.000000 4079.953613 0.000000 0.140817 0.000000 0.990036 0.588440 0.588440 0.588440
3701.201172 0.000000 4066.099609 0.000000 0.169729 0.000000 -0.985491 0.950339 0.950339 0.950339
3708.788086 0.000000 4080.426025 0.000000 0.874532 0.000000 0.484968 0.829465 0.829465 0.829465
3697.797852 0.000000 4106.864746 0.000000 0.896814 0.000000 0.442408 0.875287 0.875287 0.875287
3697.413086 0.000000 4081.189941 0.000000 0.964939 0.000000 0.262474 0.863002 0.863002 0.863002
3682.006836 0.000000 4084.776123 0.000000 0.999065 0.000000 -0.043237 0.908941 0.908941 0.908941
3660.736572 0.000000 4106.923340 0.000000 0.518044 0.000000 -0.855354 1.001457 1.001457 1.001457
3695.945068 0.000000 4071.307617 0.000000 0.072261 0.000000 0.997386 0.862964 0.862964 0.862964
3708.338867 0.000000 4093.316895 0.000000 0.999890 0.000000 0.014851 0.899066 0.899066 0.899066
3667.385254 0.000000 4086.076904 0.000000 0.988072 0.000000 -0.153990 0.916327 0.916327 0.916327
3686.827148 0.000000 4098.627441 0.000000 0.963459 0.000000 0.267855 0.846383 0.846383 0.846383
3699.076904 0.000000 4093.766846 0.000000 0.934990 0.000000 0.354674 0.850307 0.850307 0.850307
3673.232422 0.000000 4101.349121 0.000000 0.337264 0.000000 -0.941410 0.941347 0.941347 0.941347
3710.038086 0.000000 4086.814697 0.000000 0.745236 0.000000 0.666801 0.763878 0.763878 0.763878
3664.620850 0.000000 4101.189941 0.000000 0.578045 0.000000 -0.816005 1.118747 1.118747 1.118747
3673.769287 0.000000 4080.235596 0.000000 0.151856 0.000000 0.988403 0.619554 0.619554 0.619554
3692.735840 0.000000 4077.046143 0.000000 0.031395 0.000000 -0.999507 0.931130 0.931130 0.931130
3703.096191 0.000000 4081.831055 0.000000 0.132289 0.000000 0.991211 0.845068 0.845068 0.845068
3690.210205 0.000000 4093.297852 0.000000 0.785364 0.000000 -0.619034 1.060482 1.060482 1.060482
3679.298828 0.000000 4089.610107 0.000000 0.454053 0.000000 -0.890975 1.077871 1.077871 1.077871
3672.909912 0.000000 4091.729736 0.000000 0.955469 0.000000 -0.295090 0.974709 0.974709 0.974709
3681.490967 0.000000 4108.316406 0.000000 0.979612 0.000000 -0.200900 0.902727 0.902727 0.902727
3693.423584 0.000000 4103.348633 0.000000 0.926348 0.000000 0.376668 0.874835 0.874835 0.874835
3711.327393 0.000000 4075.154785 0.000000 0.302677 0.000000 -0.953093 1.266165 1.266165 1.266165
3685.791016 0.000000 4077.137207 0.000000 0.564314 0.000000 0.825560 0.762523 0.762523 0.762523
3681.937012 0.000000 4096.900879 0.000000 0.921208 0.000000 -0.389071 0.935018 0.935018 0.935018
3693.356689 0.000000 4084.292236 0.000000 0.990480 0.000000 0.137660 0.892863 0.892863 0.892863
3698.164307 0.000000 4086.323242 0.000000 0.485732 0.000000 -0.874108 1.141369 1.141369 1.141369
3677.852539 0.000000 4082.514160 0.000000 0.344259 0.000000 -0.938875 1.023288 1.023288 1.023288
3660.400635 0.000000 4082.828369 0.000000 0.851369 0.000000 -0.524568 0.986852 0.986852 0.986852
3663.528564 0.000000 4064.555664 0.000000 0.613617 0.000000 0.789604 0.869324 0.869324 0.869324
3652.630127 0.000000 4078.079346 0.000000 0.703822 0.000000 -0.710376 0.981655 0.981655 0.981655
3706.308594 0.000000 4084.712891 0.000000 0.627281 0.000000 -0.778793 1.046430 1.046430 1.046430
3695.918701 0.000000 4067.022461 0.000000 0.292730 0.000000 0.956195 0.868519 0.868519 0.868519
3684.586914 0.000000 4081.228760 0.000000 0.945037 0.000000 0.326962 0.871560 0.871560 0.871560
3675.806885 0.000000 4076.509766 0.000000 0.456233 0.000000 -0.889860 1.109519 1.109519 1.109519
3689.530273 0.000000 4101.936035 0.000000 0.542914 0.000000 -0.839788 0.929119 0.929119 0.929119
3706.387939 0.000000 4089.530518 0.000000 0.218059 0.000000 0.975936 0.857503 0.857503 0.857503
3664.661865 0.000000 4105.290039 0.000000 0.378947 0.000000 -0.925418 0.942498 0.942498 0.942498
3671.474609 0.000000 4084.084717 0.000000 0.742179 0.000000 0.670202 0.819135 0.819135 0.819135
3655.206055 0.000000 4074.843750 0.000000 0.830346 0.000000 0.557248 0.877423 0.877423 0.877423
3701.002197 0.000000 4078.525391 0.000000 0.817269 0.000000 -0.576257 0.946917 0.946917 0.946917
3707.227295 0.000000 4097.152832 0.000000 0.493542 0.000000 0.869722 0.871564 0.871564 0.871564
3694.057861 0.000000 4108.118164 0.000000 0.020614 0.000000 0.999788 0.739778 0.739778 0.739778
3703.925537 0.000000 4062.944336 0.000000 0.900461 0.000000 -0.434937 0.915165 0.915165 0.915165
3680.189697 0.000000 4093.505371 0.000000 0.450987 0.000000 0.892531 0.463844 0.463844 0.463844
3699.675049 0.000000 4072.166992 0.000000 0.958721 0.000000 -0.284348 0.911013 0.911013 0.911013
3683.047119 0.000000 4088.489014 0.000000 0.094034 0.000000 0.995569 0.657800 0.657800 0.657800
3698.098389 0.000000 4090.069580 0.000000 0.256400 0.000000 0.966571 0.531650 0.531650 0.531650
3690.075439 0.000000 4096.931152 0.000000 0.643507 0.000000 0.765440 0.825570 0.825570 0.825570
3648.725830 0.000000 4089.645264 0.000000 0.315113 0.000000 -0.949054 1.051692 1.051692 1.051692
3678.542236 0.000000 4086.061768 0.000000 0.385311 0.000000 0.922787 0.691387 0.691387 0.691387
3657.661133 0.000000 4104.605957 0.000000 0.879886 0.000000 -0.475185 0.916689 0.916689 0.916689
3657.347656 0.000000 4108.567871 0.000000 0.737325 0.000000 -0.675538 0.969993 0.969993 0.969993
3664.425293 0.000000 4088.281006 0.000000 0.468437 0.000000 -0.883497 1.138533 1.138533 1.138533
3701.687256 0.000000 4091.308105 0.000000 0.966673 0.000000 0.256014 0.870333 0.870333 0.870333
3705.389648 0.000000 4079.234131 0.000000 0.991748 0.000000 -0.128201 0.921952 0.921952 0.921952
3676.546387 0.000000 4091.775635 0.000000 0.899501 0.000000 0.436920 0.834977 0.834977 0.834977
3681.077637 0.000000 4081.243408 0.000000 0.882994 0.000000 0.469383 0.773751 0.773751 0.773751
3660.092529 0.000000 4091.001709 0.000000 0.933668 0.000000 -0.358141 0.984767 0.984767 0.984767
3701.385010 0.000000 4084.766602 0.000000 0.557383 0.000000 -0.830255 1.168519 1.168519 1.168519
3710.216064 0.000000 4083.419189 0.000000 0.876195 0.000000 -0.481957 0.950847 0.950847 0.950847
3657.117920 0.000000 4067.104980 0.000000 0.086858 0.000000 -0.996221 0.993352 0.993352 0.993352
3695.253906 0.000000 4100.661133 0.000000 0.953201 0.000000 -0.302339 0.988336 0.988336 0.988336
3669.812988 0.000000 4092.546631 0.000000 0.793511 0.000000 0.608555 0.814740 0.814740 0.814740
3710.494385 0.000000 4090.124756 0.000000 0.560881 0.000000 -0.827897 1.079703 1.079703 1.079703
3667.264404 0.000000 4103.527344 0.000000 0.980864 0.000000 0.194694 0.890314 0.890314 0.890314
3663.735840 0.000000 4091.201172 0.000000 0.999187 0.000000 -0.040315 0.911779 0.911779 0.911779
3692.689941 0.000000 4095.010742 0.000000 0.596525 0.000000 0.802594 0.786963 0.786963 0.786963
3648.829590 0.000000 4095.993652 0.000000 0.909525 0.000000 0.415649 0.878811 0.878811 0.878811
3692.261719 0.000000 4100.707031 0.000000 0.307406 0.000000 -0.951578 1.092259 1.092259 1.092259
3709.232422 0.000000 4077.547607 0.000000 0.908293 0.000000 -0.418335 0.997948 0.997948 0.997948
3679.079102 0.000000 4097.565430 0.000000 0.626668 0.000000 -0.779286 0.974283 0.974283 0.974283
3674.544678 0.000000 4089.360596 0.000000 0.401076 0.000000 -0.916045 1.188837 1.188837 1.188837
3682.972168 0.000000 4078.883057 0.000000 0.469400 0.000000 -0.882985 1.133429 1.133429 1.133429
3710.389893 0.000000 4095.318604 0.000000 0.935060 0.000000 0.354489 0.874760 0.874760 0.874760
3700.139648 0.000000 4081.814941 0.000000 0.887395 0.000000 0.461009 0.861244 0.861244 0.861244
3696.277832 0.000000 4084.158691 0.000000 0.990754 0.000000 -0.135671 0.970941 0.970941 0.970941
3706.123291 0.000000 4081.953857 0.000000 0.729775 0.000000 -0.683688 1.082679 1.082679 1.082679
3681.785645 0.000000 4091.215576 0.000000 0.571323 0.000000 0.820725 0.659903 0.659903 0.659903
3692.675537 0.000000 4091.876953 0.000000 0.420755 0.000000 0.907174 0.700816 0.700816 0.700816
3682.997559 0.000000 4094.404053 0.000000 0.131498 0.000000 0.991316 0.725413 0.725413 0.725413
3650.000244 0.000000 4083.444580 0.000000 0.715272 0.000000 -0.698846 0.957374 0.957374 0.957374
3663.897217 0.000000 4077.070801 0.000000 0.982230 0.000000 -0.187682 0.922908 0.922908 0.922908
3654.110840 0.000000 4090.229248 0.000000 0.544057 0.000000 0.839048 0.752368 0.752368 0.752368
3684.627686 0.000000 4096.955566 0.000000 0.740000 0.000000 0.672607 0.797229 0.797229 0.797229
3651.665283 0.000000 4080.632080 0.000000 0.993009 0.000000 0.118041 0.888303 0.888303 0.888303
3703.454834 0.000000 4077.474121 0.000000 0.876767 0.000000 0.480915 0.807564 0.807564 0.807564
3655.513672 0.000000 4083.010254 0.000000 0.065386 0.000000 -0.997860 1.542654 1.542654 1.542654
3677.007080 0.000000 4088.250000 0.000000 0.934771 0.000000 -0.355250 0.964466 0.964466 0.964466
3667.871338 0.000000 4088.669434 0.000000 0.282402 0.000000 0.959296 0.807644 0.807644 0.807644
3700.130127 0.000000 4088.274414 0.000000 0.993074 0.000000 0.117487 0.879097 0.879097 0.879097
3705.460938 0.000000 4087.145264 0.000000 0.050138 0.000000 -0.998742 0.995668 0.995668 0.995668
3685.473633 0.000000 4089.389404 0.000000 0.052560 0.000000 -0.998618 0.998927 0.998927 0.998927
3650.635986 0.000000 4087.489258 0.000000 0.866481 0.000000 0.499209 0.686256 0.686256 0.686256
3698.338867 0.000000 4078.718262 0.000000 0.984446 0.000000 -0.175685 0.928173 0.928173 0.928173
3694.544434 0.000000 4086.565674 0.000000 0.850283 0.000000 -0.526326 1.028275 1.028275 1.028275
3694.896729 0.000000 4081.891846 0.000000 0.363204 0.000000 0.931710 0.829950 0.829950 0.829950
3659.453857 0.000000 4085.275146 0.000000 0.812513 0.000000 0.582944 0.858050 0.858050 0.858050
3689.171143 0.000000 4099.339844 0.000000 0.063301 0.000000 0.997994 0.723871 0.723871 0.723871
3671.927979 0.000000 4094.161865 0.000000 0.878851 0.000000 0.477096 0.830716 0.830716 0.830716
3654.059570 0.000000 4080.096191 0.000000 0.076672 0.000000 0.997056 0.631442 0.631442 0.631442
3654.079346 0.000000 4085.267334 0.000000 0.750796 0.000000 0.660535 0.823803 0.823803 0.823803
3700.272461 0.000000 4076.152588 0.000000 0.218479 0.000000 -0.975842 1.130623 1.130623 1.130623
3666.670898 0.000000 4079.733398 0.000000 0.097918 0.000000 0.995194 0.790801 0.790801 0.790801
3658.067139 0.000000 4087.408203 0.000000 0.336671 0.000000 -0.941622 1.040652 1.040652 1.040652
3710.318115 0.000000 4071.980713 0.000000 0.739346 0.000000 0.673326 0.840248 0.840248 0.840248
3684.977783 0.000000 4086.965820 0.000000 0.940156 0.000000 0.340745 0.827342 0.827342 0.827342
3703.889404 0.000000 4085.169678 0.000000 0.461723 0.000000 0.887024 0.772546 0.772546 0.772546
3698.802490 0.000000 4083.973877 0.000000 0.510581 0.000000 -0.859830 1.174396 1.174396 1.174396
3696.510986 0.000000 4088.175049 0.000000 0.715618 0.000000 0.698491 0.847875 0.847875 0.847875
3662.828857 0.000000 4082.218506 0.000000 0.773319 0.000000 -0.634017 1.203976 1.203976 1.203976
3676.421143 0.000000 4084.831055 0.000000 0.075374 0.000000 -0.997155 1.293108 1.293108 1.293108
3669.598877 0.000000 4064.816650 0.000000 0.723806 0.000000 0.690004 0.841826 0.841826 0.841826
3658.899170 0.000000 4080.880859 0.000000 0.271480 0.000000 0.962444 0.483631 0.483631 0.483631
3673.539062 0.000000 4077.459961 0.000000 0.873057 0.000000 -0.487617 0.943490 0.943490 0.943490
3710.984375 0.000000 4079.136963 0.000000 0.869610 0.000000 -0.493739 0.960333 0.960333 0.960333
3680.091309 0.000000 4083.435547 0.000000 0.898443 0.000000 0.439089 0.819309 0.819309 0.819309
3651.652588 0.000000 4085.214600 0.000000 0.136984 0.000000 -0.990573 1.263934 1.263934 1.263934
3683.973633 0.000000 4083.510986 0.000000 0.483641 0.000000 0.875266 0.732339 0.732339 0.732339
3697.022949 0.000000 4109.105957 0.000000 0.525618 0.000000 -0.850721 1.032581 1.032581 1.032581
3669.737305 0.000000 4086.138672 0.000000 0.868035 0.000000 -0.496504 0.961873 0.961873 0.961873
3703.691162 0.000000 4065.289795 0.000000 0.432708 0.000000 -0.901534 0.990862 0.990862 0.990862
3650.056641 0.000000 4093.950439 0.000000 0.877425 0.000000 0.479714 0.831425 0.831425 0.831425
3662.106934 0.000000 4089.618896 0.000000 0.207388 0.000000 0.978259 0.606237 0.606237 0.606237
3675.885010 0.000000 4081.387939 0.000000 0.920276 0.000000 0.391269 0.869289 0.869289 0.869289
3662.730957 0.000000 4086.412842 0.000000 0.934642 0.000000 -0.355590 0.934308 0.934308 0.934308
3708.576904 0.000000 4088.824463 0.000000 0.973434 0.000000 0.228970 0.839787 0.839787 0.839787
3695.849365 0.000000 4090.688477 0.000000 0.801097 0.000000 -0.598534 0.967763 0.967763 0.967763
3659.113281 0.000000 4109.979492 0.000000 0.278914 0.000000 -0.960316 1.137332 1.137332 1.137332
3653.861816 0.000000 4108.827637 0.000000 0.402527 0.000000 -0.915408 0.998746 0.998746 0.998746
3701.957520 0.000000 4072.439697 0.000000 0.367411 0.000000 -0.930059 1.010047 1.010047 1.010047
3666.731689 0.000000 4100.508789 0.000000 0.906890 0.000000 0.421368 0.865795 0.865795 0.865795
3663.173340 0.000000 4102.899902 0.000000 0.514493 0.000000 -0.857495 1.018073 1.018073 1.018073
3651.772949 0.000000 4089.391357 0.000000 0.675674 0.000000 -0.737200 0.974500 0.974500 0.974500
3697.472900 0.000000 4092.304443 0.000000 0.912136 0.000000 0.409887 0.837371 0.837371 0.837371
3659.835449 0.000000 4104.797852 0.000000 0.510890 0.000000 0.859646 0.762850 0.762850 0.762850
3707.949707 0.000000 4083.286377 0.000000 0.942777 0.000000 -0.333423 0.966450 0.966450 0.966450
3666.674072 0.000000 4096.181641 0.000000 0.863863 0.000000 -0.503727 0.958122 0.958122 0.958122
3675.792725 0.000000 4074.321777 0.000000 0.256794 0.000000 -0.966466 1.085591 1.085591 1.085591
3675.324707 0.000000 4078.696045 0.000000 0.967209 0.000000 -0.253983 0.956545 0.956545 0.956545
3699.530518 0.000000 4091.642822 0.000000 0.815012 0.000000 0.579445 0.726414 0.726414 0.726414
3649.509033 0.000000 4091.659180 0.000000 0.563877 0.000000 -0.825858 1.009168 1.009168 1.009168
3678.793701 0.000000 4091.683105 0.000000 0.606996 0.000000 0.794705 0.743150 0.743150 0.743150
3696.916748 0.000000 4094.390137 0.000000 0.988788 0.000000 0.149324 0.886529 0.886529 0.886529
3658.547119 0.000000 4106.664551 0.000000 0.936354 0.000000 0.351056 0.837135 0.837135 0.837135
3662.212402 0.000000 4078.376465 0.000000 0.833812 0.000000 -0.552048 1.020890 1.020890 1.020890
3707.400391 0.000000 4078.615234 0.000000 0.742779 0.000000 -0.669536 1.017028 1.017028 1.017028
3661.805908 0.000000 4084.546875 0.000000 0.924649 0.000000 0.380821 0.806073 0.806073 0.806073
3679.887695 0.000000 4095.589355 0.000000 0.593243 0.000000 -0.805023 1.000918 1.000918 1.000918
3647.590820 0.000000 4087.695801 0.000000 0.302611 0.000000 0.953114 0.701295 0.701295 0.701295
3653.768555 0.000000 4092.420654 0.000000 0.930193 0.000000 -0.367071 0.937159 0.937159 0.937159
3654.591309 0.000000 4076.922363 0.000000 0.012653 0.000000 -0.999920 1.208086 1.208086 1.208086
3702.747070 0.000000 4079.743164 0.000000 0.102121 0.000000 0.994772 0.728423 0.728423 0.728423
3687.885986 0.000000 4096.813965 0.000000 0.619496 0.000000 0.785000 0.812785 0.812785 0.812785
3699.393311 0.000000 4074.308594 0.000000 0.351154 0.000000 -0.936318 1.041607 1.041607 1.041607
3665.202881 0.000000 4103.178711 0.000000 0.928070 0.000000 -0.372406 0.993458 0.993458 0.993458
3692.189453 0.000000 4088.442627 0.000000 0.990209 0.000000 -0.139594 0.915734 0.915734 0.915734
3710.045410 0.000000 4092.145996 0.000000 0.185440 0.000000 0.982656 0.610740 0.610740 0.610740
3672.497070 0.000000 4089.726318 0.000000 0.720670 0.000000 -0.693278 1.077282 1.077282 1.077282
3661.914551 0.000000 4092.128418 0.000000 0.373321 0.000000 -0.927702 1.054847 1.054847 1.054847
3657.004395 0.000000 4064.995361 0.000000 0.694596 0.000000 -0.719400 0.981185 0.981185 0.981185
3658.270996 0.000000 4078.853027 0.000000 0.125746 0.000000 0.992062 0.370882 0.370882 0.370882
3664.914307 0.000000 4082.148438 0.000000 0.257041 0.000000 0.966400 0.587797 0.587797 0.587797
3708.283203 0.000000 4095.321289 0.000000 1.000000 0.000000 0.000015 0.899998 0.899998 0.899998
3695.795410 0.000000 4107.156738 0.000000 0.944945 0.000000 0.327228 0.866293 0.866293 0.866293
3709.003418 0.000000 4084.985107 0.000000 0.998125 0.000000 0.061201 0.890368 0.890368 0.890368
3704.636230 0.000000 4083.291748 0.000000 0.363773 0.000000 0.931488 0.776128 0.776128 0.776128
3695.379639 0.000000 4098.607910 0.000000 0.975464 0.000000 0.220159 0.846134 0.846134 0.846134
3695.256348 0.000000 4102.589844 0.000000 0.998397 0.000000 -0.056603 0.905726 0.905726 0.905726
3682.988770 0.000000 4086.535645 0.000000 0.979045 0.000000 0.203643 0.858990 0.858990 0.858990
3669.302734 0.000000 4078.694580 0.000000 0.652369 0.000000 -0.757902 1.004357 1.004357 1.004357
3647.651855 0.000000 4091.286865 0.000000 0.999943 0.000000 -0.010719 0.902168 0.902168 0.902168
3647.578369 0.000000 4108.131836 0.000000 0.999439 0.000000 -0.033492 0.904742 0.904742 0.904742
3677.409912 0.000000 4090.098389 0.000000 0.497195 0.000000 -0.867639 1.051054 1.051054 1.051054
3709.157227 0.000000 4075.479492 0.000000 0.064518 0.000000 -0.997917 1.147057 1.147057 1.147057
3684.973877 0.000000 4094.119873 0.000000 0.898041 0.000000 -0.439912 0.969595 0.969595 0.969595
3683.813965 0.000000 4090.313965 0.000000 0.071890 0.000000 0.997413 0.593535 0.593535 0.593535
3682.212646 0.000000 4082.813232 0.000000 0.544043 0.000000 0.839057 0.743418 0.743418 0.743418
3699.847656 0.000000 4079.991699 0.000000 0.986703 0.000000 0.162535 0.873955 0.873955 0.873955
3700.347656 0.000000 4086.317871 0.000000 0.567539 0.000000 -0.823346 1.002149 1.002149 1.002149
3665.209473 0.000000 4089.993164 0.000000 0.042175 0.000000 0.999110 0.563407 0.563407 0.563407
3671.151611 0.000000 4091.028809 0.000000 0.843814 0.000000 -0.536635 0.987819 0.987819 0.987819
3696.331543 0.000000 4086.005127 0.000000 0.685614 0.000000 -0.727965 1.229760 1.229760 1.229760
3647.585449 0.000000 4097.387207 0.000000 0.734716 0.000000 -0.678375 1.017262 1.017262 1.017262
3701.690430 0.000000 4089.490967 0.000000 0.778584 0.000000 -0.627541 1.020417 1.020417 1.020417
3683.929443 0.000000 4077.301025 0.000000 0.135092 0.000000 -0.990833 1.106396 1.106396 1.106396
3669.815430 0.000000 4076.890625 0.000000 0.074123 0.000000 0.997249 0.647797 0.647797 0.647797
3670.063965 0.000000 4094.432129 0.000000 0.633898 0.000000 -0.773417 1.023177 1.023177 1.023177
3679.007324 0.000000 4087.772461 0.000000 0.047602 0.000000 -0.998866 1.170371 1.170371 1.170371
3681.184082 0.000000 4079.117676 0.000000 0.072649 0.000000 -0.997358 1.159184 1.159184 1.159184
3704.666992 0.000000 4080.931396 0.000000 0.666186 0.000000 -0.745786 1.022931 1.022931 1.022931
3690.879883 0.000000 4095.306641 0.000000 0.909294 0.000000 0.416154 0.832493 0.832493 0.832493
3693.729004 0.000000 4099.727051 0.000000 0.150403 0.000000 0.988625 0.539509 0.539509 0.539509
3655.558105 0.000000 4108.424316 0.000000 0.919009 0.000000 -0.394236 0.953721 0.953721 0.953721
3654.035645 0.000000 4081.972656 0.000000 0.961988 0.000000 0.273092 0.850280 0.850280 0.850280
3678.428223 0.000000 4084.223145 0.000000 0.978589 0.000000 -0.205822 0.931674 0.931674 0.931674
3707.005615 0.000000 4080.351562 0.000000 0.403212 0.000000 -0.915107 1.180465 1.180465 1.180465
3684.311523 0.000000 4085.292480 0.000000 0.563695 0.000000 -0.825983 1.100914 1.100914 1.100914
3682.835938 0.000000 4092.614746 0.000000 0.163530 0.000000 -0.986538 1.238154 1.238154 1.238154
3682.915039 0.000000 4080.643066 0.000000 0.997968 0.000000 0.063718 0.890115 0.890115 0.890115
3676.866211 0.000000 4086.493896 0.000000 0.523506 0.000000 -0.852022 1.207056 1.207056 1.207056
3667.456787 0.000000 4081.384033 0.000000 0.451106 0.000000 -0.892471 1.041238 1.041238 1.041238
3660.254883 0.000000 4092.788086 0.000000 0.572576 0.000000 -0.819852 1.025257 1.025257 1.025257
3710.317627 0.000000 4073.779541 0.000000 0.990379 0.000000 -0.138382 0.932129 0.932129 0.932129
3691.968262 0.000000 4093.426758 0.000000 0.528601 0.000000 -0.848870 1.143746 1.143746 1.143746
3702.414551 0.000000 4086.153320 0.000000 0.361366 0.000000 0.932424 0.724587 0.724587 0.724587
3647.839844 0.000000 4103.223633 0.000000 0.982147 0.000000 0.188116 0.872787 0.872787 0.872787
3679.435059 0.000000 4081.733887 0.000000 0.667885 0.000000 0.744264 0.720819 0.720819 0.720819
3693.760254 0.000000 4101.645996 0.000000 0.893438 0.000000 0.449186 0.828823 0.828823 0.828823
3692.384033 0.000000 4090.105225 0.000000 0.312568 0.000000 0.949895 0.680419 0.680419 0.680419
3702.010742 0.000000 4076.501953 0.000000 0.888477 0.000000 -0.458921 0.987845 0.987845 0.987845
3710.470947 0.000000 4088.441650 0.000000 0.997658 0.000000 0.068402 0.882619 0.882619 0.882619
3696.449951 0.000000 4082.526611 0.000000 0.211490 0.000000 0.977380 0.646800 0.646800 0.646800
3701.247314 0.000000 4083.024170 0.000000 0.058028 0.000000 0.998315 0.553306 0.553306 0.553306
3681.434570 0.000000 4095.060303 0.000000 0.988751 0.000000 -0.149570 0.941155 0.941155 0.941155
3662.449219 0.000000 4088.012451 0.000000 0.673922 0.000000 -0.738803 1.079311 1.079311 1.079311
3678.127197 0.000000 4080.841309 0.000000 0.271776 0.000000 -0.962361 1.176543 1.176543 1.176543
3698.653809 0.000000 4082.395264 0.000000 0.612708 0.000000 -0.790309 1.141620 1.141620 1.141620
3650.205566 0.000000 4085.904297 0.000000 0.994337 0.000000 0.106268 0.872967 0.872967 0.872967
3698.586670 0.000000 4087.848145 0.000000 0.038763 0.000000 -0.999248 1.247672 1.247672 1.247672
3656.936523 0.000000 4082.177490 0.000000 0.340657 0.000000 -0.940188 1.185829 1.185829 1.185829
3671.378174 0.000000 4092.678711 0.000000 0.469149 0.000000 -0.883119 1.230778 1.230778 1.230778
3694.920654 0.000000 4084.984619 0.000000 0.900628 0.000000 -0.434591 0.969702 0.969702 0.969702
3675.462158 0.000000 4087.943848 0.000000 0.611661 0.000000 0.791120 0.655979 0.655979 0.655979
3659.778809 0.000000 4079.378174 0.000000 0.979045 0.000000 -0.203642 0.975108 0.975108 0.975108
3680.342041 0.000000 4091.818115 0.000000 0.999811 0.000000 0.019459 0.895147 0.895147 0.895147
3710.367188 0.000000 4076.497559 0.000000 0.402568 0.000000 -0.915390 1.128666 1.128666 1.128666
3663.669922 0.000000 4089.628418 0.000000 0.077458 0.000000 -0.996996 1.222099 1.222099 1.222099
3662.655029 0.000000 4080.682373 0.000000 0.238572 0.000000 -0.971125 1.288459 1.288459 1.288459
3707.734375 0.000000 4081.647461 0.000000 0.376230 0.000000 0.926526 0.612425 0.612425 0.612425
3665.981201 0.000000 4081.083740 0.000000 0.707137 0.000000 -0.707076 1.185867 1.185867 1.185867
3697.577881 0.000000 4084.880615 0.000000 0.036017 0.000000 -0.999351 1.700044 1.700044 1.700044
3664.483154 0.000000 4078.452148 0.000000 0.522038 0.000000 0.852922 0.677353 0.677353 0.677353
3709.263184 0.000000 4079.057129 0.000000 0.912710 0.000000 0.408607 0.822446 0.822446 0.822446
3673.934326 0.000000 4090.685059 0.000000 0.329041 0.000000 0.944316 0.591858 0.591858 0.591858
3674.291016 0.000000 4076.183105 0.000000 0.474732 0.000000 0.880131 0.694473 0.694473 0.694473
3656.711914 0.000000 4083.801025 0.000000 0.999479 0.000000 -0.032273 0.907543 0.907543 0.907543
3654.173828 0.000000 4083.614502 0.000000 0.723831 0.000000 0.689978 0.574926 0.574926 0.574926
3699.820068 0.000000 4084.993652 0.000000 0.284338 0.000000 -0.958724 1.603109 1.603109 1.603109
3668.663330 0.000000 4094.184082 0.000000 0.988464 0.000000 -0.151459 0.936554 0.936554 0.936554
3656.898193 0.000000 4079.139893 0.000000 0.881369 0.000000 0.472429 0.802710 0.802710 0.802710
3693.302246 0.000000 4096.475098 0.000000 0.468212 0.000000 -0.883616 1.255448 1.255448 1.255448
3681.779053 0.000000 4093.536865 0.000000 0.998125 0.000000 0.061211 0.875779 0.875779 0.875779
3695.087402 0.000000 4087.916992 0.000000 0.760890 0.000000 0.648880 0.736584 0.736584 0.736584
3686.042725 0.000000 4099.791016 0.000000 0.192400 0.000000 0.981317 0.627693 0.627693 0.627693
3695.691895 0.000000 4089.289307 0.000000 0.964627 0.000000 -0.263619 0.975525 0.975525 0.975525
3680.415771 0.000000 4090.409424 0.000000 0.965739 0.000000 -0.259516 0.965474 0.965474 0.965474
3711.195801 0.000000 4077.660156 0.000000 0.143310 0.000000 -0.989678 1.182154 1.182154 1.182154
3708.770752 0.000000 4087.471436 0.000000 0.595582 0.000000 0.803295 0.654778 0.654778 0.654778
3695.539307 0.000000 4097.263184 0.000000 0.580892 0.000000 0.813980 0.656412 0.656412 0.656412
3664.927002 0.000000 4083.609131 0.000000 0.931588 0.000000 0.363516 0.811391 0.811391 0.811391
3699.894043 0.000000 4083.105469 0.000000 0.813053 0.000000 0.582190 0.735241 0.735241 0.735241
3652.937744 0.000000 4084.542480 0.000000 0.993809 0.000000 0.111105 0.862977 0.862977 0.862977
3663.913330 0.000000 4081.269775 0.000000 0.639326 0.000000 -0.768935 1.156219 1.156219 1.156219
3657.778809 0.000000 4080.115723 0.000000 0.693045 0.000000 -0.720894 1.361283 1.361283 1.361283
3661.547119 0.000000 4090.844727 0.000000 0.380767 0.000000 0.924671 0.626873 0.626873 0.626873
3665.393555 0.000000 4079.528564 0.000000 0.986322 0.000000 -0.164832 0.936090 0.936090 0.936090
3674.055908 0.000000 4078.947998 0.000000 0.149232 0.000000 0.988802 0.587101 0.587101 0.587101
3660.503418 0.000000 4084.487305 0.000000 0.129144 0.000000 0.991626 0.553488 0.553488 0.553488
3649.308350 0.000000 4086.866699 0.000000 0.379871 0.000000 -0.925039 1.157428 1.157428 1.157428
3683.959717 0.000000 4093.331055 0.000000 0.590376 0.000000 0.807128 0.674182 0.674182 0.674182
3692.704102 0.000000 4098.819824 0.000000 0.701406 0.000000 0.712762 0.698549 0.698549 0.698549
3650.502930 0.000000 4084.672852 0.000000 0.437844 0.000000 -0.899051 1.183757 1.183757 1.183757
3647.557373 0.000000 4089.131836 0.000000 0.980342 0.000000 -0.197306 0.961137 0.961137 0.961137
3697.121826 0.000000 4087.074219 0.000000 0.940042 0.000000 0.341060 0.759237 0.759237 0.759237
3677.553711 0.000000 4085.323730 0.000000 0.075248 0.000000 -0.997165 1.293141 1.293141 1.293141
3663.791504 0.000000 4083.057861 0.000000 0.996171 0.000000 -0.087423 0.938746 0.938746 0.938746
3677.849854 0.000000 4087.303711 0.000000 0.063847 0.000000 -0.997960 1.353705 1.353705 1.353705
3708.911377 0.000000 4086.222656 0.000000 0.844873 0.000000 -0.534966 1.048391 1.048391 1.048391
3698.401611 0.000000 4091.242676 0.000000 0.222344 0.000000 0.974968 0.521798 0.521798 0.521798
3662.887207 0.000000 4083.834961 0.000000 0.402262 0.000000 0.915525 0.387952 0.387952 0.387952
3657.759766 0.000000 4081.314697 0.000000 0.329317 0.000000 0.944219 0.192273 0.192273 0.192273
3681.492920 0.000000 4092.401611 0.000000 0.779832 0.000000 0.625988 0.632516 0.632516 0.632516
3698.685059 0.000000 4085.249023 0.000000 0.874109 0.000000 -0.485730 1.178067 1.178067 1.178067
3662.708984 0.000000 4090.670410 0.000000 0.526603 0.000000 0.850111 0.603173 0.603173 0.603173
3670.872559 0.000000 4093.660889 0.000000 0.960614 0.000000 -0.277887 0.986049 0.986049 0.986049
3664.919189 0.000000 4080.732910 0.000000 0.689721 0.000000 0.724075 0.605275 0.605275 0.605275
3655.898682 0.000000 4082.039795 0.000000 0.723194 0.000000 -0.690644 1.225467 1.225467 1.225467
3658.984375 0.000000 4078.106201 0.000000 0.999973 0.000000 -0.007281 0.902666 0.902666 0.902666
3658.753662 0.000000 4079.782471 0.000000 0.932681 0.000000 -0.360703 1.035152 1.035152 1.035152
3651.071533 0.000000 4086.431396 0.000000 0.169386 0.000000 0.985550 0.327250 0.327250 0.327250
3697.301758 0.000000 4085.843750 0.000000 0.614938 0.000000 -0.788575 1.373576 1.373576 1.373576
3654.973877 0.000000 4082.147705 0.000000 0.012492 0.000000 0.999922 0.234745 0.234745 0.234745
3699.413086 0.000000 4085.864014 0.000000 0.985537 0.000000 0.169460 0.806644 0.806644 0.806644
3699.634277 0.000000 4084.174316 0.000000 0.992190 0.000000 0.124734 0.831437 0.831437 0.831437
3656.778564 0.000000 4081.352051 0.000000 0.810431 0.000000 0.585834 0.541381 0.541381 0.541381
3615.877441 0.000000 4114.551758 0.000000 0.828675 0.000000 0.559730 0.821247 0.821247 0.821247
3644.940674 0.000000 4110.273438 0.000000 0.999525 0.000000 0.030804 0.898062 0.898062 0.898062
3630.140625 0.000000 4136.330566 0.000000 0.673412 0.000000 0.739267 0.830833 0.830833 0.830833
3633.420898 0.000000 4128.432617 0.000000 0.370048 0.000000 -0.929013 0.918744 0.918744 0.918744
3609.330322 0.000000 4115.632812 0.000000 0.940094 0.000000 0.340914 0.864825 0.864825 0.864825
3639.104004 0.000000 4129.073730 0.000000 0.641065 0.000000 0.767486 0.888205 0.888205 0.888205
3613.238281 0.000000 4119.910156 0.000000 0.936431 0.000000 0.350852 0.890334 0.890334 0.890334
3623.980713 0.000000 4134.715332 0.000000 0.076546 0.000000 -0.997066 0.940287 0.940287 0.940287
3627.724365 0.000000 4115.787598 0.000000 0.347658 0.000000 -0.937621 0.957364 0.957364 0.957364
3633.688721 0.000000 4110.226562 0.000000 0.986676 0.000000 0.162698 0.886781 0.886781 0.886781
3641.909668 0.000000 4113.710449 0.000000 0.810140 0.000000 0.586237 0.839479 0.839479 0.839479
3639.933350 0.000000 4110.187012 0.000000 0.481895 0.000000 -0.876229 1.072774 1.072774 1.072774
3645.636963 0.000000 4114.229004 0.000000 0.633557 0.000000 0.773696 0.697252 0.697252 0.697252
3634.106201 0.000000 4137.312012 0.000000 0.961533 0.000000 -0.274688 0.939390 0.939390 0.939390
3625.698486 0.000000 4112.357910 0.000000 0.724217 0.000000 -0.689572 1.000870 1.000870 1.000870
3609.335693 0.000000 4119.254883 0.000000 0.480124 0.000000 0.877200 0.700453 0.700453 0.700453
3641.397461 0.000000 4126.476562 0.000000 0.174508 0.000000 -0.984656 1.009735 1.009735 1.009735
3622.008301 0.000000 4131.878418 0.000000 0.988748 0.000000 0.149592 0.888192 0.888192 0.888192
3612.892090 0.000000 4116.236328 0.000000 0.732339 0.000000 -0.680941 1.076718 1.076718 1.076718
3627.067627 0.000000 4133.889160 0.000000 0.770188 0.000000 -0.637817 1.086490 1.086490 1.086490
3624.179199 0.000000 4115.996582 0.000000 0.955531 0.000000 -0.294892 0.916142 0.916142 0.916142
3619.525879 0.000000 4112.677246 0.000000 0.573661 0.000000 -0.819093 0.943133 0.943133 0.943133
3631.200928 0.000000 4121.473633 0.000000 0.952925 0.000000 -0.303206 0.944991 0.944991 0.944991
3644.538574 0.000000 4120.927246 0.000000 0.503314 0.000000 0.864104 0.782783 0.782783 0.782783
3618.180664 0.000000 4116.294434 0.000000 0.831169 0.000000 -0.556020 0.967562 0.967562 0.967562
3636.442383 0.000000 4110.611816 0.000000 0.278786 0.000000 -0.960353 1.053414 1.053414 1.053414
3634.367432 0.000000 4113.083496 0.000000 0.804741 0.000000 0.593625 0.865727 0.865727 0.865727
3622.997070 0.000000 4113.550293 0.000000 0.843889 0.000000 -0.536518 0.959804 0.959804 0.959804
3639.462646 0.000000 4124.716309 0.000000 0.410493 0.000000 -0.911864 1.317796 1.317796 1.317796
3641.679199 0.000000 4116.616211 0.000000 0.612978 0.000000 0.790100 0.809938 0.809938 0.809938
3642.459717 0.000000 4111.007812 0.000000 0.658357 0.000000 0.752706 0.771714 0.771714 0.771714
3636.280273 0.000000 4123.395020 0.000000 0.744122 0.000000 -0.668044 0.950957 0.950957 0.950957
3629.407227 0.000000 4113.736816 0.000000 0.556793 0.000000 0.830651 0.781061 0.781061 0.781061
3646.781006 0.000000 4111.928711 0.000000 0.917317 0.000000 -0.398158 0.961648 0.961648 0.961648
3607.326904 0.000000 4117.857910 0.000000 0.840164 0.000000 -0.542332 0.992732 0.992732 0.992732
3627.327881 0.000000 4130.187988 0.000000 0.569350 0.000000 0.822095 0.832779 0.832779 0.832779
3633.478760 0.000000 4120.403320 0.000000 0.989625 0.000000 -0.143677 0.911986 0.911986 0.911986
3611.539795 0.000000 4118.211914 0.000000 0.862968 0.000000 -0.505259 0.967838 0.967838 0.967838
3639.698975 0.000000 4112.532227 0.000000 0.250223 0.000000 -0.968188 1.332328 1.332328 1.332328
3606.007812 0.000000 4119.725586 0.000000 0.985698 0.000000 0.168519 0.879075 0.879075 0.879075
3631.857178 0.000000 4137.930664 0.000000 0.892229 0.000000 -0.451583 0.938952 0.938952 0.938952
3640.600342 0.000000 4122.644043 0.000000 0.641174 0.000000 0.767396 0.719173 0.719173 0.719173
3644.235840 0.000000 4112.422363 0.000000 0.955558 0.000000 0.294805 0.834106 0.834106 0.834106
3643.906982 0.000000 4138.348145 0.000000 0.999913 0.000000 -0.013210 0.902434 0.902434 0.902434
3643.408203 0.000000 4125.857910 0.000000 0.976783 0.000000 0.214230 0.844212 0.844212 0.844212
3617.926758 0.000000 4114.084961 0.000000 0.118095 0.000000 0.993002 0.593236 0.593236 0.593236
3638.754883 0.000000 4126.985352 0.000000 0.866438 0.000000 0.499285 0.836571 0.836571 0.836571
3628.197266 0.000000 4135.685059 0.000000 0.047547 0.000000 0.998869 0.725450 0.725450 0.725450
3611.196533 0.000000 4114.912598 0.000000 0.312914 0.000000 0.949781 0.677669 0.677669 0.677669
3627.715576 0.000000 4112.457031 0.000000 0.988363 0.000000 -0.152113 0.920930 0.920930 0.920930
3619.500000 0.000000 4117.905762 0.000000 0.944636 0.000000 -0.328119 0.938309 0.938309 0.938309
3638.314453 0.000000 4111.237305 0.000000 0.381639 0.000000 0.924311 0.709229 0.709229 0.709229
3635.855469 0.000000 4127.234375 0.000000 0.893248 0.000000 -0.449565 0.958670 0.958670 0.958670
3623.659912 0.000000 4132.890137 0.000000 0.668777 0.000000 0.743463 0.796412 0.796412 0.796412
3613.947998 0.000000 4114.645508 0.000000 0.791805 0.000000 -0.610774 0.995959 0.995959 0.995959
3641.464355 0.000000 4124.632324 0.000000 0.926104 0.000000 -0.377269 0.970405 0.970405 0.970405
3640.914551 0.000000 4118.258789 0.000000 0.938051 0.000000 0.346498 0.806186 0.806186 0.806186
3642.690186 0.000000 4121.424805 0.000000 0.968622 0.000000 -0.248539 0.949099 0.949099 0.949099
3625.858887 0.000000 4135.298828 0.000000 0.994085 0.000000 0.108601 0.885575 0.885575 0.885575
3609.961670 0.000000 4117.293945 0.000000 0.984473 0.000000 -0.175536 0.980482 0.980482 0.980482
3640.674805 0.000000 4128.173828 0.000000 0.229619 0.000000 0.973281 0.725487 0.725487 0.725487
3627.283447 0.000000 4132.153809 0.000000 0.866738 0.000000 -0.498763 1.040792 1.040792 1.040792
3643.273926 0.000000 4119.567383 0.000000 0.066235 0.000000 0.997804 0.639703 0.639703 0.639703
3647.056641 0.000000 4110.245117 0.000000 0.329480 0.000000 0.944162 0.714074 0.714074 0.714074
3619.622803 0.000000 4114.546875 0.000000 0.285137 0.000000 -0.958487 1.162055 1.162055 1.162055
3638.018555 0.000000 4123.744141 0.000000 0.211146 0.000000 0.977455 0.677248 0.677248 0.677248
3634.979736 0.000000 4111.466797 0.000000 0.900423 0.000000 -0.435015 0.992022 0.992022 0.992022
3637.342041 0.000000 4127.925781 0.000000 0.466276 0.000000 -0.884639 1.263485 1.263485 1.263485
3625.315186 0.000000 4133.554688 0.000000 0.726260 0.000000 0.687421 0.736513 0.736513 0.736513
3616.501953 0.000000 4116.006348 0.000000 0.964706 0.000000 0.263331 0.859286 0.859286 0.859286
3607.822510 0.000000 4116.270508 0.000000 0.081656 0.000000 -0.996661 1.140893 1.140893 1.140893
3630.911377 0.000000 4130.718750 0.000000 0.787724 0.000000 -0.616028 1.004387 1.004387 1.004387
3635.573975 0.000000 4117.345703 0.000000 0.531426 0.000000 -0.847105 1.115699 1.115699 1.115699
3642.468750 0.000000 4118.002441 0.000000 0.647444 0.000000 0.762113 0.750074 0.750074 0.750074
3611.211182 0.000000 4116.492188 0.000000 0.703240 0.000000 0.710952 0.505515 0.505515 0.505515
3643.830811 0.000000 4124.288086 0.000000 0.780481 0.000000 -0.625179 1.074508 1.074508 1.074508
3638.614014 0.000000 4113.576660 0.000000 0.997145 0.000000 0.075508 0.875206 0.875206 0.875206
3645.604736 0.000000 4112.798828 0.000000 0.827801 0.000000 0.561021 0.768847 0.768847 0.768847
3646.930176 0.000000 4113.315918 0.000000 0.839307 0.000000 -0.543658 1.045938 1.045938 1.045938
3638.417725 0.000000 4125.591309 0.000000 0.974559 0.000000 -0.224132 0.982282 0.982282 0.982282
3608.723877 0.000000 4117.917969 0.000000 0.883137 0.000000 0.469115 0.677282 0.677282 0.677282
3643.857666 0.000000 4122.324707 0.000000 0.995096 0.000000 -0.098911 0.938734 0.938734 0.938734
3643.239990 0.000000 4116.883301 0.000000 0.520870 0.000000 0.853636 0.660966 0.660966 0.660966
3641.401611 0.000000 4110.190430 0.000000 0.964099 0.000000 -0.265543 0.985753 0.985753 0.985753
3612.747559 0.000000 4117.546875 0.000000 0.964986 0.000000 0.262302 0.837384 0.837384 0.837384
3645.688721 0.000000 4115.524414 0.000000 0.842872 0.000000 -0.538114 1.030221 1.030221 1.030221
3637.017090 0.000000 4124.472168 0.000000 0.701283 0.000000 0.712883 0.600433 0.600433 0.600433
3640.226074 0.000000 4111.375488 0.000000 0.592065 0.000000 -0.805890 1.199015 1.199015 1.199015
3642.683594 0.000000 4124.789551 0.000000 0.373141 0.000000 -0.927774 1.207075 1.207075 1.207075
3638.273193 0.000000 4112.442871 0.000000 0.901647 0.000000 -0.432473 1.046713 1.046713 1.046713
3637.592529 0.000000 4126.746582 0.000000 0.809999 0.000000 0.586431 0.690207 0.690207 0.690207
3608.877441 0.000000 4116.696777 0.000000 0.397608 0.000000 -0.917555 1.429960 1.429960 1.429960
3611.819580 0.000000 4117.255371 0.000000 0.894940 0.000000 -0.446186 1.130699 1.130699 1.130699
3608.064697 0.000000 4117.188477 0.000000 0.992532 0.000000 -0.121987 0.955779 0.955779 0.955779
3610.892822 0.000000 4117.396973 0.000000 0.971901 0.000000 -0.235390 1.018527 1.018527 1.018527
3674.725586 0.000000 4133.729980 0.000000 0.304274 0.000000 0.952585 0.874487 0.874487 0.874487
3688.953125 0.000000 4129.080078 0.000000 0.990170 0.000000 -0.139870 0.903468 0.903468 0.903468
3681.341553 0.000000 4150.072754 0.000000 0.694073 0.000000 -0.719904 0.918057 0.918057 0.918057
3702.677002 0.000000 4135.167969 0.000000 0.247228 0.000000 0.968957 0.891096 0.891096 0.891096
3667.814209 0.000000 4110.185547 0.000000 0.987135 0.000000 0.159892 0.897114 0.897114 0.897114
3664.154541 0.000000 4127.196289 0.000000 0.637472 0.000000 -0.770473 0.941503 0.941503 0.941503
3656.510254 0.000000 4127.783691 0.000000 0.564820 0.000000 0.825214 0.808407 0.808407 0.808407
3664.376709 0.000000 4116.295410 0.000000 0.445334 0.000000 -0.895364 1.042065 1.042065 1.042065
3672.909912 0.000000 4138.972168 0.000000 0.435128 0.000000 0.900368 0.867267 0.867267 0.867267
3665.091553 0.000000 4121.858398 0.000000 0.842121 0.000000 -0.539289 0.967830 0.967830 0.967830
3691.716553 0.000000 4115.787598 0.000000 0.995168 0.000000 0.098183 0.894918 0.894918 0.894918
3666.765381 0.000000 4138.273438 0.000000 0.735041 0.000000 -0.678023 0.911719 0.911719 0.911719
3697.726562 0.000000 4123.050293 0.000000 0.996756 0.000000 0.080487 0.897103 0.897103 0.897103
3703.849609 0.000000 4141.536133 0.000000 0.357674 0.000000 -0.933846 0.943321 0.943321 0.943321
3660.400635 0.000000 4130.070801 0.000000 0.076708 0.000000 -0.997054 0.963781 0.963781 0.963781
3663.528564 0.000000 4111.797852 0.000000 0.996771 0.000000 0.080294 0.898374 0.898374 0.898374
3697.680908 0.000000 4110.226562 0.000000 0.982087 0.000000 -0.188426 0.931092 0.931092 0.931092
3677.689697 0.000000 4147.380859 0.000000 0.992837 0.000000 0.119478 0.896502 0.896502 0.896502
3659.596436 0.000000 4116.375000 0.000000 0.959410 0.000000 0.282014 0.891007 0.891007 0.891007
3702.322754 0.000000 4156.643555 0.000000 0.964937 0.000000 0.262482 0.894032 0.894032 0.894032
3706.308594 0.000000 4131.955566 0.000000 0.376819 0.000000 -0.926287 0.995807 0.995807 0.995807
3672.852539 0.000000 4143.738770 0.000000 0.815641 0.000000 0.578558 0.883365 0.883365 0.883365
3655.206055 0.000000 4122.085938 0.000000 0.900450 0.000000 0.434959 0.872701 0.872701 0.872701
3663.895020 0.000000 4131.705566 0.000000 0.785728 0.000000 0.618573 0.877522 0.877522 0.877522
3689.690674 0.000000 4112.357910 0.000000 0.939659 0.000000 -0.342112 0.958840 0.958840 0.958840
3662.351074 0.000000 4119.356934 0.000000 0.983594 0.000000 0.180395 0.835605 0.835605 0.835605
3656.013428 0.000000 4118.608398 0.000000 0.999160 0.000000 -0.040967 0.912706 0.912706 0.912706
3710.216064 0.000000 4130.661621 0.000000 0.737794 0.000000 0.675026 0.751820 0.751820 0.751820
3685.587646 0.000000 4121.094727 0.000000 0.919182 0.000000 0.393834 0.859071 0.859071 0.859071
3657.117920 0.000000 4114.347656 0.000000 0.431565 0.000000 0.902082 0.574044 0.574044 0.574044
3688.171387 0.000000 4115.996582 0.000000 0.969907 0.000000 0.243476 0.842528 0.842528 0.842528
3661.749268 0.000000 4122.371094 0.000000 0.958368 0.000000 -0.285535 0.921470 0.921470 0.921470
3656.689941 0.000000 4124.792480 0.000000 0.557509 0.000000 0.830171 0.818576 0.818576 0.818576
3665.522217 0.000000 4119.013184 0.000000 0.844148 0.000000 0.536111 0.814820 0.814820 0.814820
3705.790039 0.000000 4139.488281 0.000000 0.974888 0.000000 -0.222697 0.932799 0.932799 0.932799
3663.897217 0.000000 4124.313477 0.000000 0.219195 0.000000 0.975681 0.460234 0.460234 0.460234
3661.175537 0.000000 4127.453125 0.000000 0.514137 0.000000 0.857708 0.726294 0.726294 0.726294
3689.375488 0.000000 4131.764648 0.000000 0.850456 0.000000 0.526046 0.871373 0.871373 0.871373
3685.403564 0.000000 4118.288086 0.000000 0.958367 0.000000 0.285538 0.859010 0.859010 0.859010
3656.656494 0.000000 4110.119629 0.000000 0.926967 0.000000 -0.375142 0.975172 0.975172 0.975172
3686.989258 0.000000 4113.550293 0.000000 0.940013 0.000000 0.341138 0.871841 0.871841 0.871841
3705.460938 0.000000 4134.387695 0.000000 0.996115 0.000000 -0.088065 0.911888 0.911888 0.911888
3665.439697 0.000000 4113.972656 0.000000 0.697049 0.000000 0.717024 0.768860 0.768860 0.768860
3704.029297 0.000000 4137.468262 0.000000 0.999231 0.000000 -0.039215 0.903966 0.903966 0.903966
3662.828857 0.000000 4129.460938 0.000000 0.457728 0.000000 -0.889092 1.210105 1.210105 1.210105
3710.984375 0.000000 4126.379395 0.000000 0.516825 0.000000 0.856091 0.708350 0.708350 0.708350
3662.107666 0.000000 4116.709961 0.000000 0.092237 0.000000 -0.995737 1.139175 1.139175 1.139175
3665.445801 0.000000 4110.123535 0.000000 0.541766 0.000000 -0.840529 0.985233 0.985233 0.985233
3707.701660 0.000000 4133.829102 0.000000 0.596556 0.000000 0.802572 0.692774 0.692774 0.692774
3657.039551 0.000000 4116.589844 0.000000 0.412444 0.000000 0.910983 0.470112 0.470112 0.470112
3707.949707 0.000000 4130.528809 0.000000 0.764130 0.000000 -0.645063 0.956711 0.956711 0.956711
3660.493164 0.000000 4118.311035 0.000000 0.003947 0.000000 0.999992 0.745096 0.745096 0.745096
3689.820068 0.000000 4114.525391 0.000000 0.748814 0.000000 0.662781 0.730695 0.730695 0.730695
3662.212402 0.000000 4125.619141 0.000000 0.914070 0.000000 0.405556 0.763950 0.763950 0.763950
3656.887451 0.000000 4120.840332 0.000000 0.987029 0.000000 0.160543 0.878625 0.878625 0.878625
3659.401367 0.000000 4113.815430 0.000000 0.027304 0.000000 0.999627 0.674576 0.674576 0.674576
3657.004395 0.000000 4112.237793 0.000000 0.156783 0.000000 0.987633 0.557027 0.557027 0.557027
3665.870361 0.000000 4125.060059 0.000000 0.324258 0.000000 -0.945969 1.025434 1.025434 1.025434
3710.757324 0.000000 4128.333008 0.000000 0.418070 0.000000 0.908415 0.434029 0.434029 0.434029
3687.306152 0.000000 4117.739746 0.000000 0.971503 0.000000 0.237027 0.813432 0.813432 0.813432
3664.069580 0.000000 4120.272949 0.000000 0.934999 0.000000 0.354651 0.856827 0.856827 0.856827
3660.813232 0.000000 4120.446289 0.000000 0.995940 0.000000 -0.090023 0.916406 0.916406 0.916406
3663.833496 0.000000 4118.129395 0.000000 0.035814 0.000000 0.999358 0.355070 0.355070 0.355070
3654.419434 0.000000 4117.426758 0.000000 0.040623 0.000000 -0.999175 1.120039 1.120039 1.120039
3689.968018 0.000000 4116.441895 0.000000 0.903168 0.000000 0.429287 0.838189 0.838189 0.838189
3686.600586 0.000000 4119.622070 0.000000 0.896976 0.000000 -0.442078 1.092402 1.092402 1.092402
3704.300293 0.000000 4135.730469 0.000000 0.878210 0.000000 0.478276 0.832770 0.832770 0.832770
3684.416748 0.000000 4119.706055 0.000000 0.095215 0.000000 -0.995457 1.108854 1.108854 1.108854
3663.439453 0.000000 4122.653809 0.000000 0.296087 0.000000 -0.955161 1.196817 1.196817 1.196817
3689.016846 0.000000 4117.911133 0.000000 0.806357 0.000000 -0.591429 0.988158 0.988158 0.988158
3686.652588 0.000000 4115.174316 0.000000 0.996894 0.000000 0.078759 0.883702 0.883702 0.883702
3697.245117 0.000000 4111.869629 0.000000 0.672606 0.000000 0.740001 0.763357 0.763357 0.763357
3662.678467 0.000000 4121.042969 0.000000 0.935758 0.000000 0.352644 0.791491 0.791491 0.791491
3665.025635 0.000000 4112.445801 0.000000 0.558201 0.000000 -0.829706 1.060510 1.060510 1.060510
3686.099854 0.000000 4116.651367 0.000000 0.410909 0.000000 0.911676 0.484948 0.484948 0.484948
3688.514893 0.000000 4113.518555 0.000000 0.835517 0.000000 -0.549464 0.998030 0.998030 0.998030
3662.655029 0.000000 4127.924805 0.000000 0.331873 0.000000 -0.943324 1.365245 1.365245 1.365245
3647.583252 0.000000 4112.312012 0.000000 0.697414 0.000000 -0.716669 1.102869 1.102869 1.102869
3661.432373 0.000000 4128.909668 0.000000 0.950175 0.000000 -0.311718 0.963392 0.963392 0.963392
3657.919922 0.000000 4119.811035 0.000000 0.993934 0.000000 -0.109980 0.934171 0.934171 0.934171
3658.021240 0.000000 4110.705566 0.000000 0.999523 0.000000 0.030886 0.893337 0.893337 0.893337
3706.421631 0.000000 4133.353027 0.000000 0.636825 0.000000 0.771008 0.704157 0.704157 0.704157
3707.670898 0.000000 4132.475098 0.000000 0.983765 0.000000 -0.179460 0.940137 0.940137 0.940137
3663.913330 0.000000 4128.512207 0.000000 0.809586 0.000000 0.587001 0.722392 0.722392 0.722392
3657.229980 0.000000 4117.867188 0.000000 0.504933 0.000000 0.863158 0.509200 0.509200 0.509200
3662.710205 0.000000 4123.717773 0.000000 0.061070 0.000000 -0.998133 1.252779 1.252779 1.252779
3711.003662 0.000000 4129.628418 0.000000 0.546308 0.000000 -0.837584 1.306009 1.306009 1.306009
3662.931396 0.000000 4126.684570 0.000000 0.746769 0.000000 -0.665084 1.174655 1.174655 1.174655
3686.863525 0.000000 4120.971191 0.000000 0.003277 0.000000 -0.999995 1.305036 1.305036 1.305036
3663.505859 0.000000 4119.254395 0.000000 0.690628 0.000000 0.723210 0.612997 0.612997 0.612997
3663.792725 0.000000 4121.570312 0.000000 0.623328 0.000000 -0.781961 1.170314 1.170314 1.170314
3663.359619 0.000000 4125.375488 0.000000 0.939768 0.000000 0.341814 0.786346 0.786346 0.786346
3657.064697 0.000000 4119.069336 0.000000 0.993877 0.000000 -0.110496 0.934332 0.934332 0.934332
3687.184326 0.000000 4116.527832 0.000000 0.501731 0.000000 0.865024 0.521900 0.521900 0.521900
3686.495117 0.000000 4118.470215 0.000000 0.846421 0.000000 -0.532514 1.135953 1.135953 1.135953
3687.493408 0.000000 4118.831055 0.000000 0.513239 0.000000 0.858246 0.466452 0.466452 0.466452
3710.144043 0.000000 4129.194824 0.000000 0.635001 0.000000 0.772511 0.538998 0.538998 0.538998
3711.915771 0.000000 4093.185547 0.000000 0.737005 0.000000 -0.675887 1.055084 1.055084 1.055084
3712.825928 0.000000 4080.663086 0.000000 0.721698 0.000000 0.692208 0.838157 0.838157 0.838157
3722.358643 0.000000 4099.714844 0.000000 0.467995 0.000000 0.883731 0.746587 0.746587 0.746587
3715.322266 0.000000 4073.807373 0.000000 0.998572 0.000000 -0.053419 0.903963 0.903963 0.903963
3712.564453 0.000000 4085.749512 0.000000 0.132289 0.000000 0.991211 0.612414 0.612414 0.612414
3715.585205 0.000000 4097.074707 0.000000 0.998724 0.000000 -0.050508 0.921685 0.921685 0.921685
3716.622314 0.000000 4078.079346 0.000000 0.368687 0.000000 -0.929554 1.090351 1.090351 1.090351
3716.765381 0.000000 4083.180664 0.000000 0.024263 0.000000 0.999706 0.646333 0.646333 0.646333
3711.846191 0.000000 4076.441406 0.000000 0.499202 0.000000 -0.866486 1.107241 1.107241 1.107241
3728.654053 0.000000 4105.290039 0.000000 0.169731 0.000000 -0.985490 1.035286 1.035286 1.035286
3719.198242 0.000000 4074.843750 0.000000 0.737090 0.000000 -0.675795 0.938348 0.938348 0.938348
3712.534424 0.000000 4070.912598 0.000000 0.941374 0.000000 0.337365 0.844330 0.844330 0.844330
3724.876221 0.000000 4102.691406 0.000000 0.841442 0.000000 -0.540347 0.924370 0.924370 0.924370
3719.163574 0.000000 4097.898438 0.000000 0.820492 0.000000 -0.571658 0.947855 0.947855 0.947855
3712.718018 0.000000 4089.645264 0.000000 0.753691 0.000000 -0.657228 1.016016 1.016016 1.016016
3715.316895 0.000000 4065.575684 0.000000 0.870335 0.000000 0.492460 0.777363 0.777363 0.777363
3721.339844 0.000000 4108.567871 0.000000 0.288753 0.000000 -0.957404 0.945940 0.945940 0.945940
3725.711426 0.000000 4099.062012 0.000000 0.676474 0.000000 0.736466 0.870239 0.870239 0.870239
3715.187744 0.000000 4105.221191 0.000000 0.932162 0.000000 -0.362041 0.912486 0.912486 0.912486
3712.606201 0.000000 4099.136719 0.000000 0.963100 0.000000 0.269146 0.825913 0.825913 0.825913
3729.351562 0.000000 4108.492676 0.000000 0.127343 0.000000 -0.991859 0.984305 0.984305 0.984305
3715.205566 0.000000 4069.371826 0.000000 0.734058 0.000000 -0.679087 0.977158 0.977158 0.977158
3716.351562 0.000000 4094.320557 0.000000 0.919845 0.000000 -0.392283 0.933513 0.933513 0.933513
3713.992432 0.000000 4083.444580 0.000000 0.536263 0.000000 -0.844051 1.049006 1.049006 1.049006
3712.549805 0.000000 4073.761719 0.000000 0.522593 0.000000 0.852583 0.622442 0.622442 0.622442
3715.657471 0.000000 4080.632080 0.000000 0.409487 0.000000 0.912316 0.672831 0.672831 0.672831
3713.907471 0.000000 4078.234619 0.000000 0.492854 0.000000 -0.870112 0.987743 0.987743 0.987743
3714.628174 0.000000 4087.489258 0.000000 0.024250 0.000000 -0.999706 1.160619 1.160619 1.160619
3726.153076 0.000000 4104.925781 0.000000 0.950266 0.000000 -0.311441 0.976854 0.976854 0.976854
3716.848145 0.000000 4075.689453 0.000000 0.997654 0.000000 0.068464 0.894458 0.894458 0.894458
3727.031738 0.000000 4107.645508 0.000000 0.935090 0.000000 0.354409 0.854415 0.854415 0.854415
3711.630371 0.000000 4082.937012 0.000000 0.919599 0.000000 -0.392859 0.940822 0.940822 0.940822
3715.644775 0.000000 4085.214600 0.000000 0.873360 0.000000 -0.487075 1.034883 1.034883 1.034883
3714.759033 0.000000 4071.649414 0.000000 0.508954 0.000000 0.860793 0.776529 0.776529 0.776529
3713.040771 0.000000 4068.752441 0.000000 0.929489 0.000000 0.368849 0.843130 0.843130 0.843130
3718.073975 0.000000 4095.913574 0.000000 0.303956 0.000000 -0.952686 0.999242 0.999242 0.999242
3727.165527 0.000000 4102.899902 0.000000 0.875374 0.000000 -0.483446 0.946484 0.946484 0.946484
3714.713867 0.000000 4099.737305 0.000000 0.976923 0.000000 -0.213592 1.002533 1.002533 1.002533
3723.798584 0.000000 4098.111328 0.000000 0.595932 0.000000 -0.803035 1.031981 1.031981 1.031981
3713.501221 0.000000 4091.659180 0.000000 0.935892 0.000000 0.352287 0.840140 0.840140 0.840140
3711.583008 0.000000 4087.695801 0.000000 0.982667 0.000000 0.185379 0.865227 0.865227 0.865227
3711.951416 0.000000 4078.816895 0.000000 0.861560 0.000000 0.507656 0.837788 0.837788 0.837788
3721.706299 0.000000 4097.722656 0.000000 0.995636 0.000000 -0.093319 0.918688 0.918688 0.918688
3715.943359 0.000000 4067.488770 0.000000 0.289001 0.000000 -0.957329 1.224385 1.224385 1.224385
3713.939941 0.000000 4066.949707 0.000000 0.993450 0.000000 0.114272 0.873753 0.873753 0.873753
3711.644043 0.000000 4091.286865 0.000000 0.215144 0.000000 -0.976582 1.149460 1.149460 1.149460
3713.815674 0.000000 4097.699707 0.000000 0.483328 0.000000 0.875439 0.710719 0.710719 0.710719
3714.308350 0.000000 4081.743408 0.000000 0.383511 0.000000 -0.923536 1.132764 1.132764 1.132764
3711.646240 0.000000 4072.372314 0.000000 0.703202 0.000000 -0.710990 1.083039 1.083039 1.083039
3715.322510 0.000000 4079.073242 0.000000 0.515869 0.000000 -0.856668 1.077989 1.077989 1.077989
3714.197754 0.000000 4085.904297 0.000000 0.999918 0.000000 -0.012790 0.903391 0.903391 0.903391
3713.953125 0.000000 4073.022461 0.000000 0.399199 0.000000 0.916864 0.584584 0.584584 0.584584
3715.786377 0.000000 4098.619141 0.000000 0.940354 0.000000 -0.340196 1.065350 1.065350 1.065350
3713.969971 0.000000 4070.288574 0.000000 0.761626 0.000000 -0.648017 1.014049 1.014049 1.014049
3711.587891 0.000000 4074.938965 0.000000 0.983846 0.000000 0.179018 0.847831 0.847831 0.847831
3712.600586 0.000000 4084.204346 0.000000 0.056253 0.000000 -0.998417 1.202863 1.202863 1.202863
3714.092285 0.000000 4079.898438 0.000000 0.611553 0.000000 0.791204 0.742080 0.742080 0.742080
3727.521973 0.000000 4104.320312 0.000000 0.887971 0.000000 0.459899 0.784035 0.784035 0.784035
3715.348389 0.000000 4083.027100 0.000000 0.850859 0.000000 -0.525394 1.035480 1.035480 1.035480
3716.614990 0.000000 4081.698486 0.000000 0.445871 0.000000 0.895097 0.625988 0.625988 0.625988
3714.045166 0.000000 4064.156738 0.000000 0.908798 0.000000 0.417237 0.797491 0.797491 0.797491
3712.927979 0.000000 4072.193604 0.000000 0.277308 0.000000 0.960781 0.549335 0.549335 0.549335
3714.495117 0.000000 4084.672852 0.000000 0.541863 0.000000 0.840467 0.635359 0.635359 0.635359
3711.549561 0.000000 4089.131836 0.000000 0.171877 0.000000 -0.985118 1.254966 1.254966 1.254966
3714.062988 0.000000 4096.463379 0.000000 0.876383 0.000000 0.481615 0.684350 0.684350 0.684350
3714.899414 0.000000 4097.979980 0.000000 0.996780 0.000000 -0.080189 0.934451 0.934451 0.934451
3715.868408 0.000000 4099.648926 0.000000 0.685913 0.000000 -0.727684 1.288189 1.288189 1.288189
3738.717773 0.000000 4133.729980 0.000000 0.485819 0.000000 -0.874059 0.904779 0.904779 0.904779
3724.778076 0.000000 4134.914551 0.000000 0.956561 0.000000 0.291533 0.892024 0.892024 0.892024
3731.806396 0.000000 4110.185547 0.000000 0.669092 0.000000 0.743179 0.866116 0.866116 0.866116
3722.988770 0.000000 4111.766602 0.000000 0.691823 0.000000 -0.722067 0.961634 0.961634 0.961634
3714.483154 0.000000 4149.141113 0.000000 0.945833 0.000000 -0.324653 0.908915 0.908915 0.908915
3726.326416 0.000000 4141.343750 0.000000 0.539225 0.000000 0.842162 0.654775 0.654775 0.654775
3718.367432 0.000000 4153.832520 0.000000 0.040641 0.000000 0.999174 0.841553 0.841553 0.841553
3724.392822 0.000000 4130.070801 0.000000 0.744651 0.000000 -0.667454 1.016582 1.016582 1.016582
3727.520752 0.000000 4111.797852 0.000000 0.446272 0.000000 0.894897 0.880080 0.880080 0.880080
3716.622314 0.000000 4125.321777 0.000000 0.871437 0.000000 -0.490508 0.989850 0.989850 0.989850
3716.765381 0.000000 4130.423340 0.000000 0.991398 0.000000 -0.130884 0.907373 0.907373 0.907373
3723.588623 0.000000 4116.375000 0.000000 0.354430 0.000000 0.935083 0.785955 0.785955 0.785955
3723.966797 0.000000 4125.000977 0.000000 0.915709 0.000000 -0.401842 0.978978 0.978978 0.978978
3720.746826 0.000000 4132.546875 0.000000 0.999617 0.000000 -0.027669 0.900684 0.900684 0.900684
3727.887207 0.000000 4131.705566 0.000000 0.793619 0.000000 0.608415 0.863260 0.863260 0.863260
3731.983398 0.000000 4113.956055 0.000000 0.986472 0.000000 -0.163927 0.922940 0.922940 0.922940
3719.163574 0.000000 4145.140625 0.000000 0.399534 0.000000 0.916718 0.678497 0.678497 0.678497
3720.005615 0.000000 4118.608398 0.000000 0.483729 0.000000 -0.875218 1.043696 1.043696 1.043696
3728.417480 0.000000 4135.523438 0.000000 0.542419 0.000000 -0.840108 1.041198 1.041198 1.041198
3715.187744 0.000000 4152.463379 0.000000 0.402052 0.000000 0.915617 0.801210 0.801210 0.801210
3721.110107 0.000000 4114.347656 0.000000 0.993522 0.000000 -0.113644 0.915610 0.915610 0.915610
3716.926025 0.000000 4147.227051 0.000000 0.125350 0.000000 -0.992113 0.987669 0.987669 0.987669
3727.728027 0.000000 4138.443359 0.000000 0.232114 0.000000 -0.972689 1.053157 1.053157 1.053157
3720.682129 0.000000 4124.792480 0.000000 0.561463 0.000000 -0.827502 1.046725 1.046725 1.046725
3713.992432 0.000000 4130.687012 0.000000 0.907606 0.000000 0.419823 0.767608 0.767608 0.767608
3720.648682 0.000000 4110.119629 0.000000 0.972144 0.000000 0.234382 0.867042 0.867042 0.867042
3718.103027 0.000000 4137.471680 0.000000 0.279112 0.000000 0.960258 0.827654 0.827654 0.827654
3715.657471 0.000000 4127.874512 0.000000 0.750391 0.000000 -0.660994 1.141764 1.141764 1.141764
3729.431885 0.000000 4113.972656 0.000000 0.843562 0.000000 -0.537032 0.994261 0.994261 0.994261
3725.280762 0.000000 4143.740234 0.000000 0.466792 0.000000 0.884367 0.782967 0.782967 0.782967
3716.848145 0.000000 4122.932129 0.000000 0.124072 0.000000 -0.992273 1.091745 1.091745 1.091745
3719.957764 0.000000 4147.434082 0.000000 0.241234 0.000000 -0.970467 1.108739 1.108739 1.108739
3711.630371 0.000000 4130.179199 0.000000 0.902389 0.000000 -0.430922 0.989091 0.989091 0.989091
3719.656738 0.000000 4134.933594 0.000000 0.336099 0.000000 0.941827 0.717890 0.717890 0.717890
3722.891357 0.000000 4128.123535 0.000000 0.235713 0.000000 0.971823 0.615498 0.615498 0.615498
3722.419434 0.000000 4123.090332 0.000000 0.631331 0.000000 0.775513 0.790320 0.790320 0.790320
3722.048340 0.000000 4130.549316 0.000000 0.985651 0.000000 0.168796 0.853126 0.853126 0.853126
3729.437988 0.000000 4110.123535 0.000000 0.110536 0.000000 -0.993872 1.041063 1.041063 1.041063
3726.099121 0.000000 4136.861328 0.000000 0.999044 0.000000 -0.043724 0.904619 0.904619 0.904619
3726.723145 0.000000 4133.655273 0.000000 0.997700 0.000000 -0.067787 0.915852 0.915852 0.915852
3717.854004 0.000000 4156.070312 0.000000 0.774064 0.000000 0.633107 0.827602 0.827602 0.827602
3721.031738 0.000000 4116.589844 0.000000 0.081611 0.000000 -0.996664 1.231238 1.231238 1.231238
3713.446045 0.000000 4151.155762 0.000000 0.966318 0.000000 0.257349 0.861402 0.861402 0.861402
3730.657715 0.000000 4112.200684 0.000000 0.705644 0.000000 0.708567 0.790300 0.790300 0.790300
3725.798096 0.000000 4131.789551 0.000000 0.711605 0.000000 0.702580 0.775724 0.775724 0.775724
3723.393555 0.000000 4113.815430 0.000000 0.165168 0.000000 -0.986265 1.272478 1.272478 1.272478
3724.227295 0.000000 4141.734863 0.000000 0.199384 0.000000 -0.979921 1.078547 1.078547 1.078547
3711.951416 0.000000 4126.059570 0.000000 0.906013 0.000000 -0.423251 0.981503 0.981503 0.981503
3721.706299 0.000000 4144.965332 0.000000 0.103974 0.000000 -0.994580 1.035110 1.035110 1.035110
3720.996582 0.000000 4112.237793 0.000000 0.123063 0.000000 0.992399 0.691859 0.691859 0.691859
3727.847656 0.000000 4142.644043 0.000000 0.142407 0.000000 -0.989808 1.111751 1.111751 1.111751
3718.665771 0.000000 4120.137695 0.000000 0.022632 0.000000 0.999744 0.597366 0.597366 0.597366
3729.201660 0.000000 4137.235840 0.000000 0.842010 0.000000 -0.539462 0.969135 0.969135 0.969135
3727.923340 0.000000 4140.392090 0.000000 0.969064 0.000000 0.246810 0.838922 0.838922 0.838922
3716.524414 0.000000 4153.787598 0.000000 0.968215 0.000000 0.250119 0.868759 0.868759 0.868759
3717.595947 0.000000 4152.182617 0.000000 0.445183 0.000000 -0.895439 1.037101 1.037101 1.037101
3723.982910 0.000000 4122.268555 0.000000 0.906257 0.000000 0.422728 0.846063 0.846063 0.846063
3724.247070 0.000000 4140.030762 0.000000 0.506073 0.000000 -0.862491 1.035555 1.035555 1.035555
3719.348877 0.000000 4111.386719 0.000000 0.531965 0.000000 0.846766 0.738895 0.738895 0.738895
3714.308350 0.000000 4128.985840 0.000000 0.643642 0.000000 -0.765327 1.240740 1.240740 1.240740
3720.753418 0.000000 4122.864746 0.000000 0.287774 0.000000 -0.957698 1.104021 1.104021 1.104021
3718.448486 0.000000 4146.591797 0.000000 0.675686 0.000000 0.737189 0.769628 0.769628 0.769628
3726.441406 0.000000 4135.254883 0.000000 0.789314 0.000000 0.613990 0.781165 0.781165 0.781165
3715.322510 0.000000 4126.315918 0.000000 0.904770 0.000000 0.425900 0.752708 0.752708 0.752708
3722.291992 0.000000 4115.484375 0.000000 0.311491 0.000000 0.950249 0.601326 0.601326 0.601326
3729.017822 0.000000 4112.445801 0.000000 0.965865 0.000000 -0.259045 0.943568 0.943568 0.943568
3714.940674 0.000000 4150.723633 0.000000 0.084242 0.000000 0.996445 0.656187 0.656187 0.656187
3712.600586 0.000000 4131.446777 0.000000 0.707816 0.000000 -0.706397 1.139693 1.139693 1.139693
3714.092285 0.000000 4127.140625 0.000000 0.982609 0.000000 0.185686 0.837472 0.837472 0.837472
3712.906006 0.000000 4129.474609 0.000000 0.978786 0.000000 -0.204884 0.998291 0.998291 0.998291
3720.704102 0.000000 4131.043457 0.000000 0.308912 0.000000 0.951091 0.662803 0.662803 0.662803
3722.341309 0.000000 4124.507812 0.000000 0.881847 0.000000 -0.471536 0.993780 0.993780 0.993780
3722.084717 0.000000 4113.165039 0.000000 0.933892 0.000000 -0.357555 0.996946 0.996946 0.996946
3716.679688 0.000000 4126.870605 0.000000 0.996814 0.000000 0.079755 0.882778 0.882778 0.882778
3723.347656 0.000000 4131.104980 0.000000 0.740729 0.000000 0.671804 0.696416 0.696416 0.696416
3711.713867 0.000000 4128.776367 0.000000 0.607807 0.000000 0.794085 0.524802 0.524802 0.524802
3723.062744 0.000000 4129.504883 0.000000 0.658199 0.000000 0.752844 0.718057 0.718057 0.718057
3721.222168 0.000000 4117.867188 0.000000 0.967293 0.000000 -0.253663 0.957049 0.957049 0.957049
3723.741943 0.000000 4115.078125 0.000000 0.613151 0.000000 0.789966 0.683085 0.683085 0.683085
3715.630371 0.000000 4129.246582 0.000000 0.383686 0.000000 -0.923464 1.360164 1.360164 1.360164
3714.667236 0.000000 4128.054199 0.000000 0.418543 0.000000 -0.908197 1.345286 1.345286 1.345286
3713.722412 0.000000 4128.239746 0.000000 0.865080 0.000000 -0.501634 1.150311 1.150311 1.150311
3713.811768 0.000000 4129.750488 0.000000 0.097318 0.000000 -0.995253 1.601805 1.601805 1.601805
3638.472168 0.000000 4169.266602 0.000000 0.627180 0.000000 -0.778874 0.902006 0.902006 0.902006
3637.208984 0.000000 4160.583984 0.000000 0.903729 0.000000 -0.428104 0.992443 0.992443 0.992443
3644.044678 0.000000 4165.205078 0.000000 0.762575 0.000000 -0.646900 0.911065 0.911065 0.911065
3641.909668 0.000000 4160.952637 0.000000 0.456458 0.000000 -0.889745 1.062648 1.062648 1.062648
3634.825439 0.000000 4163.236816 0.000000 0.696656 0.000000 -0.717406 1.063588 1.063588 1.063588
3641.679199 0.000000 4163.858398 0.000000 0.823963 0.000000 0.566644 0.671243 0.671243 0.671243
3639.241455 0.000000 4162.159668 0.000000 0.950744 0.000000 0.309978 0.796610 0.796610 0.796610
3637.214111 0.000000 4163.366699 0.000000 0.761394 0.000000 0.648290 0.608394 0.608394 0.608394
3643.733154 0.000000 4162.843750 0.000000 0.090223 0.000000 -0.995922 1.372351 1.372351 1.372351
3640.914551 0.000000 4165.500977 0.000000 0.665792 0.000000 -0.746138 1.013546 1.013546 1.013546
3641.005371 0.000000 4162.335449 0.000000 0.821869 0.000000 -0.569676 1.130156 1.130156 1.130156
3640.117188 0.000000 4163.497559 0.000000 0.330466 0.000000 -0.943818 1.368580 1.368580 1.368580
3638.614014 0.000000 4160.818848 0.000000 0.260514 0.000000 0.965470 0.503474 0.503474 0.503474
3637.481445 0.000000 4161.982422 0.000000 0.861340 0.000000 0.508030 0.788646 0.788646 0.788646
3642.431396 0.000000 4162.303223 0.000000 0.940907 0.000000 0.338664 0.789766 0.789766 0.789766
3638.585205 0.000000 4163.532227 0.000000 0.045331 0.000000 0.998972 0.399582 0.399582 0.399582
3636.021484 0.000000 4162.999023 0.000000 0.952512 0.000000 -0.304502 1.027921 1.027921 1.027921
3648.833740 0.000000 4175.147949 0.000000 0.997534 0.000000 0.070188 0.890530 0.890530 0.890530
3688.985840 0.000000 4200.890137 0.000000 0.370013 0.000000 0.929027 0.600088 0.600088 0.600088
3697.797852 0.000000 4201.349609 0.000000 0.196316 0.000000 -0.980541 1.011075 1.011075 1.011075
3656.510254 0.000000 4175.025879 0.000000 0.967414 0.000000 0.253202 0.871241 0.871241 0.871241
3673.232422 0.000000 4195.833496 0.000000 0.063699 0.000000 -0.997969 0.930476 0.930476 0.930476
3708.486816 0.000000 4197.264648 0.000000 0.153350 0.000000 0.988172 0.603936 0.603936 0.603936
3690.210205 0.000000 4187.782227 0.000000 0.743342 0.000000 -0.668912 0.934574 0.934574 0.934574
3679.298828 0.000000 4184.094727 0.000000 0.998719 0.000000 0.050609 0.896587 0.896587 0.896587
3672.909912 0.000000 4186.214355 0.000000 0.773714 0.000000 0.633536 0.690339 0.690339 0.690339
3660.400635 0.000000 4177.312988 0.000000 0.078348 0.000000 0.996926 0.759166 0.759166 0.759166
3677.689697 0.000000 4194.623047 0.000000 0.309865 0.000000 0.950781 0.637598 0.637598 0.637598
3652.630127 0.000000 4172.563965 0.000000 0.820361 0.000000 0.571846 0.806989 0.806989 0.806989
3652.773193 0.000000 4177.665527 0.000000 0.584716 0.000000 0.811238 0.855351 0.855351 0.855351
3702.322754 0.000000 4203.885742 0.000000 0.999644 0.000000 0.026697 0.894421 0.894421 0.894421
3707.227295 0.000000 4191.637695 0.000000 0.231928 0.000000 -0.972733 0.981095 0.981095 0.981095
3695.214844 0.000000 4187.452637 0.000000 0.455592 0.000000 0.890189 0.695276 0.695276 0.695276
3685.389648 0.000000 4202.496582 0.000000 0.754805 0.000000 0.655949 0.874280 0.874280 0.874280
3700.056885 0.000000 4192.111328 0.000000 0.402523 0.000000 -0.915410 1.105288 1.105288 1.105288
3680.189697 0.000000 4187.989746 0.000000 0.188316 0.000000 0.982108 0.785161 0.785161 0.785161
3683.047119 0.000000 4182.973633 0.000000 0.957739 0.000000 -0.287639 0.952444 0.952444 0.952444
3686.668945 0.000000 4189.446289 0.000000 0.269693 0.000000 0.962946 0.792114 0.792114 0.792114
3676.546387 0.000000 4186.260254 0.000000 0.911148 0.000000 0.412080 0.810292 0.810292 0.810292
3683.430908 0.000000 4194.528809 0.000000 0.984515 0.000000 0.175301 0.885351 0.885351 0.885351
3696.788818 0.000000 4191.042969 0.000000 0.355272 0.000000 0.934763 0.802320 0.802320 0.802320
3695.253906 0.000000 4195.145996 0.000000 0.940792 0.000000 0.338985 0.850268 0.850268 0.850268
3666.777100 0.000000 4177.433594 0.000000 0.792265 0.000000 0.610178 0.818897 0.818897 0.818897
3706.598633 0.000000 4199.927246 0.000000 0.326312 0.000000 0.945262 0.652353 0.652353 0.652353
3656.689941 0.000000 4172.034668 0.000000 0.616365 0.000000 -0.787460 1.005935 1.005935 1.005935
3692.689941 0.000000 4189.495117 0.000000 0.970042 0.000000 0.242938 0.879599 0.879599 0.879599
3691.964355 0.000000 4200.354980 0.000000 0.743722 0.000000 0.668489 0.694360 0.694360 0.694360
3679.079102 0.000000 4192.050293 0.000000 0.613097 0.000000 -0.790008 0.985954 0.985954 0.985954
3700.887939 0.000000 4201.383301 0.000000 0.988247 0.000000 0.152862 0.886552 0.886552 0.886552
3704.194580 0.000000 4201.590332 0.000000 0.884975 0.000000 -0.465639 0.984887 0.984887 0.984887
3710.389893 0.000000 4189.803223 0.000000 0.918009 0.000000 0.396560 0.811128 0.811128 0.811128
3710.984131 0.000000 4196.007324 0.000000 0.925656 0.000000 0.378366 0.849432 0.849432 0.849432
3681.785645 0.000000 4185.700195 0.000000 0.389918 0.000000 0.920850 0.692275 0.692275 0.692275
3692.675537 0.000000 4186.361328 0.000000 0.960541 0.000000 -0.278137 0.928498 0.928498 0.928498
3680.645752 0.000000 4194.605957 0.000000 0.717949 0.000000 0.696095 0.815231 0.815231 0.815231
3674.391113 0.000000 4188.623047 0.000000 0.664730 0.000000 -0.747084 1.019424 1.019424 1.019424
3651.665283 0.000000 4175.116699 0.000000 0.970333 0.000000 -0.241772 0.929628 0.929628 0.929628
3649.915283 0.000000 4172.719238 0.000000 0.502467 0.000000 0.864597 0.777980 0.777980 0.777980
3655.513672 0.000000 4177.495117 0.000000 0.647308 0.000000 0.762228 0.779256 0.779256 0.779256
3702.539307 0.000000 4191.031738 0.000000 0.871534 0.000000 -0.490336 0.937999 0.937999 0.937999
3685.473633 0.000000 4183.874023 0.000000 0.587621 0.000000 -0.809136 0.963543 0.963543 0.963543
3686.529541 0.000000 4200.154785 0.000000 0.962309 0.000000 0.271959 0.836258 0.836258 0.836258
3671.927979 0.000000 4188.646484 0.000000 0.999999 0.000000 0.001438 0.899635 0.899635 0.899635
3654.059570 0.000000 4174.580566 0.000000 0.269514 0.000000 0.962996 0.713359 0.713359 0.713359
3706.172119 0.000000 4193.903320 0.000000 0.066929 0.000000 -0.997758 1.129766 1.129766 1.129766
3666.670898 0.000000 4174.217773 0.000000 0.844147 0.000000 -0.536111 0.934326 0.934326 0.934326
3697.281982 0.000000 4193.667480 0.000000 0.985099 0.000000 0.171988 0.827763 0.827763 0.827763
3662.828857 0.000000 4176.703125 0.000000 0.804325 0.000000 -0.594190 0.964332 0.964332 0.964332
3658.899170 0.000000 4175.365723 0.000000 0.615255 0.000000 -0.788328 0.983655 0.983655 0.983655
3699.756104 0.000000 4203.623047 0.000000 0.975694 0.000000 -0.219137 0.918863 0.918863 0.918863
3691.826172 0.000000 4203.180664 0.000000 0.300693 0.000000 -0.953721 1.053531 1.053531 1.053531
3675.604248 0.000000 4195.770508 0.000000 0.741297 0.000000 0.671177 0.843789 0.843789 0.843789
3687.597168 0.000000 4202.714355 0.000000 0.876977 0.000000 0.480533 0.836928 0.836928 0.836928
3700.382812 0.000000 4194.309082 0.000000 0.201878 0.000000 -0.979411 1.050561 1.050561 1.050561
3697.472900 0.000000 4186.789062 0.000000 0.908783 0.000000 0.417268 0.856478 0.856478 0.856478
3688.793945 0.000000 4189.423828 0.000000 0.408597 0.000000 0.912715 0.685556 0.685556 0.685556
3662.212402 0.000000 4172.861328 0.000000 0.418216 0.000000 -0.908348 1.040796 1.040796 1.040796
3658.270996 0.000000 4173.337891 0.000000 0.049387 0.000000 0.998780 0.725662 0.725662 0.725662
3664.914307 0.000000 4176.632812 0.000000 0.980690 0.000000 0.195567 0.867272 0.867272 0.867272
3698.921631 0.000000 4190.461426 0.000000 0.379077 0.000000 -0.925365 1.075284 1.075284 1.075284
3708.283203 0.000000 4189.805664 0.000000 0.568424 0.000000 -0.822736 0.995522 0.995522 0.995522
3709.305420 0.000000 4191.670410 0.000000 0.811560 0.000000 0.584269 0.735964 0.735964 0.735964
3707.073242 0.000000 4195.692871 0.000000 0.154727 0.000000 0.987957 0.642391 0.642391 0.642391
3706.584473 0.000000 4197.905273 0.000000 0.391169 0.000000 -0.920319 1.099605 1.099605 1.099605
3695.379639 0.000000 4193.092285 0.000000 0.966234 0.000000 -0.257668 0.931035 0.931035 0.931035
3681.220947 0.000000 4183.787109 0.000000 0.230053 0.000000 -0.973178 1.170705 1.170705 1.170705
3701.907227 0.000000 4192.855957 0.000000 0.206839 0.000000 0.978375 0.658158 0.658158 0.658158
3677.409912 0.000000 4184.583008 0.000000 0.000997 0.000000 1.000000 0.624881 0.624881 0.624881
3683.813965 0.000000 4184.798340 0.000000 0.472585 0.000000 -0.881285 1.169002 1.169002 1.169002
3674.694336 0.000000 4186.749023 0.000000 0.999463 0.000000 -0.032774 0.910385 0.910385 0.910385
3684.808350 0.000000 4193.291504 0.000000 0.461162 0.000000 0.887316 0.765114 0.765114 0.765114
3704.990723 0.000000 4198.864258 0.000000 0.923426 0.000000 -0.383777 0.966376 0.966376 0.966376
3690.270996 0.000000 4202.215332 0.000000 0.849120 0.000000 -0.528200 0.967519 0.967519 0.967519
3670.063965 0.000000 4188.916504 0.000000 0.649475 0.000000 0.760383 0.680656 0.680656 0.680656
3702.566162 0.000000 4200.709961 0.000000 0.974947 0.000000 -0.222439 0.933265 0.933265 0.933265
3681.790039 0.000000 4193.200195 0.000000 0.480977 0.000000 -0.876733 1.094561 1.094561 1.094561
3679.007324 0.000000 4182.256836 0.000000 0.935096 0.000000 -0.354395 0.942327 0.942327 0.942327
3654.035645 0.000000 4176.457520 0.000000 0.126921 0.000000 0.991913 0.698905 0.698905 0.698905
3698.169434 0.000000 4192.156738 0.000000 0.993819 0.000000 -0.111011 0.934492 0.934492 0.934492
3682.835938 0.000000 4187.099121 0.000000 0.112968 0.000000 -0.993599 1.089952 1.089952 1.089952
3705.936523 0.000000 4201.599121 0.000000 0.652551 0.000000 0.757745 0.749305 0.749305 0.749305
3683.308105 0.000000 4192.461914 0.000000 0.592233 0.000000 0.805767 0.678947 0.678947 0.678947
3694.319580 0.000000 4186.007324 0.000000 0.919731 0.000000 0.392549 0.824769 0.824769 0.824769
3651.330322 0.000000 4173.558105 0.000000 0.993767 0.000000 -0.111480 0.920833 0.920833 0.920833
3692.609131 0.000000 4201.816895 0.000000 0.421719 0.000000 -0.906727 1.109202 1.109202 1.109202
3671.378174 0.000000 4187.163086 0.000000 0.059500 0.000000 0.998228 0.526479 0.526479 0.526479
3707.695068 0.000000 4193.115723 0.000000 0.999365 0.000000 0.035621 0.894556 0.894556 0.894556
3694.795410 0.000000 4198.573730 0.000000 0.502394 0.000000 -0.864639 1.066617 1.066617 1.066617
3702.739746 0.000000 4202.318848 0.000000 0.286153 0.000000 -0.958184 1.167593 1.167593 1.167593
3673.223389 0.000000 4189.531250 0.000000 0.540449 0.000000 0.841377 0.666364 0.666364 0.666364
3690.446533 0.000000 4200.655762 0.000000 0.570758 0.000000 0.821119 0.629427 0.629427 0.629427
3680.588623 0.000000 4192.173340 0.000000 0.999201 0.000000 0.039979 0.892722 0.892722 0.892722
3673.208496 0.000000 4187.683594 0.000000 0.981999 0.000000 0.188888 0.841931 0.841931 0.841931
3686.641113 0.000000 4201.623047 0.000000 0.918379 0.000000 -0.395701 0.994153 0.994153 0.994153
3704.885010 0.000000 4200.308594 0.000000 0.920175 0.000000 0.391507 0.829499 0.829499 0.829499
3701.175537 0.000000 4202.943848 0.000000 0.432443 0.000000 0.901662 0.650064 0.650064 0.650064
3682.493652 0.000000 4184.434082 0.000000 0.853474 0.000000 0.521135 0.763281 0.763281 0.763281
3660.169434 0.000000 4175.804199 0.000000 0.716860 0.000000 0.697217 0.717983 0.717983 0.717983
3696.785889 0.000000 4192.433105 0.000000 0.536240 0.000000 0.844066 0.480063 0.480063 0.480063
3672.038330 0.000000 4189.984863 0.000000 0.003981 0.000000 -0.999992 1.266128 1.266128 1.266128
3691.345215 0.000000 4201.541992 0.000000 0.949980 0.000000 0.312312 0.810791 0.810791 0.810791
3699.663086 0.000000 4193.280273 0.000000 0.730633 0.000000 0.682770 0.666967 0.666967 0.666967
3683.290283 0.000000 4185.937500 0.000000 0.259602 0.000000 -0.965716 1.226269 1.226269 1.226269
3708.286377 0.000000 4191.026855 0.000000 0.990849 0.000000 0.134973 0.864409 0.864409 0.864409
3675.802002 0.000000 4187.064941 0.000000 0.790031 0.000000 0.613066 0.690924 0.690924 0.690924
3688.378662 0.000000 4213.957520 0.000000 0.390213 0.000000 0.920725 0.313796 0.313796 0.313796
3691.716553 0.000000 4210.271973 0.000000 0.806358 0.000000 0.591428 0.752123 0.752123 0.752123
3703.925537 0.000000 4204.671387 0.000000 0.495857 0.000000 0.868404 0.864545 0.864545 0.864545
3685.587646 0.000000 4215.579102 0.000000 0.946663 0.000000 0.322225 0.884520 0.884520 0.884520
3688.171387 0.000000 4210.480957 0.000000 0.207108 0.000000 -0.978318 1.279523 1.279523 1.279523
3700.434570 0.000000 4205.096191 0.000000 0.036531 0.000000 0.999333 0.813817 0.813817 0.813817
3690.675781 0.000000 4212.721191 0.000000 0.278982 0.000000 -0.960296 1.232826 1.232826 1.232826
3691.707764 0.000000 4206.941406 0.000000 0.704630 0.000000 -0.709575 1.024079 1.024079 1.024079
3687.306152 0.000000 4212.224121 0.000000 0.586527 0.000000 -0.809929 1.056964 1.056964 1.056964
3689.968018 0.000000 4210.926270 0.000000 0.845649 0.000000 -0.533739 1.056865 1.056865 1.056865
3688.087402 0.000000 4215.676758 0.000000 0.985554 0.000000 0.169359 0.875910 0.875910 0.875910
3686.600586 0.000000 4214.106445 0.000000 0.994144 0.000000 0.108060 0.879808 0.879808 0.879808
3689.016846 0.000000 4212.395508 0.000000 0.997150 0.000000 0.075439 0.862165 0.862165 0.862165
3689.683105 0.000000 4213.641602 0.000000 0.629184 0.000000 -0.777256 1.346088 1.346088 1.346088
3688.382324 0.000000 4213.051758 0.000000 0.901883 0.000000 0.431981 0.676184 0.676184 0.676184
3722.987305 0.000000 4168.014160 0.000000 0.766432 0.000000 0.642325 0.881193 0.881193 0.881193
3711.915771 0.000000 4187.670410 0.000000 0.178153 0.000000 0.984003 0.790556 0.790556 0.790556
3714.483154 0.000000 4196.383301 0.000000 0.946811 0.000000 0.321789 0.897792 0.897792 0.897792
3720.502441 0.000000 4175.025879 0.000000 0.660178 0.000000 -0.751109 1.026012 1.026012 1.026012
3717.997070 0.000000 4157.557129 0.000000 0.863611 0.000000 0.504160 0.844198 0.844198 0.844198
3716.765381 0.000000 4177.665527 0.000000 0.763871 0.000000 -0.645369 0.925219 0.925219 0.925219
3723.966797 0.000000 4172.243164 0.000000 0.311244 0.000000 -0.950330 0.950729 0.950729 0.950729
3720.746826 0.000000 4179.789062 0.000000 0.652122 0.000000 0.758114 0.840069 0.840069 0.840069
3720.899902 0.000000 4184.259766 0.000000 0.537155 0.000000 0.843483 0.778215 0.778215 0.778215
3718.860840 0.000000 4196.927246 0.000000 0.988257 0.000000 0.152799 0.894485 0.894485 0.894485
3719.198242 0.000000 4169.328125 0.000000 0.963414 0.000000 0.268016 0.815867 0.815867 0.815867
3722.792480 0.000000 4190.463867 0.000000 0.152583 0.000000 0.988291 0.858592 0.858592 0.858592
3715.316895 0.000000 4160.060547 0.000000 0.540940 0.000000 -0.841061 1.093086 1.093086 1.093086
3712.623779 0.000000 4158.212402 0.000000 0.485682 0.000000 0.874136 0.732706 0.732706 0.732706
3715.205566 0.000000 4163.856445 0.000000 0.006784 0.000000 0.999977 0.706721 0.706721 0.706721
3716.926025 0.000000 4194.469238 0.000000 0.797134 0.000000 -0.603802 0.933501 0.933501 0.933501
3720.682129 0.000000 4172.034668 0.000000 0.389558 0.000000 0.921002 0.747442 0.747442 0.747442
3717.105957 0.000000 4166.033691 0.000000 0.123474 0.000000 -0.992348 1.013794 1.013794 1.013794
3718.103027 0.000000 4184.713867 0.000000 0.414649 0.000000 -0.909981 1.015593 1.015593 1.015593
3719.505859 0.000000 4177.495117 0.000000 0.687562 0.000000 0.726126 0.784963 0.784963 0.784963
3711.553955 0.000000 4196.016602 0.000000 0.934427 0.000000 0.356154 0.852544 0.852544 0.852544
3718.051758 0.000000 4174.580566 0.000000 0.344793 0.000000 -0.938679 0.976677 0.976677 0.976677
3718.071533 0.000000 4179.751953 0.000000 0.501007 0.000000 0.865443 0.787184 0.787184 0.787184
3722.059326 0.000000 4181.892578 0.000000 0.616073 0.000000 -0.787689 0.991712 0.991712 0.991712
3716.848145 0.000000 4170.174316 0.000000 0.318494 0.000000 -0.947925 1.000840 1.000840 1.000840
3714.713867 0.000000 4194.222168 0.000000 0.138655 0.000000 -0.990341 1.144482 1.144482 1.144482
3713.501221 0.000000 4186.144043 0.000000 0.739710 0.000000 -0.672926 1.001172 1.001172 1.001172
3720.879639 0.000000 4168.082520 0.000000 0.280287 0.000000 -0.959916 1.145742 1.145742 1.145742
3718.583496 0.000000 4171.406738 0.000000 0.997662 0.000000 0.068344 0.879253 0.879253 0.879253
3715.943359 0.000000 4161.973145 0.000000 0.610670 0.000000 -0.791885 1.076593 1.076593 1.076593
3717.278809 0.000000 4192.580566 0.000000 0.950727 0.000000 -0.310028 0.943913 0.943913 0.943913
3718.027832 0.000000 4176.457520 0.000000 0.926855 0.000000 -0.375420 0.954477 0.954477 0.954477
3713.378418 0.000000 4159.818848 0.000000 0.920701 0.000000 -0.390269 0.963058 0.963058 0.963058
3711.832031 0.000000 4197.708008 0.000000 0.536615 0.000000 0.843827 0.769110 0.769110 0.769110
3713.202393 0.000000 4195.259766 0.000000 0.635422 0.000000 0.772165 0.717628 0.717628 0.717628
3711.566162 0.000000 4189.360352 0.000000 0.999907 0.000000 -0.013635 0.902972 0.902972 0.902972
3715.678955 0.000000 4195.381348 0.000000 0.395957 0.000000 -0.918269 1.098716 1.098716 1.098716
3718.130371 0.000000 4170.151367 0.000000 0.996671 0.000000 -0.081527 0.924757 0.924757 0.924757
3719.777588 0.000000 4171.016113 0.000000 0.994201 0.000000 -0.107538 0.932683 0.932683 0.932683
3718.302979 0.000000 4168.530273 0.000000 0.985895 0.000000 0.167366 0.847859 0.847859 0.847859
3719.684570 0.000000 4168.279785 0.000000 0.142938 0.000000 0.989732 0.457414 0.457414 0.457414
"}
