object={
	name="tree_mangrove_02_generator_1_0"
	render_pass=Map
	clamp_to_water_level=no
	generated_content=yes
	layer="tree_high_layer"
	pdxmesh="tree_graht_01_a_mesh"
	count=456
	transform="301.149750 0.000000 1478.725708 0.000000 0.136399 0.000000 0.990654 0.571002 0.571002 0.571002
3199.137207 0.000000 318.704437 0.000000 0.293434 0.000000 0.955979 0.566630 0.566630 0.566630
3200.884277 0.000000 316.618408 0.000000 0.859361 0.000000 0.511370 0.569848 0.569848 0.569848
3231.353516 0.000000 357.477142 0.000000 0.842885 0.000000 0.538094 0.584255 0.584255 0.584255
3212.455322 0.000000 350.695282 0.000000 0.428623 0.000000 0.903483 0.536647 0.536647 0.536647
3159.624268 0.000000 443.786652 0.000000 0.765447 0.000000 0.643499 0.512564 0.512564 0.512564
3194.344482 0.000000 457.109528 0.000000 0.118301 0.000000 0.992978 0.541266 0.541266 0.541266
3142.144287 0.000000 458.264862 0.000000 0.794358 0.000000 0.607449 0.543281 0.543281 0.543281
3180.516113 0.000000 490.248962 0.000000 0.821130 0.000000 0.570742 0.563606 0.563606 0.563606
3262.092773 0.000000 496.408234 0.000000 0.323618 0.000000 0.946188 0.492161 0.492161 0.492161
3202.690674 0.000000 497.082825 0.000000 0.709409 0.000000 0.704797 0.567196 0.567196 0.567196
3231.489746 0.000000 491.327515 0.000000 0.817103 0.000000 0.576492 0.546158 0.546158 0.546158
3263.637695 0.000000 497.289429 0.000000 0.840964 0.000000 0.541091 0.550328 0.550328 0.550328
3391.885254 0.000000 391.550598 0.000000 0.604947 0.000000 0.796266 0.572405 0.572405 0.572405
3353.361572 0.000000 430.741913 0.000000 0.486918 0.000000 0.873448 0.592840 0.592840 0.592840
3351.993408 0.000000 426.956177 0.000000 0.267015 0.000000 0.963692 0.579545 0.579545 0.579545
3348.030273 0.000000 429.064819 0.000000 0.388333 0.000000 0.921519 0.576300 0.576300 0.576300
3356.923340 0.000000 431.345367 0.000000 0.530622 0.000000 0.847608 0.575758 0.575758 0.575758
3418.756836 0.000000 448.838928 0.000000 0.694113 0.000000 0.719866 0.597593 0.597593 0.597593
3439.976318 0.000000 433.658997 0.000000 0.166831 0.000000 0.985986 0.587389 0.587389 0.587389
3758.125000 0.000000 545.923767 0.000000 0.212602 0.000000 0.977139 0.590856 0.590856 0.590856
3748.998047 0.000000 525.178772 0.000000 0.493613 0.000000 0.869681 0.573936 0.573936 0.573936
3767.917725 0.000000 519.780212 0.000000 0.321689 0.000000 0.946845 0.568340 0.568340 0.568340
3746.165039 0.000000 525.887695 0.000000 0.362425 0.000000 0.932013 0.544280 0.544280 0.544280
3769.453125 0.000000 543.981018 0.000000 0.250022 0.000000 0.968240 0.529908 0.529908 0.529908
3779.636963 0.000000 542.050232 0.000000 0.840282 0.000000 0.542150 0.565668 0.565668 0.565668
3932.760498 0.000000 552.491699 0.000000 0.508750 0.000000 0.860914 0.587572 0.587572 0.587572
3916.705322 0.000000 563.759094 0.000000 0.430006 0.000000 0.902826 0.584816 0.584816 0.584816
3935.047852 0.000000 554.401245 0.000000 0.698979 0.000000 0.715142 0.578515 0.578515 0.578515
3770.115479 0.000000 586.031799 0.000000 0.591495 0.000000 0.806309 0.564175 0.564175 0.564175
3624.356689 0.000000 749.838379 0.000000 0.748190 0.000000 0.663485 0.564139 0.564139 0.564139
3639.427979 0.000000 748.350647 0.000000 0.849051 0.000000 0.528311 0.565816 0.565816 0.565816
3615.015137 0.000000 733.576904 0.000000 0.219355 0.000000 0.975645 0.459494 0.459494 0.459494
3637.475098 0.000000 749.337708 0.000000 0.865218 0.000000 0.501396 0.562630 0.562630 0.562630
3614.436035 0.000000 730.027588 0.000000 0.059053 0.000000 0.998255 0.460737 0.460737 0.460737
3661.369629 0.000000 755.563477 0.000000 0.852773 0.000000 0.522282 0.578598 0.578598 0.578598
3914.965332 0.000000 568.601868 0.000000 0.117126 0.000000 0.993117 0.592380 0.592380 0.592380
3907.561768 0.000000 601.152771 0.000000 0.124176 0.000000 0.992260 0.580502 0.580502 0.580502
3847.387451 0.000000 645.132935 0.000000 0.823187 0.000000 0.567770 0.595930 0.595930 0.595930
3513.925293 0.000000 759.514526 0.000000 0.573480 0.000000 0.819220 0.574834 0.574834 0.574834
3533.191162 0.000000 773.257568 0.000000 0.336475 0.000000 0.941693 0.559544 0.559544 0.559544
3582.010742 0.000000 834.080200 0.000000 0.735673 0.000000 0.677337 0.526432 0.526432 0.526432
3582.333740 0.000000 859.511902 0.000000 0.484325 0.000000 0.874888 0.530591 0.530591 0.530591
3596.793701 0.000000 827.960938 0.000000 0.563435 0.000000 0.826160 0.552668 0.552668 0.552668
3625.383301 0.000000 824.811340 0.000000 0.421643 0.000000 0.906762 0.564280 0.564280 0.564280
3654.100342 0.000000 808.648376 0.000000 0.850419 0.000000 0.526105 0.592116 0.592116 0.592116
3672.909912 0.000000 832.018616 0.000000 0.100954 0.000000 0.994891 0.535057 0.535057 0.535057
3681.937012 0.000000 837.189697 0.000000 0.663676 0.000000 0.748020 0.508858 0.508858 0.508858
3683.047119 0.000000 828.777893 0.000000 0.764577 0.000000 0.644533 0.552263 0.552263 0.552263
3681.077637 0.000000 821.532349 0.000000 0.318510 0.000000 0.947920 0.566387 0.566387 0.566387
3691.964355 0.000000 846.159302 0.000000 0.107764 0.000000 0.994177 0.558367 0.558367 0.558367
3658.427246 0.000000 816.137024 0.000000 0.603860 0.000000 0.797090 0.559928 0.559928 0.559928
3672.497070 0.000000 830.015259 0.000000 0.592155 0.000000 0.805824 0.524904 0.524904 0.524904
3682.988770 0.000000 826.824463 0.000000 0.818738 0.000000 0.574168 0.552362 0.552362 0.552362
3673.243896 0.000000 828.186584 0.000000 0.479642 0.000000 0.877464 0.493360 0.493360 0.493360
3661.397949 0.000000 817.101807 0.000000 0.483638 0.000000 0.875268 0.405992 0.405992 0.405992
3680.588623 0.000000 837.977661 0.000000 0.623231 0.000000 0.782038 0.503158 0.503158 0.503158
3660.830811 0.000000 816.102295 0.000000 0.810031 0.000000 0.586387 0.485961 0.485961 0.485961
3583.861816 0.000000 863.972473 0.000000 0.282329 0.000000 0.959318 0.518221 0.518221 0.518221
3583.645996 0.000000 870.468018 0.000000 0.037927 0.000000 0.999281 0.536857 0.536857 0.536857
3679.869629 0.000000 854.840576 0.000000 0.646822 0.000000 0.762641 0.551277 0.551277 0.551277
3677.409912 0.000000 877.629395 0.000000 0.495589 0.000000 0.868557 0.488087 0.488087 0.488087
3695.918701 0.000000 901.795593 0.000000 0.424215 0.000000 0.905561 0.521103 0.521103 0.521103
3700.434570 0.000000 898.142700 0.000000 0.280822 0.000000 0.959760 0.551836 0.551836 0.551836
3698.338867 0.000000 913.491455 0.000000 0.021779 0.000000 0.999763 0.489785 0.489785 0.489785
3732.513184 0.000000 941.197815 0.000000 0.051986 0.000000 0.998648 0.551087 0.551087 0.551087
3759.937256 0.000000 906.080933 0.000000 0.529627 0.000000 0.848231 0.557528 0.557528 0.557528
3724.084717 0.000000 925.774841 0.000000 0.000174 0.000000 1.000000 0.463545 0.463545 0.463545
3769.782227 0.000000 927.019043 0.000000 0.432765 0.000000 0.901507 0.508302 0.508302 0.508302
3726.723145 0.000000 921.186218 0.000000 0.052297 0.000000 0.998632 0.529488 0.529488 0.529488
3783.997803 0.000000 906.139404 0.000000 0.279249 0.000000 0.960219 0.546952 0.546952 0.546952
1597.598267 0.000000 2258.886963 0.000000 0.780779 0.000000 0.624807 0.533784 0.533784 0.533784
1701.415894 0.000000 2258.445801 0.000000 0.255571 0.000000 0.966790 0.408333 0.408333 0.408333
1706.026489 0.000000 2262.400146 0.000000 0.150130 0.000000 0.988666 0.445778 0.445778 0.445778
1706.688599 0.000000 2263.725586 0.000000 0.094892 0.000000 0.995488 0.439733 0.439733 0.439733
1778.032227 0.000000 2264.419678 0.000000 0.368641 0.000000 0.929572 0.535653 0.535653 0.535653
1758.086670 0.000000 2240.068848 0.000000 0.716003 0.000000 0.698097 0.583216 0.583216 0.583216
1769.764526 0.000000 2259.490723 0.000000 0.067536 0.000000 0.997717 0.559469 0.559469 0.559469
1770.085327 0.000000 2245.611328 0.000000 0.720843 0.000000 0.693098 0.536911 0.536911 0.536911
1751.109009 0.000000 2244.552002 0.000000 0.508973 0.000000 0.860783 0.441588 0.441588 0.441588
1794.948120 0.000000 2257.291992 0.000000 0.801949 0.000000 0.597393 0.485394 0.485394 0.485394
1796.020630 0.000000 2256.173584 0.000000 0.443563 0.000000 0.896243 0.454353 0.454353 0.454353
1522.063477 0.000000 2311.661865 0.000000 0.071413 0.000000 0.997447 0.447280 0.447280 0.447280
1528.087769 0.000000 2305.616455 0.000000 0.715129 0.000000 0.698992 0.520583 0.520583 0.520583
1523.629150 0.000000 2311.016113 0.000000 0.591756 0.000000 0.806117 0.504501 0.504501 0.504501
1519.060913 0.000000 2308.885986 0.000000 0.084632 0.000000 0.996412 0.450857 0.450857 0.450857
1519.721802 0.000000 2313.403320 0.000000 0.824256 0.000000 0.566217 0.509838 0.509838 0.509838
1518.110107 0.000000 2311.588867 0.000000 0.635733 0.000000 0.771909 0.468567 0.468567 0.468567
1535.340332 0.000000 2350.118652 0.000000 0.595829 0.000000 0.803111 0.507112 0.507112 0.507112
1527.720337 0.000000 2329.513184 0.000000 0.829165 0.000000 0.559004 0.579119 0.579119 0.579119
1529.936890 0.000000 2321.413086 0.000000 0.045893 0.000000 0.998946 0.465234 0.465234 0.465234
1532.215088 0.000000 2335.325439 0.000000 0.500627 0.000000 0.865663 0.513001 0.513001 0.513001
1527.685791 0.000000 2354.585205 0.000000 0.829548 0.000000 0.558436 0.555624 0.555624 0.555624
1529.172241 0.000000 2323.055420 0.000000 0.199949 0.000000 0.979806 0.502559 0.502559 0.502559
1544.731201 0.000000 2348.038086 0.000000 0.771662 0.000000 0.636033 0.566441 0.566441 0.566441
1738.600586 0.000000 2304.511963 0.000000 0.627378 0.000000 0.778715 0.581281 0.581281 0.581281
1776.179443 0.000000 2276.104492 0.000000 0.855453 0.000000 0.517880 0.594700 0.594700 0.594700
1769.722290 0.000000 2268.522461 0.000000 0.349485 0.000000 0.936942 0.430912 0.430912 0.430912
4164.710938 0.000000 681.743103 0.000000 0.036128 0.000000 0.999347 0.574713 0.574713 0.574713
4205.995605 0.000000 706.680603 0.000000 0.849754 0.000000 0.527179 0.579622 0.579622 0.579622
4172.431152 0.000000 669.631165 0.000000 0.187123 0.000000 0.982337 0.516125 0.516125 0.516125
4150.409668 0.000000 720.586304 0.000000 0.410605 0.000000 0.911813 0.593983 0.593983 0.593983
4155.982422 0.000000 716.524780 0.000000 0.019130 0.000000 0.999817 0.565136 0.565136 0.565136
4159.272461 0.000000 720.959351 0.000000 0.564984 0.000000 0.825102 0.574563 0.574563 0.574563
4220.726074 0.000000 726.230408 0.000000 0.099266 0.000000 0.995061 0.577960 0.577960 0.577960
4205.361328 0.000000 749.153259 0.000000 0.730421 0.000000 0.682997 0.592116 0.592116 0.592116
4194.984863 0.000000 734.293518 0.000000 0.504439 0.000000 0.863447 0.543026 0.543026 0.543026
4194.926270 0.000000 732.340088 0.000000 0.398355 0.000000 0.917231 0.520866 0.520866 0.520866
4234.296387 0.000000 745.519470 0.000000 0.652380 0.000000 0.757892 0.583896 0.583896 0.583896
4225.986816 0.000000 739.754883 0.000000 0.049086 0.000000 0.998795 0.508825 0.508825 0.508825
4229.347656 0.000000 753.342163 0.000000 0.780836 0.000000 0.624736 0.471124 0.471124 0.471124
4503.050293 0.000000 1114.770874 0.000000 0.547096 0.000000 0.837070 0.516052 0.516052 0.516052
5103.677734 0.000000 1067.188232 0.000000 0.128392 0.000000 0.991723 0.535197 0.535197 0.535197
4505.221191 0.000000 1139.374878 0.000000 0.691553 0.000000 0.722325 0.586096 0.586096 0.586096
4524.634766 0.000000 1242.514771 0.000000 0.430658 0.000000 0.902515 0.516542 0.516542 0.516542
4545.276855 0.000000 1230.802734 0.000000 0.765586 0.000000 0.643333 0.546089 0.546089 0.546089
4561.413086 0.000000 1284.481689 0.000000 0.183234 0.000000 0.983069 0.528347 0.528347 0.528347
5136.441406 0.000000 1030.447388 0.000000 0.092565 0.000000 0.995707 0.577859 0.577859 0.577859
5142.582520 0.000000 1036.049805 0.000000 0.770605 0.000000 0.637314 0.557044 0.557044 0.557044
5145.085938 0.000000 1036.530640 0.000000 0.530319 0.000000 0.847798 0.445405 0.445405 0.445405
5151.525391 0.000000 1083.818970 0.000000 0.626548 0.000000 0.779383 0.533736 0.533736 0.533736
5170.767090 0.000000 1053.696045 0.000000 0.586071 0.000000 0.810260 0.472656 0.472656 0.472656
5144.008789 0.000000 1051.076416 0.000000 0.780657 0.000000 0.624960 0.507473 0.507473 0.507473
5175.670410 0.000000 1118.035767 0.000000 0.322638 0.000000 0.946522 0.536731 0.536731 0.536731
5131.794922 0.000000 1101.500732 0.000000 0.085389 0.000000 0.996348 0.524354 0.524354 0.524354
5168.737305 0.000000 1118.132324 0.000000 0.293229 0.000000 0.956042 0.515132 0.515132 0.515132
5184.565430 0.000000 1133.520752 0.000000 0.609650 0.000000 0.792671 0.536940 0.536940 0.536940
5184.646484 0.000000 1104.405151 0.000000 0.127531 0.000000 0.991835 0.567579 0.567579 0.567579
5189.047852 0.000000 1111.381348 0.000000 0.702208 0.000000 0.711972 0.564989 0.564989 0.564989
5188.585938 0.000000 1106.922852 0.000000 0.673529 0.000000 0.739161 0.557636 0.557636 0.557636
5183.450684 0.000000 1106.678955 0.000000 0.688694 0.000000 0.725052 0.543503 0.543503 0.543503
5198.543457 0.000000 1110.155029 0.000000 0.318895 0.000000 0.947790 0.540263 0.540263 0.540263
5341.486816 0.000000 1123.880371 0.000000 0.839344 0.000000 0.543600 0.585795 0.585795 0.585795
5345.106934 0.000000 1086.851074 0.000000 0.845539 0.000000 0.533913 0.567097 0.567097 0.567097
5345.586914 0.000000 1122.457642 0.000000 0.199660 0.000000 0.979865 0.502538 0.502538 0.502538
5345.771484 0.000000 1088.433350 0.000000 0.708907 0.000000 0.705302 0.513810 0.513810 0.513810
5344.139160 0.000000 1115.560181 0.000000 0.158243 0.000000 0.987400 0.454072 0.454072 0.454072
5181.449707 0.000000 1137.970825 0.000000 0.088937 0.000000 0.996037 0.555609 0.555609 0.555609
5205.324707 0.000000 1144.835083 0.000000 0.497802 0.000000 0.867291 0.474992 0.474992 0.474992
5181.858887 0.000000 1205.041138 0.000000 0.096478 0.000000 0.995335 0.590063 0.590063 0.590063
5170.292480 0.000000 1219.506592 0.000000 0.493354 0.000000 0.869829 0.584989 0.584989 0.584989
5143.596680 0.000000 1227.239746 0.000000 0.379664 0.000000 0.925125 0.543373 0.543373 0.543373
5133.540039 0.000000 1217.288574 0.000000 0.786889 0.000000 0.617095 0.582567 0.582567 0.582567
5173.511230 0.000000 1219.854614 0.000000 0.577813 0.000000 0.816169 0.544939 0.544939 0.544939
5184.646484 0.000000 1198.889526 0.000000 0.646720 0.000000 0.762728 0.598051 0.598051 0.598051
5243.849609 0.000000 1188.946655 0.000000 0.662324 0.000000 0.749218 0.595560 0.595560 0.595560
5241.202637 0.000000 1197.460693 0.000000 0.185864 0.000000 0.982575 0.562688 0.562688 0.562688
5187.478027 0.000000 1198.858643 0.000000 0.244951 0.000000 0.969536 0.550444 0.550444 0.550444
5196.062988 0.000000 1218.808838 0.000000 0.057862 0.000000 0.998325 0.408504 0.408504 0.408504
5248.638672 0.000000 1151.647339 0.000000 0.269810 0.000000 0.962914 0.595141 0.595141 0.595141
5251.583496 0.000000 1162.546021 0.000000 0.325368 0.000000 0.945587 0.583291 0.583291 0.583291
5262.601074 0.000000 1168.503052 0.000000 0.211605 0.000000 0.977355 0.465785 0.465785 0.465785
5248.347168 0.000000 1189.139038 0.000000 0.282999 0.000000 0.959120 0.567306 0.567306 0.567306
5332.317871 0.000000 1224.651001 0.000000 0.023581 0.000000 0.999722 0.594206 0.594206 0.594206
5345.138672 0.000000 1221.056885 0.000000 0.317817 0.000000 0.948152 0.591592 0.591592 0.591592
5156.826660 0.000000 1233.811646 0.000000 0.149515 0.000000 0.988759 0.584039 0.584039 0.584039
5136.482422 0.000000 1270.758667 0.000000 0.787088 0.000000 0.616841 0.581579 0.581579 0.581579
5173.778320 0.000000 1237.908203 0.000000 0.148755 0.000000 0.988874 0.513764 0.513764 0.513764
5183.370605 0.000000 1270.666016 0.000000 0.527890 0.000000 0.849312 0.582521 0.582521 0.582521
5198.163574 0.000000 1237.583130 0.000000 0.712296 0.000000 0.701879 0.572612 0.572612 0.572612
5153.130371 0.000000 1275.819824 0.000000 0.522127 0.000000 0.852868 0.538032 0.538032 0.538032
5332.546875 0.000000 1261.171631 0.000000 0.389681 0.000000 0.920950 0.592987 0.592987 0.592987
5308.737793 0.000000 1275.741699 0.000000 0.043768 0.000000 0.999042 0.594282 0.594282 0.594282
5320.307617 0.000000 1293.252319 0.000000 0.112769 0.000000 0.993621 0.590174 0.590174 0.590174
5485.330566 0.000000 1168.837402 0.000000 0.861474 0.000000 0.507801 0.599601 0.599601 0.599601
5473.123047 0.000000 1173.814697 0.000000 0.154866 0.000000 0.987935 0.592580 0.592580 0.592580
5487.726562 0.000000 1142.291870 0.000000 0.561868 0.000000 0.827227 0.594163 0.594163 0.594163
5490.858398 0.000000 1164.750977 0.000000 0.497564 0.000000 0.867427 0.592922 0.592922 0.592922
5465.013672 0.000000 1172.333374 0.000000 0.478895 0.000000 0.877872 0.593580 0.593580 0.593580
5421.922363 0.000000 1207.314453 0.000000 0.658321 0.000000 0.752737 0.596809 0.596809 0.596809
5378.280273 0.000000 1220.125000 0.000000 0.293465 0.000000 0.955970 0.592373 0.592373 0.592373
5425.887695 0.000000 1208.296021 0.000000 0.529752 0.000000 0.848153 0.580284 0.580284 0.580284
5420.243164 0.000000 1198.881836 0.000000 0.194439 0.000000 0.980915 0.539235 0.539235 0.539235
5438.773438 0.000000 1219.749023 0.000000 0.369262 0.000000 0.929326 0.563379 0.563379 0.563379
5424.300293 0.000000 1206.401611 0.000000 0.247391 0.000000 0.968916 0.549549 0.549549 0.549549
5450.147949 0.000000 1217.941406 0.000000 0.166971 0.000000 0.985962 0.591593 0.591593 0.591593
5443.111816 0.000000 1192.033691 0.000000 0.516440 0.000000 0.856323 0.593840 0.593840 0.593840
5448.291992 0.000000 1198.767944 0.000000 0.391924 0.000000 0.919998 0.592126 0.592126 0.592126
5446.156738 0.000000 1224.816528 0.000000 0.713552 0.000000 0.700603 0.593605 0.593605 0.593605
5416.742188 0.000000 1247.306274 0.000000 0.816327 0.000000 0.577590 0.598155 0.598155 0.598155
5436.722168 0.000000 1228.499512 0.000000 0.663032 0.000000 0.748591 0.593031 0.593031 0.593031
5420.525391 0.000000 1242.514771 0.000000 0.756633 0.000000 0.653840 0.595196 0.595196 0.595196
5288.183594 0.000000 1332.183472 0.000000 0.801049 0.000000 0.598599 0.597597 0.597597 0.597597
5356.250977 0.000000 1435.092773 0.000000 0.555224 0.000000 0.831701 0.538945 0.538945 0.538945
5400.642090 0.000000 1356.449219 0.000000 0.343979 0.000000 0.938977 0.557980 0.557980 0.557980
5394.566406 0.000000 1390.144287 0.000000 0.330498 0.000000 0.943807 0.566729 0.566729 0.566729
5533.463379 0.000000 1360.091309 0.000000 0.440162 0.000000 0.897919 0.527346 0.527346 0.527346
5588.695312 0.000000 1360.854492 0.000000 0.328482 0.000000 0.944510 0.551859 0.551859 0.551859
5583.501465 0.000000 1351.154053 0.000000 0.498255 0.000000 0.867031 0.573282 0.573282 0.573282
5594.310547 0.000000 1349.313721 0.000000 0.072739 0.000000 0.997351 0.540537 0.540537 0.540537
5541.564453 0.000000 1384.332397 0.000000 0.343129 0.000000 0.939288 0.527782 0.527782 0.527782
5519.302246 0.000000 1371.750732 0.000000 0.122750 0.000000 0.992438 0.557712 0.557712 0.557712
5557.158691 0.000000 1391.961792 0.000000 0.609275 0.000000 0.792959 0.549252 0.549252 0.549252
5530.401855 0.000000 1390.500244 0.000000 0.197454 0.000000 0.980312 0.481825 0.481825 0.481825
5556.045898 0.000000 1383.347778 0.000000 0.519622 0.000000 0.854396 0.512536 0.512536 0.512536
5546.571289 0.000000 1370.181274 0.000000 0.189513 0.000000 0.981878 0.487330 0.487330 0.487330
5533.713867 0.000000 1378.041016 0.000000 0.428834 0.000000 0.903383 0.533282 0.533282 0.533282
5529.112793 0.000000 1391.958008 0.000000 0.553003 0.000000 0.833179 0.524764 0.524764 0.524764
5524.471191 0.000000 1375.647583 0.000000 0.062071 0.000000 0.998072 0.481355 0.481355 0.481355
5378.510742 0.000000 1454.174805 0.000000 0.451231 0.000000 0.892407 0.533932 0.533932 0.533932
5512.430176 0.000000 1417.314697 0.000000 0.069640 0.000000 0.997572 0.546035 0.546035 0.546035
5519.606934 0.000000 1425.324341 0.000000 0.262704 0.000000 0.964876 0.475873 0.475873 0.475873
5879.584473 0.000000 1212.520142 0.000000 0.697432 0.000000 0.716651 0.584441 0.584441 0.584441
5681.922363 0.000000 1299.033936 0.000000 0.280931 0.000000 0.959728 0.544135 0.544135 0.544135
5664.835449 0.000000 1293.954224 0.000000 0.001689 0.000000 0.999999 0.491881 0.491881 0.491881
5683.288574 0.000000 1304.353760 0.000000 0.770582 0.000000 0.637341 0.556007 0.556007 0.556007
5885.363770 0.000000 1232.455200 0.000000 0.394268 0.000000 0.918995 0.557226 0.557226 0.557226
5884.654785 0.000000 1234.844360 0.000000 0.739756 0.000000 0.672876 0.522608 0.522608 0.522608
5881.124512 0.000000 1291.945068 0.000000 0.565738 0.000000 0.824585 0.573861 0.573861 0.573861
5879.189453 0.000000 1290.184814 0.000000 0.479454 0.000000 0.877567 0.560704 0.560704 0.560704
6092.439941 0.000000 1177.907593 0.000000 0.157192 0.000000 0.987568 0.554495 0.554495 0.554495
6070.175781 0.000000 1193.008301 0.000000 0.481248 0.000000 0.876584 0.572785 0.572785 0.572785
6075.939453 0.000000 1183.406372 0.000000 0.392552 0.000000 0.919730 0.486336 0.486336 0.486336
6098.812500 0.000000 1189.203003 0.000000 0.743899 0.000000 0.668293 0.541345 0.541345 0.541345
5686.991699 0.000000 1327.628052 0.000000 0.351574 0.000000 0.936160 0.532852 0.532852 0.532852
5294.582031 0.000000 1761.440186 0.000000 0.048119 0.000000 0.998842 0.464290 0.464290 0.464290
5298.391602 0.000000 1772.980957 0.000000 0.755293 0.000000 0.655387 0.523990 0.523990 0.523990
5315.476074 0.000000 1793.397827 0.000000 0.790393 0.000000 0.612600 0.582222 0.582222 0.582222
5313.306152 0.000000 1776.791992 0.000000 0.168103 0.000000 0.985769 0.490803 0.490803 0.490803
5315.680176 0.000000 1755.829224 0.000000 0.291938 0.000000 0.956437 0.432947 0.432947 0.432947
5301.005859 0.000000 1798.474487 0.000000 0.669199 0.000000 0.743083 0.594354 0.594354 0.594354
5308.593262 0.000000 1812.800781 0.000000 0.406605 0.000000 0.913604 0.491280 0.491280 0.491280
5337.750977 0.000000 1849.668457 0.000000 0.307761 0.000000 0.951464 0.502957 0.502957 0.502957
5582.496582 0.000000 1724.303467 0.000000 0.348852 0.000000 0.937178 0.545425 0.545425 0.545425
5464.141113 0.000000 2096.118652 0.000000 0.462003 0.000000 0.886878 0.443995 0.443995 0.443995
5560.656250 0.000000 2112.576904 0.000000 0.557609 0.000000 0.830103 0.550858 0.550858 0.550858
5745.848633 0.000000 2436.593018 0.000000 0.330798 0.000000 0.943702 0.573205 0.573205 0.573205
5793.083984 0.000000 2449.353760 0.000000 0.357583 0.000000 0.933881 0.593682 0.593682 0.593682
5780.492188 0.000000 2442.226318 0.000000 0.695384 0.000000 0.718638 0.595796 0.595796 0.595796
5776.363281 0.000000 2447.713135 0.000000 0.358159 0.000000 0.933661 0.590979 0.590979 0.590979
5783.670410 0.000000 2440.685303 0.000000 0.164082 0.000000 0.986447 0.547349 0.547349 0.547349
5898.797363 0.000000 2476.027832 0.000000 0.233722 0.000000 0.972303 0.434035 0.434035 0.434035
6653.275391 0.000000 2358.450684 0.000000 0.823345 0.000000 0.567542 0.587344 0.587344 0.587344
6633.030762 0.000000 2343.589600 0.000000 0.648366 0.000000 0.761329 0.434728 0.434728 0.434728
6632.122559 0.000000 2341.353516 0.000000 0.169690 0.000000 0.985497 0.474149 0.474149 0.474149
6633.491699 0.000000 2340.095703 0.000000 0.406639 0.000000 0.913589 0.496461 0.496461 0.496461
6649.849121 0.000000 2348.225342 0.000000 0.256560 0.000000 0.966528 0.446786 0.446786 0.446786
6620.187012 0.000000 2438.299072 0.000000 0.657210 0.000000 0.753708 0.582097 0.582097 0.582097
6632.076172 0.000000 2425.294922 0.000000 0.515238 0.000000 0.857047 0.574555 0.574555 0.574555
6609.080566 0.000000 2413.253662 0.000000 0.673501 0.000000 0.739186 0.566979 0.566979 0.566979
6512.573242 0.000000 2488.155762 0.000000 0.246622 0.000000 0.969112 0.485179 0.485179 0.485179
6512.506348 0.000000 2495.647217 0.000000 0.402101 0.000000 0.915595 0.490816 0.490816 0.490816
6522.255371 0.000000 2546.450439 0.000000 0.531935 0.000000 0.846785 0.571257 0.571257 0.571257
6515.276367 0.000000 2545.319336 0.000000 0.158093 0.000000 0.987424 0.497416 0.497416 0.497416
6526.640625 0.000000 2542.530518 0.000000 0.715016 0.000000 0.699108 0.575068 0.575068 0.575068
6518.890137 0.000000 2508.682861 0.000000 0.431263 0.000000 0.902226 0.521646 0.521646 0.521646
6527.210449 0.000000 2495.297852 0.000000 0.768089 0.000000 0.640343 0.575017 0.575017 0.575017
6541.982910 0.000000 2535.109131 0.000000 0.184376 0.000000 0.982856 0.584436 0.584436 0.584436
6449.077148 0.000000 2569.439941 0.000000 0.687054 0.000000 0.726606 0.585989 0.585989 0.585989
6460.326172 0.000000 2588.115723 0.000000 0.751566 0.000000 0.659657 0.579498 0.579498 0.579498
6523.995605 0.000000 2581.566895 0.000000 0.776934 0.000000 0.629582 0.593369 0.593369 0.593369
6507.373047 0.000000 2556.795410 0.000000 0.151624 0.000000 0.988438 0.474629 0.474629 0.474629
6504.673340 0.000000 2558.918457 0.000000 0.153873 0.000000 0.988091 0.422852 0.422852 0.422852
6453.062500 0.000000 2629.974609 0.000000 0.256649 0.000000 0.966505 0.546968 0.546968 0.546968
6486.159180 0.000000 2603.583252 0.000000 0.723449 0.000000 0.690378 0.558908 0.558908 0.558908
6463.496094 0.000000 2638.715820 0.000000 0.436921 0.000000 0.899500 0.509517 0.509517 0.509517
6582.395508 0.000000 2615.235352 0.000000 0.045561 0.000000 0.998962 0.512040 0.512040 0.512040
6560.401367 0.000000 2608.279785 0.000000 0.796627 0.000000 0.604471 0.504714 0.504714 0.504714
6592.470215 0.000000 2631.485840 0.000000 0.843849 0.000000 0.536580 0.583880 0.583880 0.583880
6635.652344 0.000000 2605.496826 0.000000 0.084827 0.000000 0.996396 0.440861 0.440861 0.440861
6686.931641 0.000000 2388.891357 0.000000 0.337331 0.000000 0.941386 0.559574 0.559574 0.559574
6667.607422 0.000000 2377.040039 0.000000 0.851296 0.000000 0.524686 0.591313 0.591313 0.591313
6667.412109 0.000000 2378.659424 0.000000 0.847257 0.000000 0.531184 0.546734 0.546734 0.546734
6665.654297 0.000000 2362.744385 0.000000 0.177002 0.000000 0.984210 0.445606 0.445606 0.445606
6725.704590 0.000000 2573.517334 0.000000 0.862711 0.000000 0.505697 0.571806 0.571806 0.571806
6723.277832 0.000000 2573.464600 0.000000 0.034070 0.000000 0.999419 0.437716 0.437716 0.437716
6681.044922 0.000000 2598.422363 0.000000 0.394516 0.000000 0.918889 0.489163 0.489163 0.489163
6682.223145 0.000000 2599.694092 0.000000 0.092444 0.000000 0.995718 0.466037 0.466037 0.466037
6733.976074 0.000000 2607.606689 0.000000 0.700790 0.000000 0.713367 0.469718 0.469718 0.469718
6752.048340 0.000000 2641.073486 0.000000 0.277248 0.000000 0.960799 0.483106 0.483106 0.483106
6734.664551 0.000000 2643.137695 0.000000 0.399116 0.000000 0.916900 0.477474 0.477474 0.477474
6746.500977 0.000000 2631.743408 0.000000 0.409867 0.000000 0.912145 0.523444 0.523444 0.523444
6755.062500 0.000000 2643.274658 0.000000 0.744875 0.000000 0.667204 0.546386 0.546386 0.546386
6755.912598 0.000000 2644.895996 0.000000 0.676158 0.000000 0.736757 0.523698 0.523698 0.523698
6588.115234 0.000000 2687.575195 0.000000 0.733801 0.000000 0.679365 0.553570 0.553570 0.553570
6568.301270 0.000000 2685.474609 0.000000 0.818746 0.000000 0.574156 0.494649 0.494649 0.494649
6591.198730 0.000000 2687.931641 0.000000 0.657123 0.000000 0.753784 0.470828 0.470828 0.470828
6601.302246 0.000000 2687.340332 0.000000 0.812621 0.000000 0.582792 0.558528 0.558528 0.558528
6605.360352 0.000000 2681.796631 0.000000 0.820673 0.000000 0.571399 0.563102 0.563102 0.563102
6648.890137 0.000000 2684.709717 0.000000 0.765481 0.000000 0.643458 0.569635 0.569635 0.569635
6634.700684 0.000000 2669.380859 0.000000 0.661796 0.000000 0.749684 0.478116 0.478116 0.478116
6635.902832 0.000000 2683.441406 0.000000 0.563393 0.000000 0.826189 0.533732 0.533732 0.533732
6644.528809 0.000000 2689.633301 0.000000 0.653330 0.000000 0.757073 0.565266 0.565266 0.565266
6591.202637 0.000000 2684.266602 0.000000 0.638320 0.000000 0.769771 0.561181 0.561181 0.561181
6603.476074 0.000000 2687.532227 0.000000 0.244312 0.000000 0.969697 0.532570 0.532570 0.532570
6600.027832 0.000000 2689.462158 0.000000 0.542822 0.000000 0.839848 0.511887 0.511887 0.511887
6626.476562 0.000000 2675.349121 0.000000 0.391900 0.000000 0.920008 0.439025 0.439025 0.439025
6609.935547 0.000000 2687.680664 0.000000 0.656850 0.000000 0.754022 0.523871 0.523871 0.523871
6652.981445 0.000000 2684.066650 0.000000 0.119403 0.000000 0.992846 0.358724 0.358724 0.358724
6653.749023 0.000000 2685.487305 0.000000 0.588675 0.000000 0.808370 0.443477 0.443477 0.443477
6646.505859 0.000000 2684.234131 0.000000 0.794297 0.000000 0.607529 0.488500 0.488500 0.488500
6568.027344 0.000000 2702.207031 0.000000 0.333418 0.000000 0.942779 0.560359 0.560359 0.560359
6583.180176 0.000000 2722.184814 0.000000 0.620197 0.000000 0.784446 0.493284 0.493284 0.493284
6592.213379 0.000000 2715.726074 0.000000 0.573385 0.000000 0.819286 0.433881 0.433881 0.433881
6610.417969 0.000000 2712.925537 0.000000 0.862651 0.000000 0.505800 0.535259 0.535259 0.535259
6593.641113 0.000000 2713.421143 0.000000 0.027982 0.000000 0.999608 0.447473 0.447473 0.447473
6601.708008 0.000000 2717.384766 0.000000 0.668342 0.000000 0.743854 0.517700 0.517700 0.517700
6654.414062 0.000000 2694.663086 0.000000 0.008229 0.000000 0.999966 0.418602 0.418602 0.418602
6639.222168 0.000000 2694.479980 0.000000 0.794035 0.000000 0.607873 0.534426 0.534426 0.534426
6648.523438 0.000000 2726.725342 0.000000 0.349619 0.000000 0.936892 0.529101 0.529101 0.529101
6613.641113 0.000000 2702.459717 0.000000 0.562301 0.000000 0.826933 0.524891 0.524891 0.524891
6593.846191 0.000000 2715.880859 0.000000 0.187976 0.000000 0.982174 0.360952 0.360952 0.360952
6592.249023 0.000000 2714.180908 0.000000 0.488523 0.000000 0.872551 0.416539 0.416539 0.416539
6612.304199 0.000000 2724.160645 0.000000 0.651091 0.000000 0.759000 0.458649 0.458649 0.458649
6650.273438 0.000000 2695.176025 0.000000 0.151742 0.000000 0.988420 0.402397 0.402397 0.402397
6654.414062 0.000000 2741.905273 0.000000 0.408905 0.000000 0.912577 0.504433 0.504433 0.504433
6676.153809 0.000000 2689.158936 0.000000 0.693932 0.000000 0.720040 0.547018 0.547018 0.547018
6687.502441 0.000000 2650.043945 0.000000 0.300625 0.000000 0.953743 0.502379 0.502379 0.502379
6666.433594 0.000000 2678.713623 0.000000 0.577733 0.000000 0.816226 0.562097 0.562097 0.562097
6700.086914 0.000000 2663.389893 0.000000 0.113640 0.000000 0.993522 0.426503 0.426503 0.426503
6704.421875 0.000000 2679.292725 0.000000 0.295351 0.000000 0.955389 0.493386 0.493386 0.493386
6700.308594 0.000000 2674.611328 0.000000 0.816414 0.000000 0.577467 0.578790 0.578790 0.578790
6710.866699 0.000000 2650.409424 0.000000 0.849164 0.000000 0.528129 0.547076 0.547076 0.547076
6706.435547 0.000000 2666.708252 0.000000 0.853338 0.000000 0.521358 0.566317 0.566317 0.566317
6711.324219 0.000000 2648.024170 0.000000 0.748735 0.000000 0.662869 0.543013 0.543013 0.543013
6704.549805 0.000000 2677.124512 0.000000 0.760731 0.000000 0.649067 0.525406 0.525406 0.525406
6702.410156 0.000000 2659.041992 0.000000 0.861278 0.000000 0.508134 0.566866 0.566866 0.566866
6695.303223 0.000000 2675.759277 0.000000 0.424437 0.000000 0.905457 0.527906 0.527906 0.527906
6714.217285 0.000000 2686.155029 0.000000 0.662974 0.000000 0.748642 0.534736 0.534736 0.534736
6707.980957 0.000000 2669.052246 0.000000 0.393928 0.000000 0.919141 0.517918 0.517918 0.517918
6700.844727 0.000000 2665.331055 0.000000 0.766714 0.000000 0.641989 0.466866 0.466866 0.466866
6697.417480 0.000000 2687.579834 0.000000 0.164207 0.000000 0.986426 0.453643 0.453643 0.453643
6672.183105 0.000000 2689.591309 0.000000 0.745651 0.000000 0.666337 0.491851 0.491851 0.491851
6706.554199 0.000000 2663.771484 0.000000 0.111047 0.000000 0.993815 0.403237 0.403237 0.403237
6655.242676 0.000000 2682.904785 0.000000 0.402833 0.000000 0.915273 0.401699 0.401699 0.401699
6659.382812 0.000000 2685.079834 0.000000 0.635381 0.000000 0.772199 0.485680 0.485680 0.485680
6673.026855 0.000000 2662.262939 0.000000 0.609561 0.000000 0.792739 0.465638 0.465638 0.465638
6708.733398 0.000000 2657.937012 0.000000 0.286917 0.000000 0.957955 0.412131 0.412131 0.412131
6701.275391 0.000000 2664.149170 0.000000 0.733709 0.000000 0.679464 0.457327 0.457327 0.457327
6751.494629 0.000000 2650.043945 0.000000 0.098902 0.000000 0.995097 0.562523 0.562523 0.562523
6722.116211 0.000000 2684.632812 0.000000 0.822830 0.000000 0.568288 0.561521 0.561521 0.561521
6735.153809 0.000000 2647.290039 0.000000 0.217000 0.000000 0.976172 0.522027 0.522027 0.522027
6778.013184 0.000000 2672.264893 0.000000 0.595630 0.000000 0.803259 0.569262 0.569262 0.569262
6760.826172 0.000000 2658.511719 0.000000 0.601487 0.000000 0.798883 0.554947 0.554947 0.554947
6741.437988 0.000000 2675.281006 0.000000 0.029482 0.000000 0.999565 0.553825 0.553825 0.553825
6748.373535 0.000000 2648.656494 0.000000 0.813428 0.000000 0.581666 0.548392 0.548392 0.548392
6764.314941 0.000000 2677.745117 0.000000 0.024874 0.000000 0.999691 0.450639 0.450639 0.450639
6782.609375 0.000000 2684.257080 0.000000 0.544171 0.000000 0.838974 0.558997 0.558997 0.558997
6752.391602 0.000000 2670.131348 0.000000 0.225295 0.000000 0.974291 0.546668 0.546668 0.546668
6724.292969 0.000000 2686.122559 0.000000 0.792164 0.000000 0.610309 0.571484 0.571484 0.571484
6755.598633 0.000000 2666.245361 0.000000 0.693714 0.000000 0.720251 0.475326 0.475326 0.475326
6733.431152 0.000000 2667.281250 0.000000 0.405043 0.000000 0.914297 0.471244 0.471244 0.471244
6735.090332 0.000000 2649.847168 0.000000 0.355244 0.000000 0.934774 0.447145 0.447145 0.447145
6746.319336 0.000000 2674.999023 0.000000 0.274796 0.000000 0.961503 0.497395 0.497395 0.497395
6768.475098 0.000000 2684.615967 0.000000 0.574484 0.000000 0.818516 0.490127 0.490127 0.490127
6771.671387 0.000000 2672.750000 0.000000 0.396061 0.000000 0.918224 0.491937 0.491937 0.491937
6765.224609 0.000000 2676.047852 0.000000 0.580236 0.000000 0.814448 0.508043 0.508043 0.508043
6747.087402 0.000000 2670.678223 0.000000 0.463083 0.000000 0.886315 0.493937 0.493937 0.493937
6722.573730 0.000000 2686.215576 0.000000 0.780192 0.000000 0.625540 0.531667 0.531667 0.531667
6722.398438 0.000000 2689.647461 0.000000 0.313915 0.000000 0.949451 0.385355 0.385355 0.385355
6755.320801 0.000000 2686.572021 0.000000 0.855237 0.000000 0.518237 0.538796 0.538796 0.538796
6760.140137 0.000000 2649.010498 0.000000 0.555905 0.000000 0.831246 0.500041 0.500041 0.500041
6745.559570 0.000000 2673.419434 0.000000 0.470386 0.000000 0.882461 0.459115 0.459115 0.459115
6735.154785 0.000000 2687.054688 0.000000 0.157016 0.000000 0.987596 0.431717 0.431717 0.431717
6656.385742 0.000000 2739.755371 0.000000 0.081399 0.000000 0.996682 0.534189 0.534189 0.534189
6716.565918 0.000000 2693.007568 0.000000 0.058057 0.000000 0.998313 0.544485 0.544485 0.544485
6706.709961 0.000000 2723.743408 0.000000 0.577860 0.000000 0.816136 0.584269 0.584269 0.584269
6695.605957 0.000000 2717.449463 0.000000 0.402535 0.000000 0.915405 0.476135 0.476135 0.476135
6672.724609 0.000000 2704.592529 0.000000 0.055706 0.000000 0.998447 0.471776 0.471776 0.471776
6718.960449 0.000000 2705.131348 0.000000 0.606154 0.000000 0.795347 0.546968 0.546968 0.546968
6705.797363 0.000000 2716.299805 0.000000 0.438139 0.000000 0.898907 0.529709 0.529709 0.529709
6708.635254 0.000000 2708.501953 0.000000 0.699783 0.000000 0.714356 0.519546 0.519546 0.519546
6686.175293 0.000000 2716.038330 0.000000 0.192274 0.000000 0.981341 0.491686 0.491686 0.491686
6700.086914 0.000000 2710.632080 0.000000 0.463046 0.000000 0.886334 0.467009 0.467009 0.467009
6695.150879 0.000000 2720.952881 0.000000 0.011350 0.000000 0.999936 0.441156 0.441156 0.441156
6696.068359 0.000000 2708.748047 0.000000 0.455495 0.000000 0.890238 0.566287 0.566287 0.566287
6690.604980 0.000000 2708.859619 0.000000 0.852466 0.000000 0.522783 0.581459 0.581459 0.581459
6703.911133 0.000000 2714.135254 0.000000 0.551337 0.000000 0.834283 0.540872 0.540872 0.540872
6656.190918 0.000000 2703.738281 0.000000 0.686779 0.000000 0.726866 0.516503 0.516503 0.516503
6707.763184 0.000000 2718.250977 0.000000 0.613652 0.000000 0.789577 0.559101 0.559101 0.559101
6692.610840 0.000000 2716.942383 0.000000 0.350049 0.000000 0.936731 0.546391 0.546391 0.546391
6708.839355 0.000000 2698.858887 0.000000 0.264229 0.000000 0.964460 0.511166 0.511166 0.511166
6662.224121 0.000000 2706.898926 0.000000 0.314761 0.000000 0.949171 0.466059 0.466059 0.466059
6701.754395 0.000000 2702.511475 0.000000 0.053017 0.000000 0.998594 0.398796 0.398796 0.398796
6671.702637 0.000000 2703.007080 0.000000 0.470793 0.000000 0.882244 0.518257 0.518257 0.518257
6688.470215 0.000000 2705.965332 0.000000 0.067407 0.000000 0.997726 0.479524 0.479524 0.479524
6686.640137 0.000000 2717.749023 0.000000 0.498532 0.000000 0.866871 0.517514 0.517514 0.517514
6684.499023 0.000000 2716.470459 0.000000 0.796033 0.000000 0.605253 0.540113 0.540113 0.540113
6717.950684 0.000000 2703.756104 0.000000 0.437132 0.000000 0.899397 0.421584 0.421584 0.421584
6686.679688 0.000000 2702.372070 0.000000 0.858171 0.000000 0.513364 0.552759 0.552759 0.552759
6694.017578 0.000000 2717.931396 0.000000 0.763485 0.000000 0.645825 0.524803 0.524803 0.524803
6655.226074 0.000000 2699.433838 0.000000 0.335427 0.000000 0.942066 0.462878 0.462878 0.462878
6673.759277 0.000000 2703.260254 0.000000 0.864496 0.000000 0.502640 0.513223 0.513223 0.513223
6685.760254 0.000000 2710.817871 0.000000 0.130642 0.000000 0.991430 0.325022 0.325022 0.325022
6706.219727 0.000000 2717.824707 0.000000 0.433741 0.000000 0.901038 0.474772 0.474772 0.474772
6694.035156 0.000000 2716.447754 0.000000 0.327588 0.000000 0.944821 0.467510 0.467510 0.467510
6740.145996 0.000000 2736.401123 0.000000 0.290552 0.000000 0.956859 0.535014 0.535014 0.535014
6720.458984 0.000000 2710.639648 0.000000 0.715677 0.000000 0.698432 0.552514 0.552514 0.552514
6775.365234 0.000000 2728.997803 0.000000 0.415618 0.000000 0.909539 0.526431 0.526431 0.526431
6751.670898 0.000000 2707.565430 0.000000 0.128390 0.000000 0.991724 0.591360 0.591360 0.591360
6771.300293 0.000000 2702.143555 0.000000 0.821961 0.000000 0.569543 0.583208 0.583208 0.583208
6739.616211 0.000000 2696.689941 0.000000 0.699117 0.000000 0.715007 0.552268 0.552268 0.552268
6782.015137 0.000000 2725.295166 0.000000 0.664505 0.000000 0.747284 0.500128 0.500128 0.500128
6720.183105 0.000000 2703.738281 0.000000 0.844836 0.000000 0.535025 0.547571 0.547571 0.547571
6776.507812 0.000000 2726.725342 0.000000 0.644808 0.000000 0.764344 0.564813 0.564813 0.564813
6751.716797 0.000000 2713.412109 0.000000 0.548706 0.000000 0.836015 0.525854 0.525854 0.525854
6720.673828 0.000000 2698.729004 0.000000 0.105077 0.000000 0.994464 0.464992 0.464992 0.464992
6758.714844 0.000000 2705.396729 0.000000 0.844970 0.000000 0.534813 0.548439 0.548439 0.548439
6774.372070 0.000000 2709.719727 0.000000 0.633674 0.000000 0.773600 0.538391 0.538391 0.538391
6779.908203 0.000000 2725.297852 0.000000 0.787621 0.000000 0.616160 0.561218 0.561218 0.561218
6735.694824 0.000000 2703.007080 0.000000 0.027719 0.000000 0.999616 0.402374 0.402374 0.402374
6756.378418 0.000000 2705.667480 0.000000 0.169526 0.000000 0.985526 0.497209 0.497209 0.497209
6758.245117 0.000000 2708.616943 0.000000 0.544147 0.000000 0.838990 0.507553 0.507553 0.507553
6768.475098 0.000000 2731.858154 0.000000 0.672587 0.000000 0.740018 0.526997 0.526997 0.526997
6723.010254 0.000000 2706.933105 0.000000 0.646833 0.000000 0.762631 0.526592 0.526592 0.526592
6741.826172 0.000000 2696.322510 0.000000 0.442054 0.000000 0.896989 0.393285 0.393285 0.393285
6719.279297 0.000000 2702.348877 0.000000 0.342847 0.000000 0.939391 0.396095 0.396095 0.396095
6734.303711 0.000000 2703.777100 0.000000 0.613914 0.000000 0.789373 0.483481 0.483481 0.483481
6721.585938 0.000000 2702.999023 0.000000 0.391020 0.000000 0.920382 0.491428 0.491428 0.491428
6723.419434 0.000000 2728.595459 0.000000 0.500660 0.000000 0.865644 0.479304 0.479304 0.479304
6721.725586 0.000000 2709.875000 0.000000 0.670331 0.000000 0.742063 0.505438 0.505438 0.505438
6725.042969 0.000000 2737.514160 0.000000 0.198979 0.000000 0.980004 0.404976 0.404976 0.404976
6761.289062 0.000000 2708.569336 0.000000 0.167377 0.000000 0.985893 0.384644 0.384644 0.384644
6792.525391 0.000000 2672.509766 0.000000 0.168189 0.000000 0.985755 0.507609 0.507609 0.507609
6784.231445 0.000000 2681.871094 0.000000 0.392181 0.000000 0.919888 0.501166 0.501166 0.501166
6783.179199 0.000000 2684.266602 0.000000 0.457632 0.000000 0.889142 0.554874 0.554874 0.554874
6785.933594 0.000000 2664.477783 0.000000 0.193978 0.000000 0.981006 0.479459 0.479459 0.479459
6791.280273 0.000000 2673.474854 0.000000 0.826565 0.000000 0.562842 0.541793 0.541793 0.541793
6785.717773 0.000000 2662.632812 0.000000 0.790090 0.000000 0.612991 0.532295 0.532295 0.532295
6784.446777 0.000000 2725.970215 0.000000 0.314752 0.000000 0.949174 0.493221 0.493221 0.493221
6783.203125 0.000000 2727.363770 0.000000 0.819877 0.000000 0.572540 0.555713 0.555713 0.555713
6821.566895 0.000000 2711.502930 0.000000 0.573956 0.000000 0.818886 0.446937 0.446937 0.446937
6821.084961 0.000000 2710.399658 0.000000 0.681851 0.000000 0.731491 0.469105 0.469105 0.469105
6656.205566 0.000000 2762.968262 0.000000 0.620314 0.000000 0.784354 0.541924 0.541924 0.541924
6656.264648 0.000000 2740.946533 0.000000 0.813160 0.000000 0.582040 0.542305 0.542305 0.542305
6690.604980 0.000000 2756.101807 0.000000 0.229663 0.000000 0.973270 0.546846 0.546846 0.546846
6669.740723 0.000000 2746.686279 0.000000 0.734729 0.000000 0.678361 0.510102 0.510102 0.510102
6714.899414 0.000000 2749.543701 0.000000 0.131648 0.000000 0.991297 0.459914 0.459914 0.459914
6732.411133 0.000000 2764.890869 0.000000 0.622067 0.000000 0.782964 0.530616 0.530616 0.530616
6760.610840 0.000000 2783.624023 0.000000 0.783301 0.000000 0.621643 0.528152 0.528152 0.528152
6772.826172 0.000000 2743.318359 0.000000 0.612473 0.000000 0.790492 0.542648 0.542648 0.542648
6753.632324 0.000000 2761.994873 0.000000 0.503537 0.000000 0.863974 0.563281 0.563281 0.563281
6744.947754 0.000000 2745.609375 0.000000 0.423519 0.000000 0.905887 0.587266 0.587266 0.587266
6745.394531 0.000000 2757.454346 0.000000 0.530458 0.000000 0.847711 0.580300 0.580300 0.580300
6740.740234 0.000000 2757.944824 0.000000 0.439541 0.000000 0.898222 0.539835 0.539835 0.539835
6743.100098 0.000000 2761.303467 0.000000 0.238520 0.000000 0.971138 0.531270 0.531270 0.531270
6748.171387 0.000000 2768.994385 0.000000 0.278028 0.000000 0.960573 0.535314 0.535314 0.535314
6760.060547 0.000000 2755.990234 0.000000 0.439968 0.000000 0.898013 0.443805 0.443805 0.443805
6723.984375 0.000000 2771.539307 0.000000 0.718758 0.000000 0.695260 0.567756 0.567756 0.567756
6764.300781 0.000000 2769.095703 0.000000 0.508474 0.000000 0.861078 0.558821 0.558821 0.558821
6721.625488 0.000000 2760.663330 0.000000 0.764004 0.000000 0.645211 0.573738 0.573738 0.573738
6732.914062 0.000000 2773.716553 0.000000 0.615238 0.000000 0.788342 0.551710 0.551710 0.551710
6737.071289 0.000000 2740.100098 0.000000 0.838867 0.000000 0.544336 0.530593 0.530593 0.530593
6775.316406 0.000000 2742.508545 0.000000 0.458981 0.000000 0.888446 0.391071 0.391071 0.391071
6721.682129 0.000000 2771.169189 0.000000 0.586650 0.000000 0.809841 0.496081 0.496081 0.496081
6750.418945 0.000000 2768.901855 0.000000 0.462281 0.000000 0.886733 0.472619 0.472619 0.472619
6726.298828 0.000000 2750.113770 0.000000 0.157816 0.000000 0.987468 0.371521 0.371521 0.371521
6754.613770 0.000000 2763.754395 0.000000 0.167182 0.000000 0.985926 0.480224 0.480224 0.480224
6761.409668 0.000000 2782.064209 0.000000 0.236914 0.000000 0.971531 0.457382 0.457382 0.457382
6759.575195 0.000000 2782.640381 0.000000 0.270632 0.000000 0.962683 0.431008 0.431008 0.431008
6808.939941 0.000000 2745.609375 0.000000 0.044318 0.000000 0.999017 0.539407 0.539407 0.539407
6791.630859 0.000000 2748.584961 0.000000 0.403043 0.000000 0.915181 0.415591 0.415591 0.415591
6902.855957 0.000000 2841.931885 0.000000 0.212821 0.000000 0.977091 0.574604 0.574604 0.574604
3322.631348 0.000000 4339.631836 0.000000 0.735385 0.000000 0.677650 0.516910 0.516910 0.516910
3405.400879 0.000000 4298.728027 0.000000 0.688104 0.000000 0.725612 0.578108 0.578108 0.578108
7409.711426 0.000000 3094.237305 0.000000 0.139952 0.000000 0.990158 0.563576 0.563576 0.563576
"}
object={
	name="tree_mangrove_02_generator_1_1"
	render_pass=Map
	clamp_to_water_level=no
	generated_content=yes
	layer="tree_high_layer"
	pdxmesh="tree_graht_01_b_mesh"
	count=457
	transform="3163.947510 0.000000 254.770493 0.000000 0.918168 0.000000 0.396192 0.577117 0.577117 0.577117
3167.979492 0.000000 291.548553 0.000000 0.998446 0.000000 0.055730 0.598204 0.598204 0.598204
3180.738037 0.000000 312.501678 0.000000 0.897366 0.000000 -0.441287 0.625673 0.625673 0.625673
3210.110840 0.000000 351.173676 0.000000 0.998643 0.000000 0.052074 0.597425 0.597425 0.597425
3143.473389 0.000000 456.164124 0.000000 0.887585 0.000000 -0.460644 0.641950 0.641950 0.641950
3245.385986 0.000000 385.780029 0.000000 0.999920 0.000000 -0.012634 0.600397 0.600397 0.600397
3275.853271 0.000000 413.220306 0.000000 0.957024 0.000000 -0.290008 0.616528 0.616528 0.616528
3253.230225 0.000000 470.810516 0.000000 0.969942 0.000000 0.243335 0.562444 0.562444 0.562444
3198.380615 0.000000 481.574341 0.000000 0.971799 0.000000 -0.235809 0.614085 0.614085 0.614085
3189.268799 0.000000 478.475861 0.000000 0.985915 0.000000 0.167245 0.593204 0.593204 0.593204
3187.628662 0.000000 479.696960 0.000000 0.979019 0.000000 -0.203770 0.621978 0.621978 0.621978
3237.845703 0.000000 486.730713 0.000000 0.955406 0.000000 -0.295296 0.614818 0.614818 0.614818
3203.379395 0.000000 475.169312 0.000000 0.908858 0.000000 0.417105 0.552307 0.552307 0.552307
3199.647705 0.000000 479.050812 0.000000 0.961931 0.000000 0.273293 0.567865 0.567865 0.567865
3230.181885 0.000000 490.434937 0.000000 0.992137 0.000000 -0.125153 0.610996 0.610996 0.610996
3258.687500 0.000000 522.035278 0.000000 0.929136 0.000000 0.369739 0.555466 0.555466 0.555466
3279.511719 0.000000 523.948486 0.000000 0.946762 0.000000 0.321933 0.577906 0.577906 0.577906
3357.269531 0.000000 435.019012 0.000000 0.962827 0.000000 0.270120 0.597747 0.597747 0.597747
3776.737061 0.000000 519.372253 0.000000 0.986735 0.000000 -0.162339 0.600611 0.600611 0.600611
3767.238525 0.000000 527.064453 0.000000 0.941371 0.000000 -0.337374 0.607474 0.607474 0.607474
3773.626709 0.000000 563.247498 0.000000 0.969490 0.000000 0.245130 0.594436 0.594436 0.594436
3784.892090 0.000000 546.611084 0.000000 0.957555 0.000000 -0.288251 0.617301 0.617301 0.617301
3917.687988 0.000000 555.897888 0.000000 0.935140 0.000000 -0.354279 0.609764 0.609764 0.609764
3776.710205 0.000000 593.723267 0.000000 0.940982 0.000000 -0.338458 0.608017 0.608017 0.608017
3609.240234 0.000000 747.153564 0.000000 0.998772 0.000000 0.049550 0.599332 0.599332 0.599332
3634.479736 0.000000 747.084656 0.000000 0.988147 0.000000 0.153509 0.598269 0.598269 0.598269
3623.090576 0.000000 746.920654 0.000000 0.898244 0.000000 -0.439497 0.642601 0.642601 0.642601
3636.024170 0.000000 748.282166 0.000000 0.997912 0.000000 -0.064585 0.604599 0.604599 0.604599
3639.830078 0.000000 746.624023 0.000000 0.937268 0.000000 -0.348609 0.625870 0.625870 0.625870
3671.776367 0.000000 754.817871 0.000000 0.951224 0.000000 -0.308501 0.605168 0.605168 0.605168
3659.835449 0.000000 750.602295 0.000000 0.925067 0.000000 -0.379803 0.618966 0.618966 0.618966
3916.754639 0.000000 591.750000 0.000000 0.999593 0.000000 0.028527 0.599829 0.599829 0.599829
3936.014160 0.000000 581.666931 0.000000 0.970681 0.000000 -0.240372 0.602545 0.602545 0.602545
3923.354004 0.000000 590.154785 0.000000 0.988114 0.000000 0.153721 0.598960 0.598960 0.598960
3915.943359 0.000000 581.836609 0.000000 0.989117 0.000000 0.147130 0.597456 0.597456 0.597456
3911.140137 0.000000 601.976196 0.000000 0.998615 0.000000 0.052619 0.598581 0.598581 0.598581
3839.534424 0.000000 656.517456 0.000000 0.899410 0.000000 0.437107 0.590174 0.590174 0.590174
3850.776855 0.000000 647.299316 0.000000 0.927949 0.000000 0.372708 0.592849 0.592849 0.592849
3897.366211 0.000000 630.554321 0.000000 0.999910 0.000000 0.013412 0.599729 0.599729 0.599729
3554.706787 0.000000 765.566040 0.000000 0.949775 0.000000 -0.312932 0.602861 0.602861 0.602861
3583.343018 0.000000 862.685913 0.000000 0.963071 0.000000 0.269246 0.582645 0.582645 0.582645
3568.804443 0.000000 884.089478 0.000000 0.965698 0.000000 -0.259667 0.607673 0.607673 0.607673
3559.533203 0.000000 878.507385 0.000000 0.893153 0.000000 -0.449754 0.627252 0.627252 0.627252
3635.820068 0.000000 760.355774 0.000000 0.966740 0.000000 -0.255761 0.620146 0.620146 0.620146
3668.520996 0.000000 846.713440 0.000000 0.992773 0.000000 0.120009 0.596847 0.596847 0.596847
3703.739990 0.000000 839.310120 0.000000 0.998336 0.000000 -0.057657 0.600821 0.600821 0.600821
3651.330078 0.000000 814.096130 0.000000 0.995044 0.000000 0.099438 0.599329 0.599329 0.599329
3656.013428 0.000000 811.655029 0.000000 0.979415 0.000000 -0.201857 0.603806 0.603806 0.603806
3679.079102 0.000000 837.854370 0.000000 0.990095 0.000000 0.140400 0.595780 0.595780 0.595780
3685.473633 0.000000 829.678162 0.000000 0.942724 0.000000 0.333575 0.588792 0.588792 0.588792
3669.718750 0.000000 849.496948 0.000000 0.932920 0.000000 -0.360084 0.623450 0.623450 0.623450
3688.942627 0.000000 848.202515 0.000000 0.985028 0.000000 -0.172393 0.632311 0.632311 0.632311
3686.827148 0.000000 886.158325 0.000000 0.976749 0.000000 -0.214385 0.616506 0.616506 0.616506
3686.267334 0.000000 851.246765 0.000000 0.946550 0.000000 0.322557 0.571958 0.571958 0.571958
3687.972900 0.000000 875.003906 0.000000 0.996800 0.000000 -0.079933 0.601319 0.601319 0.601319
3685.005859 0.000000 855.874084 0.000000 0.960581 0.000000 -0.278001 0.621099 0.621099 0.621099
3683.518066 0.000000 852.965942 0.000000 0.996491 0.000000 0.083697 0.596548 0.596548 0.596548
3685.161621 0.000000 854.060974 0.000000 0.881683 0.000000 0.471842 0.563197 0.563197 0.563197
3708.338867 0.000000 928.090149 0.000000 0.991642 0.000000 0.129017 0.596027 0.596027 0.596027
3697.011230 0.000000 912.215332 0.000000 0.999061 0.000000 -0.043317 0.603083 0.603083 0.603083
3737.761475 0.000000 915.008911 0.000000 0.979314 0.000000 0.202347 0.596795 0.596795 0.596795
3723.966797 0.000000 912.531921 0.000000 0.947751 0.000000 -0.319010 0.604377 0.604377 0.604377
3735.768555 0.000000 943.786621 0.000000 0.990509 0.000000 -0.137449 0.603924 0.603924 0.603924
3719.198242 0.000000 909.616943 0.000000 0.887843 0.000000 -0.460146 0.613967 0.613967 0.613967
3774.208252 0.000000 918.192322 0.000000 0.968185 0.000000 -0.250235 0.610798 0.610798 0.610798
3759.185303 0.000000 909.004517 0.000000 0.895927 0.000000 0.444201 0.574834 0.574834 0.574834
3783.190430 0.000000 909.616943 0.000000 0.997801 0.000000 -0.066275 0.602782 0.602782 0.602782
3775.622559 0.000000 917.710205 0.000000 0.936592 0.000000 -0.350421 0.619575 0.619575 0.619575
3806.919189 0.000000 903.917542 0.000000 0.984629 0.000000 0.174658 0.587246 0.587246 0.587246
3838.302490 0.000000 1001.238464 0.000000 0.998487 0.000000 -0.054992 0.602431 0.602431 0.602431
1612.986450 0.000000 2264.478027 0.000000 0.911117 0.000000 0.412147 0.595546 0.595546 0.595546
1630.609985 0.000000 2253.577881 0.000000 0.954181 0.000000 -0.299231 0.627995 0.627995 0.627995
1628.224487 0.000000 2257.367432 0.000000 0.945784 0.000000 0.324798 0.553917 0.553917 0.553917
1708.206543 0.000000 2263.425049 0.000000 0.868713 0.000000 -0.495316 0.614360 0.614360 0.614360
1775.448975 0.000000 2250.522949 0.000000 0.938983 0.000000 0.343963 0.581591 0.581591 0.581591
1771.294067 0.000000 2244.201172 0.000000 0.999542 0.000000 0.030256 0.597507 0.597507 0.597507
1772.909668 0.000000 2249.431641 0.000000 0.932339 0.000000 -0.361585 0.614963 0.614963 0.614963
1748.105713 0.000000 2246.224121 0.000000 0.954794 0.000000 0.297267 0.583046 0.583046 0.583046
1767.831543 0.000000 2265.784668 0.000000 0.942169 0.000000 -0.335138 0.627900 0.627900 0.627900
1757.240723 0.000000 2260.094727 0.000000 0.923123 0.000000 -0.384504 0.663257 0.663257 0.663257
1759.669434 0.000000 2239.288574 0.000000 0.969233 0.000000 0.246146 0.559021 0.559021 0.559021
1756.728149 0.000000 2261.437744 0.000000 0.958805 0.000000 -0.284065 0.646165 0.646165 0.646165
1521.288330 0.000000 2313.902832 0.000000 0.999795 0.000000 0.020267 0.599028 0.599028 0.599028
1520.060913 0.000000 2311.953857 0.000000 0.887714 0.000000 0.460394 0.563092 0.563092 0.563092
1522.063477 0.000000 2358.904053 0.000000 0.972655 0.000000 -0.232254 0.606847 0.606847 0.606847
1525.956055 0.000000 2353.667236 0.000000 0.913841 0.000000 0.406071 0.562732 0.562732 0.562732
1518.630127 0.000000 2357.653320 0.000000 0.878392 0.000000 0.477941 0.547750 0.547750 0.547750
1534.773804 0.000000 2351.800293 0.000000 0.997140 0.000000 -0.075576 0.607535 0.607535 0.607535
1533.453003 0.000000 2334.090088 0.000000 0.885540 0.000000 -0.464562 0.640166 0.640166 0.640166
1519.060913 0.000000 2356.128174 0.000000 0.997729 0.000000 -0.067359 0.607068 0.607068 0.607068
1525.739258 0.000000 2319.536621 0.000000 0.898972 0.000000 -0.438006 0.659424 0.659424 0.659424
1531.809326 0.000000 2359.993408 0.000000 0.936941 0.000000 0.349487 0.531814 0.531814 0.531814
1538.314331 0.000000 2345.989502 0.000000 0.912111 0.000000 0.409944 0.581651 0.581651 0.581651
1736.199829 0.000000 2304.988770 0.000000 0.916808 0.000000 0.399329 0.573233 0.573233 0.573233
1730.955933 0.000000 2304.534180 0.000000 0.998107 0.000000 -0.061506 0.603042 0.603042 0.603042
1782.541016 0.000000 2268.791748 0.000000 0.958457 0.000000 0.285235 0.577036 0.577036 0.577036
1734.690430 0.000000 2304.146240 0.000000 0.935085 0.000000 -0.354425 0.641245 0.641245 0.641245
1734.728271 0.000000 2305.735840 0.000000 0.980973 0.000000 -0.194142 0.622243 0.622243 0.622243
1731.984131 0.000000 2307.142334 0.000000 0.901118 0.000000 -0.433575 0.661801 0.661801 0.661801
4178.703125 0.000000 689.593323 0.000000 0.998374 0.000000 -0.057008 0.600897 0.600897 0.600897
4171.534180 0.000000 667.695068 0.000000 0.968460 0.000000 -0.249170 0.606224 0.606224 0.606224
4184.790527 0.000000 695.058472 0.000000 0.981539 0.000000 -0.191262 0.605621 0.605621 0.605621
4176.363281 0.000000 686.843201 0.000000 0.921066 0.000000 0.389407 0.589814 0.589814 0.589814
4179.365723 0.000000 696.916931 0.000000 0.885972 0.000000 -0.463739 0.613363 0.613363 0.613363
4174.045410 0.000000 668.029968 0.000000 0.999190 0.000000 -0.040229 0.601959 0.601959 0.601959
4178.611816 0.000000 694.744019 0.000000 0.878504 0.000000 -0.477735 0.625367 0.625367 0.625367
4156.476074 0.000000 719.489563 0.000000 0.981093 0.000000 -0.193538 0.609482 0.609482 0.609482
4204.118164 0.000000 719.025513 0.000000 0.978458 0.000000 0.206447 0.595951 0.595951 0.595951
4205.269043 0.000000 716.475403 0.000000 0.994119 0.000000 -0.108297 0.606420 0.606420 0.606420
4251.752441 0.000000 708.752869 0.000000 0.979514 0.000000 0.201375 0.593774 0.593774 0.593774
4233.047852 0.000000 712.909607 0.000000 0.958252 0.000000 -0.285926 0.606950 0.606950 0.606950
4233.600098 0.000000 747.881409 0.000000 0.918751 0.000000 -0.394837 0.614896 0.614896 0.614896
4185.276855 0.000000 777.809509 0.000000 0.982504 0.000000 -0.186240 0.617117 0.617117 0.617117
4474.490723 0.000000 1127.162598 0.000000 0.999438 0.000000 -0.033524 0.602084 0.602084 0.602084
4469.107422 0.000000 1137.083862 0.000000 0.994691 0.000000 0.102910 0.595985 0.595985 0.595985
4446.448730 0.000000 1157.046021 0.000000 0.997226 0.000000 -0.074438 0.603404 0.603404 0.603404
4469.112793 0.000000 1139.866577 0.000000 0.946397 0.000000 -0.323007 0.616751 0.616751 0.616751
4449.825684 0.000000 1137.826782 0.000000 0.978781 0.000000 -0.204909 0.616229 0.616229 0.616229
4496.324219 0.000000 1159.265137 0.000000 0.996882 0.000000 -0.078909 0.604082 0.604082 0.604082
4504.808594 0.000000 1209.956177 0.000000 0.975069 0.000000 -0.221902 0.603184 0.603184 0.603184
4527.694336 0.000000 1225.383301 0.000000 0.974196 0.000000 -0.225702 0.615858 0.615858 0.615858
4537.354980 0.000000 1195.616577 0.000000 0.894605 0.000000 -0.446859 0.635737 0.635737 0.635737
4542.671875 0.000000 1230.155029 0.000000 0.928150 0.000000 -0.372206 0.617996 0.617996 0.617996
4533.074219 0.000000 1321.169922 0.000000 0.999784 0.000000 0.020799 0.597601 0.597601 0.597601
4563.738770 0.000000 1286.140137 0.000000 0.974860 0.000000 0.222820 0.587041 0.587041 0.587041
4496.560547 0.000000 1365.243042 0.000000 0.990649 0.000000 -0.136434 0.603280 0.603280 0.603280
5141.928223 0.000000 1032.826416 0.000000 0.889309 0.000000 0.457307 0.583992 0.583992 0.583992
5144.783691 0.000000 1038.770142 0.000000 0.990790 0.000000 0.135408 0.577518 0.577518 0.577518
5145.148438 0.000000 1048.512207 0.000000 0.910222 0.000000 0.414120 0.590087 0.590087 0.590087
5159.991699 0.000000 1045.254272 0.000000 0.972021 0.000000 0.234894 0.584017 0.584017 0.584017
5149.666992 0.000000 1083.114136 0.000000 0.995247 0.000000 0.097381 0.593718 0.593718 0.593718
5159.126953 0.000000 1046.997192 0.000000 0.980437 0.000000 -0.196834 0.624188 0.624188 0.624188
5170.841309 0.000000 1052.062866 0.000000 0.982923 0.000000 0.184016 0.575050 0.575050 0.575050
5170.897461 0.000000 1117.508789 0.000000 0.984015 0.000000 -0.178083 0.603084 0.603084 0.603084
5134.154785 0.000000 1117.843384 0.000000 0.905245 0.000000 -0.424891 0.603287 0.603287 0.603287
5149.051270 0.000000 1096.409790 0.000000 0.922486 0.000000 -0.386029 0.627902 0.627902 0.627902
5154.558105 0.000000 1099.615601 0.000000 0.926195 0.000000 0.377045 0.574230 0.574230 0.574230
5133.317383 0.000000 1090.499634 0.000000 0.940284 0.000000 0.340391 0.575027 0.575027 0.575027
5132.487793 0.000000 1088.972900 0.000000 0.968822 0.000000 -0.247756 0.619689 0.619689 0.619689
5196.549316 0.000000 1130.665405 0.000000 0.891664 0.000000 0.452698 0.575018 0.575018 0.575018
5183.464844 0.000000 1115.028931 0.000000 0.947855 0.000000 -0.318703 0.626480 0.626480 0.626480
5352.590820 0.000000 1071.439209 0.000000 0.999727 0.000000 0.023365 0.598337 0.598337 0.598337
5345.582520 0.000000 1114.957520 0.000000 0.887785 0.000000 0.460258 0.550566 0.550566 0.550566
5353.172363 0.000000 1108.264526 0.000000 0.996189 0.000000 -0.087221 0.604382 0.604382 0.604382
5355.117188 0.000000 1106.687866 0.000000 0.999256 0.000000 0.038563 0.596418 0.596418 0.596418
5320.836426 0.000000 1093.089233 0.000000 0.923193 0.000000 -0.384336 0.631023 0.631023 0.631023
5345.716309 0.000000 1090.584595 0.000000 0.931697 0.000000 0.363237 0.580789 0.580789 0.580789
5354.456543 0.000000 1104.620361 0.000000 0.942112 0.000000 -0.335299 0.622792 0.622792 0.622792
5345.905273 0.000000 1124.953491 0.000000 0.996502 0.000000 0.083567 0.592982 0.592982 0.592982
5353.603516 0.000000 1106.818115 0.000000 0.978584 0.000000 0.205849 0.577173 0.577173 0.577173
5169.918945 0.000000 1161.053833 0.000000 0.991742 0.000000 -0.128247 0.605490 0.605490 0.605490
5137.260254 0.000000 1137.714355 0.000000 0.955403 0.000000 0.295306 0.586978 0.586978 0.586978
5183.666992 0.000000 1137.866821 0.000000 0.996897 0.000000 -0.078713 0.601593 0.601593 0.601593
5184.646484 0.000000 1151.647339 0.000000 0.993117 0.000000 0.117124 0.599560 0.599560 0.599560
5217.122559 0.000000 1134.093262 0.000000 0.999305 0.000000 0.037284 0.599525 0.599525 0.599525
5241.202637 0.000000 1150.218506 0.000000 0.996669 0.000000 -0.081547 0.606053 0.606053 0.606053
5212.358887 0.000000 1162.760010 0.000000 0.999475 0.000000 0.032407 0.599247 0.599247 0.599247
5184.444336 0.000000 1134.712036 0.000000 0.999968 0.000000 0.008036 0.599416 0.599416 0.599416
5240.479492 0.000000 1151.915649 0.000000 0.955778 0.000000 0.294088 0.577867 0.577867 0.577867
5140.341309 0.000000 1224.651001 0.000000 0.979189 0.000000 -0.202948 0.600459 0.600459 0.600459
5133.981445 0.000000 1223.152222 0.000000 0.990022 0.000000 0.140914 0.590470 0.590470 0.590470
5138.210938 0.000000 1224.867065 0.000000 0.979690 0.000000 -0.200517 0.614818 0.614818 0.614818
5203.197754 0.000000 1204.303223 0.000000 0.975159 0.000000 -0.221508 0.605019 0.605019 0.605019
5200.433594 0.000000 1219.416260 0.000000 0.918444 0.000000 -0.395551 0.626194 0.626194 0.626194
5199.341309 0.000000 1182.781982 0.000000 0.992317 0.000000 0.123725 0.586343 0.586343 0.586343
5203.077148 0.000000 1221.754028 0.000000 0.984927 0.000000 0.172970 0.594922 0.594922 0.594922
5194.812012 0.000000 1219.627930 0.000000 0.967496 0.000000 -0.252887 0.637722 0.637722 0.637722
5247.659180 0.000000 1137.866821 0.000000 0.890065 0.000000 -0.455833 0.601063 0.601063 0.601063
5357.346191 0.000000 1216.079590 0.000000 0.978593 0.000000 0.205805 0.599224 0.599224 0.599224
5357.930176 0.000000 1207.314453 0.000000 0.994474 0.000000 0.104987 0.599606 0.599606 0.599606
5165.878418 0.000000 1273.586914 0.000000 0.999802 0.000000 0.019881 0.599583 0.599583 0.599583
5153.605957 0.000000 1256.684082 0.000000 0.870140 0.000000 0.492805 0.566422 0.566422 0.566422
5132.070801 0.000000 1266.051025 0.000000 0.988175 0.000000 0.153333 0.591468 0.591468 0.591468
5331.611328 0.000000 1228.411743 0.000000 0.959798 0.000000 -0.280692 0.601065 0.601065 0.601065
5312.630859 0.000000 1246.131714 0.000000 0.976108 0.000000 0.217286 0.598524 0.598524 0.598524
5302.269531 0.000000 1287.492676 0.000000 0.998442 0.000000 0.055791 0.599791 0.599791 0.599791
5471.650879 0.000000 1138.293823 0.000000 0.927144 0.000000 0.374706 0.599425 0.599425 0.599425
5484.517578 0.000000 1148.030396 0.000000 0.996885 0.000000 0.078869 0.599054 0.599054 0.599054
5375.712891 0.000000 1211.412109 0.000000 0.936741 0.000000 0.350024 0.599197 0.599197 0.599197
5425.953613 0.000000 1204.549561 0.000000 0.876959 0.000000 0.480566 0.593993 0.593993 0.593993
5450.776855 0.000000 1191.755981 0.000000 0.915951 0.000000 -0.401290 0.602474 0.602474 0.602474
5452.567383 0.000000 1205.898438 0.000000 0.955367 0.000000 -0.295422 0.602022 0.602022 0.602022
5459.595703 0.000000 1181.169556 0.000000 0.966276 0.000000 0.257509 0.598635 0.598635 0.598635
5462.612305 0.000000 1192.920166 0.000000 0.940189 0.000000 -0.340654 0.601302 0.601302 0.601302
5442.272461 0.000000 1220.125000 0.000000 0.920387 0.000000 0.391009 0.596690 0.596690 0.596690
5456.158203 0.000000 1187.279663 0.000000 0.981405 0.000000 -0.191947 0.601013 0.601013 0.601013
5469.012207 0.000000 1190.894165 0.000000 0.994808 0.000000 0.101766 0.599160 0.599160 0.599160
5407.834961 0.000000 1243.057617 0.000000 0.951151 0.000000 -0.308725 0.601410 0.601410 0.601410
5392.166016 0.000000 1234.521851 0.000000 0.888971 0.000000 -0.457963 0.603207 0.603207 0.603207
5435.826172 0.000000 1236.188843 0.000000 0.999282 0.000000 -0.037877 0.600227 0.600227 0.600227
5279.674316 0.000000 1327.262573 0.000000 0.963230 0.000000 0.268676 0.599796 0.599796 0.599796
5361.523926 0.000000 1430.245361 0.000000 0.978599 0.000000 -0.205774 0.605588 0.605588 0.605588
5402.709473 0.000000 1363.765015 0.000000 0.954904 0.000000 -0.296915 0.618063 0.618063 0.618063
5398.628418 0.000000 1356.081299 0.000000 0.942248 0.000000 -0.334915 0.619951 0.619951 0.619951
5533.592285 0.000000 1364.264648 0.000000 0.947595 0.000000 0.319473 0.594886 0.594886 0.594886
5532.780273 0.000000 1362.492920 0.000000 0.970974 0.000000 0.239185 0.581549 0.581549 0.581549
5602.386230 0.000000 1369.316162 0.000000 0.937400 0.000000 -0.348255 0.635167 0.635167 0.635167
5530.499023 0.000000 1393.682739 0.000000 0.984758 0.000000 -0.173933 0.602226 0.602226 0.602226
5531.499023 0.000000 1414.732178 0.000000 0.898343 0.000000 -0.439294 0.606472 0.606472 0.606472
5530.693848 0.000000 1411.007202 0.000000 0.957154 0.000000 -0.289579 0.614302 0.614302 0.614302
5554.576172 0.000000 1391.168945 0.000000 0.871064 0.000000 -0.491170 0.625380 0.625380 0.625380
5527.963867 0.000000 1393.569702 0.000000 0.981272 0.000000 -0.192628 0.607985 0.607985 0.607985
5533.620117 0.000000 1413.809448 0.000000 0.898236 0.000000 -0.439512 0.622494 0.622494 0.622494
5542.863281 0.000000 1382.615356 0.000000 0.895600 0.000000 -0.444861 0.632457 0.632457 0.632457
5530.390625 0.000000 1413.045776 0.000000 0.999087 0.000000 -0.042721 0.604385 0.604385 0.604385
5557.784668 0.000000 1383.697021 0.000000 0.948183 0.000000 -0.317724 0.627606 0.627606 0.627606
5554.360352 0.000000 1395.043457 0.000000 0.895109 0.000000 0.445848 0.555698 0.555698 0.555698
5608.144531 0.000000 1379.425659 0.000000 0.997431 0.000000 -0.071633 0.604027 0.604027 0.604027
5380.723145 0.000000 1454.422241 0.000000 0.898575 0.000000 0.438821 0.584349 0.584349 0.584349
5876.596191 0.000000 1211.075684 0.000000 0.999413 0.000000 0.034248 0.596921 0.596921 0.596921
5662.322754 0.000000 1229.078613 0.000000 0.953073 0.000000 0.302741 0.583645 0.583645 0.583645
5674.175293 0.000000 1302.522339 0.000000 0.998056 0.000000 0.062325 0.598599 0.598599 0.598599
5684.645996 0.000000 1319.609741 0.000000 0.875604 0.000000 0.483029 0.586030 0.586030 0.586030
5680.036133 0.000000 1296.869385 0.000000 0.970922 0.000000 0.239394 0.591490 0.591490 0.591490
5703.308594 0.000000 1321.135254 0.000000 0.928994 0.000000 -0.370095 0.633789 0.633789 0.633789
5870.949219 0.000000 1258.436768 0.000000 0.925884 0.000000 0.377807 0.590134 0.590134 0.590134
5868.410156 0.000000 1257.345581 0.000000 0.998483 0.000000 0.055053 0.598391 0.598391 0.598391
6094.917480 0.000000 1177.096680 0.000000 0.945243 0.000000 0.326367 0.561156 0.561156 0.561156
6120.082031 0.000000 1190.456909 0.000000 0.951561 0.000000 0.307461 0.591808 0.591808 0.591808
6132.904297 0.000000 1184.326050 0.000000 0.944497 0.000000 0.328521 0.598746 0.598746 0.598746
6129.384277 0.000000 1181.210693 0.000000 0.995930 0.000000 0.090125 0.598513 0.598513 0.598513
6087.716797 0.000000 1189.592651 0.000000 0.930869 0.000000 0.365353 0.592997 0.592997 0.592997
6111.620605 0.000000 1189.150146 0.000000 0.989733 0.000000 -0.142926 0.613105 0.613105 0.613105
6080.334961 0.000000 1181.954224 0.000000 0.927301 0.000000 0.374316 0.585633 0.585633 0.585633
6105.350098 0.000000 1193.071289 0.000000 0.911136 0.000000 0.412106 0.586320 0.586320 0.586320
5894.102051 0.000000 1272.058716 0.000000 0.982217 0.000000 0.187749 0.585854 0.585854 0.585854
5305.331543 0.000000 1747.796143 0.000000 0.996949 0.000000 0.078050 0.589818 0.589818 0.589818
5326.593262 0.000000 1735.409302 0.000000 0.989894 0.000000 -0.141808 0.620248 0.620248 0.620248
5319.355469 0.000000 1746.314941 0.000000 0.963656 0.000000 -0.267146 0.634230 0.634230 0.634230
5310.299316 0.000000 1775.257446 0.000000 0.902313 0.000000 0.431083 0.582308 0.582308 0.582308
5311.388184 0.000000 1772.828613 0.000000 0.935490 0.000000 -0.353354 0.621910 0.621910 0.621910
5310.194824 0.000000 1827.693604 0.000000 0.965146 0.000000 -0.261711 0.608330 0.608330 0.608330
5303.914551 0.000000 1801.387695 0.000000 0.986493 0.000000 0.163804 0.580652 0.580652 0.580652
5335.811035 0.000000 1846.253540 0.000000 0.997177 0.000000 0.075084 0.595047 0.595047 0.595047
5315.748535 0.000000 1847.105835 0.000000 0.868160 0.000000 -0.496284 0.630338 0.630338 0.630338
5317.290527 0.000000 1846.451050 0.000000 0.893249 0.000000 0.449562 0.520028 0.520028 0.520028
5583.661133 0.000000 1722.353516 0.000000 0.902256 0.000000 -0.431201 0.649418 0.649418 0.649418
5580.269531 0.000000 1722.377686 0.000000 0.946563 0.000000 -0.322518 0.645993 0.645993 0.645993
5594.917969 0.000000 1713.204102 0.000000 0.983411 0.000000 -0.181390 0.634836 0.634836 0.634836
5577.113281 0.000000 2077.153564 0.000000 0.914432 0.000000 0.404740 0.592198 0.592198 0.592198
5466.097168 0.000000 2097.600342 0.000000 0.998249 0.000000 -0.059150 0.606206 0.606206 0.606206
5543.944824 0.000000 2084.582520 0.000000 0.998040 0.000000 -0.062572 0.605581 0.605581 0.605581
5752.632812 0.000000 2396.030029 0.000000 0.954144 0.000000 0.299348 0.580191 0.580191 0.580191
5750.846191 0.000000 2428.354492 0.000000 0.978283 0.000000 0.207275 0.592181 0.592181 0.592181
5767.153320 0.000000 2487.578369 0.000000 0.986683 0.000000 0.162656 0.593882 0.593882 0.593882
5790.307129 0.000000 2457.375488 0.000000 0.989046 0.000000 -0.147605 0.604327 0.604327 0.604327
5899.082520 0.000000 2477.628174 0.000000 0.966454 0.000000 -0.256840 0.632294 0.632294 0.632294
5942.266113 0.000000 2537.554932 0.000000 0.993140 0.000000 0.116930 0.596050 0.596050 0.596050
6631.989746 0.000000 2356.072998 0.000000 0.944720 0.000000 0.327877 0.579734 0.579734 0.579734
6654.030273 0.000000 2356.282715 0.000000 0.999974 0.000000 -0.007176 0.600328 0.600328 0.600328
6632.312012 0.000000 2342.557861 0.000000 0.973486 0.000000 0.228747 0.555922 0.555922 0.555922
6582.895020 0.000000 2416.752197 0.000000 0.920486 0.000000 0.390776 0.595490 0.595490 0.595490
6585.550781 0.000000 2412.991211 0.000000 0.974306 0.000000 0.225228 0.596257 0.596257 0.596257
6590.421875 0.000000 2411.209961 0.000000 0.926593 0.000000 -0.376065 0.620791 0.620791 0.620791
6620.432617 0.000000 2442.179443 0.000000 0.969969 0.000000 0.243228 0.589879 0.589879 0.589879
6628.227539 0.000000 2427.752197 0.000000 0.988560 0.000000 -0.150828 0.602155 0.602155 0.602155
6634.499512 0.000000 2425.343262 0.000000 0.888633 0.000000 -0.458619 0.619626 0.619626 0.619626
6621.575195 0.000000 2440.200439 0.000000 0.999568 0.000000 0.029391 0.598173 0.598173 0.598173
6609.511230 0.000000 2424.341064 0.000000 0.919707 0.000000 0.392606 0.561925 0.561925 0.561925
6513.754883 0.000000 2483.835205 0.000000 0.901515 0.000000 -0.432748 0.609721 0.609721 0.609721
6512.167480 0.000000 2481.940674 0.000000 0.994157 0.000000 0.107943 0.590604 0.590604 0.590604
6514.243164 0.000000 2481.613770 0.000000 0.893940 0.000000 0.448187 0.557187 0.557187 0.557187
6516.840820 0.000000 2546.194580 0.000000 0.999979 0.000000 0.006412 0.599299 0.599299 0.599299
6516.726562 0.000000 2514.903809 0.000000 0.996457 0.000000 0.084105 0.588711 0.588711 0.588711
6515.620117 0.000000 2542.148438 0.000000 0.990310 0.000000 -0.138871 0.625565 0.625565 0.625565
6532.935059 0.000000 2491.861816 0.000000 0.995223 0.000000 0.097624 0.593263 0.593263 0.593263
6529.998535 0.000000 2483.948730 0.000000 0.999904 0.000000 0.013838 0.598673 0.598673 0.598673
6544.025391 0.000000 2510.061035 0.000000 0.990863 0.000000 -0.134874 0.608309 0.608309 0.608309
6538.166016 0.000000 2534.272705 0.000000 0.984421 0.000000 -0.175827 0.605427 0.605427 0.605427
6492.887207 0.000000 2560.917725 0.000000 0.991740 0.000000 -0.128267 0.604142 0.604142 0.604142
6467.309082 0.000000 2573.464600 0.000000 0.871797 0.000000 -0.489867 0.622622 0.622622 0.622622
6507.836914 0.000000 2608.713135 0.000000 0.905284 0.000000 0.424806 0.583898 0.583898 0.583898
6561.462402 0.000000 2609.792480 0.000000 0.963076 0.000000 0.269228 0.559984 0.559984 0.559984
6566.033203 0.000000 2623.447021 0.000000 0.942998 0.000000 0.332797 0.544352 0.544352 0.544352
6635.357422 0.000000 2604.037598 0.000000 0.964634 0.000000 0.263592 0.571431 0.571431 0.571431
6635.821289 0.000000 2608.713135 0.000000 0.890445 0.000000 -0.455092 0.615924 0.615924 0.615924
6613.641113 0.000000 2607.975342 0.000000 0.999857 0.000000 -0.016906 0.601203 0.601203 0.601203
6648.638184 0.000000 2603.343018 0.000000 0.938913 0.000000 -0.344154 0.631314 0.631314 0.631314
6668.808594 0.000000 2332.250000 0.000000 0.925817 0.000000 -0.377972 0.611902 0.611902 0.611902
6667.468262 0.000000 2356.836914 0.000000 0.999999 0.000000 0.001552 0.599894 0.599894 0.599894
6671.564453 0.000000 2345.188721 0.000000 0.994913 0.000000 0.100738 0.593349 0.593349 0.593349
6664.143555 0.000000 2379.822754 0.000000 0.967835 0.000000 -0.251584 0.606667 0.606667 0.606667
6700.086914 0.000000 2379.936768 0.000000 0.985937 0.000000 0.167119 0.595221 0.595221 0.595221
6686.640137 0.000000 2387.053711 0.000000 0.999845 0.000000 0.017618 0.598773 0.598773 0.598773
6720.873047 0.000000 2642.699219 0.000000 0.973807 0.000000 -0.227378 0.617524 0.617524 0.617524
6588.135254 0.000000 2685.514648 0.000000 0.993868 0.000000 -0.110572 0.600830 0.600830 0.600830
6551.424805 0.000000 2691.747803 0.000000 0.938361 0.000000 -0.345656 0.612688 0.612688 0.612688
6569.179199 0.000000 2684.670410 0.000000 0.960792 0.000000 0.277272 0.551602 0.551602 0.551602
6590.632812 0.000000 2684.257080 0.000000 0.949787 0.000000 -0.312898 0.614063 0.614063 0.614063
6630.310059 0.000000 2677.696045 0.000000 0.906052 0.000000 0.423167 0.564984 0.564984 0.564984
6592.254883 0.000000 2681.871094 0.000000 0.967901 0.000000 -0.251330 0.605708 0.605708 0.605708
6645.331543 0.000000 2684.362549 0.000000 0.993734 0.000000 -0.111771 0.602852 0.602852 0.602852
6638.750977 0.000000 2692.744873 0.000000 0.998523 0.000000 0.054324 0.592713 0.592713 0.592713
6628.614746 0.000000 2676.854248 0.000000 0.992217 0.000000 0.124518 0.586162 0.586162 0.586162
6654.149414 0.000000 2682.495605 0.000000 0.940847 0.000000 -0.338832 0.659288 0.659288 0.659288
6631.045410 0.000000 2685.424316 0.000000 0.991048 0.000000 -0.133509 0.615746 0.615746 0.615746
6644.816406 0.000000 2691.193604 0.000000 0.906782 0.000000 0.421600 0.548499 0.548499 0.548499
6568.849609 0.000000 2705.753906 0.000000 0.897287 0.000000 0.441448 0.565756 0.565756 0.565756
6550.158691 0.000000 2692.824951 0.000000 0.866485 0.000000 -0.499203 0.681425 0.681425 0.681425
6579.662109 0.000000 2698.490723 0.000000 0.978510 0.000000 0.206199 0.565156 0.565156 0.565156
6652.573730 0.000000 2693.007568 0.000000 0.999474 0.000000 -0.032444 0.600122 0.600122 0.600122
6647.490723 0.000000 2724.270264 0.000000 0.997448 0.000000 0.071390 0.598876 0.598876 0.598876
6641.321777 0.000000 2692.960693 0.000000 0.985821 0.000000 0.167801 0.597096 0.597096 0.597096
6600.395508 0.000000 2715.281006 0.000000 0.873623 0.000000 -0.486603 0.635778 0.635778 0.635778
6643.315918 0.000000 2702.143555 0.000000 0.999579 0.000000 0.029014 0.598001 0.598001 0.598001
6653.270020 0.000000 2696.963135 0.000000 0.991424 0.000000 -0.130685 0.606969 0.606969 0.606969
6633.331543 0.000000 2695.092041 0.000000 0.935284 0.000000 -0.353897 0.622487 0.622487 0.622487
6654.093262 0.000000 2699.504150 0.000000 0.952604 0.000000 0.304212 0.565505 0.565505 0.565505
6591.278809 0.000000 2712.913574 0.000000 0.995921 0.000000 -0.090233 0.605820 0.605820 0.605820
6651.869141 0.000000 2695.156494 0.000000 0.965539 0.000000 -0.260258 0.636678 0.636678 0.636678
6608.555176 0.000000 2712.125000 0.000000 0.967844 0.000000 -0.251551 0.616188 0.616188 0.616188
6613.705078 0.000000 2724.408691 0.000000 0.999988 0.000000 -0.004798 0.600787 0.600787 0.600787
6639.952148 0.000000 2693.281494 0.000000 0.933284 0.000000 -0.359138 0.649248 0.649248 0.649248
6593.070801 0.000000 2714.956299 0.000000 0.880296 0.000000 0.474425 0.514479 0.514479 0.514479
6252.141602 0.000000 2946.843018 0.000000 0.927773 0.000000 -0.373146 0.632363 0.632363 0.632363
6249.350586 0.000000 2975.706299 0.000000 0.996763 0.000000 0.080395 0.597408 0.597408 0.597408
6261.645508 0.000000 2985.869385 0.000000 0.967035 0.000000 0.254643 0.585537 0.585537 0.585537
6710.097656 0.000000 2657.516113 0.000000 0.965462 0.000000 0.260545 0.592893 0.592893 0.592893
6692.176270 0.000000 2674.791016 0.000000 0.889737 0.000000 -0.456473 0.603905 0.603905 0.603905
6671.787598 0.000000 2662.687988 0.000000 0.924877 0.000000 0.380267 0.596202 0.596202 0.596202
6708.833984 0.000000 2648.833984 0.000000 0.875044 0.000000 -0.484043 0.606433 0.606433 0.606433
6703.130371 0.000000 2661.261963 0.000000 0.998423 0.000000 0.056146 0.597686 0.597686 0.597686
6659.312012 0.000000 2690.999512 0.000000 0.995809 0.000000 0.091453 0.594170 0.594170 0.594170
6718.085449 0.000000 2652.261963 0.000000 0.924917 0.000000 -0.380169 0.657540 0.657540 0.657540
6705.971680 0.000000 2661.452637 0.000000 0.976339 0.000000 -0.216248 0.607673 0.607673 0.607673
6655.194824 0.000000 2684.266602 0.000000 0.929156 0.000000 0.369689 0.573908 0.573908 0.573908
6691.606445 0.000000 2666.245361 0.000000 0.999661 0.000000 -0.026023 0.603197 0.603197 0.603197
6675.435059 0.000000 2691.376709 0.000000 0.979404 0.000000 0.201912 0.590407 0.590407 0.590407
6661.494629 0.000000 2691.562256 0.000000 0.937881 0.000000 -0.346958 0.655729 0.655729 0.655729
6718.390137 0.000000 2663.825195 0.000000 0.959924 0.000000 0.280260 0.582554 0.582554 0.582554
6690.621582 0.000000 2669.270020 0.000000 0.870582 0.000000 0.492023 0.561087 0.561087 0.561087
6676.935547 0.000000 2661.428955 0.000000 0.974647 0.000000 -0.223747 0.621971 0.621971 0.621971
6698.292480 0.000000 2663.612793 0.000000 0.992301 0.000000 -0.123854 0.611532 0.611532 0.611532
6689.446777 0.000000 2657.034668 0.000000 0.957044 0.000000 0.289942 0.558580 0.558580 0.558580
6691.944336 0.000000 2668.026855 0.000000 0.950631 0.000000 -0.310324 0.623869 0.623869 0.623869
6708.703125 0.000000 2656.630371 0.000000 0.962175 0.000000 0.272433 0.559496 0.559496 0.559496
6701.954590 0.000000 2663.088867 0.000000 0.939570 0.000000 0.342357 0.558389 0.558389 0.558389
6718.956055 0.000000 2653.613037 0.000000 0.992343 0.000000 -0.123514 0.618271 0.618271 0.618271
6661.050781 0.000000 2690.271973 0.000000 0.995909 0.000000 0.090364 0.585768 0.585768 0.585768
6675.013184 0.000000 2688.521240 0.000000 0.972748 0.000000 -0.231867 0.632773 0.632773 0.632773
6713.500488 0.000000 2671.118164 0.000000 0.988780 0.000000 -0.149381 0.620776 0.620776 0.620776
6746.350586 0.000000 2669.221924 0.000000 0.930698 0.000000 -0.365789 0.610938 0.610938 0.610938
6736.001953 0.000000 2651.787598 0.000000 0.911075 0.000000 -0.412241 0.631506 0.631506 0.631506
6720.197754 0.000000 2668.483887 0.000000 0.943784 0.000000 -0.330562 0.613626 0.613626 0.613626
6769.352051 0.000000 2658.542236 0.000000 0.986393 0.000000 -0.164405 0.612988 0.612988 0.612988
6724.255371 0.000000 2660.813721 0.000000 0.903950 0.000000 0.427637 0.560617 0.560617 0.560617
6733.344727 0.000000 2681.796631 0.000000 0.999607 0.000000 -0.028044 0.601428 0.601428 0.601428
6722.820801 0.000000 2687.955322 0.000000 0.994113 0.000000 -0.108351 0.610977 0.610977 0.610977
6748.509277 0.000000 2651.728516 0.000000 0.988604 0.000000 0.150541 0.592530 0.592530 0.592530
6724.559082 0.000000 2682.719238 0.000000 0.950058 0.000000 -0.312074 0.617590 0.617590 0.617590
6721.625488 0.000000 2666.178955 0.000000 0.997589 0.000000 -0.069394 0.602237 0.602237 0.602237
6761.445312 0.000000 2650.017090 0.000000 0.960768 0.000000 -0.277354 0.620207 0.620207 0.620207
6745.860352 0.000000 2691.981689 0.000000 0.939855 0.000000 0.341574 0.555877 0.555877 0.555877
6769.722168 0.000000 2685.901367 0.000000 0.890722 0.000000 0.454548 0.545928 0.545928 0.545928
6761.593262 0.000000 2651.933838 0.000000 0.945554 0.000000 0.325465 0.576165 0.576165 0.576165
6743.003418 0.000000 2675.413086 0.000000 0.943686 0.000000 -0.330843 0.654298 0.654298 0.654298
6760.798828 0.000000 2660.167725 0.000000 0.897771 0.000000 -0.440462 0.657049 0.657049 0.657049
6734.062500 0.000000 2650.824219 0.000000 0.875922 0.000000 0.482453 0.522324 0.522324 0.522324
6655.487305 0.000000 2696.859131 0.000000 0.949805 0.000000 -0.312844 0.619303 0.619303 0.619303
6687.678711 0.000000 2707.565430 0.000000 0.924856 0.000000 -0.380317 0.606136 0.606136 0.606136
6661.637695 0.000000 2693.049072 0.000000 0.999974 0.000000 -0.007229 0.600238 0.600238 0.600238
6713.941895 0.000000 2714.689453 0.000000 0.959239 0.000000 -0.282597 0.611587 0.611587 0.611587
6709.320312 0.000000 2721.284668 0.000000 0.987143 0.000000 0.159838 0.578719 0.578719 0.578719
6709.018066 0.000000 2714.743164 0.000000 0.999784 0.000000 0.020778 0.598848 0.598848 0.598848
6678.851074 0.000000 2708.044434 0.000000 0.999585 0.000000 0.028810 0.596180 0.596180 0.596180
6698.692871 0.000000 2716.623047 0.000000 0.955726 0.000000 -0.294259 0.615212 0.615212 0.615212
6693.106445 0.000000 2719.365967 0.000000 0.921111 0.000000 -0.389300 0.671578 0.671578 0.671578
6705.971680 0.000000 2708.694824 0.000000 0.997620 0.000000 -0.068951 0.603773 0.603773 0.603773
6702.177734 0.000000 2716.542236 0.000000 0.999493 0.000000 -0.031837 0.602051 0.602051 0.602051
6718.406250 0.000000 2694.663086 0.000000 0.910759 0.000000 -0.412939 0.626462 0.626462 0.626462
6677.370605 0.000000 2716.115234 0.000000 0.932995 0.000000 -0.359890 0.625643 0.625643 0.625643
6715.582520 0.000000 2713.262939 0.000000 0.962721 0.000000 0.270496 0.585229 0.585229 0.585229
6716.790527 0.000000 2705.456055 0.000000 0.999340 0.000000 -0.036326 0.604300 0.604300 0.604300
6687.068359 0.000000 2711.710449 0.000000 0.927697 0.000000 -0.373333 0.644702 0.644702 0.644702
6701.954590 0.000000 2710.331055 0.000000 0.883663 0.000000 0.468123 0.540526 0.540526 0.540526
6655.216309 0.000000 2695.046387 0.000000 0.919508 0.000000 0.393072 0.553103 0.553103 0.553103
6716.406738 0.000000 2702.167725 0.000000 0.999826 0.000000 -0.018632 0.602973 0.602973 0.602973
6692.065430 0.000000 2718.231934 0.000000 0.993713 0.000000 0.111962 0.579916 0.579916 0.579916
6701.037598 0.000000 2703.587646 0.000000 0.950299 0.000000 -0.311339 0.641971 0.641971 0.641971
6684.643555 0.000000 2711.652588 0.000000 0.955286 0.000000 0.295683 0.542672 0.542672 0.542672
6727.036133 0.000000 2723.789307 0.000000 0.867244 0.000000 -0.497883 0.653475 0.653475 0.653475
6749.477539 0.000000 2712.490723 0.000000 0.999052 0.000000 -0.043541 0.601142 0.601142 0.601142
6772.627441 0.000000 2708.501953 0.000000 0.975668 0.000000 -0.219253 0.626158 0.626158 0.626158
6766.839844 0.000000 2722.944824 0.000000 0.880297 0.000000 -0.474424 0.610366 0.610366 0.610366
6720.239258 0.000000 2729.113281 0.000000 0.998487 0.000000 0.054983 0.595921 0.595921 0.595921
6722.838867 0.000000 2699.348389 0.000000 0.992811 0.000000 0.119693 0.587419 0.587419 0.587419
6751.556152 0.000000 2704.432373 0.000000 0.985317 0.000000 0.170735 0.578026 0.578026 0.578026
6760.060547 0.000000 2708.748047 0.000000 0.913836 0.000000 0.406084 0.535796 0.535796 0.535796
6723.290527 0.000000 2710.608643 0.000000 0.945130 0.000000 -0.326694 0.617947 0.617947 0.617947
6721.540527 0.000000 2708.211182 0.000000 0.943659 0.000000 -0.330918 0.638144 0.638144 0.638144
6756.603027 0.000000 2716.942383 0.000000 0.970073 0.000000 -0.242813 0.630861 0.630861 0.630861
6743.815430 0.000000 2716.351074 0.000000 0.999994 0.000000 -0.003602 0.600302 0.600302 0.600302
6742.387207 0.000000 2736.768799 0.000000 0.871124 0.000000 0.491063 0.560402 0.560402 0.560402
6725.486816 0.000000 2738.804443 0.000000 0.980776 0.000000 0.195136 0.590880 0.590880 0.590880
6741.343750 0.000000 2739.184570 0.000000 0.966511 0.000000 0.256626 0.583867 0.583867 0.583867
6724.157227 0.000000 2736.521729 0.000000 0.968031 0.000000 -0.250832 0.636080 0.636080 0.636080
6752.462402 0.000000 2705.965332 0.000000 0.962004 0.000000 -0.273036 0.632726 0.632726 0.632726
6759.242188 0.000000 2707.170166 0.000000 0.994823 0.000000 0.101627 0.592452 0.592452 0.592452
6774.039551 0.000000 2716.129883 0.000000 0.999964 0.000000 -0.008465 0.601331 0.601331 0.601331
6745.876953 0.000000 2729.981689 0.000000 0.875690 0.000000 -0.482873 0.644914 0.644914 0.644914
6758.009766 0.000000 2717.931396 0.000000 0.984891 0.000000 -0.173176 0.624899 0.624899 0.624899
6737.751465 0.000000 2703.260254 0.000000 0.925967 0.000000 0.377604 0.551569 0.551569 0.551569
6740.845703 0.000000 2697.215820 0.000000 0.994125 0.000000 -0.108234 0.620143 0.620143 0.620143
6793.331543 0.000000 2680.457275 0.000000 0.996494 0.000000 0.083659 0.593037 0.593037 0.593037
6810.234375 0.000000 2688.584961 0.000000 0.974865 0.000000 0.222797 0.575768 0.575768 0.575768
6785.440918 0.000000 2680.434082 0.000000 0.969531 0.000000 -0.244968 0.620946 0.620946 0.620946
6820.204102 0.000000 2711.205322 0.000000 0.888695 0.000000 -0.458500 0.675985 0.675985 0.675985
6821.618164 0.000000 2714.612549 0.000000 0.987939 0.000000 -0.154843 0.606986 0.606986 0.606986
6827.048340 0.000000 2728.611084 0.000000 0.973076 0.000000 -0.230484 0.612368 0.612368 0.612368
6815.101562 0.000000 2709.720947 0.000000 0.890760 0.000000 -0.454474 0.627561 0.627561 0.627561
6783.191406 0.000000 2724.852051 0.000000 0.974324 0.000000 0.225152 0.573126 0.573126 0.573126
6708.833984 0.000000 2743.318359 0.000000 0.929710 0.000000 0.368292 0.536158 0.536158 0.536158
6667.229492 0.000000 2746.351562 0.000000 0.995713 0.000000 0.092492 0.597156 0.597156 0.597156
6694.233398 0.000000 2749.598389 0.000000 0.984675 0.000000 -0.174399 0.631641 0.631641 0.631641
6709.898438 0.000000 2742.419434 0.000000 0.995640 0.000000 -0.093282 0.615812 0.615812 0.615812
6693.100586 0.000000 2757.641846 0.000000 0.996954 0.000000 -0.077988 0.612688 0.612688 0.612688
6751.494629 0.000000 2744.528320 0.000000 0.949677 0.000000 -0.313230 0.640326 0.640326 0.640326
6742.456055 0.000000 2751.912598 0.000000 0.963803 0.000000 -0.266616 0.604447 0.604447 0.604447
6747.447754 0.000000 2740.166992 0.000000 0.995187 0.000000 0.097994 0.598089 0.598089 0.598089
6744.535156 0.000000 2768.948486 0.000000 0.983909 0.000000 -0.178672 0.620047 0.620047 0.620047
6736.333984 0.000000 2774.485596 0.000000 0.895250 0.000000 0.445564 0.572676 0.572676 0.572676
6751.814941 0.000000 2770.724121 0.000000 0.921978 0.000000 0.387242 0.532991 0.532991 0.532991
6739.616211 0.000000 2743.932129 0.000000 0.953951 0.000000 0.299963 0.591786 0.591786 0.591786
6762.042480 0.000000 2767.030273 0.000000 0.937228 0.000000 -0.348718 0.618675 0.618675 0.618675
6728.743164 0.000000 2744.323730 0.000000 0.919612 0.000000 0.392828 0.590627 0.590627 0.590627
6767.122559 0.000000 2755.746338 0.000000 0.939777 0.000000 0.341789 0.571785 0.571785 0.571785
6733.374512 0.000000 2752.347656 0.000000 0.956032 0.000000 -0.293261 0.611369 0.611369 0.611369
6753.797852 0.000000 2746.270752 0.000000 0.908827 0.000000 -0.417174 0.629974 0.629974 0.629974
6739.496582 0.000000 2765.888184 0.000000 0.959480 0.000000 -0.281778 0.640221 0.640221 0.640221
6745.770508 0.000000 2743.142822 0.000000 0.986116 0.000000 0.166058 0.590879 0.590879 0.590879
6743.187012 0.000000 2758.654053 0.000000 0.936600 0.000000 0.350400 0.584985 0.584985 0.584985
6755.598633 0.000000 2760.729736 0.000000 0.969084 0.000000 0.246732 0.567697 0.567697 0.567697
6728.664551 0.000000 2746.565918 0.000000 0.926050 0.000000 0.377400 0.571886 0.571886 0.571886
6738.356934 0.000000 2777.727295 0.000000 0.980576 0.000000 0.196141 0.585657 0.585657 0.585657
6761.445312 0.000000 2744.501465 0.000000 0.993079 0.000000 -0.117448 0.611726 0.611726 0.611726
6751.513184 0.000000 2772.808105 0.000000 0.931659 0.000000 -0.363334 0.634255 0.634255 0.634255
6746.813965 0.000000 2744.889160 0.000000 0.944128 0.000000 -0.329579 0.647291 0.647291 0.647291
6735.480957 0.000000 2772.620117 0.000000 0.944694 0.000000 -0.327952 0.646297 0.646297 0.646297
6726.044434 0.000000 2747.402832 0.000000 0.979176 0.000000 -0.203013 0.634298 0.634298 0.634298
6750.210938 0.000000 2742.910400 0.000000 0.951274 0.000000 -0.308348 0.636859 0.636859 0.636859
6737.312988 0.000000 2776.029053 0.000000 0.992334 0.000000 0.123583 0.589978 0.589978 0.589978
6767.612793 0.000000 2757.397217 0.000000 0.888119 0.000000 0.459613 0.549568 0.549568 0.549568
6727.438965 0.000000 2745.444580 0.000000 0.895220 0.000000 0.445624 0.548111 0.548111 0.548111
6762.779785 0.000000 2768.460693 0.000000 0.999943 0.000000 -0.010677 0.601256 0.601256 0.601256
6744.833984 0.000000 2770.417725 0.000000 0.889641 0.000000 0.456661 0.533935 0.533935 0.533935
6774.231445 0.000000 2743.552979 0.000000 0.939138 0.000000 0.343541 0.533024 0.533024 0.533024
6739.064941 0.000000 2764.651123 0.000000 0.935271 0.000000 -0.353933 0.650940 0.650940 0.650940
6748.457031 0.000000 2757.770996 0.000000 0.999826 0.000000 -0.018657 0.602865 0.602865 0.602865
6750.606934 0.000000 2770.183594 0.000000 0.954890 0.000000 -0.296961 0.650809 0.650809 0.650809
6742.408691 0.000000 2753.191406 0.000000 0.899967 0.000000 -0.435958 0.663518 0.663518 0.663518
6724.517578 0.000000 2745.604492 0.000000 0.958849 0.000000 -0.283915 0.645925 0.645925 0.645925
6790.352539 0.000000 2748.813232 0.000000 0.999992 0.000000 0.004061 0.599352 0.599352 0.599352
6910.593750 0.000000 2778.741455 0.000000 0.878063 0.000000 -0.478544 0.614949 0.614949 0.614949
6905.280762 0.000000 2841.077148 0.000000 0.998398 0.000000 0.056576 0.597626 0.597626 0.597626
6906.875977 0.000000 2844.028076 0.000000 0.920833 0.000000 -0.389958 0.631803 0.631803 0.631803
3377.719971 0.000000 4299.195312 0.000000 0.872365 0.000000 -0.488855 0.608034 0.608034 0.608034
3379.010986 0.000000 4300.435547 0.000000 0.931515 0.000000 -0.363704 0.630667 0.630667 0.630667
"}
object={
	name="tree_mangrove_02_generator_1_2"
	render_pass=Map
	clamp_to_water_level=no
	generated_content=yes
	layer="tree_high_layer"
	pdxmesh="tree_graht_01_c_mesh"
	count=450
	transform="3203.647705 0.000000 317.699585 0.000000 0.549678 0.000000 -0.835376 0.617034 0.617034 0.617034
3237.837402 0.000000 371.147308 0.000000 0.208657 0.000000 -0.977989 0.624457 0.624457 0.624457
3237.444336 0.000000 375.878845 0.000000 0.799459 0.000000 -0.600721 0.611583 0.611583 0.611583
3213.230225 0.000000 348.077850 0.000000 0.851554 0.000000 -0.524266 0.619426 0.619426 0.619426
3195.135742 0.000000 463.559631 0.000000 0.035459 0.000000 -0.999371 0.758687 0.758687 0.758687
3158.754150 0.000000 442.147827 0.000000 0.338696 0.000000 -0.940896 0.753253 0.753253 0.753253
3244.234863 0.000000 388.330200 0.000000 0.610907 0.000000 -0.791703 0.622580 0.622580 0.622580
3277.335449 0.000000 411.606903 0.000000 0.376066 0.000000 -0.926593 0.650599 0.650599 0.650599
3196.099365 0.000000 480.313812 0.000000 0.804113 0.000000 -0.594476 0.603338 0.603338 0.603338
3229.907227 0.000000 492.107574 0.000000 0.601679 0.000000 -0.798738 0.618016 0.618016 0.618016
3234.792236 0.000000 485.467102 0.000000 0.805815 0.000000 -0.592168 0.629429 0.629429 0.629429
3230.482910 0.000000 493.816650 0.000000 0.720527 0.000000 -0.693427 0.676326 0.676326 0.676326
3276.471680 0.000000 498.766815 0.000000 0.757791 0.000000 -0.652497 0.696900 0.696900 0.696900
3259.780029 0.000000 525.194885 0.000000 0.484380 0.000000 -0.874858 0.664618 0.664618 0.664618
3281.486572 0.000000 523.565857 0.000000 0.254326 0.000000 -0.967119 0.716097 0.716097 0.716097
3391.366455 0.000000 390.264008 0.000000 0.814327 0.000000 -0.580406 0.618551 0.618551 0.618551
3327.596924 0.000000 420.306519 0.000000 0.562234 0.000000 -0.826978 0.629900 0.629900 0.629900
3413.456299 0.000000 452.712402 0.000000 0.524486 0.000000 -0.851419 0.657985 0.657985 0.657985
3436.838379 0.000000 430.025024 0.000000 0.395854 0.000000 -0.918314 0.804836 0.804836 0.804836
3745.483154 0.000000 517.910156 0.000000 0.439138 0.000000 -0.898420 0.626751 0.626751 0.626751
3766.314941 0.000000 518.994629 0.000000 0.849385 0.000000 -0.527774 0.614158 0.614158 0.614158
3733.417236 0.000000 499.954590 0.000000 0.575604 0.000000 -0.817728 0.663822 0.663822 0.663822
3770.380127 0.000000 546.366150 0.000000 0.577225 0.000000 -0.816585 0.631487 0.631487 0.631487
3747.510254 0.000000 522.270630 0.000000 0.804990 0.000000 -0.593288 0.620931 0.620931 0.620931
3779.663330 0.000000 565.100952 0.000000 0.420042 0.000000 -0.907505 0.644294 0.644294 0.644294
3782.095215 0.000000 547.064941 0.000000 0.852352 0.000000 -0.522968 0.635859 0.635859 0.635859
3914.335205 0.000000 556.550720 0.000000 0.730519 0.000000 -0.682893 0.601689 0.601689 0.601689
3944.954590 0.000000 563.241028 0.000000 0.717772 0.000000 -0.696278 0.604038 0.604038 0.604038
3949.392334 0.000000 560.184509 0.000000 0.676432 0.000000 -0.736505 0.622322 0.622322 0.622322
3837.618896 0.000000 657.731873 0.000000 0.674589 0.000000 -0.738194 0.622390 0.622390 0.622390
3618.014648 0.000000 730.580505 0.000000 0.225908 0.000000 -0.974149 0.608046 0.608046 0.608046
3626.218018 0.000000 739.102234 0.000000 0.808778 0.000000 -0.588114 0.605651 0.605651 0.605651
3639.047607 0.000000 750.253601 0.000000 0.669867 0.000000 -0.742481 0.624442 0.624442 0.624442
3639.857422 0.000000 740.098206 0.000000 0.719270 0.000000 -0.694730 0.609779 0.609779 0.609779
3613.697510 0.000000 745.942810 0.000000 0.524548 0.000000 -0.851381 0.619073 0.619073 0.619073
3625.538086 0.000000 747.740417 0.000000 0.020756 0.000000 -0.999785 0.689391 0.689391 0.689391
3643.235107 0.000000 742.957397 0.000000 0.190794 0.000000 -0.981630 0.625817 0.625817 0.625817
3638.547119 0.000000 742.351685 0.000000 0.582744 0.000000 -0.812656 0.642632 0.642632 0.642632
3637.915039 0.000000 744.175598 0.000000 0.848858 0.000000 -0.528621 0.635458 0.635458 0.635458
3613.417725 0.000000 735.902832 0.000000 0.168955 0.000000 -0.985624 0.698636 0.698636 0.698636
3675.725586 0.000000 753.341492 0.000000 0.795587 0.000000 -0.605839 0.625347 0.625347 0.625347
3657.661133 0.000000 750.410583 0.000000 0.824488 0.000000 -0.565879 0.612614 0.612614 0.612614
3843.569580 0.000000 648.394958 0.000000 0.650674 0.000000 -0.759357 0.608396 0.608396 0.608396
3530.385010 0.000000 764.261292 0.000000 0.811355 0.000000 -0.584554 0.639746 0.639746 0.639746
3561.405762 0.000000 879.081726 0.000000 0.824181 0.000000 -0.566326 0.647796 0.647796 0.647796
3646.781006 0.000000 757.733093 0.000000 0.382101 0.000000 -0.924120 0.645907 0.645907 0.645907
3675.822754 0.000000 755.995056 0.000000 0.089954 0.000000 -0.995946 0.657668 0.657668 0.657668
3583.581787 0.000000 835.164490 0.000000 0.365520 0.000000 -0.930803 0.718300 0.718300 0.718300
3654.419434 0.000000 810.473022 0.000000 0.225572 0.000000 -0.974226 0.714691 0.714691 0.714691
3688.281494 0.000000 849.708252 0.000000 0.262838 0.000000 -0.964840 0.843341 0.843341 0.843341
3679.298828 0.000000 877.141235 0.000000 0.045321 0.000000 -0.998972 0.654841 0.654841 0.654841
3684.586914 0.000000 868.759888 0.000000 0.569645 0.000000 -0.821891 0.641908 0.641908 0.641908
3708.661621 0.000000 887.396667 0.000000 0.486884 0.000000 -0.873466 0.627846 0.627846 0.627846
3670.502441 0.000000 855.622192 0.000000 0.219318 0.000000 -0.975653 0.702097 0.702097 0.702097
3710.984131 0.000000 889.053711 0.000000 0.762839 0.000000 -0.646589 0.627383 0.627383 0.627383
3687.082764 0.000000 888.647217 0.000000 0.724691 0.000000 -0.689074 0.650674 0.650674 0.650674
3689.851074 0.000000 875.587646 0.000000 0.688542 0.000000 -0.725196 0.672918 0.672918 0.672918
3693.222412 0.000000 898.474365 0.000000 0.659006 0.000000 -0.752138 0.612114 0.612114 0.612114
3693.399414 0.000000 901.267639 0.000000 0.722180 0.000000 -0.691706 0.633182 0.633182 0.633182
3735.768555 0.000000 896.544434 0.000000 0.035622 0.000000 -0.999365 0.645991 0.645991 0.645991
3711.553955 0.000000 889.063293 0.000000 0.578162 0.000000 -0.815922 0.637167 0.637167 0.637167
3731.797852 0.000000 912.009583 0.000000 0.376428 0.000000 -0.926446 0.663007 0.663007 0.663007
3725.711426 0.000000 933.835388 0.000000 0.716700 0.000000 -0.697381 0.656066 0.656066 0.656066
3743.923340 0.000000 909.228943 0.000000 0.725805 0.000000 -0.687901 0.657384 0.657384 0.657384
3739.119141 0.000000 933.321838 0.000000 0.701234 0.000000 -0.712931 0.632694 0.632694 0.632694
3730.663086 0.000000 914.506592 0.000000 0.434747 0.000000 -0.900552 0.649538 0.649538 0.649538
3736.831299 0.000000 917.553101 0.000000 0.512619 0.000000 -0.858616 0.679655 0.679655 0.679655
3745.805664 0.000000 909.073669 0.000000 0.787754 0.000000 -0.615989 0.655172 0.655172 0.655172
3795.369629 0.000000 920.850098 0.000000 0.439827 0.000000 -0.898083 0.620885 0.620885 0.620885
3789.481201 0.000000 901.530762 0.000000 0.508327 0.000000 -0.861164 0.630307 0.630307 0.630307
3795.934082 0.000000 919.128906 0.000000 0.049330 0.000000 -0.998783 0.709393 0.709393 0.709393
3850.523682 0.000000 941.437805 0.000000 0.826563 0.000000 -0.562844 0.634924 0.634924 0.634924
3843.569580 0.000000 979.090271 0.000000 0.182973 0.000000 -0.983118 0.658165 0.658165 0.658165
1615.683838 0.000000 2267.239502 0.000000 0.020139 0.000000 -0.999797 0.724268 0.724268 0.724268
1727.531372 0.000000 2264.249023 0.000000 0.439790 0.000000 -0.898101 0.747034 0.747034 0.747034
1768.207153 0.000000 2245.027588 0.000000 0.362894 0.000000 -0.931830 0.720376 0.720376 0.720376
1761.311768 0.000000 2238.798096 0.000000 0.132705 0.000000 -0.991156 0.720600 0.720600 0.720600
1769.405396 0.000000 2256.894531 0.000000 0.192213 0.000000 -0.981353 0.686655 0.686655 0.686655
1749.659302 0.000000 2247.915771 0.000000 0.562516 0.000000 -0.826787 0.654677 0.654677 0.654677
1766.622559 0.000000 2266.970459 0.000000 0.445339 0.000000 -0.895362 0.752034 0.752034 0.752034
1769.541748 0.000000 2243.866699 0.000000 0.814078 0.000000 -0.580755 0.697461 0.697461 0.697461
1758.361572 0.000000 2238.395996 0.000000 0.523916 0.000000 -0.851770 0.767961 0.767961 0.767961
1794.080933 0.000000 2256.401855 0.000000 0.653360 0.000000 -0.757048 0.753724 0.753724 0.753724
1513.928589 0.000000 2314.315674 0.000000 0.467779 0.000000 -0.883845 0.631664 0.631664 0.631664
1522.737549 0.000000 2353.319336 0.000000 0.126229 0.000000 -0.992001 0.699514 0.699514 0.699514
1517.688965 0.000000 2355.387695 0.000000 0.644963 0.000000 -0.764214 0.621498 0.621498 0.621498
1516.229980 0.000000 2357.909424 0.000000 0.683332 0.000000 -0.730108 0.630651 0.630651 0.630651
1533.497803 0.000000 2329.586670 0.000000 0.778993 0.000000 -0.627032 0.656344 0.656344 0.656344
1515.063232 0.000000 2315.025146 0.000000 0.210782 0.000000 -0.977533 0.663079 0.663079 0.663079
1524.648438 0.000000 2351.863770 0.000000 0.473604 0.000000 -0.880738 0.685537 0.685537 0.685537
1524.077759 0.000000 2319.348145 0.000000 0.794401 0.000000 -0.607393 0.685558 0.685558 0.685558
1530.202148 0.000000 2359.153320 0.000000 0.721891 0.000000 -0.692007 0.745964 0.745964 0.745964
1516.874634 0.000000 2359.371338 0.000000 0.477442 0.000000 -0.878663 0.769576 0.769576 0.769576
1533.528687 0.000000 2331.096191 0.000000 0.246274 0.000000 -0.969200 0.772278 0.772278 0.772278
1530.717407 0.000000 2363.046631 0.000000 0.171191 0.000000 -0.985238 0.652381 0.652381 0.652381
1779.909180 0.000000 2276.963867 0.000000 0.318920 0.000000 -0.947782 0.660669 0.660669 0.660669
1733.453979 0.000000 2306.567871 0.000000 0.079079 0.000000 -0.996868 0.718421 0.718421 0.718421
4172.674316 0.000000 705.485657 0.000000 0.413668 0.000000 -0.910428 0.613713 0.613713 0.613713
4174.271973 0.000000 692.663696 0.000000 0.554336 0.000000 -0.832293 0.617674 0.617674 0.617674
4164.567871 0.000000 676.641602 0.000000 0.012619 0.000000 -0.999920 0.647848 0.647848 0.647848
4186.329102 0.000000 692.700684 0.000000 0.071908 0.000000 -0.997411 0.655006 0.655006 0.655006
4179.809082 0.000000 687.231628 0.000000 0.179248 0.000000 -0.983804 0.651033 0.651033 0.651033
4157.177734 0.000000 723.351990 0.000000 0.153415 0.000000 -0.988162 0.637139 0.637139 0.637139
4205.160156 0.000000 709.505615 0.000000 0.534091 0.000000 -0.845427 0.607545 0.607545 0.607545
4159.791992 0.000000 722.245911 0.000000 0.720685 0.000000 -0.693262 0.610901 0.610901 0.610901
4234.925293 0.000000 719.334106 0.000000 0.022821 0.000000 -0.999740 0.693910 0.693910 0.693910
4209.350586 0.000000 774.236694 0.000000 0.861058 0.000000 -0.508506 0.603995 0.603995 0.603995
4183.499512 0.000000 774.481995 0.000000 0.414660 0.000000 -0.909976 0.644524 0.644524 0.644524
4156.878418 0.000000 803.319824 0.000000 0.126980 0.000000 -0.991905 0.627028 0.627028 0.627028
4485.133789 0.000000 1111.381348 0.000000 0.766704 0.000000 -0.642000 0.612531 0.612531 0.612531
4487.563477 0.000000 1111.433105 0.000000 0.730279 0.000000 -0.683149 0.636049 0.636049 0.636049
4448.208496 0.000000 1136.123047 0.000000 0.528806 0.000000 -0.848743 0.679711 0.679711 0.679711
4448.224609 0.000000 1156.527832 0.000000 0.844204 0.000000 -0.536022 0.637709 0.637709 0.637709
4511.829590 0.000000 1145.439941 0.000000 0.143018 0.000000 -0.989720 0.720796 0.720796 0.720796
4502.401367 0.000000 1139.075317 0.000000 0.286634 0.000000 -0.958040 0.646978 0.646978 0.646978
4503.217773 0.000000 1141.599609 0.000000 0.635436 0.000000 -0.772154 0.638324 0.638324 0.638324
4490.268066 0.000000 1142.198853 0.000000 0.702099 0.000000 -0.712079 0.661133 0.661133 0.661133
4512.651367 0.000000 1143.771851 0.000000 0.565466 0.000000 -0.824772 0.679898 0.679898 0.679898
4503.116699 0.000000 1338.020752 0.000000 0.132462 0.000000 -0.991188 0.698004 0.698004 0.698004
5143.596680 0.000000 1038.270996 0.000000 0.839788 0.000000 -0.542914 0.622781 0.622781 0.622781
5145.467285 0.000000 1051.344727 0.000000 0.767143 0.000000 -0.641476 0.695452 0.695452 0.695452
5170.159180 0.000000 1055.218018 0.000000 0.416624 0.000000 -0.909079 0.659823 0.659823 0.659823
5149.968750 0.000000 1052.545410 0.000000 0.708227 0.000000 -0.705985 0.670446 0.670446 0.670446
5158.766113 0.000000 1059.067749 0.000000 0.742464 0.000000 -0.669885 0.656627 0.656627 0.656627
5149.733887 0.000000 1050.768555 0.000000 0.765912 0.000000 -0.642945 0.655441 0.655441 0.655441
5165.369629 0.000000 1121.595215 0.000000 0.753349 0.000000 -0.657621 0.630100 0.630100 0.630100
5139.205566 0.000000 1109.818848 0.000000 0.383278 0.000000 -0.923633 0.614992 0.614992 0.614992
5148.704590 0.000000 1092.736084 0.000000 0.757359 0.000000 -0.652998 0.661285 0.661285 0.661285
5182.036621 0.000000 1107.161133 0.000000 0.002722 0.000000 -0.999996 0.709222 0.709222 0.709222
5151.737793 0.000000 1094.665771 0.000000 0.631585 0.000000 -0.775307 0.633889 0.633889 0.633889
5171.440430 0.000000 1128.053589 0.000000 0.260738 0.000000 -0.965410 0.631325 0.631325 0.631325
5135.717773 0.000000 1100.812988 0.000000 0.572473 0.000000 -0.819924 0.632398 0.632398 0.632398
5162.857910 0.000000 1127.493286 0.000000 0.802280 0.000000 -0.596948 0.636412 0.636412 0.636412
5133.928223 0.000000 1093.209717 0.000000 0.343696 0.000000 -0.939081 0.661218 0.661218 0.661218
5203.197754 0.000000 1109.818848 0.000000 0.596710 0.000000 -0.802457 0.649529 0.649529 0.649529
5199.708008 0.000000 1108.205078 0.000000 0.428638 0.000000 -0.903477 0.637166 0.637166 0.637166
5202.589844 0.000000 1106.691162 0.000000 0.761196 0.000000 -0.648522 0.636995 0.636995 0.636995
5185.060547 0.000000 1130.949097 0.000000 0.366315 0.000000 -0.930491 0.651943 0.651943 0.651943
5189.892090 0.000000 1109.009399 0.000000 0.048168 0.000000 -0.998839 0.679827 0.679827 0.679827
5343.666504 0.000000 1091.051636 0.000000 0.023519 0.000000 -0.999723 0.649831 0.649831 0.649831
5352.750000 0.000000 1105.579712 0.000000 0.656445 0.000000 -0.754374 0.667215 0.667215 0.667215
5342.361816 0.000000 1087.352051 0.000000 0.853546 0.000000 -0.521018 0.620113 0.620113 0.620113
5344.099121 0.000000 1088.880859 0.000000 0.633436 0.000000 -0.773795 0.697416 0.697416 0.697416
5318.216309 0.000000 1093.926147 0.000000 0.773840 0.000000 -0.633381 0.645208 0.645208 0.645208
5343.041504 0.000000 1124.508789 0.000000 0.592930 0.000000 -0.805254 0.703063 0.703063 0.703063
5222.080078 0.000000 1134.699951 0.000000 0.741322 0.000000 -0.671149 0.624798 0.624798 0.624798
5229.236328 0.000000 1174.333008 0.000000 0.528804 0.000000 -0.848744 0.609869 0.609869 0.609869
5212.561035 0.000000 1136.906494 0.000000 0.829535 0.000000 -0.558454 0.635946 0.635946 0.635946
5197.182617 0.000000 1180.743164 0.000000 0.097789 0.000000 -0.995207 0.641918 0.641918 0.641918
5130.187012 0.000000 1217.941406 0.000000 0.540935 0.000000 -0.841064 0.620955 0.620955 0.620955
5136.482422 0.000000 1223.516479 0.000000 0.773325 0.000000 -0.634010 0.614916 0.614916 0.614916
5142.231445 0.000000 1216.401611 0.000000 0.705610 0.000000 -0.708600 0.626542 0.626542 0.626542
5156.448242 0.000000 1215.182129 0.000000 0.415236 0.000000 -0.909714 0.638509 0.638509 0.638509
5172.203613 0.000000 1218.051025 0.000000 0.363209 0.000000 -0.931708 0.669152 0.669152 0.669152
5167.077148 0.000000 1220.816406 0.000000 0.236368 0.000000 -0.971664 0.728710 0.728710 0.728710
5220.355957 0.000000 1210.283081 0.000000 0.138559 0.000000 -0.990354 0.653618 0.653618 0.653618
5196.696777 0.000000 1220.918091 0.000000 0.241426 0.000000 -0.970419 0.631803 0.631803 0.631803
5219.243652 0.000000 1218.270630 0.000000 0.551457 0.000000 -0.834204 0.667248 0.667248 0.667248
5223.330566 0.000000 1209.202759 0.000000 0.753563 0.000000 -0.657376 0.660173 0.660173 0.660173
5207.826660 0.000000 1184.862915 0.000000 0.172518 0.000000 -0.985006 0.679542 0.679542 0.679542
5219.120605 0.000000 1216.203735 0.000000 0.858947 0.000000 -0.512064 0.646705 0.646705 0.646705
5255.011230 0.000000 1145.828003 0.000000 0.456114 0.000000 -0.889922 0.627939 0.627939 0.627939
5251.470215 0.000000 1151.616455 0.000000 0.303559 0.000000 -0.952813 0.641601 0.641601 0.641601
5267.606934 0.000000 1179.626709 0.000000 0.394691 0.000000 -0.918814 0.680278 0.680278 0.680278
5255.011230 0.000000 1193.070190 0.000000 0.014752 0.000000 -0.999891 0.622143 0.622143 0.622143
5348.340332 0.000000 1210.283081 0.000000 0.394418 0.000000 -0.918931 0.604364 0.604364 0.604364
5339.522461 0.000000 1225.763428 0.000000 0.107673 0.000000 -0.994186 0.608765 0.608765 0.608765
5350.624023 0.000000 1216.853638 0.000000 0.476604 0.000000 -0.879118 0.611261 0.611261 0.611261
5145.589844 0.000000 1245.704224 0.000000 0.524608 0.000000 -0.851344 0.609154 0.609154 0.609154
5149.639160 0.000000 1269.780273 0.000000 0.563714 0.000000 -0.825970 0.640036 0.640036 0.640036
5148.366699 0.000000 1257.244385 0.000000 0.656422 0.000000 -0.754394 0.619845 0.619845 0.619845
5137.179688 0.000000 1273.961304 0.000000 0.298399 0.000000 -0.954441 0.633233 0.633233 0.633233
5160.255859 0.000000 1244.239990 0.000000 0.414062 0.000000 -0.910249 0.647977 0.647977 0.647977
5146.740723 0.000000 1269.280640 0.000000 0.829489 0.000000 -0.558523 0.618198 0.618198 0.618198
5133.109375 0.000000 1261.966431 0.000000 0.328990 0.000000 -0.944334 0.669405 0.669405 0.669405
5196.213379 0.000000 1248.296875 0.000000 0.667504 0.000000 -0.744606 0.611324 0.611324 0.611324
5306.416504 0.000000 1274.174805 0.000000 0.454483 0.000000 -0.890756 0.602469 0.602469 0.602469
5338.522461 0.000000 1251.956177 0.000000 0.261576 0.000000 -0.965183 0.607826 0.607826 0.607826
5312.549805 0.000000 1275.247314 0.000000 0.648475 0.000000 -0.761236 0.604536 0.604536 0.604536
5343.842773 0.000000 1243.057617 0.000000 0.591337 0.000000 -0.806424 0.604918 0.604918 0.604918
5326.131348 0.000000 1259.569946 0.000000 0.701241 0.000000 -0.712924 0.606539 0.606539 0.606539
5279.850586 0.000000 1290.299805 0.000000 0.335576 0.000000 -0.942013 0.608281 0.608281 0.608281
5322.792480 0.000000 1286.240356 0.000000 0.270006 0.000000 -0.962859 0.605830 0.605830 0.605830
5311.720703 0.000000 1305.896484 0.000000 0.561297 0.000000 -0.827615 0.600730 0.600730 0.600730
5460.302246 0.000000 1177.408813 0.000000 0.762277 0.000000 -0.647251 0.604745 0.604745 0.604745
5480.734375 0.000000 1152.821899 0.000000 0.069909 0.000000 -0.997553 0.608993 0.608993 0.608993
5495.521484 0.000000 1170.005493 0.000000 0.205971 0.000000 -0.978558 0.606127 0.606127 0.606127
5471.827148 0.000000 1148.573242 0.000000 0.042069 0.000000 -0.999115 0.606870 0.606870 0.606870
5467.506836 0.000000 1178.521240 0.000000 0.826522 0.000000 -0.562905 0.604478 0.604478 0.604478
5489.508301 0.000000 1146.792236 0.000000 0.800267 0.000000 -0.599644 0.609151 0.609151 0.609151
5412.332520 0.000000 1210.283081 0.000000 0.618580 0.000000 -0.785722 0.606093 0.606093 0.606093
5436.275879 0.000000 1221.006714 0.000000 0.177665 0.000000 -0.984091 0.611470 0.611470 0.611470
5471.650879 0.000000 1185.536011 0.000000 0.723748 0.000000 -0.690064 0.605134 0.605134 0.605134
5471.827148 0.000000 1195.815430 0.000000 0.676673 0.000000 -0.736284 0.603719 0.603719 0.603719
5425.202148 0.000000 1246.658691 0.000000 0.364189 0.000000 -0.931325 0.605384 0.605384 0.605384
5411.307129 0.000000 1230.903564 0.000000 0.340865 0.000000 -0.940112 0.637554 0.637554 0.637554
5439.635742 0.000000 1232.351196 0.000000 0.004102 0.000000 -0.999992 0.611734 0.611734 0.611734
5279.850586 0.000000 1337.541992 0.000000 0.408928 0.000000 -0.912566 0.604305 0.604305 0.604305
5347.494629 0.000000 1409.484131 0.000000 0.756082 0.000000 -0.654477 0.633666 0.633666 0.633666
5347.314941 0.000000 1419.872314 0.000000 0.022011 0.000000 -0.999758 0.702079 0.702079 0.702079
5363.190430 0.000000 1428.745972 0.000000 0.679524 0.000000 -0.733653 0.649970 0.649970 0.649970
5413.580078 0.000000 1384.332397 0.000000 0.550934 0.000000 -0.834549 0.653241 0.653241 0.653241
5545.436523 0.000000 1369.471802 0.000000 0.255992 0.000000 -0.966679 0.707102 0.707102 0.707102
5530.693848 0.000000 1363.765015 0.000000 0.018585 0.000000 -0.999827 0.675566 0.675566 0.675566
5530.467773 0.000000 1352.217651 0.000000 0.300476 0.000000 -0.953789 0.700477 0.700477 0.700477
5531.971680 0.000000 1353.590698 0.000000 0.659060 0.000000 -0.752091 0.667579 0.667579 0.667579
5586.497559 0.000000 1360.461670 0.000000 0.443972 0.000000 -0.896041 0.686521 0.686521 0.686521
5528.257812 0.000000 1412.327515 0.000000 0.668542 0.000000 -0.743674 0.615073 0.615073 0.615073
5530.761719 0.000000 1379.975830 0.000000 0.661986 0.000000 -0.749516 0.676154 0.676154 0.676154
5378.280273 0.000000 1456.335938 0.000000 0.803618 0.000000 -0.595145 0.631510 0.631510 0.631510
5868.343750 0.000000 1225.558838 0.000000 0.325280 0.000000 -0.945618 0.711400 0.711400 0.711400
5677.891113 0.000000 1301.798828 0.000000 0.124606 0.000000 -0.992206 0.635736 0.635736 0.635736
5663.056641 0.000000 1302.320923 0.000000 0.412026 0.000000 -0.911172 0.645495 0.645495 0.645495
5682.560547 0.000000 1296.684570 0.000000 0.459895 0.000000 -0.887973 0.645839 0.645839 0.645839
5675.947754 0.000000 1301.153442 0.000000 0.631143 0.000000 -0.775667 0.651198 0.651198 0.651198
5886.809570 0.000000 1263.548218 0.000000 0.011699 0.000000 -0.999932 0.628025 0.628025 0.628025
5889.550293 0.000000 1215.926147 0.000000 0.219589 0.000000 -0.975592 0.700055 0.700055 0.700055
6080.456055 0.000000 1180.762939 0.000000 0.501943 0.000000 -0.864901 0.639132 0.639132 0.639132
6120.688965 0.000000 1177.389526 0.000000 0.433514 0.000000 -0.901147 0.626901 0.626901 0.626901
6073.613281 0.000000 1184.694214 0.000000 0.826371 0.000000 -0.563126 0.620160 0.620160 0.620160
6084.817383 0.000000 1189.775269 0.000000 0.468895 0.000000 -0.883254 0.660010 0.660010 0.660010
5895.285156 0.000000 1273.893066 0.000000 0.798596 0.000000 -0.601867 0.648371 0.648371 0.648371
5689.660156 0.000000 1326.420776 0.000000 0.431768 0.000000 -0.901985 0.620210 0.620210 0.620210
5320.184082 0.000000 1744.618164 0.000000 0.812234 0.000000 -0.583331 0.658309 0.658309 0.658309
5319.091309 0.000000 1747.724609 0.000000 0.511175 0.000000 -0.859477 0.730910 0.730910 0.730910
5306.810547 0.000000 1765.484375 0.000000 0.553985 0.000000 -0.832527 0.678092 0.678092 0.678092
5312.522949 0.000000 1774.777954 0.000000 0.744778 0.000000 -0.667312 0.647605 0.647605 0.647605
5316.464844 0.000000 1788.520752 0.000000 0.235813 0.000000 -0.971799 0.682849 0.682849 0.682849
5315.153320 0.000000 1768.159668 0.000000 0.184213 0.000000 -0.982886 0.775373 0.775373 0.775373
5314.137695 0.000000 1753.408569 0.000000 0.440370 0.000000 -0.897816 0.742774 0.742774 0.742774
5303.038574 0.000000 1800.049927 0.000000 0.683458 0.000000 -0.729990 0.696223 0.696223 0.696223
5311.720703 0.000000 1825.560547 0.000000 0.513865 0.000000 -0.857871 0.630891 0.630891 0.630891
5597.618164 0.000000 1720.404541 0.000000 0.390566 0.000000 -0.920575 0.656937 0.656937 0.656937
5588.695312 0.000000 1738.791992 0.000000 0.189601 0.000000 -0.981861 0.629974 0.629974 0.629974
5589.873535 0.000000 1741.459229 0.000000 0.283164 0.000000 -0.959072 0.707682 0.707682 0.707682
5585.704102 0.000000 1722.509277 0.000000 0.071428 0.000000 -0.997446 0.768439 0.768439 0.768439
5597.319336 0.000000 1723.214111 0.000000 0.691634 0.000000 -0.722248 0.754135 0.754135 0.754135
5590.358398 0.000000 1711.380127 0.000000 0.274695 0.000000 -0.961531 0.846854 0.846854 0.846854
5464.874023 0.000000 2097.141846 0.000000 0.742480 0.000000 -0.669868 0.705005 0.705005 0.705005
5540.779785 0.000000 2084.171143 0.000000 0.839660 0.000000 -0.543113 0.607740 0.607740 0.607740
5787.467773 0.000000 2454.060547 0.000000 0.242089 0.000000 -0.970254 0.615893 0.615893 0.615893
5773.491699 0.000000 2421.652344 0.000000 0.392520 0.000000 -0.919743 0.641095 0.641095 0.641095
5790.236816 0.000000 2455.341309 0.000000 0.257414 0.000000 -0.966301 0.645148 0.645148 0.645148
5772.143066 0.000000 2476.593994 0.000000 0.817781 0.000000 -0.575530 0.626180 0.626180 0.626180
5779.547852 0.000000 2471.001953 0.000000 0.008262 0.000000 -0.999966 0.626917 0.626917 0.626917
5881.195312 0.000000 2480.910889 0.000000 0.557481 0.000000 -0.830190 0.657952 0.657952 0.657952
5921.733887 0.000000 2525.783936 0.000000 0.803098 0.000000 -0.595847 0.611474 0.611474 0.611474
6648.523438 0.000000 2348.787842 0.000000 0.703048 0.000000 -0.711143 0.692434 0.692434 0.692434
6589.277832 0.000000 2413.510010 0.000000 0.142057 0.000000 -0.989859 0.634231 0.634231 0.634231
6596.414062 0.000000 2429.704102 0.000000 0.818653 0.000000 -0.574288 0.619701 0.619701 0.619701
6611.631836 0.000000 2413.236816 0.000000 0.761704 0.000000 -0.647925 0.663350 0.663350 0.663350
6603.733398 0.000000 2437.525146 0.000000 0.827149 0.000000 -0.561983 0.622795 0.622795 0.622795
6592.272461 0.000000 2410.251221 0.000000 0.302943 0.000000 -0.953009 0.648244 0.648244 0.648244
6614.143555 0.000000 2414.614502 0.000000 0.814015 0.000000 -0.580844 0.619960 0.619960 0.619960
6614.959961 0.000000 2417.138672 0.000000 0.304241 0.000000 -0.952595 0.663311 0.663311 0.663311
6513.820801 0.000000 2480.088867 0.000000 0.124281 0.000000 -0.992247 0.725645 0.725645 0.725645
6526.640625 0.000000 2495.288330 0.000000 0.764506 0.000000 -0.644617 0.625184 0.625184 0.625184
6517.614258 0.000000 2513.447510 0.000000 0.551723 0.000000 -0.834027 0.663533 0.663533 0.663533
6513.630859 0.000000 2511.674072 0.000000 0.770940 0.000000 -0.636908 0.642406 0.642406 0.642406
6532.180664 0.000000 2500.310791 0.000000 0.021679 0.000000 -0.999765 0.727626 0.727626 0.727626
6533.252441 0.000000 2498.705811 0.000000 0.816342 0.000000 -0.577569 0.665025 0.665025 0.665025
6530.139648 0.000000 2542.906250 0.000000 0.819614 0.000000 -0.572916 0.625130 0.625130 0.625130
6546.652832 0.000000 2510.009277 0.000000 0.624452 0.000000 -0.781063 0.638267 0.638267 0.638267
6532.316406 0.000000 2544.395996 0.000000 0.365466 0.000000 -0.930825 0.650190 0.650190 0.650190
6539.455078 0.000000 2539.118896 0.000000 0.678645 0.000000 -0.734466 0.683404 0.683404 0.683404
6451.804199 0.000000 2570.064941 0.000000 0.582820 0.000000 -0.812602 0.645470 0.645470 0.645470
6451.512207 0.000000 2568.241699 0.000000 0.608347 0.000000 -0.793671 0.669353 0.669353 0.669353
6511.237793 0.000000 2552.753418 0.000000 0.173587 0.000000 -0.984819 0.728633 0.728633 0.728633
6484.541992 0.000000 2605.978516 0.000000 0.145672 0.000000 -0.989333 0.623474 0.623474 0.623474
6514.474121 0.000000 2604.244385 0.000000 0.054801 0.000000 -0.998497 0.630656 0.630656 0.630656
6580.650879 0.000000 2614.017578 0.000000 0.203814 0.000000 -0.979010 0.678751 0.678751 0.678751
6559.579590 0.000000 2609.947998 0.000000 0.487233 0.000000 -0.873272 0.627041 0.627041 0.627041
6546.652832 0.000000 2604.493652 0.000000 0.719965 0.000000 -0.694010 0.634469 0.634469 0.634469
6685.479492 0.000000 2311.411133 0.000000 0.670541 0.000000 -0.741873 0.650082 0.650082 0.650082
6668.033691 0.000000 2334.867432 0.000000 0.814658 0.000000 -0.579941 0.631971 0.631971 0.631971
6665.294434 0.000000 2356.645020 0.000000 0.695342 0.000000 -0.718679 0.618618 0.618618 0.618618
6671.488770 0.000000 2347.440430 0.000000 0.611437 0.000000 -0.791293 0.660170 0.660170 0.660170
6703.130371 0.000000 2377.808838 0.000000 0.529755 0.000000 -0.848151 0.665215 0.665215 0.665215
6693.633789 0.000000 2572.885986 0.000000 0.390308 0.000000 -0.920684 0.634170 0.634170 0.634170
6691.606445 0.000000 2571.760986 0.000000 0.516152 0.000000 -0.856497 0.670094 0.670094 0.670094
6724.398438 0.000000 2571.430664 0.000000 0.863400 0.000000 -0.504519 0.606733 0.606733 0.606733
6658.963379 0.000000 2609.299561 0.000000 0.069626 0.000000 -0.997573 0.731541 0.731541 0.731541
6656.190918 0.000000 2609.253906 0.000000 0.304832 0.000000 -0.952406 0.647223 0.647223 0.647223
6732.361816 0.000000 2642.415527 0.000000 0.426784 0.000000 -0.904353 0.642311 0.642311 0.642311
6744.478027 0.000000 2631.988281 0.000000 0.656597 0.000000 -0.754241 0.718398 0.718398 0.718398
6722.820801 0.000000 2640.713135 0.000000 0.721500 0.000000 -0.692414 0.620622 0.620622 0.620622
6755.069336 0.000000 2640.850342 0.000000 0.039871 0.000000 -0.999205 0.658477 0.658477 0.658477
6732.118652 0.000000 2606.561035 0.000000 0.566352 0.000000 -0.824163 0.758893 0.758893 0.758893
6744.848633 0.000000 2630.538818 0.000000 0.033626 0.000000 -0.999434 0.812987 0.812987 0.812987
6733.498535 0.000000 2606.319824 0.000000 0.008525 0.000000 -0.999964 0.856249 0.856249 0.856249
6590.038086 0.000000 2686.978027 0.000000 0.182770 0.000000 -0.983156 0.809839 0.809839 0.809839
6647.380859 0.000000 2681.755615 0.000000 0.092677 0.000000 -0.995696 0.669738 0.669738 0.669738
6646.680664 0.000000 2687.183594 0.000000 0.409374 0.000000 -0.912367 0.695525 0.695525 0.695525
6652.302734 0.000000 2682.600098 0.000000 0.018421 0.000000 -0.999830 0.646507 0.646507 0.646507
6654.625000 0.000000 2684.257080 0.000000 0.730893 0.000000 -0.682492 0.651759 0.651759 0.651759
6630.723633 0.000000 2683.850586 0.000000 0.272350 0.000000 -0.962198 0.704747 0.704747 0.704747
6603.447266 0.000000 2680.845459 0.000000 0.110065 0.000000 -0.993924 0.781582 0.781582 0.781582
6650.225098 0.000000 2686.155029 0.000000 0.417834 0.000000 -0.908523 0.677680 0.677680 0.677680
6645.547852 0.000000 2681.105469 0.000000 0.577021 0.000000 -0.816730 0.733855 0.733855 0.733855
6645.108398 0.000000 2686.267578 0.000000 0.748553 0.000000 -0.663074 0.683612 0.683612 0.683612
6637.370117 0.000000 2682.461670 0.000000 0.382594 0.000000 -0.923917 0.740306 0.740306 0.740306
6644.825195 0.000000 2687.921143 0.000000 0.731733 0.000000 -0.681591 0.686498 0.686498 0.686498
6553.417969 0.000000 2710.212158 0.000000 0.796301 0.000000 -0.604901 0.636492 0.636492 0.636492
6566.738281 0.000000 2705.396729 0.000000 0.187866 0.000000 -0.982195 0.740750 0.740750 0.740750
6582.017090 0.000000 2723.243164 0.000000 0.095679 0.000000 -0.995412 0.774543 0.774543 0.774543
6551.599609 0.000000 2693.089844 0.000000 0.680681 0.000000 -0.732580 0.728071 0.728071 0.728071
6633.303711 0.000000 2739.495361 0.000000 0.787821 0.000000 -0.615905 0.632303 0.632303 0.632303
6646.180176 0.000000 2726.523682 0.000000 0.385678 0.000000 -0.922633 0.795343 0.795343 0.795343
6654.422852 0.000000 2738.607666 0.000000 0.220781 0.000000 -0.975323 0.665633 0.665633 0.665633
6631.238281 0.000000 2738.206543 0.000000 0.314666 0.000000 -0.949202 0.688052 0.688052 0.688052
6631.505859 0.000000 2694.627686 0.000000 0.765769 0.000000 -0.643116 0.692606 0.692606 0.692606
6640.490723 0.000000 2731.858154 0.000000 0.140811 0.000000 -0.990037 0.713490 0.713490 0.713490
6612.496582 0.000000 2727.456055 0.000000 0.516223 0.000000 -0.856454 0.740178 0.740178 0.740178
6654.592773 0.000000 2698.009277 0.000000 0.861980 0.000000 -0.506942 0.659328 0.659328 0.659328
6638.419922 0.000000 2693.255127 0.000000 0.702974 0.000000 -0.711216 0.706075 0.706075 0.706075
6647.357422 0.000000 2727.538818 0.000000 0.576312 0.000000 -0.817230 0.759052 0.759052 0.759052
6654.689453 0.000000 2740.221436 0.000000 0.657564 0.000000 -0.753398 0.670932 0.670932 0.670932
6714.244629 0.000000 2691.440674 0.000000 0.159655 0.000000 -0.987173 0.681341 0.681341 0.681341
6689.640137 0.000000 2667.510498 0.000000 0.563540 0.000000 -0.826089 0.626211 0.626211 0.626211
6662.008301 0.000000 2689.324463 0.000000 0.298599 0.000000 -0.954379 0.669304 0.669304 0.669304
6693.423828 0.000000 2659.871582 0.000000 0.321111 0.000000 -0.947042 0.657761 0.657761 0.657761
6705.359863 0.000000 2658.542236 0.000000 0.652746 0.000000 -0.757577 0.645066 0.645066 0.645066
6705.797363 0.000000 2669.057617 0.000000 0.291063 0.000000 -0.956704 0.640122 0.640122 0.640122
6697.163574 0.000000 2684.670410 0.000000 0.620253 0.000000 -0.784402 0.634444 0.634444 0.634444
6672.294922 0.000000 2688.024414 0.000000 0.534953 0.000000 -0.844882 0.749236 0.749236 0.749236
6669.352539 0.000000 2681.796631 0.000000 0.243906 0.000000 -0.969799 0.653564 0.653564 0.653564
6713.101562 0.000000 2655.513916 0.000000 0.394037 0.000000 -0.919094 0.668977 0.668977 0.668977
6700.322754 0.000000 2677.745117 0.000000 0.571303 0.000000 -0.820739 0.685803 0.685803 0.685803
6713.423340 0.000000 2674.980225 0.000000 0.641101 0.000000 -0.767457 0.717944 0.717944 0.717944
6690.630859 0.000000 2677.138428 0.000000 0.023486 0.000000 -0.999724 0.765720 0.765720 0.765720
6713.093750 0.000000 2669.879639 0.000000 0.203003 0.000000 -0.979178 0.665495 0.665495 0.665495
6688.399414 0.000000 2670.131348 0.000000 0.477495 0.000000 -0.878635 0.641789 0.641789 0.641789
6698.670410 0.000000 2686.485596 0.000000 0.290608 0.000000 -0.956842 0.674539 0.674539 0.674539
6674.364746 0.000000 2683.242920 0.000000 0.165686 0.000000 -0.986179 0.708336 0.708336 0.708336
6674.023438 0.000000 2689.375000 0.000000 0.798359 0.000000 -0.602182 0.690509 0.690509 0.690509
6665.347168 0.000000 2680.457275 0.000000 0.078650 0.000000 -0.996902 0.698340 0.698340 0.698340
6686.567871 0.000000 2651.878662 0.000000 0.608747 0.000000 -0.793364 0.670688 0.670688 0.670688
6709.540039 0.000000 2681.105469 0.000000 0.563395 0.000000 -0.826187 0.723798 0.723798 0.723798
6707.480957 0.000000 2662.726074 0.000000 0.865355 0.000000 -0.501159 0.670769 0.670769 0.670769
6701.232422 0.000000 2676.047852 0.000000 0.026865 0.000000 -0.999639 0.737605 0.737605 0.737605
6688.127441 0.000000 2651.498047 0.000000 0.791555 0.000000 -0.611097 0.661058 0.661058 0.661058
6673.614258 0.000000 2663.818115 0.000000 0.798961 0.000000 -0.601383 0.694718 0.694718 0.694718
6689.138184 0.000000 2668.955811 0.000000 0.229439 0.000000 -0.973323 0.832716 0.832716 0.832716
6767.543945 0.000000 2649.756836 0.000000 0.734709 0.000000 -0.678383 0.613960 0.613960 0.613960
6760.060547 0.000000 2661.505859 0.000000 0.031103 0.000000 -0.999516 0.792580 0.792580 0.792580
6732.995117 0.000000 2692.493408 0.000000 0.818524 0.000000 -0.574472 0.699917 0.699917 0.699917
6753.410645 0.000000 2673.949951 0.000000 0.698356 0.000000 -0.715750 0.635249 0.635249 0.635249
6746.016602 0.000000 2676.872803 0.000000 0.376350 0.000000 -0.926478 0.682536 0.682536 0.682536
6721.540527 0.000000 2660.968994 0.000000 0.189943 0.000000 -0.981795 0.651667 0.651667 0.651667
6777.085938 0.000000 2669.879639 0.000000 0.364568 0.000000 -0.931177 0.730959 0.730959 0.730959
6755.553711 0.000000 2645.618164 0.000000 0.485609 0.000000 -0.874176 0.697994 0.697994 0.697994
6779.327148 0.000000 2669.321289 0.000000 0.780284 0.000000 -0.625425 0.635930 0.635930 0.635930
6744.890625 0.000000 2690.007324 0.000000 0.639058 0.000000 -0.769158 0.711072 0.711072 0.711072
6766.881836 0.000000 2685.324463 0.000000 0.506954 0.000000 -0.861973 0.691059 0.691059 0.691059
6742.776855 0.000000 2673.763184 0.000000 0.350972 0.000000 -0.936386 0.687157 0.687157 0.687157
6771.641602 0.000000 2685.212158 0.000000 0.202784 0.000000 -0.979223 0.831318 0.831318 0.831318
6724.844727 0.000000 2684.505371 0.000000 0.446769 0.000000 -0.894649 0.698721 0.698721 0.698721
6719.218262 0.000000 2652.191650 0.000000 0.642491 0.000000 -0.766293 0.728815 0.728815 0.728815
6722.955566 0.000000 2661.807617 0.000000 0.724440 0.000000 -0.689338 0.672914 0.672914 0.672914
6721.725586 0.000000 2662.632812 0.000000 0.586337 0.000000 -0.810067 0.701840 0.701840 0.701840
6749.786621 0.000000 2671.645996 0.000000 0.717003 0.000000 -0.697070 0.709181 0.709181 0.709181
6754.883789 0.000000 2667.236084 0.000000 0.376337 0.000000 -0.926483 0.783711 0.783711 0.783711
6710.097656 0.000000 2704.758301 0.000000 0.790077 0.000000 -0.613007 0.692418 0.692418 0.692418
6685.485352 0.000000 2712.490723 0.000000 0.564047 0.000000 -0.825743 0.640020 0.640020 0.640020
6660.263184 0.000000 2708.055908 0.000000 0.659356 0.000000 -0.751831 0.612745 0.612745 0.612745
6714.020996 0.000000 2719.507080 0.000000 0.165070 0.000000 -0.986282 0.714697 0.714697 0.714697
6656.175293 0.000000 2700.889160 0.000000 0.552399 0.000000 -0.833580 0.642074 0.642074 0.642074
6690.680176 0.000000 2718.465576 0.000000 0.465072 0.000000 -0.885273 0.637453 0.637453 0.637453
6698.050293 0.000000 2719.788086 0.000000 0.853847 0.000000 -0.520524 0.676676 0.676676 0.676676
6716.163574 0.000000 2703.661621 0.000000 0.051587 0.000000 -0.998668 0.842355 0.842355 0.842355
6707.905273 0.000000 2706.129150 0.000000 0.256065 0.000000 -0.966660 0.688427 0.688427 0.688427
6691.606445 0.000000 2713.487549 0.000000 0.213948 0.000000 -0.976845 0.693378 0.693378 0.693378
6715.532227 0.000000 2721.082520 0.000000 0.150332 0.000000 -0.988636 0.743566 0.743566 0.743566
6699.822754 0.000000 2718.419189 0.000000 0.817149 0.000000 -0.576426 0.686043 0.686043 0.686043
6679.639160 0.000000 2706.269775 0.000000 0.472519 0.000000 -0.881320 0.693713 0.693713 0.693713
6707.980957 0.000000 2716.294434 0.000000 0.008690 0.000000 -0.999962 0.774324 0.774324 0.774324
6711.361328 0.000000 2703.397461 0.000000 0.359016 0.000000 -0.933331 0.687440 0.687440 0.687440
6689.446777 0.000000 2704.276855 0.000000 0.491532 0.000000 -0.870860 0.684703 0.684703 0.684703
6678.324707 0.000000 2709.772949 0.000000 0.312000 0.000000 -0.950082 0.766172 0.766172 0.766172
6672.979004 0.000000 2722.060059 0.000000 0.093565 0.000000 -0.995613 0.752668 0.752668 0.752668
6708.494629 0.000000 2722.825684 0.000000 0.629245 0.000000 -0.777207 0.680675 0.680675 0.680675
6657.593750 0.000000 2702.999023 0.000000 0.140546 0.000000 -0.990074 0.746707 0.746707 0.746707
6709.106934 0.000000 2697.474121 0.000000 0.793937 0.000000 -0.608000 0.673911 0.673911 0.673911
6704.209961 0.000000 2704.179932 0.000000 0.606577 0.000000 -0.795025 0.713575 0.713575 0.713575
6707.247559 0.000000 2708.379639 0.000000 0.802170 0.000000 -0.597095 0.687702 0.687702 0.687702
6684.464844 0.000000 2710.528809 0.000000 0.688494 0.000000 -0.725242 0.754963 0.754963 0.754963
6700.127441 0.000000 2705.704102 0.000000 0.613552 0.000000 -0.789654 0.773844 0.773844 0.773844
6732.411133 0.000000 2717.648682 0.000000 0.428893 0.000000 -0.903355 0.682759 0.682759 0.682759
6774.302246 0.000000 2717.901855 0.000000 0.512042 0.000000 -0.858961 0.762510 0.762510 0.762510
6778.852539 0.000000 2727.129395 0.000000 0.031245 0.000000 -0.999512 0.703776 0.703776 0.703776
6757.625977 0.000000 2714.612549 0.000000 0.238231 0.000000 -0.971209 0.638856 0.638856 0.638856
6773.010254 0.000000 2714.743164 0.000000 0.261314 0.000000 -0.965254 0.709587 0.709587 0.709587
6723.304199 0.000000 2738.241699 0.000000 0.513461 0.000000 -0.858113 0.648675 0.648675 0.648675
6742.036133 0.000000 2728.151855 0.000000 0.840060 0.000000 -0.542493 0.618467 0.618467 0.618467
6728.281738 0.000000 2692.854004 0.000000 0.750202 0.000000 -0.661208 0.637875 0.637875 0.637875
6726.291992 0.000000 2695.706055 0.000000 0.231034 0.000000 -0.972946 0.658108 0.658108 0.658108
6774.164551 0.000000 2726.523682 0.000000 0.050677 0.000000 -0.998715 0.708157 0.708157 0.708157
6732.897461 0.000000 2693.524902 0.000000 0.661919 0.000000 -0.749576 0.738362 0.738362 0.738362
6739.427246 0.000000 2738.618896 0.000000 0.063730 0.000000 -0.997967 0.665465 0.665465 0.665465
6744.890625 0.000000 2737.249512 0.000000 0.420820 0.000000 -0.907144 0.732781 0.732781 0.732781
6769.098145 0.000000 2722.281006 0.000000 0.856602 0.000000 -0.515977 0.632484 0.632484 0.632484
6722.346680 0.000000 2729.713867 0.000000 0.751050 0.000000 -0.660245 0.683177 0.683177 0.683177
6738.290527 0.000000 2694.934814 0.000000 0.718697 0.000000 -0.695323 0.656434 0.656434 0.656434
6753.438965 0.000000 2704.276855 0.000000 0.510074 0.000000 -0.860131 0.722540 0.722540 0.722540
6726.894531 0.000000 2708.708496 0.000000 0.641208 0.000000 -0.767367 0.673375 0.673375 0.673375
6737.312988 0.000000 2728.786865 0.000000 0.540532 0.000000 -0.841323 0.685359 0.685359 0.685359
6772.959473 0.000000 2710.660156 0.000000 0.523715 0.000000 -0.851893 0.765709 0.765709 0.765709
6775.474121 0.000000 2716.848633 0.000000 0.136328 0.000000 -0.990664 0.825550 0.825550 0.825550
6758.027344 0.000000 2716.447754 0.000000 0.772162 0.000000 -0.635426 0.698500 0.698500 0.698500
6784.451172 0.000000 2663.397461 0.000000 0.030827 0.000000 -0.999525 0.758013 0.758013 0.758013
6793.983887 0.000000 2682.449463 0.000000 0.708517 0.000000 -0.705694 0.666302 0.666302 0.666302
6784.189941 0.000000 2668.483887 0.000000 0.096997 0.000000 -0.995285 0.711475 0.711475 0.711475
6783.175293 0.000000 2687.931641 0.000000 0.324970 0.000000 -0.945724 0.618572 0.618572 0.618572
6785.617676 0.000000 2666.178955 0.000000 0.061737 0.000000 -0.998092 0.711890 0.711890 0.711890
6787.282715 0.000000 2663.366455 0.000000 0.443354 0.000000 -0.896347 0.669925 0.669925 0.669925
6820.629395 0.000000 2709.277344 0.000000 0.636904 0.000000 -0.770943 0.663955 0.663955 0.663955
6827.589355 0.000000 2726.909912 0.000000 0.313733 0.000000 -0.949511 0.744369 0.744369 0.744369
6718.406250 0.000000 2741.905273 0.000000 0.326762 0.000000 -0.945107 0.652848 0.652848 0.652848
6692.645020 0.000000 2756.519531 0.000000 0.544750 0.000000 -0.838598 0.761665 0.761665 0.761665
6714.315430 0.000000 2751.401367 0.000000 0.616562 0.000000 -0.787306 0.680787 0.680787 0.680787
6663.360352 0.000000 2743.950928 0.000000 0.515759 0.000000 -0.856734 0.757205 0.757205 0.757205
6739.439453 0.000000 2740.161865 0.000000 0.703161 0.000000 -0.711031 0.633767 0.633767 0.633767
6733.959473 0.000000 2771.320068 0.000000 0.700190 0.000000 -0.713956 0.618461 0.618461 0.618461
6720.197754 0.000000 2762.968262 0.000000 0.035046 0.000000 -0.999386 0.650610 0.650610 0.650610
6751.542480 0.000000 2748.142578 0.000000 0.080911 0.000000 -0.996721 0.656906 0.656906 0.656906
6719.263184 0.000000 2760.155762 0.000000 0.799874 0.000000 -0.600168 0.640980 0.640980 0.640980
6743.815430 0.000000 2763.593262 0.000000 0.617245 0.000000 -0.786771 0.694274 0.694274 0.694274
6747.510254 0.000000 2758.606689 0.000000 0.174870 0.000000 -0.984592 0.697169 0.697169 0.697169
6751.927246 0.000000 2742.357422 0.000000 0.213842 0.000000 -0.976868 0.759365 0.759365 0.759365
6753.326660 0.000000 2748.154785 0.000000 0.266390 0.000000 -0.963865 0.754948 0.754948 0.754948
6755.936523 0.000000 2762.511230 0.000000 0.014055 0.000000 -0.999901 0.732918 0.732918 0.732918
6731.615723 0.000000 2752.244629 0.000000 0.656537 0.000000 -0.754294 0.678726 0.678726 0.678726
6725.118652 0.000000 2744.052734 0.000000 0.519990 0.000000 -0.854173 0.763351 0.763351 0.763351
6751.967285 0.000000 2769.036865 0.000000 0.501265 0.000000 -0.865294 0.722182 0.722182 0.722182
6778.085938 0.000000 2747.978760 0.000000 0.284840 0.000000 -0.958575 0.728659 0.728659 0.728659
6775.843750 0.000000 2743.828857 0.000000 0.775313 0.000000 -0.631578 0.730555 0.730555 0.730555
6760.798828 0.000000 2754.652100 0.000000 0.848671 0.000000 -0.528922 0.678058 0.678058 0.678058
6734.281250 0.000000 2773.324707 0.000000 0.682889 0.000000 -0.730522 0.713491 0.713491 0.713491
6746.928711 0.000000 2757.309570 0.000000 0.553991 0.000000 -0.832523 0.734819 0.734819 0.734819
6750.689941 0.000000 2771.664062 0.000000 0.520358 0.000000 -0.853948 0.772482 0.772482 0.772482
6727.380371 0.000000 2747.134766 0.000000 0.804451 0.000000 -0.594018 0.706708 0.706708 0.706708
6747.073730 0.000000 2742.725098 0.000000 0.494747 0.000000 -0.869037 0.730160 0.730160 0.730160
6809.762695 0.000000 2743.142822 0.000000 0.390511 0.000000 -0.920598 0.675336 0.675336 0.675336
6791.557617 0.000000 2749.878418 0.000000 0.267876 0.000000 -0.963453 0.807326 0.807326 0.807326
6917.095215 0.000000 2791.294922 0.000000 0.713165 0.000000 -0.700996 0.726830 0.726830 0.726830
6916.114746 0.000000 2790.475098 0.000000 0.231753 0.000000 -0.972775 0.818284 0.818284 0.818284
6906.390137 0.000000 2847.729736 0.000000 0.754682 0.000000 -0.656090 0.666997 0.666997 0.666997
3328.764893 0.000000 4845.520508 0.000000 0.069521 0.000000 -0.997580 0.639353 0.639353 0.639353
7388.554199 0.000000 3096.164062 0.000000 0.804921 0.000000 -0.593383 0.628071 0.628071 0.628071
7402.584473 0.000000 3111.665283 0.000000 0.637984 0.000000 -0.770050 0.658587 0.658587 0.658587
"}
