object={
	name="tree_leaf_yellow_generator_1_0"
	render_pass=Map
	clamp_to_water_level=no
	generated_content=yes
	layer="tree_high_layer"
	pdxmesh="tree_leaf_yellow_01_a_mesh"
	count=1145
	transform="498.862427 0.000000 1786.412842 0.000000 0.240599 0.000000 0.970625 1.000000 1.000000 1.000000
500.447357 0.000000 1782.759277 0.000000 0.140572 0.000000 0.990071 1.000000 1.000000 1.000000
495.644318 0.000000 1785.793823 0.000000 0.166374 0.000000 0.986063 1.000000 1.000000 1.000000
532.184570 0.000000 1793.775146 0.000000 0.248211 0.000000 0.968706 1.000000 1.000000 1.000000
572.419556 0.000000 1803.095093 0.000000 0.715628 0.000000 0.698482 1.000000 1.000000 1.000000
536.337036 0.000000 1796.979736 0.000000 0.201899 0.000000 0.979406 1.000000 1.000000 1.000000
563.200134 0.000000 1801.126953 0.000000 0.598643 0.000000 0.801016 1.000000 1.000000 1.000000
570.053955 0.000000 1801.748901 0.000000 0.105999 0.000000 0.994366 1.000000 1.000000 1.000000
568.073730 0.000000 1797.664551 0.000000 0.013520 0.000000 0.999909 1.000000 1.000000 1.000000
559.444031 0.000000 1801.582397 0.000000 0.662398 0.000000 0.749152 1.000000 1.000000 1.000000
537.794373 0.000000 1795.304932 0.000000 0.216133 0.000000 0.976364 1.000000 1.000000 1.000000
529.408325 0.000000 1797.578247 0.000000 0.326249 0.000000 0.945284 1.000000 1.000000 1.000000
577.760925 0.000000 1797.708984 0.000000 0.237587 0.000000 0.971366 1.000000 1.000000 1.000000
575.957947 0.000000 1797.444702 0.000000 0.172487 0.000000 0.985012 1.000000 1.000000 1.000000
1517.814453 0.000000 2208.165527 0.000000 0.764792 0.000000 0.644277 1.000000 1.000000 1.000000
1504.567261 0.000000 2222.693359 0.000000 0.402070 0.000000 0.915609 1.000000 1.000000 1.000000
1511.917725 0.000000 2243.202148 0.000000 0.362754 0.000000 0.931885 1.000000 1.000000 1.000000
1510.653809 0.000000 2266.970459 0.000000 0.778481 0.000000 0.627668 1.000000 1.000000 1.000000
1591.297485 0.000000 2262.003906 0.000000 0.243762 0.000000 0.969835 1.000000 1.000000 1.000000
1560.034058 0.000000 2266.568115 0.000000 0.197900 0.000000 0.980222 1.000000 1.000000 1.000000
1595.330933 0.000000 2258.762939 0.000000 0.111402 0.000000 0.993775 1.000000 1.000000 1.000000
1535.831787 0.000000 2252.430176 0.000000 0.511305 0.000000 0.859399 1.000000 1.000000 1.000000
1626.866943 0.000000 2263.405273 0.000000 0.590972 0.000000 0.806692 1.000000 1.000000 1.000000
1697.583740 0.000000 2260.385010 0.000000 0.432325 0.000000 0.901718 1.000000 1.000000 1.000000
1711.037476 0.000000 2261.643799 0.000000 0.059221 0.000000 0.998245 1.000000 1.000000 1.000000
1742.568481 0.000000 2251.656006 0.000000 0.158683 0.000000 0.987330 1.000000 1.000000 1.000000
1773.590820 0.000000 2241.846924 0.000000 0.344886 0.000000 0.938644 1.000000 1.000000 1.000000
1759.131714 0.000000 2259.727783 0.000000 0.614620 0.000000 0.788823 1.000000 1.000000 1.000000
1740.069702 0.000000 2262.352539 0.000000 0.028273 0.000000 0.999600 1.000000 1.000000 1.000000
1742.300415 0.000000 2260.956787 0.000000 0.213514 0.000000 0.976940 1.000000 1.000000 1.000000
1791.836182 0.000000 2257.725098 0.000000 0.042745 0.000000 0.999086 1.000000 1.000000 1.000000
1517.001465 0.000000 2281.843018 0.000000 0.474972 0.000000 0.880001 1.000000 1.000000 1.000000
1526.804688 0.000000 2301.343994 0.000000 0.127044 0.000000 0.991897 1.000000 1.000000 1.000000
1515.696533 0.000000 2303.431396 0.000000 0.439080 0.000000 0.898448 1.000000 1.000000 1.000000
1526.172729 0.000000 2303.167969 0.000000 0.377877 0.000000 0.925856 1.000000 1.000000 1.000000
1535.092529 0.000000 2289.954834 0.000000 0.527969 0.000000 0.849263 1.000000 1.000000 1.000000
1512.352905 0.000000 2278.746826 0.000000 0.740442 0.000000 0.672120 1.000000 1.000000 1.000000
1529.399536 0.000000 2303.064697 0.000000 0.438582 0.000000 0.898691 1.000000 1.000000 1.000000
1527.982178 0.000000 2302.359131 0.000000 0.708770 0.000000 0.705440 1.000000 1.000000 1.000000
1511.448242 0.000000 2267.634033 0.000000 0.074691 0.000000 0.997207 1.000000 1.000000 1.000000
1533.335938 0.000000 2288.526123 0.000000 0.631236 0.000000 0.775591 1.000000 1.000000 1.000000
1530.388794 0.000000 2333.992920 0.000000 0.765098 0.000000 0.643914 1.000000 1.000000 1.000000
1531.666016 0.000000 2330.654297 0.000000 0.600131 0.000000 0.799902 1.000000 1.000000 1.000000
1531.338745 0.000000 2353.247314 0.000000 0.374459 0.000000 0.927243 1.000000 1.000000 1.000000
1525.237671 0.000000 2322.754150 0.000000 0.501891 0.000000 0.864931 1.000000 1.000000 1.000000
1528.087769 0.000000 2352.858643 0.000000 0.775335 0.000000 0.631551 1.000000 1.000000 1.000000
1526.276367 0.000000 2328.541016 0.000000 0.341903 0.000000 0.939735 1.000000 1.000000 1.000000
1526.465576 0.000000 2352.056641 0.000000 0.147640 0.000000 0.989041 1.000000 1.000000 1.000000
1521.814331 0.000000 2319.361572 0.000000 0.590732 0.000000 0.806868 1.000000 1.000000 1.000000
1534.632690 0.000000 2328.536621 0.000000 0.626720 0.000000 0.779244 1.000000 1.000000 1.000000
1523.831543 0.000000 2322.142578 0.000000 0.298954 0.000000 0.954268 1.000000 1.000000 1.000000
1529.495239 0.000000 2352.461426 0.000000 0.552081 0.000000 0.833790 1.000000 1.000000 1.000000
1527.971191 0.000000 2347.970459 0.000000 0.282223 0.000000 0.959349 1.000000 1.000000 1.000000
1510.865967 0.000000 2371.660889 0.000000 0.461005 0.000000 0.887398 1.000000 1.000000 1.000000
1537.129761 0.000000 2313.257568 0.000000 0.661245 0.000000 0.750170 1.000000 1.000000 1.000000
1545.012207 0.000000 2337.343506 0.000000 0.773747 0.000000 0.633495 1.000000 1.000000 1.000000
1536.983521 0.000000 2341.684326 0.000000 0.704906 0.000000 0.709301 1.000000 1.000000 1.000000
1539.582520 0.000000 2317.614746 0.000000 0.187603 0.000000 0.982245 1.000000 1.000000 1.000000
1546.775024 0.000000 2345.303955 0.000000 0.123231 0.000000 0.992378 1.000000 1.000000 1.000000
1539.922974 0.000000 2332.671143 0.000000 0.050113 0.000000 0.998744 1.000000 1.000000 1.000000
1540.208984 0.000000 2319.527832 0.000000 0.175073 0.000000 0.984555 1.000000 1.000000 1.000000
1537.507568 0.000000 2340.222656 0.000000 0.235544 0.000000 0.971864 1.000000 1.000000 1.000000
1544.012939 0.000000 2321.955078 0.000000 0.409378 0.000000 0.912365 1.000000 1.000000 1.000000
1543.567993 0.000000 2347.323975 0.000000 0.542587 0.000000 0.840000 1.000000 1.000000 1.000000
1663.234375 0.000000 2331.176025 0.000000 0.573971 0.000000 0.818876 1.000000 1.000000 1.000000
1661.513062 0.000000 2331.096191 0.000000 0.211842 0.000000 0.977304 1.000000 1.000000 1.000000
1773.664429 0.000000 2273.645752 0.000000 0.396486 0.000000 0.918041 1.000000 1.000000 1.000000
1735.575684 0.000000 2289.275879 0.000000 0.103897 0.000000 0.994588 1.000000 1.000000 1.000000
1734.407959 0.000000 2288.411377 0.000000 0.627952 0.000000 0.778252 1.000000 1.000000 1.000000
1742.671509 0.000000 2272.886719 0.000000 0.590961 0.000000 0.806700 1.000000 1.000000 1.000000
1782.463013 0.000000 2275.906738 0.000000 0.118806 0.000000 0.992918 1.000000 1.000000 1.000000
1750.826782 0.000000 2278.286621 0.000000 0.365655 0.000000 0.930750 1.000000 1.000000 1.000000
1710.299927 0.000000 2360.157227 0.000000 0.030182 0.000000 0.999544 1.000000 1.000000 1.000000
1704.590942 0.000000 2356.072998 0.000000 0.179901 0.000000 0.983685 1.000000 1.000000 1.000000
1667.928955 0.000000 2352.936035 0.000000 0.067273 0.000000 0.997735 1.000000 1.000000 1.000000
1734.096069 0.000000 2360.866943 0.000000 0.619176 0.000000 0.785252 1.000000 1.000000 1.000000
1689.564453 0.000000 2367.671875 0.000000 0.627018 0.000000 0.779005 1.000000 1.000000 1.000000
1716.514404 0.000000 2375.433838 0.000000 0.755821 0.000000 0.654778 1.000000 1.000000 1.000000
1724.191650 0.000000 2382.567627 0.000000 0.470835 0.000000 0.882221 1.000000 1.000000 1.000000
1720.909058 0.000000 2380.212646 0.000000 0.425652 0.000000 0.904887 1.000000 1.000000 1.000000
1762.241211 0.000000 2384.057373 0.000000 0.570135 0.000000 0.821551 1.000000 1.000000 1.000000
1777.022949 0.000000 2395.839600 0.000000 0.349198 0.000000 0.937049 1.000000 1.000000 1.000000
1736.890747 0.000000 2362.158691 0.000000 0.400209 0.000000 0.916424 1.000000 1.000000 1.000000
1764.048340 0.000000 2389.595215 0.000000 0.090774 0.000000 0.995872 1.000000 1.000000 1.000000
5559.513672 0.000000 2067.606934 0.000000 0.555461 0.000000 0.831543 1.000000 1.000000 1.000000
5544.759277 0.000000 2074.991211 0.000000 0.174484 0.000000 0.984660 1.000000 1.000000 1.000000
5575.731445 0.000000 2068.777588 0.000000 0.358251 0.000000 0.933625 1.000000 1.000000 1.000000
5468.202637 0.000000 2100.659180 0.000000 0.383816 0.000000 0.923410 1.000000 1.000000 1.000000
5466.882812 0.000000 2100.994385 0.000000 0.735615 0.000000 0.677400 1.000000 1.000000 1.000000
5542.041016 0.000000 2079.543701 0.000000 0.206611 0.000000 0.978423 1.000000 1.000000 1.000000
5563.000977 0.000000 2112.980957 0.000000 0.681720 0.000000 0.731613 1.000000 1.000000 1.000000
5581.038086 0.000000 2126.618652 0.000000 0.634536 0.000000 0.772893 1.000000 1.000000 1.000000
5558.238281 0.000000 2185.094238 0.000000 0.189652 0.000000 0.981851 1.000000 1.000000 1.000000
5567.620117 0.000000 2177.195068 0.000000 0.306455 0.000000 0.951885 1.000000 1.000000 1.000000
5622.805664 0.000000 2214.761719 0.000000 0.550486 0.000000 0.834844 1.000000 1.000000 1.000000
5626.364746 0.000000 2215.755127 0.000000 0.148555 0.000000 0.988904 1.000000 1.000000 1.000000
5573.845215 0.000000 2195.579834 0.000000 0.701544 0.000000 0.712626 1.000000 1.000000 1.000000
5620.200195 0.000000 2220.924072 0.000000 0.094273 0.000000 0.995546 1.000000 1.000000 1.000000
5680.269043 0.000000 2245.729736 0.000000 0.714151 0.000000 0.699991 1.000000 1.000000 1.000000
5680.674805 0.000000 2251.944824 0.000000 0.524602 0.000000 0.851347 1.000000 1.000000 1.000000
5728.173340 0.000000 2263.135986 0.000000 0.774727 0.000000 0.632296 1.000000 1.000000 1.000000
5724.190430 0.000000 2263.025391 0.000000 0.286543 0.000000 0.958067 1.000000 1.000000 1.000000
6013.353516 0.000000 2216.724121 0.000000 0.700902 0.000000 0.713257 1.000000 1.000000 1.000000
6014.500977 0.000000 2218.943604 0.000000 0.503826 0.000000 0.863805 1.000000 1.000000 1.000000
5911.502930 0.000000 2266.568115 0.000000 0.320431 0.000000 0.947272 1.000000 1.000000 1.000000
5917.545410 0.000000 2261.866455 0.000000 0.019922 0.000000 0.999802 1.000000 1.000000 1.000000
6039.487305 0.000000 2219.325928 0.000000 0.335205 0.000000 0.942145 1.000000 1.000000 1.000000
6058.770996 0.000000 2196.958984 0.000000 0.495777 0.000000 0.868450 1.000000 1.000000 1.000000
6037.429688 0.000000 2219.520508 0.000000 0.026252 0.000000 0.999655 1.000000 1.000000 1.000000
6091.509766 0.000000 2208.423584 0.000000 0.623622 0.000000 0.781726 1.000000 1.000000 1.000000
6079.265137 0.000000 2259.086914 0.000000 0.484950 0.000000 0.874542 1.000000 1.000000 1.000000
6094.742676 0.000000 2265.200195 0.000000 0.385196 0.000000 0.922835 1.000000 1.000000 1.000000
6081.843262 0.000000 2233.387207 0.000000 0.221238 0.000000 0.975220 1.000000 1.000000 1.000000
6131.233887 0.000000 2249.197510 0.000000 0.200518 0.000000 0.979690 1.000000 1.000000 1.000000
5852.280762 0.000000 2296.572510 0.000000 0.108495 0.000000 0.994097 1.000000 1.000000 1.000000
5857.947266 0.000000 2287.610107 0.000000 0.288078 0.000000 0.957607 1.000000 1.000000 1.000000
5789.655762 0.000000 2326.307861 0.000000 0.707559 0.000000 0.706654 1.000000 1.000000 1.000000
5743.003906 0.000000 2399.942383 0.000000 0.136227 0.000000 0.990678 1.000000 1.000000 1.000000
5753.421387 0.000000 2368.655273 0.000000 0.459725 0.000000 0.888062 1.000000 1.000000 1.000000
5748.022461 0.000000 2375.433838 0.000000 0.164320 0.000000 0.986407 1.000000 1.000000 1.000000
5754.032227 0.000000 2394.039551 0.000000 0.501857 0.000000 0.864951 1.000000 1.000000 1.000000
5748.611816 0.000000 2392.130371 0.000000 0.277714 0.000000 0.960664 1.000000 1.000000 1.000000
5745.548340 0.000000 2453.388428 0.000000 0.459863 0.000000 0.887990 1.000000 1.000000 1.000000
5741.173828 0.000000 2449.872070 0.000000 0.709187 0.000000 0.705020 1.000000 1.000000 1.000000
5753.210938 0.000000 2433.668701 0.000000 0.090108 0.000000 0.995932 1.000000 1.000000 1.000000
5780.492188 0.000000 2394.984131 0.000000 0.752849 0.000000 0.658194 1.000000 1.000000 1.000000
5767.153320 0.000000 2393.093994 0.000000 0.637881 0.000000 0.770135 1.000000 1.000000 1.000000
5766.610840 0.000000 2401.723877 0.000000 0.244657 0.000000 0.969610 1.000000 1.000000 1.000000
5769.403809 0.000000 2403.887207 0.000000 0.189935 0.000000 0.981797 1.000000 1.000000 1.000000
5779.170410 0.000000 2397.635742 0.000000 0.436092 0.000000 0.899902 1.000000 1.000000 1.000000
5873.461426 0.000000 2375.089111 0.000000 0.190145 0.000000 0.981756 1.000000 1.000000 1.000000
5870.927734 0.000000 2373.512451 0.000000 0.359149 0.000000 0.933280 1.000000 1.000000 1.000000
5793.679688 0.000000 2443.424316 0.000000 0.505090 0.000000 0.863066 1.000000 1.000000 1.000000
5779.733398 0.000000 2413.236816 0.000000 0.203194 0.000000 0.979138 1.000000 1.000000 1.000000
5778.746582 0.000000 2415.524902 0.000000 0.374788 0.000000 0.927111 1.000000 1.000000 1.000000
5774.473145 0.000000 2432.936279 0.000000 0.244787 0.000000 0.969577 1.000000 1.000000 1.000000
5786.436523 0.000000 2438.788086 0.000000 0.598492 0.000000 0.801129 1.000000 1.000000 1.000000
5847.688965 0.000000 2411.128174 0.000000 0.724929 0.000000 0.688824 1.000000 1.000000 1.000000
5830.906250 0.000000 2444.421631 0.000000 0.552603 0.000000 0.833444 1.000000 1.000000 1.000000
5849.381348 0.000000 2421.368408 0.000000 0.612819 0.000000 0.790223 1.000000 1.000000 1.000000
5849.879883 0.000000 2412.447510 0.000000 0.559889 0.000000 0.828567 1.000000 1.000000 1.000000
5831.700195 0.000000 2446.715332 0.000000 0.719335 0.000000 0.694663 1.000000 1.000000 1.000000
5847.748535 0.000000 2413.159912 0.000000 0.780000 0.000000 0.625779 1.000000 1.000000 1.000000
5925.314453 0.000000 2278.648926 0.000000 0.117734 0.000000 0.993045 1.000000 1.000000 1.000000
5910.229492 0.000000 2272.887939 0.000000 0.523762 0.000000 0.851865 1.000000 1.000000 1.000000
5937.199707 0.000000 2297.101318 0.000000 0.113208 0.000000 0.993571 1.000000 1.000000 1.000000
5906.392090 0.000000 2269.755127 0.000000 0.303969 0.000000 0.952682 1.000000 1.000000 1.000000
5911.740723 0.000000 2271.433350 0.000000 0.107022 0.000000 0.994257 1.000000 1.000000 1.000000
5938.648438 0.000000 2300.773682 0.000000 0.390264 0.000000 0.920703 1.000000 1.000000 1.000000
5896.113770 0.000000 2311.524658 0.000000 0.483804 0.000000 0.875176 1.000000 1.000000 1.000000
5923.656250 0.000000 2282.097900 0.000000 0.672866 0.000000 0.739765 1.000000 1.000000 1.000000
5942.292969 0.000000 2311.022461 0.000000 0.025031 0.000000 0.999687 1.000000 1.000000 1.000000
5977.041504 0.000000 2273.187500 0.000000 0.538919 0.000000 0.842358 1.000000 1.000000 1.000000
5965.433105 0.000000 2313.098389 0.000000 0.507696 0.000000 0.861536 1.000000 1.000000 1.000000
6076.197754 0.000000 2307.577148 0.000000 0.565413 0.000000 0.824808 1.000000 1.000000 1.000000
6061.134766 0.000000 2308.145508 0.000000 0.192828 0.000000 0.981233 1.000000 1.000000 1.000000
6074.099121 0.000000 2294.327393 0.000000 0.453797 0.000000 0.891105 1.000000 1.000000 1.000000
6024.184570 0.000000 2300.795898 0.000000 0.263599 0.000000 0.964632 1.000000 1.000000 1.000000
6030.507324 0.000000 2302.315674 0.000000 0.709266 0.000000 0.704940 1.000000 1.000000 1.000000
6060.098633 0.000000 2309.218506 0.000000 0.459066 0.000000 0.888402 1.000000 1.000000 1.000000
6029.142578 0.000000 2299.927490 0.000000 0.349428 0.000000 0.936963 1.000000 1.000000 1.000000
6103.178223 0.000000 2288.881592 0.000000 0.566031 0.000000 0.824384 1.000000 1.000000 1.000000
6110.245605 0.000000 2290.858643 0.000000 0.511071 0.000000 0.859538 1.000000 1.000000 1.000000
6112.780762 0.000000 2286.040283 0.000000 0.208472 0.000000 0.978028 1.000000 1.000000 1.000000
6097.062500 0.000000 2313.289551 0.000000 0.449695 0.000000 0.893182 1.000000 1.000000 1.000000
6131.975586 0.000000 2280.949463 0.000000 0.095995 0.000000 0.995382 1.000000 1.000000 1.000000
6133.101562 0.000000 2299.279297 0.000000 0.258542 0.000000 0.966000 1.000000 1.000000 1.000000
6079.355469 0.000000 2296.083740 0.000000 0.183479 0.000000 0.983024 1.000000 1.000000 1.000000
6121.974121 0.000000 2312.527588 0.000000 0.448277 0.000000 0.893895 1.000000 1.000000 1.000000
6114.539062 0.000000 2297.411621 0.000000 0.448623 0.000000 0.893721 1.000000 1.000000 1.000000
6070.175781 0.000000 2326.820801 0.000000 0.005823 0.000000 0.999983 1.000000 1.000000 1.000000
6057.374023 0.000000 2361.557861 0.000000 0.313445 0.000000 0.949606 1.000000 1.000000 1.000000
6073.834473 0.000000 2333.992920 0.000000 0.171135 0.000000 0.985248 1.000000 1.000000 1.000000
6071.166016 0.000000 2329.513184 0.000000 0.311184 0.000000 0.950350 1.000000 1.000000 1.000000
6059.537109 0.000000 2360.734863 0.000000 0.674748 0.000000 0.738049 1.000000 1.000000 1.000000
6107.428711 0.000000 2359.576172 0.000000 0.757656 0.000000 0.652654 1.000000 1.000000 1.000000
6133.390625 0.000000 2343.347168 0.000000 0.183195 0.000000 0.983077 1.000000 1.000000 1.000000
6085.782715 0.000000 2337.306396 0.000000 0.640021 0.000000 0.768358 1.000000 1.000000 1.000000
6121.786621 0.000000 2325.706787 0.000000 0.269845 0.000000 0.962904 1.000000 1.000000 1.000000
6120.497070 0.000000 2346.978516 0.000000 0.765223 0.000000 0.643766 1.000000 1.000000 1.000000
6108.143555 0.000000 2357.509766 0.000000 0.210749 0.000000 0.977540 1.000000 1.000000 1.000000
6120.720215 0.000000 2322.707520 0.000000 0.218090 0.000000 0.975929 1.000000 1.000000 1.000000
6121.872559 0.000000 2350.352539 0.000000 0.692732 0.000000 0.721195 1.000000 1.000000 1.000000
6021.204590 0.000000 2366.115234 0.000000 0.548238 0.000000 0.836323 1.000000 1.000000 1.000000
6096.412109 0.000000 2396.548096 0.000000 0.196794 0.000000 0.980445 1.000000 1.000000 1.000000
5743.668945 0.000000 2460.788086 0.000000 0.753165 0.000000 0.657831 1.000000 1.000000 1.000000
5758.734863 0.000000 2472.902588 0.000000 0.040102 0.000000 0.999196 1.000000 1.000000 1.000000
5755.452148 0.000000 2480.352539 0.000000 0.065133 0.000000 0.997877 1.000000 1.000000 1.000000
5774.076660 0.000000 2487.866943 0.000000 0.348320 0.000000 0.937376 1.000000 1.000000 1.000000
5791.673340 0.000000 2468.221436 0.000000 0.566964 0.000000 0.823743 1.000000 1.000000 1.000000
5775.478027 0.000000 2484.966797 0.000000 0.447935 0.000000 0.894066 1.000000 1.000000 1.000000
5804.432129 0.000000 2488.776367 0.000000 0.160452 0.000000 0.987044 1.000000 1.000000 1.000000
5817.865723 0.000000 2475.719482 0.000000 0.538340 0.000000 0.842728 1.000000 1.000000 1.000000
5761.657715 0.000000 2472.000244 0.000000 0.596383 0.000000 0.802700 1.000000 1.000000 1.000000
5797.920410 0.000000 2490.373779 0.000000 0.364970 0.000000 0.931019 1.000000 1.000000 1.000000
5861.912598 0.000000 2490.373779 0.000000 0.018922 0.000000 0.999821 1.000000 1.000000 1.000000
5783.932617 0.000000 2621.866699 0.000000 0.668153 0.000000 0.744024 1.000000 1.000000 1.000000
5882.016602 0.000000 2630.250488 0.000000 0.112702 0.000000 0.993629 1.000000 1.000000 1.000000
5838.465332 0.000000 2621.905029 0.000000 0.334899 0.000000 0.942254 1.000000 1.000000 1.000000
5874.755371 0.000000 2611.055176 0.000000 0.128061 0.000000 0.991766 1.000000 1.000000 1.000000
5879.434570 0.000000 2610.172119 0.000000 0.588051 0.000000 0.808824 1.000000 1.000000 1.000000
5916.783203 0.000000 2491.611572 0.000000 0.579524 0.000000 0.814955 1.000000 1.000000 1.000000
5890.042969 0.000000 2475.509033 0.000000 0.677865 0.000000 0.735186 1.000000 1.000000 1.000000
5912.950195 0.000000 2488.812256 0.000000 0.693659 0.000000 0.720303 1.000000 1.000000 1.000000
5915.305664 0.000000 2488.666260 0.000000 0.267787 0.000000 0.963478 1.000000 1.000000 1.000000
5968.339844 0.000000 2494.955322 0.000000 0.043928 0.000000 0.999035 1.000000 1.000000 1.000000
5998.829102 0.000000 2503.776123 0.000000 0.613093 0.000000 0.790011 1.000000 1.000000 1.000000
5997.029297 0.000000 2503.198975 0.000000 0.394650 0.000000 0.918832 1.000000 1.000000 1.000000
5890.940430 0.000000 2510.379639 0.000000 0.560546 0.000000 0.828123 1.000000 1.000000 1.000000
5915.519531 0.000000 2515.329590 0.000000 0.355783 0.000000 0.934569 1.000000 1.000000 1.000000
5897.998047 0.000000 2519.860840 0.000000 0.119669 0.000000 0.992814 1.000000 1.000000 1.000000
5995.039062 0.000000 2523.953613 0.000000 0.608299 0.000000 0.793708 1.000000 1.000000 1.000000
5975.725098 0.000000 2517.301025 0.000000 0.236156 0.000000 0.971715 1.000000 1.000000 1.000000
5975.448242 0.000000 2514.102539 0.000000 0.727274 0.000000 0.686347 1.000000 1.000000 1.000000
5994.994629 0.000000 2525.919189 0.000000 0.616413 0.000000 0.787423 1.000000 1.000000 1.000000
5956.137695 0.000000 2504.458496 0.000000 0.191032 0.000000 0.981584 1.000000 1.000000 1.000000
6064.993164 0.000000 2492.948486 0.000000 0.706669 0.000000 0.707545 1.000000 1.000000 1.000000
6072.593750 0.000000 2490.514404 0.000000 0.699375 0.000000 0.714755 1.000000 1.000000 1.000000
6022.917480 0.000000 2515.851562 0.000000 0.096079 0.000000 0.995374 1.000000 1.000000 1.000000
6035.139160 0.000000 2539.362305 0.000000 0.701192 0.000000 0.712973 1.000000 1.000000 1.000000
6087.060059 0.000000 2505.152344 0.000000 0.307102 0.000000 0.951677 1.000000 1.000000 1.000000
5921.664062 0.000000 2585.150879 0.000000 0.731875 0.000000 0.681439 1.000000 1.000000 1.000000
5919.614746 0.000000 2583.839355 0.000000 0.047336 0.000000 0.998879 1.000000 1.000000 1.000000
5894.400391 0.000000 2561.145020 0.000000 0.727453 0.000000 0.686157 1.000000 1.000000 1.000000
5940.074707 0.000000 2574.567871 0.000000 0.549646 0.000000 0.835397 1.000000 1.000000 1.000000
5921.161621 0.000000 2583.310303 0.000000 0.553310 0.000000 0.832976 1.000000 1.000000 1.000000
6009.842285 0.000000 2570.203857 0.000000 0.247079 0.000000 0.968995 1.000000 1.000000 1.000000
6009.179688 0.000000 2575.395264 0.000000 0.089525 0.000000 0.995985 1.000000 1.000000 1.000000
5952.767578 0.000000 2557.002441 0.000000 0.746487 0.000000 0.665400 1.000000 1.000000 1.000000
5895.240723 0.000000 2618.502441 0.000000 0.494446 0.000000 0.869209 1.000000 1.000000 1.000000
5887.686035 0.000000 2614.309082 0.000000 0.120730 0.000000 0.992685 1.000000 1.000000 1.000000
5902.382812 0.000000 2631.598145 0.000000 0.601641 0.000000 0.798767 1.000000 1.000000 1.000000
5613.823730 0.000000 2879.821289 0.000000 0.340169 0.000000 0.940364 1.000000 1.000000 1.000000
5617.439941 0.000000 2875.886475 0.000000 0.419094 0.000000 0.907943 1.000000 1.000000 1.000000
5617.178711 0.000000 2900.135254 0.000000 0.146300 0.000000 0.989240 1.000000 1.000000 1.000000
5628.104980 0.000000 2912.262207 0.000000 0.638114 0.000000 0.769942 1.000000 1.000000 1.000000
5605.556641 0.000000 2896.082520 0.000000 0.636345 0.000000 0.771405 1.000000 1.000000 1.000000
5606.500488 0.000000 2899.306152 0.000000 0.560656 0.000000 0.828049 1.000000 1.000000 1.000000
5629.811523 0.000000 2911.091309 0.000000 0.545563 0.000000 0.838070 1.000000 1.000000 1.000000
5623.614746 0.000000 2905.817383 0.000000 0.370719 0.000000 0.928745 1.000000 1.000000 1.000000
5626.587402 0.000000 2912.297852 0.000000 0.332566 0.000000 0.943080 1.000000 1.000000 1.000000
5625.974121 0.000000 2915.131592 0.000000 0.076536 0.000000 0.997067 1.000000 1.000000 1.000000
5610.205566 0.000000 2901.013428 0.000000 0.741274 0.000000 0.671203 1.000000 1.000000 1.000000
5631.597656 0.000000 2874.926758 0.000000 0.563435 0.000000 0.826161 1.000000 1.000000 1.000000
5665.067871 0.000000 2882.054443 0.000000 0.075750 0.000000 0.997127 1.000000 1.000000 1.000000
5780.492188 0.000000 2914.648193 0.000000 0.259943 0.000000 0.965624 1.000000 1.000000 1.000000
5779.127441 0.000000 2905.022217 0.000000 0.681074 0.000000 0.732214 1.000000 1.000000 1.000000
5798.569336 0.000000 2917.572510 0.000000 0.053525 0.000000 0.998567 1.000000 1.000000 1.000000
5818.130371 0.000000 2908.475830 0.000000 0.636216 0.000000 0.771511 1.000000 1.000000 1.000000
5783.217285 0.000000 2903.030029 0.000000 0.709686 0.000000 0.704519 1.000000 1.000000 1.000000
5801.817871 0.000000 2915.876465 0.000000 0.523628 0.000000 0.851947 1.000000 1.000000 1.000000
5798.411621 0.000000 2913.906982 0.000000 0.393712 0.000000 0.919234 1.000000 1.000000 1.000000
5760.571777 0.000000 2914.938965 0.000000 0.383987 0.000000 0.923338 1.000000 1.000000 1.000000
5800.913574 0.000000 2918.285156 0.000000 0.695957 0.000000 0.718084 1.000000 1.000000 1.000000
5818.024414 0.000000 2913.703613 0.000000 0.396678 0.000000 0.917958 1.000000 1.000000 1.000000
5781.479980 0.000000 2905.083984 0.000000 0.399374 0.000000 0.916788 1.000000 1.000000 1.000000
5803.173340 0.000000 2917.579834 0.000000 0.544850 0.000000 0.838534 1.000000 1.000000 1.000000
5778.416504 0.000000 2915.126953 0.000000 0.109835 0.000000 0.993950 1.000000 1.000000 1.000000
5785.081543 0.000000 2903.708008 0.000000 0.012071 0.000000 0.999927 1.000000 1.000000 1.000000
5802.622559 0.000000 2914.251953 0.000000 0.719959 0.000000 0.694017 1.000000 1.000000 1.000000
5886.809570 0.000000 2917.024902 0.000000 0.722143 0.000000 0.691744 1.000000 1.000000 1.000000
5885.363770 0.000000 2885.931885 0.000000 0.778416 0.000000 0.627748 1.000000 1.000000 1.000000
5886.187012 0.000000 2888.472900 0.000000 0.541524 0.000000 0.840685 1.000000 1.000000 1.000000
5876.940918 0.000000 2887.827637 0.000000 0.101028 0.000000 0.994884 1.000000 1.000000 1.000000
5859.432129 0.000000 2921.234375 0.000000 0.339651 0.000000 0.940551 1.000000 1.000000 1.000000
5870.991211 0.000000 2921.535400 0.000000 0.207531 0.000000 0.978228 1.000000 1.000000 1.000000
5866.005371 0.000000 2926.676025 0.000000 0.504898 0.000000 0.863179 1.000000 1.000000 1.000000
5881.190918 0.000000 2896.335449 0.000000 0.247503 0.000000 0.968887 1.000000 1.000000 1.000000
5841.080566 0.000000 2911.028809 0.000000 0.456417 0.000000 0.889766 1.000000 1.000000 1.000000
5692.097168 0.000000 2959.504395 0.000000 0.723775 0.000000 0.690036 1.000000 1.000000 1.000000
5690.040039 0.000000 2960.945801 0.000000 0.612063 0.000000 0.790809 1.000000 1.000000 1.000000
5683.033203 0.000000 2953.092773 0.000000 0.641935 0.000000 0.766759 1.000000 1.000000 1.000000
5727.619629 0.000000 2933.497070 0.000000 0.374449 0.000000 0.927248 1.000000 1.000000 1.000000
5732.756348 0.000000 2934.530518 0.000000 0.049557 0.000000 0.998771 1.000000 1.000000 1.000000
5741.149414 0.000000 2932.681885 0.000000 0.550345 0.000000 0.834937 1.000000 1.000000 1.000000
5660.549805 0.000000 3009.085693 0.000000 0.217789 0.000000 0.975996 1.000000 1.000000 1.000000
5864.113281 0.000000 2938.417969 0.000000 0.136410 0.000000 0.990652 1.000000 1.000000 1.000000
5876.935547 0.000000 2932.287109 0.000000 0.410170 0.000000 0.912009 1.000000 1.000000 1.000000
5881.405762 0.000000 2935.561523 0.000000 0.724794 0.000000 0.688966 1.000000 1.000000 1.000000
5876.707031 0.000000 2936.902588 0.000000 0.689177 0.000000 0.724593 1.000000 1.000000 1.000000
5921.068359 0.000000 2921.775635 0.000000 0.540218 0.000000 0.841525 1.000000 1.000000 1.000000
5933.859863 0.000000 2908.033447 0.000000 0.655654 0.000000 0.755061 1.000000 1.000000 1.000000
5948.515137 0.000000 2899.371338 0.000000 0.027507 0.000000 0.999622 1.000000 1.000000 1.000000
5891.057129 0.000000 2892.752686 0.000000 0.644107 0.000000 0.764936 1.000000 1.000000 1.000000
5895.137695 0.000000 2912.758057 0.000000 0.253938 0.000000 0.967220 1.000000 1.000000 1.000000
5908.841797 0.000000 2899.671387 0.000000 0.738133 0.000000 0.674655 1.000000 1.000000 1.000000
5899.323242 0.000000 2888.078125 0.000000 0.341047 0.000000 0.940046 1.000000 1.000000 1.000000
5896.481445 0.000000 2904.249756 0.000000 0.544599 0.000000 0.838696 1.000000 1.000000 1.000000
5919.916504 0.000000 2912.450684 0.000000 0.157688 0.000000 0.987489 1.000000 1.000000 1.000000
5894.898438 0.000000 2916.843506 0.000000 0.701172 0.000000 0.712992 1.000000 1.000000 1.000000
5930.144043 0.000000 2908.756836 0.000000 0.548649 0.000000 0.836053 1.000000 1.000000 1.000000
5906.503906 0.000000 2901.894287 0.000000 0.554416 0.000000 0.832239 1.000000 1.000000 1.000000
5903.462402 0.000000 2910.146484 0.000000 0.509452 0.000000 0.860499 1.000000 1.000000 1.000000
5901.834473 0.000000 2888.412842 0.000000 0.759959 0.000000 0.649971 1.000000 1.000000 1.000000
5893.588379 0.000000 2927.773193 0.000000 0.612486 0.000000 0.790482 1.000000 1.000000 1.000000
5887.686035 0.000000 2897.762207 0.000000 0.575060 0.000000 0.818111 1.000000 1.000000 1.000000
5920.947754 0.000000 2908.247803 0.000000 0.769978 0.000000 0.638070 1.000000 1.000000 1.000000
5892.214355 0.000000 2928.688721 0.000000 0.561712 0.000000 0.827333 1.000000 1.000000 1.000000
5930.806641 0.000000 2906.788818 0.000000 0.773840 0.000000 0.633381 1.000000 1.000000 1.000000
5985.726074 0.000000 2903.721436 0.000000 0.161272 0.000000 0.986910 1.000000 1.000000 1.000000
5983.908691 0.000000 2912.450684 0.000000 0.741501 0.000000 0.670951 1.000000 1.000000 1.000000
5982.261230 0.000000 2905.007080 0.000000 0.475585 0.000000 0.879670 1.000000 1.000000 1.000000
5973.531738 0.000000 2911.491943 0.000000 0.775004 0.000000 0.631957 1.000000 1.000000 1.000000
5995.683594 0.000000 2924.815674 0.000000 0.544259 0.000000 0.838917 1.000000 1.000000 1.000000
5982.798340 0.000000 2916.510742 0.000000 0.110179 0.000000 0.993912 1.000000 1.000000 1.000000
5959.232910 0.000000 2901.955566 0.000000 0.264349 0.000000 0.964427 1.000000 1.000000 1.000000
5990.248535 0.000000 2924.615479 0.000000 0.345174 0.000000 0.938539 1.000000 1.000000 1.000000
5966.758301 0.000000 2926.590820 0.000000 0.019158 0.000000 0.999816 1.000000 1.000000 1.000000
5983.810547 0.000000 2902.380859 0.000000 0.568735 0.000000 0.822520 1.000000 1.000000 1.000000
5994.756348 0.000000 2922.696533 0.000000 0.110705 0.000000 0.993853 1.000000 1.000000 1.000000
5983.154297 0.000000 2900.679199 0.000000 0.501585 0.000000 0.865108 1.000000 1.000000 1.000000
5973.657715 0.000000 2903.486816 0.000000 0.675264 0.000000 0.737576 1.000000 1.000000 1.000000
6102.573242 0.000000 2860.053467 0.000000 0.723975 0.000000 0.689826 1.000000 1.000000 1.000000
6035.096191 0.000000 2905.022217 0.000000 0.558989 0.000000 0.829175 1.000000 1.000000 1.000000
6053.101074 0.000000 2926.957275 0.000000 0.295557 0.000000 0.955325 1.000000 1.000000 1.000000
6032.136719 0.000000 2907.226318 0.000000 0.408212 0.000000 0.912887 1.000000 1.000000 1.000000
6052.885254 0.000000 2919.836426 0.000000 0.587450 0.000000 0.809260 1.000000 1.000000 1.000000
6100.224121 0.000000 2925.369873 0.000000 0.490556 0.000000 0.871410 1.000000 1.000000 1.000000
6103.479492 0.000000 2927.958740 0.000000 0.331989 0.000000 0.943283 1.000000 1.000000 1.000000
6089.770508 0.000000 2906.353516 0.000000 0.520561 0.000000 0.853825 1.000000 1.000000 1.000000
6089.759277 0.000000 2902.251953 0.000000 0.317313 0.000000 0.948321 1.000000 1.000000 1.000000
5933.275879 0.000000 2964.040527 0.000000 0.262675 0.000000 0.964884 1.000000 1.000000 1.000000
5942.403809 0.000000 2954.112793 0.000000 0.145244 0.000000 0.989396 1.000000 1.000000 1.000000
5943.466797 0.000000 2965.208740 0.000000 0.236713 0.000000 0.971580 1.000000 1.000000 1.000000
5913.049316 0.000000 2934.578125 0.000000 0.153462 0.000000 0.988155 1.000000 1.000000 1.000000
5925.517578 0.000000 2943.324707 0.000000 0.362264 0.000000 0.932075 1.000000 1.000000 1.000000
5888.299316 0.000000 2951.937012 0.000000 0.386265 0.000000 0.922388 1.000000 1.000000 1.000000
5900.127441 0.000000 2949.015869 0.000000 0.238021 0.000000 0.971260 1.000000 1.000000 1.000000
5946.507324 0.000000 2942.214111 0.000000 0.568342 0.000000 0.822792 1.000000 1.000000 1.000000
5915.533691 0.000000 2942.697266 0.000000 0.620652 0.000000 0.784086 1.000000 1.000000 1.000000
5946.114746 0.000000 2955.718018 0.000000 0.685453 0.000000 0.728117 1.000000 1.000000 1.000000
5929.389648 0.000000 2975.706299 0.000000 0.734087 0.000000 0.679055 1.000000 1.000000 1.000000
5950.221191 0.000000 2956.312256 0.000000 0.381839 0.000000 0.924229 1.000000 1.000000 1.000000
5901.223633 0.000000 2932.945068 0.000000 0.353267 0.000000 0.935522 1.000000 1.000000 1.000000
5901.096680 0.000000 2975.946533 0.000000 0.084990 0.000000 0.996382 1.000000 1.000000 1.000000
5918.291504 0.000000 2929.797363 0.000000 0.264524 0.000000 0.964379 1.000000 1.000000 1.000000
5922.724609 0.000000 2960.591553 0.000000 0.130709 0.000000 0.991421 1.000000 1.000000 1.000000
5934.271484 0.000000 2952.753174 0.000000 0.699874 0.000000 0.714267 1.000000 1.000000 1.000000
5934.623535 0.000000 2948.079346 0.000000 0.750488 0.000000 0.660884 1.000000 1.000000 1.000000
5902.555664 0.000000 2948.406006 0.000000 0.551289 0.000000 0.834314 1.000000 1.000000 1.000000
5890.767090 0.000000 2929.418457 0.000000 0.334666 0.000000 0.942337 1.000000 1.000000 1.000000
5915.258789 0.000000 2937.156982 0.000000 0.165645 0.000000 0.986185 1.000000 1.000000 1.000000
5930.764160 0.000000 2969.938721 0.000000 0.090587 0.000000 0.995889 1.000000 1.000000 1.000000
5898.273926 0.000000 2972.852051 0.000000 0.117541 0.000000 0.993068 1.000000 1.000000 1.000000
5903.191895 0.000000 2933.300293 0.000000 0.609752 0.000000 0.792592 1.000000 1.000000 1.000000
5917.666992 0.000000 2937.033447 0.000000 0.615311 0.000000 0.788285 1.000000 1.000000 1.000000
5911.732910 0.000000 2942.480713 0.000000 0.712797 0.000000 0.701370 1.000000 1.000000 1.000000
5948.884277 0.000000 2941.666992 0.000000 0.026941 0.000000 0.999637 1.000000 1.000000 1.000000
5939.743164 0.000000 2968.665283 0.000000 0.553865 0.000000 0.832606 1.000000 1.000000 1.000000
5933.456055 0.000000 2965.914795 0.000000 0.010202 0.000000 0.999948 1.000000 1.000000 1.000000
5921.701172 0.000000 2930.878662 0.000000 0.691658 0.000000 0.722225 1.000000 1.000000 1.000000
5908.070801 0.000000 2938.115723 0.000000 0.419059 0.000000 0.907959 1.000000 1.000000 1.000000
5909.811523 0.000000 2937.292236 0.000000 0.548959 0.000000 0.835849 1.000000 1.000000 1.000000
6006.183594 0.000000 2940.969238 0.000000 0.582221 0.000000 0.813030 1.000000 1.000000 1.000000
5952.552734 0.000000 2946.850586 0.000000 0.378515 0.000000 0.925595 1.000000 1.000000 1.000000
6007.458984 0.000000 2965.208740 0.000000 0.478141 0.000000 0.878283 1.000000 1.000000 1.000000
5997.852051 0.000000 2955.275635 0.000000 0.540809 0.000000 0.841145 1.000000 1.000000 1.000000
5977.488281 0.000000 2946.423096 0.000000 0.161796 0.000000 0.986824 1.000000 1.000000 1.000000
5968.810547 0.000000 2940.803467 0.000000 0.747736 0.000000 0.663996 1.000000 1.000000 1.000000
5986.410156 0.000000 2938.706787 0.000000 0.716922 0.000000 0.697153 1.000000 1.000000 1.000000
6006.965332 0.000000 2936.416260 0.000000 0.576558 0.000000 0.817056 1.000000 1.000000 1.000000
5955.497559 0.000000 2957.749268 0.000000 0.105087 0.000000 0.994463 1.000000 1.000000 1.000000
6004.721191 0.000000 2944.712891 0.000000 0.773463 0.000000 0.633841 1.000000 1.000000 1.000000
6010.946289 0.000000 2963.340332 0.000000 0.059295 0.000000 0.998241 1.000000 1.000000 1.000000
5997.776855 0.000000 2974.305664 0.000000 0.473706 0.000000 0.880683 1.000000 1.000000 1.000000
6007.644531 0.000000 2929.131836 0.000000 0.162160 0.000000 0.986764 1.000000 1.000000 1.000000
5983.908691 0.000000 2959.692871 0.000000 0.335636 0.000000 0.941992 1.000000 1.000000 1.000000
5962.519531 0.000000 2962.166748 0.000000 0.046484 0.000000 0.998919 1.000000 1.000000 1.000000
5961.380371 0.000000 2970.793457 0.000000 0.571444 0.000000 0.820641 1.000000 1.000000 1.000000
6009.187500 0.000000 2938.967041 0.000000 0.442907 0.000000 0.896568 1.000000 1.000000 1.000000
5969.241211 0.000000 2937.958496 0.000000 0.737156 0.000000 0.675723 1.000000 1.000000 1.000000
6014.171387 0.000000 2935.715088 0.000000 0.158244 0.000000 0.987400 1.000000 1.000000 1.000000
6007.173828 0.000000 2943.661621 0.000000 0.294739 0.000000 0.955578 1.000000 1.000000 1.000000
6006.258301 0.000000 2962.734619 0.000000 0.623647 0.000000 0.781706 1.000000 1.000000 1.000000
5975.280762 0.000000 2947.622803 0.000000 0.711073 0.000000 0.703118 1.000000 1.000000 1.000000
6001.189941 0.000000 2939.348145 0.000000 0.041490 0.000000 0.999139 1.000000 1.000000 1.000000
5981.653320 0.000000 2959.864502 0.000000 0.735350 0.000000 0.677688 1.000000 1.000000 1.000000
5963.954102 0.000000 2960.679688 0.000000 0.478653 0.000000 0.878004 1.000000 1.000000 1.000000
5955.130859 0.000000 2959.291748 0.000000 0.660907 0.000000 0.750468 1.000000 1.000000 1.000000
5925.994141 0.000000 2977.145264 0.000000 0.275664 0.000000 0.961254 1.000000 1.000000 1.000000
5922.773926 0.000000 3001.918701 0.000000 0.688873 0.000000 0.724882 1.000000 1.000000 1.000000
5938.065430 0.000000 2992.147949 0.000000 0.547000 0.000000 0.837133 1.000000 1.000000 1.000000
5933.125977 0.000000 2979.924072 0.000000 0.689575 0.000000 0.724214 1.000000 1.000000 1.000000
5937.701172 0.000000 2984.095947 0.000000 0.742261 0.000000 0.670110 1.000000 1.000000 1.000000
5988.262207 0.000000 3005.486328 0.000000 0.757785 0.000000 0.652504 1.000000 1.000000 1.000000
6012.507324 0.000000 2993.855713 0.000000 0.557082 0.000000 0.830458 1.000000 1.000000 1.000000
6012.058105 0.000000 3006.746582 0.000000 0.586071 0.000000 0.810260 1.000000 1.000000 1.000000
6015.046387 0.000000 2988.584473 0.000000 0.525564 0.000000 0.850754 1.000000 1.000000 1.000000
5988.725098 0.000000 2981.772705 0.000000 0.088987 0.000000 0.996033 1.000000 1.000000 1.000000
5995.899414 0.000000 2986.650635 0.000000 0.660315 0.000000 0.750989 1.000000 1.000000 1.000000
5986.766113 0.000000 3001.918701 0.000000 0.107704 0.000000 0.994183 1.000000 1.000000 1.000000
6013.348145 0.000000 2980.416260 0.000000 0.445784 0.000000 0.895141 1.000000 1.000000 1.000000
5993.409668 0.000000 2978.545166 0.000000 0.395110 0.000000 0.918634 1.000000 1.000000 1.000000
5997.050293 0.000000 2984.100586 0.000000 0.691583 0.000000 0.722297 1.000000 1.000000 1.000000
5989.192383 0.000000 3002.819092 0.000000 0.617862 0.000000 0.786286 1.000000 1.000000 1.000000
5957.778320 0.000000 2993.525879 0.000000 0.433774 0.000000 0.901022 1.000000 1.000000 1.000000
5988.696777 0.000000 3000.395508 0.000000 0.617627 0.000000 0.786471 1.000000 1.000000 1.000000
6011.444336 0.000000 2981.788818 0.000000 0.388197 0.000000 0.921576 1.000000 1.000000 1.000000
5993.687012 0.000000 2982.629150 0.000000 0.009094 0.000000 0.999959 1.000000 1.000000 1.000000
6015.565430 0.000000 2933.070068 0.000000 0.219064 0.000000 0.975710 1.000000 1.000000 1.000000
6076.499512 0.000000 2946.613525 0.000000 0.266781 0.000000 0.963757 1.000000 1.000000 1.000000
6044.502930 0.000000 2961.843506 0.000000 0.355873 0.000000 0.934534 1.000000 1.000000 1.000000
6053.978516 0.000000 2929.903076 0.000000 0.726227 0.000000 0.687455 1.000000 1.000000 1.000000
6021.811523 0.000000 2934.547119 0.000000 0.315644 0.000000 0.948878 1.000000 1.000000 1.000000
6074.491699 0.000000 2942.214111 0.000000 0.535130 0.000000 0.844770 1.000000 1.000000 1.000000
6044.257324 0.000000 2957.963135 0.000000 0.525544 0.000000 0.850767 1.000000 1.000000 1.000000
6042.837891 0.000000 2964.736084 0.000000 0.475185 0.000000 0.879886 1.000000 1.000000 1.000000
6048.477539 0.000000 2953.584473 0.000000 0.028261 0.000000 0.999601 1.000000 1.000000 1.000000
6078.695801 0.000000 2945.324463 0.000000 0.186061 0.000000 0.982538 1.000000 1.000000 1.000000
6075.111816 0.000000 2944.802734 0.000000 0.471701 0.000000 0.881759 1.000000 1.000000 1.000000
6096.617676 0.000000 2948.335938 0.000000 0.543841 0.000000 0.839188 1.000000 1.000000 1.000000
6038.541992 0.000000 2988.123535 0.000000 0.332808 0.000000 0.942995 1.000000 1.000000 1.000000
6035.096191 0.000000 2999.506592 0.000000 0.477649 0.000000 0.878551 1.000000 1.000000 1.000000
6044.941895 0.000000 2986.097412 0.000000 0.531139 0.000000 0.847285 1.000000 1.000000 1.000000
6055.684082 0.000000 3000.902588 0.000000 0.014323 0.000000 0.999897 1.000000 1.000000 1.000000
6047.009766 0.000000 3003.039795 0.000000 0.554140 0.000000 0.832424 1.000000 1.000000 1.000000
6040.621094 0.000000 3005.159424 0.000000 0.524583 0.000000 0.851359 1.000000 1.000000 1.000000
6036.826172 0.000000 2994.155762 0.000000 0.595705 0.000000 0.803203 1.000000 1.000000 1.000000
6043.518066 0.000000 2989.939453 0.000000 0.032933 0.000000 0.999458 1.000000 1.000000 1.000000
6038.581055 0.000000 3001.780029 0.000000 0.163214 0.000000 0.986591 1.000000 1.000000 1.000000
6045.529785 0.000000 3017.741455 0.000000 0.449198 0.000000 0.893432 1.000000 1.000000 1.000000
6030.062012 0.000000 2985.544189 0.000000 0.346953 0.000000 0.937882 1.000000 1.000000 1.000000
6023.724609 0.000000 2984.795898 0.000000 0.710157 0.000000 0.704044 1.000000 1.000000 1.000000
6060.400879 0.000000 3008.440430 0.000000 0.265684 0.000000 0.964060 1.000000 1.000000 1.000000
6038.213867 0.000000 2981.520752 0.000000 0.704774 0.000000 0.709432 1.000000 1.000000 1.000000
6041.357910 0.000000 2988.274658 0.000000 0.369991 0.000000 0.929035 1.000000 1.000000 1.000000
6019.376465 0.000000 2994.061768 0.000000 0.452302 0.000000 0.891865 1.000000 1.000000 1.000000
6018.347168 0.000000 3000.918945 0.000000 0.697102 0.000000 0.716972 1.000000 1.000000 1.000000
6052.688965 0.000000 3000.395508 0.000000 0.726649 0.000000 0.687009 1.000000 1.000000 1.000000
6056.060059 0.000000 3017.463623 0.000000 0.285832 0.000000 0.958280 1.000000 1.000000 1.000000
6024.598633 0.000000 2987.027588 0.000000 0.503270 0.000000 0.864129 1.000000 1.000000 1.000000
6040.208008 0.000000 3003.156006 0.000000 0.435839 0.000000 0.900025 1.000000 1.000000 1.000000
6038.862793 0.000000 3004.458496 0.000000 0.309934 0.000000 0.950758 1.000000 1.000000 1.000000
6046.718262 0.000000 3001.202148 0.000000 0.749498 0.000000 0.662007 1.000000 1.000000 1.000000
6044.918945 0.000000 2991.062012 0.000000 0.626563 0.000000 0.779371 1.000000 1.000000 1.000000
6036.082520 0.000000 3005.102051 0.000000 0.725493 0.000000 0.688230 1.000000 1.000000 1.000000
6049.521973 0.000000 3017.928223 0.000000 0.706499 0.000000 0.707714 1.000000 1.000000 1.000000
6023.524902 0.000000 2981.655518 0.000000 0.345576 0.000000 0.938391 1.000000 1.000000 1.000000
6021.204590 0.000000 2980.263672 0.000000 0.073856 0.000000 0.997269 1.000000 1.000000 1.000000
6108.249512 0.000000 3005.205322 0.000000 0.614113 0.000000 0.789218 1.000000 1.000000 1.000000
6106.248047 0.000000 3002.790283 0.000000 0.429019 0.000000 0.903295 1.000000 1.000000 1.000000
6080.751953 0.000000 2982.182129 0.000000 0.098820 0.000000 0.995105 1.000000 1.000000 1.000000
6197.386230 0.000000 1916.350098 0.000000 0.680069 0.000000 0.733148 1.000000 1.000000 1.000000
6185.226074 0.000000 1976.037354 0.000000 0.124037 0.000000 0.992278 1.000000 1.000000 1.000000
6185.770996 0.000000 1971.032715 0.000000 0.330084 0.000000 0.943952 1.000000 1.000000 1.000000
6187.667480 0.000000 1971.034790 0.000000 0.347525 0.000000 0.937671 1.000000 1.000000 1.000000
6282.227051 0.000000 1980.765991 0.000000 0.374856 0.000000 0.927083 1.000000 1.000000 1.000000
6295.971680 0.000000 1977.218994 0.000000 0.566489 0.000000 0.824069 1.000000 1.000000 1.000000
6164.581055 0.000000 1991.829834 0.000000 0.116545 0.000000 0.993185 1.000000 1.000000 1.000000
6172.256348 0.000000 2030.663940 0.000000 0.274048 0.000000 0.961716 1.000000 1.000000 1.000000
6146.011719 0.000000 2003.087158 0.000000 0.741832 0.000000 0.670586 1.000000 1.000000 1.000000
6147.080566 0.000000 1998.300171 0.000000 0.739014 0.000000 0.673690 1.000000 1.000000 1.000000
6167.510254 0.000000 1990.371704 0.000000 0.597553 0.000000 0.801829 1.000000 1.000000 1.000000
6152.219727 0.000000 2020.047729 0.000000 0.636042 0.000000 0.771655 1.000000 1.000000 1.000000
6159.735352 0.000000 2008.240967 0.000000 0.261606 0.000000 0.965175 1.000000 1.000000 1.000000
6187.817383 0.000000 2031.410156 0.000000 0.377668 0.000000 0.925941 1.000000 1.000000 1.000000
6215.258301 0.000000 2026.214355 0.000000 0.298926 0.000000 0.954276 1.000000 1.000000 1.000000
6215.246094 0.000000 2029.768066 0.000000 0.529471 0.000000 0.848328 1.000000 1.000000 1.000000
6245.123047 0.000000 2004.320435 0.000000 0.094942 0.000000 0.995483 1.000000 1.000000 1.000000
6253.212891 0.000000 2009.035767 0.000000 0.636985 0.000000 0.770876 1.000000 1.000000 1.000000
6265.755859 0.000000 1993.166504 0.000000 0.562437 0.000000 0.826840 1.000000 1.000000 1.000000
6163.509766 0.000000 2031.528931 0.000000 0.481186 0.000000 0.876619 1.000000 1.000000 1.000000
6186.493164 0.000000 2031.571899 0.000000 0.264551 0.000000 0.964372 1.000000 1.000000 1.000000
6203.420898 0.000000 2036.944946 0.000000 0.467916 0.000000 0.883773 1.000000 1.000000 1.000000
6160.721191 0.000000 2033.789185 0.000000 0.658334 0.000000 0.752726 1.000000 1.000000 1.000000
6183.505371 0.000000 2052.598389 0.000000 0.473262 0.000000 0.880922 1.000000 1.000000 1.000000
6174.640625 0.000000 2042.230835 0.000000 0.372156 0.000000 0.928170 1.000000 1.000000 1.000000
6239.733398 0.000000 2046.174805 0.000000 0.481748 0.000000 0.876310 1.000000 1.000000 1.000000
6236.571777 0.000000 2037.579834 0.000000 0.593121 0.000000 0.805114 1.000000 1.000000 1.000000
6214.278809 0.000000 2045.508179 0.000000 0.625630 0.000000 0.780120 1.000000 1.000000 1.000000
6258.608887 0.000000 2049.622803 0.000000 0.337704 0.000000 0.941252 1.000000 1.000000 1.000000
6257.733398 0.000000 2043.122314 0.000000 0.697294 0.000000 0.716785 1.000000 1.000000 1.000000
6301.369629 0.000000 2021.481934 0.000000 0.455367 0.000000 0.890304 1.000000 1.000000 1.000000
6294.897949 0.000000 1999.411377 0.000000 0.455806 0.000000 0.890079 1.000000 1.000000 1.000000
6279.193848 0.000000 2004.354004 0.000000 0.433877 0.000000 0.900972 1.000000 1.000000 1.000000
6282.793457 0.000000 2031.323120 0.000000 0.470262 0.000000 0.882527 1.000000 1.000000 1.000000
6295.494629 0.000000 1990.371704 0.000000 0.108845 0.000000 0.994059 1.000000 1.000000 1.000000
6280.392090 0.000000 2005.144775 0.000000 0.275101 0.000000 0.961415 1.000000 1.000000 1.000000
6280.578125 0.000000 2000.483521 0.000000 0.631419 0.000000 0.775442 1.000000 1.000000 1.000000
6294.704102 0.000000 1988.419556 0.000000 0.181096 0.000000 0.983465 1.000000 1.000000 1.000000
6359.626465 0.000000 1985.948486 0.000000 0.067592 0.000000 0.997713 1.000000 1.000000 1.000000
6368.749512 0.000000 2002.587036 0.000000 0.354719 0.000000 0.934973 1.000000 1.000000 1.000000
6354.449219 0.000000 2004.292725 0.000000 0.085611 0.000000 0.996329 1.000000 1.000000 1.000000
6387.688477 0.000000 2023.821289 0.000000 0.034946 0.000000 0.999389 1.000000 1.000000 1.000000
6282.676758 0.000000 2033.109741 0.000000 0.519654 0.000000 0.854377 1.000000 1.000000 1.000000
6276.453125 0.000000 2051.766602 0.000000 0.463546 0.000000 0.886073 1.000000 1.000000 1.000000
6312.880859 0.000000 2044.363037 0.000000 0.734177 0.000000 0.678958 1.000000 1.000000 1.000000
6308.488281 0.000000 2067.392578 0.000000 0.161073 0.000000 0.986943 1.000000 1.000000 1.000000
6293.495117 0.000000 2045.476318 0.000000 0.184233 0.000000 0.982882 1.000000 1.000000 1.000000
6280.204102 0.000000 2067.290039 0.000000 0.555613 0.000000 0.831441 1.000000 1.000000 1.000000
6312.595703 0.000000 2066.458984 0.000000 0.700673 0.000000 0.713483 1.000000 1.000000 1.000000
6276.367676 0.000000 2048.213867 0.000000 0.593710 0.000000 0.804679 1.000000 1.000000 1.000000
6318.249512 0.000000 2039.850342 0.000000 0.009185 0.000000 0.999958 1.000000 1.000000 1.000000
6279.620117 0.000000 2041.245483 0.000000 0.163352 0.000000 0.986568 1.000000 1.000000 1.000000
6338.021973 0.000000 2058.769043 0.000000 0.479415 0.000000 0.877588 1.000000 1.000000 1.000000
6337.742676 0.000000 2065.049316 0.000000 0.281880 0.000000 0.959450 1.000000 1.000000 1.000000
6412.953125 0.000000 2017.841431 0.000000 0.043514 0.000000 0.999053 1.000000 1.000000 1.000000
6495.702148 0.000000 1998.932617 0.000000 0.774829 0.000000 0.632171 1.000000 1.000000 1.000000
6513.454590 0.000000 2028.208618 0.000000 0.579601 0.000000 0.814901 1.000000 1.000000 1.000000
6489.303223 0.000000 1996.188477 0.000000 0.102733 0.000000 0.994709 1.000000 1.000000 1.000000
6510.766602 0.000000 2031.354126 0.000000 0.040924 0.000000 0.999162 1.000000 1.000000 1.000000
6517.347168 0.000000 2010.834473 0.000000 0.212113 0.000000 0.977245 1.000000 1.000000 1.000000
6494.634766 0.000000 2026.607544 0.000000 0.012714 0.000000 0.999919 1.000000 1.000000 1.000000
6434.355469 0.000000 2041.105103 0.000000 0.195798 0.000000 0.980644 1.000000 1.000000 1.000000
6417.186523 0.000000 2040.356689 0.000000 0.366528 0.000000 0.930407 1.000000 1.000000 1.000000
6437.067871 0.000000 2039.631592 0.000000 0.257580 0.000000 0.966257 1.000000 1.000000 1.000000
6435.156738 0.000000 2039.249146 0.000000 0.214799 0.000000 0.976658 1.000000 1.000000 1.000000
6412.477539 0.000000 2041.789551 0.000000 0.178023 0.000000 0.984026 1.000000 1.000000 1.000000
6415.104004 0.000000 2043.997437 0.000000 0.678635 0.000000 0.734476 1.000000 1.000000 1.000000
6472.166992 0.000000 2049.127197 0.000000 0.555456 0.000000 0.831546 1.000000 1.000000 1.000000
6515.331543 0.000000 2040.752930 0.000000 0.500483 0.000000 0.865746 1.000000 1.000000 1.000000
6528.896484 0.000000 2028.550659 0.000000 0.488066 0.000000 0.872807 1.000000 1.000000 1.000000
6530.139648 0.000000 2070.484375 0.000000 0.420137 0.000000 0.907461 1.000000 1.000000 1.000000
6533.653320 0.000000 2031.658203 0.000000 0.085925 0.000000 0.996302 1.000000 1.000000 1.000000
6653.275391 0.000000 2074.997559 0.000000 0.314774 0.000000 0.949167 1.000000 1.000000 1.000000
6223.357422 0.000000 2105.456543 0.000000 0.152183 0.000000 0.988352 1.000000 1.000000 1.000000
6213.682129 0.000000 2110.116699 0.000000 0.369289 0.000000 0.929315 1.000000 1.000000 1.000000
6231.622559 0.000000 2123.478271 0.000000 0.518083 0.000000 0.855330 1.000000 1.000000 1.000000
6231.651855 0.000000 2122.156250 0.000000 0.541935 0.000000 0.840420 1.000000 1.000000 1.000000
6234.086914 0.000000 2117.495361 0.000000 0.176768 0.000000 0.984253 1.000000 1.000000 1.000000
6209.351074 0.000000 2104.966553 0.000000 0.774277 0.000000 0.632847 1.000000 1.000000 1.000000
6157.065430 0.000000 2172.829346 0.000000 0.711138 0.000000 0.703052 1.000000 1.000000 1.000000
6165.433105 0.000000 2149.208984 0.000000 0.173904 0.000000 0.984763 1.000000 1.000000 1.000000
6226.419434 0.000000 2163.578857 0.000000 0.239550 0.000000 0.970884 1.000000 1.000000 1.000000
6228.708008 0.000000 2162.247070 0.000000 0.670330 0.000000 0.742063 1.000000 1.000000 1.000000
6229.694336 0.000000 2132.559814 0.000000 0.454354 0.000000 0.890821 1.000000 1.000000 1.000000
6314.477539 0.000000 2078.814209 0.000000 0.662128 0.000000 0.749391 1.000000 1.000000 1.000000
6279.250488 0.000000 2120.698730 0.000000 0.029153 0.000000 0.999575 1.000000 1.000000 1.000000
6278.292480 0.000000 2119.642334 0.000000 0.704995 0.000000 0.709212 1.000000 1.000000 1.000000
6313.167969 0.000000 2079.553711 0.000000 0.342291 0.000000 0.939594 1.000000 1.000000 1.000000
6288.606934 0.000000 2099.437256 0.000000 0.343898 0.000000 0.939007 1.000000 1.000000 1.000000
6376.050781 0.000000 2088.058594 0.000000 0.203061 0.000000 0.979166 1.000000 1.000000 1.000000
6352.048828 0.000000 2084.881348 0.000000 0.502752 0.000000 0.864431 1.000000 1.000000 1.000000
6335.233887 0.000000 2117.360352 0.000000 0.452843 0.000000 0.891590 1.000000 1.000000 1.000000
6362.997070 0.000000 2094.524170 0.000000 0.343164 0.000000 0.939276 1.000000 1.000000 1.000000
6366.321289 0.000000 2094.162598 0.000000 0.233865 0.000000 0.972269 1.000000 1.000000 1.000000
6334.453125 0.000000 2127.756836 0.000000 0.526281 0.000000 0.850311 1.000000 1.000000 1.000000
6327.569336 0.000000 2148.239990 0.000000 0.438387 0.000000 0.898786 1.000000 1.000000 1.000000
6323.210449 0.000000 2154.713135 0.000000 0.259524 0.000000 0.965737 1.000000 1.000000 1.000000
6326.094238 0.000000 2149.223633 0.000000 0.194331 0.000000 0.980936 1.000000 1.000000 1.000000
6289.661133 0.000000 2144.154053 0.000000 0.445546 0.000000 0.895259 1.000000 1.000000 1.000000
6330.103516 0.000000 2130.889160 0.000000 0.655882 0.000000 0.754864 1.000000 1.000000 1.000000
6350.500977 0.000000 2145.288818 0.000000 0.566496 0.000000 0.824064 1.000000 1.000000 1.000000
6366.606934 0.000000 2132.214600 0.000000 0.262824 0.000000 0.964844 1.000000 1.000000 1.000000
6359.678223 0.000000 2139.363525 0.000000 0.651674 0.000000 0.758499 1.000000 1.000000 1.000000
6354.531250 0.000000 2138.544434 0.000000 0.060525 0.000000 0.998167 1.000000 1.000000 1.000000
6340.359863 0.000000 2142.698242 0.000000 0.345373 0.000000 0.938465 1.000000 1.000000 1.000000
6340.710449 0.000000 2143.757324 0.000000 0.165189 0.000000 0.986262 1.000000 1.000000 1.000000
6177.702637 0.000000 2195.088623 0.000000 0.224406 0.000000 0.974496 1.000000 1.000000 1.000000
6162.366699 0.000000 2190.045898 0.000000 0.489281 0.000000 0.872126 1.000000 1.000000 1.000000
6167.073730 0.000000 2202.991211 0.000000 0.764540 0.000000 0.644576 1.000000 1.000000 1.000000
6257.485840 0.000000 2217.177490 0.000000 0.639896 0.000000 0.768462 1.000000 1.000000 1.000000
6261.378418 0.000000 2211.940674 0.000000 0.046946 0.000000 0.998897 1.000000 1.000000 1.000000
6257.160645 0.000000 2202.616943 0.000000 0.527970 0.000000 0.849263 1.000000 1.000000 1.000000
6267.586914 0.000000 2201.418457 0.000000 0.409908 0.000000 0.912127 1.000000 1.000000 1.000000
6258.609375 0.000000 2206.289307 0.000000 0.054551 0.000000 0.998511 1.000000 1.000000 1.000000
6254.007324 0.000000 2201.834961 0.000000 0.601176 0.000000 0.799117 1.000000 1.000000 1.000000
6259.432617 0.000000 2218.009033 0.000000 0.411907 0.000000 0.911226 1.000000 1.000000 1.000000
6235.700684 0.000000 2199.512207 0.000000 0.610444 0.000000 0.792060 1.000000 1.000000 1.000000
6257.820801 0.000000 2205.238525 0.000000 0.177098 0.000000 0.984193 1.000000 1.000000 1.000000
6237.849121 0.000000 2199.224121 0.000000 0.558633 0.000000 0.829415 1.000000 1.000000 1.000000
6257.920410 0.000000 2219.851074 0.000000 0.560656 0.000000 0.828049 1.000000 1.000000 1.000000
6144.448242 0.000000 2267.333496 0.000000 0.034460 0.000000 0.999406 1.000000 1.000000 1.000000
6183.213379 0.000000 2248.531006 0.000000 0.098371 0.000000 0.995150 1.000000 1.000000 1.000000
6166.457520 0.000000 2264.346924 0.000000 0.055800 0.000000 0.998442 1.000000 1.000000 1.000000
6154.809082 0.000000 2267.534180 0.000000 0.447800 0.000000 0.894134 1.000000 1.000000 1.000000
6253.820801 0.000000 2246.642822 0.000000 0.243652 0.000000 0.969863 1.000000 1.000000 1.000000
6222.038574 0.000000 2229.669189 0.000000 0.682812 0.000000 0.730594 1.000000 1.000000 1.000000
6263.577148 0.000000 2242.724365 0.000000 0.665081 0.000000 0.746771 1.000000 1.000000 1.000000
6234.876465 0.000000 2225.225098 0.000000 0.690637 0.000000 0.723201 1.000000 1.000000 1.000000
6232.526855 0.000000 2240.334473 0.000000 0.516942 0.000000 0.856020 1.000000 1.000000 1.000000
6267.458984 0.000000 2264.381836 0.000000 0.577645 0.000000 0.816288 1.000000 1.000000 1.000000
6252.899414 0.000000 2240.151367 0.000000 0.777367 0.000000 0.629048 1.000000 1.000000 1.000000
6223.127441 0.000000 2232.966309 0.000000 0.649549 0.000000 0.760320 1.000000 1.000000 1.000000
6252.071777 0.000000 2247.659912 0.000000 0.652486 0.000000 0.757801 1.000000 1.000000 1.000000
6256.932617 0.000000 2222.181885 0.000000 0.746930 0.000000 0.664903 1.000000 1.000000 1.000000
6253.212891 0.000000 2245.246826 0.000000 0.718579 0.000000 0.695445 1.000000 1.000000 1.000000
6233.468262 0.000000 2255.381592 0.000000 0.229977 0.000000 0.973196 1.000000 1.000000 1.000000
6256.571289 0.000000 2223.535156 0.000000 0.780997 0.000000 0.624535 1.000000 1.000000 1.000000
6258.071289 0.000000 2229.505127 0.000000 0.726474 0.000000 0.687194 1.000000 1.000000 1.000000
6256.333008 0.000000 2227.744629 0.000000 0.358229 0.000000 0.933634 1.000000 1.000000 1.000000
6299.486816 0.000000 2186.822266 0.000000 0.458080 0.000000 0.888911 1.000000 1.000000 1.000000
6313.055176 0.000000 2194.834961 0.000000 0.515049 0.000000 0.857161 1.000000 1.000000 1.000000
6281.350098 0.000000 2212.389404 0.000000 0.654624 0.000000 0.755954 1.000000 1.000000 1.000000
6324.886230 0.000000 2179.194824 0.000000 0.731665 0.000000 0.681664 1.000000 1.000000 1.000000
6294.441895 0.000000 2217.104736 0.000000 0.106731 0.000000 0.994288 1.000000 1.000000 1.000000
6282.813965 0.000000 2213.390869 0.000000 0.490552 0.000000 0.871412 1.000000 1.000000 1.000000
6280.170410 0.000000 2213.666016 0.000000 0.651950 0.000000 0.758262 1.000000 1.000000 1.000000
6293.424316 0.000000 2215.551514 0.000000 0.181553 0.000000 0.983381 1.000000 1.000000 1.000000
6317.999512 0.000000 2201.834961 0.000000 0.392050 0.000000 0.919944 1.000000 1.000000 1.000000
6294.840332 0.000000 2214.909180 0.000000 0.598199 0.000000 0.801348 1.000000 1.000000 1.000000
6280.976562 0.000000 2210.988770 0.000000 0.598850 0.000000 0.800861 1.000000 1.000000 1.000000
6325.908691 0.000000 2181.422363 0.000000 0.213441 0.000000 0.976956 1.000000 1.000000 1.000000
6298.523438 0.000000 2187.752197 0.000000 0.287688 0.000000 0.957724 1.000000 1.000000 1.000000
6323.693359 0.000000 2178.826660 0.000000 0.184765 0.000000 0.982783 1.000000 1.000000 1.000000
6296.014160 0.000000 2187.803223 0.000000 0.407536 0.000000 0.913189 1.000000 1.000000 1.000000
6299.690918 0.000000 2188.057617 0.000000 0.124653 0.000000 0.992200 1.000000 1.000000 1.000000
6299.110840 0.000000 2215.167725 0.000000 0.700630 0.000000 0.713525 1.000000 1.000000 1.000000
6385.770508 0.000000 2200.382080 0.000000 0.637952 0.000000 0.770076 1.000000 1.000000 1.000000
6373.075684 0.000000 2181.358154 0.000000 0.312462 0.000000 0.949930 1.000000 1.000000 1.000000
6348.944336 0.000000 2173.860840 0.000000 0.386056 0.000000 0.922475 1.000000 1.000000 1.000000
6367.990234 0.000000 2195.855957 0.000000 0.288006 0.000000 0.957629 1.000000 1.000000 1.000000
6367.107422 0.000000 2192.046387 0.000000 0.044191 0.000000 0.999023 1.000000 1.000000 1.000000
6380.059570 0.000000 2214.734131 0.000000 0.686719 0.000000 0.726923 1.000000 1.000000 1.000000
6380.817871 0.000000 2215.811279 0.000000 0.104767 0.000000 0.994497 1.000000 1.000000 1.000000
6275.332520 0.000000 2242.769287 0.000000 0.077725 0.000000 0.996975 1.000000 1.000000 1.000000
6324.062988 0.000000 2257.379395 0.000000 0.462119 0.000000 0.886818 1.000000 1.000000 1.000000
6310.299805 0.000000 2236.195068 0.000000 0.319401 0.000000 0.947620 1.000000 1.000000 1.000000
6272.929688 0.000000 2245.738281 0.000000 0.663659 0.000000 0.748035 1.000000 1.000000 1.000000
6330.501465 0.000000 2250.907227 0.000000 0.226415 0.000000 0.974031 1.000000 1.000000 1.000000
6313.486328 0.000000 2240.630615 0.000000 0.595420 0.000000 0.803415 1.000000 1.000000 1.000000
6297.970703 0.000000 2233.737793 0.000000 0.609443 0.000000 0.792830 1.000000 1.000000 1.000000
6309.629395 0.000000 2239.081055 0.000000 0.621194 0.000000 0.783657 1.000000 1.000000 1.000000
6325.908691 0.000000 2228.664551 0.000000 0.609394 0.000000 0.792868 1.000000 1.000000 1.000000
6313.872559 0.000000 2242.925049 0.000000 0.703095 0.000000 0.711095 1.000000 1.000000 1.000000
6364.679199 0.000000 2245.804688 0.000000 0.400214 0.000000 0.916422 1.000000 1.000000 1.000000
6374.617676 0.000000 2240.122559 0.000000 0.231838 0.000000 0.972754 1.000000 1.000000 1.000000
6340.891602 0.000000 2259.325684 0.000000 0.692162 0.000000 0.721742 1.000000 1.000000 1.000000
6339.358887 0.000000 2258.451660 0.000000 0.673988 0.000000 0.738743 1.000000 1.000000 1.000000
6344.611816 0.000000 2245.922852 0.000000 0.664888 0.000000 0.746943 1.000000 1.000000 1.000000
6344.525879 0.000000 2244.324219 0.000000 0.215172 0.000000 0.976576 1.000000 1.000000 1.000000
6526.983887 0.000000 2090.982910 0.000000 0.316537 0.000000 0.948580 1.000000 1.000000 1.000000
6488.509277 0.000000 2112.324219 0.000000 0.503130 0.000000 0.864211 1.000000 1.000000 1.000000
6480.365234 0.000000 2113.094971 0.000000 0.168711 0.000000 0.985666 1.000000 1.000000 1.000000
6517.041504 0.000000 2100.594727 0.000000 0.016540 0.000000 0.999863 1.000000 1.000000 1.000000
6494.735840 0.000000 2113.393555 0.000000 0.034234 0.000000 0.999414 1.000000 1.000000 1.000000
6496.302246 0.000000 2115.949219 0.000000 0.192888 0.000000 0.981221 1.000000 1.000000 1.000000
6526.108887 0.000000 2085.355713 0.000000 0.309925 0.000000 0.950761 1.000000 1.000000 1.000000
6483.470703 0.000000 2126.013428 0.000000 0.511426 0.000000 0.859327 1.000000 1.000000 1.000000
6464.490234 0.000000 2143.733398 0.000000 0.199361 0.000000 0.979926 1.000000 1.000000 1.000000
6516.857422 0.000000 2129.169922 0.000000 0.587460 0.000000 0.809253 1.000000 1.000000 1.000000
6471.669922 0.000000 2134.436523 0.000000 0.420303 0.000000 0.907384 1.000000 1.000000 1.000000
6543.082520 0.000000 2125.512939 0.000000 0.002619 0.000000 0.999997 1.000000 1.000000 1.000000
6549.393066 0.000000 2121.067139 0.000000 0.388490 0.000000 0.921453 1.000000 1.000000 1.000000
6612.390625 0.000000 2111.531006 0.000000 0.656516 0.000000 0.754312 1.000000 1.000000 1.000000
6641.321777 0.000000 2078.812256 0.000000 0.502316 0.000000 0.864684 1.000000 1.000000 1.000000
6624.718262 0.000000 2097.071533 0.000000 0.156855 0.000000 0.987622 1.000000 1.000000 1.000000
6620.062012 0.000000 2100.659180 0.000000 0.010194 0.000000 0.999948 1.000000 1.000000 1.000000
6613.065918 0.000000 2106.189209 0.000000 0.196312 0.000000 0.980541 1.000000 1.000000 1.000000
6637.047852 0.000000 2090.786133 0.000000 0.607933 0.000000 0.793988 1.000000 1.000000 1.000000
6614.792480 0.000000 2106.856934 0.000000 0.370171 0.000000 0.928964 1.000000 1.000000 1.000000
6622.068848 0.000000 2100.051270 0.000000 0.759352 0.000000 0.650680 1.000000 1.000000 1.000000
6643.445801 0.000000 2081.397217 0.000000 0.365550 0.000000 0.930792 1.000000 1.000000 1.000000
6560.990234 0.000000 2165.900635 0.000000 0.721802 0.000000 0.692099 1.000000 1.000000 1.000000
6581.335938 0.000000 2154.378418 0.000000 0.412038 0.000000 0.911167 1.000000 1.000000 1.000000
6540.315918 0.000000 2128.301025 0.000000 0.354775 0.000000 0.934952 1.000000 1.000000 1.000000
6542.562012 0.000000 2126.014404 0.000000 0.262474 0.000000 0.964939 1.000000 1.000000 1.000000
6604.524902 0.000000 2165.761963 0.000000 0.170201 0.000000 0.985409 1.000000 1.000000 1.000000
6604.929688 0.000000 2159.568115 0.000000 0.461565 0.000000 0.887106 1.000000 1.000000 1.000000
6455.693848 0.000000 2200.538574 0.000000 0.751700 0.000000 0.659505 1.000000 1.000000 1.000000
6445.071289 0.000000 2185.270508 0.000000 0.355221 0.000000 0.934782 1.000000 1.000000 1.000000
6472.166992 0.000000 2190.854004 0.000000 0.181896 0.000000 0.983318 1.000000 1.000000 1.000000
6493.508789 0.000000 2192.826660 0.000000 0.298842 0.000000 0.954303 1.000000 1.000000 1.000000
6506.976562 0.000000 2193.258301 0.000000 0.137081 0.000000 0.990560 1.000000 1.000000 1.000000
6502.746094 0.000000 2185.732666 0.000000 0.410655 0.000000 0.911791 1.000000 1.000000 1.000000
6496.840820 0.000000 2189.430176 0.000000 0.614659 0.000000 0.788793 1.000000 1.000000 1.000000
6496.150879 0.000000 2226.318359 0.000000 0.651501 0.000000 0.758648 1.000000 1.000000 1.000000
6540.824219 0.000000 2190.523438 0.000000 0.399422 0.000000 0.916767 1.000000 1.000000 1.000000
6579.496582 0.000000 2190.304199 0.000000 0.504106 0.000000 0.863642 1.000000 1.000000 1.000000
6549.463867 0.000000 2187.203125 0.000000 0.454498 0.000000 0.890748 1.000000 1.000000 1.000000
6647.835449 0.000000 2217.418213 0.000000 0.502638 0.000000 0.864497 1.000000 1.000000 1.000000
6528.482422 0.000000 2238.217773 0.000000 0.193409 0.000000 0.981118 1.000000 1.000000 1.000000
6530.284668 0.000000 2245.043945 0.000000 0.202268 0.000000 0.979330 1.000000 1.000000 1.000000
6639.585938 0.000000 2228.862305 0.000000 0.487004 0.000000 0.873400 1.000000 1.000000 1.000000
6660.566895 0.000000 2068.570557 0.000000 0.745116 0.000000 0.666935 1.000000 1.000000 1.000000
6660.300781 0.000000 2071.973877 0.000000 0.601147 0.000000 0.799139 1.000000 1.000000 1.000000
6715.669922 0.000000 2181.032715 0.000000 0.595708 0.000000 0.803201 1.000000 1.000000 1.000000
6716.406738 0.000000 2182.503662 0.000000 0.444221 0.000000 0.895917 1.000000 1.000000 1.000000
6719.183105 0.000000 2215.509766 0.000000 0.348837 0.000000 0.937183 1.000000 1.000000 1.000000
6719.221191 0.000000 2185.251465 0.000000 0.034678 0.000000 0.999399 1.000000 1.000000 1.000000
6714.899414 0.000000 2229.879639 0.000000 0.648523 0.000000 0.761195 1.000000 1.000000 1.000000
6712.875977 0.000000 2222.420410 0.000000 0.346150 0.000000 0.938179 1.000000 1.000000 1.000000
6717.134766 0.000000 2228.246582 0.000000 0.753721 0.000000 0.657195 1.000000 1.000000 1.000000
6741.362793 0.000000 2243.693359 0.000000 0.284703 0.000000 0.958616 1.000000 1.000000 1.000000
6814.515137 0.000000 2259.727783 0.000000 0.387728 0.000000 0.921774 1.000000 1.000000 1.000000
6819.314941 0.000000 2259.843750 0.000000 0.657685 0.000000 0.753293 1.000000 1.000000 1.000000
6789.699219 0.000000 2253.468262 0.000000 0.221772 0.000000 0.975099 1.000000 1.000000 1.000000
6789.611816 0.000000 2251.843262 0.000000 0.465027 0.000000 0.885297 1.000000 1.000000 1.000000
6167.649902 0.000000 2269.401611 0.000000 0.552844 0.000000 0.833285 1.000000 1.000000 1.000000
6146.735840 0.000000 2268.027832 0.000000 0.132355 0.000000 0.991202 1.000000 1.000000 1.000000
6166.205566 0.000000 2267.645264 0.000000 0.409639 0.000000 0.912248 1.000000 1.000000 1.000000
6270.762695 0.000000 2302.876465 0.000000 0.315831 0.000000 0.948816 1.000000 1.000000 1.000000
6258.026367 0.000000 2283.515137 0.000000 0.643790 0.000000 0.765202 1.000000 1.000000 1.000000
6229.004395 0.000000 2287.900146 0.000000 0.238480 0.000000 0.971147 1.000000 1.000000 1.000000
6231.979492 0.000000 2307.914307 0.000000 0.482492 0.000000 0.875900 1.000000 1.000000 1.000000
6270.196289 0.000000 2304.558105 0.000000 0.426137 0.000000 0.904659 1.000000 1.000000 1.000000
6163.543457 0.000000 2325.468506 0.000000 0.391305 0.000000 0.920261 1.000000 1.000000 1.000000
6174.489258 0.000000 2343.722168 0.000000 0.482571 0.000000 0.875857 1.000000 1.000000 1.000000
6148.981934 0.000000 2350.135254 0.000000 0.724807 0.000000 0.688951 1.000000 1.000000 1.000000
6332.468262 0.000000 2285.222900 0.000000 0.370372 0.000000 0.928883 1.000000 1.000000 1.000000
6302.244629 0.000000 2268.406738 0.000000 0.246648 0.000000 0.969105 1.000000 1.000000 1.000000
6299.211914 0.000000 2275.766357 0.000000 0.247133 0.000000 0.968982 1.000000 1.000000 1.000000
6303.981934 0.000000 2269.935547 0.000000 0.280179 0.000000 0.959948 1.000000 1.000000 1.000000
6331.579102 0.000000 2295.902832 0.000000 0.359111 0.000000 0.933295 1.000000 1.000000 1.000000
6302.614746 0.000000 2273.941162 0.000000 0.486673 0.000000 0.873584 1.000000 1.000000 1.000000
6271.265625 0.000000 2302.184082 0.000000 0.748123 0.000000 0.663561 1.000000 1.000000 1.000000
6301.754883 0.000000 2269.445557 0.000000 0.763096 0.000000 0.646285 1.000000 1.000000 1.000000
6337.812012 0.000000 2280.629395 0.000000 0.355356 0.000000 0.934731 1.000000 1.000000 1.000000
6337.632812 0.000000 2277.819336 0.000000 0.743125 0.000000 0.669152 1.000000 1.000000 1.000000
6350.327148 0.000000 2285.479248 0.000000 0.346753 0.000000 0.937956 1.000000 1.000000 1.000000
6174.630371 0.000000 2368.425537 0.000000 0.626505 0.000000 0.779417 1.000000 1.000000 1.000000
6216.442383 0.000000 2384.585693 0.000000 0.383937 0.000000 0.923359 1.000000 1.000000 1.000000
6223.423340 0.000000 2390.482422 0.000000 0.073859 0.000000 0.997269 1.000000 1.000000 1.000000
6159.850098 0.000000 2426.477051 0.000000 0.535672 0.000000 0.844426 1.000000 1.000000 1.000000
6207.022949 0.000000 2421.678223 0.000000 0.206066 0.000000 0.978538 1.000000 1.000000 1.000000
6204.226074 0.000000 2420.208496 0.000000 0.681070 0.000000 0.732218 1.000000 1.000000 1.000000
6222.038574 0.000000 2418.637939 0.000000 0.530905 0.000000 0.847432 1.000000 1.000000 1.000000
6211.366699 0.000000 2454.788574 0.000000 0.529120 0.000000 0.848547 1.000000 1.000000 1.000000
6355.486328 0.000000 2409.466553 0.000000 0.113374 0.000000 0.993552 1.000000 1.000000 1.000000
6361.441406 0.000000 2426.759033 0.000000 0.183872 0.000000 0.982950 1.000000 1.000000 1.000000
6359.626465 0.000000 2411.128174 0.000000 0.670774 0.000000 0.741662 1.000000 1.000000 1.000000
6364.679199 0.000000 2434.773438 0.000000 0.779417 0.000000 0.626505 1.000000 1.000000 1.000000
6358.182129 0.000000 2409.371826 0.000000 0.361815 0.000000 0.932250 1.000000 1.000000 1.000000
6335.631348 0.000000 2425.340332 0.000000 0.706976 0.000000 0.707238 1.000000 1.000000 1.000000
6342.941406 0.000000 2425.255371 0.000000 0.105894 0.000000 0.994377 1.000000 1.000000 1.000000
6359.623047 0.000000 2409.636719 0.000000 0.006537 0.000000 0.999979 1.000000 1.000000 1.000000
6356.873047 0.000000 2409.934326 0.000000 0.383863 0.000000 0.923390 1.000000 1.000000 1.000000
6460.130859 0.000000 2309.637695 0.000000 0.386296 0.000000 0.922375 1.000000 1.000000 1.000000
6480.859375 0.000000 2307.975342 0.000000 0.041639 0.000000 0.999133 1.000000 1.000000 1.000000
6496.493652 0.000000 2280.785645 0.000000 0.559149 0.000000 0.829067 1.000000 1.000000 1.000000
6456.654785 0.000000 2356.418701 0.000000 0.125920 0.000000 0.992040 1.000000 1.000000 1.000000
6456.549316 0.000000 2357.863281 0.000000 0.748010 0.000000 0.663688 1.000000 1.000000 1.000000
6463.214355 0.000000 2357.236328 0.000000 0.616104 0.000000 0.787665 1.000000 1.000000 1.000000
6555.374023 0.000000 2312.333984 0.000000 0.779652 0.000000 0.626213 1.000000 1.000000 1.000000
6552.880859 0.000000 2306.145996 0.000000 0.294207 0.000000 0.955742 1.000000 1.000000 1.000000
6559.838379 0.000000 2298.302246 0.000000 0.710996 0.000000 0.703196 1.000000 1.000000 1.000000
6589.864746 0.000000 2288.216064 0.000000 0.440919 0.000000 0.897547 1.000000 1.000000 1.000000
6591.564453 0.000000 2297.982422 0.000000 0.188788 0.000000 0.982018 1.000000 1.000000 1.000000
6652.127441 0.000000 2307.577148 0.000000 0.633726 0.000000 0.773558 1.000000 1.000000 1.000000
6633.851074 0.000000 2298.094727 0.000000 0.405721 0.000000 0.913997 1.000000 1.000000 1.000000
6629.423340 0.000000 2308.077148 0.000000 0.339288 0.000000 0.940682 1.000000 1.000000 1.000000
6600.988281 0.000000 2313.364746 0.000000 0.109597 0.000000 0.993976 1.000000 1.000000 1.000000
6614.858887 0.000000 2282.864746 0.000000 0.236618 0.000000 0.971603 1.000000 1.000000 1.000000
6630.170410 0.000000 2310.467041 0.000000 0.211132 0.000000 0.977458 1.000000 1.000000 1.000000
6631.989746 0.000000 2308.830811 0.000000 0.665029 0.000000 0.746817 1.000000 1.000000 1.000000
6643.171387 0.000000 2296.439697 0.000000 0.376901 0.000000 0.926253 1.000000 1.000000 1.000000
6642.116699 0.000000 2313.061768 0.000000 0.503196 0.000000 0.864172 1.000000 1.000000 1.000000
6603.344727 0.000000 2310.915283 0.000000 0.384561 0.000000 0.923099 1.000000 1.000000 1.000000
6586.260254 0.000000 2360.745361 0.000000 0.672915 0.000000 0.739720 1.000000 1.000000 1.000000
6577.446777 0.000000 2358.904053 0.000000 0.223879 0.000000 0.974617 1.000000 1.000000 1.000000
6565.916016 0.000000 2315.754639 0.000000 0.028480 0.000000 0.999594 1.000000 1.000000 1.000000
6564.654785 0.000000 2320.382080 0.000000 0.688889 0.000000 0.724867 1.000000 1.000000 1.000000
6586.429199 0.000000 2328.065674 0.000000 0.061803 0.000000 0.998088 1.000000 1.000000 1.000000
6581.971191 0.000000 2361.440186 0.000000 0.358299 0.000000 0.933607 1.000000 1.000000 1.000000
6579.268555 0.000000 2356.350586 0.000000 0.699063 0.000000 0.715060 1.000000 1.000000 1.000000
6580.536621 0.000000 2358.937988 0.000000 0.013319 0.000000 0.999911 1.000000 1.000000 1.000000
6583.843262 0.000000 2359.144775 0.000000 0.618101 0.000000 0.786098 1.000000 1.000000 1.000000
6580.083008 0.000000 2315.408447 0.000000 0.237807 0.000000 0.971312 1.000000 1.000000 1.000000
6603.094727 0.000000 2337.314209 0.000000 0.113041 0.000000 0.993590 1.000000 1.000000 1.000000
6637.040039 0.000000 2318.533447 0.000000 0.277456 0.000000 0.960738 1.000000 1.000000 1.000000
6602.068359 0.000000 2327.887207 0.000000 0.442349 0.000000 0.896843 1.000000 1.000000 1.000000
6593.697754 0.000000 2345.989502 0.000000 0.310167 0.000000 0.950682 1.000000 1.000000 1.000000
6631.238281 0.000000 2360.269043 0.000000 0.626109 0.000000 0.779736 1.000000 1.000000 1.000000
6423.956055 0.000000 2402.398682 0.000000 0.403247 0.000000 0.915091 1.000000 1.000000 1.000000
6511.575195 0.000000 2366.303711 0.000000 0.563136 0.000000 0.826364 1.000000 1.000000 1.000000
6502.325684 0.000000 2394.242920 0.000000 0.701261 0.000000 0.712904 1.000000 1.000000 1.000000
6506.716309 0.000000 2385.927734 0.000000 0.066774 0.000000 0.997768 1.000000 1.000000 1.000000
6524.187012 0.000000 2372.966309 0.000000 0.736631 0.000000 0.676295 1.000000 1.000000 1.000000
6498.628418 0.000000 2378.164307 0.000000 0.368470 0.000000 0.929640 1.000000 1.000000 1.000000
6507.087402 0.000000 2397.915771 0.000000 0.613342 0.000000 0.789818 1.000000 1.000000 1.000000
6468.942871 0.000000 2397.377441 0.000000 0.094791 0.000000 0.995497 1.000000 1.000000 1.000000
6499.585938 0.000000 2376.582275 0.000000 0.613880 0.000000 0.789399 1.000000 1.000000 1.000000
6507.628418 0.000000 2396.214600 0.000000 0.490130 0.000000 0.871650 1.000000 1.000000 1.000000
6415.818848 0.000000 2426.477051 0.000000 0.227840 0.000000 0.973699 1.000000 1.000000 1.000000
6419.535645 0.000000 2435.192871 0.000000 0.746342 0.000000 0.665563 1.000000 1.000000 1.000000
6423.226074 0.000000 2427.958740 0.000000 0.446390 0.000000 0.894838 1.000000 1.000000 1.000000
6414.493164 0.000000 2428.741943 0.000000 0.631099 0.000000 0.775702 1.000000 1.000000 1.000000
6423.854492 0.000000 2432.897949 0.000000 0.142578 0.000000 0.989784 1.000000 1.000000 1.000000
6443.372070 0.000000 2411.738037 0.000000 0.456720 0.000000 0.889610 1.000000 1.000000 1.000000
6440.681152 0.000000 2417.191895 0.000000 0.680673 0.000000 0.732587 1.000000 1.000000 1.000000
6500.199707 0.000000 2438.580078 0.000000 0.274703 0.000000 0.961529 1.000000 1.000000 1.000000
6491.381836 0.000000 2454.060547 0.000000 0.188989 0.000000 0.981979 1.000000 1.000000 1.000000
6468.286621 0.000000 2424.602783 0.000000 0.004514 0.000000 0.999990 1.000000 1.000000 1.000000
6470.862793 0.000000 2421.367188 0.000000 0.437040 0.000000 0.899442 1.000000 1.000000 1.000000
6525.285645 0.000000 2413.510010 0.000000 0.679405 0.000000 0.733764 1.000000 1.000000 1.000000
6525.872559 0.000000 2429.942627 0.000000 0.647390 0.000000 0.762159 1.000000 1.000000 1.000000
6508.332031 0.000000 2438.400391 0.000000 0.757384 0.000000 0.652969 1.000000 1.000000 1.000000
6503.326660 0.000000 2439.548340 0.000000 0.564749 0.000000 0.825263 1.000000 1.000000 1.000000
6468.344238 0.000000 2426.151367 0.000000 0.495761 0.000000 0.868459 1.000000 1.000000 1.000000
6554.374023 0.000000 2385.768799 0.000000 0.233027 0.000000 0.972470 1.000000 1.000000 1.000000
6592.474609 0.000000 2379.944336 0.000000 0.766542 0.000000 0.642194 1.000000 1.000000 1.000000
6603.237305 0.000000 2368.414062 0.000000 0.177041 0.000000 0.984203 1.000000 1.000000 1.000000
6615.416992 0.000000 2408.294678 0.000000 0.617701 0.000000 0.786413 1.000000 1.000000 1.000000
6640.429688 0.000000 2395.839600 0.000000 0.726651 0.000000 0.687007 1.000000 1.000000 1.000000
6649.431152 0.000000 2391.527100 0.000000 0.758985 0.000000 0.651108 1.000000 1.000000 1.000000
6592.198730 0.000000 2373.042969 0.000000 0.078930 0.000000 0.996880 1.000000 1.000000 1.000000
6595.306152 0.000000 2379.913330 0.000000 0.332074 0.000000 0.943253 1.000000 1.000000 1.000000
6647.670410 0.000000 2389.507324 0.000000 0.144472 0.000000 0.989509 1.000000 1.000000 1.000000
6596.496582 0.000000 2374.970703 0.000000 0.377005 0.000000 0.926211 1.000000 1.000000 1.000000
6648.523438 0.000000 2396.030029 0.000000 0.105826 0.000000 0.994385 1.000000 1.000000 1.000000
6631.505859 0.000000 2363.932373 0.000000 0.367150 0.000000 0.930162 1.000000 1.000000 1.000000
6642.432617 0.000000 2399.005127 0.000000 0.183932 0.000000 0.982939 1.000000 1.000000 1.000000
6612.938965 0.000000 2407.037598 0.000000 0.145481 0.000000 0.989361 1.000000 1.000000 1.000000
6647.859375 0.000000 2365.891357 0.000000 0.392562 0.000000 0.919725 1.000000 1.000000 1.000000
6548.169434 0.000000 2452.947998 0.000000 0.439656 0.000000 0.898166 1.000000 1.000000 1.000000
6548.398438 0.000000 2442.226318 0.000000 0.306686 0.000000 0.951811 1.000000 1.000000 1.000000
6532.883789 0.000000 2434.162598 0.000000 0.131495 0.000000 0.991317 1.000000 1.000000 1.000000
6561.655762 0.000000 2431.299561 0.000000 0.478804 0.000000 0.877922 1.000000 1.000000 1.000000
6561.585938 0.000000 2443.424316 0.000000 0.216434 0.000000 0.976297 1.000000 1.000000 1.000000
6540.049316 0.000000 2429.351807 0.000000 0.214849 0.000000 0.976647 1.000000 1.000000 1.000000
6539.102539 0.000000 2431.798584 0.000000 0.077104 0.000000 0.997023 1.000000 1.000000 1.000000
6555.441406 0.000000 2420.845215 0.000000 0.738344 0.000000 0.674424 1.000000 1.000000 1.000000
6538.195801 0.000000 2453.187988 0.000000 0.748612 0.000000 0.663008 1.000000 1.000000 1.000000
6543.504395 0.000000 2441.924805 0.000000 0.224612 0.000000 0.974448 1.000000 1.000000 1.000000
6539.736328 0.000000 2455.045898 0.000000 0.467244 0.000000 0.884128 1.000000 1.000000 1.000000
6580.833008 0.000000 2451.710205 0.000000 0.147372 0.000000 0.989081 1.000000 1.000000 1.000000
6641.739258 0.000000 2436.593018 0.000000 0.228598 0.000000 0.973521 1.000000 1.000000 1.000000
6642.000488 0.000000 2412.364502 0.000000 0.576980 0.000000 0.816758 1.000000 1.000000 1.000000
6649.312012 0.000000 2415.897461 0.000000 0.121613 0.000000 0.992578 1.000000 1.000000 1.000000
6641.113770 0.000000 2438.827881 0.000000 0.296818 0.000000 0.954934 1.000000 1.000000 1.000000
6652.981445 0.000000 2447.855713 0.000000 0.287740 0.000000 0.957709 1.000000 1.000000 1.000000
6649.199707 0.000000 2437.303223 0.000000 0.571971 0.000000 0.820274 1.000000 1.000000 1.000000
6654.836914 0.000000 2424.183594 0.000000 0.117137 0.000000 0.993116 1.000000 1.000000 1.000000
6169.649414 0.000000 2511.059326 0.000000 0.254452 0.000000 0.967085 1.000000 1.000000 1.000000
6326.775879 0.000000 2475.596680 0.000000 0.577503 0.000000 0.816389 1.000000 1.000000 1.000000
6350.006348 0.000000 2487.866943 0.000000 0.096574 0.000000 0.995326 1.000000 1.000000 1.000000
6347.764648 0.000000 2484.767334 0.000000 0.776028 0.000000 0.630698 1.000000 1.000000 1.000000
6346.530273 0.000000 2483.072998 0.000000 0.001795 0.000000 0.999998 1.000000 1.000000 1.000000
6322.756836 0.000000 2534.774658 0.000000 0.730722 0.000000 0.682675 1.000000 1.000000 1.000000
6344.790039 0.000000 2508.112793 0.000000 0.223615 0.000000 0.974678 1.000000 1.000000 1.000000
6393.462402 0.000000 2533.253662 0.000000 0.194736 0.000000 0.980856 1.000000 1.000000 1.000000
6387.202637 0.000000 2532.650635 0.000000 0.426879 0.000000 0.904309 1.000000 1.000000 1.000000
6324.114258 0.000000 2598.861572 0.000000 0.574125 0.000000 0.818768 1.000000 1.000000 1.000000
6449.391113 0.000000 2469.573486 0.000000 0.170011 0.000000 0.985442 1.000000 1.000000 1.000000
6452.098633 0.000000 2457.135010 0.000000 0.618388 0.000000 0.785873 1.000000 1.000000 1.000000
6462.116699 0.000000 2463.293213 0.000000 0.496544 0.000000 0.868011 1.000000 1.000000 1.000000
6462.421387 0.000000 2474.856445 0.000000 0.512810 0.000000 0.858502 1.000000 1.000000 1.000000
6452.636719 0.000000 2464.480713 0.000000 0.379950 0.000000 0.925007 1.000000 1.000000 1.000000
6450.610840 0.000000 2470.961914 0.000000 0.093249 0.000000 0.995643 1.000000 1.000000 1.000000
6482.421875 0.000000 2484.796631 0.000000 0.467517 0.000000 0.883984 1.000000 1.000000 1.000000
6500.662598 0.000000 2462.108643 0.000000 0.003980 0.000000 0.999992 1.000000 1.000000 1.000000
6464.198730 0.000000 2464.678223 0.000000 0.291353 0.000000 0.956616 1.000000 1.000000 1.000000
6478.007324 0.000000 2465.880127 0.000000 0.597666 0.000000 0.801746 1.000000 1.000000 1.000000
6497.829102 0.000000 2462.817627 0.000000 0.676407 0.000000 0.736528 1.000000 1.000000 1.000000
6469.767578 0.000000 2483.994873 0.000000 0.373037 0.000000 0.927816 1.000000 1.000000 1.000000
6483.527832 0.000000 2482.435059 0.000000 0.029769 0.000000 0.999557 1.000000 1.000000 1.000000
6466.292480 0.000000 2481.254883 0.000000 0.174316 0.000000 0.984690 1.000000 1.000000 1.000000
6465.796387 0.000000 2469.598145 0.000000 0.548086 0.000000 0.836422 1.000000 1.000000 1.000000
6489.068359 0.000000 2456.695801 0.000000 0.765605 0.000000 0.643311 1.000000 1.000000 1.000000
6464.705078 0.000000 2462.518066 0.000000 0.546079 0.000000 0.837734 1.000000 1.000000 1.000000
6493.596680 0.000000 2464.611572 0.000000 0.045860 0.000000 0.998948 1.000000 1.000000 1.000000
6476.469727 0.000000 2466.969482 0.000000 0.353117 0.000000 0.935579 1.000000 1.000000 1.000000
6479.489746 0.000000 2464.652588 0.000000 0.532425 0.000000 0.846477 1.000000 1.000000 1.000000
6482.765625 0.000000 2464.742188 0.000000 0.374065 0.000000 0.927402 1.000000 1.000000 1.000000
6487.471191 0.000000 2462.793701 0.000000 0.448526 0.000000 0.893770 1.000000 1.000000 1.000000
6489.013184 0.000000 2458.500000 0.000000 0.749593 0.000000 0.661899 1.000000 1.000000 1.000000
6415.818848 0.000000 2520.961426 0.000000 0.633287 0.000000 0.773917 1.000000 1.000000 1.000000
6433.671387 0.000000 2525.783936 0.000000 0.114110 0.000000 0.993468 1.000000 1.000000 1.000000
6408.174805 0.000000 2521.549316 0.000000 0.711996 0.000000 0.702183 1.000000 1.000000 1.000000
6438.491211 0.000000 2539.635010 0.000000 0.417808 0.000000 0.908535 1.000000 1.000000 1.000000
6442.724121 0.000000 2527.654297 0.000000 0.451053 0.000000 0.892497 1.000000 1.000000 1.000000
6422.355957 0.000000 2520.804199 0.000000 0.195449 0.000000 0.980714 1.000000 1.000000 1.000000
6435.100586 0.000000 2523.034180 0.000000 0.138171 0.000000 0.990408 1.000000 1.000000 1.000000
6505.319336 0.000000 2550.526611 0.000000 0.551292 0.000000 0.834313 1.000000 1.000000 1.000000
6524.888672 0.000000 2518.555420 0.000000 0.645102 0.000000 0.764096 1.000000 1.000000 1.000000
6476.945312 0.000000 2537.505615 0.000000 0.625997 0.000000 0.779826 1.000000 1.000000 1.000000
6565.052246 0.000000 2464.811279 0.000000 0.570516 0.000000 0.821286 1.000000 1.000000 1.000000
6548.346191 0.000000 2462.218018 0.000000 0.016155 0.000000 0.999870 1.000000 1.000000 1.000000
6556.388672 0.000000 2464.070068 0.000000 0.223221 0.000000 0.974768 1.000000 1.000000 1.000000
6646.736816 0.000000 2475.596680 0.000000 0.499580 0.000000 0.866268 1.000000 1.000000 1.000000
6608.066406 0.000000 2482.046631 0.000000 0.261828 0.000000 0.965114 1.000000 1.000000 1.000000
6651.590332 0.000000 2477.052002 0.000000 0.016847 0.000000 0.999858 1.000000 1.000000 1.000000
6649.577637 0.000000 2500.879883 0.000000 0.598713 0.000000 0.800964 1.000000 1.000000 1.000000
6642.024414 0.000000 2465.716064 0.000000 0.529125 0.000000 0.848544 1.000000 1.000000 1.000000
6527.502930 0.000000 2517.449219 0.000000 0.327348 0.000000 0.944904 1.000000 1.000000 1.000000
6547.454102 0.000000 2518.244141 0.000000 0.554364 0.000000 0.832274 1.000000 1.000000 1.000000
6537.715820 0.000000 2528.416016 0.000000 0.584178 0.000000 0.811626 1.000000 1.000000 1.000000
6538.076172 0.000000 2516.855957 0.000000 0.450227 0.000000 0.892914 1.000000 1.000000 1.000000
6531.301270 0.000000 2526.222412 0.000000 0.332673 0.000000 0.943042 1.000000 1.000000 1.000000
6552.892578 0.000000 2528.905518 0.000000 0.303339 0.000000 0.952883 1.000000 1.000000 1.000000
6531.710449 0.000000 2527.665771 0.000000 0.513169 0.000000 0.858287 1.000000 1.000000 1.000000
6649.542969 0.000000 2507.475586 0.000000 0.401831 0.000000 0.915714 1.000000 1.000000 1.000000
6647.566406 0.000000 2503.952148 0.000000 0.773580 0.000000 0.633698 1.000000 1.000000 1.000000
6479.811035 0.000000 2568.203613 0.000000 0.776238 0.000000 0.630440 1.000000 1.000000 1.000000
6475.110352 0.000000 2573.525146 0.000000 0.464914 0.000000 0.885356 1.000000 1.000000 1.000000
6504.122559 0.000000 2551.113281 0.000000 0.437381 0.000000 0.899276 1.000000 1.000000 1.000000
6500.817871 0.000000 2554.779785 0.000000 0.561909 0.000000 0.827199 1.000000 1.000000 1.000000
6484.961426 0.000000 2575.998535 0.000000 0.755943 0.000000 0.654637 1.000000 1.000000 1.000000
6454.910645 0.000000 2605.720947 0.000000 0.084281 0.000000 0.996442 1.000000 1.000000 1.000000
6441.739746 0.000000 2632.423340 0.000000 0.306475 0.000000 0.951879 1.000000 1.000000 1.000000
6443.628906 0.000000 2641.362549 0.000000 0.053697 0.000000 0.998557 1.000000 1.000000 1.000000
6457.335449 0.000000 2604.866211 0.000000 0.438663 0.000000 0.898652 1.000000 1.000000 1.000000
6462.446289 0.000000 2644.123291 0.000000 0.298795 0.000000 0.954317 1.000000 1.000000 1.000000
6443.095215 0.000000 2634.126709 0.000000 0.069087 0.000000 0.997611 1.000000 1.000000 1.000000
6458.930664 0.000000 2607.817139 0.000000 0.648337 0.000000 0.761354 1.000000 1.000000 1.000000
6437.904785 0.000000 2627.585693 0.000000 0.351595 0.000000 0.936152 1.000000 1.000000 1.000000
6432.530273 0.000000 2631.806885 0.000000 0.706453 0.000000 0.707760 1.000000 1.000000 1.000000
6440.316895 0.000000 2638.232422 0.000000 0.434329 0.000000 0.900754 1.000000 1.000000 1.000000
6487.584473 0.000000 2629.654053 0.000000 0.256127 0.000000 0.966643 1.000000 1.000000 1.000000
6485.720703 0.000000 2629.924316 0.000000 0.155076 0.000000 0.987902 1.000000 1.000000 1.000000
6503.273438 0.000000 2612.685791 0.000000 0.431526 0.000000 0.902101 1.000000 1.000000 1.000000
6467.068359 0.000000 2628.596436 0.000000 0.427791 0.000000 0.903878 1.000000 1.000000 1.000000
6484.000488 0.000000 2607.420410 0.000000 0.729495 0.000000 0.683986 1.000000 1.000000 1.000000
6476.160156 0.000000 2619.979492 0.000000 0.727920 0.000000 0.685662 1.000000 1.000000 1.000000
6555.455566 0.000000 2612.001953 0.000000 0.344838 0.000000 0.938662 1.000000 1.000000 1.000000
6553.793945 0.000000 2601.416260 0.000000 0.194937 0.000000 0.980816 1.000000 1.000000 1.000000
6569.731934 0.000000 2609.159912 0.000000 0.454056 0.000000 0.890973 1.000000 1.000000 1.000000
6570.995605 0.000000 2610.865479 0.000000 0.597009 0.000000 0.802234 1.000000 1.000000 1.000000
6583.619629 0.000000 2614.412109 0.000000 0.710632 0.000000 0.703563 1.000000 1.000000 1.000000
6553.005371 0.000000 2600.226562 0.000000 0.270872 0.000000 0.962615 1.000000 1.000000 1.000000
6687.502441 0.000000 2272.106445 0.000000 0.274097 0.000000 0.961702 1.000000 1.000000 1.000000
6689.640137 0.000000 2289.572998 0.000000 0.744535 0.000000 0.667583 1.000000 1.000000 1.000000
6718.708008 0.000000 2302.876465 0.000000 0.504264 0.000000 0.863550 1.000000 1.000000 1.000000
6698.050293 0.000000 2294.608398 0.000000 0.700759 0.000000 0.713398 1.000000 1.000000 1.000000
6684.381348 0.000000 2270.718994 0.000000 0.739858 0.000000 0.672763 1.000000 1.000000 1.000000
6678.952148 0.000000 2275.412109 0.000000 0.041845 0.000000 0.999124 1.000000 1.000000 1.000000
6683.304199 0.000000 2295.268311 0.000000 0.450112 0.000000 0.892972 1.000000 1.000000 1.000000
6679.447754 0.000000 2273.824951 0.000000 0.550538 0.000000 0.834810 1.000000 1.000000 1.000000
6693.068359 0.000000 2287.773682 0.000000 0.513091 0.000000 0.858334 1.000000 1.000000 1.000000
6693.582520 0.000000 2286.323242 0.000000 0.568917 0.000000 0.822395 1.000000 1.000000 1.000000
6685.794434 0.000000 2293.708496 0.000000 0.052406 0.000000 0.998626 1.000000 1.000000 1.000000
6720.458984 0.000000 2285.459961 0.000000 0.781657 0.000000 0.623708 1.000000 1.000000 1.000000
6719.479492 0.000000 2281.238281 0.000000 0.769604 0.000000 0.638522 1.000000 1.000000 1.000000
6719.187012 0.000000 2306.329102 0.000000 0.226262 0.000000 0.974066 1.000000 1.000000 1.000000
6731.860352 0.000000 2299.289062 0.000000 0.731345 0.000000 0.682007 1.000000 1.000000 1.000000
6779.448242 0.000000 2281.842773 0.000000 0.394020 0.000000 0.919102 1.000000 1.000000 1.000000
6717.671387 0.000000 2338.853760 0.000000 0.240658 0.000000 0.970610 1.000000 1.000000 1.000000
6682.759766 0.000000 2350.587646 0.000000 0.696952 0.000000 0.717118 1.000000 1.000000 1.000000
6663.297852 0.000000 2339.730225 0.000000 0.370664 0.000000 0.928767 1.000000 1.000000 1.000000
6666.180176 0.000000 2358.703613 0.000000 0.282098 0.000000 0.959386 1.000000 1.000000 1.000000
6684.373047 0.000000 2322.343506 0.000000 0.578788 0.000000 0.815478 1.000000 1.000000 1.000000
6720.458984 0.000000 2332.702148 0.000000 0.279217 0.000000 0.960228 1.000000 1.000000 1.000000
6720.197754 0.000000 2337.788574 0.000000 0.757991 0.000000 0.652265 1.000000 1.000000 1.000000
6727.638672 0.000000 2323.405273 0.000000 0.403040 0.000000 0.915182 1.000000 1.000000 1.000000
6727.290039 0.000000 2339.730225 0.000000 0.350678 0.000000 0.936496 1.000000 1.000000 1.000000
6729.681152 0.000000 2335.345703 0.000000 0.249397 0.000000 0.968401 1.000000 1.000000 1.000000
6668.033691 0.000000 2382.109619 0.000000 0.605615 0.000000 0.795758 1.000000 1.000000 1.000000
6666.746582 0.000000 2409.260742 0.000000 0.470357 0.000000 0.882476 1.000000 1.000000 1.000000
6666.180176 0.000000 2405.945801 0.000000 0.036087 0.000000 0.999349 1.000000 1.000000 1.000000
6669.547852 0.000000 2391.409668 0.000000 0.560740 0.000000 0.827992 1.000000 1.000000 1.000000
6663.295898 0.000000 2390.021729 0.000000 0.029243 0.000000 0.999572 1.000000 1.000000 1.000000
6658.581543 0.000000 2402.762451 0.000000 0.154171 0.000000 0.988044 1.000000 1.000000 1.000000
6662.033203 0.000000 2387.921143 0.000000 0.702405 0.000000 0.711778 1.000000 1.000000 1.000000
6655.556641 0.000000 2439.708984 0.000000 0.245169 0.000000 0.969480 1.000000 1.000000 1.000000
6668.418945 0.000000 2434.195557 0.000000 0.156522 0.000000 0.987674 1.000000 1.000000 1.000000
6656.466797 0.000000 2427.186523 0.000000 0.579908 0.000000 0.814682 1.000000 1.000000 1.000000
6676.518555 0.000000 2417.009766 0.000000 0.369656 0.000000 0.929169 1.000000 1.000000 1.000000
6671.528320 0.000000 2430.986328 0.000000 0.687205 0.000000 0.726463 1.000000 1.000000 1.000000
6686.197754 0.000000 2410.133301 0.000000 0.380645 0.000000 0.924721 1.000000 1.000000 1.000000
6662.299805 0.000000 2412.252930 0.000000 0.766554 0.000000 0.642180 1.000000 1.000000 1.000000
6678.395020 0.000000 2453.315674 0.000000 0.313756 0.000000 0.949504 1.000000 1.000000 1.000000
6672.547363 0.000000 2428.671875 0.000000 0.280193 0.000000 0.959944 1.000000 1.000000 1.000000
6685.573242 0.000000 2413.926758 0.000000 0.577300 0.000000 0.816532 1.000000 1.000000 1.000000
6684.606445 0.000000 2410.820312 0.000000 0.613139 0.000000 0.789975 1.000000 1.000000 1.000000
6655.487305 0.000000 2460.648193 0.000000 0.116353 0.000000 0.993208 1.000000 1.000000 1.000000
6664.143555 0.000000 2474.307129 0.000000 0.420607 0.000000 0.907243 1.000000 1.000000 1.000000
6663.043945 0.000000 2487.578369 0.000000 0.505729 0.000000 0.862692 1.000000 1.000000 1.000000
6678.143066 0.000000 2456.614014 0.000000 0.515762 0.000000 0.856732 1.000000 1.000000 1.000000
6665.347168 0.000000 2491.488525 0.000000 0.067461 0.000000 0.997722 1.000000 1.000000 1.000000
6660.165039 0.000000 2500.310791 0.000000 0.485464 0.000000 0.874257 1.000000 1.000000 1.000000
6657.348633 0.000000 2456.599854 0.000000 0.655544 0.000000 0.755157 1.000000 1.000000 1.000000
6657.686035 0.000000 2457.922363 0.000000 0.401618 0.000000 0.915807 1.000000 1.000000 1.000000
6851.492676 0.000000 2511.704346 0.000000 0.044099 0.000000 0.999027 1.000000 1.000000 1.000000
6902.855957 0.000000 2558.478760 0.000000 0.559882 0.000000 0.828572 1.000000 1.000000 1.000000
6883.102051 0.000000 2558.913330 0.000000 0.030609 0.000000 0.999531 1.000000 1.000000 1.000000
6940.393555 0.000000 2583.906006 0.000000 0.691789 0.000000 0.722100 1.000000 1.000000 1.000000
6953.452637 0.000000 2576.306641 0.000000 0.069557 0.000000 0.997578 1.000000 1.000000 1.000000
6955.989258 0.000000 2592.671631 0.000000 0.577721 0.000000 0.816234 1.000000 1.000000 1.000000
6933.709473 0.000000 2639.061035 0.000000 0.023728 0.000000 0.999718 1.000000 1.000000 1.000000
6946.437500 0.000000 2628.106934 0.000000 0.568092 0.000000 0.822965 1.000000 1.000000 1.000000
6957.921387 0.000000 2627.014648 0.000000 0.403322 0.000000 0.915058 1.000000 1.000000 1.000000
6951.551758 0.000000 2640.913818 0.000000 0.337217 0.000000 0.941427 1.000000 1.000000 1.000000
6253.236816 0.000000 2775.071777 0.000000 0.553030 0.000000 0.833161 1.000000 1.000000 1.000000
6262.783691 0.000000 2759.049805 0.000000 0.456318 0.000000 0.889817 1.000000 1.000000 1.000000
6266.075684 0.000000 2766.749268 0.000000 0.531813 0.000000 0.846862 1.000000 1.000000 1.000000
6259.959961 0.000000 2753.371338 0.000000 0.613344 0.000000 0.789816 1.000000 1.000000 1.000000
6257.100586 0.000000 2805.650879 0.000000 0.097440 0.000000 0.995241 1.000000 1.000000 1.000000
6390.238281 0.000000 2783.444336 0.000000 0.539115 0.000000 0.842232 1.000000 1.000000 1.000000
6333.314453 0.000000 2830.872559 0.000000 0.261587 0.000000 0.965180 1.000000 1.000000 1.000000
6334.069336 0.000000 2828.704590 0.000000 0.753989 0.000000 0.656887 1.000000 1.000000 1.000000
6332.357910 0.000000 2832.896729 0.000000 0.772210 0.000000 0.635367 1.000000 1.000000 1.000000
6334.969238 0.000000 2831.155273 0.000000 0.638104 0.000000 0.769950 1.000000 1.000000 1.000000
6335.229980 0.000000 2829.658203 0.000000 0.473275 0.000000 0.880915 1.000000 1.000000 1.000000
6346.189453 0.000000 2817.725830 0.000000 0.744806 0.000000 0.667281 1.000000 1.000000 1.000000
6391.126953 0.000000 2801.935059 0.000000 0.596460 0.000000 0.802643 1.000000 1.000000 1.000000
6369.485840 0.000000 2798.761230 0.000000 0.394926 0.000000 0.918713 1.000000 1.000000 1.000000
6370.312500 0.000000 2795.920166 0.000000 0.313147 0.000000 0.949705 1.000000 1.000000 1.000000
6439.835449 0.000000 2651.488770 0.000000 0.219907 0.000000 0.975521 1.000000 1.000000 1.000000
6440.013184 0.000000 2686.768311 0.000000 0.192875 0.000000 0.981223 1.000000 1.000000 1.000000
6443.958496 0.000000 2654.477051 0.000000 0.772504 0.000000 0.635010 1.000000 1.000000 1.000000
6462.314941 0.000000 2679.448242 0.000000 0.204286 0.000000 0.978911 1.000000 1.000000 1.000000
6414.033691 0.000000 2646.837402 0.000000 0.596885 0.000000 0.802327 1.000000 1.000000 1.000000
6445.253418 0.000000 2658.935303 0.000000 0.084109 0.000000 0.996457 1.000000 1.000000 1.000000
6467.335449 0.000000 2690.999512 0.000000 0.207373 0.000000 0.978262 1.000000 1.000000 1.000000
6440.042969 0.000000 2702.207031 0.000000 0.716712 0.000000 0.697369 1.000000 1.000000 1.000000
6405.764648 0.000000 2698.336182 0.000000 0.770966 0.000000 0.636876 1.000000 1.000000 1.000000
6402.877930 0.000000 2699.348389 0.000000 0.458891 0.000000 0.888492 1.000000 1.000000 1.000000
6404.023438 0.000000 2724.297119 0.000000 0.269703 0.000000 0.962943 1.000000 1.000000 1.000000
6441.039551 0.000000 2714.499023 0.000000 0.745714 0.000000 0.666266 1.000000 1.000000 1.000000
6400.712891 0.000000 2698.729004 0.000000 0.663858 0.000000 0.747859 1.000000 1.000000 1.000000
6401.487793 0.000000 2727.676270 0.000000 0.740286 0.000000 0.672292 1.000000 1.000000 1.000000
6439.281250 0.000000 2707.170166 0.000000 0.700642 0.000000 0.713513 1.000000 1.000000 1.000000
6440.971680 0.000000 2716.288574 0.000000 0.316511 0.000000 0.948589 1.000000 1.000000 1.000000
6456.943359 0.000000 2723.610596 0.000000 0.091174 0.000000 0.995835 1.000000 1.000000 1.000000
6457.223145 0.000000 2720.756348 0.000000 0.082872 0.000000 0.996560 1.000000 1.000000 1.000000
6435.604004 0.000000 2694.172119 0.000000 0.595575 0.000000 0.803300 1.000000 1.000000 1.000000
6441.871582 0.000000 2704.914062 0.000000 0.268853 0.000000 0.963181 1.000000 1.000000 1.000000
6431.533691 0.000000 2744.528320 0.000000 0.744568 0.000000 0.667546 1.000000 1.000000 1.000000
6433.836914 0.000000 2746.270752 0.000000 0.068919 0.000000 0.997622 1.000000 1.000000 1.000000
6433.443359 0.000000 2770.755615 0.000000 0.306439 0.000000 0.951890 1.000000 1.000000 1.000000
6409.115234 0.000000 2783.140381 0.000000 0.454839 0.000000 0.890574 1.000000 1.000000 1.000000
6408.562500 0.000000 2803.600830 0.000000 0.751350 0.000000 0.659904 1.000000 1.000000 1.000000
6238.182129 0.000000 2927.763184 0.000000 0.683149 0.000000 0.730279 1.000000 1.000000 1.000000
6270.140137 0.000000 2888.472900 0.000000 0.154546 0.000000 0.987986 1.000000 1.000000 1.000000
6239.392578 0.000000 2926.264404 0.000000 0.727719 0.000000 0.685876 1.000000 1.000000 1.000000
6266.954102 0.000000 2891.270264 0.000000 0.409210 0.000000 0.912440 1.000000 1.000000 1.000000
6239.123047 0.000000 2900.679199 0.000000 0.736544 0.000000 0.676389 1.000000 1.000000 1.000000
6332.612793 0.000000 2834.734131 0.000000 0.696387 0.000000 0.717667 1.000000 1.000000 1.000000
6292.609375 0.000000 2872.604736 0.000000 0.299222 0.000000 0.954184 1.000000 1.000000 1.000000
6282.197266 0.000000 2864.968018 0.000000 0.666569 0.000000 0.745443 1.000000 1.000000 1.000000
6326.913574 0.000000 2839.378174 0.000000 0.362697 0.000000 0.931907 1.000000 1.000000 1.000000
6327.371094 0.000000 2836.992920 0.000000 0.583336 0.000000 0.812231 1.000000 1.000000 1.000000
6296.945312 0.000000 2878.976074 0.000000 0.776949 0.000000 0.629563 1.000000 1.000000 1.000000
6334.046875 0.000000 2848.200684 0.000000 0.229034 0.000000 0.973418 1.000000 1.000000 1.000000
6295.614746 0.000000 2879.353271 0.000000 0.736285 0.000000 0.676672 1.000000 1.000000 1.000000
6283.620117 0.000000 2868.421387 0.000000 0.730055 0.000000 0.683388 1.000000 1.000000 1.000000
6304.595703 0.000000 2878.792236 0.000000 0.753326 0.000000 0.657648 1.000000 1.000000 1.000000
6354.449219 0.000000 2854.652100 0.000000 0.055384 0.000000 0.998465 1.000000 1.000000 1.000000
6347.662598 0.000000 2846.729004 0.000000 0.408605 0.000000 0.912711 1.000000 1.000000 1.000000
6335.318848 0.000000 2849.345215 0.000000 0.726215 0.000000 0.687468 1.000000 1.000000 1.000000
6346.656738 0.000000 2849.809326 0.000000 0.363433 0.000000 0.931620 1.000000 1.000000 1.000000
6297.825195 0.000000 2884.869385 0.000000 0.602637 0.000000 0.798016 1.000000 1.000000 1.000000
6298.270020 0.000000 2883.147217 0.000000 0.772818 0.000000 0.634627 1.000000 1.000000 1.000000
6202.307129 0.000000 2974.893799 0.000000 0.466605 0.000000 0.884466 1.000000 1.000000 1.000000
6253.236816 0.000000 2964.040527 0.000000 0.582457 0.000000 0.812861 1.000000 1.000000 1.000000
6246.514648 0.000000 2964.814697 0.000000 0.076193 0.000000 0.997093 1.000000 1.000000 1.000000
6247.660645 0.000000 2953.660400 0.000000 0.254330 0.000000 0.967118 1.000000 1.000000 1.000000
6262.934082 0.000000 2936.416260 0.000000 0.568650 0.000000 0.822579 1.000000 1.000000 1.000000
6264.937012 0.000000 2968.162842 0.000000 0.664982 0.000000 0.746860 1.000000 1.000000 1.000000
6238.252441 0.000000 2929.797363 0.000000 0.692148 0.000000 0.721756 1.000000 1.000000 1.000000
6254.232422 0.000000 2952.753174 0.000000 0.640875 0.000000 0.767645 1.000000 1.000000 1.000000
6265.859863 0.000000 2965.606201 0.000000 0.486772 0.000000 0.873529 1.000000 1.000000 1.000000
6264.570312 0.000000 2962.936279 0.000000 0.154047 0.000000 0.988064 1.000000 1.000000 1.000000
6207.266113 0.000000 2974.319336 0.000000 0.133576 0.000000 0.991039 1.000000 1.000000 1.000000
6154.496094 0.000000 3009.408936 0.000000 0.228808 0.000000 0.973472 1.000000 1.000000 1.000000
6152.385254 0.000000 2990.979980 0.000000 0.067835 0.000000 0.997697 1.000000 1.000000 1.000000
6156.984375 0.000000 3009.927490 0.000000 0.372360 0.000000 0.928088 1.000000 1.000000 1.000000
6245.478516 0.000000 2990.566895 0.000000 0.210149 0.000000 0.977669 1.000000 1.000000 1.000000
6248.123047 0.000000 2992.201172 0.000000 0.164746 0.000000 0.986336 1.000000 1.000000 1.000000
6244.699707 0.000000 2992.730469 0.000000 0.726613 0.000000 0.687047 1.000000 1.000000 1.000000
6214.106934 0.000000 2983.613770 0.000000 0.767817 0.000000 0.640669 1.000000 1.000000 1.000000
6246.307617 0.000000 2992.070068 0.000000 0.763025 0.000000 0.646369 1.000000 1.000000 1.000000
6890.127930 0.000000 2683.196533 0.000000 0.514636 0.000000 0.857409 1.000000 1.000000 1.000000
6833.415527 0.000000 2736.841553 0.000000 0.525806 0.000000 0.850605 1.000000 1.000000 1.000000
6910.593750 0.000000 2731.499268 0.000000 0.773629 0.000000 0.633639 1.000000 1.000000 1.000000
6899.992676 0.000000 2729.801270 0.000000 0.611050 0.000000 0.791592 1.000000 1.000000 1.000000
6900.785156 0.000000 2738.435791 0.000000 0.350452 0.000000 0.936581 1.000000 1.000000 1.000000
6906.031250 0.000000 2716.087158 0.000000 0.076550 0.000000 0.997066 1.000000 1.000000 1.000000
6887.665039 0.000000 2728.690430 0.000000 0.239068 0.000000 0.971003 1.000000 1.000000 1.000000
6828.839844 0.000000 2740.919922 0.000000 0.338524 0.000000 0.940958 1.000000 1.000000 1.000000
6812.409180 0.000000 2772.874756 0.000000 0.345789 0.000000 0.938312 1.000000 1.000000 1.000000
6818.615234 0.000000 2771.622803 0.000000 0.120160 0.000000 0.992755 1.000000 1.000000 1.000000
6820.591309 0.000000 2771.338623 0.000000 0.269377 0.000000 0.963035 1.000000 1.000000 1.000000
6840.524414 0.000000 2748.235107 0.000000 0.415431 0.000000 0.909625 1.000000 1.000000 1.000000
6841.554199 0.000000 2784.333008 0.000000 0.002692 0.000000 0.999996 1.000000 1.000000 1.000000
6894.010742 0.000000 2774.289307 0.000000 0.551786 0.000000 0.833985 1.000000 1.000000 1.000000
6872.932129 0.000000 2792.851562 0.000000 0.203406 0.000000 0.979094 1.000000 1.000000 1.000000
6874.798340 0.000000 2792.131348 0.000000 0.725032 0.000000 0.688715 1.000000 1.000000 1.000000
6874.812988 0.000000 2793.710938 0.000000 0.211882 0.000000 0.977295 1.000000 1.000000 1.000000
6964.786133 0.000000 2687.921143 0.000000 0.022343 0.000000 0.999750 1.000000 1.000000 1.000000
6985.865234 0.000000 2661.587402 0.000000 0.727566 0.000000 0.686038 1.000000 1.000000 1.000000
6911.163574 0.000000 2731.508789 0.000000 0.010151 0.000000 0.999949 1.000000 1.000000 1.000000
6967.491211 0.000000 2715.146240 0.000000 0.546243 0.000000 0.837627 1.000000 1.000000 1.000000
6970.674805 0.000000 2731.184814 0.000000 0.655780 0.000000 0.754952 1.000000 1.000000 1.000000
6912.812012 0.000000 2730.751953 0.000000 0.201026 0.000000 0.979586 1.000000 1.000000 1.000000
6975.248047 0.000000 2702.348877 0.000000 0.085523 0.000000 0.996336 1.000000 1.000000 1.000000
6975.189941 0.000000 2704.915527 0.000000 0.408985 0.000000 0.912541 1.000000 1.000000 1.000000
6976.644043 0.000000 2722.823486 0.000000 0.608448 0.000000 0.793594 1.000000 1.000000 1.000000
6967.133301 0.000000 2769.427002 0.000000 0.362175 0.000000 0.932110 1.000000 1.000000 1.000000
6949.842285 0.000000 2769.312256 0.000000 0.080002 0.000000 0.996795 1.000000 1.000000 1.000000
6841.011230 0.000000 2834.651123 0.000000 0.121874 0.000000 0.992546 1.000000 1.000000 1.000000
6977.943848 0.000000 2909.128418 0.000000 0.781024 0.000000 0.624501 1.000000 1.000000 1.000000
6941.454102 0.000000 2948.701660 0.000000 0.583296 0.000000 0.812260 1.000000 1.000000 1.000000
6947.032715 0.000000 2966.231689 0.000000 0.591235 0.000000 0.806499 1.000000 1.000000 1.000000
6967.292969 0.000000 2931.477295 0.000000 0.269548 0.000000 0.962987 1.000000 1.000000 1.000000
6962.393555 0.000000 2965.911377 0.000000 0.400026 0.000000 0.916504 1.000000 1.000000 1.000000
6968.880859 0.000000 2959.821533 0.000000 0.591775 0.000000 0.806103 1.000000 1.000000 1.000000
6958.171387 0.000000 2937.452148 0.000000 0.038809 0.000000 0.999247 1.000000 1.000000 1.000000
6948.298340 0.000000 2966.058105 0.000000 0.438637 0.000000 0.898664 1.000000 1.000000 1.000000
6999.521973 0.000000 3007.591553 0.000000 0.249717 0.000000 0.968319 1.000000 1.000000 1.000000
7012.605957 0.000000 2992.730469 0.000000 0.442512 0.000000 0.896763 1.000000 1.000000 1.000000
7020.805664 0.000000 2996.026367 0.000000 0.004117 0.000000 0.999992 1.000000 1.000000 1.000000
7015.403809 0.000000 2997.442383 0.000000 0.509088 0.000000 0.860714 1.000000 1.000000 1.000000
3770.590820 0.000000 4294.411621 0.000000 0.356040 0.000000 0.934471 1.000000 1.000000 1.000000
3774.774170 0.000000 4297.600098 0.000000 0.038044 0.000000 0.999276 1.000000 1.000000 1.000000
3774.500488 0.000000 4288.729980 0.000000 0.445624 0.000000 0.895220 1.000000 1.000000 1.000000
3765.176514 0.000000 4294.155762 0.000000 0.464818 0.000000 0.885406 1.000000 1.000000 1.000000
3773.332764 0.000000 4290.301270 0.000000 0.233991 0.000000 0.972239 1.000000 1.000000 1.000000
3767.634521 0.000000 4294.512695 0.000000 0.611733 0.000000 0.791064 1.000000 1.000000 1.000000
3831.024170 0.000000 4293.417969 0.000000 0.221090 0.000000 0.975253 1.000000 1.000000 1.000000
3830.307129 0.000000 4298.370117 0.000000 0.617882 0.000000 0.786271 1.000000 1.000000 1.000000
3789.703613 0.000000 4288.031250 0.000000 0.194882 0.000000 0.980827 1.000000 1.000000 1.000000
3780.918213 0.000000 4288.953613 0.000000 0.667548 0.000000 0.744567 1.000000 1.000000 1.000000
3783.949951 0.000000 4289.160645 0.000000 0.563444 0.000000 0.826155 1.000000 1.000000 1.000000
3780.652100 0.000000 4292.356934 0.000000 0.733560 0.000000 0.679625 1.000000 1.000000 1.000000
3784.575195 0.000000 4280.941406 0.000000 0.069704 0.000000 0.997568 1.000000 1.000000 1.000000
3781.752930 0.000000 4281.389648 0.000000 0.640097 0.000000 0.768294 1.000000 1.000000 1.000000
3793.333740 0.000000 4275.373047 0.000000 0.604173 0.000000 0.796853 1.000000 1.000000 1.000000
3811.798340 0.000000 4279.282715 0.000000 0.722036 0.000000 0.691856 1.000000 1.000000 1.000000
3775.569824 0.000000 4286.356445 0.000000 0.527668 0.000000 0.849451 1.000000 1.000000 1.000000
3778.820557 0.000000 4284.432617 0.000000 0.540402 0.000000 0.841407 1.000000 1.000000 1.000000
3784.474854 0.000000 4292.322266 0.000000 0.551279 0.000000 0.834321 1.000000 1.000000 1.000000
3783.127686 0.000000 4281.036133 0.000000 0.108651 0.000000 0.994080 1.000000 1.000000 1.000000
3780.579102 0.000000 4281.851562 0.000000 0.197690 0.000000 0.980265 1.000000 1.000000 1.000000
3792.361084 0.000000 4305.264160 0.000000 0.287094 0.000000 0.957902 1.000000 1.000000 1.000000
3806.549072 0.000000 4299.821289 0.000000 0.060782 0.000000 0.998151 1.000000 1.000000 1.000000
3806.570068 0.000000 4301.902832 0.000000 0.448638 0.000000 0.893714 1.000000 1.000000 1.000000
3804.957520 0.000000 4300.508301 0.000000 0.359706 0.000000 0.933066 1.000000 1.000000 1.000000
3833.227051 0.000000 4301.076660 0.000000 0.004278 0.000000 0.999991 1.000000 1.000000 1.000000
4024.155518 0.000000 4390.559082 0.000000 0.082329 0.000000 0.996605 1.000000 1.000000 1.000000
4024.542969 0.000000 4392.273926 0.000000 0.513716 0.000000 0.857960 1.000000 1.000000 1.000000
4023.207275 0.000000 4400.924316 0.000000 0.761456 0.000000 0.648217 1.000000 1.000000 1.000000
4015.458252 0.000000 4409.223145 0.000000 0.392316 0.000000 0.919830 1.000000 1.000000 1.000000
6122.120605 0.000000 3050.483398 0.000000 0.585528 0.000000 0.810652 1.000000 1.000000 1.000000
6101.020020 0.000000 3091.017334 0.000000 0.118466 0.000000 0.992958 1.000000 1.000000 1.000000
6109.643555 0.000000 3078.760010 0.000000 0.168031 0.000000 0.985782 1.000000 1.000000 1.000000
6111.001953 0.000000 3144.766357 0.000000 0.204260 0.000000 0.978917 1.000000 1.000000 1.000000
6116.331055 0.000000 3152.111816 0.000000 0.177188 0.000000 0.984177 1.000000 1.000000 1.000000
6105.657227 0.000000 3125.207764 0.000000 0.347266 0.000000 0.937767 1.000000 1.000000 1.000000
6898.686523 0.000000 3101.680908 0.000000 0.517337 0.000000 0.855782 1.000000 1.000000 1.000000
6872.841797 0.000000 3109.263184 0.000000 0.004275 0.000000 0.999991 1.000000 1.000000 1.000000
6908.140137 0.000000 3081.599121 0.000000 0.200221 0.000000 0.979751 1.000000 1.000000 1.000000
6875.213867 0.000000 3109.199951 0.000000 0.708760 0.000000 0.705449 1.000000 1.000000 1.000000
6896.789062 0.000000 3098.917480 0.000000 0.386767 0.000000 0.922177 1.000000 1.000000 1.000000
6874.736328 0.000000 3153.704834 0.000000 0.665051 0.000000 0.746798 1.000000 1.000000 1.000000
6856.083008 0.000000 3151.155273 0.000000 0.469494 0.000000 0.882936 1.000000 1.000000 1.000000
6859.859863 0.000000 3155.738525 0.000000 0.513363 0.000000 0.858171 1.000000 1.000000 1.000000
6868.629883 0.000000 3154.333008 0.000000 0.545997 0.000000 0.837787 1.000000 1.000000 1.000000
6862.264648 0.000000 3135.838623 0.000000 0.175233 0.000000 0.984527 1.000000 1.000000 1.000000
6852.177246 0.000000 3151.101807 0.000000 0.175310 0.000000 0.984513 1.000000 1.000000 1.000000
6875.188477 0.000000 3150.056885 0.000000 0.550139 0.000000 0.835073 1.000000 1.000000 1.000000
6883.896973 0.000000 3211.802246 0.000000 0.207077 0.000000 0.978325 1.000000 1.000000 1.000000
6848.869629 0.000000 3179.360107 0.000000 0.461012 0.000000 0.887394 1.000000 1.000000 1.000000
6823.590332 0.000000 3237.113525 0.000000 0.688893 0.000000 0.724863 1.000000 1.000000 1.000000
6824.099121 0.000000 3238.955078 0.000000 0.632767 0.000000 0.774342 1.000000 1.000000 1.000000
6870.479492 0.000000 3237.990967 0.000000 0.523838 0.000000 0.851818 1.000000 1.000000 1.000000
6872.448730 0.000000 3232.420410 0.000000 0.197488 0.000000 0.980305 1.000000 1.000000 1.000000
6855.272461 0.000000 3240.381104 0.000000 0.389949 0.000000 0.920836 1.000000 1.000000 1.000000
6829.750488 0.000000 3285.970947 0.000000 0.054993 0.000000 0.998487 1.000000 1.000000 1.000000
6826.034668 0.000000 3286.694336 0.000000 0.541311 0.000000 0.840822 1.000000 1.000000 1.000000
6834.270996 0.000000 3279.278076 0.000000 0.634735 0.000000 0.772730 1.000000 1.000000 1.000000
6831.309570 0.000000 3286.172119 0.000000 0.668257 0.000000 0.743930 1.000000 1.000000 1.000000
6835.511719 0.000000 3279.988281 0.000000 0.361084 0.000000 0.932533 1.000000 1.000000 1.000000
6857.976074 0.000000 3296.597900 0.000000 0.412185 0.000000 0.911100 1.000000 1.000000 1.000000
6861.821777 0.000000 3275.259277 0.000000 0.541243 0.000000 0.840866 1.000000 1.000000 1.000000
"}
object={
	name="tree_leaf_yellow_generator_1_1"
	render_pass=Map
	clamp_to_water_level=no
	generated_content=yes
	layer="tree_high_layer"
	pdxmesh="tree_leaf_yellow_01_b_mesh"
	count=1465
	transform="489.376190 0.000000 1791.537964 0.000000 0.988272 0.000000 0.152704 1.000000 1.000000 1.000000
493.813904 0.000000 1788.481445 0.000000 0.999003 0.000000 -0.044652 1.000000 1.000000 1.000000
486.919861 0.000000 1790.802856 0.000000 0.980925 0.000000 0.194385 1.000000 1.000000 1.000000
505.917175 0.000000 1795.038330 0.000000 0.940419 0.000000 0.340018 1.000000 1.000000 1.000000
506.292358 0.000000 1798.842651 0.000000 0.907119 0.000000 0.420874 1.000000 1.000000 1.000000
506.842285 0.000000 1796.140259 0.000000 0.954641 0.000000 0.297759 1.000000 1.000000 1.000000
505.633118 0.000000 1797.240479 0.000000 0.966059 0.000000 -0.258322 1.000000 1.000000 1.000000
532.903503 0.000000 1791.557251 0.000000 0.919977 0.000000 -0.391972 1.000000 1.000000 1.000000
566.705322 0.000000 1794.533813 0.000000 0.953652 0.000000 -0.300912 1.000000 1.000000 1.000000
536.158936 0.000000 1794.145996 0.000000 0.790802 0.000000 0.612073 1.000000 1.000000 1.000000
564.138611 0.000000 1794.270874 0.000000 0.990229 0.000000 -0.139453 1.000000 1.000000 1.000000
537.648071 0.000000 1792.405762 0.000000 0.959024 0.000000 0.283325 1.000000 1.000000 1.000000
560.327759 0.000000 1803.682495 0.000000 0.933335 0.000000 0.359006 1.000000 1.000000 1.000000
556.099121 0.000000 1800.920288 0.000000 0.837325 0.000000 0.546705 1.000000 1.000000 1.000000
568.308228 0.000000 1795.319336 0.000000 0.920004 0.000000 0.391909 1.000000 1.000000 1.000000
533.981506 0.000000 1797.191650 0.000000 0.969342 0.000000 -0.245715 1.000000 1.000000 1.000000
561.352173 0.000000 1801.284058 0.000000 0.978932 0.000000 -0.204184 1.000000 1.000000 1.000000
572.183777 0.000000 1796.237427 0.000000 0.808323 0.000000 0.588739 1.000000 1.000000 1.000000
585.492859 0.000000 1799.479980 0.000000 0.801110 0.000000 0.598517 1.000000 1.000000 1.000000
577.423462 0.000000 1801.127197 0.000000 0.980822 0.000000 -0.194907 1.000000 1.000000 1.000000
1535.340332 0.000000 2255.634277 0.000000 0.973667 0.000000 -0.227974 1.000000 1.000000 1.000000
1534.655273 0.000000 2252.873291 0.000000 0.948881 0.000000 -0.315634 1.000000 1.000000 1.000000
1498.882568 0.000000 2263.405273 0.000000 0.999936 0.000000 0.011307 1.000000 1.000000 1.000000
1590.823853 0.000000 2263.780273 0.000000 0.855336 0.000000 0.518074 1.000000 1.000000 1.000000
1644.221924 0.000000 2254.488037 0.000000 0.919536 0.000000 -0.393007 1.000000 1.000000 1.000000
1695.139526 0.000000 2259.727783 0.000000 0.804922 0.000000 0.593380 1.000000 1.000000 1.000000
1707.673096 0.000000 2256.189209 0.000000 0.971809 0.000000 0.235769 1.000000 1.000000 1.000000
1709.971191 0.000000 2257.281982 0.000000 0.973951 0.000000 -0.226760 1.000000 1.000000 1.000000
1749.349365 0.000000 2238.280762 0.000000 0.910790 0.000000 0.412870 1.000000 1.000000 1.000000
1751.104126 0.000000 2245.905029 0.000000 0.896163 0.000000 0.443726 1.000000 1.000000 1.000000
1753.573120 0.000000 2242.317383 0.000000 0.965470 0.000000 -0.260515 1.000000 1.000000 1.000000
1769.624390 0.000000 2249.105225 0.000000 0.997036 0.000000 -0.076942 1.000000 1.000000 1.000000
1743.763916 0.000000 2261.875000 0.000000 0.847175 0.000000 0.531313 1.000000 1.000000 1.000000
1750.449341 0.000000 2239.053467 0.000000 0.967247 0.000000 -0.253838 1.000000 1.000000 1.000000
1752.221680 0.000000 2245.320312 0.000000 0.894540 0.000000 0.446988 1.000000 1.000000 1.000000
1760.844482 0.000000 2256.465088 0.000000 0.999993 0.000000 0.003825 1.000000 1.000000 1.000000
1749.381714 0.000000 2239.508545 0.000000 0.939976 0.000000 -0.341241 1.000000 1.000000 1.000000
1522.363892 0.000000 2294.866455 0.000000 0.999384 0.000000 0.035090 1.000000 1.000000 1.000000
1514.340942 0.000000 2301.728027 0.000000 0.937291 0.000000 -0.348547 1.000000 1.000000 1.000000
1513.466431 0.000000 2280.574219 0.000000 0.995501 0.000000 0.094748 1.000000 1.000000 1.000000
1516.091675 0.000000 2313.492676 0.000000 0.999894 0.000000 0.014538 1.000000 1.000000 1.000000
1532.215088 0.000000 2288.083252 0.000000 0.966090 0.000000 -0.258204 1.000000 1.000000 1.000000
1533.453003 0.000000 2286.847900 0.000000 0.994251 0.000000 0.107076 1.000000 1.000000 1.000000
1516.874634 0.000000 2312.129150 0.000000 0.833044 0.000000 0.553206 1.000000 1.000000 1.000000
1531.999878 0.000000 2286.444336 0.000000 0.999575 0.000000 -0.029152 1.000000 1.000000 1.000000
1516.387085 0.000000 2314.863281 0.000000 0.993221 0.000000 0.116238 1.000000 1.000000 1.000000
1521.339722 0.000000 2284.960693 0.000000 0.912803 0.000000 0.408399 1.000000 1.000000 1.000000
1518.323364 0.000000 2360.157227 0.000000 0.932008 0.000000 0.362436 1.000000 1.000000 1.000000
1529.655151 0.000000 2331.273193 0.000000 0.970331 0.000000 0.241781 1.000000 1.000000 1.000000
1530.547363 0.000000 2346.797363 0.000000 0.950899 0.000000 -0.309502 1.000000 1.000000 1.000000
1524.021484 0.000000 2361.177246 0.000000 0.820496 0.000000 0.571652 1.000000 1.000000 1.000000
1527.796753 0.000000 2344.247314 0.000000 0.940465 0.000000 0.339890 1.000000 1.000000 1.000000
1526.572266 0.000000 2316.033936 0.000000 0.986569 0.000000 0.163344 1.000000 1.000000 1.000000
1512.130493 0.000000 2316.690186 0.000000 0.998839 0.000000 0.048169 1.000000 1.000000 1.000000
1531.271118 0.000000 2332.390625 0.000000 0.944984 0.000000 0.327118 1.000000 1.000000 1.000000
1522.741333 0.000000 2360.303955 0.000000 0.979016 0.000000 -0.203783 1.000000 1.000000 1.000000
1526.938354 0.000000 2347.149414 0.000000 0.963920 0.000000 -0.266193 1.000000 1.000000 1.000000
1520.576782 0.000000 2315.343994 0.000000 0.964246 0.000000 0.265010 1.000000 1.000000 1.000000
1527.583252 0.000000 2328.151611 0.000000 0.940530 0.000000 -0.339712 1.000000 1.000000 1.000000
1527.956665 0.000000 2364.571045 0.000000 0.987439 0.000000 -0.158002 1.000000 1.000000 1.000000
1510.365479 0.000000 2368.690186 0.000000 0.796059 0.000000 0.605220 1.000000 1.000000 1.000000
1561.669434 0.000000 2267.727051 0.000000 0.922470 0.000000 0.386069 1.000000 1.000000 1.000000
1543.668579 0.000000 2345.851807 0.000000 0.998167 0.000000 0.060528 1.000000 1.000000 1.000000
1545.375732 0.000000 2319.144043 0.000000 0.886927 0.000000 0.461909 1.000000 1.000000 1.000000
1537.766602 0.000000 2343.698242 0.000000 0.941576 0.000000 0.336800 1.000000 1.000000 1.000000
1541.296387 0.000000 2316.793701 0.000000 0.996293 0.000000 -0.086024 1.000000 1.000000 1.000000
1544.071289 0.000000 2320.264893 0.000000 0.989485 0.000000 -0.144638 1.000000 1.000000 1.000000
1539.588013 0.000000 2331.112305 0.000000 0.999578 0.000000 -0.029032 1.000000 1.000000 1.000000
1660.337524 0.000000 2331.559082 0.000000 0.945704 0.000000 0.325030 1.000000 1.000000 1.000000
1700.170288 0.000000 2267.680664 0.000000 0.986639 0.000000 -0.162924 1.000000 1.000000 1.000000
1695.176880 0.000000 2273.941162 0.000000 0.982772 0.000000 0.184822 1.000000 1.000000 1.000000
1694.182129 0.000000 2275.642822 0.000000 0.971725 0.000000 0.236114 1.000000 1.000000 1.000000
1694.182251 0.000000 2272.200195 0.000000 0.987812 0.000000 -0.155650 1.000000 1.000000 1.000000
1709.841675 0.000000 2298.110352 0.000000 0.989902 0.000000 -0.141755 1.000000 1.000000 1.000000
1701.321289 0.000000 2269.636475 0.000000 0.997660 0.000000 0.068364 1.000000 1.000000 1.000000
1771.549683 0.000000 2271.573486 0.000000 0.941197 0.000000 0.337858 1.000000 1.000000 1.000000
1772.245972 0.000000 2274.801514 0.000000 0.798741 0.000000 0.601675 1.000000 1.000000 1.000000
1744.793091 0.000000 2272.427979 0.000000 0.999673 0.000000 0.025567 1.000000 1.000000 1.000000
1681.681641 0.000000 2318.769287 0.000000 0.975812 0.000000 0.218613 1.000000 1.000000 1.000000
1692.682495 0.000000 2357.509766 0.000000 0.955556 0.000000 -0.294811 1.000000 1.000000 1.000000
1667.991943 0.000000 2354.384521 0.000000 0.998813 0.000000 -0.048716 1.000000 1.000000 1.000000
1693.841675 0.000000 2357.508545 0.000000 0.993469 0.000000 -0.114100 1.000000 1.000000 1.000000
1666.244751 0.000000 2354.989502 0.000000 0.920183 0.000000 0.391488 1.000000 1.000000 1.000000
1740.484497 0.000000 2352.621338 0.000000 0.942357 0.000000 0.334610 1.000000 1.000000 1.000000
1723.943726 0.000000 2385.868164 0.000000 0.998056 0.000000 -0.062331 1.000000 1.000000 1.000000
5440.610840 0.000000 2064.579346 0.000000 0.999180 0.000000 -0.040497 1.000000 1.000000 1.000000
5545.436523 0.000000 2078.104736 0.000000 0.806781 0.000000 0.590851 1.000000 1.000000 1.000000
5557.464355 0.000000 2070.213867 0.000000 0.917192 0.000000 -0.398446 1.000000 1.000000 1.000000
5574.634277 0.000000 2071.028564 0.000000 0.903806 0.000000 -0.427941 1.000000 1.000000 1.000000
5455.936035 0.000000 2095.781738 0.000000 0.800410 0.000000 0.599452 1.000000 1.000000 1.000000
5448.291992 0.000000 2096.369629 0.000000 0.989398 0.000000 0.145232 1.000000 1.000000 1.000000
5451.755859 0.000000 2093.586914 0.000000 0.990177 0.000000 0.139817 1.000000 1.000000 1.000000
5463.256348 0.000000 2099.912842 0.000000 0.913399 0.000000 -0.407066 1.000000 1.000000 1.000000
5458.558594 0.000000 2098.777100 0.000000 0.969319 0.000000 -0.245807 1.000000 1.000000 1.000000
5461.519043 0.000000 2101.966797 0.000000 0.999916 0.000000 0.012974 1.000000 1.000000 1.000000
5548.996094 0.000000 2079.529297 0.000000 0.985984 0.000000 -0.166838 1.000000 1.000000 1.000000
5558.869629 0.000000 2192.143555 0.000000 0.990215 0.000000 -0.139551 1.000000 1.000000 1.000000
5562.554199 0.000000 2186.339111 0.000000 0.993569 0.000000 -0.113229 1.000000 1.000000 1.000000
5562.082520 0.000000 2195.025391 0.000000 0.910709 0.000000 0.413049 1.000000 1.000000 1.000000
5568.338379 0.000000 2196.062012 0.000000 0.987041 0.000000 -0.160470 1.000000 1.000000 1.000000
5572.539062 0.000000 2193.493164 0.000000 0.934604 0.000000 0.355690 1.000000 1.000000 1.000000
5569.766113 0.000000 2193.757080 0.000000 0.999723 0.000000 0.023540 1.000000 1.000000 1.000000
5570.401855 0.000000 2197.801758 0.000000 0.962853 0.000000 -0.270028 1.000000 1.000000 1.000000
5571.418457 0.000000 2195.527100 0.000000 0.969563 0.000000 0.244841 1.000000 1.000000 1.000000
5628.554199 0.000000 2237.980713 0.000000 0.951958 0.000000 -0.306228 1.000000 1.000000 1.000000
5619.385742 0.000000 2261.866211 0.000000 0.998039 0.000000 0.062587 1.000000 1.000000 1.000000
5616.281738 0.000000 2261.674316 0.000000 0.940156 0.000000 -0.340743 1.000000 1.000000 1.000000
5618.125488 0.000000 2223.395752 0.000000 0.995297 0.000000 -0.096872 1.000000 1.000000 1.000000
6141.919434 0.000000 2004.762695 0.000000 0.831251 0.000000 0.555897 1.000000 1.000000 1.000000
6140.890625 0.000000 2003.394653 0.000000 0.956277 0.000000 -0.292461 1.000000 1.000000 1.000000
5648.378906 0.000000 2258.744385 0.000000 0.905752 0.000000 -0.423807 1.000000 1.000000 1.000000
5681.922363 0.000000 2243.877930 0.000000 0.862920 0.000000 0.505340 1.000000 1.000000 1.000000
5647.613281 0.000000 2256.682373 0.000000 0.998346 0.000000 0.057489 1.000000 1.000000 1.000000
6015.289551 0.000000 2218.444336 0.000000 0.839913 0.000000 0.542722 1.000000 1.000000 1.000000
6090.503906 0.000000 2206.291748 0.000000 0.922701 0.000000 0.385515 1.000000 1.000000 1.000000
6082.539551 0.000000 2205.776123 0.000000 0.992671 0.000000 -0.120848 1.000000 1.000000 1.000000
6035.525391 0.000000 2220.497803 0.000000 0.972655 0.000000 0.232253 1.000000 1.000000 1.000000
5684.030273 0.000000 2280.949463 0.000000 0.859039 0.000000 0.511910 1.000000 1.000000 1.000000
5855.169922 0.000000 2286.530762 0.000000 0.989627 0.000000 0.143662 1.000000 1.000000 1.000000
5788.973145 0.000000 2324.706787 0.000000 0.967792 0.000000 -0.251752 1.000000 1.000000 1.000000
5803.568359 0.000000 2360.734863 0.000000 0.928948 0.000000 -0.370210 1.000000 1.000000 1.000000
5781.742676 0.000000 2324.522217 0.000000 0.989428 0.000000 -0.145024 1.000000 1.000000 1.000000
5802.013184 0.000000 2359.769775 0.000000 0.993562 0.000000 -0.113286 1.000000 1.000000 1.000000
5861.208008 0.000000 2341.428467 0.000000 0.968836 0.000000 0.247705 1.000000 1.000000 1.000000
5859.548828 0.000000 2342.353027 0.000000 0.998260 0.000000 -0.058965 1.000000 1.000000 1.000000
5757.379395 0.000000 2366.267822 0.000000 0.928747 0.000000 0.370713 1.000000 1.000000 1.000000
5750.289551 0.000000 2395.828369 0.000000 0.984942 0.000000 -0.172883 1.000000 1.000000 1.000000
5745.032227 0.000000 2398.464111 0.000000 0.997792 0.000000 -0.066422 1.000000 1.000000 1.000000
5743.129883 0.000000 2397.889160 0.000000 0.985494 0.000000 -0.169708 1.000000 1.000000 1.000000
5745.850586 0.000000 2404.449219 0.000000 0.948944 0.000000 0.315446 1.000000 1.000000 1.000000
5748.414551 0.000000 2395.304688 0.000000 0.801575 0.000000 0.597894 1.000000 1.000000 1.000000
5747.796387 0.000000 2389.296875 0.000000 0.853055 0.000000 0.521822 1.000000 1.000000 1.000000
5743.289551 0.000000 2396.544434 0.000000 0.915152 0.000000 -0.403108 1.000000 1.000000 1.000000
5759.596680 0.000000 2366.163818 0.000000 0.886605 0.000000 0.462527 1.000000 1.000000 1.000000
5778.507812 0.000000 2390.312256 0.000000 0.994251 0.000000 0.107070 1.000000 1.000000 1.000000
5785.070312 0.000000 2371.293457 0.000000 0.990329 0.000000 0.138740 1.000000 1.000000 1.000000
5770.259766 0.000000 2392.546143 0.000000 0.939225 0.000000 -0.343302 1.000000 1.000000 1.000000
5764.410156 0.000000 2402.669434 0.000000 0.905029 0.000000 -0.425350 1.000000 1.000000 1.000000
5768.215820 0.000000 2395.280273 0.000000 0.922123 0.000000 -0.386896 1.000000 1.000000 1.000000
5869.141602 0.000000 2374.239258 0.000000 0.910608 0.000000 -0.413271 1.000000 1.000000 1.000000
5760.576172 0.000000 2427.186523 0.000000 0.902749 0.000000 0.430168 1.000000 1.000000 1.000000
5788.973145 0.000000 2419.191162 0.000000 0.939475 0.000000 -0.342618 1.000000 1.000000 1.000000
5791.041016 0.000000 2436.133545 0.000000 0.911335 0.000000 -0.411665 1.000000 1.000000 1.000000
5822.817383 0.000000 2444.603027 0.000000 0.995497 0.000000 0.094794 1.000000 1.000000 1.000000
5780.627930 0.000000 2417.009766 0.000000 0.953295 0.000000 -0.302042 1.000000 1.000000 1.000000
5818.130371 0.000000 2436.053955 0.000000 0.993762 0.000000 -0.111518 1.000000 1.000000 1.000000
5784.226562 0.000000 2451.655762 0.000000 0.829744 0.000000 0.558144 1.000000 1.000000 1.000000
5798.411621 0.000000 2441.485107 0.000000 0.995215 0.000000 0.097711 1.000000 1.000000 1.000000
5777.295898 0.000000 2440.612305 0.000000 0.994292 0.000000 0.106696 1.000000 1.000000 1.000000
5786.133789 0.000000 2440.661865 0.000000 0.945805 0.000000 -0.324735 1.000000 1.000000 1.000000
5770.169922 0.000000 2422.371582 0.000000 0.913641 0.000000 0.406521 1.000000 1.000000 1.000000
5789.676758 0.000000 2440.200439 0.000000 0.932549 0.000000 -0.361042 1.000000 1.000000 1.000000
5781.167480 0.000000 2436.884521 0.000000 0.998388 0.000000 -0.056766 1.000000 1.000000 1.000000
5822.250977 0.000000 2446.284668 0.000000 0.829889 0.000000 0.557928 1.000000 1.000000 1.000000
5846.565430 0.000000 2421.217285 0.000000 0.949626 0.000000 -0.313384 1.000000 1.000000 1.000000
5824.460449 0.000000 2436.168701 0.000000 0.992207 0.000000 0.124603 1.000000 1.000000 1.000000
5855.651855 0.000000 2417.447266 0.000000 0.998220 0.000000 -0.059639 1.000000 1.000000 1.000000
5847.740723 0.000000 2422.816650 0.000000 0.930825 0.000000 0.365465 1.000000 1.000000 1.000000
5908.612305 0.000000 2275.283203 0.000000 0.932482 0.000000 -0.361216 1.000000 1.000000 1.000000
5930.786621 0.000000 2291.443359 0.000000 0.927003 0.000000 -0.375055 1.000000 1.000000 1.000000
5943.921387 0.000000 2311.902588 0.000000 0.999911 0.000000 -0.013338 1.000000 1.000000 1.000000
5906.730957 0.000000 2273.798340 0.000000 0.974656 0.000000 0.223707 1.000000 1.000000 1.000000
5906.461914 0.000000 2272.106445 0.000000 0.960404 0.000000 -0.278612 1.000000 1.000000 1.000000
5938.434570 0.000000 2297.363037 0.000000 0.975654 0.000000 0.219316 1.000000 1.000000 1.000000
5938.128418 0.000000 2296.039551 0.000000 0.915636 0.000000 0.402009 1.000000 1.000000 1.000000
5939.499512 0.000000 2297.645752 0.000000 0.946165 0.000000 -0.323685 1.000000 1.000000 1.000000
5976.628906 0.000000 2296.526611 0.000000 0.996383 0.000000 0.084980 1.000000 1.000000 1.000000
5968.380859 0.000000 2310.086914 0.000000 0.927334 0.000000 0.374235 1.000000 1.000000 1.000000
6003.775879 0.000000 2302.423340 0.000000 0.945682 0.000000 -0.325094 1.000000 1.000000 1.000000
5978.263672 0.000000 2294.157471 0.000000 0.884585 0.000000 0.466379 1.000000 1.000000 1.000000
5979.604004 0.000000 2286.184814 0.000000 0.855891 0.000000 0.517156 1.000000 1.000000 1.000000
5970.384277 0.000000 2269.755127 0.000000 0.924804 0.000000 0.380445 1.000000 1.000000 1.000000
5978.907715 0.000000 2272.467285 0.000000 0.936049 0.000000 -0.351869 1.000000 1.000000 1.000000
5919.772461 0.000000 2329.627930 0.000000 0.959232 0.000000 -0.282619 1.000000 1.000000 1.000000
5943.756348 0.000000 2342.265137 0.000000 0.999646 0.000000 -0.026587 1.000000 1.000000 1.000000
5939.120117 0.000000 2326.347656 0.000000 0.991243 0.000000 -0.132047 1.000000 1.000000 1.000000
5997.852051 0.000000 2341.127197 0.000000 0.980203 0.000000 0.197993 1.000000 1.000000 1.000000
6078.786133 0.000000 2302.876465 0.000000 0.961715 0.000000 -0.274051 1.000000 1.000000 1.000000
6074.310059 0.000000 2310.239502 0.000000 0.831254 0.000000 0.555893 1.000000 1.000000 1.000000
6078.205566 0.000000 2294.921631 0.000000 0.992934 0.000000 0.118665 1.000000 1.000000 1.000000
6076.373047 0.000000 2304.662598 0.000000 0.813534 0.000000 0.581517 1.000000 1.000000 1.000000
6059.675781 0.000000 2310.667236 0.000000 0.784473 0.000000 0.620163 1.000000 1.000000 1.000000
6078.101074 0.000000 2300.115479 0.000000 0.800211 0.000000 0.599719 1.000000 1.000000 1.000000
6054.240723 0.000000 2310.467041 0.000000 0.887604 0.000000 0.460607 1.000000 1.000000 1.000000
6058.748535 0.000000 2308.548096 0.000000 0.998212 0.000000 0.059781 1.000000 1.000000 1.000000
6031.566406 0.000000 2303.924561 0.000000 0.924601 0.000000 -0.380937 1.000000 1.000000 1.000000
6079.626953 0.000000 2297.982422 0.000000 0.968316 0.000000 0.249728 1.000000 1.000000 1.000000
6129.430176 0.000000 2280.604736 0.000000 0.989523 0.000000 -0.144378 1.000000 1.000000 1.000000
6135.553223 0.000000 2299.090576 0.000000 0.954922 0.000000 -0.296858 1.000000 1.000000 1.000000
6118.372559 0.000000 2299.758545 0.000000 0.985691 0.000000 -0.168563 1.000000 1.000000 1.000000
6092.975586 0.000000 2268.345215 0.000000 0.963901 0.000000 0.266260 1.000000 1.000000 1.000000
6132.909668 0.000000 2273.679199 0.000000 0.975910 0.000000 0.218174 1.000000 1.000000 1.000000
6119.589355 0.000000 2301.610840 0.000000 0.943764 0.000000 -0.330619 1.000000 1.000000 1.000000
6131.096680 0.000000 2279.105469 0.000000 0.945589 0.000000 0.325365 1.000000 1.000000 1.000000
6098.093750 0.000000 2311.437500 0.000000 0.994982 0.000000 0.100054 1.000000 1.000000 1.000000
6094.154785 0.000000 2305.777344 0.000000 0.908630 0.000000 -0.417601 1.000000 1.000000 1.000000
6117.881348 0.000000 2301.405029 0.000000 0.855170 0.000000 0.518347 1.000000 1.000000 1.000000
6112.045410 0.000000 2296.614990 0.000000 0.993577 0.000000 0.113155 1.000000 1.000000 1.000000
6116.793945 0.000000 2300.363525 0.000000 0.966295 0.000000 -0.257437 1.000000 1.000000 1.000000
6059.675781 0.000000 2357.909424 0.000000 0.971322 0.000000 -0.237766 1.000000 1.000000 1.000000
6057.981934 0.000000 2359.769775 0.000000 0.857796 0.000000 0.513991 1.000000 1.000000 1.000000
6057.495605 0.000000 2356.884521 0.000000 0.952862 0.000000 -0.303405 1.000000 1.000000 1.000000
6079.557617 0.000000 2318.921631 0.000000 0.836353 0.000000 0.548191 1.000000 1.000000 1.000000
6120.082031 0.000000 2324.269531 0.000000 0.911763 0.000000 -0.410718 1.000000 1.000000 1.000000
6121.913574 0.000000 2345.336914 0.000000 0.984354 0.000000 -0.176204 1.000000 1.000000 1.000000
6098.468750 0.000000 2343.070068 0.000000 0.981485 0.000000 -0.191539 1.000000 1.000000 1.000000
6121.233887 0.000000 2353.975098 0.000000 0.989374 0.000000 -0.145396 1.000000 1.000000 1.000000
6120.874512 0.000000 2351.378906 0.000000 0.974888 0.000000 -0.222697 1.000000 1.000000 1.000000
6102.465332 0.000000 2358.831299 0.000000 0.788624 0.000000 0.614876 1.000000 1.000000 1.000000
6109.549805 0.000000 2358.653320 0.000000 0.975813 0.000000 -0.218608 1.000000 1.000000 1.000000
6119.589355 0.000000 2348.853027 0.000000 0.912572 0.000000 0.408917 1.000000 1.000000 1.000000
6120.619141 0.000000 2349.912109 0.000000 0.818998 0.000000 0.573796 1.000000 1.000000 1.000000
5988.262207 0.000000 2391.337891 0.000000 0.788567 0.000000 0.614949 1.000000 1.000000 1.000000
6021.811523 0.000000 2367.640869 0.000000 0.918997 0.000000 0.394265 1.000000 1.000000 1.000000
6089.050781 0.000000 2407.849121 0.000000 0.825025 0.000000 0.565096 1.000000 1.000000 1.000000
6093.422852 0.000000 2398.343506 0.000000 0.964201 0.000000 0.265174 1.000000 1.000000 1.000000
6095.231934 0.000000 2411.079102 0.000000 0.998793 0.000000 0.049114 1.000000 1.000000 1.000000
6092.975586 0.000000 2410.071777 0.000000 0.931855 0.000000 0.362830 1.000000 1.000000 1.000000
6118.648926 0.000000 2429.091309 0.000000 0.998778 0.000000 0.049431 1.000000 1.000000 1.000000
5814.838379 0.000000 2475.596680 0.000000 0.976312 0.000000 -0.216367 1.000000 1.000000 1.000000
5801.952637 0.000000 2487.063477 0.000000 0.976130 0.000000 0.217185 1.000000 1.000000 1.000000
5798.411621 0.000000 2488.727295 0.000000 0.929824 0.000000 0.368005 1.000000 1.000000 1.000000
5777.264648 0.000000 2465.536621 0.000000 0.973380 0.000000 -0.229199 1.000000 1.000000 1.000000
5817.203125 0.000000 2480.910889 0.000000 0.829821 0.000000 0.558029 1.000000 1.000000 1.000000
5778.746582 0.000000 2462.767090 0.000000 0.978560 0.000000 -0.205961 1.000000 1.000000 1.000000
5806.398438 0.000000 2489.745850 0.000000 0.812049 0.000000 0.583590 1.000000 1.000000 1.000000
5855.780273 0.000000 2471.354492 0.000000 0.998737 0.000000 -0.050253 1.000000 1.000000 1.000000
5882.122559 0.000000 2483.296143 0.000000 0.821392 0.000000 0.570364 1.000000 1.000000 1.000000
5862.403809 0.000000 2488.727295 0.000000 0.904063 0.000000 -0.427400 1.000000 1.000000 1.000000
5877.119629 0.000000 2478.532227 0.000000 0.918661 0.000000 -0.395046 1.000000 1.000000 1.000000
5851.059570 0.000000 2472.461670 0.000000 0.812458 0.000000 0.583020 1.000000 1.000000 1.000000
5859.001465 0.000000 2489.817627 0.000000 0.828543 0.000000 0.559925 1.000000 1.000000 1.000000
5886.686523 0.000000 2509.040527 0.000000 0.982075 0.000000 -0.188493 1.000000 1.000000 1.000000
5783.217285 0.000000 2619.576904 0.000000 0.963654 0.000000 -0.267152 1.000000 1.000000 1.000000
5784.581543 0.000000 2618.271973 0.000000 0.830335 0.000000 0.557264 1.000000 1.000000 1.000000
5883.633789 0.000000 2626.598145 0.000000 0.930974 0.000000 0.365085 1.000000 1.000000 1.000000
5877.745605 0.000000 2611.994141 0.000000 0.911354 0.000000 -0.411624 1.000000 1.000000 1.000000
5876.834961 0.000000 2610.694824 0.000000 0.911989 0.000000 0.410215 1.000000 1.000000 1.000000
5896.237305 0.000000 2474.307129 0.000000 0.961214 0.000000 0.275803 1.000000 1.000000 1.000000
5939.346680 0.000000 2498.077148 0.000000 0.999285 0.000000 0.037813 1.000000 1.000000 1.000000
5889.642090 0.000000 2472.000244 0.000000 0.999679 0.000000 0.025344 1.000000 1.000000 1.000000
5898.625977 0.000000 2474.646484 0.000000 0.983270 0.000000 -0.182152 1.000000 1.000000 1.000000
5897.782715 0.000000 2477.072266 0.000000 0.999633 0.000000 -0.027071 1.000000 1.000000 1.000000
5941.194336 0.000000 2497.298828 0.000000 0.944544 0.000000 0.328385 1.000000 1.000000 1.000000
5997.776855 0.000000 2501.883789 0.000000 0.953972 0.000000 0.299896 1.000000 1.000000 1.000000
5969.406738 0.000000 2492.575928 0.000000 0.970694 0.000000 -0.240319 1.000000 1.000000 1.000000
5903.881348 0.000000 2520.961426 0.000000 0.993448 0.000000 0.114288 1.000000 1.000000 1.000000
5903.624023 0.000000 2518.078613 0.000000 0.999999 0.000000 0.001615 1.000000 1.000000 1.000000
5913.680664 0.000000 2511.059326 0.000000 0.964710 0.000000 -0.263313 1.000000 1.000000 1.000000
5896.487793 0.000000 2516.630127 0.000000 0.968258 0.000000 -0.249953 1.000000 1.000000 1.000000
6037.523926 0.000000 2486.312256 0.000000 0.999763 0.000000 -0.021754 1.000000 1.000000 1.000000
6021.822266 0.000000 2483.994873 0.000000 0.988425 0.000000 -0.151710 1.000000 1.000000 1.000000
6066.632812 0.000000 2489.742432 0.000000 0.993438 0.000000 -0.114374 1.000000 1.000000 1.000000
6018.346680 0.000000 2485.178223 0.000000 0.943598 0.000000 -0.331094 1.000000 1.000000 1.000000
6019.157715 0.000000 2484.254395 0.000000 0.997274 0.000000 -0.073784 1.000000 1.000000 1.000000
6135.443359 0.000000 2492.786865 0.000000 0.938213 0.000000 -0.346058 1.000000 1.000000 1.000000
6135.553223 0.000000 2488.059326 0.000000 0.923106 0.000000 -0.384547 1.000000 1.000000 1.000000
6132.367676 0.000000 2489.789062 0.000000 0.946712 0.000000 0.322082 1.000000 1.000000 1.000000
6036.640625 0.000000 2541.909424 0.000000 0.972852 0.000000 -0.231426 1.000000 1.000000 1.000000
6034.975586 0.000000 2544.535400 0.000000 0.999074 0.000000 0.043037 1.000000 1.000000 1.000000
6085.803711 0.000000 2509.367432 0.000000 0.794102 0.000000 0.607785 1.000000 1.000000 1.000000
5904.103516 0.000000 2557.303223 0.000000 0.910565 0.000000 -0.413365 1.000000 1.000000 1.000000
5951.054199 0.000000 2563.404785 0.000000 0.832237 0.000000 0.554421 1.000000 1.000000 1.000000
5894.933105 0.000000 2563.093750 0.000000 0.929547 0.000000 0.368704 1.000000 1.000000 1.000000
5941.111816 0.000000 2573.016602 0.000000 0.815739 0.000000 0.578421 1.000000 1.000000 1.000000
5899.562012 0.000000 2593.047852 0.000000 0.913174 0.000000 -0.407571 1.000000 1.000000 1.000000
5896.614258 0.000000 2561.847900 0.000000 0.944456 0.000000 0.328637 1.000000 1.000000 1.000000
5896.113770 0.000000 2594.977783 0.000000 0.995896 0.000000 -0.090505 1.000000 1.000000 1.000000
6010.330566 0.000000 2596.956299 0.000000 0.875297 0.000000 0.483585 1.000000 1.000000 1.000000
6012.396973 0.000000 2596.685791 0.000000 0.935484 0.000000 0.353370 1.000000 1.000000 1.000000
6008.354980 0.000000 2571.541748 0.000000 0.930551 0.000000 0.366163 1.000000 1.000000 1.000000
5928.105469 0.000000 2607.722656 0.000000 0.971604 0.000000 -0.236612 1.000000 1.000000 1.000000
5911.288574 0.000000 2616.927490 0.000000 0.993113 0.000000 -0.117161 1.000000 1.000000 1.000000
5928.192871 0.000000 2598.355469 0.000000 0.931179 0.000000 0.364563 1.000000 1.000000 1.000000
5929.694824 0.000000 2604.691650 0.000000 0.965201 0.000000 -0.261510 1.000000 1.000000 1.000000
5910.418457 0.000000 2615.288574 0.000000 0.908348 0.000000 0.418216 1.000000 1.000000 1.000000
5895.007324 0.000000 2621.738525 0.000000 0.975781 0.000000 -0.218748 1.000000 1.000000 1.000000
6024.221680 0.000000 2568.791504 0.000000 0.950611 0.000000 0.310384 1.000000 1.000000 1.000000
6035.096191 0.000000 2574.326904 0.000000 0.991570 0.000000 -0.129572 1.000000 1.000000 1.000000
6028.111816 0.000000 2571.078369 0.000000 0.978764 0.000000 -0.204989 1.000000 1.000000 1.000000
6025.982422 0.000000 2567.103027 0.000000 0.875640 0.000000 0.482965 1.000000 1.000000 1.000000
5616.043945 0.000000 2903.104004 0.000000 0.993472 0.000000 -0.114076 1.000000 1.000000 1.000000
5626.047852 0.000000 2913.703613 0.000000 1.000000 0.000000 -0.000024 1.000000 1.000000 1.000000
5618.568359 0.000000 2902.919189 0.000000 0.876915 0.000000 0.480645 1.000000 1.000000 1.000000
5624.648438 0.000000 2915.694092 0.000000 0.917078 0.000000 -0.398707 1.000000 1.000000 1.000000
5627.665039 0.000000 2910.051270 0.000000 0.919772 0.000000 0.392454 1.000000 1.000000 1.000000
5622.180176 0.000000 2905.098633 0.000000 0.835552 0.000000 0.549411 1.000000 1.000000 1.000000
5624.698242 0.000000 2914.195557 0.000000 0.792199 0.000000 0.610262 1.000000 1.000000 1.000000
5611.863770 0.000000 2900.861084 0.000000 0.995402 0.000000 -0.095786 1.000000 1.000000 1.000000
6116.246582 0.000000 2816.517578 0.000000 0.939809 0.000000 0.341699 1.000000 1.000000 1.000000
6119.373535 0.000000 2817.485840 0.000000 0.941228 0.000000 0.337772 1.000000 1.000000 1.000000
5632.831055 0.000000 2874.046387 0.000000 0.999249 0.000000 -0.038740 1.000000 1.000000 1.000000
5686.435059 0.000000 2906.870605 0.000000 0.812956 0.000000 0.582325 1.000000 1.000000 1.000000
5676.447754 0.000000 2913.956055 0.000000 0.971330 0.000000 -0.237735 1.000000 1.000000 1.000000
5677.357422 0.000000 2912.258789 0.000000 0.936832 0.000000 0.349779 1.000000 1.000000 1.000000
5701.809570 0.000000 2899.041504 0.000000 0.986903 0.000000 0.161316 1.000000 1.000000 1.000000
5801.952637 0.000000 2912.243164 0.000000 0.992756 0.000000 -0.120149 1.000000 1.000000 1.000000
5763.335449 0.000000 2916.020020 0.000000 0.986850 0.000000 -0.161636 1.000000 1.000000 1.000000
5789.432129 0.000000 2919.083740 0.000000 0.992652 0.000000 -0.121006 1.000000 1.000000 1.000000
5818.969727 0.000000 2916.098145 0.000000 0.968309 0.000000 -0.249756 1.000000 1.000000 1.000000
5776.451172 0.000000 2916.212158 0.000000 1.000000 0.000000 0.000838 1.000000 1.000000 1.000000
5760.356445 0.000000 2918.082031 0.000000 0.868128 0.000000 0.496341 1.000000 1.000000 1.000000
5790.821777 0.000000 2916.510742 0.000000 0.917773 0.000000 -0.397105 1.000000 1.000000 1.000000
5784.532227 0.000000 2917.950195 0.000000 0.897076 0.000000 0.441876 1.000000 1.000000 1.000000
5819.641602 0.000000 2910.051270 0.000000 0.884979 0.000000 0.465631 1.000000 1.000000 1.000000
5761.565918 0.000000 2916.645020 0.000000 0.827636 0.000000 0.561265 1.000000 1.000000 1.000000
5836.520508 0.000000 2906.617432 0.000000 0.955631 0.000000 -0.294565 1.000000 1.000000 1.000000
5857.076172 0.000000 2921.775635 0.000000 0.967951 0.000000 0.251140 1.000000 1.000000 1.000000
5879.474609 0.000000 2917.966553 0.000000 0.883804 0.000000 0.467857 1.000000 1.000000 1.000000
5864.720215 0.000000 2925.350586 0.000000 0.983733 0.000000 -0.179636 1.000000 1.000000 1.000000
5862.561523 0.000000 2917.572510 0.000000 0.999165 0.000000 -0.040851 1.000000 1.000000 1.000000
5831.145508 0.000000 2912.758057 0.000000 0.998927 0.000000 -0.046308 1.000000 1.000000 1.000000
5878.980957 0.000000 2889.174072 0.000000 0.953408 0.000000 0.301685 1.000000 1.000000 1.000000
5861.517090 0.000000 2922.225586 0.000000 0.881340 0.000000 0.472483 1.000000 1.000000 1.000000
5865.265137 0.000000 2920.881348 0.000000 0.990454 0.000000 -0.137843 1.000000 1.000000 1.000000
5848.587402 0.000000 2915.441406 0.000000 0.900981 0.000000 0.433859 1.000000 1.000000 1.000000
5882.961914 0.000000 2916.098145 0.000000 0.911357 0.000000 0.411618 1.000000 1.000000 1.000000
5878.968262 0.000000 2886.620361 0.000000 0.973924 0.000000 -0.226874 1.000000 1.000000 1.000000
5870.099121 0.000000 2924.559570 0.000000 0.926490 0.000000 -0.376318 1.000000 1.000000 1.000000
5823.372559 0.000000 2901.882324 0.000000 0.839728 0.000000 0.543007 1.000000 1.000000 1.000000
5863.332031 0.000000 2927.175293 0.000000 0.974239 0.000000 0.225518 1.000000 1.000000 1.000000
5878.481445 0.000000 2898.688477 0.000000 0.883225 0.000000 0.468949 1.000000 1.000000 1.000000
5670.584961 0.000000 2964.814697 0.000000 0.998433 0.000000 0.055956 1.000000 1.000000 1.000000
5677.114746 0.000000 2950.479736 0.000000 0.990046 0.000000 0.140743 1.000000 1.000000 1.000000
5690.066895 0.000000 2950.900391 0.000000 0.858003 0.000000 0.513644 1.000000 1.000000 1.000000
5690.145996 0.000000 2955.718018 0.000000 0.972496 0.000000 -0.232918 1.000000 1.000000 1.000000
5645.507324 0.000000 2941.316406 0.000000 0.942426 0.000000 -0.334416 1.000000 1.000000 1.000000
5691.459961 0.000000 2952.774414 0.000000 0.994105 0.000000 -0.108419 1.000000 1.000000 1.000000
5740.972656 0.000000 2929.888672 0.000000 0.944951 0.000000 -0.327212 1.000000 1.000000 1.000000
5698.241211 0.000000 2968.085938 0.000000 0.988376 0.000000 0.152026 1.000000 1.000000 1.000000
5729.922852 0.000000 2935.239502 0.000000 0.973556 0.000000 0.228450 1.000000 1.000000 1.000000
5705.806152 0.000000 2949.494141 0.000000 0.888824 0.000000 0.458249 1.000000 1.000000 1.000000
5731.242676 0.000000 2936.850830 0.000000 0.782309 0.000000 0.622890 1.000000 1.000000 1.000000
5651.572266 0.000000 2976.372803 0.000000 0.964494 0.000000 -0.264106 1.000000 1.000000 1.000000
5657.080566 0.000000 2981.820312 0.000000 0.983478 0.000000 -0.181027 1.000000 1.000000 1.000000
5661.692383 0.000000 3007.106689 0.000000 0.990286 0.000000 0.139047 1.000000 1.000000 1.000000
5807.323730 0.000000 2930.690918 0.000000 0.914482 0.000000 -0.404628 1.000000 1.000000 1.000000
5886.809570 0.000000 2964.267090 0.000000 0.855429 0.000000 0.517920 1.000000 1.000000 1.000000
5867.915039 0.000000 2939.408447 0.000000 0.940515 0.000000 0.339753 1.000000 1.000000 1.000000
5881.524902 0.000000 2958.433350 0.000000 0.913389 0.000000 0.407088 1.000000 1.000000 1.000000
5866.593262 0.000000 2945.007324 0.000000 0.956558 0.000000 0.291543 1.000000 1.000000 1.000000
5879.425781 0.000000 2931.477295 0.000000 0.788932 0.000000 0.614480 1.000000 1.000000 1.000000
5897.388184 0.000000 2876.309082 0.000000 0.817106 0.000000 0.576487 1.000000 1.000000 1.000000
5916.518555 0.000000 2914.601318 0.000000 0.927651 0.000000 -0.373447 1.000000 1.000000 1.000000
5919.025391 0.000000 2908.555420 0.000000 0.999846 0.000000 -0.017536 1.000000 1.000000 1.000000
5921.217773 0.000000 2927.261963 0.000000 0.974458 0.000000 -0.224568 1.000000 1.000000 1.000000
5887.581055 0.000000 2895.386719 0.000000 0.981815 0.000000 0.189842 1.000000 1.000000 1.000000
5898.527344 0.000000 2914.924561 0.000000 0.850183 0.000000 0.526487 1.000000 1.000000 1.000000
5907.532227 0.000000 2896.181641 0.000000 0.997102 0.000000 0.076075 1.000000 1.000000 1.000000
5923.157715 0.000000 2918.989502 0.000000 0.816165 0.000000 0.577818 1.000000 1.000000 1.000000
5888.284668 0.000000 2892.707031 0.000000 0.996951 0.000000 0.078026 1.000000 1.000000 1.000000
5899.180664 0.000000 2904.220459 0.000000 0.999781 0.000000 0.020937 1.000000 1.000000 1.000000
5897.793945 0.000000 2906.353516 0.000000 0.833189 0.000000 0.552988 1.000000 1.000000 1.000000
5898.096191 0.000000 2890.159912 0.000000 0.878975 0.000000 0.476867 1.000000 1.000000 1.000000
5923.424316 0.000000 2921.234375 0.000000 0.934990 0.000000 -0.354674 1.000000 1.000000 1.000000
5918.520508 0.000000 2910.628418 0.000000 0.953628 0.000000 0.300987 1.000000 1.000000 1.000000
5931.916504 0.000000 2907.387939 0.000000 0.854568 0.000000 0.519339 1.000000 1.000000 1.000000
5924.900879 0.000000 2919.836426 0.000000 0.994426 0.000000 0.105439 1.000000 1.000000 1.000000
5960.229492 0.000000 2899.486816 0.000000 0.976228 0.000000 0.216748 1.000000 1.000000 1.000000
5959.129883 0.000000 2912.758057 0.000000 0.999952 0.000000 -0.009807 1.000000 1.000000 1.000000
5983.017578 0.000000 2908.555420 0.000000 0.809867 0.000000 0.586614 1.000000 1.000000 1.000000
5956.349121 0.000000 2897.024658 0.000000 0.945045 0.000000 0.326940 1.000000 1.000000 1.000000
6006.041504 0.000000 2928.346436 0.000000 0.794305 0.000000 0.607519 1.000000 1.000000 1.000000
5997.776855 0.000000 2927.063477 0.000000 0.953794 0.000000 -0.300461 1.000000 1.000000 1.000000
5967.614258 0.000000 2903.408203 0.000000 0.999954 0.000000 -0.009541 1.000000 1.000000 1.000000
5980.265137 0.000000 2910.720947 0.000000 0.991303 0.000000 -0.131602 1.000000 1.000000 1.000000
5956.652832 0.000000 2918.930176 0.000000 0.996805 0.000000 0.079872 1.000000 1.000000 1.000000
5970.983398 0.000000 2922.472900 0.000000 0.972987 0.000000 0.230862 1.000000 1.000000 1.000000
5957.830078 0.000000 2909.174561 0.000000 0.992698 0.000000 0.120622 1.000000 1.000000 1.000000
5965.879883 0.000000 2923.871094 0.000000 0.969419 0.000000 -0.245413 1.000000 1.000000 1.000000
5966.547852 0.000000 2901.163818 0.000000 0.873551 0.000000 0.486732 1.000000 1.000000 1.000000
5973.035645 0.000000 2902.048584 0.000000 0.994714 0.000000 -0.102683 1.000000 1.000000 1.000000
5991.316406 0.000000 2927.175293 0.000000 0.858957 0.000000 0.512048 1.000000 1.000000 1.000000
5963.554199 0.000000 2923.743164 0.000000 0.983474 0.000000 0.181049 1.000000 1.000000 1.000000
5968.921875 0.000000 2922.123779 0.000000 0.999299 0.000000 0.037424 1.000000 1.000000 1.000000
5976.215820 0.000000 2908.671631 0.000000 0.976760 0.000000 0.214337 1.000000 1.000000 1.000000
5999.514648 0.000000 2926.102295 0.000000 0.979349 0.000000 0.202179 1.000000 1.000000 1.000000
5979.181152 0.000000 2906.889160 0.000000 0.938455 0.000000 -0.345401 1.000000 1.000000 1.000000
6088.213867 0.000000 2852.244629 0.000000 0.936028 0.000000 0.351924 1.000000 1.000000 1.000000
6104.613281 0.000000 2863.432861 0.000000 0.980390 0.000000 -0.197069 1.000000 1.000000 1.000000
6088.611328 0.000000 2861.478516 0.000000 0.812919 0.000000 0.582377 1.000000 1.000000 1.000000
6089.759277 0.000000 2855.009766 0.000000 0.985194 0.000000 0.171444 1.000000 1.000000 1.000000
6036.231934 0.000000 2925.369873 0.000000 0.988635 0.000000 0.150337 1.000000 1.000000 1.000000
6016.544922 0.000000 2899.608398 0.000000 0.956585 0.000000 0.291455 1.000000 1.000000 1.000000
6037.818848 0.000000 2922.514160 0.000000 0.993460 0.000000 -0.114178 1.000000 1.000000 1.000000
6089.816895 0.000000 2904.816650 0.000000 0.999884 0.000000 0.015240 1.000000 1.000000 1.000000
5942.191406 0.000000 2940.969238 0.000000 0.962621 0.000000 -0.270852 1.000000 1.000000 1.000000
5924.270020 0.000000 2958.244141 0.000000 0.982159 0.000000 0.188051 1.000000 1.000000 1.000000
5908.476562 0.000000 2961.890381 0.000000 0.970546 0.000000 -0.240915 1.000000 1.000000 1.000000
5928.712402 0.000000 2972.592773 0.000000 0.913532 0.000000 -0.406767 1.000000 1.000000 1.000000
5903.881348 0.000000 2946.141113 0.000000 0.788761 0.000000 0.614700 1.000000 1.000000 1.000000
5937.139648 0.000000 2947.377441 0.000000 0.809303 0.000000 0.587391 1.000000 1.000000 1.000000
5900.463379 0.000000 2973.110840 0.000000 0.960743 0.000000 0.277440 1.000000 1.000000 1.000000
5904.103516 0.000000 2935.240723 0.000000 0.980644 0.000000 0.195798 1.000000 1.000000 1.000000
5932.462891 0.000000 2943.233643 0.000000 0.880416 0.000000 0.474202 1.000000 1.000000 1.000000
5942.822754 0.000000 2948.018555 0.000000 0.848975 0.000000 0.528432 1.000000 1.000000 1.000000
5916.957520 0.000000 2938.855225 0.000000 0.977434 0.000000 0.211240 1.000000 1.000000 1.000000
5904.818359 0.000000 2940.803467 0.000000 0.933953 0.000000 -0.357396 1.000000 1.000000 1.000000
5951.054199 0.000000 2941.342285 0.000000 0.967984 0.000000 -0.251013 1.000000 1.000000 1.000000
5937.891113 0.000000 2952.510742 0.000000 0.886863 0.000000 0.462033 1.000000 1.000000 1.000000
5943.576660 0.000000 2960.481201 0.000000 0.892204 0.000000 0.451633 1.000000 1.000000 1.000000
5916.610840 0.000000 2935.181641 0.000000 0.984049 0.000000 0.177899 1.000000 1.000000 1.000000
5941.111816 0.000000 2950.954102 0.000000 0.999970 0.000000 0.007787 1.000000 1.000000 1.000000
5925.314453 0.000000 2940.039551 0.000000 0.999725 0.000000 0.023446 1.000000 1.000000 1.000000
5934.980469 0.000000 2966.848633 0.000000 0.999593 0.000000 0.028527 1.000000 1.000000 1.000000
5900.902344 0.000000 2946.398438 0.000000 0.985597 0.000000 0.169114 1.000000 1.000000 1.000000
5929.102051 0.000000 2950.709961 0.000000 0.993628 0.000000 -0.112711 1.000000 1.000000 1.000000
5905.166504 0.000000 2932.917725 0.000000 0.928440 0.000000 -0.371481 1.000000 1.000000 1.000000
5941.125000 0.000000 2960.669922 0.000000 0.998059 0.000000 -0.062280 1.000000 1.000000 1.000000
5909.325684 0.000000 2931.004150 0.000000 0.784099 0.000000 0.620636 1.000000 1.000000 1.000000
5931.552734 0.000000 2974.883301 0.000000 0.990205 0.000000 -0.139624 1.000000 1.000000 1.000000
5920.028809 0.000000 2931.326172 0.000000 0.918832 0.000000 0.394649 1.000000 1.000000 1.000000
5915.051758 0.000000 2944.883545 0.000000 0.991466 0.000000 0.130367 1.000000 1.000000 1.000000
5908.563965 0.000000 2941.550049 0.000000 0.981236 0.000000 0.192813 1.000000 1.000000 1.000000
5934.503906 0.000000 2942.495117 0.000000 0.998351 0.000000 0.057411 1.000000 1.000000 1.000000
5911.740723 0.000000 2932.823975 0.000000 0.984869 0.000000 0.173303 1.000000 1.000000 1.000000
5944.362793 0.000000 2949.479248 0.000000 0.938031 0.000000 -0.346550 1.000000 1.000000 1.000000
5934.983398 0.000000 2968.777588 0.000000 0.999975 0.000000 0.007133 1.000000 1.000000 1.000000
5906.585938 0.000000 2941.661621 0.000000 0.958819 0.000000 -0.284019 1.000000 1.000000 1.000000
5920.479492 0.000000 2938.975098 0.000000 0.997387 0.000000 0.072246 1.000000 1.000000 1.000000
5940.074707 0.000000 2952.505371 0.000000 0.910543 0.000000 -0.413415 1.000000 1.000000 1.000000
5945.183105 0.000000 2943.577637 0.000000 0.992332 0.000000 -0.123597 1.000000 1.000000 1.000000
5942.548828 0.000000 2949.839355 0.000000 0.965326 0.000000 0.261047 1.000000 1.000000 1.000000
5909.541992 0.000000 2943.078125 0.000000 0.992724 0.000000 -0.120414 1.000000 1.000000 1.000000
5892.145508 0.000000 2929.638184 0.000000 0.875941 0.000000 0.482418 1.000000 1.000000 1.000000
5996.941406 0.000000 2929.888672 0.000000 0.826131 0.000000 0.563479 1.000000 1.000000 1.000000
5992.704590 0.000000 2972.592773 0.000000 0.946359 0.000000 -0.323118 1.000000 1.000000 1.000000
6004.919922 0.000000 2932.287109 0.000000 0.993324 0.000000 0.115362 1.000000 1.000000 1.000000
6012.507324 0.000000 2946.613525 0.000000 0.841316 0.000000 0.540544 1.000000 1.000000 1.000000
5980.510742 0.000000 2961.843506 0.000000 0.998998 0.000000 -0.044749 1.000000 1.000000 1.000000
6011.755859 0.000000 2936.907715 0.000000 0.959544 0.000000 0.281558 1.000000 1.000000 1.000000
5959.129883 0.000000 2960.000244 0.000000 0.938726 0.000000 0.344665 1.000000 1.000000 1.000000
5989.509766 0.000000 2943.324707 0.000000 0.978230 0.000000 0.207522 1.000000 1.000000 1.000000
5955.312012 0.000000 2963.262207 0.000000 0.894979 0.000000 0.446109 1.000000 1.000000 1.000000
5972.833984 0.000000 2946.913574 0.000000 0.938925 0.000000 -0.344123 1.000000 1.000000 1.000000
6007.568848 0.000000 2960.481201 0.000000 0.936021 0.000000 -0.351945 1.000000 1.000000 1.000000
5956.349121 0.000000 2944.266846 0.000000 0.992532 0.000000 -0.121984 1.000000 1.000000 1.000000
5998.933594 0.000000 2959.155762 0.000000 0.964711 0.000000 -0.263312 1.000000 1.000000 1.000000
5952.444824 0.000000 2955.832764 0.000000 0.995382 0.000000 -0.095988 1.000000 1.000000 1.000000
5966.069824 0.000000 2938.302002 0.000000 0.998525 0.000000 0.054298 1.000000 1.000000 1.000000
6008.968262 0.000000 2968.162842 0.000000 0.998707 0.000000 -0.050842 1.000000 1.000000 1.000000
5974.937012 0.000000 2944.255371 0.000000 0.976604 0.000000 0.215045 1.000000 1.000000 1.000000
6010.317871 0.000000 2971.630127 0.000000 0.835873 0.000000 0.548922 1.000000 1.000000 1.000000
5986.456543 0.000000 2942.061035 0.000000 0.952820 0.000000 -0.303536 1.000000 1.000000 1.000000
5956.078125 0.000000 2960.508057 0.000000 0.907084 0.000000 0.420950 1.000000 1.000000 1.000000
5985.504395 0.000000 2957.403076 0.000000 0.796045 0.000000 0.605237 1.000000 1.000000 1.000000
6004.153320 0.000000 2929.556885 0.000000 0.852994 0.000000 0.521920 1.000000 1.000000 1.000000
5954.354980 0.000000 2953.676758 0.000000 0.999202 0.000000 -0.039947 1.000000 1.000000 1.000000
6008.601562 0.000000 2962.936279 0.000000 0.983394 0.000000 -0.181483 1.000000 1.000000 1.000000
5956.386719 0.000000 2969.575684 0.000000 0.999561 0.000000 0.029620 1.000000 1.000000 1.000000
5995.544922 0.000000 2974.883301 0.000000 0.944319 0.000000 -0.329031 1.000000 1.000000 1.000000
5999.568359 0.000000 2956.875977 0.000000 0.965030 0.000000 0.262141 1.000000 1.000000 1.000000
6008.311523 0.000000 2941.589111 0.000000 0.989964 0.000000 0.141320 1.000000 1.000000 1.000000
6005.676758 0.000000 2938.627197 0.000000 0.998427 0.000000 0.056073 1.000000 1.000000 1.000000
5965.524902 0.000000 2950.734375 0.000000 0.808679 0.000000 0.588250 1.000000 1.000000 1.000000
6007.250488 0.000000 2958.395752 0.000000 0.978073 0.000000 -0.208262 1.000000 1.000000 1.000000
5987.211426 0.000000 2936.850830 0.000000 0.962108 0.000000 0.272669 1.000000 1.000000 1.000000
6004.691406 0.000000 2936.902588 0.000000 0.943062 0.000000 -0.332617 1.000000 1.000000 1.000000
6008.625977 0.000000 2937.203857 0.000000 0.932671 0.000000 0.360729 1.000000 1.000000 1.000000
5958.988281 0.000000 2944.919434 0.000000 0.999228 0.000000 0.039288 1.000000 1.000000 1.000000
6005.729980 0.000000 2942.689453 0.000000 0.957055 0.000000 0.289907 1.000000 1.000000 1.000000
6006.392090 0.000000 2961.297852 0.000000 0.997221 0.000000 0.074503 1.000000 1.000000 1.000000
5932.949219 0.000000 2977.130859 0.000000 0.926645 0.000000 0.375937 1.000000 1.000000 1.000000
5924.270020 0.000000 3005.486328 0.000000 0.951898 0.000000 -0.306416 1.000000 1.000000 1.000000
5935.671875 0.000000 2984.737305 0.000000 0.917385 0.000000 0.398001 1.000000 1.000000 1.000000
5925.517578 0.000000 2990.566895 0.000000 0.944027 0.000000 -0.329869 1.000000 1.000000 1.000000
5931.443359 0.000000 2981.975098 0.000000 0.794634 0.000000 0.607089 1.000000 1.000000 1.000000
5899.323242 0.000000 2982.562500 0.000000 0.948181 0.000000 0.317731 1.000000 1.000000 1.000000
5931.907227 0.000000 2986.650635 0.000000 0.991890 0.000000 0.127097 1.000000 1.000000 1.000000
5932.180664 0.000000 2994.085205 0.000000 0.878428 0.000000 0.477874 1.000000 1.000000 1.000000
5926.395996 0.000000 3008.391357 0.000000 0.949766 0.000000 -0.312962 1.000000 1.000000 1.000000
5925.727539 0.000000 2998.065674 0.000000 0.994998 0.000000 0.099900 1.000000 1.000000 1.000000
5935.224121 0.000000 2991.957275 0.000000 0.895729 0.000000 0.444600 1.000000 1.000000 1.000000
5901.223633 0.000000 2980.187256 0.000000 0.986072 0.000000 -0.166322 1.000000 1.000000 1.000000
5903.191895 0.000000 2980.542480 0.000000 0.944782 0.000000 0.327700 1.000000 1.000000 1.000000
5923.219238 0.000000 2984.093018 0.000000 0.975625 0.000000 -0.219446 1.000000 1.000000 1.000000
5936.696289 0.000000 2982.338867 0.000000 0.938948 0.000000 0.344060 1.000000 1.000000 1.000000
5931.694824 0.000000 3006.856445 0.000000 0.989339 0.000000 -0.145634 1.000000 1.000000 1.000000
5924.806152 0.000000 2978.269287 0.000000 0.938079 0.000000 -0.346420 1.000000 1.000000 1.000000
5962.714355 0.000000 2986.959229 0.000000 0.935806 0.000000 0.352515 1.000000 1.000000 1.000000
5967.873535 0.000000 2993.383301 0.000000 0.924506 0.000000 0.381168 1.000000 1.000000 1.000000
6013.757324 0.000000 3000.244385 0.000000 0.846202 0.000000 0.532862 1.000000 1.000000 1.000000
5957.723633 0.000000 2976.502197 0.000000 0.942629 0.000000 -0.333842 1.000000 1.000000 1.000000
6006.965332 0.000000 2983.658447 0.000000 0.967444 0.000000 0.253084 1.000000 1.000000 1.000000
6010.027832 0.000000 2998.142578 0.000000 0.978109 0.000000 0.208093 1.000000 1.000000 1.000000
5991.890137 0.000000 2982.184082 0.000000 0.936673 0.000000 -0.350204 1.000000 1.000000 1.000000
5954.354980 0.000000 3000.918945 0.000000 0.857981 0.000000 0.513681 1.000000 1.000000 1.000000
6009.891113 0.000000 3012.848389 0.000000 0.934623 0.000000 0.355641 1.000000 1.000000 1.000000
5997.118164 0.000000 2979.924072 0.000000 0.895018 0.000000 0.446030 1.000000 1.000000 1.000000
6014.703613 0.000000 2992.566650 0.000000 0.977082 0.000000 -0.212862 1.000000 1.000000 1.000000
5991.583984 0.000000 2978.080811 0.000000 0.859295 0.000000 0.511480 1.000000 1.000000 1.000000
5958.988281 0.000000 2992.161621 0.000000 0.960188 0.000000 0.279355 1.000000 1.000000 1.000000
6042.436523 0.000000 2952.675049 0.000000 0.961358 0.000000 0.275301 1.000000 1.000000 1.000000
6075.748047 0.000000 2936.907715 0.000000 0.992416 0.000000 -0.122925 1.000000 1.000000 1.000000
6040.621094 0.000000 2957.917236 0.000000 0.923898 0.000000 0.382639 1.000000 1.000000 1.000000
6046.253418 0.000000 2952.249268 0.000000 0.973760 0.000000 0.227576 1.000000 1.000000 1.000000
6073.179688 0.000000 2938.967041 0.000000 0.874367 0.000000 0.485265 1.000000 1.000000 1.000000
6050.448730 0.000000 2942.061035 0.000000 0.922669 0.000000 -0.385592 1.000000 1.000000 1.000000
6042.102539 0.000000 2960.325928 0.000000 0.955390 0.000000 0.295347 1.000000 1.000000 1.000000
6078.468262 0.000000 2947.278320 0.000000 0.940859 0.000000 0.338799 1.000000 1.000000 1.000000
6043.382324 0.000000 2956.658936 0.000000 0.913092 0.000000 0.407753 1.000000 1.000000 1.000000
6075.534180 0.000000 2943.233398 0.000000 0.972810 0.000000 0.231606 1.000000 1.000000 1.000000
6080.537109 0.000000 2946.850586 0.000000 0.955191 0.000000 0.295990 1.000000 1.000000 1.000000
6095.857910 0.000000 2946.141113 0.000000 0.839674 0.000000 0.543090 1.000000 1.000000 1.000000
6091.795898 0.000000 2957.189209 0.000000 0.951199 0.000000 -0.308579 1.000000 1.000000 1.000000
6094.532227 0.000000 2948.406006 0.000000 0.999020 0.000000 0.044273 1.000000 1.000000 1.000000
6041.480469 0.000000 2993.665283 0.000000 0.874697 0.000000 0.484670 1.000000 1.000000 1.000000
6061.134766 0.000000 3016.778320 0.000000 0.943195 0.000000 -0.332240 1.000000 1.000000 1.000000
6024.619141 0.000000 3003.205078 0.000000 0.902020 0.000000 -0.431695 1.000000 1.000000 1.000000
6039.186035 0.000000 2997.514404 0.000000 0.891976 0.000000 0.452083 1.000000 1.000000 1.000000
6050.758301 0.000000 3001.918701 0.000000 0.928994 0.000000 0.370094 1.000000 1.000000 1.000000
6035.702148 0.000000 2980.143066 0.000000 0.934908 0.000000 0.354891 1.000000 1.000000 1.000000
6069.398438 0.000000 3004.737793 0.000000 0.894708 0.000000 0.446652 1.000000 1.000000 1.000000
6016.325195 0.000000 3012.566406 0.000000 0.899449 0.000000 0.437025 1.000000 1.000000 1.000000
6038.929199 0.000000 2991.497559 0.000000 0.901300 0.000000 0.433196 1.000000 1.000000 1.000000
6047.628418 0.000000 2984.353516 0.000000 0.989952 0.000000 -0.141404 1.000000 1.000000 1.000000
6042.339355 0.000000 2996.734863 0.000000 0.913548 0.000000 0.406731 1.000000 1.000000 1.000000
6029.460449 0.000000 2988.558594 0.000000 0.793856 0.000000 0.608106 1.000000 1.000000 1.000000
6024.400879 0.000000 2990.979980 0.000000 0.789963 0.000000 0.613155 1.000000 1.000000 1.000000
6059.973145 0.000000 3014.136719 0.000000 0.968325 0.000000 -0.249693 1.000000 1.000000 1.000000
6048.134277 0.000000 3019.010986 0.000000 0.967374 0.000000 -0.253354 1.000000 1.000000 1.000000
6042.255859 0.000000 3002.790283 0.000000 0.935971 0.000000 -0.352077 1.000000 1.000000 1.000000
6021.822266 0.000000 3003.658936 0.000000 0.998522 0.000000 -0.054355 1.000000 1.000000 1.000000
6044.718262 0.000000 3001.679688 0.000000 0.994636 0.000000 -0.103439 1.000000 1.000000 1.000000
6053.184570 0.000000 3002.819092 0.000000 0.980229 0.000000 -0.197865 1.000000 1.000000 1.000000
6033.150879 0.000000 2980.159912 0.000000 0.824390 0.000000 0.566022 1.000000 1.000000 1.000000
6071.740723 0.000000 3003.655762 0.000000 0.999810 0.000000 0.019468 1.000000 1.000000 1.000000
6021.790527 0.000000 2998.697021 0.000000 0.981222 0.000000 -0.192883 1.000000 1.000000 1.000000
6015.349121 0.000000 2996.366699 0.000000 0.999752 0.000000 0.022284 1.000000 1.000000 1.000000
6023.375977 0.000000 3001.120850 0.000000 0.969050 0.000000 0.246865 1.000000 1.000000 1.000000
6044.132324 0.000000 2998.260742 0.000000 0.996897 0.000000 0.078720 1.000000 1.000000 1.000000
6069.109375 0.000000 3007.912109 0.000000 0.995193 0.000000 -0.097928 1.000000 1.000000 1.000000
6041.250000 0.000000 2990.889648 0.000000 0.990932 0.000000 0.134363 1.000000 1.000000 1.000000
6051.684570 0.000000 2996.940674 0.000000 0.962773 0.000000 -0.270311 1.000000 1.000000 1.000000
6024.301758 0.000000 3005.402344 0.000000 0.948162 0.000000 -0.317789 1.000000 1.000000 1.000000
6019.483887 0.000000 3002.821045 0.000000 0.972953 0.000000 0.231004 1.000000 1.000000 1.000000
6032.625488 0.000000 2995.578125 0.000000 0.999470 0.000000 -0.032566 1.000000 1.000000 1.000000
6066.632812 0.000000 3009.406494 0.000000 0.978410 0.000000 -0.206676 1.000000 1.000000 1.000000
6040.955078 0.000000 3001.327393 0.000000 0.908029 0.000000 -0.418907 1.000000 1.000000 1.000000
6040.550293 0.000000 2996.209473 0.000000 0.994934 0.000000 0.100532 1.000000 1.000000 1.000000
6020.930664 0.000000 3015.200684 0.000000 0.956847 0.000000 -0.290592 1.000000 1.000000 1.000000
6022.205078 0.000000 3014.368652 0.000000 0.848593 0.000000 0.529046 1.000000 1.000000 1.000000
6095.857910 0.000000 2993.383301 0.000000 0.922092 0.000000 0.386970 1.000000 1.000000 1.000000
6083.033691 0.000000 2987.237061 0.000000 0.999790 0.000000 0.020496 1.000000 1.000000 1.000000
6111.001953 0.000000 3003.039795 0.000000 0.898375 0.000000 0.439229 1.000000 1.000000 1.000000
6109.555664 0.000000 2995.943848 0.000000 0.999729 0.000000 -0.023288 1.000000 1.000000 1.000000
6087.716797 0.000000 2984.795898 0.000000 0.991998 0.000000 -0.126256 1.000000 1.000000 1.000000
6106.331543 0.000000 2996.734863 0.000000 0.997724 0.000000 -0.067431 1.000000 1.000000 1.000000
6082.916992 0.000000 2982.801514 0.000000 0.907594 0.000000 0.419849 1.000000 1.000000 1.000000
6082.470215 0.000000 2985.079102 0.000000 0.987570 0.000000 -0.157179 1.000000 1.000000 1.000000
6106.892090 0.000000 2981.100098 0.000000 0.999628 0.000000 -0.027285 1.000000 1.000000 1.000000
6109.643555 0.000000 2980.833008 0.000000 0.937168 0.000000 0.348877 1.000000 1.000000 1.000000
6201.485840 0.000000 1919.105103 0.000000 0.993103 0.000000 -0.117249 1.000000 1.000000 1.000000
6179.393066 0.000000 1929.148193 0.000000 0.808353 0.000000 0.588698 1.000000 1.000000 1.000000
6194.055176 0.000000 1939.942627 0.000000 0.929951 0.000000 0.367684 1.000000 1.000000 1.000000
6185.479980 0.000000 1978.946777 0.000000 0.983103 0.000000 -0.183056 1.000000 1.000000 1.000000
6159.743652 0.000000 1982.563721 0.000000 0.985704 0.000000 -0.168488 1.000000 1.000000 1.000000
6172.303711 0.000000 1980.797485 0.000000 0.919550 0.000000 0.392972 1.000000 1.000000 1.000000
6292.200684 0.000000 1980.526001 0.000000 0.911958 0.000000 -0.410285 1.000000 1.000000 1.000000
6293.984863 0.000000 1976.134277 0.000000 0.965489 0.000000 -0.260445 1.000000 1.000000 1.000000
6187.521484 0.000000 2030.039551 0.000000 0.873753 0.000000 0.486370 1.000000 1.000000 1.000000
6153.409668 0.000000 2019.066406 0.000000 0.958208 0.000000 -0.286071 1.000000 1.000000 1.000000
6201.222168 0.000000 2031.249268 0.000000 0.988073 0.000000 -0.153986 1.000000 1.000000 1.000000
6150.308105 0.000000 2025.157715 0.000000 0.967528 0.000000 0.252762 1.000000 1.000000 1.000000
6179.655273 0.000000 2014.674805 0.000000 0.920484 0.000000 0.390779 1.000000 1.000000 1.000000
6187.040527 0.000000 2028.401245 0.000000 0.921727 0.000000 0.387839 1.000000 1.000000 1.000000
6228.437500 0.000000 2017.046631 0.000000 0.994651 0.000000 -0.103296 1.000000 1.000000 1.000000
6258.026367 0.000000 2000.061768 0.000000 0.944619 0.000000 -0.328168 1.000000 1.000000 1.000000
6259.535645 0.000000 2001.335449 0.000000 0.984564 0.000000 -0.175024 1.000000 1.000000 1.000000
6266.954102 0.000000 1993.668457 0.000000 0.988771 0.000000 0.149438 1.000000 1.000000 1.000000
6257.856934 0.000000 2019.015869 0.000000 0.912285 0.000000 -0.409557 1.000000 1.000000 1.000000
6246.089844 0.000000 2007.814697 0.000000 0.909746 0.000000 -0.415166 1.000000 1.000000 1.000000
6230.528320 0.000000 2018.546753 0.000000 0.993154 0.000000 -0.116812 1.000000 1.000000 1.000000
6204.927734 0.000000 2046.133301 0.000000 0.931545 0.000000 -0.363626 1.000000 1.000000 1.000000
6173.635742 0.000000 2039.431641 0.000000 0.987875 0.000000 0.155253 1.000000 1.000000 1.000000
6202.961914 0.000000 2040.910645 0.000000 0.784531 0.000000 0.620089 1.000000 1.000000 1.000000
6204.958984 0.000000 2047.643066 0.000000 0.959885 0.000000 -0.280395 1.000000 1.000000 1.000000
6202.927734 0.000000 2038.226685 0.000000 0.978937 0.000000 -0.204165 1.000000 1.000000 1.000000
6172.965332 0.000000 2031.416992 0.000000 0.901264 0.000000 0.433271 1.000000 1.000000 1.000000
6174.560547 0.000000 2043.593384 0.000000 0.968522 0.000000 0.248926 1.000000 1.000000 1.000000
6205.844727 0.000000 2046.867188 0.000000 0.937191 0.000000 -0.348816 1.000000 1.000000 1.000000
6172.741211 0.000000 2040.121094 0.000000 0.824988 0.000000 0.565151 1.000000 1.000000 1.000000
6259.362793 0.000000 2040.752930 0.000000 0.887296 0.000000 0.461200 1.000000 1.000000 1.000000
6238.622559 0.000000 2037.730103 0.000000 0.814358 0.000000 0.580363 1.000000 1.000000 1.000000
6256.264648 0.000000 2042.789062 0.000000 0.966964 0.000000 0.254913 1.000000 1.000000 1.000000
6311.652832 0.000000 2008.816406 0.000000 0.966515 0.000000 0.256610 1.000000 1.000000 1.000000
6281.735840 0.000000 2004.650269 0.000000 0.856779 0.000000 0.515684 1.000000 1.000000 1.000000
6295.846680 0.000000 1989.195068 0.000000 0.975978 0.000000 -0.217868 1.000000 1.000000 1.000000
6389.070312 0.000000 2015.826172 0.000000 0.976992 0.000000 0.213277 1.000000 1.000000 1.000000
6362.860840 0.000000 1989.013916 0.000000 0.964178 0.000000 0.265257 1.000000 1.000000 1.000000
6366.100098 0.000000 2005.566772 0.000000 0.966248 0.000000 -0.257612 1.000000 1.000000 1.000000
6284.952148 0.000000 2032.134033 0.000000 0.978947 0.000000 -0.204113 1.000000 1.000000 1.000000
6290.345215 0.000000 2033.543945 0.000000 0.999451 0.000000 -0.033140 1.000000 1.000000 1.000000
6281.394043 0.000000 2066.308594 0.000000 0.967898 0.000000 0.251343 1.000000 1.000000 1.000000
6295.686035 0.000000 2044.879150 0.000000 0.995618 0.000000 -0.093510 1.000000 1.000000 1.000000
6311.767578 0.000000 2042.535767 0.000000 0.998450 0.000000 0.055656 1.000000 1.000000 1.000000
6291.798828 0.000000 2033.028687 0.000000 0.999612 0.000000 -0.027850 1.000000 1.000000 1.000000
6304.268555 0.000000 2066.274658 0.000000 0.982576 0.000000 0.185863 1.000000 1.000000 1.000000
6293.191895 0.000000 2042.436646 0.000000 0.918148 0.000000 -0.396238 1.000000 1.000000 1.000000
6290.761719 0.000000 2040.918335 0.000000 0.996486 0.000000 0.083764 1.000000 1.000000 1.000000
6313.849121 0.000000 2066.899414 0.000000 0.901019 0.000000 -0.433781 1.000000 1.000000 1.000000
6278.415039 0.000000 2040.180176 0.000000 0.911916 0.000000 0.410376 1.000000 1.000000 1.000000
6338.308105 0.000000 2056.075195 0.000000 0.942851 0.000000 0.333215 1.000000 1.000000 1.000000
6342.128418 0.000000 2067.935059 0.000000 0.802253 0.000000 0.596984 1.000000 1.000000 1.000000
6418.054688 0.000000 2027.984253 0.000000 0.949697 0.000000 0.313169 1.000000 1.000000 1.000000
6414.460449 0.000000 2018.862427 0.000000 0.989477 0.000000 -0.144690 1.000000 1.000000 1.000000
6486.487305 0.000000 1996.037354 0.000000 0.995497 0.000000 0.094794 1.000000 1.000000 1.000000
6488.984375 0.000000 1993.355957 0.000000 0.976900 0.000000 -0.213699 1.000000 1.000000 1.000000
6495.361328 0.000000 2028.662720 0.000000 0.864054 0.000000 0.503400 1.000000 1.000000 1.000000
6487.385742 0.000000 1994.438354 0.000000 0.999868 0.000000 0.016262 1.000000 1.000000 1.000000
6519.956543 0.000000 2009.831421 0.000000 0.966087 0.000000 -0.258218 1.000000 1.000000 1.000000
6492.150391 0.000000 2025.226562 0.000000 0.953247 0.000000 -0.302193 1.000000 1.000000 1.000000
6416.755859 0.000000 2043.201782 0.000000 0.938658 0.000000 0.344849 1.000000 1.000000 1.000000
6457.566406 0.000000 2035.053589 0.000000 0.915824 0.000000 -0.401580 1.000000 1.000000 1.000000
6435.182129 0.000000 2034.020752 0.000000 0.884713 0.000000 0.466137 1.000000 1.000000 1.000000
6458.116211 0.000000 2032.351196 0.000000 0.972467 0.000000 0.233041 1.000000 1.000000 1.000000
6459.366211 0.000000 2055.172607 0.000000 0.971263 0.000000 0.238010 1.000000 1.000000 1.000000
6460.241211 0.000000 2057.410156 0.000000 0.870010 0.000000 0.493033 1.000000 1.000000 1.000000
6459.892578 0.000000 2033.765747 0.000000 0.823057 0.000000 0.567958 1.000000 1.000000 1.000000
6462.491211 0.000000 2053.743652 0.000000 0.948071 0.000000 -0.318059 1.000000 1.000000 1.000000
6518.121094 0.000000 2043.367676 0.000000 0.999154 0.000000 0.041122 1.000000 1.000000 1.000000
6468.891602 0.000000 2056.225098 0.000000 0.941026 0.000000 -0.338335 1.000000 1.000000 1.000000
6465.656738 0.000000 2052.030273 0.000000 0.999366 0.000000 -0.035615 1.000000 1.000000 1.000000
6469.735840 0.000000 2053.853271 0.000000 0.975213 0.000000 -0.221268 1.000000 1.000000 1.000000
6530.844238 0.000000 2026.564697 0.000000 0.914652 0.000000 -0.404242 1.000000 1.000000 1.000000
6530.973633 0.000000 2034.161621 0.000000 0.996539 0.000000 -0.083121 1.000000 1.000000 1.000000
6643.396973 0.000000 2077.724121 0.000000 0.962584 0.000000 -0.270985 1.000000 1.000000 1.000000
6215.098633 0.000000 2109.640869 0.000000 0.999858 0.000000 -0.016829 1.000000 1.000000 1.000000
6231.463867 0.000000 2124.841553 0.000000 0.916588 0.000000 0.399832 1.000000 1.000000 1.000000
6230.449707 0.000000 2122.620361 0.000000 0.983332 0.000000 0.181817 1.000000 1.000000 1.000000
6220.112305 0.000000 2105.001465 0.000000 0.988707 0.000000 0.149861 1.000000 1.000000 1.000000
6208.937500 0.000000 2104.011719 0.000000 0.954982 0.000000 -0.296662 1.000000 1.000000 1.000000
6215.002930 0.000000 2112.434326 0.000000 0.872386 0.000000 0.488818 1.000000 1.000000 1.000000
6230.197754 0.000000 2125.918701 0.000000 0.859310 0.000000 0.511455 1.000000 1.000000 1.000000
6321.406738 0.000000 2091.635986 0.000000 0.931010 0.000000 -0.364995 1.000000 1.000000 1.000000
6312.145996 0.000000 2078.691406 0.000000 0.975678 0.000000 -0.219207 1.000000 1.000000 1.000000
6323.073242 0.000000 2090.136719 0.000000 0.883141 0.000000 0.469107 1.000000 1.000000 1.000000
6323.696289 0.000000 2118.305908 0.000000 0.905636 0.000000 0.424055 1.000000 1.000000 1.000000
6320.529785 0.000000 2117.709717 0.000000 0.972696 0.000000 0.232082 1.000000 1.000000 1.000000
6299.258789 0.000000 2110.728760 0.000000 0.907080 0.000000 -0.420957 1.000000 1.000000 1.000000
6317.482910 0.000000 2101.291260 0.000000 0.848890 0.000000 0.528570 1.000000 1.000000 1.000000
6341.772461 0.000000 2084.187744 0.000000 0.999734 0.000000 -0.023067 1.000000 1.000000 1.000000
6353.111816 0.000000 2082.558350 0.000000 0.876698 0.000000 0.481040 1.000000 1.000000 1.000000
6343.485840 0.000000 2084.053955 0.000000 0.977345 0.000000 0.211652 1.000000 1.000000 1.000000
6340.546875 0.000000 2085.417969 0.000000 0.930258 0.000000 0.366906 1.000000 1.000000 1.000000
6353.377930 0.000000 2085.913818 0.000000 0.952884 0.000000 0.303336 1.000000 1.000000 1.000000
6331.716797 0.000000 2133.790527 0.000000 0.998670 0.000000 0.051566 1.000000 1.000000 1.000000
6290.457031 0.000000 2146.019287 0.000000 0.982331 0.000000 0.187154 1.000000 1.000000 1.000000
6310.414551 0.000000 2143.431152 0.000000 0.998503 0.000000 0.054704 1.000000 1.000000 1.000000
6291.629395 0.000000 2147.426025 0.000000 0.915393 0.000000 -0.402562 1.000000 1.000000 1.000000
6332.600098 0.000000 2132.446045 0.000000 0.997695 0.000000 0.067853 1.000000 1.000000 1.000000
6333.181641 0.000000 2133.762207 0.000000 0.985389 0.000000 -0.170318 1.000000 1.000000 1.000000
6288.606934 0.000000 2146.679443 0.000000 0.928798 0.000000 -0.370586 1.000000 1.000000 1.000000
6320.859375 0.000000 2154.073730 0.000000 0.978694 0.000000 -0.205322 1.000000 1.000000 1.000000
6339.337402 0.000000 2143.702393 0.000000 0.965307 0.000000 -0.261118 1.000000 1.000000 1.000000
6363.276367 0.000000 2164.356201 0.000000 0.986178 0.000000 -0.165689 1.000000 1.000000 1.000000
6364.678711 0.000000 2165.610352 0.000000 0.934113 0.000000 -0.356978 1.000000 1.000000 1.000000
6162.460938 0.000000 2201.343506 0.000000 0.952434 0.000000 0.304745 1.000000 1.000000 1.000000
6160.121094 0.000000 2198.593506 0.000000 0.983429 0.000000 0.181294 1.000000 1.000000 1.000000
6152.813477 0.000000 2177.417480 0.000000 0.992935 0.000000 -0.118658 1.000000 1.000000 1.000000
6175.787109 0.000000 2193.748047 0.000000 0.785748 0.000000 0.618547 1.000000 1.000000 1.000000
6149.777344 0.000000 2206.226074 0.000000 0.793030 0.000000 0.609183 1.000000 1.000000 1.000000
6175.179688 0.000000 2190.056885 0.000000 0.955475 0.000000 -0.295073 1.000000 1.000000 1.000000
6161.889648 0.000000 2198.314453 0.000000 0.959265 0.000000 0.282508 1.000000 1.000000 1.000000
6258.159668 0.000000 2211.592773 0.000000 0.934079 0.000000 -0.357065 1.000000 1.000000 1.000000
6235.149902 0.000000 2198.256348 0.000000 0.998547 0.000000 -0.053891 1.000000 1.000000 1.000000
6219.155273 0.000000 2182.473389 0.000000 0.934721 0.000000 0.355384 1.000000 1.000000 1.000000
6233.622070 0.000000 2200.997559 0.000000 0.982030 0.000000 -0.188726 1.000000 1.000000 1.000000
6255.144043 0.000000 2218.918945 0.000000 0.971308 0.000000 -0.237827 1.000000 1.000000 1.000000
6164.216309 0.000000 2263.979248 0.000000 0.931303 0.000000 0.364245 1.000000 1.000000 1.000000
6185.905762 0.000000 2250.852539 0.000000 0.888538 0.000000 0.458802 1.000000 1.000000 1.000000
6157.415039 0.000000 2256.616943 0.000000 0.996719 0.000000 -0.080942 1.000000 1.000000 1.000000
6161.054688 0.000000 2266.047363 0.000000 0.999917 0.000000 -0.012908 1.000000 1.000000 1.000000
6169.342285 0.000000 2232.399658 0.000000 0.991125 0.000000 0.132932 1.000000 1.000000 1.000000
6203.390625 0.000000 2256.185547 0.000000 0.863838 0.000000 0.503769 1.000000 1.000000 1.000000
6224.064453 0.000000 2226.607910 0.000000 0.925407 0.000000 -0.378974 1.000000 1.000000 1.000000
6232.540527 0.000000 2254.050781 0.000000 0.999189 0.000000 0.040272 1.000000 1.000000 1.000000
6265.478027 0.000000 2249.800537 0.000000 0.811446 0.000000 0.584428 1.000000 1.000000 1.000000
6263.717285 0.000000 2247.780762 0.000000 0.994347 0.000000 0.106182 1.000000 1.000000 1.000000
6264.323730 0.000000 2240.846436 0.000000 0.982118 0.000000 0.188267 1.000000 1.000000 1.000000
6260.035645 0.000000 2243.872559 0.000000 0.790355 0.000000 0.612649 1.000000 1.000000 1.000000
6252.385254 0.000000 2243.509277 0.000000 0.936302 0.000000 0.351196 1.000000 1.000000 1.000000
6263.987793 0.000000 2246.042480 0.000000 0.999453 0.000000 0.033065 1.000000 1.000000 1.000000
6262.102051 0.000000 2243.708008 0.000000 0.910443 0.000000 0.413634 1.000000 1.000000 1.000000
6232.911133 0.000000 2252.601318 0.000000 0.818948 0.000000 0.573867 1.000000 1.000000 1.000000
6232.896484 0.000000 2250.753662 0.000000 0.918136 0.000000 -0.396265 1.000000 1.000000 1.000000
6213.861328 0.000000 2241.169189 0.000000 0.843286 0.000000 0.537464 1.000000 1.000000 1.000000
6261.042480 0.000000 2245.044922 0.000000 0.966798 0.000000 -0.255543 1.000000 1.000000 1.000000
6234.789062 0.000000 2242.720947 0.000000 0.996953 0.000000 -0.078010 1.000000 1.000000 1.000000
6232.943359 0.000000 2224.635010 0.000000 0.979085 0.000000 0.203451 1.000000 1.000000 1.000000
6294.510742 0.000000 2185.006348 0.000000 0.969380 0.000000 0.245566 1.000000 1.000000 1.000000
6302.222168 0.000000 2196.374268 0.000000 0.996094 0.000000 0.088302 1.000000 1.000000 1.000000
6322.497559 0.000000 2179.064697 0.000000 0.959463 0.000000 0.281833 1.000000 1.000000 1.000000
6280.797852 0.000000 2177.417480 0.000000 0.852562 0.000000 0.522626 1.000000 1.000000 1.000000
6301.076660 0.000000 2189.735840 0.000000 0.914993 0.000000 0.403470 1.000000 1.000000 1.000000
6316.355469 0.000000 2202.189453 0.000000 0.917472 0.000000 -0.397801 1.000000 1.000000 1.000000
6294.999023 0.000000 2180.927734 0.000000 0.913766 0.000000 -0.406242 1.000000 1.000000 1.000000
6301.828125 0.000000 2186.357910 0.000000 0.978659 0.000000 -0.205493 1.000000 1.000000 1.000000
6311.350098 0.000000 2203.337402 0.000000 0.998347 0.000000 0.057475 1.000000 1.000000 1.000000
6324.652344 0.000000 2181.027588 0.000000 0.999947 0.000000 -0.010290 1.000000 1.000000 1.000000
6300.887695 0.000000 2187.944824 0.000000 0.943311 0.000000 -0.331909 1.000000 1.000000 1.000000
6310.068359 0.000000 2219.728271 0.000000 0.950804 0.000000 -0.309793 1.000000 1.000000 1.000000
6279.493652 0.000000 2178.538330 0.000000 0.815785 0.000000 0.578356 1.000000 1.000000 1.000000
6299.142090 0.000000 2198.256348 0.000000 0.964261 0.000000 0.264954 1.000000 1.000000 1.000000
6318.152344 0.000000 2177.932129 0.000000 0.858397 0.000000 0.512986 1.000000 1.000000 1.000000
6317.205078 0.000000 2198.004639 0.000000 0.911232 0.000000 -0.411893 1.000000 1.000000 1.000000
6297.970703 0.000000 2186.495605 0.000000 0.897162 0.000000 0.441701 1.000000 1.000000 1.000000
6300.173828 0.000000 2214.195557 0.000000 0.989980 0.000000 -0.141209 1.000000 1.000000 1.000000
6299.692871 0.000000 2199.512207 0.000000 0.954011 0.000000 -0.299771 1.000000 1.000000 1.000000
6303.799805 0.000000 2198.861572 0.000000 0.966443 0.000000 -0.256882 1.000000 1.000000 1.000000
6312.649414 0.000000 2203.125732 0.000000 0.997861 0.000000 0.065366 1.000000 1.000000 1.000000
6297.735840 0.000000 2189.260498 0.000000 0.935991 0.000000 -0.352025 1.000000 1.000000 1.000000
6319.900879 0.000000 2202.338867 0.000000 0.979059 0.000000 0.203577 1.000000 1.000000 1.000000
6292.548340 0.000000 2214.101318 0.000000 0.971761 0.000000 -0.235968 1.000000 1.000000 1.000000
6325.614258 0.000000 2180.304443 0.000000 0.997126 0.000000 0.075760 1.000000 1.000000 1.000000
6299.886230 0.000000 2189.711182 0.000000 0.989804 0.000000 0.142435 1.000000 1.000000 1.000000
6369.679199 0.000000 2195.088623 0.000000 0.976962 0.000000 0.213414 1.000000 1.000000 1.000000
6386.144043 0.000000 2211.592773 0.000000 0.915838 0.000000 0.401547 1.000000 1.000000 1.000000
6344.426758 0.000000 2195.616943 0.000000 0.875701 0.000000 0.482854 1.000000 1.000000 1.000000
6351.407715 0.000000 2201.513672 0.000000 0.992765 0.000000 0.120072 1.000000 1.000000 1.000000
6345.739258 0.000000 2197.720703 0.000000 0.929032 0.000000 0.369999 1.000000 1.000000 1.000000
6384.954102 0.000000 2209.495361 0.000000 0.825934 0.000000 0.563766 1.000000 1.000000 1.000000
6367.763672 0.000000 2193.748047 0.000000 0.994762 0.000000 0.102214 1.000000 1.000000 1.000000
6360.511230 0.000000 2193.092285 0.000000 0.989392 0.000000 0.145269 1.000000 1.000000 1.000000
6348.096680 0.000000 2199.485840 0.000000 0.999455 0.000000 -0.033025 1.000000 1.000000 1.000000
6356.016113 0.000000 2182.240723 0.000000 0.967469 0.000000 0.252988 1.000000 1.000000 1.000000
6373.771973 0.000000 2179.721436 0.000000 0.925729 0.000000 -0.378187 1.000000 1.000000 1.000000
6349.838379 0.000000 2175.706055 0.000000 0.918404 0.000000 -0.395644 1.000000 1.000000 1.000000
6344.384277 0.000000 2194.113525 0.000000 0.972586 0.000000 0.232542 1.000000 1.000000 1.000000
6382.759277 0.000000 2198.229492 0.000000 0.993367 0.000000 0.114984 1.000000 1.000000 1.000000
6288.388672 0.000000 2254.821533 0.000000 0.960319 0.000000 0.278902 1.000000 1.000000 1.000000
6297.007812 0.000000 2229.566895 0.000000 0.988467 0.000000 -0.151439 1.000000 1.000000 1.000000
6288.105469 0.000000 2245.835693 0.000000 0.963758 0.000000 -0.266779 1.000000 1.000000 1.000000
6333.895996 0.000000 2240.973877 0.000000 0.989157 0.000000 -0.146860 1.000000 1.000000 1.000000
6331.629395 0.000000 2240.841064 0.000000 0.996594 0.000000 0.082468 1.000000 1.000000 1.000000
6310.625488 0.000000 2240.122559 0.000000 0.911850 0.000000 0.410524 1.000000 1.000000 1.000000
6333.997559 0.000000 2231.334229 0.000000 0.888949 0.000000 0.458007 1.000000 1.000000 1.000000
6284.787109 0.000000 2243.605957 0.000000 0.977948 0.000000 -0.208850 1.000000 1.000000 1.000000
6297.127930 0.000000 2230.954834 0.000000 0.853956 0.000000 0.520345 1.000000 1.000000 1.000000
6287.719727 0.000000 2244.451904 0.000000 0.894208 0.000000 0.447651 1.000000 1.000000 1.000000
6330.294434 0.000000 2240.801025 0.000000 0.992767 0.000000 0.120054 1.000000 1.000000 1.000000
6308.151367 0.000000 2239.884277 0.000000 0.994297 0.000000 -0.106645 1.000000 1.000000 1.000000
6336.397949 0.000000 2247.199951 0.000000 0.999332 0.000000 -0.036549 1.000000 1.000000 1.000000
6362.216797 0.000000 2246.915283 0.000000 0.815668 0.000000 0.578521 1.000000 1.000000 1.000000
6340.339844 0.000000 2260.942871 0.000000 0.953607 0.000000 0.301056 1.000000 1.000000 1.000000
6385.646484 0.000000 2228.220947 0.000000 0.844658 0.000000 0.535306 1.000000 1.000000 1.000000
6343.242676 0.000000 2262.425293 0.000000 0.951573 0.000000 0.307422 1.000000 1.000000 1.000000
6346.530273 0.000000 2246.862061 0.000000 0.994068 0.000000 -0.108760 1.000000 1.000000 1.000000
6375.481934 0.000000 2241.567383 0.000000 0.963619 0.000000 0.267281 1.000000 1.000000 1.000000
6387.238281 0.000000 2227.658203 0.000000 0.983478 0.000000 0.181025 1.000000 1.000000 1.000000
6374.074219 0.000000 2244.025879 0.000000 0.903009 0.000000 0.429621 1.000000 1.000000 1.000000
6359.623047 0.000000 2220.667969 0.000000 0.919782 0.000000 0.392430 1.000000 1.000000 1.000000
6358.819336 0.000000 2223.057861 0.000000 0.938204 0.000000 0.346084 1.000000 1.000000 1.000000
6488.888672 0.000000 2117.177246 0.000000 0.978925 0.000000 0.204221 1.000000 1.000000 1.000000
6480.277344 0.000000 2117.017822 0.000000 0.999921 0.000000 -0.012580 1.000000 1.000000 1.000000
6498.347656 0.000000 2088.347412 0.000000 0.932002 0.000000 0.362453 1.000000 1.000000 1.000000
6467.249512 0.000000 2112.902832 0.000000 0.902818 0.000000 0.430022 1.000000 1.000000 1.000000
6500.662598 0.000000 2084.171143 0.000000 0.988887 0.000000 0.148666 1.000000 1.000000 1.000000
6519.582031 0.000000 2078.772461 0.000000 0.910199 0.000000 0.414172 1.000000 1.000000 1.000000
6466.852051 0.000000 2121.049072 0.000000 0.998319 0.000000 -0.057958 1.000000 1.000000 1.000000
6490.783203 0.000000 2114.376709 0.000000 0.797291 0.000000 0.603595 1.000000 1.000000 1.000000
6467.321777 0.000000 2096.460205 0.000000 0.999977 0.000000 0.006828 1.000000 1.000000 1.000000
6461.702637 0.000000 2149.885010 0.000000 0.878875 0.000000 0.477053 1.000000 1.000000 1.000000
6455.589844 0.000000 2126.014648 0.000000 0.956467 0.000000 0.291841 1.000000 1.000000 1.000000
6474.651855 0.000000 2136.599854 0.000000 0.931427 0.000000 -0.363928 1.000000 1.000000 1.000000
6474.653320 0.000000 2127.594238 0.000000 0.922010 0.000000 -0.387165 1.000000 1.000000 1.000000
6491.479004 0.000000 2126.018555 0.000000 0.823758 0.000000 0.566942 1.000000 1.000000 1.000000
6464.229004 0.000000 2148.819824 0.000000 0.886700 0.000000 0.462346 1.000000 1.000000 1.000000
6468.286621 0.000000 2141.149658 0.000000 0.932502 0.000000 -0.361164 1.000000 1.000000 1.000000
6470.862793 0.000000 2137.914062 0.000000 0.952053 0.000000 0.305935 1.000000 1.000000 1.000000
6472.774414 0.000000 2130.175293 0.000000 0.994602 0.000000 -0.103767 1.000000 1.000000 1.000000
6547.462891 0.000000 2078.771240 0.000000 0.969594 0.000000 -0.244718 1.000000 1.000000 1.000000
6545.007812 0.000000 2124.320801 0.000000 0.980839 0.000000 -0.194820 1.000000 1.000000 1.000000
6528.206543 0.000000 2089.589844 0.000000 0.850209 0.000000 0.526446 1.000000 1.000000 1.000000
6625.647949 0.000000 2100.604248 0.000000 0.951721 0.000000 -0.306966 1.000000 1.000000 1.000000
6622.183105 0.000000 2101.889893 0.000000 0.928340 0.000000 -0.371733 1.000000 1.000000 1.000000
6618.767578 0.000000 2114.376709 0.000000 0.976432 0.000000 0.215827 1.000000 1.000000 1.000000
6616.137695 0.000000 2105.554443 0.000000 0.850974 0.000000 0.525208 1.000000 1.000000 1.000000
6628.652832 0.000000 2095.128906 0.000000 0.993460 0.000000 -0.114182 1.000000 1.000000 1.000000
6623.958984 0.000000 2101.371582 0.000000 0.995890 0.000000 0.090574 1.000000 1.000000 1.000000
6634.207520 0.000000 2092.862305 0.000000 0.843691 0.000000 0.536830 1.000000 1.000000 1.000000
6642.612793 0.000000 2080.052490 0.000000 0.952429 0.000000 0.304760 1.000000 1.000000 1.000000
6632.657715 0.000000 2086.496582 0.000000 0.887628 0.000000 0.460562 1.000000 1.000000 1.000000
6637.844238 0.000000 2093.475098 0.000000 0.895377 0.000000 0.445308 1.000000 1.000000 1.000000
6545.094727 0.000000 2125.951660 0.000000 0.985960 0.000000 -0.166979 1.000000 1.000000 1.000000
6539.050293 0.000000 2129.643555 0.000000 0.923026 0.000000 0.384739 1.000000 1.000000 1.000000
6641.805176 0.000000 2149.393555 0.000000 0.993662 0.000000 0.112409 1.000000 1.000000 1.000000
6640.429688 0.000000 2159.628662 0.000000 0.985735 0.000000 -0.168302 1.000000 1.000000 1.000000
6597.720215 0.000000 2148.337646 0.000000 0.873360 0.000000 0.487076 1.000000 1.000000 1.000000
6640.151855 0.000000 2151.245361 0.000000 0.977933 0.000000 -0.208917 1.000000 1.000000 1.000000
6640.557617 0.000000 2157.460449 0.000000 0.969865 0.000000 0.243644 1.000000 1.000000 1.000000
6648.631348 0.000000 2167.449951 0.000000 0.999865 0.000000 -0.016455 1.000000 1.000000 1.000000
6453.049316 0.000000 2195.079102 0.000000 0.980901 0.000000 0.194508 1.000000 1.000000 1.000000
6457.125000 0.000000 2197.457764 0.000000 0.947063 0.000000 0.321048 1.000000 1.000000 1.000000
6459.613770 0.000000 2193.598877 0.000000 0.926037 0.000000 0.377432 1.000000 1.000000 1.000000
6445.785645 0.000000 2182.847412 0.000000 0.961506 0.000000 0.274784 1.000000 1.000000 1.000000
6455.964355 0.000000 2198.800293 0.000000 0.817344 0.000000 0.576150 1.000000 1.000000 1.000000
6518.333496 0.000000 2198.237793 0.000000 0.977921 0.000000 0.208975 1.000000 1.000000 1.000000
6469.756836 0.000000 2178.672119 0.000000 0.819501 0.000000 0.573078 1.000000 1.000000 1.000000
6505.187012 0.000000 2212.248535 0.000000 0.908928 0.000000 0.416954 1.000000 1.000000 1.000000
6501.244141 0.000000 2184.164551 0.000000 0.994035 0.000000 -0.109057 1.000000 1.000000 1.000000
6504.091797 0.000000 2189.083984 0.000000 0.945978 0.000000 -0.324230 1.000000 1.000000 1.000000
6498.628418 0.000000 2189.195557 0.000000 0.951722 0.000000 0.306962 1.000000 1.000000 1.000000
6510.201172 0.000000 2196.878174 0.000000 0.951703 0.000000 -0.307019 1.000000 1.000000 1.000000
6515.187012 0.000000 2201.955322 0.000000 0.939580 0.000000 -0.342329 1.000000 1.000000 1.000000
6500.830566 0.000000 2211.203613 0.000000 0.996637 0.000000 0.081945 1.000000 1.000000 1.000000
6468.942871 0.000000 2208.408691 0.000000 0.980506 0.000000 0.196489 1.000000 1.000000 1.000000
6543.803223 0.000000 2190.266113 0.000000 0.842559 0.000000 0.538604 1.000000 1.000000 1.000000
6573.005371 0.000000 2194.604736 0.000000 0.964096 0.000000 0.265553 1.000000 1.000000 1.000000
6574.863281 0.000000 2203.280762 0.000000 0.830107 0.000000 0.557604 1.000000 1.000000 1.000000
6547.454102 0.000000 2187.548828 0.000000 0.933313 0.000000 -0.359064 1.000000 1.000000 1.000000
6546.425781 0.000000 2193.261475 0.000000 0.998713 0.000000 0.050715 1.000000 1.000000 1.000000
6572.338379 0.000000 2205.323242 0.000000 0.963736 0.000000 0.266858 1.000000 1.000000 1.000000
6548.965332 0.000000 2193.415771 0.000000 0.972289 0.000000 0.233784 1.000000 1.000000 1.000000
6538.547852 0.000000 2191.193359 0.000000 0.951763 0.000000 -0.306833 1.000000 1.000000 1.000000
6582.395508 0.000000 2190.055664 0.000000 0.969843 0.000000 0.243732 1.000000 1.000000 1.000000
6548.951172 0.000000 2189.007080 0.000000 0.926924 0.000000 -0.375250 1.000000 1.000000 1.000000
6580.621094 0.000000 2181.027588 0.000000 0.999379 0.000000 -0.035227 1.000000 1.000000 1.000000
6589.687012 0.000000 2244.369385 0.000000 0.997506 0.000000 -0.070579 1.000000 1.000000 1.000000
6529.648926 0.000000 2240.999268 0.000000 0.971612 0.000000 -0.236579 1.000000 1.000000 1.000000
6527.286621 0.000000 2240.491699 0.000000 0.999825 0.000000 0.018728 1.000000 1.000000 1.000000
6567.246094 0.000000 2265.784668 0.000000 0.990459 0.000000 -0.137809 1.000000 1.000000 1.000000
6581.555664 0.000000 2255.925781 0.000000 0.873939 0.000000 0.486036 1.000000 1.000000 1.000000
6538.782715 0.000000 2260.633057 0.000000 0.887274 0.000000 0.461243 1.000000 1.000000 1.000000
6644.841797 0.000000 2223.654297 0.000000 0.922081 0.000000 -0.386996 1.000000 1.000000 1.000000
6641.053711 0.000000 2238.744629 0.000000 0.928806 0.000000 0.370566 1.000000 1.000000 1.000000
6639.138184 0.000000 2236.082275 0.000000 0.787440 0.000000 0.616392 1.000000 1.000000 1.000000
6671.488770 0.000000 2063.987305 0.000000 0.999906 0.000000 -0.013678 1.000000 1.000000 1.000000
6662.008301 0.000000 2122.418213 0.000000 0.989692 0.000000 -0.143213 1.000000 1.000000 1.000000
6660.165039 0.000000 2122.373291 0.000000 0.854824 0.000000 0.518918 1.000000 1.000000 1.000000
6711.373047 0.000000 2162.091553 0.000000 0.962371 0.000000 -0.271737 1.000000 1.000000 1.000000
6707.689941 0.000000 2160.696777 0.000000 0.996671 0.000000 -0.081531 1.000000 1.000000 1.000000
6716.865234 0.000000 2140.617920 0.000000 0.876499 0.000000 0.481403 1.000000 1.000000 1.000000
6717.678711 0.000000 2155.216309 0.000000 0.938193 0.000000 0.346112 1.000000 1.000000 1.000000
6716.896484 0.000000 2142.127441 0.000000 0.884640 0.000000 0.466275 1.000000 1.000000 1.000000
6718.708008 0.000000 2208.392090 0.000000 0.988911 0.000000 0.148509 1.000000 1.000000 1.000000
6711.361328 0.000000 2183.733398 0.000000 0.997719 0.000000 -0.067502 1.000000 1.000000 1.000000
6712.540039 0.000000 2181.328857 0.000000 0.997006 0.000000 0.077330 1.000000 1.000000 1.000000
6712.215332 0.000000 2219.133301 0.000000 0.885918 0.000000 0.463841 1.000000 1.000000 1.000000
6714.093750 0.000000 2181.072510 0.000000 0.981460 0.000000 -0.191666 1.000000 1.000000 1.000000
6717.134766 0.000000 2181.004395 0.000000 0.926640 0.000000 0.375949 1.000000 1.000000 1.000000
6719.234863 0.000000 2210.482910 0.000000 0.976949 0.000000 -0.213473 1.000000 1.000000 1.000000
6714.315430 0.000000 2231.737305 0.000000 0.953733 0.000000 -0.300654 1.000000 1.000000 1.000000
6817.696777 0.000000 2257.464844 0.000000 0.866692 0.000000 0.498843 1.000000 1.000000 1.000000
6169.464844 0.000000 2285.032471 0.000000 0.991888 0.000000 -0.127117 1.000000 1.000000 1.000000
6173.385254 0.000000 2304.935303 0.000000 0.909042 0.000000 -0.416704 1.000000 1.000000 1.000000
6152.813477 0.000000 2271.901855 0.000000 0.962146 0.000000 0.272535 1.000000 1.000000 1.000000
6187.957520 0.000000 2305.503906 0.000000 0.862872 0.000000 0.505422 1.000000 1.000000 1.000000
6162.360840 0.000000 2269.755127 0.000000 0.954776 0.000000 0.297327 1.000000 1.000000 1.000000
6228.802734 0.000000 2285.522949 0.000000 0.902731 0.000000 0.430205 1.000000 1.000000 1.000000
6270.077148 0.000000 2309.040527 0.000000 0.923294 0.000000 0.384094 1.000000 1.000000 1.000000
6268.154297 0.000000 2309.637695 0.000000 0.998678 0.000000 0.051411 1.000000 1.000000 1.000000
6236.661133 0.000000 2269.093750 0.000000 0.959988 0.000000 -0.280042 1.000000 1.000000 1.000000
6258.341309 0.000000 2287.192139 0.000000 0.955155 0.000000 -0.296107 1.000000 1.000000 1.000000
6258.608887 0.000000 2285.833984 0.000000 0.991030 0.000000 -0.133638 1.000000 1.000000 1.000000
6231.591797 0.000000 2306.624023 0.000000 0.945212 0.000000 0.326456 1.000000 1.000000 1.000000
6239.399414 0.000000 2268.834229 0.000000 0.874989 0.000000 0.484142 1.000000 1.000000 1.000000
6234.775879 0.000000 2271.334473 0.000000 0.856038 0.000000 0.516913 1.000000 1.000000 1.000000
6164.445312 0.000000 2347.741943 0.000000 0.984723 0.000000 0.174127 1.000000 1.000000 1.000000
6169.464844 0.000000 2332.274658 0.000000 0.988296 0.000000 0.152551 1.000000 1.000000 1.000000
6174.994141 0.000000 2341.649170 0.000000 0.964022 0.000000 -0.265821 1.000000 1.000000 1.000000
6148.629395 0.000000 2352.023926 0.000000 0.916003 0.000000 -0.401170 1.000000 1.000000 1.000000
6172.702637 0.000000 2340.289062 0.000000 0.998546 0.000000 0.053906 1.000000 1.000000 1.000000
6159.160645 0.000000 2319.151855 0.000000 0.958000 0.000000 0.286767 1.000000 1.000000 1.000000
6166.387207 0.000000 2331.835449 0.000000 0.798252 0.000000 0.602324 1.000000 1.000000 1.000000
6145.081543 0.000000 2317.373047 0.000000 0.998252 0.000000 0.059094 1.000000 1.000000 1.000000
6221.184570 0.000000 2318.796631 0.000000 0.964146 0.000000 0.265372 1.000000 1.000000 1.000000
6335.007324 0.000000 2279.951660 0.000000 0.988878 0.000000 0.148726 1.000000 1.000000 1.000000
6300.653320 0.000000 2269.093750 0.000000 0.988180 0.000000 0.153298 1.000000 1.000000 1.000000
6298.883301 0.000000 2274.046875 0.000000 0.918336 0.000000 0.395803 1.000000 1.000000 1.000000
6297.127930 0.000000 2278.197021 0.000000 0.946281 0.000000 -0.323345 1.000000 1.000000 1.000000
6295.868164 0.000000 2279.373535 0.000000 0.985351 0.000000 0.170538 1.000000 1.000000 1.000000
6300.111328 0.000000 2271.972168 0.000000 0.999418 0.000000 0.034125 1.000000 1.000000 1.000000
6301.409180 0.000000 2271.169434 0.000000 0.971211 0.000000 0.238221 1.000000 1.000000 1.000000
6354.676270 0.000000 2273.798340 0.000000 0.928542 0.000000 -0.371226 1.000000 1.000000 1.000000
6340.891602 0.000000 2306.567871 0.000000 0.918920 0.000000 -0.394443 1.000000 1.000000 1.000000
6354.407227 0.000000 2272.106445 0.000000 0.966746 0.000000 0.255739 1.000000 1.000000 1.000000
6336.528320 0.000000 2280.341553 0.000000 0.956249 0.000000 -0.292553 1.000000 1.000000 1.000000
6341.389648 0.000000 2307.633545 0.000000 0.987645 0.000000 0.156706 1.000000 1.000000 1.000000
6163.123535 0.000000 2397.635742 0.000000 0.800293 0.000000 0.599609 1.000000 1.000000 1.000000
6148.054688 0.000000 2393.601807 0.000000 0.997157 0.000000 0.075347 1.000000 1.000000 1.000000
6193.166504 0.000000 2372.441895 0.000000 0.909087 0.000000 -0.416606 1.000000 1.000000 1.000000
6157.126953 0.000000 2394.411865 0.000000 0.877717 0.000000 0.479179 1.000000 1.000000 1.000000
6212.460938 0.000000 2382.461914 0.000000 0.930049 0.000000 -0.367436 1.000000 1.000000 1.000000
6165.803223 0.000000 2450.092285 0.000000 0.871467 0.000000 0.490453 1.000000 1.000000 1.000000
6154.064941 0.000000 2417.738037 0.000000 0.985890 0.000000 -0.167394 1.000000 1.000000 1.000000
6156.188965 0.000000 2417.592285 0.000000 0.985894 0.000000 -0.167373 1.000000 1.000000 1.000000
6364.463867 0.000000 2442.179443 0.000000 0.807153 0.000000 0.590342 1.000000 1.000000 1.000000
6358.541992 0.000000 2434.873779 0.000000 0.935802 0.000000 -0.352525 1.000000 1.000000 1.000000
6362.063477 0.000000 2440.661865 0.000000 0.932627 0.000000 -0.360842 1.000000 1.000000 1.000000
6337.812012 0.000000 2422.355957 0.000000 0.980724 0.000000 -0.195396 1.000000 1.000000 1.000000
6367.560059 0.000000 2442.112793 0.000000 0.879985 0.000000 0.475001 1.000000 1.000000 1.000000
6359.686035 0.000000 2413.159912 0.000000 0.855373 0.000000 0.518012 1.000000 1.000000 1.000000
6360.511230 0.000000 2429.303223 0.000000 0.987994 0.000000 0.154495 1.000000 1.000000 1.000000
6369.106934 0.000000 2441.583740 0.000000 0.826721 0.000000 0.562612 1.000000 1.000000 1.000000
6366.032227 0.000000 2442.546631 0.000000 0.984908 0.000000 -0.173077 1.000000 1.000000 1.000000
6361.987793 0.000000 2428.295654 0.000000 0.987258 0.000000 0.159127 1.000000 1.000000 1.000000
6462.491211 0.000000 2289.954834 0.000000 0.982736 0.000000 -0.185012 1.000000 1.000000 1.000000
6472.411133 0.000000 2290.101318 0.000000 0.973255 0.000000 -0.229728 1.000000 1.000000 1.000000
6488.140625 0.000000 2309.929199 0.000000 0.997762 0.000000 -0.066866 1.000000 1.000000 1.000000
6482.033691 0.000000 2306.895752 0.000000 0.999377 0.000000 0.035295 1.000000 1.000000 1.000000
6513.454590 0.000000 2358.904053 0.000000 0.999631 0.000000 -0.027163 1.000000 1.000000 1.000000
6517.979004 0.000000 2361.440186 0.000000 0.794384 0.000000 0.607415 1.000000 1.000000 1.000000
6515.412598 0.000000 2361.177246 0.000000 0.985837 0.000000 0.167704 1.000000 1.000000 1.000000
6548.169434 0.000000 2311.221436 0.000000 0.955416 0.000000 -0.295263 1.000000 1.000000 1.000000
6560.990234 0.000000 2307.627197 0.000000 0.889596 0.000000 0.456748 1.000000 1.000000 1.000000
6585.957520 0.000000 2289.509766 0.000000 0.951733 0.000000 0.306926 1.000000 1.000000 1.000000
6556.194824 0.000000 2296.572510 0.000000 0.977679 0.000000 -0.210104 1.000000 1.000000 1.000000
6569.311523 0.000000 2314.315674 0.000000 0.812788 0.000000 0.582560 1.000000 1.000000 1.000000
6632.019531 0.000000 2277.027344 0.000000 0.990022 0.000000 0.140913 1.000000 1.000000 1.000000
6630.467773 0.000000 2303.424072 0.000000 0.819942 0.000000 0.572447 1.000000 1.000000 1.000000
6629.431641 0.000000 2281.934082 0.000000 0.814611 0.000000 0.580007 1.000000 1.000000 1.000000
6592.213379 0.000000 2290.546387 0.000000 0.881596 0.000000 0.472005 1.000000 1.000000 1.000000
6641.805176 0.000000 2291.120117 0.000000 0.957611 0.000000 0.288065 1.000000 1.000000 1.000000
6628.227539 0.000000 2286.025635 0.000000 0.971747 0.000000 -0.236023 1.000000 1.000000 1.000000
6611.446289 0.000000 2282.033203 0.000000 0.915286 0.000000 0.402804 1.000000 1.000000 1.000000
6634.700684 0.000000 2291.443359 0.000000 0.794797 0.000000 0.606875 1.000000 1.000000 1.000000
6605.010742 0.000000 2314.555908 0.000000 0.924820 0.000000 0.380405 1.000000 1.000000 1.000000
6622.720215 0.000000 2302.362305 0.000000 0.860755 0.000000 0.509020 1.000000 1.000000 1.000000
6624.286621 0.000000 2304.917969 0.000000 0.837241 0.000000 0.546834 1.000000 1.000000 1.000000
6643.396973 0.000000 2313.935059 0.000000 0.979443 0.000000 -0.201719 1.000000 1.000000 1.000000
6602.340820 0.000000 2313.002197 0.000000 0.983885 0.000000 0.178804 1.000000 1.000000 1.000000
6602.267090 0.000000 2310.198730 0.000000 0.909128 0.000000 0.416517 1.000000 1.000000 1.000000
6573.197754 0.000000 2349.892090 0.000000 0.795080 0.000000 0.606505 1.000000 1.000000 1.000000
6559.518066 0.000000 2319.348633 0.000000 0.997467 0.000000 0.071133 1.000000 1.000000 1.000000
6582.325684 0.000000 2339.964355 0.000000 0.988722 0.000000 -0.149762 1.000000 1.000000 1.000000
6589.687012 0.000000 2338.853760 0.000000 0.985229 0.000000 -0.171243 1.000000 1.000000 1.000000
6585.117188 0.000000 2324.818604 0.000000 0.987756 0.000000 -0.156008 1.000000 1.000000 1.000000
6578.008301 0.000000 2317.880127 0.000000 0.964982 0.000000 0.262315 1.000000 1.000000 1.000000
6587.876953 0.000000 2317.218994 0.000000 0.979773 0.000000 -0.200114 1.000000 1.000000 1.000000
6590.697266 0.000000 2315.041748 0.000000 0.862776 0.000000 0.505586 1.000000 1.000000 1.000000
6641.321777 0.000000 2315.023193 0.000000 0.909400 0.000000 0.415923 1.000000 1.000000 1.000000
6600.395508 0.000000 2337.343506 0.000000 0.898094 0.000000 0.439804 1.000000 1.000000 1.000000
6605.390137 0.000000 2327.167969 0.000000 0.911655 0.000000 0.410955 1.000000 1.000000 1.000000
6601.708008 0.000000 2339.447266 0.000000 0.988661 0.000000 0.150165 1.000000 1.000000 1.000000
6604.913086 0.000000 2315.587402 0.000000 0.937030 0.000000 -0.349248 1.000000 1.000000 1.000000
6593.149902 0.000000 2343.698242 0.000000 0.969869 0.000000 0.243628 1.000000 1.000000 1.000000
6605.446777 0.000000 2336.585938 0.000000 0.992756 0.000000 -0.120146 1.000000 1.000000 1.000000
6600.645020 0.000000 2317.034424 0.000000 0.998595 0.000000 0.052983 1.000000 1.000000 1.000000
6598.921387 0.000000 2338.285400 0.000000 0.997628 0.000000 -0.068830 1.000000 1.000000 1.000000
6427.389648 0.000000 2406.818359 0.000000 0.968580 0.000000 -0.248701 1.000000 1.000000 1.000000
6424.148438 0.000000 2404.413574 0.000000 0.994715 0.000000 -0.102676 1.000000 1.000000 1.000000
6453.049316 0.000000 2384.047852 0.000000 0.984271 0.000000 0.176666 1.000000 1.000000 1.000000
6419.466309 0.000000 2407.923584 0.000000 0.960197 0.000000 -0.279325 1.000000 1.000000 1.000000
6495.525879 0.000000 2366.590820 0.000000 0.900320 0.000000 0.435228 1.000000 1.000000 1.000000
6521.558594 0.000000 2365.749023 0.000000 0.996785 0.000000 -0.080125 1.000000 1.000000 1.000000
6496.966309 0.000000 2362.390381 0.000000 0.998007 0.000000 -0.063111 1.000000 1.000000 1.000000
6499.174316 0.000000 2364.716064 0.000000 0.999020 0.000000 0.044252 1.000000 1.000000 1.000000
6525.974609 0.000000 2371.261963 0.000000 0.821976 0.000000 0.569522 1.000000 1.000000 1.000000
6524.813965 0.000000 2374.760742 0.000000 0.923991 0.000000 -0.382415 1.000000 1.000000 1.000000
6522.338867 0.000000 2373.463867 0.000000 0.847618 0.000000 0.530606 1.000000 1.000000 1.000000
6467.068359 0.000000 2392.385498 0.000000 0.980362 0.000000 0.197206 1.000000 1.000000 1.000000
6419.478516 0.000000 2409.466553 0.000000 0.995895 0.000000 0.090514 1.000000 1.000000 1.000000
6440.042969 0.000000 2418.753906 0.000000 0.987416 0.000000 -0.158143 1.000000 1.000000 1.000000
6439.637207 0.000000 2433.996338 0.000000 0.955288 0.000000 -0.295677 1.000000 1.000000 1.000000
6419.469727 0.000000 2423.759766 0.000000 0.926102 0.000000 -0.377273 1.000000 1.000000 1.000000
6422.882324 0.000000 2424.591309 0.000000 0.890955 0.000000 0.454091 1.000000 1.000000 1.000000
6453.354980 0.000000 2448.151611 0.000000 0.898754 0.000000 0.438453 1.000000 1.000000 1.000000
6416.578613 0.000000 2428.671875 0.000000 0.994904 0.000000 -0.100825 1.000000 1.000000 1.000000
6420.966797 0.000000 2425.218018 0.000000 0.983440 0.000000 0.181235 1.000000 1.000000 1.000000
6425.979980 0.000000 2428.295654 0.000000 0.973538 0.000000 -0.228527 1.000000 1.000000 1.000000
6524.444824 0.000000 2426.949463 0.000000 0.881464 0.000000 0.472251 1.000000 1.000000 1.000000
6468.429688 0.000000 2429.704102 0.000000 0.999457 0.000000 -0.032954 1.000000 1.000000 1.000000
6487.131348 0.000000 2430.608154 0.000000 0.999037 0.000000 0.043873 1.000000 1.000000 1.000000
6508.346191 0.000000 2441.534180 0.000000 0.983709 0.000000 -0.179766 1.000000 1.000000 1.000000
6488.995605 0.000000 2431.286133 0.000000 0.792897 0.000000 0.609356 1.000000 1.000000 1.000000
6509.255859 0.000000 2439.836914 0.000000 0.836638 0.000000 0.547756 1.000000 1.000000 1.000000
6489.972168 0.000000 2428.295654 0.000000 0.917840 0.000000 0.396950 1.000000 1.000000 1.000000
6577.375488 0.000000 2375.089111 0.000000 0.876911 0.000000 0.480653 1.000000 1.000000 1.000000
6540.049316 0.000000 2382.109619 0.000000 0.999816 0.000000 -0.019170 1.000000 1.000000 1.000000
6536.403320 0.000000 2384.585693 0.000000 0.961464 0.000000 0.274929 1.000000 1.000000 1.000000
6544.074219 0.000000 2387.562256 0.000000 0.957354 0.000000 -0.288916 1.000000 1.000000 1.000000
6590.475586 0.000000 2384.439209 0.000000 0.904287 0.000000 0.426925 1.000000 1.000000 1.000000
6646.680664 0.000000 2403.730469 0.000000 0.914084 0.000000 0.405525 1.000000 1.000000 1.000000
6625.578125 0.000000 2396.182129 0.000000 0.926808 0.000000 -0.375536 1.000000 1.000000 1.000000
6596.414062 0.000000 2382.461914 0.000000 0.953616 0.000000 0.301027 1.000000 1.000000 1.000000
6619.447754 0.000000 2375.791016 0.000000 0.960802 0.000000 -0.277236 1.000000 1.000000 1.000000
6611.446289 0.000000 2376.517578 0.000000 0.958062 0.000000 0.286560 1.000000 1.000000 1.000000
6629.641602 0.000000 2383.917236 0.000000 0.827942 0.000000 0.560814 1.000000 1.000000 1.000000
6624.063965 0.000000 2404.862549 0.000000 0.963293 0.000000 -0.268452 1.000000 1.000000 1.000000
6624.286621 0.000000 2399.402344 0.000000 0.944501 0.000000 -0.328509 1.000000 1.000000 1.000000
6593.641113 0.000000 2382.725830 0.000000 0.918851 0.000000 0.394604 1.000000 1.000000 1.000000
6646.874512 0.000000 2366.956299 0.000000 0.995534 0.000000 0.094404 1.000000 1.000000 1.000000
6591.278809 0.000000 2382.218262 0.000000 0.930012 0.000000 0.367530 1.000000 1.000000 1.000000
6602.010254 0.000000 2370.495850 0.000000 0.999737 0.000000 0.022953 1.000000 1.000000 1.000000
6621.789062 0.000000 2375.326660 0.000000 0.947518 0.000000 0.319703 1.000000 1.000000 1.000000
6632.106934 0.000000 2362.144531 0.000000 0.900440 0.000000 0.434980 1.000000 1.000000 1.000000
6651.342773 0.000000 2385.868164 0.000000 0.943852 0.000000 -0.330370 1.000000 1.000000 1.000000
6647.332031 0.000000 2364.571045 0.000000 0.949878 0.000000 -0.312622 1.000000 1.000000 1.000000
6592.689453 0.000000 2368.033691 0.000000 0.951099 0.000000 -0.308887 1.000000 1.000000 1.000000
6610.372559 0.000000 2399.789795 0.000000 0.966386 0.000000 -0.257097 1.000000 1.000000 1.000000
6624.393555 0.000000 2372.068848 0.000000 0.799422 0.000000 0.600770 1.000000 1.000000 1.000000
6645.840820 0.000000 2399.298828 0.000000 0.994920 0.000000 0.100666 1.000000 1.000000 1.000000
6652.981445 0.000000 2400.613525 0.000000 0.977981 0.000000 0.208694 1.000000 1.000000 1.000000
6594.971191 0.000000 2378.354492 0.000000 0.990294 0.000000 0.138990 1.000000 1.000000 1.000000
6527.502930 0.000000 2413.406006 0.000000 0.905138 0.000000 0.425117 1.000000 1.000000 1.000000
6573.781738 0.000000 2435.611572 0.000000 0.848497 0.000000 0.529200 1.000000 1.000000 1.000000
6577.446777 0.000000 2453.388428 0.000000 0.976837 0.000000 0.213984 1.000000 1.000000 1.000000
6544.025391 0.000000 2415.576660 0.000000 0.843518 0.000000 0.537101 1.000000 1.000000 1.000000
6566.475586 0.000000 2445.150635 0.000000 0.955814 0.000000 -0.293972 1.000000 1.000000 1.000000
6552.880859 0.000000 2447.872559 0.000000 0.983895 0.000000 0.178746 1.000000 1.000000 1.000000
6558.947266 0.000000 2436.133545 0.000000 0.949127 0.000000 0.314894 1.000000 1.000000 1.000000
6582.688477 0.000000 2450.972656 0.000000 0.999999 0.000000 0.001692 1.000000 1.000000 1.000000
6546.414062 0.000000 2437.554443 0.000000 0.907181 0.000000 0.420742 1.000000 1.000000 1.000000
6559.838379 0.000000 2440.028809 0.000000 0.824394 0.000000 0.566017 1.000000 1.000000 1.000000
6566.317871 0.000000 2441.485107 0.000000 0.994437 0.000000 0.105335 1.000000 1.000000 1.000000
6544.074219 0.000000 2434.804443 0.000000 0.933018 0.000000 0.359829 1.000000 1.000000 1.000000
6545.202148 0.000000 2440.612305 0.000000 0.934399 0.000000 0.356229 1.000000 1.000000 1.000000
6541.145508 0.000000 2413.281006 0.000000 0.931169 0.000000 0.364589 1.000000 1.000000 1.000000
6538.166016 0.000000 2439.788330 0.000000 0.977623 0.000000 0.210366 1.000000 1.000000 1.000000
6535.614258 0.000000 2446.715332 0.000000 0.995260 0.000000 -0.097251 1.000000 1.000000 1.000000
6542.477539 0.000000 2428.741943 0.000000 0.929111 0.000000 0.369800 1.000000 1.000000 1.000000
6535.313477 0.000000 2434.214600 0.000000 0.792626 0.000000 0.609708 1.000000 1.000000 1.000000
6529.788574 0.000000 2422.355957 0.000000 0.929859 0.000000 -0.367917 1.000000 1.000000 1.000000
6546.313965 0.000000 2411.481689 0.000000 0.792123 0.000000 0.610361 1.000000 1.000000 1.000000
6581.116211 0.000000 2450.056641 0.000000 0.920424 0.000000 -0.390921 1.000000 1.000000 1.000000
6538.348633 0.000000 2454.728760 0.000000 0.987980 0.000000 0.154579 1.000000 1.000000 1.000000
6539.226074 0.000000 2453.849365 0.000000 0.930684 0.000000 0.365824 1.000000 1.000000 1.000000
6629.044434 0.000000 2417.569092 0.000000 0.996571 0.000000 0.082745 1.000000 1.000000 1.000000
6654.030273 0.000000 2450.767090 0.000000 0.907827 0.000000 -0.419345 1.000000 1.000000 1.000000
6651.540039 0.000000 2437.629395 0.000000 0.939792 0.000000 0.341747 1.000000 1.000000 1.000000
6649.508301 0.000000 2434.907227 0.000000 0.982358 0.000000 0.187013 1.000000 1.000000 1.000000
6193.793945 0.000000 2483.835205 0.000000 0.818630 0.000000 0.574321 1.000000 1.000000 1.000000
6204.226074 0.000000 2467.450684 0.000000 0.996699 0.000000 -0.081190 1.000000 1.000000 1.000000
6190.240234 0.000000 2480.331299 0.000000 0.909417 0.000000 0.415886 1.000000 1.000000 1.000000
6236.108887 0.000000 2478.596680 0.000000 0.921982 0.000000 0.387233 1.000000 1.000000 1.000000
6238.694824 0.000000 2481.538086 0.000000 0.891873 0.000000 0.452287 1.000000 1.000000 1.000000
6326.426758 0.000000 2473.508789 0.000000 0.923992 0.000000 0.382413 1.000000 1.000000 1.000000
6324.750000 0.000000 2467.661621 0.000000 0.998917 0.000000 -0.046519 1.000000 1.000000 1.000000
6342.540527 0.000000 2496.208252 0.000000 0.995400 0.000000 -0.095804 1.000000 1.000000 1.000000
6353.225586 0.000000 2487.854492 0.000000 0.965424 0.000000 0.260683 1.000000 1.000000 1.000000
6351.407715 0.000000 2484.966797 0.000000 0.933789 0.000000 0.357825 1.000000 1.000000 1.000000
6355.279297 0.000000 2487.029053 0.000000 0.996608 0.000000 0.082290 1.000000 1.000000 1.000000
6343.242676 0.000000 2498.636230 0.000000 0.985053 0.000000 -0.172253 1.000000 1.000000 1.000000
6356.692383 0.000000 2492.942383 0.000000 0.933544 0.000000 0.358464 1.000000 1.000000 1.000000
6323.726074 0.000000 2531.023438 0.000000 0.991276 0.000000 0.131802 1.000000 1.000000 1.000000
6391.203613 0.000000 2533.216064 0.000000 0.833761 0.000000 0.552126 1.000000 1.000000 1.000000
6339.623535 0.000000 2508.496582 0.000000 0.999359 0.000000 0.035810 1.000000 1.000000 1.000000
6394.256348 0.000000 2544.428467 0.000000 0.986745 0.000000 0.162277 1.000000 1.000000 1.000000
6343.485840 0.000000 2509.233643 0.000000 0.980297 0.000000 -0.197528 1.000000 1.000000 1.000000
6343.685547 0.000000 2559.616211 0.000000 0.895867 0.000000 0.444323 1.000000 1.000000 1.000000
6362.063477 0.000000 2582.388428 0.000000 0.995225 0.000000 -0.097608 1.000000 1.000000 1.000000
6342.263184 0.000000 2565.172363 0.000000 0.950328 0.000000 -0.311249 1.000000 1.000000 1.000000
6342.345703 0.000000 2561.145020 0.000000 0.985201 0.000000 -0.171401 1.000000 1.000000 1.000000
6361.011230 0.000000 2573.012695 0.000000 0.920763 0.000000 0.390123 1.000000 1.000000 1.000000
6342.091309 0.000000 2558.434082 0.000000 0.992134 0.000000 0.125181 1.000000 1.000000 1.000000
6327.605469 0.000000 2598.436523 0.000000 0.965019 0.000000 -0.262180 1.000000 1.000000 1.000000
6325.986816 0.000000 2599.487061 0.000000 0.941885 0.000000 -0.335935 1.000000 1.000000 1.000000
6322.903320 0.000000 2598.363770 0.000000 0.930997 0.000000 -0.365026 1.000000 1.000000 1.000000
6454.341309 0.000000 2481.690918 0.000000 0.995042 0.000000 -0.099460 1.000000 1.000000 1.000000
6456.300293 0.000000 2477.057373 0.000000 0.941146 0.000000 -0.338000 1.000000 1.000000 1.000000
6453.971191 0.000000 2457.760498 0.000000 0.977476 0.000000 0.211045 1.000000 1.000000 1.000000
6457.120605 0.000000 2471.155762 0.000000 0.929334 0.000000 -0.369240 1.000000 1.000000 1.000000
6458.669922 0.000000 2474.117188 0.000000 0.979388 0.000000 -0.201986 1.000000 1.000000 1.000000
6459.398926 0.000000 2475.413086 0.000000 0.996365 0.000000 -0.085185 1.000000 1.000000 1.000000
6452.747559 0.000000 2458.473877 0.000000 0.996996 0.000000 -0.077456 1.000000 1.000000 1.000000
6458.085938 0.000000 2479.876221 0.000000 0.945249 0.000000 -0.326351 1.000000 1.000000 1.000000
6463.510742 0.000000 2460.648193 0.000000 0.997615 0.000000 0.069028 1.000000 1.000000 1.000000
6480.277344 0.000000 2494.955322 0.000000 0.997551 0.000000 -0.069937 1.000000 1.000000 1.000000
6475.630859 0.000000 2471.524414 0.000000 0.955546 0.000000 0.294840 1.000000 1.000000 1.000000
6472.129883 0.000000 2489.764648 0.000000 0.838891 0.000000 0.544299 1.000000 1.000000 1.000000
6495.958496 0.000000 2458.904297 0.000000 0.852693 0.000000 0.522413 1.000000 1.000000 1.000000
6469.738281 0.000000 2489.679199 0.000000 0.916598 0.000000 -0.399811 1.000000 1.000000 1.000000
6481.344238 0.000000 2492.575928 0.000000 0.975137 0.000000 0.221602 1.000000 1.000000 1.000000
6484.000488 0.000000 2465.693848 0.000000 0.817531 0.000000 0.575884 1.000000 1.000000 1.000000
6481.013184 0.000000 2489.322998 0.000000 0.998742 0.000000 -0.050150 1.000000 1.000000 1.000000
6444.886719 0.000000 2504.708984 0.000000 0.967041 0.000000 0.254621 1.000000 1.000000 1.000000
6445.020996 0.000000 2525.300049 0.000000 0.808466 0.000000 0.588543 1.000000 1.000000 1.000000
6429.516602 0.000000 2523.521973 0.000000 0.992497 0.000000 -0.122270 1.000000 1.000000 1.000000
6460.896484 0.000000 2518.555420 0.000000 0.914815 0.000000 -0.403873 1.000000 1.000000 1.000000
6442.701660 0.000000 2544.759033 0.000000 0.902749 0.000000 -0.430169 1.000000 1.000000 1.000000
6429.598633 0.000000 2534.684814 0.000000 0.917354 0.000000 0.398072 1.000000 1.000000 1.000000
6427.268555 0.000000 2542.293701 0.000000 0.984308 0.000000 0.176458 1.000000 1.000000 1.000000
6451.057617 0.000000 2515.316406 0.000000 0.890676 0.000000 0.454638 1.000000 1.000000 1.000000
6426.967773 0.000000 2521.098633 0.000000 0.868664 0.000000 0.495402 1.000000 1.000000 1.000000
6518.121094 0.000000 2515.789551 0.000000 0.872718 0.000000 0.488224 1.000000 1.000000 1.000000
6518.333496 0.000000 2528.933105 0.000000 0.955005 0.000000 -0.296590 1.000000 1.000000 1.000000
6526.983887 0.000000 2516.162598 0.000000 0.966422 0.000000 -0.256962 1.000000 1.000000 1.000000
6468.286621 0.000000 2519.087158 0.000000 0.966519 0.000000 -0.256594 1.000000 1.000000 1.000000
6470.862793 0.000000 2515.851562 0.000000 0.984062 0.000000 -0.177825 1.000000 1.000000 1.000000
6471.669922 0.000000 2512.374023 0.000000 0.983819 0.000000 0.179164 1.000000 1.000000 1.000000
6472.129883 0.000000 2537.006836 0.000000 0.978734 0.000000 -0.205133 1.000000 1.000000 1.000000
6463.615723 0.000000 2519.824707 0.000000 0.949827 0.000000 0.312775 1.000000 1.000000 1.000000
6478.452637 0.000000 2538.526611 0.000000 0.956919 0.000000 -0.290354 1.000000 1.000000 1.000000
6475.596680 0.000000 2537.726074 0.000000 0.931710 0.000000 0.363204 1.000000 1.000000 1.000000
6568.027344 0.000000 2465.996094 0.000000 0.936579 0.000000 0.350456 1.000000 1.000000 1.000000
6564.654785 0.000000 2462.108643 0.000000 0.999923 0.000000 0.012408 1.000000 1.000000 1.000000
6555.455566 0.000000 2470.275391 0.000000 0.989453 0.000000 -0.144854 1.000000 1.000000 1.000000
6556.396973 0.000000 2459.687744 0.000000 0.998339 0.000000 0.057609 1.000000 1.000000 1.000000
6545.170898 0.000000 2465.536621 0.000000 0.895905 0.000000 0.444246 1.000000 1.000000 1.000000
6548.951172 0.000000 2472.460205 0.000000 0.900984 0.000000 -0.433852 1.000000 1.000000 1.000000
6557.588867 0.000000 2461.168945 0.000000 0.970741 0.000000 -0.240127 1.000000 1.000000 1.000000
6564.401855 0.000000 2469.456543 0.000000 0.999380 0.000000 -0.035207 1.000000 1.000000 1.000000
6579.694824 0.000000 2483.781250 0.000000 0.973270 0.000000 0.229665 1.000000 1.000000 1.000000
6573.173828 0.000000 2481.457764 0.000000 0.984488 0.000000 -0.175450 1.000000 1.000000 1.000000
6639.585938 0.000000 2465.073242 0.000000 0.967490 0.000000 -0.252909 1.000000 1.000000 1.000000
6634.058105 0.000000 2483.577148 0.000000 0.995931 0.000000 -0.090114 1.000000 1.000000 1.000000
6648.276855 0.000000 2477.057373 0.000000 0.976563 0.000000 0.215232 1.000000 1.000000 1.000000
6633.030762 0.000000 2485.316162 0.000000 0.873656 0.000000 0.486543 1.000000 1.000000 1.000000
6608.986816 0.000000 2485.849121 0.000000 0.936793 0.000000 0.349885 1.000000 1.000000 1.000000
6648.223145 0.000000 2502.586426 0.000000 0.995352 0.000000 -0.096305 1.000000 1.000000 1.000000
6654.111816 0.000000 2482.207275 0.000000 0.990916 0.000000 -0.134484 1.000000 1.000000 1.000000
6538.644043 0.000000 2514.537354 0.000000 0.984054 0.000000 0.177868 1.000000 1.000000 1.000000
6533.416992 0.000000 2533.428467 0.000000 0.954538 0.000000 0.298089 1.000000 1.000000 1.000000
6534.048828 0.000000 2529.647705 0.000000 0.939078 0.000000 -0.343705 1.000000 1.000000 1.000000
6531.004883 0.000000 2524.034912 0.000000 0.966513 0.000000 -0.256616 1.000000 1.000000 1.000000
6542.304688 0.000000 2537.113770 0.000000 0.830978 0.000000 0.556305 1.000000 1.000000 1.000000
6438.264648 0.000000 2560.629639 0.000000 0.981139 0.000000 -0.193304 1.000000 1.000000 1.000000
6472.411133 0.000000 2573.554443 0.000000 0.996756 0.000000 -0.080480 1.000000 1.000000 1.000000
6474.083984 0.000000 2564.098145 0.000000 0.924814 0.000000 0.380419 1.000000 1.000000 1.000000
6475.646973 0.000000 2563.275879 0.000000 0.835688 0.000000 0.549204 1.000000 1.000000 1.000000
6485.595215 0.000000 2572.791504 0.000000 0.791016 0.000000 0.611796 1.000000 1.000000 1.000000
6467.012695 0.000000 2571.277100 0.000000 0.961791 0.000000 -0.273784 1.000000 1.000000 1.000000
6437.446777 0.000000 2638.772461 0.000000 0.940572 0.000000 -0.339596 1.000000 1.000000 1.000000
6460.194824 0.000000 2609.177246 0.000000 0.797290 0.000000 0.603596 1.000000 1.000000 1.000000
6444.339844 0.000000 2627.369141 0.000000 0.981399 0.000000 0.191981 1.000000 1.000000 1.000000
6440.835449 0.000000 2634.832031 0.000000 0.985865 0.000000 -0.167540 1.000000 1.000000 1.000000
6441.054199 0.000000 2627.042725 0.000000 0.963392 0.000000 0.268095 1.000000 1.000000 1.000000
6442.182617 0.000000 2635.954346 0.000000 0.963223 0.000000 -0.268702 1.000000 1.000000 1.000000
6445.189453 0.000000 2623.184326 0.000000 0.939295 0.000000 -0.343111 1.000000 1.000000 1.000000
6455.513184 0.000000 2622.364258 0.000000 0.934884 0.000000 -0.354954 1.000000 1.000000 1.000000
6458.125000 0.000000 2606.252197 0.000000 0.971755 0.000000 -0.235991 1.000000 1.000000 1.000000
6436.960938 0.000000 2626.299316 0.000000 0.998835 0.000000 0.048258 1.000000 1.000000 1.000000
6441.344727 0.000000 2638.823730 0.000000 0.846185 0.000000 0.532890 1.000000 1.000000 1.000000
6445.300781 0.000000 2625.877686 0.000000 0.853731 0.000000 0.520715 1.000000 1.000000 1.000000
6444.053711 0.000000 2622.669678 0.000000 0.964806 0.000000 0.262964 1.000000 1.000000 1.000000
6439.936035 0.000000 2627.353027 0.000000 0.962396 0.000000 -0.271650 1.000000 1.000000 1.000000
6445.134277 0.000000 2622.098145 0.000000 0.997983 0.000000 -0.063478 1.000000 1.000000 1.000000
6518.121094 0.000000 2610.273926 0.000000 0.988893 0.000000 0.148626 1.000000 1.000000 1.000000
6481.178711 0.000000 2607.263184 0.000000 0.988473 0.000000 0.151395 1.000000 1.000000 1.000000
6517.614258 0.000000 2607.931885 0.000000 0.924903 0.000000 -0.380204 1.000000 1.000000 1.000000
6463.234863 0.000000 2643.624023 0.000000 0.930942 0.000000 0.365166 1.000000 1.000000 1.000000
6479.726074 0.000000 2608.522705 0.000000 0.994916 0.000000 -0.100706 1.000000 1.000000 1.000000
6515.504395 0.000000 2615.483887 0.000000 0.952188 0.000000 0.305514 1.000000 1.000000 1.000000
6486.808105 0.000000 2626.520996 0.000000 0.999864 0.000000 0.016503 1.000000 1.000000 1.000000
6521.112793 0.000000 2612.882324 0.000000 0.999991 0.000000 0.004244 1.000000 1.000000 1.000000
6506.223145 0.000000 2612.526367 0.000000 0.989882 0.000000 -0.141896 1.000000 1.000000 1.000000
6463.611328 0.000000 2642.028076 0.000000 0.999784 0.000000 0.020765 1.000000 1.000000 1.000000
6488.372559 0.000000 2606.167725 0.000000 0.940139 0.000000 0.340793 1.000000 1.000000 1.000000
6477.530762 0.000000 2618.682617 0.000000 0.994545 0.000000 0.104310 1.000000 1.000000 1.000000
6480.708496 0.000000 2608.998291 0.000000 0.999801 0.000000 0.019954 1.000000 1.000000 1.000000
6568.027344 0.000000 2607.722656 0.000000 0.958281 0.000000 -0.285827 1.000000 1.000000 1.000000
6567.621582 0.000000 2622.965088 0.000000 0.804215 0.000000 0.594339 1.000000 1.000000 1.000000
6568.849609 0.000000 2611.269531 0.000000 0.916752 0.000000 -0.399457 1.000000 1.000000 1.000000
6553.187500 0.000000 2612.952148 0.000000 0.942514 0.000000 -0.334166 1.000000 1.000000 1.000000
6680.955566 0.000000 2273.187500 0.000000 0.897965 0.000000 0.440067 1.000000 1.000000 1.000000
6716.119629 0.000000 2307.577148 0.000000 0.912202 0.000000 -0.409741 1.000000 1.000000 1.000000
6690.680176 0.000000 2293.285889 0.000000 0.988367 0.000000 0.152089 1.000000 1.000000 1.000000
6718.617188 0.000000 2306.319580 0.000000 0.999732 0.000000 0.023163 1.000000 1.000000 1.000000
6688.399414 0.000000 2292.193848 0.000000 0.837241 0.000000 0.546834 1.000000 1.000000 1.000000
6669.845215 0.000000 2283.173340 0.000000 0.999464 0.000000 0.032748 1.000000 1.000000 1.000000
6695.298340 0.000000 2286.166748 0.000000 0.883182 0.000000 0.469030 1.000000 1.000000 1.000000
6719.548828 0.000000 2297.982422 0.000000 0.964820 0.000000 -0.262911 1.000000 1.000000 1.000000
6721.540527 0.000000 2283.031494 0.000000 0.872145 0.000000 0.489247 1.000000 1.000000 1.000000
6725.704590 0.000000 2290.064209 0.000000 0.972508 0.000000 0.232871 1.000000 1.000000 1.000000
6721.134277 0.000000 2296.456055 0.000000 0.995272 0.000000 0.097122 1.000000 1.000000 1.000000
6655.487305 0.000000 2328.480469 0.000000 0.928264 0.000000 -0.371922 1.000000 1.000000 1.000000
6658.269043 0.000000 2339.528320 0.000000 0.952137 0.000000 -0.305671 1.000000 1.000000 1.000000
6667.086914 0.000000 2337.314209 0.000000 0.965361 0.000000 -0.260917 1.000000 1.000000 1.000000
6683.425781 0.000000 2326.360840 0.000000 0.990386 0.000000 -0.138331 1.000000 1.000000 1.000000
6685.573242 0.000000 2319.442383 0.000000 0.982613 0.000000 0.185664 1.000000 1.000000 1.000000
6686.218750 0.000000 2317.730713 0.000000 0.786751 0.000000 0.617270 1.000000 1.000000 1.000000
6730.620605 0.000000 2325.568604 0.000000 0.985668 0.000000 0.168697 1.000000 1.000000 1.000000
6728.135742 0.000000 2332.580566 0.000000 0.924443 0.000000 -0.381320 1.000000 1.000000 1.000000
6739.010254 0.000000 2338.115967 0.000000 0.964399 0.000000 0.264450 1.000000 1.000000 1.000000
6724.398438 0.000000 2335.219727 0.000000 0.872692 0.000000 0.488272 1.000000 1.000000 1.000000
6731.599609 0.000000 2329.797852 0.000000 0.831187 0.000000 0.555992 1.000000 1.000000 1.000000
6738.402344 0.000000 2334.988037 0.000000 0.980553 0.000000 -0.196253 1.000000 1.000000 1.000000
6719.263184 0.000000 2334.976074 0.000000 0.861301 0.000000 0.508095 1.000000 1.000000 1.000000
6735.480469 0.000000 2351.166748 0.000000 0.862771 0.000000 0.505595 1.000000 1.000000 1.000000
6797.336914 0.000000 2303.859131 0.000000 0.954463 0.000000 -0.298329 1.000000 1.000000 1.000000
6660.868164 0.000000 2386.920410 0.000000 0.988651 0.000000 0.150232 1.000000 1.000000 1.000000
6690.324219 0.000000 2371.800537 0.000000 0.955569 0.000000 0.294766 1.000000 1.000000 1.000000
6700.989746 0.000000 2383.573486 0.000000 0.948508 0.000000 -0.316754 1.000000 1.000000 1.000000
6688.942871 0.000000 2362.390381 0.000000 0.931271 0.000000 -0.364326 1.000000 1.000000 1.000000
6666.150391 0.000000 2392.546143 0.000000 0.997521 0.000000 0.070367 1.000000 1.000000 1.000000
6664.106445 0.000000 2395.280273 0.000000 0.999411 0.000000 -0.034312 1.000000 1.000000 1.000000
6664.223633 0.000000 2391.253906 0.000000 0.908607 0.000000 0.417652 1.000000 1.000000 1.000000
6667.468262 0.000000 2404.079102 0.000000 0.975429 0.000000 0.220314 1.000000 1.000000 1.000000
6667.883301 0.000000 2399.863525 0.000000 0.991356 0.000000 0.131202 1.000000 1.000000 1.000000
6660.165039 0.000000 2405.826416 0.000000 0.995378 0.000000 0.096031 1.000000 1.000000 1.000000
6667.146484 0.000000 2386.201904 0.000000 0.796600 0.000000 0.604507 1.000000 1.000000 1.000000
6663.318359 0.000000 2388.409180 0.000000 0.782760 0.000000 0.622324 1.000000 1.000000 1.000000
6676.153809 0.000000 2452.947998 0.000000 0.978514 0.000000 -0.206178 1.000000 1.000000 1.000000
6671.161621 0.000000 2411.079102 0.000000 0.959424 0.000000 0.281967 1.000000 1.000000 1.000000
6664.387695 0.000000 2431.827881 0.000000 0.971569 0.000000 0.236758 1.000000 1.000000 1.000000
6679.107910 0.000000 2430.608154 0.000000 0.796850 0.000000 0.604177 1.000000 1.000000 1.000000
6663.646484 0.000000 2417.889648 0.000000 0.943627 0.000000 0.331010 1.000000 1.000000 1.000000
6668.808594 0.000000 2426.734375 0.000000 0.901175 0.000000 0.433456 1.000000 1.000000 1.000000
6664.289551 0.000000 2409.400879 0.000000 0.954287 0.000000 -0.298893 1.000000 1.000000 1.000000
6667.086914 0.000000 2431.798584 0.000000 0.928712 0.000000 0.370802 1.000000 1.000000 1.000000
6665.700195 0.000000 2433.931641 0.000000 0.950306 0.000000 0.311317 1.000000 1.000000 1.000000
6655.270996 0.000000 2429.460449 0.000000 0.783739 0.000000 0.621090 1.000000 1.000000 1.000000
6675.240234 0.000000 2439.786865 0.000000 0.990193 0.000000 -0.139705 1.000000 1.000000 1.000000
6669.845215 0.000000 2424.899902 0.000000 0.998755 0.000000 -0.049882 1.000000 1.000000 1.000000
6682.821777 0.000000 2414.193848 0.000000 0.813650 0.000000 0.581355 1.000000 1.000000 1.000000
6673.827148 0.000000 2434.525391 0.000000 0.934679 0.000000 -0.355493 1.000000 1.000000 1.000000
6668.627441 0.000000 2414.810547 0.000000 0.923002 0.000000 -0.384795 1.000000 1.000000 1.000000
6665.933105 0.000000 2414.765625 0.000000 0.957109 0.000000 0.289728 1.000000 1.000000 1.000000
6667.100586 0.000000 2418.684326 0.000000 0.993529 0.000000 0.113582 1.000000 1.000000 1.000000
6665.965820 0.000000 2416.332275 0.000000 0.942133 0.000000 0.335239 1.000000 1.000000 1.000000
6669.506348 0.000000 2417.351074 0.000000 0.911201 0.000000 0.411963 1.000000 1.000000 1.000000
6668.437988 0.000000 2416.272705 0.000000 0.971800 0.000000 -0.235808 1.000000 1.000000 1.000000
6667.019043 0.000000 2416.929688 0.000000 0.832239 0.000000 0.554417 1.000000 1.000000 1.000000
6847.463867 0.000000 2413.406006 0.000000 0.831543 0.000000 0.555461 1.000000 1.000000 1.000000
6918.275391 0.000000 2419.418457 0.000000 0.858810 0.000000 0.512294 1.000000 1.000000 1.000000
6655.556641 0.000000 2486.951172 0.000000 0.937226 0.000000 -0.348721 1.000000 1.000000 1.000000
6658.963379 0.000000 2467.572998 0.000000 0.944297 0.000000 -0.329096 1.000000 1.000000 1.000000
6680.960938 0.000000 2465.777832 0.000000 0.916599 0.000000 0.399807 1.000000 1.000000 1.000000
6658.673340 0.000000 2456.996582 0.000000 0.999663 0.000000 -0.025968 1.000000 1.000000 1.000000
6662.224121 0.000000 2470.687988 0.000000 0.911328 0.000000 0.411681 1.000000 1.000000 1.000000
6679.646973 0.000000 2460.402100 0.000000 0.923368 0.000000 0.383917 1.000000 1.000000 1.000000
6662.306641 0.000000 2466.660645 0.000000 0.990625 0.000000 0.136610 1.000000 1.000000 1.000000
6662.902344 0.000000 2472.497559 0.000000 0.993964 0.000000 0.109706 1.000000 1.000000 1.000000
6681.586914 0.000000 2463.817139 0.000000 0.982829 0.000000 -0.184520 1.000000 1.000000 1.000000
6952.083496 0.000000 2577.564453 0.000000 0.999702 0.000000 0.024408 1.000000 1.000000 1.000000
6951.487793 0.000000 2632.306152 0.000000 0.980891 0.000000 -0.194557 1.000000 1.000000 1.000000
6948.410156 0.000000 2634.298828 0.000000 0.857701 0.000000 0.514149 1.000000 1.000000 1.000000
6933.346191 0.000000 2640.731201 0.000000 0.963187 0.000000 0.268833 1.000000 1.000000 1.000000
6930.981934 0.000000 2641.279053 0.000000 0.999804 0.000000 0.019817 1.000000 1.000000 1.000000
6398.747070 0.000000 2728.056152 0.000000 0.985346 0.000000 -0.170565 1.000000 1.000000 1.000000
6262.727539 0.000000 2781.667969 0.000000 0.995985 0.000000 0.089524 1.000000 1.000000 1.000000
6260.935059 0.000000 2760.242920 0.000000 0.893212 0.000000 0.449636 1.000000 1.000000 1.000000
6262.708984 0.000000 2766.520508 0.000000 0.994480 0.000000 0.104926 1.000000 1.000000 1.000000
6260.689941 0.000000 2802.986328 0.000000 0.999950 0.000000 0.009997 1.000000 1.000000 1.000000
6391.866699 0.000000 2784.324463 0.000000 0.996352 0.000000 -0.085338 1.000000 1.000000 1.000000
6333.250488 0.000000 2834.003174 0.000000 0.995664 0.000000 -0.093026 1.000000 1.000000 1.000000
6370.363281 0.000000 2796.980225 0.000000 0.926941 0.000000 -0.375207 1.000000 1.000000 1.000000
6344.262695 0.000000 2816.433594 0.000000 0.950401 0.000000 0.311027 1.000000 1.000000 1.000000
6347.907227 0.000000 2818.953125 0.000000 0.983226 0.000000 -0.182392 1.000000 1.000000 1.000000
6351.603516 0.000000 2817.610596 0.000000 0.960545 0.000000 0.278124 1.000000 1.000000 1.000000
6379.902344 0.000000 2802.847412 0.000000 0.945322 0.000000 -0.326137 1.000000 1.000000 1.000000
6390.989746 0.000000 2800.573486 0.000000 0.934284 0.000000 0.356531 1.000000 1.000000 1.000000
6368.541016 0.000000 2794.415039 0.000000 0.993615 0.000000 0.112824 1.000000 1.000000 1.000000
6370.247070 0.000000 2794.521729 0.000000 0.999132 0.000000 -0.041650 1.000000 1.000000 1.000000
6416.689941 0.000000 2647.937744 0.000000 0.910497 0.000000 -0.413515 1.000000 1.000000 1.000000
6442.630371 0.000000 2655.148193 0.000000 0.871509 0.000000 0.490380 1.000000 1.000000 1.000000
6415.808105 0.000000 2646.124756 0.000000 0.983686 0.000000 -0.179892 1.000000 1.000000 1.000000
6444.368164 0.000000 2681.554199 0.000000 0.996917 0.000000 -0.078464 1.000000 1.000000 1.000000
6443.891602 0.000000 2685.974365 0.000000 0.962432 0.000000 0.271523 1.000000 1.000000 1.000000
6443.146484 0.000000 2682.489502 0.000000 0.967196 0.000000 0.254031 1.000000 1.000000 1.000000
6442.292969 0.000000 2684.332520 0.000000 0.974199 0.000000 -0.225690 1.000000 1.000000 1.000000
6442.748047 0.000000 2680.326904 0.000000 0.968321 0.000000 0.249708 1.000000 1.000000 1.000000
6465.479980 0.000000 2680.434082 0.000000 0.998572 0.000000 -0.053415 1.000000 1.000000 1.000000
6465.350586 0.000000 2688.435059 0.000000 0.991376 0.000000 -0.131045 1.000000 1.000000 1.000000
6464.528809 0.000000 2691.195068 0.000000 0.861860 0.000000 0.507147 1.000000 1.000000 1.000000
6454.128906 0.000000 2704.758301 0.000000 0.886133 0.000000 0.463432 1.000000 1.000000 1.000000
6457.946289 0.000000 2724.734863 0.000000 0.857305 0.000000 0.514810 1.000000 1.000000 1.000000
6456.256836 0.000000 2705.378174 0.000000 0.959719 0.000000 0.280960 1.000000 1.000000 1.000000
6405.746094 0.000000 2725.890137 0.000000 0.999699 0.000000 -0.024521 1.000000 1.000000 1.000000
6402.385742 0.000000 2729.713867 0.000000 0.988426 0.000000 0.151703 1.000000 1.000000 1.000000
6457.120605 0.000000 2707.366699 0.000000 0.783035 0.000000 0.621978 1.000000 1.000000 1.000000
6458.346680 0.000000 2704.159180 0.000000 0.929495 0.000000 -0.368835 1.000000 1.000000 1.000000
6436.673340 0.000000 2734.763184 0.000000 1.000000 0.000000 -0.000208 1.000000 1.000000 1.000000
6403.458496 0.000000 2728.595459 0.000000 0.959164 0.000000 0.282852 1.000000 1.000000 1.000000
6457.872559 0.000000 2726.162842 0.000000 0.989846 0.000000 -0.142141 1.000000 1.000000 1.000000
6456.840332 0.000000 2704.133545 0.000000 0.962168 0.000000 0.272456 1.000000 1.000000 1.000000
6412.400879 0.000000 2784.142090 0.000000 0.782253 0.000000 0.622961 1.000000 1.000000 1.000000
6406.039551 0.000000 2783.808838 0.000000 0.993072 0.000000 -0.117511 1.000000 1.000000 1.000000
6429.061035 0.000000 2756.642090 0.000000 0.861023 0.000000 0.508565 1.000000 1.000000 1.000000
6413.825195 0.000000 2782.144531 0.000000 0.944320 0.000000 0.329027 1.000000 1.000000 1.000000
6411.499512 0.000000 2782.016602 0.000000 0.999999 0.000000 -0.001077 1.000000 1.000000 1.000000
6428.872070 0.000000 2754.851074 0.000000 0.914020 0.000000 0.405670 1.000000 1.000000 1.000000
6432.158691 0.000000 2745.982422 0.000000 0.982779 0.000000 -0.184783 1.000000 1.000000 1.000000
6436.096680 0.000000 2765.474121 0.000000 0.846971 0.000000 0.531639 1.000000 1.000000 1.000000
6411.368164 0.000000 2783.337158 0.000000 0.999999 0.000000 -0.001036 1.000000 1.000000 1.000000
6433.006836 0.000000 2745.156250 0.000000 0.995054 0.000000 0.099335 1.000000 1.000000 1.000000
6406.933594 0.000000 2803.192871 0.000000 0.818906 0.000000 0.573927 1.000000 1.000000 1.000000
6234.413086 0.000000 2905.432861 0.000000 0.951291 0.000000 -0.308294 1.000000 1.000000 1.000000
6249.897949 0.000000 2912.243164 0.000000 0.916290 0.000000 0.400516 1.000000 1.000000 1.000000
6238.986328 0.000000 2908.555420 0.000000 0.974304 0.000000 -0.225235 1.000000 1.000000 1.000000
6252.377441 0.000000 2913.956055 0.000000 0.936521 0.000000 -0.350611 1.000000 1.000000 1.000000
6239.779297 0.000000 2902.380859 0.000000 0.819040 0.000000 0.573737 1.000000 1.000000 1.000000
6268.607910 0.000000 2888.321045 0.000000 0.996838 0.000000 0.079462 1.000000 1.000000 1.000000
6270.639648 0.000000 2886.978027 0.000000 0.839466 0.000000 0.543413 1.000000 1.000000 1.000000
6269.189453 0.000000 2889.637207 0.000000 0.930644 0.000000 -0.365925 1.000000 1.000000 1.000000
6266.919922 0.000000 2888.586182 0.000000 0.985288 0.000000 -0.170904 1.000000 1.000000 1.000000
6329.582031 0.000000 2838.170898 0.000000 0.847785 0.000000 0.530341 1.000000 1.000000 1.000000
6330.131836 0.000000 2835.468506 0.000000 0.947379 0.000000 -0.320114 1.000000 1.000000 1.000000
6294.441895 0.000000 2878.495361 0.000000 0.954083 0.000000 0.299544 1.000000 1.000000 1.000000
6331.908203 0.000000 2836.883057 0.000000 0.840963 0.000000 0.541093 1.000000 1.000000 1.000000
6283.915039 0.000000 2866.195312 0.000000 0.871340 0.000000 0.490679 1.000000 1.000000 1.000000
6308.688965 0.000000 2876.489746 0.000000 0.999544 0.000000 -0.030200 1.000000 1.000000 1.000000
6333.276855 0.000000 2837.259766 0.000000 0.933437 0.000000 -0.358742 1.000000 1.000000 1.000000
6334.875977 0.000000 2849.363281 0.000000 0.996543 0.000000 0.083081 1.000000 1.000000 1.000000
6337.587402 0.000000 2849.937744 0.000000 0.990618 0.000000 0.136659 1.000000 1.000000 1.000000
6355.128906 0.000000 2853.087158 0.000000 0.972526 0.000000 0.232796 1.000000 1.000000 1.000000
6346.020996 0.000000 2848.968262 0.000000 0.935727 0.000000 0.352726 1.000000 1.000000 1.000000
6356.667969 0.000000 2855.880371 0.000000 0.982668 0.000000 0.185372 1.000000 1.000000 1.000000
6271.534180 0.000000 2885.827881 0.000000 0.885043 0.000000 0.465509 1.000000 1.000000 1.000000
6271.264648 0.000000 2887.096191 0.000000 0.986090 0.000000 0.166211 1.000000 1.000000 1.000000
6244.230957 0.000000 2958.244141 0.000000 0.951080 0.000000 -0.308944 1.000000 1.000000 1.000000
6260.888672 0.000000 2932.287109 0.000000 0.999950 0.000000 -0.010012 1.000000 1.000000 1.000000
6267.724609 0.000000 2936.907715 0.000000 0.980967 0.000000 -0.194177 1.000000 1.000000 1.000000
6252.423828 0.000000 2943.233643 0.000000 0.951127 0.000000 0.308801 1.000000 1.000000 1.000000
6271.015137 0.000000 2941.342285 0.000000 0.999033 0.000000 -0.043977 1.000000 1.000000 1.000000
6240.997559 0.000000 2929.296631 0.000000 0.936830 0.000000 -0.349785 1.000000 1.000000 1.000000
6246.356934 0.000000 2961.149170 0.000000 0.970464 0.000000 0.241246 1.000000 1.000000 1.000000
6268.218262 0.000000 2939.872559 0.000000 0.998881 0.000000 0.047299 1.000000 1.000000 1.000000
6241.662109 0.000000 2930.878662 0.000000 0.985147 0.000000 -0.171715 1.000000 1.000000 1.000000
6185.070801 0.000000 2997.952148 0.000000 0.989351 0.000000 -0.145551 1.000000 1.000000 1.000000
6186.554199 0.000000 2992.249512 0.000000 0.819026 0.000000 0.573756 1.000000 1.000000 1.000000
6157.907715 0.000000 2991.806152 0.000000 0.786845 0.000000 0.617151 1.000000 1.000000 1.000000
6244.693848 0.000000 2981.772705 0.000000 0.991793 0.000000 0.127855 1.000000 1.000000 1.000000
6249.378418 0.000000 2978.545166 0.000000 0.987645 0.000000 -0.156705 1.000000 1.000000 1.000000
6215.701172 0.000000 2984.795898 0.000000 0.999271 0.000000 -0.038166 1.000000 1.000000 1.000000
6243.205566 0.000000 2978.864502 0.000000 0.897962 0.000000 0.440073 1.000000 1.000000 1.000000
6210.901367 0.000000 2982.801514 0.000000 0.998343 0.000000 -0.057551 1.000000 1.000000 1.000000
6242.659668 0.000000 2992.312744 0.000000 0.998465 0.000000 0.055382 1.000000 1.000000 1.000000
6246.677246 0.000000 2979.737549 0.000000 0.980049 0.000000 0.198758 1.000000 1.000000 1.000000
6249.507812 0.000000 2980.712402 0.000000 0.913390 0.000000 -0.407085 1.000000 1.000000 1.000000
6893.667480 0.000000 2738.094727 0.000000 0.885037 0.000000 0.465520 1.000000 1.000000 1.000000
6890.127930 0.000000 2730.438721 0.000000 0.889406 0.000000 0.457118 1.000000 1.000000 1.000000
6895.065918 0.000000 2738.583008 0.000000 0.854706 0.000000 0.519113 1.000000 1.000000 1.000000
6894.179199 0.000000 2701.241211 0.000000 0.801776 0.000000 0.597625 1.000000 1.000000 1.000000
6887.201172 0.000000 2729.780029 0.000000 0.829416 0.000000 0.558631 1.000000 1.000000 1.000000
6900.419434 0.000000 2739.634521 0.000000 0.912577 0.000000 -0.408904 1.000000 1.000000 1.000000
6829.016602 0.000000 2743.713135 0.000000 0.963420 0.000000 -0.267995 1.000000 1.000000 1.000000
6813.551758 0.000000 2770.895752 0.000000 0.996015 0.000000 0.089190 1.000000 1.000000 1.000000
6814.624512 0.000000 2764.991211 0.000000 0.936607 0.000000 -0.350381 1.000000 1.000000 1.000000
6818.884277 0.000000 2773.270752 0.000000 0.985291 0.000000 0.170885 1.000000 1.000000 1.000000
6841.144043 0.000000 2787.124512 0.000000 0.996539 0.000000 -0.083123 1.000000 1.000000 1.000000
6830.704590 0.000000 2765.135742 0.000000 0.964825 0.000000 -0.262895 1.000000 1.000000 1.000000
6886.699219 0.000000 2752.638916 0.000000 0.973491 0.000000 0.228725 1.000000 1.000000 1.000000
6894.989258 0.000000 2775.826660 0.000000 0.941269 0.000000 0.337657 1.000000 1.000000 1.000000
6872.312500 0.000000 2756.125488 0.000000 0.998672 0.000000 0.051518 1.000000 1.000000 1.000000
6893.134766 0.000000 2764.910889 0.000000 0.984774 0.000000 0.173838 1.000000 1.000000 1.000000
6904.888672 0.000000 2770.852783 0.000000 0.892548 0.000000 0.450952 1.000000 1.000000 1.000000
6895.148926 0.000000 2774.481934 0.000000 0.922403 0.000000 0.386229 1.000000 1.000000 1.000000
6896.789062 0.000000 2768.222168 0.000000 0.978695 0.000000 0.205322 1.000000 1.000000 1.000000
6876.493652 0.000000 2793.455078 0.000000 0.962903 0.000000 0.269848 1.000000 1.000000 1.000000
6955.573730 0.000000 2679.667725 0.000000 0.982040 0.000000 0.188674 1.000000 1.000000 1.000000
6965.069336 0.000000 2686.267578 0.000000 0.986961 0.000000 -0.160958 1.000000 1.000000 1.000000
6970.969727 0.000000 2682.607666 0.000000 0.975182 0.000000 0.221405 1.000000 1.000000 1.000000
7011.881348 0.000000 2692.138184 0.000000 0.955673 0.000000 -0.294432 1.000000 1.000000 1.000000
7010.214355 0.000000 2692.097656 0.000000 0.998624 0.000000 0.052442 1.000000 1.000000 1.000000
6966.016113 0.000000 2716.129883 0.000000 0.876965 0.000000 0.480555 1.000000 1.000000 1.000000
6964.392578 0.000000 2728.621582 0.000000 0.999986 0.000000 -0.005340 1.000000 1.000000 1.000000
6977.784668 0.000000 2722.699219 0.000000 0.998980 0.000000 -0.045166 1.000000 1.000000 1.000000
6970.213379 0.000000 2785.925049 0.000000 0.827449 0.000000 0.561541 1.000000 1.000000 1.000000
6969.989746 0.000000 2766.749268 0.000000 0.998677 0.000000 0.051423 1.000000 1.000000 1.000000
6948.898438 0.000000 2768.025879 0.000000 0.997288 0.000000 -0.073596 1.000000 1.000000 1.000000
6975.179688 0.000000 2774.605957 0.000000 0.999432 0.000000 0.033710 1.000000 1.000000 1.000000
7014.328613 0.000000 2804.821777 0.000000 0.944708 0.000000 0.327911 1.000000 1.000000 1.000000
6701.724121 0.000000 2836.774170 0.000000 0.908335 0.000000 0.418244 1.000000 1.000000 1.000000
6788.873047 0.000000 2848.608398 0.000000 0.972163 0.000000 0.234306 1.000000 1.000000 1.000000
6984.492188 0.000000 2850.843018 0.000000 0.999058 0.000000 -0.043391 1.000000 1.000000 1.000000
6965.924316 0.000000 2928.346436 0.000000 0.979713 0.000000 -0.200403 1.000000 1.000000 1.000000
6970.674805 0.000000 2920.153564 0.000000 0.790088 0.000000 0.612994 1.000000 1.000000 1.000000
6965.970215 0.000000 2912.211914 0.000000 0.949790 0.000000 0.312890 1.000000 1.000000 1.000000
6970.880859 0.000000 2921.367432 0.000000 0.839741 0.000000 0.542987 1.000000 1.000000 1.000000
6971.787109 0.000000 2920.528076 0.000000 0.786703 0.000000 0.617332 1.000000 1.000000 1.000000
6943.693359 0.000000 2949.623047 0.000000 0.996546 0.000000 0.083043 1.000000 1.000000 1.000000
6948.775879 0.000000 2967.078613 0.000000 0.980633 0.000000 0.195854 1.000000 1.000000 1.000000
6965.908691 0.000000 2930.182373 0.000000 0.986941 0.000000 -0.161081 1.000000 1.000000 1.000000
6949.644531 0.000000 2965.978516 0.000000 0.865477 0.000000 0.500949 1.000000 1.000000 1.000000
6949.331543 0.000000 2964.066650 0.000000 0.965186 0.000000 0.261564 1.000000 1.000000 1.000000
6999.548340 0.000000 2978.034424 0.000000 0.994062 0.000000 -0.108813 1.000000 1.000000 1.000000
7001.985352 0.000000 3007.568115 0.000000 0.995200 0.000000 0.097867 1.000000 1.000000 1.000000
7001.739258 0.000000 2979.353760 0.000000 0.999910 0.000000 0.013383 1.000000 1.000000 1.000000
6998.913086 0.000000 2984.044922 0.000000 0.991821 0.000000 0.127639 1.000000 1.000000 1.000000
7014.328613 0.000000 2993.790527 0.000000 0.844857 0.000000 0.534992 1.000000 1.000000 1.000000
7014.539551 0.000000 2995.997559 0.000000 0.903480 0.000000 -0.428631 1.000000 1.000000 1.000000
6998.745605 0.000000 3004.458496 0.000000 0.855073 0.000000 0.518507 1.000000 1.000000 1.000000
7020.291504 0.000000 2999.384277 0.000000 0.915470 0.000000 0.402386 1.000000 1.000000 1.000000
3767.841797 0.000000 4283.262695 0.000000 0.922452 0.000000 0.386111 1.000000 1.000000 1.000000
3769.241455 0.000000 4290.944336 0.000000 0.865863 0.000000 0.500281 1.000000 1.000000 1.000000
3772.653809 0.000000 4288.834473 0.000000 0.995491 0.000000 -0.094859 1.000000 1.000000 1.000000
3768.186768 0.000000 4296.074707 0.000000 0.851412 0.000000 0.524498 1.000000 1.000000 1.000000
3771.065430 0.000000 4290.177246 0.000000 0.890798 0.000000 0.454400 1.000000 1.000000 1.000000
3768.982910 0.000000 4293.348633 0.000000 0.993083 0.000000 -0.117412 1.000000 1.000000 1.000000
3775.281494 0.000000 4295.663574 0.000000 0.946844 0.000000 0.321692 1.000000 1.000000 1.000000
3768.877197 0.000000 4294.792969 0.000000 0.930021 0.000000 -0.367508 1.000000 1.000000 1.000000
3765.167725 0.000000 4297.428223 0.000000 0.901852 0.000000 0.432046 1.000000 1.000000 1.000000
3768.619385 0.000000 4292.086914 0.000000 0.939472 0.000000 -0.342625 1.000000 1.000000 1.000000
3771.271240 0.000000 4291.391113 0.000000 0.995478 0.000000 -0.094993 1.000000 1.000000 1.000000
3788.770264 0.000000 4276.641113 0.000000 0.982838 0.000000 -0.184471 1.000000 1.000000 1.000000
3826.456299 0.000000 4290.249023 0.000000 0.979208 0.000000 0.202858 1.000000 1.000000 1.000000
3785.645508 0.000000 4293.575195 0.000000 0.830462 0.000000 0.557076 1.000000 1.000000 1.000000
3792.409668 0.000000 4277.250000 0.000000 0.994174 0.000000 0.107786 1.000000 1.000000 1.000000
3788.076904 0.000000 4279.970703 0.000000 0.916787 0.000000 -0.399377 1.000000 1.000000 1.000000
3829.674805 0.000000 4290.597168 0.000000 0.993753 0.000000 -0.111604 1.000000 1.000000 1.000000
3779.663330 0.000000 4297.234375 0.000000 0.848902 0.000000 0.528551 1.000000 1.000000 1.000000
3824.500244 0.000000 4293.088379 0.000000 0.990139 0.000000 0.140091 1.000000 1.000000 1.000000
3798.092041 0.000000 4292.537598 0.000000 0.932428 0.000000 -0.361355 1.000000 1.000000 1.000000
3810.981934 0.000000 4283.373047 0.000000 0.994744 0.000000 0.102397 1.000000 1.000000 1.000000
3777.232422 0.000000 4296.176270 0.000000 0.918593 0.000000 0.395204 1.000000 1.000000 1.000000
3785.654541 0.000000 4291.045898 0.000000 0.961109 0.000000 0.276168 1.000000 1.000000 1.000000
3822.348877 0.000000 4294.583496 0.000000 0.949101 0.000000 -0.314973 1.000000 1.000000 1.000000
3800.174316 0.000000 4275.343750 0.000000 0.989127 0.000000 0.147064 1.000000 1.000000 1.000000
3778.041016 0.000000 4282.919434 0.000000 0.877852 0.000000 0.478932 1.000000 1.000000 1.000000
3790.091309 0.000000 4278.587891 0.000000 0.861222 0.000000 0.508229 1.000000 1.000000 1.000000
3791.157715 0.000000 4291.869141 0.000000 0.999013 0.000000 0.044408 1.000000 1.000000 1.000000
3786.842285 0.000000 4278.276367 0.000000 0.996575 0.000000 -0.082691 1.000000 1.000000 1.000000
3823.779785 0.000000 4296.125977 0.000000 0.784635 0.000000 0.619958 1.000000 1.000000 1.000000
3775.562744 0.000000 4297.100586 0.000000 0.953327 0.000000 -0.301939 1.000000 1.000000 1.000000
3801.228271 0.000000 4276.866699 0.000000 0.973716 0.000000 0.227766 1.000000 1.000000 1.000000
3787.118164 0.000000 4292.047363 0.000000 0.885405 0.000000 0.464819 1.000000 1.000000 1.000000
3781.204102 0.000000 4290.739746 0.000000 0.787485 0.000000 0.616334 1.000000 1.000000 1.000000
3797.729004 0.000000 4294.208008 0.000000 0.999775 0.000000 -0.021220 1.000000 1.000000 1.000000
3783.647461 0.000000 4279.709473 0.000000 0.988684 0.000000 0.150015 1.000000 1.000000 1.000000
3779.396240 0.000000 4282.073242 0.000000 0.953061 0.000000 -0.302778 1.000000 1.000000 1.000000
3781.978516 0.000000 4283.257812 0.000000 0.864393 0.000000 0.502817 1.000000 1.000000 1.000000
3782.597168 0.000000 4292.783203 0.000000 0.972529 0.000000 0.232781 1.000000 1.000000 1.000000
3775.939453 0.000000 4295.504883 0.000000 0.838385 0.000000 0.545078 1.000000 1.000000 1.000000
3795.364746 0.000000 4294.755859 0.000000 0.999487 0.000000 -0.032042 1.000000 1.000000 1.000000
3811.274658 0.000000 4280.421875 0.000000 0.824295 0.000000 0.566160 1.000000 1.000000 1.000000
3781.495850 0.000000 4280.249023 0.000000 0.783883 0.000000 0.620908 1.000000 1.000000 1.000000
3802.340576 0.000000 4276.586914 0.000000 0.949728 0.000000 -0.313076 1.000000 1.000000 1.000000
3776.705811 0.000000 4286.448730 0.000000 0.994258 0.000000 0.107011 1.000000 1.000000 1.000000
3765.193359 0.000000 4302.310547 0.000000 0.959569 0.000000 -0.281475 1.000000 1.000000 1.000000
3821.206787 0.000000 4299.912109 0.000000 0.979673 0.000000 0.200599 1.000000 1.000000 1.000000
3786.980957 0.000000 4300.735352 0.000000 0.989314 0.000000 -0.145798 1.000000 1.000000 1.000000
3801.306885 0.000000 4304.601562 0.000000 0.999620 0.000000 -0.027568 1.000000 1.000000 1.000000
3805.214844 0.000000 4308.878906 0.000000 0.965625 0.000000 -0.259939 1.000000 1.000000 1.000000
3787.580811 0.000000 4305.343750 0.000000 0.891554 0.000000 0.452915 1.000000 1.000000 1.000000
3831.909912 0.000000 4299.155762 0.000000 0.995631 0.000000 -0.093380 1.000000 1.000000 1.000000
3782.403809 0.000000 4306.395508 0.000000 0.860239 0.000000 0.509891 1.000000 1.000000 1.000000
3822.763672 0.000000 4299.489746 0.000000 0.907338 0.000000 -0.420403 1.000000 1.000000 1.000000
4026.412842 0.000000 4394.460938 0.000000 0.999502 0.000000 0.031571 1.000000 1.000000 1.000000
4030.734131 0.000000 4395.381836 0.000000 0.977593 0.000000 0.210505 1.000000 1.000000 1.000000
6053.978516 0.000000 3024.387451 0.000000 0.993973 0.000000 -0.109623 1.000000 1.000000 1.000000
6051.639648 0.000000 3023.555664 0.000000 0.944024 0.000000 0.329878 1.000000 1.000000 1.000000
6121.913574 0.000000 3053.969727 0.000000 0.793978 0.000000 0.607946 1.000000 1.000000 1.000000
6119.221191 0.000000 3051.648193 0.000000 0.885142 0.000000 0.465322 1.000000 1.000000 1.000000
6116.677246 0.000000 3054.791748 0.000000 0.999998 0.000000 -0.001905 1.000000 1.000000 1.000000
6104.613281 0.000000 3146.885986 0.000000 0.854876 0.000000 0.518832 1.000000 1.000000 1.000000
6119.589355 0.000000 3151.970215 0.000000 0.992833 0.000000 0.119512 1.000000 1.000000 1.000000
6112.887695 0.000000 3134.273926 0.000000 0.870275 0.000000 0.492566 1.000000 1.000000 1.000000
6901.296875 0.000000 3099.222168 0.000000 0.999957 0.000000 -0.009323 1.000000 1.000000 1.000000
6857.976074 0.000000 3154.871338 0.000000 0.944767 0.000000 0.327743 1.000000 1.000000 1.000000
6900.994629 0.000000 3139.922852 0.000000 0.999695 0.000000 0.024696 1.000000 1.000000 1.000000
6894.506348 0.000000 3137.048096 0.000000 0.909290 0.000000 -0.416162 1.000000 1.000000 1.000000
6903.499023 0.000000 3140.325928 0.000000 0.977116 0.000000 -0.212706 1.000000 1.000000 1.000000
6853.691406 0.000000 3151.069824 0.000000 0.993968 0.000000 -0.109671 1.000000 1.000000 1.000000
6857.323730 0.000000 3152.879150 0.000000 0.997433 0.000000 -0.071609 1.000000 1.000000 1.000000
6864.523926 0.000000 3137.304688 0.000000 0.883556 0.000000 0.468326 1.000000 1.000000 1.000000
6902.431641 0.000000 3138.808105 0.000000 0.955913 0.000000 -0.293650 1.000000 1.000000 1.000000
6873.057617 0.000000 3128.556396 0.000000 0.975627 0.000000 -0.219436 1.000000 1.000000 1.000000
6869.600586 0.000000 3155.199951 0.000000 0.985670 0.000000 0.168687 1.000000 1.000000 1.000000
6862.541016 0.000000 3134.598389 0.000000 0.834183 0.000000 0.551488 1.000000 1.000000 1.000000
6880.951172 0.000000 3205.228760 0.000000 0.905201 0.000000 -0.424984 1.000000 1.000000 1.000000
6881.100586 0.000000 3210.715088 0.000000 0.972642 0.000000 -0.232310 1.000000 1.000000 1.000000
6848.167480 0.000000 3176.160156 0.000000 0.918631 0.000000 -0.395116 1.000000 1.000000 1.000000
6850.376465 0.000000 3174.047852 0.000000 0.957958 0.000000 -0.286907 1.000000 1.000000 1.000000
6881.420410 0.000000 3206.896973 0.000000 0.995708 0.000000 -0.092556 1.000000 1.000000 1.000000
6847.202637 0.000000 3171.855713 0.000000 0.998784 0.000000 -0.049298 1.000000 1.000000 1.000000
6851.091797 0.000000 3177.588623 0.000000 0.959794 0.000000 -0.280707 1.000000 1.000000 1.000000
6853.920410 0.000000 3176.443848 0.000000 0.943112 0.000000 0.332476 1.000000 1.000000 1.000000
6851.802246 0.000000 3176.816895 0.000000 0.989194 0.000000 -0.146610 1.000000 1.000000 1.000000
6825.468262 0.000000 3237.697266 0.000000 0.914478 0.000000 0.404635 1.000000 1.000000 1.000000
6877.461914 0.000000 3232.154785 0.000000 0.939770 0.000000 -0.341807 1.000000 1.000000 1.000000
6857.979004 0.000000 3220.855225 0.000000 0.995433 0.000000 0.095460 1.000000 1.000000 1.000000
6871.799805 0.000000 3236.015137 0.000000 0.956856 0.000000 0.290562 1.000000 1.000000 1.000000
6867.216797 0.000000 3242.904053 0.000000 0.979881 0.000000 -0.199581 1.000000 1.000000 1.000000
6856.497070 0.000000 3223.238525 0.000000 0.837833 0.000000 0.545927 1.000000 1.000000 1.000000
6854.283203 0.000000 3222.535645 0.000000 0.967655 0.000000 0.252278 1.000000 1.000000 1.000000
6854.752930 0.000000 3241.707520 0.000000 0.944318 0.000000 0.329033 1.000000 1.000000 1.000000
6870.251953 0.000000 3239.432129 0.000000 0.994521 0.000000 -0.104538 1.000000 1.000000 1.000000
6835.757324 0.000000 3278.697754 0.000000 0.970392 0.000000 0.241534 1.000000 1.000000 1.000000
6834.419922 0.000000 3280.856689 0.000000 0.936372 0.000000 -0.351009 1.000000 1.000000 1.000000
6857.279785 0.000000 3298.959717 0.000000 0.977139 0.000000 -0.212600 1.000000 1.000000 1.000000
6866.283691 0.000000 3293.064453 0.000000 0.925054 0.000000 -0.379836 1.000000 1.000000 1.000000
6888.916992 0.000000 3283.194824 0.000000 0.982665 0.000000 0.185392 1.000000 1.000000 1.000000
6864.966309 0.000000 3292.440186 0.000000 0.960783 0.000000 0.277300 1.000000 1.000000 1.000000
"}
object={
	name="tree_leaf_yellow_generator_1_2"
	render_pass=Map
	clamp_to_water_level=no
	generated_content=yes
	layer="tree_high_layer"
	pdxmesh="tree_leaf_yellow_01_c_mesh"
	count=1390
	transform="493.939331 0.000000 1782.985840 0.000000 0.804750 0.000000 -0.593613 1.000000 1.000000 1.000000
494.448303 0.000000 1793.250977 0.000000 0.614143 0.000000 -0.789194 1.000000 1.000000 1.000000
504.585083 0.000000 1792.238281 0.000000 0.887308 0.000000 -0.461177 1.000000 1.000000 1.000000
494.755035 0.000000 1790.747070 0.000000 0.773763 0.000000 -0.633475 1.000000 1.000000 1.000000
497.672485 0.000000 1784.315430 0.000000 0.842078 0.000000 -0.539356 1.000000 1.000000 1.000000
494.119476 0.000000 1784.859863 0.000000 0.282795 0.000000 -0.959180 1.000000 1.000000 1.000000
504.316010 0.000000 1795.319336 0.000000 0.282399 0.000000 -0.959297 1.000000 1.000000 1.000000
505.784241 0.000000 1795.322998 0.000000 0.832149 0.000000 -0.554551 1.000000 1.000000 1.000000
536.866577 0.000000 1790.265015 0.000000 0.130864 0.000000 -0.991400 1.000000 1.000000 1.000000
565.583679 0.000000 1798.474487 0.000000 0.705725 0.000000 -0.708486 1.000000 1.000000 1.000000
537.705017 0.000000 1800.765503 0.000000 0.177637 0.000000 -0.984096 1.000000 1.000000 1.000000
527.911194 0.000000 1796.930420 0.000000 0.788874 0.000000 -0.614556 1.000000 1.000000 1.000000
560.301270 0.000000 1799.397217 0.000000 0.190366 0.000000 -0.981713 1.000000 1.000000 1.000000
574.011719 0.000000 1799.361450 0.000000 0.126073 0.000000 -0.992021 1.000000 1.000000 1.000000
564.817078 0.000000 1795.744385 0.000000 0.049485 0.000000 -0.998775 1.000000 1.000000 1.000000
575.155884 0.000000 1797.061279 0.000000 0.681222 0.000000 -0.732077 1.000000 1.000000 1.000000
562.356995 0.000000 1803.041016 0.000000 0.782480 0.000000 -0.622675 1.000000 1.000000 1.000000
573.979431 0.000000 1797.931519 0.000000 0.563568 0.000000 -0.826070 1.000000 1.000000 1.000000
582.379700 0.000000 1795.447266 0.000000 0.744655 0.000000 -0.667450 1.000000 1.000000 1.000000
579.588257 0.000000 1801.746582 0.000000 0.288272 0.000000 -0.957548 1.000000 1.000000 1.000000
579.414856 0.000000 1795.605835 0.000000 0.516949 0.000000 -0.856016 1.000000 1.000000 1.000000
580.056763 0.000000 1796.772339 0.000000 0.651358 0.000000 -0.758771 1.000000 1.000000 1.000000
1514.783936 0.000000 2210.774658 0.000000 0.899975 0.000000 -0.435941 1.000000 1.000000 1.000000
1528.115234 0.000000 2251.848389 0.000000 0.199137 0.000000 -0.979972 1.000000 1.000000 1.000000
1505.575562 0.000000 2220.663818 0.000000 0.717020 0.000000 -0.697053 1.000000 1.000000 1.000000
1508.552734 0.000000 2266.958496 0.000000 0.593655 0.000000 -0.804720 1.000000 1.000000 1.000000
1510.906616 0.000000 2264.693115 0.000000 0.118555 0.000000 -0.992947 1.000000 1.000000 1.000000
1508.698120 0.000000 2245.810059 0.000000 0.444926 0.000000 -0.895568 1.000000 1.000000 1.000000
1593.506836 0.000000 2259.530029 0.000000 0.129336 0.000000 -0.991601 1.000000 1.000000 1.000000
1537.087158 0.000000 2253.548340 0.000000 0.106289 0.000000 -0.994335 1.000000 1.000000 1.000000
1639.076904 0.000000 2256.181885 0.000000 0.394348 0.000000 -0.918961 1.000000 1.000000 1.000000
1635.680664 0.000000 2257.598877 0.000000 0.454599 0.000000 -0.890696 1.000000 1.000000 1.000000
1628.690308 0.000000 2263.025391 0.000000 0.464562 0.000000 -0.885541 1.000000 1.000000 1.000000
1706.317505 0.000000 2254.485840 0.000000 0.853697 0.000000 -0.520769 1.000000 1.000000 1.000000
1702.911011 0.000000 2252.516357 0.000000 0.734378 0.000000 -0.678741 1.000000 1.000000 1.000000
1718.981689 0.000000 2265.388672 0.000000 0.375801 0.000000 -0.926700 1.000000 1.000000 1.000000
1696.615356 0.000000 2259.192383 0.000000 0.428096 0.000000 -0.903733 1.000000 1.000000 1.000000
1770.910034 0.000000 2228.549316 0.000000 0.741712 0.000000 -0.670718 1.000000 1.000000 1.000000
1742.395020 0.000000 2262.480469 0.000000 0.764890 0.000000 -0.644161 1.000000 1.000000 1.000000
1750.925903 0.000000 2237.351074 0.000000 0.880944 0.000000 -0.473220 1.000000 1.000000 1.000000
1762.045166 0.000000 2262.053223 0.000000 0.899939 0.000000 -0.436015 1.000000 1.000000 1.000000
1752.937134 0.000000 2236.461426 0.000000 0.179290 0.000000 -0.983796 1.000000 1.000000 1.000000
1783.844604 0.000000 2229.436035 0.000000 0.882146 0.000000 -0.470976 1.000000 1.000000 1.000000
1774.706421 0.000000 2225.174316 0.000000 0.704996 0.000000 -0.709211 1.000000 1.000000 1.000000
1772.245972 0.000000 2227.559326 0.000000 0.087750 0.000000 -0.996143 1.000000 1.000000 1.000000
1758.454712 0.000000 2260.699951 0.000000 0.819397 0.000000 -0.573227 1.000000 1.000000 1.000000
1748.353149 0.000000 2238.165283 0.000000 0.307902 0.000000 -0.951418 1.000000 1.000000 1.000000
1517.688965 0.000000 2308.145508 0.000000 0.830535 0.000000 -0.556966 1.000000 1.000000 1.000000
1524.322510 0.000000 2302.423340 0.000000 0.693108 0.000000 -0.720833 1.000000 1.000000 1.000000
1529.514648 0.000000 2306.772217 0.000000 0.001881 0.000000 -0.999998 1.000000 1.000000 1.000000
1534.481689 0.000000 2288.216064 0.000000 0.562041 0.000000 -0.827109 1.000000 1.000000 1.000000
1516.229980 0.000000 2310.667236 0.000000 0.456336 0.000000 -0.889808 1.000000 1.000000 1.000000
1518.810059 0.000000 2291.362549 0.000000 0.687912 0.000000 -0.725794 1.000000 1.000000 1.000000
1514.348999 0.000000 2278.464600 0.000000 0.467447 0.000000 -0.884021 1.000000 1.000000 1.000000
1533.269043 0.000000 2289.781982 0.000000 0.870738 0.000000 -0.491748 1.000000 1.000000 1.000000
1514.536377 0.000000 2312.527588 0.000000 0.128916 0.000000 -0.991655 1.000000 1.000000 1.000000
1520.715454 0.000000 2287.323486 0.000000 0.330975 0.000000 -0.943640 1.000000 1.000000 1.000000
1529.495239 0.000000 2305.219238 0.000000 0.324911 0.000000 -0.945744 1.000000 1.000000 1.000000
1528.115234 0.000000 2346.332764 0.000000 0.558823 0.000000 -0.829287 1.000000 1.000000 1.000000
1513.956299 0.000000 2317.154541 0.000000 0.816461 0.000000 -0.577400 1.000000 1.000000 1.000000
1527.956665 0.000000 2317.328857 0.000000 0.634522 0.000000 -0.772905 1.000000 1.000000 1.000000
1530.849976 0.000000 2355.459717 0.000000 0.838292 0.000000 -0.545222 1.000000 1.000000 1.000000
1533.422852 0.000000 2327.518555 0.000000 0.381981 0.000000 -0.924170 1.000000 1.000000 1.000000
1518.737671 0.000000 2319.658691 0.000000 0.574729 0.000000 -0.818344 1.000000 1.000000 1.000000
1520.246094 0.000000 2324.957764 0.000000 0.020326 0.000000 -0.999793 1.000000 1.000000 1.000000
1531.999878 0.000000 2333.686523 0.000000 0.311565 0.000000 -0.950225 1.000000 1.000000 1.000000
1532.115479 0.000000 2327.121094 0.000000 0.214760 0.000000 -0.976667 1.000000 1.000000 1.000000
1524.229126 0.000000 2353.179688 0.000000 0.577529 0.000000 -0.816370 1.000000 1.000000 1.000000
1519.156006 0.000000 2318.183838 0.000000 0.057528 0.000000 -0.998344 1.000000 1.000000 1.000000
1528.892578 0.000000 2355.156738 0.000000 0.278958 0.000000 -0.960303 1.000000 1.000000 1.000000
1528.191162 0.000000 2362.225586 0.000000 0.364246 0.000000 -0.931303 1.000000 1.000000 1.000000
1512.436890 0.000000 2368.035645 0.000000 0.283859 0.000000 -0.958866 1.000000 1.000000 1.000000
1539.936523 0.000000 2313.062012 0.000000 0.036454 0.000000 -0.999335 1.000000 1.000000 1.000000
1540.789917 0.000000 2311.342041 0.000000 0.616382 0.000000 -0.787447 1.000000 1.000000 1.000000
1543.429077 0.000000 2349.937256 0.000000 0.875094 0.000000 -0.483953 1.000000 1.000000 1.000000
1545.297119 0.000000 2321.386230 0.000000 0.129295 0.000000 -0.991606 1.000000 1.000000 1.000000
1542.339478 0.000000 2347.952637 0.000000 0.579535 0.000000 -0.814947 1.000000 1.000000 1.000000
1544.848511 0.000000 2344.011719 0.000000 0.241294 0.000000 -0.970452 1.000000 1.000000 1.000000
1540.030640 0.000000 2341.430420 0.000000 0.446883 0.000000 -0.894592 1.000000 1.000000 1.000000
1536.216797 0.000000 2330.855957 0.000000 0.618199 0.000000 -0.786022 1.000000 1.000000 1.000000
1545.347900 0.000000 2346.326660 0.000000 0.482893 0.000000 -0.875680 1.000000 1.000000 1.000000
1542.251831 0.000000 2346.327637 0.000000 0.663295 0.000000 -0.748358 1.000000 1.000000 1.000000
1538.357788 0.000000 2331.937500 0.000000 0.845677 0.000000 -0.533695 1.000000 1.000000 1.000000
1537.171509 0.000000 2334.271240 0.000000 0.828620 0.000000 -0.559812 1.000000 1.000000 1.000000
1660.691650 0.000000 2330.379150 0.000000 0.293446 0.000000 -0.955976 1.000000 1.000000 1.000000
1709.464355 0.000000 2268.498047 0.000000 0.639635 0.000000 -0.768679 1.000000 1.000000 1.000000
1693.126343 0.000000 2273.791016 0.000000 0.485420 0.000000 -0.874281 1.000000 1.000000 1.000000
1678.349731 0.000000 2274.264404 0.000000 0.198145 0.000000 -0.980173 1.000000 1.000000 1.000000
1680.075439 0.000000 2275.683838 0.000000 0.118324 0.000000 -0.992975 1.000000 1.000000 1.000000
1708.210205 0.000000 2298.223633 0.000000 0.368707 0.000000 -0.929546 1.000000 1.000000 1.000000
1785.140991 0.000000 2275.813232 0.000000 0.439033 0.000000 -0.898471 1.000000 1.000000 1.000000
1735.514771 0.000000 2291.043213 0.000000 0.082969 0.000000 -0.996552 1.000000 1.000000 1.000000
1745.881226 0.000000 2273.032715 0.000000 0.770020 0.000000 -0.638019 1.000000 1.000000 1.000000
1769.407959 0.000000 2282.230225 0.000000 0.137195 0.000000 -0.990544 1.000000 1.000000 1.000000
1743.847778 0.000000 2273.028564 0.000000 0.381115 0.000000 -0.924528 1.000000 1.000000 1.000000
1694.060547 0.000000 2356.350830 0.000000 0.278751 0.000000 -0.960363 1.000000 1.000000 1.000000
1695.139526 0.000000 2354.212158 0.000000 0.430671 0.000000 -0.902509 1.000000 1.000000 1.000000
1693.248535 0.000000 2354.579102 0.000000 0.598950 0.000000 -0.800786 1.000000 1.000000 1.000000
1667.190552 0.000000 2355.520264 0.000000 0.795118 0.000000 -0.606455 1.000000 1.000000 1.000000
1695.220581 0.000000 2357.302979 0.000000 0.654130 0.000000 -0.756382 1.000000 1.000000 1.000000
1717.244263 0.000000 2377.806641 0.000000 0.876203 0.000000 -0.481941 1.000000 1.000000 1.000000
1720.834717 0.000000 2374.682861 0.000000 0.028872 0.000000 -0.999583 1.000000 1.000000 1.000000
1688.256226 0.000000 2365.917725 0.000000 0.331723 0.000000 -0.943377 1.000000 1.000000 1.000000
1720.213013 0.000000 2378.201172 0.000000 0.762390 0.000000 -0.647118 1.000000 1.000000 1.000000
1747.093506 0.000000 2374.755371 0.000000 0.365018 0.000000 -0.931000 1.000000 1.000000 1.000000
1735.590942 0.000000 2363.425781 0.000000 0.856100 0.000000 -0.516810 1.000000 1.000000 1.000000
5554.245605 0.000000 2069.865967 0.000000 0.651724 0.000000 -0.758456 1.000000 1.000000 1.000000
5549.831543 0.000000 2076.704102 0.000000 0.634306 0.000000 -0.773082 1.000000 1.000000 1.000000
5547.599609 0.000000 2077.281738 0.000000 0.872201 0.000000 -0.489147 1.000000 1.000000 1.000000
5575.176758 0.000000 2062.398682 0.000000 0.600327 0.000000 -0.799754 1.000000 1.000000 1.000000
5450.776855 0.000000 2089.357666 0.000000 0.420579 0.000000 -0.907256 1.000000 1.000000 1.000000
5459.166504 0.000000 2101.905029 0.000000 0.331964 0.000000 -0.943292 1.000000 1.000000 1.000000
5448.471191 0.000000 2093.378418 0.000000 0.118593 0.000000 -0.992943 1.000000 1.000000 1.000000
5461.098145 0.000000 2098.931396 0.000000 0.138943 0.000000 -0.990300 1.000000 1.000000 1.000000
5568.379883 0.000000 2114.964844 0.000000 0.610104 0.000000 -0.792321 1.000000 1.000000 1.000000
5585.125000 0.000000 2124.320801 0.000000 0.704604 0.000000 -0.709601 1.000000 1.000000 1.000000
5583.294434 0.000000 2127.625977 0.000000 0.111740 0.000000 -0.993738 1.000000 1.000000 1.000000
5565.402832 0.000000 2177.299072 0.000000 0.778883 0.000000 -0.627170 1.000000 1.000000 1.000000
5566.530762 0.000000 2191.403320 0.000000 0.529562 0.000000 -0.848271 1.000000 1.000000 1.000000
5626.377441 0.000000 2219.018799 0.000000 0.568904 0.000000 -0.822404 1.000000 1.000000 1.000000
5573.000977 0.000000 2197.951660 0.000000 0.727005 0.000000 -0.686633 1.000000 1.000000 1.000000
5567.403809 0.000000 2193.249512 0.000000 0.699569 0.000000 -0.714565 1.000000 1.000000 1.000000
5630.840820 0.000000 2255.634277 0.000000 0.027508 0.000000 -0.999622 1.000000 1.000000 1.000000
5623.691406 0.000000 2220.499023 0.000000 0.408528 0.000000 -0.912746 1.000000 1.000000 1.000000
5628.427734 0.000000 2257.420410 0.000000 0.692240 0.000000 -0.721668 1.000000 1.000000 1.000000
5648.466797 0.000000 2254.821533 0.000000 0.262770 0.000000 -0.964858 1.000000 1.000000 1.000000
5646.209473 0.000000 2258.535156 0.000000 0.767843 0.000000 -0.640638 1.000000 1.000000 1.000000
5729.241211 0.000000 2265.871338 0.000000 0.292246 0.000000 -0.956343 1.000000 1.000000 1.000000
5702.206543 0.000000 2256.904053 0.000000 0.545133 0.000000 -0.838350 1.000000 1.000000 1.000000
6075.610352 0.000000 2154.176270 0.000000 0.079504 0.000000 -0.996835 1.000000 1.000000 1.000000
5916.166992 0.000000 2263.025391 0.000000 0.480957 0.000000 -0.876744 1.000000 1.000000 1.000000
5987.156250 0.000000 2265.337158 0.000000 0.742462 0.000000 -0.669888 1.000000 1.000000 1.000000
6023.122070 0.000000 2204.125244 0.000000 0.734124 0.000000 -0.679016 1.000000 1.000000 1.000000
6015.269043 0.000000 2215.509766 0.000000 0.857806 0.000000 -0.513974 1.000000 1.000000 1.000000
6032.373047 0.000000 2215.602539 0.000000 0.072738 0.000000 -0.997351 1.000000 1.000000 1.000000
6062.904297 0.000000 2184.543701 0.000000 0.576080 0.000000 -0.817393 1.000000 1.000000 1.000000
6021.792969 0.000000 2206.226074 0.000000 0.036780 0.000000 -0.999323 1.000000 1.000000 1.000000
6027.546387 0.000000 2215.110352 0.000000 0.605006 0.000000 -0.796221 1.000000 1.000000 1.000000
6078.695312 0.000000 2259.077393 0.000000 0.547045 0.000000 -0.837103 1.000000 1.000000 1.000000
6122.120605 0.000000 2247.366211 0.000000 0.600856 0.000000 -0.799357 1.000000 1.000000 1.000000
6128.214355 0.000000 2245.729736 0.000000 0.199538 0.000000 -0.979890 1.000000 1.000000 1.000000
6133.394043 0.000000 2247.045654 0.000000 0.220709 0.000000 -0.975340 1.000000 1.000000 1.000000
5782.573242 0.000000 2326.732910 0.000000 0.294266 0.000000 -0.955724 1.000000 1.000000 1.000000
5777.264648 0.000000 2323.810059 0.000000 0.645242 0.000000 -0.763979 1.000000 1.000000 1.000000
5785.389160 0.000000 2326.884033 0.000000 0.867077 0.000000 -0.498175 1.000000 1.000000 1.000000
5858.570312 0.000000 2344.653809 0.000000 0.806869 0.000000 -0.590730 1.000000 1.000000 1.000000
5754.530762 0.000000 2375.307861 0.000000 0.601876 0.000000 -0.798590 1.000000 1.000000 1.000000
5749.437500 0.000000 2390.589355 0.000000 0.832983 0.000000 -0.553298 1.000000 1.000000 1.000000
5740.439941 0.000000 2394.291992 0.000000 0.804775 0.000000 -0.593580 1.000000 1.000000 1.000000
5739.576172 0.000000 2407.977051 0.000000 0.839667 0.000000 -0.543102 1.000000 1.000000 1.000000
5755.475586 0.000000 2367.640381 0.000000 0.823165 0.000000 -0.567803 1.000000 1.000000 1.000000
5747.280762 0.000000 2390.924072 0.000000 0.236601 0.000000 -0.971607 1.000000 1.000000 1.000000
5757.788574 0.000000 2433.338135 0.000000 0.271414 0.000000 -0.962463 1.000000 1.000000 1.000000
5749.437500 0.000000 2437.831543 0.000000 0.580779 0.000000 -0.814061 1.000000 1.000000 1.000000
5741.081543 0.000000 2417.194336 0.000000 0.101826 0.000000 -0.994802 1.000000 1.000000 1.000000
5751.779785 0.000000 2436.749512 0.000000 0.715280 0.000000 -0.698838 1.000000 1.000000 1.000000
5745.032227 0.000000 2445.706299 0.000000 0.779179 0.000000 -0.626802 1.000000 1.000000 1.000000
5803.922852 0.000000 2372.502197 0.000000 0.540009 0.000000 -0.841659 1.000000 1.000000 1.000000
5801.433105 0.000000 2364.396729 0.000000 0.319638 0.000000 -0.947540 1.000000 1.000000 1.000000
5771.834961 0.000000 2390.282959 0.000000 0.754515 0.000000 -0.656282 1.000000 1.000000 1.000000
5792.165527 0.000000 2404.862549 0.000000 0.405649 0.000000 -0.914029 1.000000 1.000000 1.000000
5767.708008 0.000000 2399.473145 0.000000 0.452927 0.000000 -0.891548 1.000000 1.000000 1.000000
5802.540039 0.000000 2362.267334 0.000000 0.779845 0.000000 -0.625973 1.000000 1.000000 1.000000
5871.679688 0.000000 2370.588867 0.000000 0.802298 0.000000 -0.596924 1.000000 1.000000 1.000000
5846.604492 0.000000 2387.631592 0.000000 0.341166 0.000000 -0.940003 1.000000 1.000000 1.000000
5841.288086 0.000000 2393.370117 0.000000 0.100635 0.000000 -0.994923 1.000000 1.000000 1.000000
5871.231934 0.000000 2377.808838 0.000000 0.771768 0.000000 -0.635904 1.000000 1.000000 1.000000
5845.472168 0.000000 2385.419922 0.000000 0.732388 0.000000 -0.680888 1.000000 1.000000 1.000000
5867.081543 0.000000 2374.654541 0.000000 0.579054 0.000000 -0.815289 1.000000 1.000000 1.000000
5870.511719 0.000000 2375.588867 0.000000 0.511763 0.000000 -0.859127 1.000000 1.000000 1.000000
5774.076660 0.000000 2440.624756 0.000000 0.606445 0.000000 -0.795125 1.000000 1.000000 1.000000
5776.833984 0.000000 2421.139404 0.000000 0.307010 0.000000 -0.951706 1.000000 1.000000 1.000000
5793.052246 0.000000 2409.632568 0.000000 0.004622 0.000000 -0.999989 1.000000 1.000000 1.000000
5779.590332 0.000000 2419.952881 0.000000 0.059657 0.000000 -0.998219 1.000000 1.000000 1.000000
5760.300293 0.000000 2420.285156 0.000000 0.366373 0.000000 -0.930468 1.000000 1.000000 1.000000
5796.720215 0.000000 2433.489258 0.000000 0.140845 0.000000 -0.990032 1.000000 1.000000 1.000000
5790.536133 0.000000 2438.206543 0.000000 0.255392 0.000000 -0.966838 1.000000 1.000000 1.000000
5784.239258 0.000000 2436.249756 0.000000 0.677880 0.000000 -0.735173 1.000000 1.000000 1.000000
5849.062500 0.000000 2418.535645 0.000000 0.662000 0.000000 -0.749503 1.000000 1.000000 1.000000
5845.333496 0.000000 2411.340088 0.000000 0.898055 0.000000 -0.439883 1.000000 1.000000 1.000000
5829.816406 0.000000 2442.437012 0.000000 0.178287 0.000000 -0.983979 1.000000 1.000000 1.000000
5904.103516 0.000000 2273.850098 0.000000 0.241359 0.000000 -0.970436 1.000000 1.000000 1.000000
5922.417969 0.000000 2277.316162 0.000000 0.519619 0.000000 -0.854398 1.000000 1.000000 1.000000
5911.681152 0.000000 2269.401611 0.000000 0.751958 0.000000 -0.659211 1.000000 1.000000 1.000000
5921.939453 0.000000 2287.610107 0.000000 0.831546 0.000000 -0.555456 1.000000 1.000000 1.000000
5939.719238 0.000000 2299.596924 0.000000 0.181691 0.000000 -0.983356 1.000000 1.000000 1.000000
5974.937012 0.000000 2282.864746 0.000000 0.859466 0.000000 -0.511193 1.000000 1.000000 1.000000
5979.250977 0.000000 2275.766357 0.000000 0.646124 0.000000 -0.763233 1.000000 1.000000 1.000000
5945.517090 0.000000 2344.284912 0.000000 0.846367 0.000000 -0.532600 1.000000 1.000000 1.000000
5933.058105 0.000000 2322.709961 0.000000 0.107160 0.000000 -0.994242 1.000000 1.000000 1.000000
5944.319336 0.000000 2327.440674 0.000000 0.295773 0.000000 -0.955258 1.000000 1.000000 1.000000
5890.448242 0.000000 2351.776367 0.000000 0.451399 0.000000 -0.892322 1.000000 1.000000 1.000000
5893.013184 0.000000 2350.135254 0.000000 0.843644 0.000000 -0.536903 1.000000 1.000000 1.000000
5988.262207 0.000000 2344.095703 0.000000 0.222003 0.000000 -0.975046 1.000000 1.000000 1.000000
5991.389160 0.000000 2345.063965 0.000000 0.201014 0.000000 -0.979588 1.000000 1.000000 1.000000
6130.780273 0.000000 2298.563721 0.000000 0.535563 0.000000 -0.844495 1.000000 1.000000 1.000000
6095.231934 0.000000 2269.352539 0.000000 0.590229 0.000000 -0.807236 1.000000 1.000000 1.000000
6080.951172 0.000000 2312.003906 0.000000 0.883976 0.000000 -0.467532 1.000000 1.000000 1.000000
6137.985352 0.000000 2299.555176 0.000000 0.657989 0.000000 -0.753028 1.000000 1.000000 1.000000
6105.042480 0.000000 2289.559570 0.000000 0.871810 0.000000 -0.489844 1.000000 1.000000 1.000000
6116.677246 0.000000 2298.916748 0.000000 0.386002 0.000000 -0.922498 1.000000 1.000000 1.000000
6112.021484 0.000000 2290.340332 0.000000 0.668905 0.000000 -0.743348 1.000000 1.000000 1.000000
6116.511719 0.000000 2303.603516 0.000000 0.602367 0.000000 -0.798219 1.000000 1.000000 1.000000
6056.696777 0.000000 2358.444336 0.000000 0.025458 0.000000 -0.999676 1.000000 1.000000 1.000000
6070.807129 0.000000 2333.870117 0.000000 0.150666 0.000000 -0.988585 1.000000 1.000000 1.000000
6078.163574 0.000000 2321.566650 0.000000 0.266303 0.000000 -0.963889 1.000000 1.000000 1.000000
6072.377930 0.000000 2332.970459 0.000000 0.122149 0.000000 -0.992512 1.000000 1.000000 1.000000
6100.453125 0.000000 2347.741943 0.000000 0.082771 0.000000 -0.996569 1.000000 1.000000 1.000000
6120.688965 0.000000 2358.444336 0.000000 0.142869 0.000000 -0.989742 1.000000 1.000000 1.000000
6102.206055 0.000000 2320.130127 0.000000 0.653161 0.000000 -0.757219 1.000000 1.000000 1.000000
6139.602539 0.000000 2343.145020 0.000000 0.673168 0.000000 -0.739489 1.000000 1.000000 1.000000
6108.264160 0.000000 2361.359375 0.000000 0.492633 0.000000 -0.870237 1.000000 1.000000 1.000000
6081.650879 0.000000 2318.988770 0.000000 0.802830 0.000000 -0.596208 1.000000 1.000000 1.000000
6100.559082 0.000000 2349.518555 0.000000 0.824842 0.000000 -0.565363 1.000000 1.000000 1.000000
6010.946289 0.000000 2396.434082 0.000000 0.579607 0.000000 -0.814896 1.000000 1.000000 1.000000
5986.716797 0.000000 2393.685303 0.000000 0.424884 0.000000 -0.905248 1.000000 1.000000 1.000000
5989.192383 0.000000 2388.670654 0.000000 0.223556 0.000000 -0.974691 1.000000 1.000000 1.000000
6094.154785 0.000000 2400.261719 0.000000 0.490121 0.000000 -0.871655 1.000000 1.000000 1.000000
6125.005371 0.000000 2442.998535 0.000000 0.847996 0.000000 -0.530003 1.000000 1.000000 1.000000
5772.528320 0.000000 2481.437744 0.000000 0.295758 0.000000 -0.955263 1.000000 1.000000 1.000000
5788.973145 0.000000 2466.433350 0.000000 0.709654 0.000000 -0.704551 1.000000 1.000000 1.000000
5786.287109 0.000000 2483.126221 0.000000 0.693658 0.000000 -0.720304 1.000000 1.000000 1.000000
5839.263184 0.000000 2458.321289 0.000000 0.553185 0.000000 -0.833059 1.000000 1.000000 1.000000
5883.771484 0.000000 2511.728027 0.000000 0.894886 0.000000 -0.446295 1.000000 1.000000 1.000000
5840.160156 0.000000 2623.773193 0.000000 0.749534 0.000000 -0.661965 1.000000 1.000000 1.000000
5881.524902 0.000000 2627.738037 0.000000 0.762823 0.000000 -0.646607 1.000000 1.000000 1.000000
5841.174316 0.000000 2602.222412 0.000000 0.877353 0.000000 -0.479845 1.000000 1.000000 1.000000
5886.719238 0.000000 2614.629150 0.000000 0.850320 0.000000 -0.526266 1.000000 1.000000 1.000000
5880.327148 0.000000 2610.893799 0.000000 0.156860 0.000000 -0.987621 1.000000 1.000000 1.000000
5879.052246 0.000000 2611.604736 0.000000 0.098849 0.000000 -0.995102 1.000000 1.000000 1.000000
5888.560547 0.000000 2474.428711 0.000000 0.408209 0.000000 -0.912889 1.000000 1.000000 1.000000
5914.118164 0.000000 2487.904053 0.000000 0.862057 0.000000 -0.506811 1.000000 1.000000 1.000000
5948.193359 0.000000 2498.606445 0.000000 0.293217 0.000000 -0.956046 1.000000 1.000000 1.000000
5943.146973 0.000000 2496.311768 0.000000 0.621770 0.000000 -0.783200 1.000000 1.000000 1.000000
5893.762695 0.000000 2475.738281 0.000000 0.581184 0.000000 -0.813772 1.000000 1.000000 1.000000
5891.057129 0.000000 2472.838867 0.000000 0.419661 0.000000 -0.907681 1.000000 1.000000 1.000000
5896.237305 0.000000 2521.549316 0.000000 0.368357 0.000000 -0.929684 1.000000 1.000000 1.000000
5899.701172 0.000000 2518.766602 0.000000 0.891722 0.000000 -0.452584 1.000000 1.000000 1.000000
5915.533691 0.000000 2517.517578 0.000000 0.670787 0.000000 -0.741650 1.000000 1.000000 1.000000
5896.416504 0.000000 2518.558105 0.000000 0.758094 0.000000 -0.652145 1.000000 1.000000 1.000000
5917.875000 0.000000 2517.053223 0.000000 0.068402 0.000000 -0.997658 1.000000 1.000000 1.000000
5898.154297 0.000000 2516.855957 0.000000 0.843360 0.000000 -0.537349 1.000000 1.000000 1.000000
5948.303711 0.000000 2529.832275 0.000000 0.396238 0.000000 -0.918148 1.000000 1.000000 1.000000
5906.585938 0.000000 2516.481934 0.000000 0.790690 0.000000 -0.612217 1.000000 1.000000 1.000000
5933.817871 0.000000 2506.078857 0.000000 0.790125 0.000000 -0.612946 1.000000 1.000000 1.000000
5889.704590 0.000000 2511.296387 0.000000 0.483139 0.000000 -0.875544 1.000000 1.000000 1.000000
6004.919922 0.000000 2507.107422 0.000000 0.167164 0.000000 -0.985929 1.000000 1.000000 1.000000
6006.952637 0.000000 2508.682861 0.000000 0.635912 0.000000 -0.771762 1.000000 1.000000 1.000000
5957.800781 0.000000 2536.921387 0.000000 0.888370 0.000000 -0.459128 1.000000 1.000000 1.000000
5994.378418 0.000000 2521.886230 0.000000 0.648721 0.000000 -0.761026 1.000000 1.000000 1.000000
5976.558105 0.000000 2523.787598 0.000000 0.323045 0.000000 -0.946384 1.000000 1.000000 1.000000
5956.286621 0.000000 2536.953369 0.000000 0.632634 0.000000 -0.774451 1.000000 1.000000 1.000000
5976.078613 0.000000 2521.298340 0.000000 0.379431 0.000000 -0.925220 1.000000 1.000000 1.000000
6075.994141 0.000000 2489.086914 0.000000 0.623942 0.000000 -0.781470 1.000000 1.000000 1.000000
6018.346680 0.000000 2482.540771 0.000000 0.868345 0.000000 -0.495960 1.000000 1.000000 1.000000
6017.768066 0.000000 2534.958252 0.000000 0.215042 0.000000 -0.976605 1.000000 1.000000 1.000000
6034.442871 0.000000 2541.516357 0.000000 0.106077 0.000000 -0.994358 1.000000 1.000000 1.000000
6022.302246 0.000000 2517.930176 0.000000 0.457006 0.000000 -0.889464 1.000000 1.000000 1.000000
6032.914062 0.000000 2544.186279 0.000000 0.476077 0.000000 -0.879404 1.000000 1.000000 1.000000
5894.102051 0.000000 2594.840088 0.000000 0.658209 0.000000 -0.752835 1.000000 1.000000 1.000000
5906.730957 0.000000 2557.251465 0.000000 0.265347 0.000000 -0.964153 1.000000 1.000000 1.000000
5911.740723 0.000000 2554.886475 0.000000 0.372911 0.000000 -0.927867 1.000000 1.000000 1.000000
5909.927734 0.000000 2554.595947 0.000000 0.547836 0.000000 -0.836586 1.000000 1.000000 1.000000
5918.086914 0.000000 2584.273193 0.000000 0.010248 0.000000 -0.999947 1.000000 1.000000 1.000000
5919.526855 0.000000 2584.962891 0.000000 0.768002 0.000000 -0.640448 1.000000 1.000000 1.000000
5996.408691 0.000000 2583.260742 0.000000 0.466788 0.000000 -0.884369 1.000000 1.000000 1.000000
6013.289551 0.000000 2597.792236 0.000000 0.358811 0.000000 -0.933410 1.000000 1.000000 1.000000
6008.862793 0.000000 2573.888184 0.000000 0.850299 0.000000 -0.526301 1.000000 1.000000 1.000000
6007.994141 0.000000 2570.387207 0.000000 0.576778 0.000000 -0.816901 1.000000 1.000000 1.000000
5892.961914 0.000000 2623.131348 0.000000 0.735088 0.000000 -0.677972 1.000000 1.000000 1.000000
5913.049316 0.000000 2603.882812 0.000000 0.109979 0.000000 -0.993934 1.000000 1.000000 1.000000
5926.716309 0.000000 2601.800049 0.000000 0.856709 0.000000 -0.515801 1.000000 1.000000 1.000000
5913.680664 0.000000 2605.543701 0.000000 0.543617 0.000000 -0.839333 1.000000 1.000000 1.000000
5928.743652 0.000000 2606.160645 0.000000 0.801841 0.000000 -0.597538 1.000000 1.000000 1.000000
5928.241699 0.000000 2601.768311 0.000000 0.421616 0.000000 -0.906774 1.000000 1.000000 1.000000
5936.038086 0.000000 2598.797119 0.000000 0.836638 0.000000 -0.547756 1.000000 1.000000 1.000000
5887.318848 0.000000 2615.531738 0.000000 0.869207 0.000000 -0.494448 1.000000 1.000000 1.000000
6024.609375 0.000000 2567.389893 0.000000 0.258263 0.000000 -0.966075 1.000000 1.000000 1.000000
6029.585449 0.000000 2571.440430 0.000000 0.662009 0.000000 -0.749496 1.000000 1.000000 1.000000
6021.006348 0.000000 2574.544434 0.000000 0.625285 0.000000 -0.780397 1.000000 1.000000 1.000000
6020.857422 0.000000 2609.359863 0.000000 0.709858 0.000000 -0.704345 1.000000 1.000000 1.000000
5614.875977 0.000000 2881.713623 0.000000 0.675343 0.000000 -0.737504 1.000000 1.000000 1.000000
5613.076172 0.000000 2881.136475 0.000000 0.206241 0.000000 -0.978501 1.000000 1.000000 1.000000
5616.162598 0.000000 2874.659668 0.000000 0.900756 0.000000 -0.434325 1.000000 1.000000 1.000000
5608.718750 0.000000 2900.782959 0.000000 0.790259 0.000000 -0.612773 1.000000 1.000000 1.000000
5612.219727 0.000000 2899.600830 0.000000 0.351687 0.000000 -0.936118 1.000000 1.000000 1.000000
5605.353516 0.000000 2892.797363 0.000000 0.393677 0.000000 -0.919249 1.000000 1.000000 1.000000
5619.905762 0.000000 2900.760254 0.000000 0.854066 0.000000 -0.520164 1.000000 1.000000 1.000000
5619.585938 0.000000 2903.938965 0.000000 0.831353 0.000000 -0.555745 1.000000 1.000000 1.000000
5665.249023 0.000000 2880.019775 0.000000 0.556808 0.000000 -0.830641 1.000000 1.000000 1.000000
5662.252441 0.000000 2880.520996 0.000000 0.759107 0.000000 -0.650966 1.000000 1.000000 1.000000
5668.837402 0.000000 2883.784912 0.000000 0.316241 0.000000 -0.948679 1.000000 1.000000 1.000000
5700.380371 0.000000 2897.024658 0.000000 0.601662 0.000000 -0.798751 1.000000 1.000000 1.000000
5699.415527 0.000000 2899.577393 0.000000 0.359435 0.000000 -0.933170 1.000000 1.000000 1.000000
5793.679688 0.000000 2915.846191 0.000000 0.275132 0.000000 -0.961406 1.000000 1.000000 1.000000
5800.536133 0.000000 2913.884766 0.000000 0.837916 0.000000 -0.545800 1.000000 1.000000 1.000000
5799.628418 0.000000 2915.759277 0.000000 0.805334 0.000000 -0.592821 1.000000 1.000000 1.000000
5821.788086 0.000000 2911.091309 0.000000 0.219400 0.000000 -0.975635 1.000000 1.000000 1.000000
5803.714355 0.000000 2915.878662 0.000000 0.058178 0.000000 -0.998306 1.000000 1.000000 1.000000
5763.536621 0.000000 2917.564209 0.000000 0.260225 0.000000 -0.965548 1.000000 1.000000 1.000000
5844.484375 0.000000 2914.648193 0.000000 0.718549 0.000000 -0.695476 1.000000 1.000000 1.000000
5884.522949 0.000000 2899.371338 0.000000 0.230932 0.000000 -0.972970 1.000000 1.000000 1.000000
5873.532715 0.000000 2925.810303 0.000000 0.571985 0.000000 -0.820264 1.000000 1.000000 1.000000
5828.969727 0.000000 2906.584473 0.000000 0.711573 0.000000 -0.702612 1.000000 1.000000 1.000000
5887.062012 0.000000 2894.100098 0.000000 0.855194 0.000000 -0.518308 1.000000 1.000000 1.000000
5876.736816 0.000000 2897.470703 0.000000 0.840514 0.000000 -0.541789 1.000000 1.000000 1.000000
5834.535156 0.000000 2914.924561 0.000000 0.306663 0.000000 -0.951818 1.000000 1.000000 1.000000
5845.547363 0.000000 2911.491943 0.000000 0.470055 0.000000 -0.882637 1.000000 1.000000 1.000000
5872.250488 0.000000 2923.064941 0.000000 0.002112 0.000000 -0.999998 1.000000 1.000000 1.000000
5839.470215 0.000000 2910.146484 0.000000 0.076335 0.000000 -0.997082 1.000000 1.000000 1.000000
5867.699219 0.000000 2924.815674 0.000000 0.360192 0.000000 -0.932878 1.000000 1.000000 1.000000
5884.966797 0.000000 2896.492920 0.000000 0.166209 0.000000 -0.986091 1.000000 1.000000 1.000000
5829.845703 0.000000 2909.174561 0.000000 0.892268 0.000000 -0.451506 1.000000 1.000000 1.000000
5879.189453 0.000000 2896.419434 0.000000 0.691593 0.000000 -0.722288 1.000000 1.000000 1.000000
5847.662598 0.000000 2913.107178 0.000000 0.384394 0.000000 -0.923169 1.000000 1.000000 1.000000
5867.560547 0.000000 2927.641113 0.000000 0.698183 0.000000 -0.715919 1.000000 1.000000 1.000000
5832.208008 0.000000 2914.944336 0.000000 0.157266 0.000000 -0.987556 1.000000 1.000000 1.000000
5879.705566 0.000000 2897.865234 0.000000 0.845299 0.000000 -0.534293 1.000000 1.000000 1.000000
5878.144531 0.000000 2897.294189 0.000000 0.413383 0.000000 -0.910557 1.000000 1.000000 1.000000
5686.435059 0.000000 2954.112793 0.000000 0.864121 0.000000 -0.503283 1.000000 1.000000 1.000000
5668.301270 0.000000 2958.244141 0.000000 0.555867 0.000000 -0.831271 1.000000 1.000000 1.000000
5658.302734 0.000000 2955.548096 0.000000 0.811752 0.000000 -0.584002 1.000000 1.000000 1.000000
5678.654785 0.000000 2948.079346 0.000000 0.315470 0.000000 -0.948936 1.000000 1.000000 1.000000
5739.466797 0.000000 2934.732910 0.000000 0.800217 0.000000 -0.599711 1.000000 1.000000 1.000000
5743.331543 0.000000 2930.690918 0.000000 0.346207 0.000000 -0.938158 1.000000 1.000000 1.000000
5659.483398 0.000000 3020.966797 0.000000 0.072439 0.000000 -0.997373 1.000000 1.000000 1.000000
5875.409668 0.000000 2938.354492 0.000000 0.770239 0.000000 -0.637755 1.000000 1.000000 1.000000
5885.363770 0.000000 2933.174072 0.000000 0.616575 0.000000 -0.787296 1.000000 1.000000 1.000000
5864.935547 0.000000 2941.964844 0.000000 0.280735 0.000000 -0.959785 1.000000 1.000000 1.000000
5874.552246 0.000000 2934.939697 0.000000 0.364071 0.000000 -0.931371 1.000000 1.000000 1.000000
5881.203125 0.000000 2938.967041 0.000000 0.796340 0.000000 -0.604849 1.000000 1.000000 1.000000
5864.169922 0.000000 2944.958984 0.000000 0.835011 0.000000 -0.550233 1.000000 1.000000 1.000000
5878.968262 0.000000 2933.862549 0.000000 0.167754 0.000000 -0.985829 1.000000 1.000000 1.000000
5876.940918 0.000000 2935.069824 0.000000 0.011286 0.000000 -0.999936 1.000000 1.000000 1.000000
5866.532227 0.000000 2929.173584 0.000000 0.259723 0.000000 -0.965683 1.000000 1.000000 1.000000
5883.633789 0.000000 2957.293457 0.000000 0.779855 0.000000 -0.625960 1.000000 1.000000 1.000000
5885.040039 0.000000 2963.373535 0.000000 0.810675 0.000000 -0.585496 1.000000 1.000000 1.000000
5898.722168 0.000000 2892.474854 0.000000 0.107136 0.000000 -0.994244 1.000000 1.000000 1.000000
5887.581055 0.000000 2885.827881 0.000000 0.488344 0.000000 -0.872651 1.000000 1.000000 1.000000
5898.723633 0.000000 2883.469238 0.000000 0.408727 0.000000 -0.912657 1.000000 1.000000 1.000000
5902.061035 0.000000 2913.046631 0.000000 0.396085 0.000000 -0.918214 1.000000 1.000000 1.000000
5892.500000 0.000000 2902.125977 0.000000 0.714989 0.000000 -0.699135 1.000000 1.000000 1.000000
5925.509277 0.000000 2922.225586 0.000000 0.137392 0.000000 -0.990517 1.000000 1.000000 1.000000
5911.201660 0.000000 2903.030029 0.000000 0.610542 0.000000 -0.791984 1.000000 1.000000 1.000000
5930.786621 0.000000 2905.591797 0.000000 0.147916 0.000000 -0.989000 1.000000 1.000000 1.000000
5905.280273 0.000000 2913.034180 0.000000 0.127541 0.000000 -0.991833 1.000000 1.000000 1.000000
5918.806152 0.000000 2916.510742 0.000000 0.520297 0.000000 -0.853986 1.000000 1.000000 1.000000
5906.397949 0.000000 2898.678711 0.000000 0.007753 0.000000 -0.999970 1.000000 1.000000 1.000000
5901.015625 0.000000 2915.443115 0.000000 0.766585 0.000000 -0.642142 1.000000 1.000000 1.000000
5901.833984 0.000000 2908.564209 0.000000 0.831873 0.000000 -0.554966 1.000000 1.000000 1.000000
5899.128418 0.000000 2885.518555 0.000000 0.540707 0.000000 -0.841211 1.000000 1.000000 1.000000
5897.440918 0.000000 2916.668213 0.000000 0.758499 0.000000 -0.651674 1.000000 1.000000 1.000000
5903.582520 0.000000 2914.346680 0.000000 0.858626 0.000000 -0.512602 1.000000 1.000000 1.000000
5946.732422 0.000000 2899.296875 0.000000 0.814630 0.000000 -0.579981 1.000000 1.000000 1.000000
5947.461426 0.000000 2900.592773 0.000000 0.755330 0.000000 -0.655345 1.000000 1.000000 1.000000
5992.704590 0.000000 2925.350586 0.000000 0.658119 0.000000 -0.752913 1.000000 1.000000 1.000000
5980.510742 0.000000 2914.601318 0.000000 0.873507 0.000000 -0.486812 1.000000 1.000000 1.000000
5964.455566 0.000000 2925.868652 0.000000 0.732537 0.000000 -0.680727 1.000000 1.000000 1.000000
5971.104004 0.000000 2905.022217 0.000000 0.249741 0.000000 -0.968313 1.000000 1.000000 1.000000
5963.693359 0.000000 2896.704102 0.000000 0.460906 0.000000 -0.887449 1.000000 1.000000 1.000000
5972.648438 0.000000 2919.846924 0.000000 0.161490 0.000000 -0.986874 1.000000 1.000000 1.000000
5993.249512 0.000000 2920.881348 0.000000 0.147451 0.000000 -0.989069 1.000000 1.000000 1.000000
5968.380859 0.000000 2924.235352 0.000000 0.428404 0.000000 -0.903587 1.000000 1.000000 1.000000
5968.427734 0.000000 2916.212158 0.000000 0.019912 0.000000 -0.999802 1.000000 1.000000 1.000000
5985.504395 0.000000 2910.160889 0.000000 0.103977 0.000000 -0.994580 1.000000 1.000000 1.000000
5986.716797 0.000000 2913.349365 0.000000 0.895674 0.000000 -0.444711 1.000000 1.000000 1.000000
5962.236328 0.000000 2912.210205 0.000000 0.673641 0.000000 -0.739059 1.000000 1.000000 1.000000
5959.684570 0.000000 2919.137207 0.000000 0.676894 0.000000 -0.736080 1.000000 1.000000 1.000000
5962.618164 0.000000 2899.826172 0.000000 0.128391 0.000000 -0.991724 1.000000 1.000000 1.000000
5956.386719 0.000000 2922.333496 0.000000 0.584582 0.000000 -0.811335 1.000000 1.000000 1.000000
5961.774902 0.000000 2902.251953 0.000000 0.808804 0.000000 -0.588078 1.000000 1.000000 1.000000
5973.456543 0.000000 2905.083984 0.000000 0.769873 0.000000 -0.638197 1.000000 1.000000 1.000000
5981.653320 0.000000 2912.622314 0.000000 0.762816 0.000000 -0.646615 1.000000 1.000000 1.000000
5963.954102 0.000000 2913.437500 0.000000 0.140199 0.000000 -0.990123 1.000000 1.000000 1.000000
5967.574219 0.000000 2918.072998 0.000000 0.842652 0.000000 -0.538458 1.000000 1.000000 1.000000
5966.170410 0.000000 2919.925781 0.000000 0.843565 0.000000 -0.537027 1.000000 1.000000 1.000000
5984.037109 0.000000 2904.488770 0.000000 0.842765 0.000000 -0.538282 1.000000 1.000000 1.000000
5962.853027 0.000000 2922.023682 0.000000 0.278189 0.000000 -0.960526 1.000000 1.000000 1.000000
5963.498047 0.000000 2898.323486 0.000000 0.334480 0.000000 -0.942403 1.000000 1.000000 1.000000
6065.124023 0.000000 2852.893066 0.000000 0.728297 0.000000 -0.685262 1.000000 1.000000 1.000000
6104.556152 0.000000 2868.199219 0.000000 0.541056 0.000000 -0.840987 1.000000 1.000000 1.000000
6102.854980 0.000000 2862.731934 0.000000 0.316091 0.000000 -0.948729 1.000000 1.000000 1.000000
6088.415527 0.000000 2855.504150 0.000000 0.897627 0.000000 -0.440755 1.000000 1.000000 1.000000
6049.648438 0.000000 2915.846191 0.000000 0.412643 0.000000 -0.910893 1.000000 1.000000 1.000000
6020.484375 0.000000 2902.125977 0.000000 0.120979 0.000000 -0.992655 1.000000 1.000000 1.000000
6032.373047 0.000000 2924.235352 0.000000 0.734752 0.000000 -0.678336 1.000000 1.000000 1.000000
6038.581055 0.000000 2907.295654 0.000000 0.400992 0.000000 -0.916082 1.000000 1.000000 1.000000
6023.724609 0.000000 2890.311523 0.000000 0.754858 0.000000 -0.655889 1.000000 1.000000 1.000000
6034.975586 0.000000 2922.472900 0.000000 0.103259 0.000000 -0.994654 1.000000 1.000000 1.000000
6046.790527 0.000000 2916.510742 0.000000 0.239773 0.000000 -0.970829 1.000000 1.000000 1.000000
6021.790527 0.000000 2904.212646 0.000000 0.774689 0.000000 -0.632343 1.000000 1.000000 1.000000
6054.793945 0.000000 2920.061523 0.000000 0.612635 0.000000 -0.790366 1.000000 1.000000 1.000000
6033.060547 0.000000 2905.349365 0.000000 0.549694 0.000000 -0.835366 1.000000 1.000000 1.000000
6022.384766 0.000000 2891.840332 0.000000 0.689270 0.000000 -0.724504 1.000000 1.000000 1.000000
6036.416016 0.000000 2921.527832 0.000000 0.100849 0.000000 -0.994902 1.000000 1.000000 1.000000
6083.033691 0.000000 2892.752686 0.000000 0.494367 0.000000 -0.869253 1.000000 1.000000 1.000000
6100.632812 0.000000 2919.846924 0.000000 0.141585 0.000000 -0.989926 1.000000 1.000000 1.000000
6088.458008 0.000000 2904.249756 0.000000 0.813920 0.000000 -0.580977 1.000000 1.000000 1.000000
6088.557129 0.000000 2905.714844 0.000000 0.085837 0.000000 -0.996309 1.000000 1.000000 1.000000
5888.560547 0.000000 2946.850586 0.000000 0.888799 0.000000 -0.458297 1.000000 1.000000 1.000000
5910.557617 0.000000 2940.881348 0.000000 0.726790 0.000000 -0.686859 1.000000 1.000000 1.000000
5935.671875 0.000000 2937.495117 0.000000 0.043994 0.000000 -0.999032 1.000000 1.000000 1.000000
5938.803711 0.000000 2959.954346 0.000000 0.855094 0.000000 -0.518473 1.000000 1.000000 1.000000
5948.213379 0.000000 2968.967773 0.000000 0.206573 0.000000 -0.978431 1.000000 1.000000 1.000000
5915.549316 0.000000 2929.135742 0.000000 0.546770 0.000000 -0.837283 1.000000 1.000000 1.000000
5938.198730 0.000000 2967.467773 0.000000 0.500391 0.000000 -0.865800 1.000000 1.000000 1.000000
5893.731445 0.000000 2929.260010 0.000000 0.809443 0.000000 -0.587198 1.000000 1.000000 1.000000
5896.634766 0.000000 2955.962891 0.000000 0.494233 0.000000 -0.869329 1.000000 1.000000 1.000000
5911.681152 0.000000 2930.792236 0.000000 0.852668 0.000000 -0.522453 1.000000 1.000000 1.000000
5945.116699 0.000000 2945.421631 0.000000 0.358482 0.000000 -0.933537 1.000000 1.000000 1.000000
5899.819336 0.000000 2957.189209 0.000000 0.683161 0.000000 -0.730267 1.000000 1.000000 1.000000
5888.340820 0.000000 2965.324219 0.000000 0.036573 0.000000 -0.999331 1.000000 1.000000 1.000000
5909.539551 0.000000 2958.734131 0.000000 0.751995 0.000000 -0.659168 1.000000 1.000000 1.000000
5927.897949 0.000000 2934.941895 0.000000 0.175300 0.000000 -0.984515 1.000000 1.000000 1.000000
5941.417480 0.000000 2967.815674 0.000000 0.746157 0.000000 -0.665769 1.000000 1.000000 1.000000
5935.224121 0.000000 2944.715088 0.000000 0.125417 0.000000 -0.992104 1.000000 1.000000 1.000000
5916.475098 0.000000 2932.109619 0.000000 0.138985 0.000000 -0.990295 1.000000 1.000000 1.000000
5907.574707 0.000000 2939.616943 0.000000 0.690437 0.000000 -0.723393 1.000000 1.000000 1.000000
5934.919922 0.000000 2940.418701 0.000000 0.351978 0.000000 -0.936008 1.000000 1.000000 1.000000
5948.388672 0.000000 2966.053223 0.000000 0.893906 0.000000 -0.448254 1.000000 1.000000 1.000000
5945.850098 0.000000 2948.141357 0.000000 0.692951 0.000000 -0.720985 1.000000 1.000000 1.000000
5889.727051 0.000000 2949.632080 0.000000 0.762479 0.000000 -0.647014 1.000000 1.000000 1.000000
5950.044922 0.000000 2938.168213 0.000000 0.297778 0.000000 -0.954635 1.000000 1.000000 1.000000
5909.727051 0.000000 2938.670654 0.000000 0.870871 0.000000 -0.491512 1.000000 1.000000 1.000000
5927.324219 0.000000 2974.417480 0.000000 0.839656 0.000000 -0.543119 1.000000 1.000000 1.000000
5947.127441 0.000000 2944.802734 0.000000 0.415094 0.000000 -0.909778 1.000000 1.000000 1.000000
5937.823730 0.000000 2969.354492 0.000000 0.570352 0.000000 -0.821400 1.000000 1.000000 1.000000
5918.312500 0.000000 2931.879150 0.000000 0.534922 0.000000 -0.844901 1.000000 1.000000 1.000000
5944.026855 0.000000 2954.675293 0.000000 0.370169 0.000000 -0.928964 1.000000 1.000000 1.000000
5936.576660 0.000000 2968.069092 0.000000 0.722489 0.000000 -0.691382 1.000000 1.000000 1.000000
5914.930176 0.000000 2935.437500 0.000000 0.447402 0.000000 -0.894333 1.000000 1.000000 1.000000
5964.504883 0.000000 2953.859619 0.000000 0.809310 0.000000 -0.587382 1.000000 1.000000 1.000000
5956.954102 0.000000 2953.826660 0.000000 0.177471 0.000000 -0.984126 1.000000 1.000000 1.000000
5976.628906 0.000000 2957.917236 0.000000 0.839863 0.000000 -0.542799 1.000000 1.000000 1.000000
5956.492188 0.000000 2949.368164 0.000000 0.853570 0.000000 -0.520977 1.000000 1.000000 1.000000
5951.573242 0.000000 2942.628906 0.000000 0.216557 0.000000 -0.976270 1.000000 1.000000 1.000000
5958.587402 0.000000 2968.630127 0.000000 0.422843 0.000000 -0.906203 1.000000 1.000000 1.000000
6003.394043 0.000000 2938.354492 0.000000 0.512093 0.000000 -0.858930 1.000000 1.000000 1.000000
5967.614258 0.000000 2950.650391 0.000000 0.071079 0.000000 -0.997471 1.000000 1.000000 1.000000
6013.348145 0.000000 2933.174072 0.000000 0.810698 0.000000 -0.585464 1.000000 1.000000 1.000000
6001.817383 0.000000 2956.257080 0.000000 0.370739 0.000000 -0.928737 1.000000 1.000000 1.000000
6002.536621 0.000000 2934.939697 0.000000 0.724181 0.000000 -0.689610 1.000000 1.000000 1.000000
5970.496094 0.000000 2949.136475 0.000000 0.376042 0.000000 -0.926603 1.000000 1.000000 1.000000
5986.690918 0.000000 2945.070557 0.000000 0.251322 0.000000 -0.967904 1.000000 1.000000 1.000000
5967.616211 0.000000 2943.258301 0.000000 0.787822 0.000000 -0.615904 1.000000 1.000000 1.000000
5959.232910 0.000000 2949.197754 0.000000 0.796564 0.000000 -0.604554 1.000000 1.000000 1.000000
5963.172852 0.000000 2951.462646 0.000000 0.849528 0.000000 -0.527544 1.000000 1.000000 1.000000
6009.891113 0.000000 2965.606201 0.000000 0.733532 0.000000 -0.679655 1.000000 1.000000 1.000000
5999.300293 0.000000 2930.690918 0.000000 0.543432 0.000000 -0.839454 1.000000 1.000000 1.000000
6005.117188 0.000000 2960.669922 0.000000 0.369271 0.000000 -0.929322 1.000000 1.000000 1.000000
6004.925293 0.000000 2935.069824 0.000000 0.861073 0.000000 -0.508481 1.000000 1.000000 1.000000
5957.580566 0.000000 2975.015381 0.000000 0.242524 0.000000 -0.970145 1.000000 1.000000 1.000000
5951.310059 0.000000 2953.883301 0.000000 0.180171 0.000000 -0.983635 1.000000 1.000000 1.000000
5978.413086 0.000000 2958.452148 0.000000 0.748339 0.000000 -0.663316 1.000000 1.000000 1.000000
5974.410645 0.000000 2945.983887 0.000000 0.088308 0.000000 -0.996093 1.000000 1.000000 1.000000
5967.158691 0.000000 2941.599121 0.000000 0.444409 0.000000 -0.895824 1.000000 1.000000 1.000000
5998.038574 0.000000 2957.709961 0.000000 0.422811 0.000000 -0.906218 1.000000 1.000000 1.000000
6009.927246 0.000000 2962.373779 0.000000 0.751296 0.000000 -0.659965 1.000000 1.000000 1.000000
5932.462891 0.000000 2990.475830 0.000000 0.803381 0.000000 -0.595465 1.000000 1.000000 1.000000
5922.417969 0.000000 2985.948975 0.000000 0.462497 0.000000 -0.886621 1.000000 1.000000 1.000000
5924.732910 0.000000 2981.772705 0.000000 0.389873 0.000000 -0.920869 1.000000 1.000000 1.000000
5939.401855 0.000000 2985.596680 0.000000 0.833250 0.000000 -0.552896 1.000000 1.000000 1.000000
5927.244629 0.000000 3004.406006 0.000000 0.810797 0.000000 -0.585327 1.000000 1.000000 1.000000
5926.716309 0.000000 2979.737549 0.000000 0.719527 0.000000 -0.694465 1.000000 1.000000 1.000000
5943.181641 0.000000 2990.903809 0.000000 0.278409 0.000000 -0.960463 1.000000 1.000000 1.000000
5924.704590 0.000000 3000.395508 0.000000 0.697401 0.000000 -0.716681 1.000000 1.000000 1.000000
5930.585449 0.000000 2992.249512 0.000000 0.676488 0.000000 -0.736453 1.000000 1.000000 1.000000
5928.192871 0.000000 2976.292969 0.000000 0.861760 0.000000 -0.507316 1.000000 1.000000 1.000000
5901.834473 0.000000 2982.897217 0.000000 0.867389 0.000000 -0.497631 1.000000 1.000000 1.000000
5927.396973 0.000000 3006.454590 0.000000 0.738723 0.000000 -0.674009 1.000000 1.000000 1.000000
5927.591797 0.000000 2978.080811 0.000000 0.500531 0.000000 -0.865719 1.000000 1.000000 1.000000
5924.888184 0.000000 2979.959473 0.000000 0.875928 0.000000 -0.482441 1.000000 1.000000 1.000000
5996.941406 0.000000 2977.130859 0.000000 0.209969 0.000000 -0.977708 1.000000 1.000000 1.000000
6007.458984 0.000000 3012.450928 0.000000 0.360654 0.000000 -0.932700 1.000000 1.000000 1.000000
5999.664062 0.000000 2984.737305 0.000000 0.360345 0.000000 -0.932819 1.000000 1.000000 1.000000
5989.986328 0.000000 2977.145264 0.000000 0.067165 0.000000 -0.997742 1.000000 1.000000 1.000000
5999.637695 0.000000 2980.452148 0.000000 0.238180 0.000000 -0.971221 1.000000 1.000000 1.000000
6008.968262 0.000000 3015.405029 0.000000 0.840157 0.000000 -0.542343 1.000000 1.000000 1.000000
5965.468262 0.000000 2988.558594 0.000000 0.760352 0.000000 -0.649511 1.000000 1.000000 1.000000
6012.951172 0.000000 2990.977295 0.000000 0.664336 0.000000 -0.747434 1.000000 1.000000 1.000000
5978.263672 0.000000 3002.790283 0.000000 0.567019 0.000000 -0.823705 1.000000 1.000000 1.000000
5964.894531 0.000000 2993.640625 0.000000 0.084581 0.000000 -0.996417 1.000000 1.000000 1.000000
5990.708496 0.000000 2979.737549 0.000000 0.425656 0.000000 -0.904885 1.000000 1.000000 1.000000
5994.395020 0.000000 2984.424316 0.000000 0.503420 0.000000 -0.864042 1.000000 1.000000 1.000000
5962.088379 0.000000 2984.644287 0.000000 0.805439 0.000000 -0.592679 1.000000 1.000000 1.000000
5962.618164 0.000000 2994.310547 0.000000 0.851481 0.000000 -0.524386 1.000000 1.000000 1.000000
6004.925293 0.000000 2982.312012 0.000000 0.771635 0.000000 -0.636066 1.000000 1.000000 1.000000
5962.146484 0.000000 2989.277832 0.000000 0.157871 0.000000 -0.987460 1.000000 1.000000 1.000000
6012.001953 0.000000 3008.750977 0.000000 0.271127 0.000000 -0.962543 1.000000 1.000000 1.000000
6012.722656 0.000000 2998.414795 0.000000 0.017528 0.000000 -0.999846 1.000000 1.000000 1.000000
5979.390137 0.000000 3003.901123 0.000000 0.787471 0.000000 -0.616351 1.000000 1.000000 1.000000
6049.718262 0.000000 2950.963623 0.000000 0.596525 0.000000 -0.802595 1.000000 1.000000 1.000000
6047.009766 0.000000 2955.797607 0.000000 0.107693 0.000000 -0.994184 1.000000 1.000000 1.000000
6038.581055 0.000000 2954.537842 0.000000 0.854428 0.000000 -0.519570 1.000000 1.000000 1.000000
6018.924805 0.000000 2935.559326 0.000000 0.706803 0.000000 -0.707411 1.000000 1.000000 1.000000
6042.255859 0.000000 2955.548096 0.000000 0.290017 0.000000 -0.957022 1.000000 1.000000 1.000000
6019.662598 0.000000 2933.676270 0.000000 0.492908 0.000000 -0.870081 1.000000 1.000000 1.000000
6045.121094 0.000000 2956.285889 0.000000 0.377961 0.000000 -0.925821 1.000000 1.000000 1.000000
6042.436523 0.000000 2999.917236 0.000000 0.106606 0.000000 -0.994301 1.000000 1.000000 1.000000
6049.052734 0.000000 3016.260010 0.000000 0.881706 0.000000 -0.471799 1.000000 1.000000 1.000000
6016.544922 0.000000 2994.092773 0.000000 0.529655 0.000000 -0.848213 1.000000 1.000000 1.000000
6052.254395 0.000000 3005.486328 0.000000 0.211898 0.000000 -0.977292 1.000000 1.000000 1.000000
6031.865723 0.000000 2993.383301 0.000000 0.587151 0.000000 -0.809478 1.000000 1.000000 1.000000
6049.718262 0.000000 2998.205811 0.000000 0.714342 0.000000 -0.699797 1.000000 1.000000 1.000000
6032.087891 0.000000 2982.482910 0.000000 0.705497 0.000000 -0.708713 1.000000 1.000000 1.000000
6066.788086 0.000000 3007.196533 0.000000 0.020871 0.000000 -0.999782 1.000000 1.000000 1.000000
6021.811523 0.000000 2981.789307 0.000000 0.118381 0.000000 -0.992968 1.000000 1.000000 1.000000
6049.202148 0.000000 3021.746338 0.000000 0.677284 0.000000 -0.735722 1.000000 1.000000 1.000000
6045.563477 0.000000 2995.943848 0.000000 0.705439 0.000000 -0.708771 1.000000 1.000000 1.000000
6020.484375 0.000000 2996.610352 0.000000 0.120626 0.000000 -0.992698 1.000000 1.000000 1.000000
6027.685547 0.000000 2991.188477 0.000000 0.678909 0.000000 -0.734223 1.000000 1.000000 1.000000
6022.579590 0.000000 3015.872314 0.000000 0.038616 0.000000 -0.999254 1.000000 1.000000 1.000000
6057.241699 0.000000 3015.365723 0.000000 0.731982 0.000000 -0.681324 1.000000 1.000000 1.000000
6024.829102 0.000000 2980.534668 0.000000 0.156473 0.000000 -0.987682 1.000000 1.000000 1.000000
6034.488281 0.000000 2996.378662 0.000000 0.705607 0.000000 -0.708603 1.000000 1.000000 1.000000
6037.523926 0.000000 3005.976318 0.000000 0.413317 0.000000 -0.910587 1.000000 1.000000 1.000000
6035.559082 0.000000 2986.859131 0.000000 0.873341 0.000000 -0.487110 1.000000 1.000000 1.000000
6033.233398 0.000000 2985.200684 0.000000 0.185525 0.000000 -0.982639 1.000000 1.000000 1.000000
6049.496582 0.000000 3004.645264 0.000000 0.226406 0.000000 -0.974033 1.000000 1.000000 1.000000
6050.708984 0.000000 3007.833740 0.000000 0.543885 0.000000 -0.839159 1.000000 1.000000 1.000000
6031.608398 0.000000 2990.500488 0.000000 0.790450 0.000000 -0.612527 1.000000 1.000000 1.000000
6025.381348 0.000000 3015.506592 0.000000 0.757579 0.000000 -0.652743 1.000000 1.000000 1.000000
6039.030273 0.000000 2984.044922 0.000000 0.054558 0.000000 -0.998511 1.000000 1.000000 1.000000
6030.540039 0.000000 2995.648193 0.000000 0.179803 0.000000 -0.983703 1.000000 1.000000 1.000000
6045.859375 0.000000 2989.475098 0.000000 0.634304 0.000000 -0.773084 1.000000 1.000000 1.000000
6058.748535 0.000000 3017.180908 0.000000 0.370939 0.000000 -0.928657 1.000000 1.000000 1.000000
6037.448730 0.000000 2999.568359 0.000000 0.630549 0.000000 -0.776150 1.000000 1.000000 1.000000
6045.645508 0.000000 3007.106689 0.000000 0.679955 0.000000 -0.733254 1.000000 1.000000 1.000000
6037.136230 0.000000 3003.790771 0.000000 0.281946 0.000000 -0.959430 1.000000 1.000000 1.000000
6015.302246 0.000000 3001.125488 0.000000 0.161441 0.000000 -0.986882 1.000000 1.000000 1.000000
6027.112793 0.000000 2980.002930 0.000000 0.853340 0.000000 -0.521355 1.000000 1.000000 1.000000
6015.670410 0.000000 2992.246582 0.000000 0.785311 0.000000 -0.619101 1.000000 1.000000 1.000000
6037.013672 0.000000 2992.124268 0.000000 0.298526 0.000000 -0.954401 1.000000 1.000000 1.000000
6031.780762 0.000000 2986.460205 0.000000 0.641491 0.000000 -0.767131 1.000000 1.000000 1.000000
6055.363281 0.000000 2999.077148 0.000000 0.447864 0.000000 -0.894102 1.000000 1.000000 1.000000
6042.405273 0.000000 3005.694336 0.000000 0.567477 0.000000 -0.823389 1.000000 1.000000 1.000000
6023.438477 0.000000 2980.161865 0.000000 0.487715 0.000000 -0.873003 1.000000 1.000000 1.000000
6111.572754 0.000000 2980.739258 0.000000 0.822724 0.000000 -0.568442 1.000000 1.000000 1.000000
6108.451660 0.000000 2979.351807 0.000000 0.617965 0.000000 -0.786206 1.000000 1.000000 1.000000
6084.817383 0.000000 2984.978516 0.000000 0.480882 0.000000 -0.876785 1.000000 1.000000 1.000000
6080.261230 0.000000 2987.191406 0.000000 0.042826 0.000000 -0.999083 1.000000 1.000000 1.000000
6107.588379 0.000000 2994.817627 0.000000 0.806811 0.000000 -0.590810 1.000000 1.000000 1.000000
6109.113281 0.000000 3003.528076 0.000000 0.204904 0.000000 -0.978782 1.000000 1.000000 1.000000
6282.379883 0.000000 1982.306763 0.000000 0.779376 0.000000 -0.626557 1.000000 1.000000 1.000000
6292.548340 0.000000 1977.890259 0.000000 0.369561 0.000000 -0.929207 1.000000 1.000000 1.000000
6144.529297 0.000000 2002.006714 0.000000 0.746345 0.000000 -0.665559 1.000000 1.000000 1.000000
6175.997559 0.000000 1986.482422 0.000000 0.772145 0.000000 -0.635446 1.000000 1.000000 1.000000
6158.145020 0.000000 2009.356201 0.000000 0.279004 0.000000 -0.960290 1.000000 1.000000 1.000000
6259.744629 0.000000 2018.970215 0.000000 0.099925 0.000000 -0.994995 1.000000 1.000000 1.000000
6217.035156 0.000000 2029.911377 0.000000 0.886641 0.000000 -0.462459 1.000000 1.000000 1.000000
6258.609375 0.000000 2017.320435 0.000000 0.664120 0.000000 -0.747626 1.000000 1.000000 1.000000
6229.406250 0.000000 2030.551758 0.000000 0.687098 0.000000 -0.726565 1.000000 1.000000 1.000000
6247.339844 0.000000 2006.991211 0.000000 0.612666 0.000000 -0.790342 1.000000 1.000000 1.000000
6252.385254 0.000000 2007.298096 0.000000 0.474889 0.000000 -0.880046 1.000000 1.000000 1.000000
6231.562500 0.000000 2019.006470 0.000000 0.869077 0.000000 -0.494678 1.000000 1.000000 1.000000
6266.148438 0.000000 1992.103516 0.000000 0.147766 0.000000 -0.989022 1.000000 1.000000 1.000000
6254.774902 0.000000 2009.260620 0.000000 0.343818 0.000000 -0.939036 1.000000 1.000000 1.000000
6256.473633 0.000000 2019.292236 0.000000 0.876182 0.000000 -0.481981 1.000000 1.000000 1.000000
6214.251465 0.000000 2029.136108 0.000000 0.341659 0.000000 -0.939824 1.000000 1.000000 1.000000
6171.518066 0.000000 2031.534180 0.000000 0.741619 0.000000 -0.670821 1.000000 1.000000 1.000000
6172.926270 0.000000 2041.253540 0.000000 0.607248 0.000000 -0.794513 1.000000 1.000000 1.000000
6159.224121 0.000000 2033.141357 0.000000 0.842623 0.000000 -0.538505 1.000000 1.000000 1.000000
6201.366699 0.000000 2037.959839 0.000000 0.058187 0.000000 -0.998306 1.000000 1.000000 1.000000
6171.227539 0.000000 2039.555298 0.000000 0.859469 0.000000 -0.511188 1.000000 1.000000 1.000000
6161.141602 0.000000 2031.467163 0.000000 0.262620 0.000000 -0.964899 1.000000 1.000000 1.000000
6200.362305 0.000000 2049.517334 0.000000 0.409393 0.000000 -0.912358 1.000000 1.000000 1.000000
6202.156250 0.000000 2039.345703 0.000000 0.636601 0.000000 -0.771194 1.000000 1.000000 1.000000
6201.089355 0.000000 2031.533936 0.000000 0.897231 0.000000 -0.441561 1.000000 1.000000 1.000000
6257.100586 0.000000 2049.775879 0.000000 0.167928 0.000000 -0.985799 1.000000 1.000000 1.000000
6257.158691 0.000000 2041.746582 0.000000 0.155573 0.000000 -0.987824 1.000000 1.000000 1.000000
6238.336914 0.000000 2046.920288 0.000000 0.532048 0.000000 -0.846714 1.000000 1.000000 1.000000
6215.473145 0.000000 2045.117554 0.000000 0.644071 0.000000 -0.764966 1.000000 1.000000 1.000000
6283.915039 0.000000 2015.835815 0.000000 0.767070 0.000000 -0.641564 1.000000 1.000000 1.000000
6293.495117 0.000000 1998.234131 0.000000 0.786983 0.000000 -0.616974 1.000000 1.000000 1.000000
6283.935059 0.000000 2014.131714 0.000000 0.758965 0.000000 -0.651132 1.000000 1.000000 1.000000
6277.173340 0.000000 1988.177612 0.000000 0.324405 0.000000 -0.945918 1.000000 1.000000 1.000000
6310.621094 0.000000 2010.912354 0.000000 0.866772 0.000000 -0.498705 1.000000 1.000000 1.000000
6281.399414 0.000000 1996.012939 0.000000 0.004451 0.000000 -0.999990 1.000000 1.000000 1.000000
6281.458984 0.000000 2001.459229 0.000000 0.116822 0.000000 -0.993153 1.000000 1.000000 1.000000
6362.397461 0.000000 2007.831177 0.000000 0.187952 0.000000 -0.982178 1.000000 1.000000 1.000000
6356.787109 0.000000 2002.069702 0.000000 0.828125 0.000000 -0.560543 1.000000 1.000000 1.000000
6365.524414 0.000000 2003.857666 0.000000 0.745501 0.000000 -0.666505 1.000000 1.000000 1.000000
6358.541992 0.000000 2009.694092 0.000000 0.040814 0.000000 -0.999167 1.000000 1.000000 1.000000
6362.300293 0.000000 2004.648682 0.000000 0.662741 0.000000 -0.748849 1.000000 1.000000 1.000000
6365.068848 0.000000 2000.766846 0.000000 0.856298 0.000000 -0.516481 1.000000 1.000000 1.000000
6361.817383 0.000000 1987.267578 0.000000 0.813395 0.000000 -0.581712 1.000000 1.000000 1.000000
6367.763672 0.000000 2004.779053 0.000000 0.672698 0.000000 -0.739917 1.000000 1.000000 1.000000
6386.593750 0.000000 2017.320435 0.000000 0.442107 0.000000 -0.896962 1.000000 1.000000 1.000000
6389.139648 0.000000 2024.876831 0.000000 0.853659 0.000000 -0.520832 1.000000 1.000000 1.000000
6294.510742 0.000000 2043.279541 0.000000 0.645465 0.000000 -0.763790 1.000000 1.000000 1.000000
6278.851562 0.000000 2066.484131 0.000000 0.900025 0.000000 -0.435838 1.000000 1.000000 1.000000
6308.307617 0.000000 2065.541504 0.000000 0.751228 0.000000 -0.660043 1.000000 1.000000 1.000000
6305.469727 0.000000 2067.301270 0.000000 0.837834 0.000000 -0.545925 1.000000 1.000000 1.000000
6311.296875 0.000000 2045.779419 0.000000 0.512992 0.000000 -0.858393 1.000000 1.000000 1.000000
6309.857910 0.000000 2065.194092 0.000000 0.346505 0.000000 -0.938048 1.000000 1.000000 1.000000
6312.211426 0.000000 2069.346680 0.000000 0.018442 0.000000 -0.999830 1.000000 1.000000 1.000000
6299.432129 0.000000 2065.886475 0.000000 0.130600 0.000000 -0.991435 1.000000 1.000000 1.000000
6290.267090 0.000000 2032.211914 0.000000 0.858406 0.000000 -0.512971 1.000000 1.000000 1.000000
6294.463379 0.000000 2044.558472 0.000000 0.893246 0.000000 -0.449568 1.000000 1.000000 1.000000
6310.543457 0.000000 2042.314697 0.000000 0.072581 0.000000 -0.997362 1.000000 1.000000 1.000000
6339.444824 0.000000 2057.977051 0.000000 0.128383 0.000000 -0.991725 1.000000 1.000000 1.000000
6344.058105 0.000000 2065.892334 0.000000 0.425115 0.000000 -0.905139 1.000000 1.000000 1.000000
6416.285156 0.000000 2022.533447 0.000000 0.185993 0.000000 -0.982551 1.000000 1.000000 1.000000
6416.326172 0.000000 2026.633667 0.000000 0.048389 0.000000 -0.998829 1.000000 1.000000 1.000000
6410.464844 0.000000 2017.322876 0.000000 0.787727 0.000000 -0.616025 1.000000 1.000000 1.000000
6415.520020 0.000000 2016.745117 0.000000 0.707875 0.000000 -0.706338 1.000000 1.000000 1.000000
6522.268066 0.000000 2030.049805 0.000000 0.190078 0.000000 -0.981769 1.000000 1.000000 1.000000
6517.343750 0.000000 2012.651611 0.000000 0.160785 0.000000 -0.986989 1.000000 1.000000 1.000000
6517.041504 0.000000 2006.110229 0.000000 0.018344 0.000000 -0.999832 1.000000 1.000000 1.000000
6498.628418 0.000000 2000.226685 0.000000 0.887318 0.000000 -0.461157 1.000000 1.000000 1.000000
6490.576660 0.000000 2025.155640 0.000000 0.206235 0.000000 -0.978503 1.000000 1.000000 1.000000
6499.585938 0.000000 1998.644653 0.000000 0.837681 0.000000 -0.546161 1.000000 1.000000 1.000000
6495.242676 0.000000 2025.238403 0.000000 0.011423 0.000000 -0.999935 1.000000 1.000000 1.000000
6492.096680 0.000000 2026.814453 0.000000 0.155524 0.000000 -0.987832 1.000000 1.000000 1.000000
6497.546875 0.000000 1998.787354 0.000000 0.865803 0.000000 -0.500385 1.000000 1.000000 1.000000
6433.836914 0.000000 2037.637695 0.000000 0.235099 0.000000 -0.971972 1.000000 1.000000 1.000000
6415.733887 0.000000 2041.616333 0.000000 0.668176 0.000000 -0.744003 1.000000 1.000000 1.000000
6491.381836 0.000000 2076.122803 0.000000 0.591240 0.000000 -0.806496 1.000000 1.000000 1.000000
6464.229004 0.000000 2054.335205 0.000000 0.236336 0.000000 -0.971671 1.000000 1.000000 1.000000
6526.731445 0.000000 2066.665527 0.000000 0.842732 0.000000 -0.538333 1.000000 1.000000 1.000000
6473.723633 0.000000 2055.993896 0.000000 0.226994 0.000000 -0.973896 1.000000 1.000000 1.000000
6526.429688 0.000000 2033.272217 0.000000 0.374669 0.000000 -0.927159 1.000000 1.000000 1.000000
6473.712402 0.000000 2051.892578 0.000000 0.792340 0.000000 -0.610079 1.000000 1.000000 1.000000
6467.309082 0.000000 2053.800293 0.000000 0.709702 0.000000 -0.704502 1.000000 1.000000 1.000000
6527.572266 0.000000 2061.771484 0.000000 0.795377 0.000000 -0.606115 1.000000 1.000000 1.000000
6532.421875 0.000000 2051.766602 0.000000 0.417688 0.000000 -0.908590 1.000000 1.000000 1.000000
6528.190918 0.000000 2039.498413 0.000000 0.697987 0.000000 -0.716110 1.000000 1.000000 1.000000
6528.280273 0.000000 2032.313599 0.000000 0.564411 0.000000 -0.825494 1.000000 1.000000 1.000000
6530.688965 0.000000 2031.816772 0.000000 0.113936 0.000000 -0.993488 1.000000 1.000000 1.000000
6211.460449 0.000000 2105.219482 0.000000 0.894967 0.000000 -0.446132 1.000000 1.000000 1.000000
6222.137207 0.000000 2103.840576 0.000000 0.562420 0.000000 -0.826852 1.000000 1.000000 1.000000
6212.255371 0.000000 2111.773682 0.000000 0.111602 0.000000 -0.993753 1.000000 1.000000 1.000000
6230.316406 0.000000 2123.976562 0.000000 0.075991 0.000000 -0.997109 1.000000 1.000000 1.000000
6210.323242 0.000000 2104.603271 0.000000 0.738126 0.000000 -0.674663 1.000000 1.000000 1.000000
6212.282715 0.000000 2108.710938 0.000000 0.567986 0.000000 -0.823038 1.000000 1.000000 1.000000
6221.173340 0.000000 2104.435303 0.000000 0.289835 0.000000 -0.957077 1.000000 1.000000 1.000000
6172.241699 0.000000 2154.845947 0.000000 0.816688 0.000000 -0.577080 1.000000 1.000000 1.000000
6154.809082 0.000000 2173.049805 0.000000 0.773059 0.000000 -0.634334 1.000000 1.000000 1.000000
6173.105469 0.000000 2153.168701 0.000000 0.171960 0.000000 -0.985104 1.000000 1.000000 1.000000
6161.889648 0.000000 2151.072266 0.000000 0.900184 0.000000 -0.435510 1.000000 1.000000 1.000000
6231.006836 0.000000 2133.685547 0.000000 0.445271 0.000000 -0.895396 1.000000 1.000000 1.000000
6228.385254 0.000000 2131.522705 0.000000 0.562788 0.000000 -0.826601 1.000000 1.000000 1.000000
6228.543457 0.000000 2160.549805 0.000000 0.833667 0.000000 -0.552267 1.000000 1.000000 1.000000
6229.678711 0.000000 2163.114014 0.000000 0.847806 0.000000 -0.530306 1.000000 1.000000 1.000000
6300.910645 0.000000 2088.495850 0.000000 0.662549 0.000000 -0.749018 1.000000 1.000000 1.000000
6334.664062 0.000000 2117.350830 0.000000 0.689380 0.000000 -0.724400 1.000000 1.000000 1.000000
6323.952148 0.000000 2091.980713 0.000000 0.271845 0.000000 -0.962341 1.000000 1.000000 1.000000
6281.350098 0.000000 2117.905029 0.000000 0.184007 0.000000 -0.982925 1.000000 1.000000 1.000000
6316.377441 0.000000 2101.782715 0.000000 0.038766 0.000000 -0.999248 1.000000 1.000000 1.000000
6320.978516 0.000000 2116.448486 0.000000 0.594549 0.000000 -0.804060 1.000000 1.000000 1.000000
6322.700684 0.000000 2091.391113 0.000000 0.773465 0.000000 -0.633839 1.000000 1.000000 1.000000
6355.663086 0.000000 2082.541504 0.000000 0.055509 0.000000 -0.998458 1.000000 1.000000 1.000000
6335.326172 0.000000 2088.200439 0.000000 0.751365 0.000000 -0.659887 1.000000 1.000000 1.000000
6381.763184 0.000000 2080.899170 0.000000 0.652272 0.000000 -0.757985 1.000000 1.000000 1.000000
6335.268066 0.000000 2090.767090 0.000000 0.115597 0.000000 -0.993296 1.000000 1.000000 1.000000
6353.318848 0.000000 2084.063965 0.000000 0.634939 0.000000 -0.772562 1.000000 1.000000 1.000000
6362.975586 0.000000 2095.918945 0.000000 0.236540 0.000000 -0.971622 1.000000 1.000000 1.000000
6380.479492 0.000000 2083.501709 0.000000 0.787237 0.000000 -0.616650 1.000000 1.000000 1.000000
6340.564453 0.000000 2084.213867 0.000000 0.538119 0.000000 -0.842869 1.000000 1.000000 1.000000
6380.534668 0.000000 2080.659912 0.000000 0.893648 0.000000 -0.448768 1.000000 1.000000 1.000000
6328.677246 0.000000 2130.921143 0.000000 0.238634 0.000000 -0.971110 1.000000 1.000000 1.000000
6376.873047 0.000000 2138.847656 0.000000 0.165177 0.000000 -0.986264 1.000000 1.000000 1.000000
6364.218262 0.000000 2154.845947 0.000000 0.624702 0.000000 -0.780863 1.000000 1.000000 1.000000
6367.589355 0.000000 2133.994141 0.000000 0.486696 0.000000 -0.873572 1.000000 1.000000 1.000000
6365.606445 0.000000 2156.747314 0.000000 0.421599 0.000000 -0.906782 1.000000 1.000000 1.000000
6377.755371 0.000000 2136.738037 0.000000 0.537812 0.000000 -0.843065 1.000000 1.000000 1.000000
6350.327148 0.000000 2143.752686 0.000000 0.472353 0.000000 -0.881410 1.000000 1.000000 1.000000
6175.741211 0.000000 2187.901367 0.000000 0.313046 0.000000 -0.949738 1.000000 1.000000 1.000000
6147.288574 0.000000 2207.387207 0.000000 0.478787 0.000000 -0.877931 1.000000 1.000000 1.000000
6151.209473 0.000000 2193.322754 0.000000 0.860177 0.000000 -0.509996 1.000000 1.000000 1.000000
6167.014648 0.000000 2180.927734 0.000000 0.808651 0.000000 -0.588289 1.000000 1.000000 1.000000
6166.809570 0.000000 2211.044189 0.000000 0.846479 0.000000 -0.532423 1.000000 1.000000 1.000000
6174.489258 0.000000 2201.995605 0.000000 0.689306 0.000000 -0.724471 1.000000 1.000000 1.000000
6161.383301 0.000000 2209.122803 0.000000 0.453227 0.000000 -0.891395 1.000000 1.000000 1.000000
6234.232422 0.000000 2199.673096 0.000000 0.224289 0.000000 -0.974523 1.000000 1.000000 1.000000
6232.931641 0.000000 2198.210205 0.000000 0.089891 0.000000 -0.995952 1.000000 1.000000 1.000000
6258.163574 0.000000 2218.577393 0.000000 0.303648 0.000000 -0.952784 1.000000 1.000000 1.000000
6218.020508 0.000000 2180.121338 0.000000 0.682759 0.000000 -0.730644 1.000000 1.000000 1.000000
6265.895996 0.000000 2206.498779 0.000000 0.535526 0.000000 -0.844519 1.000000 1.000000 1.000000
6256.625488 0.000000 2218.089111 0.000000 0.677745 0.000000 -0.735297 1.000000 1.000000 1.000000
6219.073730 0.000000 2180.718750 0.000000 0.506633 0.000000 -0.862162 1.000000 1.000000 1.000000
6203.063477 0.000000 2257.427979 0.000000 0.402524 0.000000 -0.915410 1.000000 1.000000 1.000000
6252.910156 0.000000 2221.255859 0.000000 0.106109 0.000000 -0.994354 1.000000 1.000000 1.000000
6238.182129 0.000000 2266.372559 0.000000 0.683599 0.000000 -0.729858 1.000000 1.000000 1.000000
6254.232422 0.000000 2244.120361 0.000000 0.270125 0.000000 -0.962825 1.000000 1.000000 1.000000
6231.615723 0.000000 2251.716553 0.000000 0.300445 0.000000 -0.953799 1.000000 1.000000 1.000000
6267.970703 0.000000 2252.875977 0.000000 0.725919 0.000000 -0.687780 1.000000 1.000000 1.000000
6261.594727 0.000000 2255.925781 0.000000 0.549884 0.000000 -0.835241 1.000000 1.000000 1.000000
6230.839355 0.000000 2248.583496 0.000000 0.539113 0.000000 -0.842233 1.000000 1.000000 1.000000
6256.657227 0.000000 2226.463867 0.000000 0.769940 0.000000 -0.638116 1.000000 1.000000 1.000000
6264.270020 0.000000 2266.375488 0.000000 0.435910 0.000000 -0.899990 1.000000 1.000000 1.000000
6263.658691 0.000000 2236.474609 0.000000 0.218920 0.000000 -0.975743 1.000000 1.000000 1.000000
6265.214355 0.000000 2267.460449 0.000000 0.644841 0.000000 -0.764317 1.000000 1.000000 1.000000
6262.708984 0.000000 2246.856445 0.000000 0.709324 0.000000 -0.704883 1.000000 1.000000 1.000000
6253.490723 0.000000 2243.017822 0.000000 0.357047 0.000000 -0.934086 1.000000 1.000000 1.000000
6297.002441 0.000000 2178.703125 0.000000 0.615186 0.000000 -0.788382 1.000000 1.000000 1.000000
6296.164062 0.000000 2215.444824 0.000000 0.019868 0.000000 -0.999803 1.000000 1.000000 1.000000
6297.326660 0.000000 2185.157471 0.000000 0.807344 0.000000 -0.590080 1.000000 1.000000 1.000000
6315.000000 0.000000 2193.258301 0.000000 0.892559 0.000000 -0.450930 1.000000 1.000000 1.000000
6297.218750 0.000000 2187.772461 0.000000 0.068705 0.000000 -0.997637 1.000000 1.000000 1.000000
6301.526367 0.000000 2216.926758 0.000000 0.849777 0.000000 -0.527143 1.000000 1.000000 1.000000
6319.529297 0.000000 2201.000977 0.000000 0.400366 0.000000 -0.916355 1.000000 1.000000 1.000000
6299.004883 0.000000 2189.008545 0.000000 0.653600 0.000000 -0.756841 1.000000 1.000000 1.000000
6311.565918 0.000000 2207.126465 0.000000 0.531905 0.000000 -0.846804 1.000000 1.000000 1.000000
6316.063965 0.000000 2200.417725 0.000000 0.440935 0.000000 -0.897539 1.000000 1.000000 1.000000
6296.382812 0.000000 2189.219238 0.000000 0.470546 0.000000 -0.882376 1.000000 1.000000 1.000000
6295.494629 0.000000 2179.340576 0.000000 0.141358 0.000000 -0.989959 1.000000 1.000000 1.000000
6318.570312 0.000000 2176.457275 0.000000 0.709907 0.000000 -0.704296 1.000000 1.000000 1.000000
6311.415527 0.000000 2204.553711 0.000000 0.144063 0.000000 -0.989568 1.000000 1.000000 1.000000
6311.408691 0.000000 2205.856445 0.000000 0.788694 0.000000 -0.614786 1.000000 1.000000 1.000000
6387.729004 0.000000 2207.938965 0.000000 0.647410 0.000000 -0.762142 1.000000 1.000000 1.000000
6384.460938 0.000000 2206.870850 0.000000 0.405061 0.000000 -0.914289 1.000000 1.000000 1.000000
6344.361816 0.000000 2187.862793 0.000000 0.801775 0.000000 -0.597626 1.000000 1.000000 1.000000
6384.183105 0.000000 2198.487549 0.000000 0.384090 0.000000 -0.923295 1.000000 1.000000 1.000000
6383.521484 0.000000 2201.000977 0.000000 0.355245 0.000000 -0.934773 1.000000 1.000000 1.000000
6386.593750 0.000000 2206.289307 0.000000 0.659211 0.000000 -0.751958 1.000000 1.000000 1.000000
6354.781250 0.000000 2181.289062 0.000000 0.549413 0.000000 -0.835551 1.000000 1.000000 1.000000
6385.841309 0.000000 2207.984619 0.000000 0.674943 0.000000 -0.737870 1.000000 1.000000 1.000000
6358.719238 0.000000 2195.797363 0.000000 0.597252 0.000000 -0.802054 1.000000 1.000000 1.000000
6383.364258 0.000000 2199.601807 0.000000 0.509707 0.000000 -0.860348 1.000000 1.000000 1.000000
6345.510742 0.000000 2194.895996 0.000000 0.741601 0.000000 -0.670841 1.000000 1.000000 1.000000
6294.510742 0.000000 2232.248535 0.000000 0.095877 0.000000 -0.995393 1.000000 1.000000 1.000000
6333.718262 0.000000 2244.369385 0.000000 0.490141 0.000000 -0.871643 1.000000 1.000000 1.000000
6282.480469 0.000000 2253.533936 0.000000 0.793307 0.000000 -0.608821 1.000000 1.000000 1.000000
6297.326660 0.000000 2232.399658 0.000000 0.843360 0.000000 -0.537348 1.000000 1.000000 1.000000
6284.968750 0.000000 2254.052490 0.000000 0.152065 0.000000 -0.988370 1.000000 1.000000 1.000000
6312.145996 0.000000 2220.417969 0.000000 0.846842 0.000000 -0.531844 1.000000 1.000000 1.000000
6310.414551 0.000000 2237.915527 0.000000 0.801356 0.000000 -0.598187 1.000000 1.000000 1.000000
6285.787109 0.000000 2247.173584 0.000000 0.844081 0.000000 -0.536215 1.000000 1.000000 1.000000
6283.915039 0.000000 2252.046875 0.000000 0.742151 0.000000 -0.670232 1.000000 1.000000 1.000000
6286.129395 0.000000 2245.567139 0.000000 0.035205 0.000000 -0.999380 1.000000 1.000000 1.000000
6273.885254 0.000000 2243.458984 0.000000 0.248999 0.000000 -0.968504 1.000000 1.000000 1.000000
6327.396484 0.000000 2255.116943 0.000000 0.329781 0.000000 -0.944058 1.000000 1.000000 1.000000
6295.562012 0.000000 2229.334473 0.000000 0.840084 0.000000 -0.542456 1.000000 1.000000 1.000000
6338.163086 0.000000 2259.453125 0.000000 0.429833 0.000000 -0.902908 1.000000 1.000000 1.000000
6367.589355 0.000000 2228.478516 0.000000 0.163314 0.000000 -0.986574 1.000000 1.000000 1.000000
6367.974121 0.000000 2222.693359 0.000000 0.057897 0.000000 -0.998323 1.000000 1.000000 1.000000
6365.082031 0.000000 2247.653076 0.000000 0.705591 0.000000 -0.708620 1.000000 1.000000 1.000000
6384.641602 0.000000 2226.463867 0.000000 0.376116 0.000000 -0.926573 1.000000 1.000000 1.000000
6366.718750 0.000000 2229.950195 0.000000 0.288295 0.000000 -0.957542 1.000000 1.000000 1.000000
6363.134277 0.000000 2245.498535 0.000000 0.398543 0.000000 -0.917150 1.000000 1.000000 1.000000
6337.632812 0.000000 2230.577148 0.000000 0.148007 0.000000 -0.988986 1.000000 1.000000 1.000000
6339.421875 0.000000 2259.900146 0.000000 0.874835 0.000000 -0.484420 1.000000 1.000000 1.000000
6384.317383 0.000000 2227.744629 0.000000 0.223388 0.000000 -0.974730 1.000000 1.000000 1.000000
6358.380371 0.000000 2221.713379 0.000000 0.210911 0.000000 -0.977505 1.000000 1.000000 1.000000
6374.416504 0.000000 2241.223877 0.000000 0.821951 0.000000 -0.569558 1.000000 1.000000 1.000000
6496.998047 0.000000 2118.658447 0.000000 0.181672 0.000000 -0.983359 1.000000 1.000000 1.000000
6516.857422 0.000000 2081.927734 0.000000 0.823575 0.000000 -0.567208 1.000000 1.000000 1.000000
6493.346191 0.000000 2115.966553 0.000000 0.720087 0.000000 -0.693883 1.000000 1.000000 1.000000
6468.429688 0.000000 2099.008789 0.000000 0.896016 0.000000 -0.444021 1.000000 1.000000 1.000000
6487.610840 0.000000 2080.432861 0.000000 0.730512 0.000000 -0.682900 1.000000 1.000000 1.000000
6470.828125 0.000000 2113.726318 0.000000 0.110971 0.000000 -0.993824 1.000000 1.000000 1.000000
6486.487305 0.000000 2137.764160 0.000000 0.662626 0.000000 -0.748950 1.000000 1.000000 1.000000
6518.902832 0.000000 2133.299072 0.000000 0.583032 0.000000 -0.812449 1.000000 1.000000 1.000000
6468.429688 0.000000 2146.250977 0.000000 0.217948 0.000000 -0.975960 1.000000 1.000000 1.000000
6475.252930 0.000000 2132.203125 0.000000 0.441341 0.000000 -0.897340 1.000000 1.000000 1.000000
6492.540527 0.000000 2132.064453 0.000000 0.528944 0.000000 -0.848657 1.000000 1.000000 1.000000
6499.174316 0.000000 2128.505127 0.000000 0.520983 0.000000 -0.853567 1.000000 1.000000 1.000000
6465.656738 0.000000 2146.514893 0.000000 0.491858 0.000000 -0.870676 1.000000 1.000000 1.000000
6467.321777 0.000000 2143.702393 0.000000 0.759144 0.000000 -0.650923 1.000000 1.000000 1.000000
6541.018555 0.000000 2125.587158 0.000000 0.805599 0.000000 -0.592461 1.000000 1.000000 1.000000
6538.762207 0.000000 2125.807617 0.000000 0.243155 0.000000 -0.969987 1.000000 1.000000 1.000000
6549.367188 0.000000 2125.036133 0.000000 0.816302 0.000000 -0.577625 1.000000 1.000000 1.000000
6621.493164 0.000000 2098.342285 0.000000 0.332463 0.000000 -0.943116 1.000000 1.000000 1.000000
6616.493652 0.000000 2112.324219 0.000000 0.228109 0.000000 -0.973636 1.000000 1.000000 1.000000
6634.499512 0.000000 2094.647949 0.000000 0.806256 0.000000 -0.591567 1.000000 1.000000 1.000000
6623.732422 0.000000 2099.263672 0.000000 0.603855 0.000000 -0.797094 1.000000 1.000000 1.000000
6641.615234 0.000000 2086.494385 0.000000 0.449957 0.000000 -0.893050 1.000000 1.000000 1.000000
6643.453125 0.000000 2083.137207 0.000000 0.309553 0.000000 -0.950882 1.000000 1.000000 1.000000
6626.555664 0.000000 2096.471191 0.000000 0.705462 0.000000 -0.708748 1.000000 1.000000 1.000000
6620.506836 0.000000 2102.322021 0.000000 0.576615 0.000000 -0.817016 1.000000 1.000000 1.000000
6612.012207 0.000000 2107.500488 0.000000 0.787913 0.000000 -0.615787 1.000000 1.000000 1.000000
6619.103027 0.000000 2103.771973 0.000000 0.143772 0.000000 -0.989611 1.000000 1.000000 1.000000
6574.545410 0.000000 2144.962158 0.000000 0.503719 0.000000 -0.863868 1.000000 1.000000 1.000000
6570.686035 0.000000 2166.821533 0.000000 0.694882 0.000000 -0.719124 1.000000 1.000000 1.000000
6450.481934 0.000000 2179.064697 0.000000 0.067432 0.000000 -0.997724 1.000000 1.000000 1.000000
6452.870605 0.000000 2179.194824 0.000000 0.563417 0.000000 -0.826173 1.000000 1.000000 1.000000
6489.425781 0.000000 2190.548096 0.000000 0.481724 0.000000 -0.876323 1.000000 1.000000 1.000000
6499.087402 0.000000 2210.356689 0.000000 0.720324 0.000000 -0.693637 1.000000 1.000000 1.000000
6473.712402 0.000000 2193.619141 0.000000 0.785836 0.000000 -0.618436 1.000000 1.000000 1.000000
6520.292480 0.000000 2193.604248 0.000000 0.664942 0.000000 -0.746895 1.000000 1.000000 1.000000
6499.585938 0.000000 2187.613525 0.000000 0.681917 0.000000 -0.731430 1.000000 1.000000 1.000000
6500.409668 0.000000 2186.003418 0.000000 0.215946 0.000000 -0.976405 1.000000 1.000000 1.000000
6582.744629 0.000000 2192.143555 0.000000 0.435431 0.000000 -0.900222 1.000000 1.000000 1.000000
6550.866699 0.000000 2188.380371 0.000000 0.461222 0.000000 -0.887285 1.000000 1.000000 1.000000
6570.708496 0.000000 2196.958984 0.000000 0.058295 0.000000 -0.998299 1.000000 1.000000 1.000000
6574.304688 0.000000 2206.292725 0.000000 0.122941 0.000000 -0.992414 1.000000 1.000000 1.000000
6548.485840 0.000000 2185.675049 0.000000 0.513813 0.000000 -0.857902 1.000000 1.000000 1.000000
6551.836914 0.000000 2184.889160 0.000000 0.745942 0.000000 -0.666010 1.000000 1.000000 1.000000
6653.275391 0.000000 2216.724121 0.000000 0.778693 0.000000 -0.627406 1.000000 1.000000 1.000000
6644.528809 0.000000 2217.211426 0.000000 0.810334 0.000000 -0.585968 1.000000 1.000000 1.000000
6527.502930 0.000000 2224.437256 0.000000 0.522872 0.000000 -0.852411 1.000000 1.000000 1.000000
6561.585938 0.000000 2254.455566 0.000000 0.628952 0.000000 -0.777444 1.000000 1.000000 1.000000
6586.036621 0.000000 2247.085205 0.000000 0.775928 0.000000 -0.630822 1.000000 1.000000 1.000000
6558.728027 0.000000 2255.120117 0.000000 0.864585 0.000000 -0.502487 1.000000 1.000000 1.000000
6588.225586 0.000000 2246.379150 0.000000 0.134080 0.000000 -0.990971 1.000000 1.000000 1.000000
6536.239258 0.000000 2249.527344 0.000000 0.097526 0.000000 -0.995233 1.000000 1.000000 1.000000
6537.936523 0.000000 2248.899414 0.000000 0.432326 0.000000 -0.901717 1.000000 1.000000 1.000000
6569.433105 0.000000 2262.400146 0.000000 0.572942 0.000000 -0.819596 1.000000 1.000000 1.000000
6652.573730 0.000000 2220.585693 0.000000 0.448186 0.000000 -0.893940 1.000000 1.000000 1.000000
6628.184082 0.000000 2249.611328 0.000000 0.284572 0.000000 -0.958655 1.000000 1.000000 1.000000
6642.458496 0.000000 2226.306885 0.000000 0.180808 0.000000 -0.983518 1.000000 1.000000 1.000000
6634.700684 0.000000 2244.201172 0.000000 0.734923 0.000000 -0.678151 1.000000 1.000000 1.000000
6718.617676 0.000000 2142.207275 0.000000 0.601543 0.000000 -0.798840 1.000000 1.000000 1.000000
6714.244629 0.000000 2219.018799 0.000000 0.530432 0.000000 -0.847727 1.000000 1.000000 1.000000
6726.831543 0.000000 2185.156250 0.000000 0.886528 0.000000 -0.462675 1.000000 1.000000 1.000000
6719.279297 0.000000 2182.684814 0.000000 0.222793 0.000000 -0.974866 1.000000 1.000000 1.000000
6713.535156 0.000000 2224.022461 0.000000 0.827697 0.000000 -0.561175 1.000000 1.000000 1.000000
6709.031250 0.000000 2252.037109 0.000000 0.204494 0.000000 -0.978868 1.000000 1.000000 1.000000
6716.406738 0.000000 2229.745850 0.000000 0.361357 0.000000 -0.932428 1.000000 1.000000 1.000000
6797.951660 0.000000 2251.656006 0.000000 0.609238 0.000000 -0.792987 1.000000 1.000000 1.000000
6790.789062 0.000000 2255.452881 0.000000 0.851185 0.000000 -0.524866 1.000000 1.000000 1.000000
6792.090820 0.000000 2253.553711 0.000000 0.702681 0.000000 -0.711505 1.000000 1.000000 1.000000
6787.390137 0.000000 2246.946045 0.000000 0.403093 0.000000 -0.915159 1.000000 1.000000 1.000000
6785.967285 0.000000 2247.737793 0.000000 0.786456 0.000000 -0.617647 1.000000 1.000000 1.000000
6812.111328 0.000000 2261.437744 0.000000 0.672931 0.000000 -0.739705 1.000000 1.000000 1.000000
6159.224121 0.000000 2269.352539 0.000000 0.177949 0.000000 -0.984040 1.000000 1.000000 1.000000
6163.686523 0.000000 2271.510254 0.000000 0.046600 0.000000 -0.998914 1.000000 1.000000 1.000000
6150.362305 0.000000 2270.526367 0.000000 0.025373 0.000000 -0.999678 1.000000 1.000000 1.000000
6169.234375 0.000000 2282.256836 0.000000 0.683291 0.000000 -0.730146 1.000000 1.000000 1.000000
6233.010254 0.000000 2273.187500 0.000000 0.479768 0.000000 -0.877395 1.000000 1.000000 1.000000
6268.174316 0.000000 2307.577148 0.000000 0.621356 0.000000 -0.783528 1.000000 1.000000 1.000000
6231.162598 0.000000 2288.881592 0.000000 0.662562 0.000000 -0.749007 1.000000 1.000000 1.000000
6231.877930 0.000000 2291.171387 0.000000 0.489979 0.000000 -0.871734 1.000000 1.000000 1.000000
6239.779297 0.000000 2288.232422 0.000000 0.394884 0.000000 -0.918731 1.000000 1.000000 1.000000
6229.425293 0.000000 2290.935547 0.000000 0.776952 0.000000 -0.629560 1.000000 1.000000 1.000000
6234.876465 0.000000 2272.467285 0.000000 0.858324 0.000000 -0.513109 1.000000 1.000000 1.000000
6241.900391 0.000000 2287.610107 0.000000 0.833530 0.000000 -0.552474 1.000000 1.000000 1.000000
6233.641602 0.000000 2274.848389 0.000000 0.807527 0.000000 -0.589830 1.000000 1.000000 1.000000
6230.982422 0.000000 2304.086914 0.000000 0.458183 0.000000 -0.888858 1.000000 1.000000 1.000000
6232.403809 0.000000 2275.472412 0.000000 0.581672 0.000000 -0.813423 1.000000 1.000000 1.000000
6235.136230 0.000000 2270.303223 0.000000 0.151575 0.000000 -0.988446 1.000000 1.000000 1.000000
6265.081543 0.000000 2267.744873 0.000000 0.637471 0.000000 -0.770474 1.000000 1.000000 1.000000
6229.678711 0.000000 2304.840576 0.000000 0.771032 0.000000 -0.636797 1.000000 1.000000 1.000000
6241.009277 0.000000 2288.537842 0.000000 0.712412 0.000000 -0.701762 1.000000 1.000000 1.000000
6160.787109 0.000000 2326.655029 0.000000 0.411670 0.000000 -0.911333 1.000000 1.000000 1.000000
6161.217773 0.000000 2323.810059 0.000000 0.737282 0.000000 -0.675585 1.000000 1.000000 1.000000
6167.623535 0.000000 2346.200928 0.000000 0.644883 0.000000 -0.764281 1.000000 1.000000 1.000000
6161.141602 0.000000 2314.920410 0.000000 0.339861 0.000000 -0.940476 1.000000 1.000000 1.000000
6157.610352 0.000000 2344.167480 0.000000 0.276660 0.000000 -0.960968 1.000000 1.000000 1.000000
6161.821777 0.000000 2325.322754 0.000000 0.646841 0.000000 -0.762625 1.000000 1.000000 1.000000
6208.521484 0.000000 2332.702148 0.000000 0.063703 0.000000 -0.997969 1.000000 1.000000 1.000000
6208.413574 0.000000 2341.684326 0.000000 0.212021 0.000000 -0.977265 1.000000 1.000000 1.000000
6213.798828 0.000000 2342.268311 0.000000 0.021304 0.000000 -0.999773 1.000000 1.000000 1.000000
6218.057129 0.000000 2323.253662 0.000000 0.135602 0.000000 -0.990763 1.000000 1.000000 1.000000
6297.002441 0.000000 2273.187500 0.000000 0.835933 0.000000 -0.548832 1.000000 1.000000 1.000000
6297.326660 0.000000 2279.641846 0.000000 0.392148 0.000000 -0.919902 1.000000 1.000000 1.000000
6295.686035 0.000000 2281.090088 0.000000 0.690167 0.000000 -0.723650 1.000000 1.000000 1.000000
6301.620117 0.000000 2272.200195 0.000000 0.743769 0.000000 -0.668437 1.000000 1.000000 1.000000
6274.453125 0.000000 2311.709961 0.000000 0.652157 0.000000 -0.758084 1.000000 1.000000 1.000000
6331.414551 0.000000 2286.444336 0.000000 0.258515 0.000000 -0.966007 1.000000 1.000000 1.000000
6331.371582 0.000000 2294.541992 0.000000 0.151888 0.000000 -0.988398 1.000000 1.000000 1.000000
6361.817383 0.000000 2270.720947 0.000000 0.091210 0.000000 -0.995832 1.000000 1.000000 1.000000
6338.393555 0.000000 2304.534180 0.000000 0.380568 0.000000 -0.924753 1.000000 1.000000 1.000000
6354.781250 0.000000 2275.773438 0.000000 0.756432 0.000000 -0.654072 1.000000 1.000000 1.000000
6336.932129 0.000000 2281.758545 0.000000 0.897863 0.000000 -0.440275 1.000000 1.000000 1.000000
6337.412598 0.000000 2279.273438 0.000000 0.132758 0.000000 -0.991148 1.000000 1.000000 1.000000
6195.752441 0.000000 2396.907715 0.000000 0.443147 0.000000 -0.896449 1.000000 1.000000 1.000000
6188.385254 0.000000 2394.291992 0.000000 0.064775 0.000000 -0.997900 1.000000 1.000000 1.000000
6166.809570 0.000000 2400.012939 0.000000 0.623305 0.000000 -0.781979 1.000000 1.000000 1.000000
6183.783203 0.000000 2373.231201 0.000000 0.715882 0.000000 -0.698221 1.000000 1.000000 1.000000
6212.922852 0.000000 2386.920410 0.000000 0.897170 0.000000 -0.441685 1.000000 1.000000 1.000000
6167.623535 0.000000 2440.685303 0.000000 0.103747 0.000000 -0.994604 1.000000 1.000000 1.000000
6166.457520 0.000000 2453.315674 0.000000 0.122833 0.000000 -0.992427 1.000000 1.000000 1.000000
6157.907715 0.000000 2424.899902 0.000000 0.044519 0.000000 -0.999009 1.000000 1.000000 1.000000
6359.448242 0.000000 2408.294678 0.000000 0.759856 0.000000 -0.650092 1.000000 1.000000 1.000000
6357.390625 0.000000 2408.489258 0.000000 0.824099 0.000000 -0.566446 1.000000 1.000000 1.000000
6357.736328 0.000000 2393.713379 0.000000 0.237222 0.000000 -0.971455 1.000000 1.000000 1.000000
6332.912109 0.000000 2424.071045 0.000000 0.700566 0.000000 -0.713588 1.000000 1.000000 1.000000
6334.664551 0.000000 2425.660400 0.000000 0.710502 0.000000 -0.703696 1.000000 1.000000 1.000000
6334.728516 0.000000 2409.526123 0.000000 0.810773 0.000000 -0.585360 1.000000 1.000000 1.000000
6369.609375 0.000000 2443.424316 0.000000 0.868146 0.000000 -0.496309 1.000000 1.000000 1.000000
6366.214355 0.000000 2432.585205 0.000000 0.164679 0.000000 -0.986347 1.000000 1.000000 1.000000
6340.527832 0.000000 2422.212891 0.000000 0.462171 0.000000 -0.886791 1.000000 1.000000 1.000000
6363.870117 0.000000 2440.161133 0.000000 0.127667 0.000000 -0.991817 1.000000 1.000000 1.000000
6359.050293 0.000000 2439.202148 0.000000 0.521936 0.000000 -0.852984 1.000000 1.000000 1.000000
6461.880371 0.000000 2288.216064 0.000000 0.400298 0.000000 -0.916385 1.000000 1.000000 1.000000
6461.004883 0.000000 2306.129150 0.000000 0.156031 0.000000 -0.987752 1.000000 1.000000 1.000000
6461.772461 0.000000 2307.549805 0.000000 0.873709 0.000000 -0.486448 1.000000 1.000000 1.000000
6480.277344 0.000000 2305.986572 0.000000 0.382435 0.000000 -0.923982 1.000000 1.000000 1.000000
6503.629395 0.000000 2292.269775 0.000000 0.815247 0.000000 -0.579114 1.000000 1.000000 1.000000
6501.447266 0.000000 2281.934082 0.000000 0.506402 0.000000 -0.862298 1.000000 1.000000 1.000000
6502.325684 0.000000 2299.758545 0.000000 0.073179 0.000000 -0.997319 1.000000 1.000000 1.000000
6500.284180 0.000000 2301.752441 0.000000 0.670943 0.000000 -0.741508 1.000000 1.000000 1.000000
6491.260742 0.000000 2306.082764 0.000000 0.407297 0.000000 -0.913296 1.000000 1.000000 1.000000
6503.326660 0.000000 2297.821777 0.000000 0.247377 0.000000 -0.968919 1.000000 1.000000 1.000000
6500.464844 0.000000 2303.603516 0.000000 0.650424 0.000000 -0.759572 1.000000 1.000000 1.000000
6461.298828 0.000000 2358.450684 0.000000 0.390766 0.000000 -0.920490 1.000000 1.000000 1.000000
6456.913574 0.000000 2354.014404 0.000000 0.444542 0.000000 -0.895758 1.000000 1.000000 1.000000
6459.435547 0.000000 2358.866211 0.000000 0.188310 0.000000 -0.982110 1.000000 1.000000 1.000000
6582.113281 0.000000 2279.578613 0.000000 0.351642 0.000000 -0.936134 1.000000 1.000000 1.000000
6628.184082 0.000000 2296.853516 0.000000 0.698141 0.000000 -0.715960 1.000000 1.000000 1.000000
6611.025879 0.000000 2290.873779 0.000000 0.493957 0.000000 -0.869486 1.000000 1.000000 1.000000
6612.755859 0.000000 2285.522949 0.000000 0.270281 0.000000 -0.962782 1.000000 1.000000 1.000000
6615.115723 0.000000 2288.881592 0.000000 0.849067 0.000000 -0.528284 1.000000 1.000000 1.000000
6614.510742 0.000000 2293.147217 0.000000 0.228218 0.000000 -0.973610 1.000000 1.000000 1.000000
6629.641602 0.000000 2289.432861 0.000000 0.378919 0.000000 -0.925430 1.000000 1.000000 1.000000
6629.228516 0.000000 2278.648926 0.000000 0.404397 0.000000 -0.914584 1.000000 1.000000 1.000000
6631.158691 0.000000 2295.773193 0.000000 0.744671 0.000000 -0.667432 1.000000 1.000000 1.000000
6633.016113 0.000000 2289.319336 0.000000 0.537628 0.000000 -0.843182 1.000000 1.000000 1.000000
6631.238281 0.000000 2313.026855 0.000000 0.721047 0.000000 -0.692886 1.000000 1.000000 1.000000
6636.338379 0.000000 2290.751465 0.000000 0.746140 0.000000 -0.665789 1.000000 1.000000 1.000000
6582.113281 0.000000 2326.820801 0.000000 0.728729 0.000000 -0.684802 1.000000 1.000000 1.000000
6587.685547 0.000000 2322.759277 0.000000 0.848182 0.000000 -0.529704 1.000000 1.000000 1.000000
6582.688477 0.000000 2356.488281 0.000000 0.654652 0.000000 -0.755930 1.000000 1.000000 1.000000
6577.747070 0.000000 2342.108643 0.000000 0.559580 0.000000 -0.828776 1.000000 1.000000 1.000000
6587.931641 0.000000 2347.360352 0.000000 0.773512 0.000000 -0.633782 1.000000 1.000000 1.000000
6587.133789 0.000000 2318.761963 0.000000 0.803605 0.000000 -0.595163 1.000000 1.000000 1.000000
6586.072266 0.000000 2319.857910 0.000000 0.067758 0.000000 -0.997702 1.000000 1.000000 1.000000
6646.105469 0.000000 2326.820801 0.000000 0.557466 0.000000 -0.830200 1.000000 1.000000 1.000000
6591.564453 0.000000 2345.224609 0.000000 0.654517 0.000000 -0.756047 1.000000 1.000000 1.000000
6607.795410 0.000000 2331.992676 0.000000 0.198286 0.000000 -0.980144 1.000000 1.000000 1.000000
6596.414062 0.000000 2335.219727 0.000000 0.630096 0.000000 -0.776517 1.000000 1.000000 1.000000
6603.042480 0.000000 2318.612305 0.000000 0.698504 0.000000 -0.715606 1.000000 1.000000 1.000000
6603.631348 0.000000 2327.064941 0.000000 0.577764 0.000000 -0.816204 1.000000 1.000000 1.000000
6604.308105 0.000000 2317.269775 0.000000 0.762924 0.000000 -0.646489 1.000000 1.000000 1.000000
6452.012207 0.000000 2385.599121 0.000000 0.836352 0.000000 -0.548192 1.000000 1.000000 1.000000
6454.486328 0.000000 2382.933105 0.000000 0.670994 0.000000 -0.741463 1.000000 1.000000 1.000000
6522.268066 0.000000 2407.987549 0.000000 0.891512 0.000000 -0.452996 1.000000 1.000000 1.000000
6508.878906 0.000000 2362.982422 0.000000 0.288642 0.000000 -0.957437 1.000000 1.000000 1.000000
6524.444824 0.000000 2379.707275 0.000000 0.646035 0.000000 -0.763308 1.000000 1.000000 1.000000
6468.891602 0.000000 2386.920410 0.000000 0.823247 0.000000 -0.567684 1.000000 1.000000 1.000000
6509.013184 0.000000 2383.573486 0.000000 0.408865 0.000000 -0.912595 1.000000 1.000000 1.000000
6518.902832 0.000000 2369.510010 0.000000 0.069923 0.000000 -0.997552 1.000000 1.000000 1.000000
6469.767578 0.000000 2389.510498 0.000000 0.776499 0.000000 -0.630118 1.000000 1.000000 1.000000
6505.462891 0.000000 2382.357178 0.000000 0.708760 0.000000 -0.705450 1.000000 1.000000 1.000000
6458.275879 0.000000 2455.229736 0.000000 0.389199 0.000000 -0.921154 1.000000 1.000000 1.000000
6454.704102 0.000000 2450.972656 0.000000 0.376696 0.000000 -0.926337 1.000000 1.000000 1.000000
6441.354980 0.000000 2411.638916 0.000000 0.225228 0.000000 -0.974306 1.000000 1.000000 1.000000
6426.292480 0.000000 2429.828613 0.000000 0.619102 0.000000 -0.785310 1.000000 1.000000 1.000000
6426.208984 0.000000 2435.884033 0.000000 0.840077 0.000000 -0.542467 1.000000 1.000000 1.000000
6438.398926 0.000000 2426.884277 0.000000 0.819643 0.000000 -0.572875 1.000000 1.000000 1.000000
6441.747559 0.000000 2420.191162 0.000000 0.009707 0.000000 -0.999953 1.000000 1.000000 1.000000
6438.284180 0.000000 2425.163818 0.000000 0.049118 0.000000 -0.998793 1.000000 1.000000 1.000000
6521.046387 0.000000 2425.757568 0.000000 0.109800 0.000000 -0.993954 1.000000 1.000000 1.000000
6469.715820 0.000000 2426.619629 0.000000 0.385819 0.000000 -0.922574 1.000000 1.000000 1.000000
6509.976074 0.000000 2438.045898 0.000000 0.873800 0.000000 -0.486286 1.000000 1.000000 1.000000
6488.016113 0.000000 2426.813965 0.000000 0.864200 0.000000 -0.503148 1.000000 1.000000 1.000000
6568.601562 0.000000 2381.118896 0.000000 0.890658 0.000000 -0.454673 1.000000 1.000000 1.000000
6543.803223 0.000000 2379.234863 0.000000 0.611222 0.000000 -0.791460 1.000000 1.000000 1.000000
6547.033691 0.000000 2385.358154 0.000000 0.790543 0.000000 -0.612407 1.000000 1.000000 1.000000
6534.023926 0.000000 2405.871338 0.000000 0.711720 0.000000 -0.702463 1.000000 1.000000 1.000000
6541.018555 0.000000 2409.040283 0.000000 0.702321 0.000000 -0.711860 1.000000 1.000000 1.000000
6535.313477 0.000000 2386.972412 0.000000 0.884015 0.000000 -0.467458 1.000000 1.000000 1.000000
6587.598145 0.000000 2382.567627 0.000000 0.865278 0.000000 -0.501293 1.000000 1.000000 1.000000
6608.261719 0.000000 2400.470947 0.000000 0.603965 0.000000 -0.797011 1.000000 1.000000 1.000000
6652.127441 0.000000 2402.061523 0.000000 0.690155 0.000000 -0.723662 1.000000 1.000000 1.000000
6633.851074 0.000000 2392.579102 0.000000 0.795047 0.000000 -0.606548 1.000000 1.000000 1.000000
6626.332031 0.000000 2371.800537 0.000000 0.818428 0.000000 -0.574610 1.000000 1.000000 1.000000
6613.453613 0.000000 2391.827881 0.000000 0.891782 0.000000 -0.452464 1.000000 1.000000 1.000000
6636.330566 0.000000 2394.291992 0.000000 0.397213 0.000000 -0.917726 1.000000 1.000000 1.000000
6625.813477 0.000000 2368.333252 0.000000 0.588138 0.000000 -0.808761 1.000000 1.000000 1.000000
6594.681152 0.000000 2362.512207 0.000000 0.548567 0.000000 -0.836106 1.000000 1.000000 1.000000
6644.023926 0.000000 2399.105957 0.000000 0.181505 0.000000 -0.983390 1.000000 1.000000 1.000000
6643.171387 0.000000 2390.924072 0.000000 0.463426 0.000000 -0.886136 1.000000 1.000000 1.000000
6646.009277 0.000000 2392.547852 0.000000 0.754262 0.000000 -0.656574 1.000000 1.000000 1.000000
6644.816406 0.000000 2407.740479 0.000000 0.597178 0.000000 -0.802109 1.000000 1.000000 1.000000
6653.170898 0.000000 2397.906006 0.000000 0.028327 0.000000 -0.999599 1.000000 1.000000 1.000000
6646.247070 0.000000 2365.615479 0.000000 0.742015 0.000000 -0.670383 1.000000 1.000000 1.000000
6547.462891 0.000000 2409.466553 0.000000 0.130851 0.000000 -0.991402 1.000000 1.000000 1.000000
6564.191895 0.000000 2438.580078 0.000000 0.484925 0.000000 -0.874556 1.000000 1.000000 1.000000
6556.440430 0.000000 2442.179443 0.000000 0.014936 0.000000 -0.999888 1.000000 1.000000 1.000000
6541.982910 0.000000 2440.624756 0.000000 0.510944 0.000000 -0.859614 1.000000 1.000000 1.000000
6528.221191 0.000000 2432.272949 0.000000 0.111277 0.000000 -0.993789 1.000000 1.000000 1.000000
6536.403320 0.000000 2431.827881 0.000000 0.597347 0.000000 -0.801983 1.000000 1.000000 1.000000
6574.863281 0.000000 2439.491699 0.000000 0.028149 0.000000 -0.999604 1.000000 1.000000 1.000000
6555.180664 0.000000 2417.492920 0.000000 0.445700 0.000000 -0.895182 1.000000 1.000000 1.000000
6538.762207 0.000000 2456.502930 0.000000 0.896423 0.000000 -0.443199 1.000000 1.000000 1.000000
6539.483887 0.000000 2451.321289 0.000000 0.664389 0.000000 -0.747387 1.000000 1.000000 1.000000
6536.035645 0.000000 2453.251221 0.000000 0.789947 0.000000 -0.613176 1.000000 1.000000 1.000000
6575.444336 0.000000 2453.680420 0.000000 0.411930 0.000000 -0.911216 1.000000 1.000000 1.000000
6577.745605 0.000000 2449.690430 0.000000 0.440713 0.000000 -0.897648 1.000000 1.000000 1.000000
6577.749023 0.000000 2451.691406 0.000000 0.874241 0.000000 -0.485493 1.000000 1.000000 1.000000
6539.352539 0.000000 2452.641846 0.000000 0.447407 0.000000 -0.894331 1.000000 1.000000 1.000000
6628.646973 0.000000 2414.866455 0.000000 0.643547 0.000000 -0.765407 1.000000 1.000000 1.000000
6646.887207 0.000000 2416.752197 0.000000 0.685996 0.000000 -0.727605 1.000000 1.000000 1.000000
6653.856934 0.000000 2429.942627 0.000000 0.545618 0.000000 -0.838034 1.000000 1.000000 1.000000
6651.923828 0.000000 2441.844727 0.000000 0.521683 0.000000 -0.853139 1.000000 1.000000 1.000000
6647.369141 0.000000 2419.944336 0.000000 0.720576 0.000000 -0.693376 1.000000 1.000000 1.000000
6648.751953 0.000000 2436.085938 0.000000 0.165571 0.000000 -0.986198 1.000000 1.000000 1.000000
6648.256836 0.000000 2438.117920 0.000000 0.633039 0.000000 -0.774120 1.000000 1.000000 1.000000
6204.628418 0.000000 2456.796631 0.000000 0.243604 0.000000 -0.969875 1.000000 1.000000 1.000000
6193.859863 0.000000 2480.088867 0.000000 0.846591 0.000000 -0.532245 1.000000 1.000000 1.000000
6237.540039 0.000000 2476.279785 0.000000 0.232774 0.000000 -0.972531 1.000000 1.000000 1.000000
6211.012695 0.000000 2459.341309 0.000000 0.552092 0.000000 -0.833783 1.000000 1.000000 1.000000
6238.229980 0.000000 2479.827393 0.000000 0.273306 0.000000 -0.961927 1.000000 1.000000 1.000000
6234.315918 0.000000 2477.070801 0.000000 0.865961 0.000000 -0.500112 1.000000 1.000000 1.000000
6226.358887 0.000000 2473.499023 0.000000 0.508206 0.000000 -0.861236 1.000000 1.000000 1.000000
6210.728027 0.000000 2456.996582 0.000000 0.104042 0.000000 -0.994573 1.000000 1.000000 1.000000
6227.144531 0.000000 2475.149658 0.000000 0.817203 0.000000 -0.576350 1.000000 1.000000 1.000000
6171.227539 0.000000 2511.977295 0.000000 0.414744 0.000000 -0.909938 1.000000 1.000000 1.000000
6170.884277 0.000000 2508.678223 0.000000 0.895146 0.000000 -0.445773 1.000000 1.000000 1.000000
6168.411621 0.000000 2511.683350 0.000000 0.704729 0.000000 -0.709476 1.000000 1.000000 1.000000
6327.650879 0.000000 2472.685547 0.000000 0.869148 0.000000 -0.494552 1.000000 1.000000 1.000000
6321.844238 0.000000 2527.331055 0.000000 0.060360 0.000000 -0.998177 1.000000 1.000000 1.000000
6323.810059 0.000000 2529.282227 0.000000 0.566700 0.000000 -0.823924 1.000000 1.000000 1.000000
6318.224609 0.000000 2527.573486 0.000000 0.860422 0.000000 -0.509582 1.000000 1.000000 1.000000
6320.190918 0.000000 2529.182861 0.000000 0.078660 0.000000 -0.996902 1.000000 1.000000 1.000000
6323.210449 0.000000 2532.650635 0.000000 0.582391 0.000000 -0.812909 1.000000 1.000000 1.000000
6341.772461 0.000000 2509.367432 0.000000 0.542805 0.000000 -0.839859 1.000000 1.000000 1.000000
6370.363281 0.000000 2513.527100 0.000000 0.344790 0.000000 -0.938680 1.000000 1.000000 1.000000
6336.720703 0.000000 2509.760254 0.000000 0.585680 0.000000 -0.810543 1.000000 1.000000 1.000000
6385.145020 0.000000 2533.312256 0.000000 0.893475 0.000000 -0.449114 1.000000 1.000000 1.000000
6395.571289 0.000000 2532.113770 0.000000 0.656114 0.000000 -0.754661 1.000000 1.000000 1.000000
6366.321289 0.000000 2519.342285 0.000000 0.415890 0.000000 -0.909415 1.000000 1.000000 1.000000
6321.360840 0.000000 2598.476318 0.000000 0.562478 0.000000 -0.826812 1.000000 1.000000 1.000000
6325.350586 0.000000 2598.343506 0.000000 0.448867 0.000000 -0.893599 1.000000 1.000000 1.000000
6454.760254 0.000000 2475.596680 0.000000 0.822388 0.000000 -0.568927 1.000000 1.000000 1.000000
6452.666504 0.000000 2472.291016 0.000000 0.825618 0.000000 -0.564229 1.000000 1.000000 1.000000
6461.293457 0.000000 2460.752197 0.000000 0.290803 0.000000 -0.956783 1.000000 1.000000 1.000000
6459.613770 0.000000 2477.052002 0.000000 0.175940 0.000000 -0.984401 1.000000 1.000000 1.000000
6451.057617 0.000000 2468.074219 0.000000 0.631786 0.000000 -0.775142 1.000000 1.000000 1.000000
6460.667969 0.000000 2478.750732 0.000000 0.572017 0.000000 -0.820242 1.000000 1.000000 1.000000
6459.335449 0.000000 2478.998291 0.000000 0.761628 0.000000 -0.648015 1.000000 1.000000 1.000000
6474.651855 0.000000 2467.295166 0.000000 0.623354 0.000000 -0.781940 1.000000 1.000000 1.000000
6470.828125 0.000000 2491.663818 0.000000 0.736713 0.000000 -0.676205 1.000000 1.000000 1.000000
6477.405762 0.000000 2468.894531 0.000000 0.786556 0.000000 -0.617519 1.000000 1.000000 1.000000
6474.173828 0.000000 2487.030518 0.000000 0.411998 0.000000 -0.911185 1.000000 1.000000 1.000000
6481.096191 0.000000 2460.495850 0.000000 0.553741 0.000000 -0.832689 1.000000 1.000000 1.000000
6474.083984 0.000000 2469.613770 0.000000 0.094316 0.000000 -0.995542 1.000000 1.000000 1.000000
6482.321777 0.000000 2458.723877 0.000000 0.892989 0.000000 -0.450078 1.000000 1.000000 1.000000
6468.942871 0.000000 2491.861816 0.000000 0.361018 0.000000 -0.932559 1.000000 1.000000 1.000000
6494.242188 0.000000 2459.457275 0.000000 0.319350 0.000000 -0.947637 1.000000 1.000000 1.000000
6484.354004 0.000000 2462.218018 0.000000 0.797619 0.000000 -0.603162 1.000000 1.000000 1.000000
6467.718262 0.000000 2480.423584 0.000000 0.850966 0.000000 -0.525220 1.000000 1.000000 1.000000
6428.456055 0.000000 2536.663818 0.000000 0.884856 0.000000 -0.465865 1.000000 1.000000 1.000000
6404.294434 0.000000 2519.087158 0.000000 0.488390 0.000000 -0.872625 1.000000 1.000000 1.000000
6447.245605 0.000000 2505.511230 0.000000 0.898476 0.000000 -0.439022 1.000000 1.000000 1.000000
6413.771973 0.000000 2510.475342 0.000000 0.763154 0.000000 -0.646216 1.000000 1.000000 1.000000
6446.441406 0.000000 2517.315430 0.000000 0.562448 0.000000 -0.826833 1.000000 1.000000 1.000000
6433.876953 0.000000 2523.821045 0.000000 0.757371 0.000000 -0.652985 1.000000 1.000000 1.000000
6415.497559 0.000000 2511.894775 0.000000 0.681325 0.000000 -0.731981 1.000000 1.000000 1.000000
6436.472656 0.000000 2539.814453 0.000000 0.234269 0.000000 -0.972172 1.000000 1.000000 1.000000
6432.848633 0.000000 2520.125488 0.000000 0.208932 0.000000 -0.977930 1.000000 1.000000 1.000000
6458.669922 0.000000 2521.359375 0.000000 0.101705 0.000000 -0.994815 1.000000 1.000000 1.000000
6429.791504 0.000000 2521.849121 0.000000 0.189314 0.000000 -0.981917 1.000000 1.000000 1.000000
6430.628906 0.000000 2523.991211 0.000000 0.721266 0.000000 -0.692659 1.000000 1.000000 1.000000
6464.490234 0.000000 2521.670898 0.000000 0.801743 0.000000 -0.597669 1.000000 1.000000 1.000000
6468.512207 0.000000 2516.697266 0.000000 0.708270 0.000000 -0.705941 1.000000 1.000000 1.000000
6519.187988 0.000000 2533.216064 0.000000 0.130719 0.000000 -0.991419 1.000000 1.000000 1.000000
6526.483398 0.000000 2526.165771 0.000000 0.690937 0.000000 -0.722915 1.000000 1.000000 1.000000
6525.186523 0.000000 2539.632568 0.000000 0.846794 0.000000 -0.531921 1.000000 1.000000 1.000000
6565.439453 0.000000 2470.902832 0.000000 0.236276 0.000000 -0.971686 1.000000 1.000000 1.000000
6562.339844 0.000000 2466.284912 0.000000 0.306348 0.000000 -0.951920 1.000000 1.000000 1.000000
6550.151367 0.000000 2461.856689 0.000000 0.781975 0.000000 -0.623310 1.000000 1.000000 1.000000
6546.507812 0.000000 2469.239746 0.000000 0.306276 0.000000 -0.951943 1.000000 1.000000 1.000000
6581.339355 0.000000 2483.256592 0.000000 0.329422 0.000000 -0.944183 1.000000 1.000000 1.000000
6567.265625 0.000000 2470.959229 0.000000 0.018186 0.000000 -0.999835 1.000000 1.000000 1.000000
6549.655273 0.000000 2463.255127 0.000000 0.900468 0.000000 -0.434922 1.000000 1.000000 1.000000
6652.573730 0.000000 2456.796631 0.000000 0.853788 0.000000 -0.520621 1.000000 1.000000 1.000000
6599.051758 0.000000 2487.578369 0.000000 0.474117 0.000000 -0.880462 1.000000 1.000000 1.000000
6646.680664 0.000000 2498.214844 0.000000 0.316100 0.000000 -0.948726 1.000000 1.000000 1.000000
6645.963379 0.000000 2503.166748 0.000000 0.208292 0.000000 -0.978067 1.000000 1.000000 1.000000
6605.555664 0.000000 2485.894043 0.000000 0.552337 0.000000 -0.833621 1.000000 1.000000 1.000000
6654.689453 0.000000 2456.768311 0.000000 0.447818 0.000000 -0.894125 1.000000 1.000000 1.000000
6642.791992 0.000000 2464.921631 0.000000 0.866458 0.000000 -0.499250 1.000000 1.000000 1.000000
6554.374023 0.000000 2527.495361 0.000000 0.705342 0.000000 -0.708867 1.000000 1.000000 1.000000
6533.759766 0.000000 2531.237061 0.000000 0.303496 0.000000 -0.952833 1.000000 1.000000 1.000000
6535.313477 0.000000 2528.698975 0.000000 0.311321 0.000000 -0.950305 1.000000 1.000000 1.000000
6536.536133 0.000000 2514.605713 0.000000 0.799769 0.000000 -0.600308 1.000000 1.000000 1.000000
6545.519043 0.000000 2518.825439 0.000000 0.068056 0.000000 -0.997682 1.000000 1.000000 1.000000
6543.504395 0.000000 2536.409180 0.000000 0.845931 0.000000 -0.533292 1.000000 1.000000 1.000000
6450.002930 0.000000 2566.968262 0.000000 0.140148 0.000000 -0.990131 1.000000 1.000000 1.000000
6448.946289 0.000000 2587.432861 0.000000 0.575115 0.000000 -0.818072 1.000000 1.000000 1.000000
6505.347168 0.000000 2553.365479 0.000000 0.833112 0.000000 -0.553105 1.000000 1.000000 1.000000
6485.394043 0.000000 2574.388672 0.000000 0.755130 0.000000 -0.655575 1.000000 1.000000 1.000000
6472.368652 0.000000 2572.051025 0.000000 0.647253 0.000000 -0.762275 1.000000 1.000000 1.000000
6440.649902 0.000000 2641.897461 0.000000 0.298441 0.000000 -0.954428 1.000000 1.000000 1.000000
6458.444824 0.000000 2611.518799 0.000000 0.865642 0.000000 -0.500663 1.000000 1.000000 1.000000
6441.194824 0.000000 2637.428223 0.000000 0.645137 0.000000 -0.764067 1.000000 1.000000 1.000000
6434.662109 0.000000 2629.896240 0.000000 0.220430 0.000000 -0.975403 1.000000 1.000000 1.000000
6442.701660 0.000000 2639.243408 0.000000 0.746742 0.000000 -0.665114 1.000000 1.000000 1.000000
6434.500000 0.000000 2628.106934 0.000000 0.481122 0.000000 -0.876654 1.000000 1.000000 1.000000
6462.953613 0.000000 2642.186523 0.000000 0.733168 0.000000 -0.680048 1.000000 1.000000 1.000000
6433.443359 0.000000 2629.029053 0.000000 0.282587 0.000000 -0.959242 1.000000 1.000000 1.000000
6444.680176 0.000000 2624.691650 0.000000 0.350567 0.000000 -0.936538 1.000000 1.000000 1.000000
6483.041504 0.000000 2621.569092 0.000000 0.413270 0.000000 -0.910609 1.000000 1.000000 1.000000
6515.331543 0.000000 2607.659180 0.000000 0.588339 0.000000 -0.808614 1.000000 1.000000 1.000000
6519.111328 0.000000 2612.966309 0.000000 0.337183 0.000000 -0.941439 1.000000 1.000000 1.000000
6487.385742 0.000000 2608.586914 0.000000 0.433113 0.000000 -0.901340 1.000000 1.000000 1.000000
6511.644043 0.000000 2615.670654 0.000000 0.302978 0.000000 -0.952998 1.000000 1.000000 1.000000
6484.027832 0.000000 2627.164551 0.000000 0.519627 0.000000 -0.854393 1.000000 1.000000 1.000000
6467.343262 0.000000 2636.389160 0.000000 0.625641 0.000000 -0.780111 1.000000 1.000000 1.000000
6485.663086 0.000000 2604.981689 0.000000 0.859621 0.000000 -0.510932 1.000000 1.000000 1.000000
6570.507324 0.000000 2614.312012 0.000000 0.834648 0.000000 -0.550784 1.000000 1.000000 1.000000
6567.300781 0.000000 2621.139648 0.000000 0.854429 0.000000 -0.519568 1.000000 1.000000 1.000000
6668.808594 0.000000 2285.007812 0.000000 0.846983 0.000000 -0.531621 1.000000 1.000000 1.000000
6694.367676 0.000000 2285.157715 0.000000 0.703802 0.000000 -0.710396 1.000000 1.000000 1.000000
6694.578613 0.000000 2287.364746 0.000000 0.538045 0.000000 -0.842916 1.000000 1.000000 1.000000
6682.327148 0.000000 2297.061523 0.000000 0.093776 0.000000 -0.995593 1.000000 1.000000 1.000000
6695.548828 0.000000 2284.759521 0.000000 0.056996 0.000000 -0.998374 1.000000 1.000000 1.000000
6724.860352 0.000000 2292.436035 0.000000 0.364343 0.000000 -0.931265 1.000000 1.000000 1.000000
6733.959473 0.000000 2298.898193 0.000000 0.700279 0.000000 -0.713869 1.000000 1.000000 1.000000
6720.351074 0.000000 2294.442139 0.000000 0.690778 0.000000 -0.723067 1.000000 1.000000 1.000000
6730.142578 0.000000 2298.061768 0.000000 0.776628 0.000000 -0.629960 1.000000 1.000000 1.000000
6749.773438 0.000000 2280.842285 0.000000 0.747348 0.000000 -0.664433 1.000000 1.000000 1.000000
6778.048828 0.000000 2272.615723 0.000000 0.059902 0.000000 -0.998204 1.000000 1.000000 1.000000
6662.804688 0.000000 2349.937256 0.000000 0.154442 0.000000 -0.988002 1.000000 1.000000 1.000000
6666.532227 0.000000 2332.919922 0.000000 0.855369 0.000000 -0.518019 1.000000 1.000000 1.000000
6666.060547 0.000000 2327.887207 0.000000 0.474217 0.000000 -0.880408 1.000000 1.000000 1.000000
6687.247070 0.000000 2318.170654 0.000000 0.343479 0.000000 -0.939160 1.000000 1.000000 1.000000
6732.411133 0.000000 2339.711182 0.000000 0.666958 0.000000 -0.745095 1.000000 1.000000 1.000000
6735.779785 0.000000 2331.992676 0.000000 0.326146 0.000000 -0.945320 1.000000 1.000000 1.000000
6727.036133 0.000000 2345.851807 0.000000 0.675697 0.000000 -0.737180 1.000000 1.000000 1.000000
6745.394531 0.000000 2332.274658 0.000000 0.322249 0.000000 -0.946655 1.000000 1.000000 1.000000
6728.533203 0.000000 2341.814453 0.000000 0.342314 0.000000 -0.939586 1.000000 1.000000 1.000000
6720.454590 0.000000 2348.032715 0.000000 0.729412 0.000000 -0.684075 1.000000 1.000000 1.000000
6743.187012 0.000000 2333.474365 0.000000 0.185565 0.000000 -0.982632 1.000000 1.000000 1.000000
6738.296387 0.000000 2331.772461 0.000000 0.719372 0.000000 -0.694625 1.000000 1.000000 1.000000
6724.480957 0.000000 2327.728516 0.000000 0.749511 0.000000 -0.661992 1.000000 1.000000 1.000000
6730.052734 0.000000 2327.887207 0.000000 0.186604 0.000000 -0.982435 1.000000 1.000000 1.000000
6723.277832 0.000000 2337.253662 0.000000 0.394315 0.000000 -0.918975 1.000000 1.000000 1.000000
6739.232422 0.000000 2345.302490 0.000000 0.845115 0.000000 -0.534584 1.000000 1.000000 1.000000
6725.393555 0.000000 2344.459717 0.000000 0.850361 0.000000 -0.526200 1.000000 1.000000 1.000000
6729.339355 0.000000 2349.761963 0.000000 0.895511 0.000000 -0.445039 1.000000 1.000000 1.000000
6789.728516 0.000000 2295.026123 0.000000 0.093822 0.000000 -0.995589 1.000000 1.000000 1.000000
6800.167480 0.000000 2311.653809 0.000000 0.630139 0.000000 -0.776483 1.000000 1.000000 1.000000
6666.629883 0.000000 2363.805176 0.000000 0.174547 0.000000 -0.984649 1.000000 1.000000 1.000000
6664.541016 0.000000 2389.056641 0.000000 0.701139 0.000000 -0.713024 1.000000 1.000000 1.000000
6685.451660 0.000000 2403.593018 0.000000 0.839923 0.000000 -0.542706 1.000000 1.000000 1.000000
6665.700195 0.000000 2386.689453 0.000000 0.292433 0.000000 -0.956286 1.000000 1.000000 1.000000
6663.297852 0.000000 2386.972412 0.000000 0.099817 0.000000 -0.995006 1.000000 1.000000 1.000000
6675.435059 0.000000 2407.923584 0.000000 0.549401 0.000000 -0.835559 1.000000 1.000000 1.000000
6671.066895 0.000000 2408.966064 0.000000 0.615783 0.000000 -0.787916 1.000000 1.000000 1.000000
6665.347168 0.000000 2397.004150 0.000000 0.871930 0.000000 -0.489630 1.000000 1.000000 1.000000
6666.491211 0.000000 2388.588623 0.000000 0.831042 0.000000 -0.556209 1.000000 1.000000 1.000000
6655.218750 0.000000 2396.668457 0.000000 0.543822 0.000000 -0.839201 1.000000 1.000000 1.000000
6661.236816 0.000000 2404.221436 0.000000 0.402184 0.000000 -0.915559 1.000000 1.000000 1.000000
6660.120605 0.000000 2409.024658 0.000000 0.391270 0.000000 -0.920276 1.000000 1.000000 1.000000
6664.157227 0.000000 2397.985352 0.000000 0.671631 0.000000 -0.740886 1.000000 1.000000 1.000000
6661.050781 0.000000 2406.818848 0.000000 0.750562 0.000000 -0.660800 1.000000 1.000000 1.000000
6663.043945 0.000000 2440.336182 0.000000 0.770150 0.000000 -0.637863 1.000000 1.000000 1.000000
6675.480957 0.000000 2419.952881 0.000000 0.641717 0.000000 -0.766942 1.000000 1.000000 1.000000
6668.905273 0.000000 2410.071777 0.000000 0.137039 0.000000 -0.990566 1.000000 1.000000 1.000000
6664.672363 0.000000 2415.870605 0.000000 0.833709 0.000000 -0.552204 1.000000 1.000000 1.000000
6677.697266 0.000000 2440.955566 0.000000 0.322085 0.000000 -0.946711 1.000000 1.000000 1.000000
6674.742188 0.000000 2417.500000 0.000000 0.814989 0.000000 -0.579477 1.000000 1.000000 1.000000
6662.989746 0.000000 2410.667969 0.000000 0.889808 0.000000 -0.456335 1.000000 1.000000 1.000000
6657.757324 0.000000 2455.379883 0.000000 0.784368 0.000000 -0.620296 1.000000 1.000000 1.000000
6670.288086 0.000000 2427.205811 0.000000 0.724485 0.000000 -0.689291 1.000000 1.000000 1.000000
6660.200684 0.000000 2442.468994 0.000000 0.395452 0.000000 -0.918487 1.000000 1.000000 1.000000
6667.146484 0.000000 2433.444092 0.000000 0.505961 0.000000 -0.862556 1.000000 1.000000 1.000000
6656.893066 0.000000 2423.485107 0.000000 0.174604 0.000000 -0.984639 1.000000 1.000000 1.000000
6667.694824 0.000000 2409.379639 0.000000 0.510877 0.000000 -0.859654 1.000000 1.000000 1.000000
6655.279785 0.000000 2424.165527 0.000000 0.325536 0.000000 -0.945530 1.000000 1.000000 1.000000
6813.551758 0.000000 2392.958252 0.000000 0.817441 0.000000 -0.576013 1.000000 1.000000 1.000000
6811.815430 0.000000 2392.918945 0.000000 0.162119 0.000000 -0.986771 1.000000 1.000000 1.000000
6845.246582 0.000000 2413.510010 0.000000 0.606316 0.000000 -0.795224 1.000000 1.000000 1.000000
6918.808105 0.000000 2421.367188 0.000000 0.445252 0.000000 -0.895405 1.000000 1.000000 1.000000
6947.297363 0.000000 2450.361084 0.000000 0.436417 0.000000 -0.899744 1.000000 1.000000 1.000000
6660.868164 0.000000 2481.404785 0.000000 0.049060 0.000000 -0.998796 1.000000 1.000000 1.000000
6661.712402 0.000000 2479.032959 0.000000 0.830539 0.000000 -0.556960 1.000000 1.000000 1.000000
6661.714844 0.000000 2489.679199 0.000000 0.536804 0.000000 -0.843707 1.000000 1.000000 1.000000
6657.838379 0.000000 2479.669922 0.000000 0.191717 0.000000 -0.981450 1.000000 1.000000 1.000000
6659.044922 0.000000 2486.869873 0.000000 0.692029 0.000000 -0.721869 1.000000 1.000000 1.000000
6676.833984 0.000000 2457.176514 0.000000 0.783483 0.000000 -0.621413 1.000000 1.000000 1.000000
6658.958008 0.000000 2506.583496 0.000000 0.668732 0.000000 -0.743503 1.000000 1.000000 1.000000
6933.414551 0.000000 2580.796631 0.000000 0.824550 0.000000 -0.565789 1.000000 1.000000 1.000000
6942.666504 0.000000 2582.695312 0.000000 0.266168 0.000000 -0.963927 1.000000 1.000000 1.000000
6954.618164 0.000000 2593.324951 0.000000 0.838780 0.000000 -0.544471 1.000000 1.000000 1.000000
6943.983887 0.000000 2582.801758 0.000000 0.604335 0.000000 -0.796730 1.000000 1.000000 1.000000
6931.854004 0.000000 2640.334229 0.000000 0.660379 0.000000 -0.750933 1.000000 1.000000 1.000000
6262.152344 0.000000 2752.000488 0.000000 0.251827 0.000000 -0.967772 1.000000 1.000000 1.000000
6248.640625 0.000000 2759.056396 0.000000 0.884593 0.000000 -0.466363 1.000000 1.000000 1.000000
6262.364746 0.000000 2765.144043 0.000000 0.255363 0.000000 -0.966845 1.000000 1.000000 1.000000
6261.375000 0.000000 2768.526855 0.000000 0.479791 0.000000 -0.877383 1.000000 1.000000 1.000000
6263.717285 0.000000 2767.444824 0.000000 0.203292 0.000000 -0.979118 1.000000 1.000000 1.000000
6260.035645 0.000000 2763.536621 0.000000 0.707568 0.000000 -0.706646 1.000000 1.000000 1.000000
6155.950684 0.000000 2817.249023 0.000000 0.743210 0.000000 -0.669058 1.000000 1.000000 1.000000
6388.560059 0.000000 2784.117676 0.000000 0.389693 0.000000 -0.920945 1.000000 1.000000 1.000000
6391.314453 0.000000 2782.762451 0.000000 0.781479 0.000000 -0.623931 1.000000 1.000000 1.000000
6330.291504 0.000000 2833.167236 0.000000 0.650667 0.000000 -0.759363 1.000000 1.000000 1.000000
6334.461914 0.000000 2833.092041 0.000000 0.336420 0.000000 -0.941712 1.000000 1.000000 1.000000
6337.125977 0.000000 2828.374512 0.000000 0.775575 0.000000 -0.631255 1.000000 1.000000 1.000000
6335.250488 0.000000 2832.592773 0.000000 0.615203 0.000000 -0.788369 1.000000 1.000000 1.000000
6368.424805 0.000000 2797.248535 0.000000 0.274971 0.000000 -0.961452 1.000000 1.000000 1.000000
6369.373535 0.000000 2795.396973 0.000000 0.826416 0.000000 -0.563061 1.000000 1.000000 1.000000
6346.086426 0.000000 2819.126709 0.000000 0.015489 0.000000 -0.999880 1.000000 1.000000 1.000000
6460.597168 0.000000 2645.765381 0.000000 0.875100 0.000000 -0.483942 1.000000 1.000000 1.000000
6415.192871 0.000000 2647.290039 0.000000 0.275826 0.000000 -0.961207 1.000000 1.000000 1.000000
6412.936523 0.000000 2646.282715 0.000000 0.364945 0.000000 -0.931029 1.000000 1.000000 1.000000
6418.329590 0.000000 2647.692627 0.000000 0.625503 0.000000 -0.780222 1.000000 1.000000 1.000000
6462.712891 0.000000 2645.737061 0.000000 0.286439 0.000000 -0.958099 1.000000 1.000000 1.000000
6460.376465 0.000000 2674.738281 0.000000 0.424293 0.000000 -0.905525 1.000000 1.000000 1.000000
6444.158691 0.000000 2658.461914 0.000000 0.816156 0.000000 -0.577832 1.000000 1.000000 1.000000
6417.165039 0.000000 2646.854004 0.000000 0.781821 0.000000 -0.623503 1.000000 1.000000 1.000000
6445.925781 0.000000 2681.488281 0.000000 0.537070 0.000000 -0.843538 1.000000 1.000000 1.000000
6442.266602 0.000000 2685.487793 0.000000 0.443673 0.000000 -0.896189 1.000000 1.000000 1.000000
6464.866699 0.000000 2683.509766 0.000000 0.706390 0.000000 -0.707823 1.000000 1.000000 1.000000
6463.230469 0.000000 2677.609863 0.000000 0.828521 0.000000 -0.559958 1.000000 1.000000 1.000000
6399.518555 0.000000 2696.859131 0.000000 0.838039 0.000000 -0.545610 1.000000 1.000000 1.000000
6437.446777 0.000000 2733.256836 0.000000 0.620549 0.000000 -0.784167 1.000000 1.000000 1.000000
6440.865234 0.000000 2705.753906 0.000000 0.499069 0.000000 -0.866562 1.000000 1.000000 1.000000
6400.278320 0.000000 2729.113281 0.000000 0.488747 0.000000 -0.872426 1.000000 1.000000 1.000000
6435.592773 0.000000 2692.860352 0.000000 0.466211 0.000000 -0.884673 1.000000 1.000000 1.000000
6441.470703 0.000000 2713.052490 0.000000 0.561378 0.000000 -0.827559 1.000000 1.000000 1.000000
6456.596680 0.000000 2725.226807 0.000000 0.607038 0.000000 -0.794673 1.000000 1.000000 1.000000
6440.737793 0.000000 2704.566406 0.000000 0.828140 0.000000 -0.560521 1.000000 1.000000 1.000000
6466.696777 0.000000 2693.207520 0.000000 0.233309 0.000000 -0.972403 1.000000 1.000000 1.000000
6465.709473 0.000000 2694.133301 0.000000 0.113529 0.000000 -0.993535 1.000000 1.000000 1.000000
6409.325684 0.000000 2781.824707 0.000000 0.783315 0.000000 -0.621625 1.000000 1.000000 1.000000
6453.049316 0.000000 2761.985352 0.000000 0.879329 0.000000 -0.476215 1.000000 1.000000 1.000000
6423.226074 0.000000 2758.654053 0.000000 0.209517 0.000000 -0.977805 1.000000 1.000000 1.000000
6426.989258 0.000000 2755.914795 0.000000 0.335243 0.000000 -0.942132 1.000000 1.000000 1.000000
6410.211426 0.000000 2783.883301 0.000000 0.117178 0.000000 -0.993111 1.000000 1.000000 1.000000
6425.979980 0.000000 2758.990967 0.000000 0.646724 0.000000 -0.762724 1.000000 1.000000 1.000000
6414.878418 0.000000 2783.331299 0.000000 0.630483 0.000000 -0.776203 1.000000 1.000000 1.000000
6426.967773 0.000000 2757.309570 0.000000 0.753046 0.000000 -0.657968 1.000000 1.000000 1.000000
6424.756836 0.000000 2758.532471 0.000000 0.016644 0.000000 -0.999861 1.000000 1.000000 1.000000
6410.290527 0.000000 2782.620605 0.000000 0.745885 0.000000 -0.666075 1.000000 1.000000 1.000000
6427.870605 0.000000 2756.617432 0.000000 0.200518 0.000000 -0.979690 1.000000 1.000000 1.000000
6148.325684 0.000000 2849.782471 0.000000 0.027550 0.000000 -0.999620 1.000000 1.000000 1.000000
6253.820801 0.000000 2908.033447 0.000000 0.592642 0.000000 -0.805466 1.000000 1.000000 1.000000
6236.694824 0.000000 2907.195312 0.000000 0.635273 0.000000 -0.772288 1.000000 1.000000 1.000000
6266.148438 0.000000 2889.705322 0.000000 0.241446 0.000000 -0.970414 1.000000 1.000000 1.000000
6335.007324 0.000000 2846.857910 0.000000 0.286295 0.000000 -0.958141 1.000000 1.000000 1.000000
6282.480469 0.000000 2867.682373 0.000000 0.113304 0.000000 -0.993560 1.000000 1.000000 1.000000
6287.415527 0.000000 2862.904297 0.000000 0.612768 0.000000 -0.790263 1.000000 1.000000 1.000000
6280.153320 0.000000 2867.702148 0.000000 0.680944 0.000000 -0.732335 1.000000 1.000000 1.000000
6280.770020 0.000000 2865.990723 0.000000 0.022701 0.000000 -0.999742 1.000000 1.000000 1.000000
6292.384766 0.000000 2874.285645 0.000000 0.721155 0.000000 -0.692773 1.000000 1.000000 1.000000
6294.308594 0.000000 2879.851562 0.000000 0.675832 0.000000 -0.737056 1.000000 1.000000 1.000000
6278.990234 0.000000 2866.988037 0.000000 0.035326 0.000000 -0.999376 1.000000 1.000000 1.000000
6285.111328 0.000000 2866.833740 0.000000 0.618005 0.000000 -0.786174 1.000000 1.000000 1.000000
6292.548340 0.000000 2875.491943 0.000000 0.030035 0.000000 -0.999549 1.000000 1.000000 1.000000
6306.986328 0.000000 2878.279297 0.000000 0.403668 0.000000 -0.914905 1.000000 1.000000 1.000000
6335.526367 0.000000 2848.144531 0.000000 0.005292 0.000000 -0.999986 1.000000 1.000000 1.000000
6346.099609 0.000000 2847.551270 0.000000 0.539218 0.000000 -0.842166 1.000000 1.000000 1.000000
6347.337402 0.000000 2848.144043 0.000000 0.202470 0.000000 -0.979289 1.000000 1.000000 1.000000
6357.887207 0.000000 2853.201904 0.000000 0.900256 0.000000 -0.435361 1.000000 1.000000 1.000000
6296.656250 0.000000 2884.933350 0.000000 0.095880 0.000000 -0.995393 1.000000 1.000000 1.000000
6248.640625 0.000000 2948.025146 0.000000 0.801458 0.000000 -0.598052 1.000000 1.000000 1.000000
6263.427734 0.000000 2965.208740 0.000000 0.433751 0.000000 -0.901033 1.000000 1.000000 1.000000
6253.820801 0.000000 2955.275635 0.000000 0.850560 0.000000 -0.525879 1.000000 1.000000 1.000000
6268.174316 0.000000 2968.967773 0.000000 0.238326 0.000000 -0.971185 1.000000 1.000000 1.000000
6242.378906 0.000000 2938.706787 0.000000 0.572809 0.000000 -0.819689 1.000000 1.000000 1.000000
6244.693848 0.000000 2934.530518 0.000000 0.644015 0.000000 -0.765013 1.000000 1.000000 1.000000
6245.077637 0.000000 2974.199463 0.000000 0.470458 0.000000 -0.882422 1.000000 1.000000 1.000000
6247.858887 0.000000 2934.941895 0.000000 0.298247 0.000000 -0.954489 1.000000 1.000000 1.000000
6243.131836 0.000000 2971.545654 0.000000 0.351615 0.000000 -0.936145 1.000000 1.000000 1.000000
6247.205566 0.000000 2957.163818 0.000000 0.228611 0.000000 -0.973518 1.000000 1.000000 1.000000
6254.880859 0.000000 2940.418701 0.000000 0.055066 0.000000 -0.998483 1.000000 1.000000 1.000000
6251.007812 0.000000 2949.133301 0.000000 0.499957 0.000000 -0.866050 1.000000 1.000000 1.000000
6250.546387 0.000000 2945.007324 0.000000 0.613075 0.000000 -0.790025 1.000000 1.000000 1.000000
6247.285156 0.000000 2974.417480 0.000000 0.869381 0.000000 -0.494143 1.000000 1.000000 1.000000
6264.821777 0.000000 2964.455322 0.000000 0.019512 0.000000 -0.999810 1.000000 1.000000 1.000000
6162.460938 0.000000 3004.460693 0.000000 0.251514 0.000000 -0.967854 1.000000 1.000000 1.000000
6171.502441 0.000000 2989.939453 0.000000 0.465665 0.000000 -0.884961 1.000000 1.000000 1.000000
6173.843750 0.000000 2989.475098 0.000000 0.866146 0.000000 -0.499791 1.000000 1.000000 1.000000
6165.120605 0.000000 3003.790771 0.000000 0.453005 0.000000 -0.891508 1.000000 1.000000 1.000000
6265.589844 0.000000 2979.897461 0.000000 0.230494 0.000000 -0.973074 1.000000 1.000000 1.000000
6244.274414 0.000000 2994.658447 0.000000 0.465435 0.000000 -0.885082 1.000000 1.000000 1.000000
6263.613281 0.000000 2976.374023 0.000000 0.239669 0.000000 -0.970855 1.000000 1.000000 1.000000
6265.358887 0.000000 2982.803711 0.000000 0.869201 0.000000 -0.494459 1.000000 1.000000 1.000000
6262.921387 0.000000 2981.104736 0.000000 0.130006 0.000000 -0.991513 1.000000 1.000000 1.000000
6248.153809 0.000000 2976.292969 0.000000 0.769490 0.000000 -0.638658 1.000000 1.000000 1.000000
6246.422363 0.000000 2993.790527 0.000000 0.298020 0.000000 -0.954560 1.000000 1.000000 1.000000
6263.378906 0.000000 2978.719482 0.000000 0.781482 0.000000 -0.623928 1.000000 1.000000 1.000000
6247.552734 0.000000 2978.080811 0.000000 0.563727 0.000000 -0.825961 1.000000 1.000000 1.000000
6907.311523 0.000000 2716.563477 0.000000 0.843396 0.000000 -0.537292 1.000000 1.000000 1.000000
6888.141113 0.000000 2730.737305 0.000000 0.209729 0.000000 -0.977760 1.000000 1.000000 1.000000
6726.000488 0.000000 2831.051025 0.000000 0.422045 0.000000 -0.906575 1.000000 1.000000 1.000000
6727.183594 0.000000 2832.885254 0.000000 0.605623 0.000000 -0.795752 1.000000 1.000000 1.000000
6841.519531 0.000000 2743.686523 0.000000 0.302298 0.000000 -0.953213 1.000000 1.000000 1.000000
6814.159668 0.000000 2763.280518 0.000000 0.718561 0.000000 -0.695464 1.000000 1.000000 1.000000
6840.614746 0.000000 2745.069580 0.000000 0.586248 0.000000 -0.810131 1.000000 1.000000 1.000000
6873.148438 0.000000 2754.678711 0.000000 0.492099 0.000000 -0.870539 1.000000 1.000000 1.000000
6896.526367 0.000000 2771.608887 0.000000 0.192534 0.000000 -0.981290 1.000000 1.000000 1.000000
6894.866211 0.000000 2779.808838 0.000000 0.867026 0.000000 -0.498263 1.000000 1.000000 1.000000
6887.226562 0.000000 2754.412354 0.000000 0.239592 0.000000 -0.970874 1.000000 1.000000 1.000000
6896.459473 0.000000 2779.100342 0.000000 0.049155 0.000000 -0.998791 1.000000 1.000000 1.000000
6894.405273 0.000000 2781.307861 0.000000 0.802488 0.000000 -0.596668 1.000000 1.000000 1.000000
6873.665527 0.000000 2756.166748 0.000000 0.078849 0.000000 -0.996887 1.000000 1.000000 1.000000
6841.144043 0.000000 2834.366699 0.000000 0.000103 0.000000 -1.000000 1.000000 1.000000 1.000000
6873.563477 0.000000 2794.512451 0.000000 0.726620 0.000000 -0.687040 1.000000 1.000000 1.000000
6954.481934 0.000000 2678.041016 0.000000 0.494239 0.000000 -0.869326 1.000000 1.000000 1.000000
6962.965332 0.000000 2688.953613 0.000000 0.882483 0.000000 -0.470345 1.000000 1.000000 1.000000
6960.232422 0.000000 2675.927490 0.000000 0.441851 0.000000 -0.897088 1.000000 1.000000 1.000000
6982.863281 0.000000 2661.466309 0.000000 0.094926 0.000000 -0.995484 1.000000 1.000000 1.000000
6964.986816 0.000000 2714.743164 0.000000 0.248043 0.000000 -0.968749 1.000000 1.000000 1.000000
6913.055664 0.000000 2733.890137 0.000000 0.498529 0.000000 -0.866873 1.000000 1.000000 1.000000
6966.423828 0.000000 2713.628418 0.000000 0.862573 0.000000 -0.505933 1.000000 1.000000 1.000000
6967.450684 0.000000 2716.848633 0.000000 0.572475 0.000000 -0.819922 1.000000 1.000000 1.000000
6966.209961 0.000000 2714.933838 0.000000 0.118569 0.000000 -0.992946 1.000000 1.000000 1.000000
6975.517578 0.000000 2723.162109 0.000000 0.287053 0.000000 -0.957915 1.000000 1.000000 1.000000
6951.119629 0.000000 2768.195068 0.000000 0.859519 0.000000 -0.511104 1.000000 1.000000 1.000000
6975.155762 0.000000 2778.750977 0.000000 0.152328 0.000000 -0.988330 1.000000 1.000000 1.000000
6975.203613 0.000000 2777.389160 0.000000 0.759902 0.000000 -0.650037 1.000000 1.000000 1.000000
6700.855469 0.000000 2835.404297 0.000000 0.570176 0.000000 -0.821523 1.000000 1.000000 1.000000
6703.214355 0.000000 2836.206543 0.000000 0.850435 0.000000 -0.526081 1.000000 1.000000 1.000000
6665.688965 0.000000 2855.009766 0.000000 0.832877 0.000000 -0.553458 1.000000 1.000000 1.000000
6666.988770 0.000000 2855.565674 0.000000 0.423916 0.000000 -0.905701 1.000000 1.000000 1.000000
6977.103027 0.000000 2910.604492 0.000000 0.090529 0.000000 -0.995894 1.000000 1.000000 1.000000
6979.388184 0.000000 2917.564209 0.000000 0.160461 0.000000 -0.987042 1.000000 1.000000 1.000000
7010.565918 0.000000 2992.312744 0.000000 0.500780 0.000000 -0.865575 1.000000 1.000000 1.000000
7021.000977 0.000000 2988.387695 0.000000 0.687697 0.000000 -0.725998 1.000000 1.000000 1.000000
3764.880127 0.000000 4295.867676 0.000000 0.652774 0.000000 -0.757552 1.000000 1.000000 1.000000
3774.976318 0.000000 4290.491699 0.000000 0.132397 0.000000 -0.991197 1.000000 1.000000 1.000000
3772.670166 0.000000 4297.404785 0.000000 0.632032 0.000000 -0.774942 1.000000 1.000000 1.000000
3770.576660 0.000000 4292.389648 0.000000 0.216124 0.000000 -0.976366 1.000000 1.000000 1.000000
3834.595947 0.000000 4297.675293 0.000000 0.379657 0.000000 -0.925127 1.000000 1.000000 1.000000
3786.350830 0.000000 4288.684082 0.000000 0.877025 0.000000 -0.480444 1.000000 1.000000 1.000000
3825.782227 0.000000 4295.833984 0.000000 0.156902 0.000000 -0.987614 1.000000 1.000000 1.000000
3778.475342 0.000000 4290.867676 0.000000 0.570478 0.000000 -0.821313 1.000000 1.000000 1.000000
3822.042236 0.000000 4297.087402 0.000000 0.883305 0.000000 -0.468800 1.000000 1.000000 1.000000
3779.179932 0.000000 4294.189941 0.000000 0.619556 0.000000 -0.784952 1.000000 1.000000 1.000000
3827.604004 0.000000 4293.280273 0.000000 0.536810 0.000000 -0.843703 1.000000 1.000000 1.000000
3832.178955 0.000000 4296.074707 0.000000 0.452635 0.000000 -0.891696 1.000000 1.000000 1.000000
3775.546143 0.000000 4290.500977 0.000000 0.867143 0.000000 -0.498059 1.000000 1.000000 1.000000
3795.786377 0.000000 4297.611328 0.000000 0.778216 0.000000 -0.627997 1.000000 1.000000 1.000000
3787.819824 0.000000 4293.766602 0.000000 0.438433 0.000000 -0.898764 1.000000 1.000000 1.000000
3783.554688 0.000000 4293.839844 0.000000 0.729328 0.000000 -0.684165 1.000000 1.000000 1.000000
3823.094727 0.000000 4298.979492 0.000000 0.275591 0.000000 -0.961275 1.000000 1.000000 1.000000
3784.371338 0.000000 4295.696777 0.000000 0.866790 0.000000 -0.498673 1.000000 1.000000 1.000000
3777.807861 0.000000 4286.668945 0.000000 0.389146 0.000000 -0.921176 1.000000 1.000000 1.000000
3826.081055 0.000000 4292.136230 0.000000 0.767540 0.000000 -0.641001 1.000000 1.000000 1.000000
3780.516602 0.000000 4295.514160 0.000000 0.585427 0.000000 -0.810725 1.000000 1.000000 1.000000
3781.588135 0.000000 4293.909180 0.000000 0.530964 0.000000 -0.847394 1.000000 1.000000 1.000000
3826.153809 0.000000 4286.641113 0.000000 0.131491 0.000000 -0.991317 1.000000 1.000000 1.000000
3810.820312 0.000000 4281.583496 0.000000 0.879249 0.000000 -0.476363 1.000000 1.000000 1.000000
3803.446533 0.000000 4276.912598 0.000000 0.688498 0.000000 -0.725238 1.000000 1.000000 1.000000
3824.590576 0.000000 4294.775391 0.000000 0.550864 0.000000 -0.834595 1.000000 1.000000 1.000000
3808.326416 0.000000 4280.787109 0.000000 0.856074 0.000000 -0.516853 1.000000 1.000000 1.000000
3796.236572 0.000000 4293.811035 0.000000 0.252152 0.000000 -0.967688 1.000000 1.000000 1.000000
3823.440674 0.000000 4297.575684 0.000000 0.014525 0.000000 -0.999894 1.000000 1.000000 1.000000
3778.055176 0.000000 4285.432617 0.000000 0.407263 0.000000 -0.913311 1.000000 1.000000 1.000000
3777.699707 0.000000 4284.244629 0.000000 0.805019 0.000000 -0.593249 1.000000 1.000000 1.000000
3777.838867 0.000000 4287.816406 0.000000 0.629458 0.000000 -0.777035 1.000000 1.000000 1.000000
3759.910889 0.000000 4303.233398 0.000000 0.035059 0.000000 -0.999385 1.000000 1.000000 1.000000
3762.351807 0.000000 4302.052246 0.000000 0.709836 0.000000 -0.704367 1.000000 1.000000 1.000000
3807.854004 0.000000 4303.520508 0.000000 0.165489 0.000000 -0.986212 1.000000 1.000000 1.000000
3782.084717 0.000000 4304.570801 0.000000 0.015763 0.000000 -0.999876 1.000000 1.000000 1.000000
3791.512939 0.000000 4300.766602 0.000000 0.891040 0.000000 -0.453925 1.000000 1.000000 1.000000
3833.886230 0.000000 4302.679199 0.000000 0.895533 0.000000 -0.444995 1.000000 1.000000 1.000000
3783.190430 0.000000 4311.054688 0.000000 0.499793 0.000000 -0.866145 1.000000 1.000000 1.000000
3789.481201 0.000000 4302.968750 0.000000 0.190927 0.000000 -0.981604 1.000000 1.000000 1.000000
3776.541992 0.000000 4309.972656 0.000000 0.495501 0.000000 -0.868607 1.000000 1.000000 1.000000
3802.129883 0.000000 4302.135254 0.000000 0.332398 0.000000 -0.943139 1.000000 1.000000 1.000000
3786.353760 0.000000 4307.425781 0.000000 0.610367 0.000000 -0.792118 1.000000 1.000000 1.000000
3790.092041 0.000000 4305.678711 0.000000 0.803734 0.000000 -0.594988 1.000000 1.000000 1.000000
3793.430176 0.000000 4299.092285 0.000000 0.361323 0.000000 -0.932441 1.000000 1.000000 1.000000
3803.173096 0.000000 4303.881348 0.000000 0.212107 0.000000 -0.977246 1.000000 1.000000 1.000000
3805.924561 0.000000 4303.614258 0.000000 0.774294 0.000000 -0.632827 1.000000 1.000000 1.000000
4022.283691 0.000000 4392.854492 0.000000 0.174416 0.000000 -0.984672 1.000000 1.000000 1.000000
4014.018799 0.000000 4391.571777 0.000000 0.334582 0.000000 -0.942366 1.000000 1.000000 1.000000
4025.487793 0.000000 4393.358887 0.000000 0.882875 0.000000 -0.469609 1.000000 1.000000 1.000000
4017.641846 0.000000 4393.679688 0.000000 0.592688 0.000000 -0.805432 1.000000 1.000000 1.000000
4023.886475 0.000000 4393.640137 0.000000 0.186648 0.000000 -0.982427 1.000000 1.000000 1.000000
4023.194580 0.000000 4398.370605 0.000000 0.669961 0.000000 -0.742396 1.000000 1.000000 1.000000
4025.354736 0.000000 4393.643555 0.000000 0.102481 0.000000 -0.994735 1.000000 1.000000 1.000000
4032.525391 0.000000 4416.444824 0.000000 0.711902 0.000000 -0.702279 1.000000 1.000000 1.000000
4032.584717 0.000000 4394.423340 0.000000 0.114716 0.000000 -0.993398 1.000000 1.000000 1.000000
4037.066895 0.000000 4402.244629 0.000000 0.827588 0.000000 -0.561336 1.000000 1.000000 1.000000
6116.246582 0.000000 3052.728516 0.000000 0.052669 0.000000 -0.998612 1.000000 1.000000 1.000000
6144.529297 0.000000 3041.334961 0.000000 0.430231 0.000000 -0.902719 1.000000 1.000000 1.000000
6877.299316 0.000000 3108.052490 0.000000 0.692141 0.000000 -0.721762 1.000000 1.000000 1.000000
6894.696777 0.000000 3095.831055 0.000000 0.852010 0.000000 -0.523525 1.000000 1.000000 1.000000
6870.440430 0.000000 3129.850098 0.000000 0.807527 0.000000 -0.589831 1.000000 1.000000 1.000000
6909.647949 0.000000 3141.970947 0.000000 0.001552 0.000000 -0.999999 1.000000 1.000000 1.000000
6872.462402 0.000000 3151.652344 0.000000 0.784740 0.000000 -0.619825 1.000000 1.000000 1.000000
6874.000977 0.000000 3149.294678 0.000000 0.397613 0.000000 -0.917553 1.000000 1.000000 1.000000
6866.280762 0.000000 3134.889648 0.000000 0.150699 0.000000 -0.988580 1.000000 1.000000 1.000000
6872.399414 0.000000 3154.161133 0.000000 0.118497 0.000000 -0.992954 1.000000 1.000000 1.000000
6907.311523 0.000000 3141.743164 0.000000 0.522420 0.000000 -0.852688 1.000000 1.000000 1.000000
6908.186523 0.000000 3143.980713 0.000000 0.567430 0.000000 -0.823422 1.000000 1.000000 1.000000
6859.416016 0.000000 3153.267334 0.000000 0.792244 0.000000 -0.610204 1.000000 1.000000 1.000000
6874.485352 0.000000 3151.407471 0.000000 0.015130 0.000000 -0.999886 1.000000 1.000000 1.000000
6871.615723 0.000000 3131.449463 0.000000 0.894294 0.000000 -0.447479 1.000000 1.000000 1.000000
6906.703613 0.000000 3143.240479 0.000000 0.557835 0.000000 -0.829952 1.000000 1.000000 1.000000
6873.390137 0.000000 3152.983154 0.000000 0.855602 0.000000 -0.517634 1.000000 1.000000 1.000000
6873.900391 0.000000 3131.339355 0.000000 0.137435 0.000000 -0.990511 1.000000 1.000000 1.000000
6872.728516 0.000000 3131.069092 0.000000 0.833232 0.000000 -0.552924 1.000000 1.000000 1.000000
6846.069824 0.000000 3171.926025 0.000000 0.660002 0.000000 -0.751264 1.000000 1.000000 1.000000
6882.581543 0.000000 3181.281494 0.000000 0.068093 0.000000 -0.997679 1.000000 1.000000 1.000000
6849.749512 0.000000 3178.230957 0.000000 0.237225 0.000000 -0.971455 1.000000 1.000000 1.000000
6884.621582 0.000000 3181.699219 0.000000 0.052775 0.000000 -0.998606 1.000000 1.000000 1.000000
6890.176270 0.000000 3179.432617 0.000000 0.571111 0.000000 -0.820873 1.000000 1.000000 1.000000
6852.755859 0.000000 3176.266113 0.000000 0.427737 0.000000 -0.903903 1.000000 1.000000 1.000000
6886.229492 0.000000 3181.038818 0.000000 0.215850 0.000000 -0.976427 1.000000 1.000000 1.000000
6826.677246 0.000000 3236.287109 0.000000 0.537160 0.000000 -0.843481 1.000000 1.000000 1.000000
6843.319336 0.000000 3236.227539 0.000000 0.580406 0.000000 -0.814327 1.000000 1.000000 1.000000
6840.253418 0.000000 3232.932373 0.000000 0.875588 0.000000 -0.483058 1.000000 1.000000 1.000000
6883.538086 0.000000 3212.524414 0.000000 0.576221 0.000000 -0.817294 1.000000 1.000000 1.000000
6847.247559 0.000000 3232.577637 0.000000 0.270660 0.000000 -0.962675 1.000000 1.000000 1.000000
6875.494629 0.000000 3231.028564 0.000000 0.773087 0.000000 -0.634300 1.000000 1.000000 1.000000
6870.354004 0.000000 3232.365234 0.000000 0.557397 0.000000 -0.830246 1.000000 1.000000 1.000000
6828.001465 0.000000 3286.988037 0.000000 0.701926 0.000000 -0.712250 1.000000 1.000000 1.000000
6829.253906 0.000000 3287.268311 0.000000 0.396112 0.000000 -0.918202 1.000000 1.000000 1.000000
6865.163086 0.000000 3290.971680 0.000000 0.195402 0.000000 -0.980723 1.000000 1.000000 1.000000
6859.388672 0.000000 3276.260986 0.000000 0.791397 0.000000 -0.611303 1.000000 1.000000 1.000000
"}
