object={
	name="tree_palm_generator_1_0"
	render_pass=Map
	clamp_to_water_level=no
	generated_content=yes
	layer="tree_high_layer"
	pdxmesh="tree_palm_01_a_mesh"
	count=5567
	transform="277.343109 0.000000 1408.096680 0.000000 0.549953 0.000000 0.835195 0.662687 0.662687 0.662687
278.226807 0.000000 1399.741821 0.000000 0.288934 0.000000 -0.957349 0.760734 0.760734 0.760734
278.521454 0.000000 1410.763916 0.000000 0.994398 0.000000 0.105705 0.696743 0.696743 0.696743
276.228058 0.000000 1417.380493 0.000000 0.752913 0.000000 0.658119 0.672885 0.672885 0.672885
272.839203 0.000000 1442.718262 0.000000 0.341466 0.000000 -0.939894 0.754684 0.754684 0.754684
272.149567 0.000000 1445.638428 0.000000 0.766069 0.000000 -0.642759 0.745871 0.745871 0.745871
275.087982 0.000000 1450.619141 0.000000 0.996673 0.000000 -0.081501 0.704905 0.704905 0.704905
273.623199 0.000000 1444.430542 0.000000 0.843806 0.000000 0.536649 0.662778 0.662778 0.662778
301.962738 0.000000 1499.532715 0.000000 0.357567 0.000000 0.933887 0.689891 0.689891 0.689891
314.801758 0.000000 1491.209961 0.000000 0.999998 0.000000 0.001749 0.699941 0.699941 0.699941
303.628571 0.000000 1494.647705 0.000000 0.536122 0.000000 0.844140 0.678925 0.678925 0.678925
302.471710 0.000000 1509.797852 0.000000 0.679355 0.000000 -0.733810 0.723038 0.723038 0.723038
306.512268 0.000000 1491.749146 0.000000 0.541711 0.000000 -0.840565 0.733497 0.733497 0.733497
305.202545 0.000000 1498.238037 0.000000 0.886266 0.000000 -0.463176 0.733664 0.733664 0.733664
303.667725 0.000000 1502.340698 0.000000 0.398358 0.000000 -0.917230 0.868818 0.868818 0.868818
312.443237 0.000000 1491.905518 0.000000 0.673490 0.000000 -0.739196 0.777922 0.777922 0.777922
302.778442 0.000000 1507.293945 0.000000 0.136347 0.000000 0.990661 0.627825 0.627825 0.627825
303.070038 0.000000 1497.659790 0.000000 0.818735 0.000000 -0.574171 0.735057 0.735057 0.735057
303.793427 0.000000 1500.287354 0.000000 0.971294 0.000000 0.237881 0.679181 0.679181 0.679181
302.142883 0.000000 1501.406738 0.000000 0.519085 0.000000 -0.854723 0.788849 0.788849 0.788849
312.714050 0.000000 1490.167358 0.000000 0.805741 0.000000 -0.592268 0.759375 0.759375 0.759375
302.174133 0.000000 1503.325439 0.000000 0.727462 0.000000 -0.686148 0.809948 0.809948 0.809948
3022.412354 0.000000 361.968323 0.000000 0.570217 0.000000 -0.821494 0.935860 0.935860 0.935860
3024.698975 0.000000 369.056763 0.000000 0.147346 0.000000 0.989085 0.628384 0.628384 0.628384
3024.786865 0.000000 365.133881 0.000000 0.370667 0.000000 -0.928766 0.744960 0.744960 0.744960
3017.425781 0.000000 376.434753 0.000000 0.519114 0.000000 0.854705 0.419133 0.419133 0.419133
3009.326172 0.000000 375.074036 0.000000 0.999673 0.000000 0.025570 0.696425 0.696425 0.696425
3022.239014 0.000000 372.792786 0.000000 0.489671 0.000000 -0.871907 0.979847 0.979847 0.979847
3026.455322 0.000000 369.965881 0.000000 0.164668 0.000000 0.986349 0.275601 0.275601 0.275601
3010.851318 0.000000 374.780029 0.000000 0.532502 0.000000 0.846429 0.567367 0.567367 0.567367
3023.292480 0.000000 373.979431 0.000000 0.005175 0.000000 -0.999987 1.113692 1.113692 1.113692
3023.607910 0.000000 372.187317 0.000000 0.573975 0.000000 0.818873 0.446481 0.446481 0.446481
3008.033203 0.000000 374.402771 0.000000 0.299383 0.000000 0.954133 0.522900 0.522900 0.522900
3027.760254 0.000000 369.404846 0.000000 0.180224 0.000000 -0.983626 1.119630 1.119630 1.119630
3026.205566 0.000000 365.385254 0.000000 0.349219 0.000000 0.937041 0.360533 0.360533 0.360533
3027.951416 0.000000 364.494507 0.000000 0.479567 0.000000 -0.877505 0.999364 0.999364 0.999364
3022.841309 0.000000 360.878998 0.000000 0.543807 0.000000 0.839211 0.456359 0.456359 0.456359
3016.734619 0.000000 377.986542 0.000000 0.328723 0.000000 -0.944426 1.038648 1.038648 1.038648
3068.866211 0.000000 442.777252 0.000000 0.286651 0.000000 0.958035 0.669576 0.669576 0.669576
3052.531738 0.000000 443.006775 0.000000 0.562377 0.000000 0.826881 0.664612 0.664612 0.664612
3054.974854 0.000000 444.243286 0.000000 0.428567 0.000000 0.903510 0.476085 0.476085 0.476085
3070.835449 0.000000 443.442078 0.000000 0.809385 0.000000 -0.587278 0.821980 0.821980 0.821980
3054.399658 0.000000 442.705872 0.000000 0.996233 0.000000 -0.086715 0.709104 0.709104 0.709104
3054.981689 0.000000 445.827667 0.000000 0.917248 0.000000 -0.398316 0.781332 0.781332 0.781332
3064.049072 0.000000 441.271271 0.000000 0.116727 0.000000 -0.993164 1.104470 1.104470 1.104470
3071.273926 0.000000 440.011444 0.000000 0.898202 0.000000 0.439584 0.643368 0.643368 0.643368
3070.107910 0.000000 442.466980 0.000000 0.658442 0.000000 0.752632 0.534420 0.534420 0.534420
3185.789062 0.000000 296.432739 0.000000 0.575649 0.000000 0.817697 0.685276 0.685276 0.685276
3211.051270 0.000000 332.390930 0.000000 0.956795 0.000000 0.290764 0.685564 0.685564 0.685564
3246.187500 0.000000 356.955017 0.000000 0.315661 0.000000 -0.948872 0.748918 0.748918 0.748918
3223.272949 0.000000 345.934784 0.000000 0.978611 0.000000 0.205719 0.691889 0.691889 0.691889
3276.139404 0.000000 358.868591 0.000000 0.924273 0.000000 0.381733 0.680835 0.680835 0.680835
3270.157715 0.000000 358.096161 0.000000 0.555476 0.000000 -0.831533 0.796089 0.796089 0.796089
3272.637695 0.000000 359.839508 0.000000 0.944798 0.000000 -0.327654 0.726602 0.726602 0.726602
3271.709961 0.000000 358.607544 0.000000 0.941583 0.000000 0.336780 0.666384 0.666384 0.666384
3109.853027 0.000000 465.631683 0.000000 0.999990 0.000000 0.004385 0.699859 0.699859 0.699859
3113.600586 0.000000 464.287262 0.000000 0.996193 0.000000 0.087175 0.683648 0.683648 0.683648
3107.501221 0.000000 462.395508 0.000000 0.019984 0.000000 -0.999800 0.795398 0.795398 0.795398
3124.958252 0.000000 469.250275 0.000000 0.784384 0.000000 0.620275 0.526009 0.526009 0.526009
3111.153076 0.000000 463.467529 0.000000 0.537201 0.000000 -0.843454 0.785596 0.785596 0.785596
3112.419189 0.000000 466.385223 0.000000 0.330203 0.000000 0.943910 0.565403 0.565403 0.565403
3109.244141 0.000000 463.242401 0.000000 0.271053 0.000000 0.962564 0.448087 0.448087 0.448087
3117.799316 0.000000 462.078552 0.000000 0.994145 0.000000 -0.108057 0.727700 0.727700 0.727700
3117.830566 0.000000 463.997223 0.000000 0.970212 0.000000 0.242259 0.637396 0.637396 0.637396
3107.378418 0.000000 460.328613 0.000000 0.999766 0.000000 -0.021624 0.702177 0.702177 0.702177
3125.254639 0.000000 467.538116 0.000000 0.305706 0.000000 -0.952126 0.974830 0.974830 0.974830
3113.854736 0.000000 467.196716 0.000000 0.939099 0.000000 0.343646 0.661746 0.661746 0.661746
3111.474854 0.000000 465.041382 0.000000 0.033890 0.000000 -0.999426 1.247916 1.247916 1.247916
3074.170410 0.000000 442.249664 0.000000 0.647013 0.000000 0.762479 0.566645 0.566645 0.566645
3113.750732 0.000000 465.682922 0.000000 0.830138 0.000000 0.557558 0.589199 0.589199 0.589199
3071.791992 0.000000 443.885345 0.000000 0.475723 0.000000 -0.879595 0.908908 0.908908 0.908908
3110.134033 0.000000 464.362488 0.000000 0.975218 0.000000 0.221245 0.620467 0.620467 0.620467
3071.662109 0.000000 442.390869 0.000000 0.152128 0.000000 0.988361 0.424424 0.424424 0.424424
3108.076172 0.000000 463.479950 0.000000 0.804569 0.000000 -0.593860 0.823565 0.823565 0.823565
3112.722900 0.000000 465.091492 0.000000 0.540973 0.000000 0.841040 0.512808 0.512808 0.512808
3324.385742 0.000000 408.426025 0.000000 0.717768 0.000000 -0.696282 0.711845 0.711845 0.711845
3319.896484 0.000000 409.402893 0.000000 0.256930 0.000000 -0.966430 0.723826 0.723826 0.723826
3127.761475 0.000000 474.883240 0.000000 0.818540 0.000000 0.574450 0.556272 0.556272 0.556272
3126.376953 0.000000 473.588348 0.000000 0.150203 0.000000 -0.988655 0.942205 0.942205 0.942205
3126.676514 0.000000 475.927826 0.000000 0.971374 0.000000 0.237556 0.643665 0.643665 0.643665
3126.335693 0.000000 474.794128 0.000000 0.802095 0.000000 -0.597197 0.850321 0.850321 0.850321
3324.834961 0.000000 537.261658 0.000000 0.980536 0.000000 -0.196340 0.701658 0.701658 0.701658
3322.355469 0.000000 541.548706 0.000000 0.999674 0.000000 0.025530 0.699572 0.699572 0.699572
3300.633789 0.000000 538.064575 0.000000 0.974690 0.000000 0.223563 0.696848 0.696848 0.696848
3308.500488 0.000000 537.491150 0.000000 0.985893 0.000000 -0.167378 0.703762 0.703762 0.703762
3322.170166 0.000000 538.789612 0.000000 0.772648 0.000000 0.634835 0.635574 0.635574 0.635574
3302.992432 0.000000 539.403625 0.000000 0.622591 0.000000 -0.782547 0.766595 0.766595 0.766595
3327.962646 0.000000 408.294830 0.000000 0.610496 0.000000 -0.792019 0.708946 0.708946 0.708946
3388.377930 0.000000 455.668213 0.000000 0.445897 0.000000 -0.895084 0.885991 0.885991 0.885991
3388.751221 0.000000 454.355133 0.000000 0.763320 0.000000 -0.646020 0.817833 0.817833 0.817833
3395.683838 0.000000 447.565826 0.000000 0.997541 0.000000 -0.070081 0.715199 0.715199 0.715199
3394.534180 0.000000 447.024109 0.000000 0.577258 0.000000 -0.816562 0.907042 0.907042 0.907042
3395.909912 0.000000 446.434326 0.000000 0.554869 0.000000 0.831938 0.487072 0.487072 0.487072
3516.685059 0.000000 414.974762 0.000000 0.485039 0.000000 -0.874493 0.749107 0.749107 0.749107
3520.768311 0.000000 424.887878 0.000000 0.847628 0.000000 -0.530592 0.746134 0.746134 0.746134
3569.813477 0.000000 421.974121 0.000000 0.674876 0.000000 0.737931 0.683754 0.683754 0.683754
3528.770264 0.000000 400.413635 0.000000 0.959633 0.000000 0.281254 0.690035 0.690035 0.690035
3521.263672 0.000000 422.316223 0.000000 0.939628 0.000000 -0.342197 0.733691 0.733691 0.733691
3578.297607 0.000000 409.867340 0.000000 0.999987 0.000000 0.005144 0.699540 0.699540 0.699540
3517.652588 0.000000 429.337982 0.000000 0.915308 0.000000 -0.402755 0.716227 0.716227 0.716227
3546.741211 0.000000 448.838928 0.000000 0.811144 0.000000 -0.584846 0.706114 0.706114 0.706114
3519.869629 0.000000 429.233887 0.000000 0.847669 0.000000 0.530526 0.688273 0.688273 0.688273
3569.813477 0.000000 469.216309 0.000000 0.885002 0.000000 -0.465588 0.750781 0.750781 0.750781
3558.842773 0.000000 460.978607 0.000000 0.992038 0.000000 0.125942 0.693115 0.693115 0.693115
3565.439209 0.000000 465.700104 0.000000 0.954870 0.000000 -0.297024 0.708854 0.708854 0.708854
3553.952637 0.000000 459.252197 0.000000 0.748644 0.000000 -0.662973 0.756744 0.756744 0.756744
3566.073486 0.000000 470.469604 0.000000 0.926616 0.000000 -0.376008 0.763055 0.763055 0.763055
3564.277344 0.000000 463.058411 0.000000 0.435119 0.000000 0.900373 0.667099 0.667099 0.667099
3525.129395 0.000000 433.900208 0.000000 0.776333 0.000000 -0.630323 0.722883 0.722883 0.722883
3546.560303 0.000000 451.712067 0.000000 0.994352 0.000000 0.106129 0.695540 0.695540 0.695540
3566.380127 0.000000 467.965668 0.000000 0.943540 0.000000 -0.331259 0.729267 0.729267 0.729267
3567.811035 0.000000 469.508270 0.000000 0.513180 0.000000 0.858281 0.332117 0.332117 0.332117
3568.621826 0.000000 468.157593 0.000000 0.541058 0.000000 0.840985 0.595239 0.595239 0.595239
3555.282715 0.000000 458.403320 0.000000 0.636648 0.000000 0.771155 0.549792 0.549792 0.549792
3567.471924 0.000000 470.957855 0.000000 0.095608 0.000000 -0.995419 0.941278 0.941278 0.941278
3354.764648 0.000000 543.323364 0.000000 0.986836 0.000000 0.161722 0.696366 0.696366 0.696366
3372.714600 0.000000 548.712646 0.000000 0.979662 0.000000 0.200656 0.687855 0.687855 0.687855
3357.046143 0.000000 545.085632 0.000000 0.999711 0.000000 -0.024031 0.701344 0.701344 0.701344
3356.905273 0.000000 543.329712 0.000000 0.857075 0.000000 -0.515191 0.757507 0.757507 0.757507
3371.193848 0.000000 548.077637 0.000000 0.945112 0.000000 0.326747 0.665563 0.665563 0.665563
3398.406494 0.000000 563.425842 0.000000 0.655703 0.000000 0.755019 0.538499 0.538499 0.538499
3400.418213 0.000000 563.563416 0.000000 0.350572 0.000000 -0.936536 0.866141 0.866141 0.866141
3401.482422 0.000000 562.757324 0.000000 0.794366 0.000000 -0.607439 0.789445 0.789445 0.789445
3399.445068 0.000000 562.863586 0.000000 0.780217 0.000000 -0.625509 0.827547 0.827547 0.827547
3531.010742 0.000000 483.123108 0.000000 0.908880 0.000000 0.417058 0.687971 0.687971 0.687971
3542.846436 0.000000 484.287292 0.000000 0.489042 0.000000 0.872261 0.621471 0.621471 0.621471
3543.233887 0.000000 487.661346 0.000000 0.889427 0.000000 0.457077 0.684072 0.684072 0.684072
3533.764893 0.000000 484.722382 0.000000 0.465509 0.000000 0.885043 0.646831 0.646831 0.646831
3545.662598 0.000000 484.438446 0.000000 0.704229 0.000000 -0.709973 0.743045 0.743045 0.743045
3558.750488 0.000000 489.954437 0.000000 0.443054 0.000000 0.896495 0.583423 0.583423 0.583423
3532.828857 0.000000 482.797302 0.000000 0.544671 0.000000 -0.838650 0.772321 0.772321 0.772321
3558.635742 0.000000 488.233826 0.000000 0.806134 0.000000 -0.591733 0.766395 0.766395 0.766395
3311.261719 0.000000 691.530457 0.000000 0.931149 0.000000 -0.364638 0.707305 0.707305 0.707305
3314.145264 0.000000 688.631897 0.000000 0.926115 0.000000 0.377240 0.690266 0.690266 0.690266
3319.578125 0.000000 690.770630 0.000000 0.572409 0.000000 0.819968 0.634142 0.634142 0.634142
3408.407959 0.000000 573.131165 0.000000 0.791121 0.000000 -0.611660 0.731285 0.731285 0.731285
3407.559814 0.000000 568.633545 0.000000 0.433977 0.000000 -0.900924 0.715685 0.715685 0.715685
3409.553467 0.000000 575.848816 0.000000 0.208704 0.000000 0.977979 0.608697 0.608697 0.608697
3406.138916 0.000000 573.545593 0.000000 0.999764 0.000000 -0.021720 0.701002 0.701002 0.701002
3408.100830 0.000000 577.108459 0.000000 0.967584 0.000000 0.252550 0.654311 0.654311 0.654311
3411.113037 0.000000 576.410461 0.000000 0.543483 0.000000 0.839420 0.524510 0.524510 0.524510
3514.803955 0.000000 627.346741 0.000000 0.694597 0.000000 -0.719399 0.721329 0.721329 0.721329
3467.619873 0.000000 620.452881 0.000000 0.996144 0.000000 0.087736 0.697912 0.697912 0.697912
3476.014648 0.000000 618.033569 0.000000 0.999794 0.000000 0.020303 0.699574 0.699574 0.699574
3479.342529 0.000000 621.935486 0.000000 0.919094 0.000000 -0.394037 0.722084 0.722084 0.722084
3478.023438 0.000000 623.803284 0.000000 0.035708 0.000000 -0.999362 0.880276 0.880276 0.880276
3515.423828 0.000000 629.935486 0.000000 0.660281 0.000000 0.751019 0.622793 0.622793 0.622793
3467.424805 0.000000 617.893311 0.000000 0.241063 0.000000 0.970510 0.614638 0.614638 0.614638
3481.977295 0.000000 621.371582 0.000000 0.504213 0.000000 0.863579 0.618395 0.618395 0.618395
3466.323242 0.000000 619.562317 0.000000 0.525661 0.000000 -0.850694 0.904805 0.904805 0.904805
3467.773193 0.000000 619.156006 0.000000 0.947649 0.000000 -0.319313 0.765430 0.765430 0.765430
3552.438721 0.000000 656.901489 0.000000 0.999584 0.000000 -0.028856 0.701977 0.701977 0.701977
3523.680908 0.000000 631.952271 0.000000 0.701095 0.000000 0.713068 0.646726 0.646726 0.646726
3408.407959 0.000000 714.857727 0.000000 0.932137 0.000000 -0.362105 0.704662 0.704662 0.704662
3398.131592 0.000000 714.164001 0.000000 0.389870 0.000000 0.920870 0.596922 0.596922 0.596922
3409.122803 0.000000 720.420532 0.000000 0.571925 0.000000 -0.820306 0.722863 0.722863 0.722863
3409.553467 0.000000 717.575378 0.000000 0.976261 0.000000 -0.216599 0.714957 0.714957 0.714957
3416.045410 0.000000 712.440918 0.000000 0.990332 0.000000 0.138718 0.691050 0.691050 0.691050
3398.450684 0.000000 715.988647 0.000000 0.736079 0.000000 0.676895 0.634511 0.634511 0.634511
3399.844971 0.000000 714.030396 0.000000 0.981428 0.000000 0.191832 0.682998 0.682998 0.682998
3571.635254 0.000000 702.873840 0.000000 0.999805 0.000000 -0.019754 0.702624 0.702624 0.702624
3568.531494 0.000000 702.681946 0.000000 0.999994 0.000000 0.003363 0.699850 0.699850 0.699850
3570.115723 0.000000 703.730286 0.000000 0.331187 0.000000 -0.943565 0.863794 0.863794 0.863794
3468.809326 0.000000 733.476562 0.000000 0.354562 0.000000 0.935032 0.674660 0.674660 0.674660
3492.566650 0.000000 737.861206 0.000000 0.437201 0.000000 0.899364 0.687492 0.687492 0.687492
3472.177979 0.000000 725.758179 0.000000 0.999540 0.000000 -0.030340 0.700170 0.700170 0.700170
3460.796631 0.000000 728.985291 0.000000 0.585028 0.000000 0.811013 0.688098 0.688098 0.688098
3506.121826 0.000000 735.874084 0.000000 0.994017 0.000000 0.109222 0.697552 0.697552 0.697552
3458.023682 0.000000 729.249084 0.000000 0.571528 0.000000 0.820583 0.573519 0.573519 0.573519
3474.694336 0.000000 725.537842 0.000000 0.404916 0.000000 -0.914354 0.846805 0.846805 0.846805
3466.090576 0.000000 733.212708 0.000000 0.959180 0.000000 0.282797 0.685169 0.685169 0.685169
3459.379639 0.000000 728.831482 0.000000 0.177762 0.000000 0.984073 0.517055 0.517055 0.517055
3475.172852 0.000000 724.245239 0.000000 0.837462 0.000000 -0.546495 0.773557 0.773557 0.773557
3574.692627 0.000000 733.729797 0.000000 0.370413 0.000000 -0.928867 0.733311 0.733311 0.733311
3575.111816 0.000000 727.635681 0.000000 0.716766 0.000000 -0.697314 0.734522 0.734522 0.734522
3577.476562 0.000000 732.949768 0.000000 0.060257 0.000000 0.998183 0.600746 0.600746 0.600746
3573.221924 0.000000 714.686829 0.000000 0.992474 0.000000 0.122453 0.680949 0.680949 0.680949
3584.580078 0.000000 400.858643 0.000000 0.627191 0.000000 -0.778865 0.713731 0.713731 0.713731
3587.660400 0.000000 400.323639 0.000000 0.999124 0.000000 0.041853 0.698186 0.698186 0.698186
3647.203613 0.000000 392.769257 0.000000 0.188403 0.000000 -0.982092 0.887316 0.887316 0.887316
3647.959229 0.000000 393.926086 0.000000 0.921106 0.000000 0.389311 0.645771 0.645771 0.645771
3679.869629 0.000000 429.660889 0.000000 0.173990 0.000000 0.984747 0.651210 0.651210 0.651210
3692.735840 0.000000 439.397491 0.000000 0.961754 0.000000 0.273916 0.696897 0.696897 0.696897
3695.193115 0.000000 436.582611 0.000000 0.034468 0.000000 -0.999406 0.764436 0.764436 0.764436
3680.301758 0.000000 427.490112 0.000000 0.267932 0.000000 0.963438 0.627326 0.627326 0.627326
3715.187744 0.000000 467.572388 0.000000 0.008373 0.000000 -0.999965 0.748056 0.748056 0.748056
3792.138916 0.000000 536.789429 0.000000 0.099691 0.000000 -0.995018 0.755525 0.755525 0.755525
3800.894287 0.000000 548.565491 0.000000 0.271942 0.000000 -0.962314 0.741654 0.741654 0.741654
3794.761475 0.000000 539.784851 0.000000 0.629796 0.000000 -0.776761 0.963641 0.963641 0.963641
3794.655273 0.000000 536.569092 0.000000 0.337475 0.000000 0.941334 0.590252 0.590252 0.590252
3797.301025 0.000000 539.938965 0.000000 0.719755 0.000000 -0.694228 0.762222 0.762222 0.762222
3792.898682 0.000000 538.984192 0.000000 0.711242 0.000000 -0.702947 0.752312 0.752312 0.752312
3795.441162 0.000000 538.219788 0.000000 0.952936 0.000000 -0.303171 0.791294 0.791294 0.791294
3785.645508 0.000000 608.684021 0.000000 0.001510 0.000000 -0.999999 0.739491 0.739491 0.739491
3785.332031 0.000000 612.645691 0.000000 0.169494 0.000000 -0.985531 0.797898 0.797898 0.797898
3789.733643 0.000000 579.206787 0.000000 0.621848 0.000000 0.783138 0.673585 0.673585 0.673585
3791.881592 0.000000 581.148804 0.000000 0.768091 0.000000 0.640341 0.654336 0.654336 0.654336
3787.819824 0.000000 608.875732 0.000000 0.799914 0.000000 0.600114 0.649608 0.649608 0.649608
3790.196777 0.000000 582.454407 0.000000 0.949528 0.000000 -0.313682 0.750407 0.750407 0.750407
3784.371338 0.000000 610.805603 0.000000 0.802390 0.000000 -0.596800 0.753644 0.753644 0.753644
3790.915771 0.000000 583.520142 0.000000 0.884269 0.000000 0.466979 0.623241 0.623241 0.623241
3583.565674 0.000000 751.001831 0.000000 0.197882 0.000000 -0.980226 0.726846 0.726846 0.726846
3966.750732 0.000000 612.709106 0.000000 0.108921 0.000000 -0.994050 0.757218 0.757218 0.757218
3966.358154 0.000000 608.321655 0.000000 0.972994 0.000000 -0.230829 0.710746 0.710746 0.710746
3966.014160 0.000000 596.223999 0.000000 0.716836 0.000000 0.697241 0.636359 0.636359 0.636359
3964.630371 0.000000 651.185730 0.000000 0.718824 0.000000 0.695192 0.639818 0.639818 0.639818
3967.017578 0.000000 614.322754 0.000000 0.999954 0.000000 0.009564 0.699158 0.699158 0.699158
3976.868652 0.000000 593.853271 0.000000 0.225010 0.000000 0.974356 0.527152 0.527152 0.527152
3968.686768 0.000000 593.723267 0.000000 0.022397 0.000000 0.999749 0.593927 0.593927 0.593927
3971.156494 0.000000 609.298950 0.000000 0.466642 0.000000 0.884446 0.596822 0.596822 0.596822
3985.320312 0.000000 612.570618 0.000000 0.197043 0.000000 0.980395 0.252923 0.252923 0.252923
3983.000488 0.000000 611.723328 0.000000 0.311637 0.000000 0.950201 0.649163 0.649163 0.649163
3987.762939 0.000000 612.720337 0.000000 0.881421 0.000000 -0.472332 0.723384 0.723384 0.723384
3970.017578 0.000000 598.028320 0.000000 0.842390 0.000000 0.538869 0.668970 0.668970 0.668970
3983.395020 0.000000 613.762634 0.000000 0.409625 0.000000 0.912254 0.553851 0.553851 0.553851
3978.818848 0.000000 593.385193 0.000000 0.993404 0.000000 0.114663 0.693092 0.693092 0.693092
3976.900879 0.000000 592.446106 0.000000 0.474784 0.000000 -0.880102 0.838407 0.838407 0.838407
3984.009277 0.000000 612.540222 0.000000 0.237119 0.000000 0.971481 0.266298 0.266298 0.266298
3987.775146 0.000000 614.263245 0.000000 0.965997 0.000000 0.258554 0.690859 0.690859 0.690859
3971.639893 0.000000 659.585327 0.000000 0.896859 0.000000 -0.442316 0.742277 0.742277 0.742277
3985.406738 0.000000 614.201416 0.000000 0.969001 0.000000 -0.247056 0.715008 0.715008 0.715008
4021.162109 0.000000 664.661865 0.000000 0.795960 0.000000 0.605349 0.682728 0.682728 0.682728
3997.191406 0.000000 671.229980 0.000000 0.576969 0.000000 0.816766 0.618489 0.618489 0.618489
4018.778564 0.000000 667.314453 0.000000 0.875136 0.000000 -0.483876 0.761434 0.761434 0.761434
3987.809082 0.000000 671.991638 0.000000 0.623123 0.000000 -0.782124 0.740178 0.740178 0.740178
3985.483154 0.000000 670.333191 0.000000 0.343748 0.000000 0.939062 0.642013 0.642013 0.642013
3993.607910 0.000000 673.407227 0.000000 0.978162 0.000000 -0.207844 0.707025 0.707025 0.707025
4018.320557 0.000000 664.403442 0.000000 0.990207 0.000000 0.139609 0.687272 0.687272 0.687272
4021.167236 0.000000 667.444641 0.000000 0.722145 0.000000 0.691741 0.657281 0.657281 0.657281
3995.753662 0.000000 672.884216 0.000000 0.951947 0.000000 -0.306263 0.724369 0.724369 0.724369
4019.773193 0.000000 665.871399 0.000000 0.539161 0.000000 -0.842203 0.790998 0.790998 0.790998
3999.007812 0.000000 670.957886 0.000000 0.853885 0.000000 0.520462 0.640307 0.640307 0.640307
3993.408936 0.000000 671.962524 0.000000 0.978620 0.000000 0.205678 0.669880 0.669880 0.669880
4057.275635 0.000000 666.952881 0.000000 0.789378 0.000000 0.613908 0.675049 0.675049 0.675049
4068.958984 0.000000 666.905334 0.000000 0.158282 0.000000 -0.987394 0.836196 0.836196 0.836196
4035.277832 0.000000 664.138123 0.000000 0.971507 0.000000 0.237011 0.680597 0.680597 0.680597
4060.837402 0.000000 667.556335 0.000000 0.997816 0.000000 -0.066055 0.705637 0.705637 0.705637
4082.770752 0.000000 667.314453 0.000000 0.939657 0.000000 0.342117 0.690725 0.690725 0.690725
4035.166504 0.000000 667.934082 0.000000 0.796333 0.000000 -0.604858 0.752674 0.752674 0.752674
4069.356689 0.000000 669.608093 0.000000 0.989182 0.000000 -0.146691 0.711320 0.711320 0.711320
4094.405518 0.000000 668.089783 0.000000 0.075020 0.000000 -0.997182 0.852650 0.852650 0.852650
4058.098633 0.000000 664.486328 0.000000 0.865431 0.000000 -0.501027 0.725679 0.725679 0.725679
4085.159424 0.000000 667.444641 0.000000 0.967962 0.000000 0.251098 0.657773 0.657773 0.657773
4035.904297 0.000000 666.051025 0.000000 0.657657 0.000000 0.753317 0.630825 0.630825 0.630825
4059.141846 0.000000 666.232605 0.000000 0.348105 0.000000 -0.937456 0.825726 0.825726 0.825726
4061.893311 0.000000 669.408203 0.000000 0.666156 0.000000 -0.745812 0.760018 0.760018 0.760018
4084.925293 0.000000 669.277527 0.000000 0.118083 0.000000 0.993004 0.509123 0.509123 0.509123
4094.905029 0.000000 666.595093 0.000000 0.634484 0.000000 -0.772936 0.824748 0.824748 0.824748
4085.426758 0.000000 666.059998 0.000000 0.068137 0.000000 0.997676 0.450011 0.450011 0.450011
4046.390381 0.000000 666.652100 0.000000 0.844482 0.000000 0.535584 0.592535 0.592535 0.592535
3519.869629 0.000000 759.929260 0.000000 0.560767 0.000000 -0.827974 0.710910 0.710910 0.710910
3536.392334 0.000000 762.099915 0.000000 0.949391 0.000000 0.314095 0.697767 0.697767 0.697767
3581.644775 0.000000 760.033325 0.000000 0.509402 0.000000 0.860529 0.582645 0.582645 0.582645
3579.740967 0.000000 761.405823 0.000000 0.757084 0.000000 -0.653317 0.763703 0.763703 0.763703
3521.064209 0.000000 761.799011 0.000000 0.909501 0.000000 -0.415702 0.737161 0.737161 0.737161
3580.243652 0.000000 758.226685 0.000000 0.371530 0.000000 -0.928421 0.804825 0.804825 0.804825
3578.476562 0.000000 763.806641 0.000000 0.335114 0.000000 -0.942177 0.825437 0.825437 0.825437
3501.245850 0.000000 803.989990 0.000000 0.705747 0.000000 0.708464 0.697799 0.697799 0.697799
3505.436523 0.000000 821.478882 0.000000 0.543508 0.000000 -0.839404 0.727855 0.727855 0.727855
3505.750000 0.000000 816.096802 0.000000 0.860308 0.000000 0.509775 0.661859 0.661859 0.661859
3502.920166 0.000000 822.180847 0.000000 0.259716 0.000000 -0.965685 0.745719 0.745719 0.745719
3546.250732 0.000000 849.536072 0.000000 0.843030 0.000000 0.537867 0.641246 0.641246 0.641246
3554.022461 0.000000 872.307068 0.000000 0.681464 0.000000 0.731851 0.688521 0.688521 0.688521
3550.557861 0.000000 873.592773 0.000000 0.345170 0.000000 0.938540 0.660822 0.660822 0.660822
3550.163818 0.000000 863.576599 0.000000 0.939610 0.000000 0.342248 0.680954 0.680954 0.680954
3552.106934 0.000000 870.966553 0.000000 0.996899 0.000000 -0.078692 0.709471 0.709471 0.709471
3551.022949 0.000000 875.303467 0.000000 0.832959 0.000000 -0.553335 0.744268 0.744268 0.744268
3587.958984 0.000000 760.535400 0.000000 0.993902 0.000000 -0.110270 0.706797 0.706797 0.706797
3831.024170 0.000000 1080.948975 0.000000 0.221436 0.000000 0.975175 0.667974 0.667974 0.667974
3832.178955 0.000000 1083.605469 0.000000 0.455182 0.000000 0.890399 0.658545 0.658545 0.658545
3866.702148 0.000000 1062.987427 0.000000 0.998934 0.000000 -0.046169 0.700517 0.700517 0.700517
3863.930908 0.000000 1041.104736 0.000000 0.566226 0.000000 -0.824250 0.724382 0.724382 0.724382
3843.655518 0.000000 1084.765015 0.000000 0.116935 0.000000 0.993140 0.628872 0.628872 0.628872
3866.521240 0.000000 1065.860596 0.000000 0.848246 0.000000 -0.529602 0.723409 0.723409 0.723409
3851.812012 0.000000 1081.297729 0.000000 0.656182 0.000000 0.754602 0.654574 0.654574 0.654574
3847.147949 0.000000 1121.640259 0.000000 0.846095 0.000000 -0.533033 0.725937 0.725937 0.725937
3879.949463 0.000000 1158.457031 0.000000 0.890420 0.000000 0.455140 0.689430 0.689430 0.689430
3883.693115 0.000000 1139.529663 0.000000 0.636411 0.000000 -0.771350 0.711085 0.711085 0.711085
3887.895264 0.000000 1138.006592 0.000000 0.977513 0.000000 0.210875 0.695247 0.695247 0.695247
3876.563477 0.000000 1152.213013 0.000000 0.099798 0.000000 0.995008 0.621860 0.621860 0.621860
3877.977051 0.000000 1155.620117 0.000000 0.999936 0.000000 -0.011325 0.700602 0.700602 0.700602
3885.375977 0.000000 1137.478638 0.000000 0.986536 0.000000 0.163541 0.676573 0.676573 0.676573
3869.910645 0.000000 1164.661255 0.000000 0.665870 0.000000 0.746068 0.661147 0.661147 0.661147
3885.406738 0.000000 1139.833130 0.000000 0.161560 0.000000 -0.986863 0.885106 0.885106 0.885106
3884.783691 0.000000 1138.657959 0.000000 0.458516 0.000000 -0.888686 0.843834 0.843834 0.843834
3924.489746 0.000000 1177.408813 0.000000 0.456072 0.000000 -0.889943 0.765961 0.765961 0.765961
3920.589600 0.000000 1172.174072 0.000000 0.009262 0.000000 -0.999957 0.798241 0.798241 0.798241
3923.233154 0.000000 1174.511841 0.000000 0.717823 0.000000 0.696226 0.649396 0.649396 0.649396
3959.708740 0.000000 1217.247681 0.000000 0.992536 0.000000 -0.121954 0.706153 0.706153 0.706153
3929.738037 0.000000 1198.462036 0.000000 0.963869 0.000000 -0.266377 0.701885 0.701885 0.701885
3945.499023 0.000000 1220.162354 0.000000 0.991621 0.000000 -0.129179 0.707244 0.707244 0.707244
3927.443359 0.000000 1202.311279 0.000000 0.320799 0.000000 0.947147 0.665210 0.665210 0.665210
3927.530518 0.000000 1199.661743 0.000000 0.366179 0.000000 0.930544 0.636466 0.636466 0.636466
3931.761475 0.000000 1192.548340 0.000000 0.991704 0.000000 0.128546 0.692251 0.692251 0.692251
3988.481934 0.000000 1224.651001 0.000000 0.894849 0.000000 -0.446370 0.702588 0.702588 0.702588
3982.121826 0.000000 1223.152222 0.000000 0.074047 0.000000 0.997255 0.618394 0.618394 0.618394
3989.679688 0.000000 1227.434570 0.000000 0.922837 0.000000 0.385190 0.659644 0.659644 0.659644
4026.572510 0.000000 1274.174805 0.000000 0.547668 0.000000 -0.836695 0.751274 0.751274 0.751274
4019.037842 0.000000 1259.235352 0.000000 0.204931 0.000000 -0.978776 0.722890 0.722890 0.722890
4012.696777 0.000000 1242.514771 0.000000 0.935082 0.000000 -0.354432 0.705065 0.705065 0.705065
4021.648193 0.000000 1256.776611 0.000000 0.980242 0.000000 -0.197801 0.719208 0.719208 0.719208
4015.458252 0.000000 1243.996094 0.000000 0.213672 0.000000 0.976905 0.582508 0.582508 0.582508
4049.044678 0.000000 1287.326782 0.000000 0.797893 0.000000 -0.602800 0.721709 0.721709 0.721709
4069.735840 0.000000 1315.991089 0.000000 0.967543 0.000000 -0.252708 0.732503 0.732503 0.732503
4043.549561 0.000000 1281.843628 0.000000 0.952668 0.000000 0.304014 0.694818 0.694818 0.694818
4050.730225 0.000000 1295.659912 0.000000 0.997227 0.000000 0.074420 0.688336 0.688336 0.688336
4035.166504 0.000000 1282.082520 0.000000 0.422937 0.000000 -0.906159 0.747567 0.747567 0.747567
4037.066895 0.000000 1284.259644 0.000000 0.950155 0.000000 -0.311779 0.719504 0.719504 0.719504
4047.850342 0.000000 1289.781738 0.000000 0.180402 0.000000 0.983593 0.459133 0.459133 0.459133
4053.269775 0.000000 1295.814087 0.000000 0.056146 0.000000 0.998423 0.596240 0.596240 0.596240
4042.322510 0.000000 1283.925415 0.000000 0.792620 0.000000 -0.609715 0.752253 0.752253 0.752253
4044.446289 0.000000 1283.779663 0.000000 0.798073 0.000000 0.602561 0.647560 0.647560 0.647560
4051.902832 0.000000 1297.066406 0.000000 0.274263 0.000000 0.961655 0.598771 0.598771 0.598771
4051.409912 0.000000 1294.094849 0.000000 0.849263 0.000000 0.527971 0.612907 0.612907 0.612907
4047.392578 0.000000 1288.122437 0.000000 0.758091 0.000000 -0.652149 0.823158 0.823158 0.823158
4036.827881 0.000000 1282.300537 0.000000 0.695738 0.000000 0.718295 0.628298 0.628298 0.628298
4049.220947 0.000000 1288.945068 0.000000 0.112324 0.000000 0.993672 0.520594 0.520594 0.520594
4046.663330 0.000000 1289.186157 0.000000 0.433513 0.000000 0.901147 0.505419 0.505419 0.505419
4079.898193 0.000000 1331.260620 0.000000 0.331613 0.000000 -0.943416 0.818922 0.818922 0.818922
4077.284424 0.000000 1330.623901 0.000000 0.512389 0.000000 -0.858753 0.738987 0.738987 0.738987
4079.014648 0.000000 1329.160522 0.000000 0.957207 0.000000 -0.289406 0.723397 0.723397 0.723397
4090.733643 0.000000 1383.221802 0.000000 0.792424 0.000000 0.609971 0.504644 0.504644 0.504644
4073.154053 0.000000 1382.972412 0.000000 0.524708 0.000000 0.851282 0.670100 0.670100 0.670100
4072.388428 0.000000 1385.966553 0.000000 0.986298 0.000000 -0.164971 0.705329 0.705329 0.705329
4092.483887 0.000000 1380.880249 0.000000 0.919907 0.000000 -0.392137 0.711267 0.711267 0.711267
4088.545654 0.000000 1382.596802 0.000000 0.987710 0.000000 -0.156300 0.718212 0.718212 0.718212
4091.353516 0.000000 1385.810547 0.000000 0.988042 0.000000 0.154187 0.687880 0.687880 0.687880
4091.802979 0.000000 1382.277222 0.000000 0.113678 0.000000 -0.993518 1.133839 1.133839 1.133839
4090.564697 0.000000 1463.143555 0.000000 0.928323 0.000000 -0.371775 0.711184 0.711184 0.711184
4065.890137 0.000000 1451.338257 0.000000 0.035628 0.000000 0.999365 0.646344 0.646344 0.646344
4090.551758 0.000000 1459.880005 0.000000 0.901401 0.000000 -0.432986 0.726920 0.726920 0.726920
4088.147705 0.000000 1461.542969 0.000000 0.276518 0.000000 -0.961009 0.932765 0.932765 0.932765
4089.889648 0.000000 1461.551758 0.000000 0.634050 0.000000 0.773292 0.540567 0.540567 0.540567
4088.838135 0.000000 1460.261597 0.000000 0.993089 0.000000 -0.117365 0.721216 0.721216 0.721216
340.220245 0.000000 1559.107056 0.000000 0.184705 0.000000 0.982794 0.665146 0.665146 0.665146
352.451538 0.000000 1573.752930 0.000000 0.273883 0.000000 -0.961763 0.714466 0.714466 0.714466
354.412964 0.000000 1580.939941 0.000000 0.999013 0.000000 -0.044417 0.701677 0.701677 0.701677
345.728455 0.000000 1564.554565 0.000000 0.954104 0.000000 -0.299475 0.713182 0.713182 0.713182
349.636627 0.000000 1568.831665 0.000000 0.171959 0.000000 -0.985104 0.762543 0.762543 0.762543
348.213043 0.000000 1572.673706 0.000000 0.970452 0.000000 0.241293 0.684668 0.684668 0.684668
353.483582 0.000000 1577.407349 0.000000 0.932878 0.000000 -0.360193 0.727303 0.727303 0.727303
358.406616 0.000000 1580.799805 0.000000 0.637758 0.000000 -0.770237 0.720896 0.720896 0.720896
349.802948 0.000000 1575.587158 0.000000 0.913633 0.000000 0.406540 0.686538 0.686538 0.686538
350.554291 0.000000 1572.209473 0.000000 0.186796 0.000000 -0.982399 0.804403 0.804403 0.804403
347.937988 0.000000 1567.133423 0.000000 0.759732 0.000000 -0.650237 0.748495 0.748495 0.748495
348.198792 0.000000 1570.485840 0.000000 0.807271 0.000000 -0.590180 0.755602 0.755602 0.755602
351.890167 0.000000 1575.908203 0.000000 0.991407 0.000000 -0.130811 0.717424 0.717424 0.717424
354.618713 0.000000 1578.977173 0.000000 0.675264 0.000000 -0.737576 0.756823 0.756823 0.756823
351.055115 0.000000 1574.498413 0.000000 0.201261 0.000000 -0.979538 0.881713 0.881713 0.881713
465.011261 0.000000 1644.595947 0.000000 0.699362 0.000000 -0.714768 0.731171 0.731171 0.731171
462.109680 0.000000 1642.468262 0.000000 0.998681 0.000000 0.051354 0.695403 0.695403 0.695403
361.606995 0.000000 1855.394287 0.000000 0.988769 0.000000 0.149452 0.696015 0.696015 0.696015
359.495850 0.000000 1855.037231 0.000000 0.999682 0.000000 -0.025219 0.703667 0.703667 0.703667
832.885925 0.000000 1661.560913 0.000000 0.547239 0.000000 -0.836976 0.736049 0.736049 0.736049
434.196167 0.000000 1980.966431 0.000000 0.432649 0.000000 0.901562 0.674871 0.674871 0.674871
434.124817 0.000000 1997.151611 0.000000 0.915523 0.000000 -0.402267 0.752670 0.752670 0.752670
434.079132 0.000000 1984.327881 0.000000 0.666855 0.000000 0.745188 0.676490 0.676490 0.676490
432.316895 0.000000 1988.365967 0.000000 0.725219 0.000000 0.688518 0.653283 0.653283 0.653283
437.400452 0.000000 1999.869019 0.000000 0.208501 0.000000 0.978022 0.665756 0.665756 0.665756
436.073181 0.000000 1993.510742 0.000000 0.363629 0.000000 -0.931544 0.743570 0.743570 0.743570
435.215729 0.000000 1990.095703 0.000000 0.113835 0.000000 -0.993500 0.754988 0.754988 0.754988
434.757935 0.000000 1987.184814 0.000000 0.016060 0.000000 0.999871 0.606534 0.606534 0.606534
435.791473 0.000000 1995.652222 0.000000 0.761510 0.000000 0.648153 0.602400 0.602400 0.602400
433.409393 0.000000 1998.785645 0.000000 0.867302 0.000000 -0.497783 0.742979 0.742979 0.742979
434.443817 0.000000 1995.880127 0.000000 0.900934 0.000000 -0.433955 0.762129 0.762129 0.762129
412.123779 0.000000 2076.122803 0.000000 0.650355 0.000000 -0.759630 0.767546 0.767546 0.767546
414.892517 0.000000 2077.403564 0.000000 0.702702 0.000000 0.711484 0.677866 0.677866 0.677866
414.244568 0.000000 2075.200195 0.000000 0.882268 0.000000 -0.470747 0.725354 0.725354 0.725354
412.959229 0.000000 2077.906006 0.000000 0.991236 0.000000 -0.132106 0.710373 0.710373 0.710373
412.220947 0.000000 2078.776367 0.000000 0.319008 0.000000 0.947752 0.619861 0.619861 0.619861
413.282471 0.000000 2084.822266 0.000000 0.047707 0.000000 0.998861 0.597791 0.597791 0.597791
414.962982 0.000000 2079.437988 0.000000 0.512879 0.000000 -0.858461 0.733193 0.733193 0.733193
415.333038 0.000000 2084.972412 0.000000 0.013204 0.000000 0.999913 0.606362 0.606362 0.606362
852.191589 0.000000 2230.984131 0.000000 0.994236 0.000000 -0.107217 0.703154 0.703154 0.703154
420.941528 0.000000 2296.853516 0.000000 0.641214 0.000000 -0.767362 0.718344 0.718344 0.718344
426.608459 0.000000 2298.094727 0.000000 0.934613 0.000000 0.355665 0.689324 0.689324 0.689324
431.612946 0.000000 2297.765137 0.000000 1.000000 0.000000 0.000624 0.699989 0.699989 0.699989
429.088074 0.000000 2299.807617 0.000000 0.883100 0.000000 -0.469185 0.739601 0.739601 0.739601
429.073669 0.000000 2296.673828 0.000000 0.352129 0.000000 0.935951 0.662754 0.662754 0.662754
433.314941 0.000000 2299.187012 0.000000 0.965110 0.000000 -0.261846 0.720372 0.720372 0.720372
428.366394 0.000000 2298.223633 0.000000 0.998965 0.000000 0.045480 0.696311 0.696311 0.696311
431.012543 0.000000 2299.259277 0.000000 0.722349 0.000000 -0.691529 0.814230 0.814230 0.814230
441.787903 0.000000 2331.273193 0.000000 0.892843 0.000000 0.450369 0.683018 0.683018 0.683018
447.382690 0.000000 2331.176025 0.000000 0.077098 0.000000 -0.997023 0.793968 0.793968 0.793968
451.720490 0.000000 2325.846436 0.000000 0.430243 0.000000 -0.902713 0.731485 0.731485 0.731485
453.020599 0.000000 2330.118408 0.000000 0.811482 0.000000 0.584378 0.681676 0.681676 0.681676
448.244446 0.000000 2328.480469 0.000000 0.999998 0.000000 -0.002214 0.700040 0.700040 0.700040
448.948029 0.000000 2325.800781 0.000000 0.116618 0.000000 -0.993177 0.767078 0.767078 0.767078
480.580200 0.000000 2487.270996 0.000000 0.194858 0.000000 -0.980831 0.740360 0.740360 0.740360
495.287048 0.000000 2475.657471 0.000000 0.131768 0.000000 -0.991281 0.790509 0.790509 0.790509
493.612762 0.000000 2599.193359 0.000000 0.747345 0.000000 -0.664436 0.748769 0.748769 0.748769
488.769165 0.000000 2607.722656 0.000000 0.655356 0.000000 -0.755320 0.703591 0.703591 0.703591
498.188354 0.000000 2642.357178 0.000000 0.860238 0.000000 0.509893 0.666338 0.666338 0.666338
498.862427 0.000000 2636.772461 0.000000 0.266563 0.000000 0.963818 0.678174 0.678174 0.678174
492.106934 0.000000 2604.037598 0.000000 0.220149 0.000000 0.975466 0.583083 0.583083 0.583083
485.396332 0.000000 2603.835205 0.000000 0.492585 0.000000 -0.870264 0.738376 0.738376 0.738376
498.071320 0.000000 2598.476318 0.000000 0.984361 0.000000 -0.176161 0.704456 0.704456 0.704456
496.309082 0.000000 2602.514648 0.000000 0.346459 0.000000 0.938065 0.614927 0.614927 0.614927
490.081146 0.000000 2600.607666 0.000000 0.898870 0.000000 -0.438214 0.727904 0.727904 0.727904
496.906158 0.000000 2639.611816 0.000000 0.998235 0.000000 0.059388 0.696760 0.696760 0.696760
493.721710 0.000000 2606.163086 0.000000 0.914939 0.000000 -0.403592 0.718586 0.718586 0.718586
493.789703 0.000000 2601.986572 0.000000 0.672312 0.000000 -0.740268 0.764089 0.764089 0.764089
492.098083 0.000000 2600.706787 0.000000 0.452800 0.000000 0.891612 0.615348 0.615348 0.615348
498.487183 0.000000 2638.659180 0.000000 0.858437 0.000000 0.512919 0.645786 0.645786 0.645786
493.820618 0.000000 2604.341064 0.000000 0.291893 0.000000 -0.956451 0.810482 0.810482 0.810482
480.259949 0.000000 2650.043945 0.000000 0.280868 0.000000 -0.959746 0.707192 0.707192 0.707192
471.221313 0.000000 2657.428223 0.000000 0.742342 0.000000 -0.670021 0.706159 0.706159 0.706159
477.621002 0.000000 2655.402100 0.000000 0.999945 0.000000 -0.010486 0.700205 0.700205 0.700205
496.309082 0.000000 2649.756836 0.000000 0.784684 0.000000 0.619896 0.690652 0.690652 0.690652
473.718384 0.000000 2654.746582 0.000000 0.789516 0.000000 0.613730 0.679676 0.679676 0.679676
480.307465 0.000000 2653.658203 0.000000 0.881088 0.000000 -0.472952 0.715841 0.715841 0.715841
483.127930 0.000000 2658.607910 0.000000 0.241856 0.000000 0.970312 0.653636 0.653636 0.653636
3684.543213 0.000000 1682.704956 0.000000 0.718749 0.000000 0.695270 0.672054 0.672054 0.672054
3687.517578 0.000000 1681.624634 0.000000 0.673133 0.000000 -0.739522 0.725601 0.725601 0.725601
3739.717773 0.000000 1792.669678 0.000000 0.721424 0.000000 0.692493 0.694653 0.694653 0.694653
3642.619385 0.000000 1888.323242 0.000000 0.311067 0.000000 -0.950388 1.003416 1.003416 1.003416
3624.960938 0.000000 1861.454712 0.000000 0.381429 0.000000 -0.924398 0.757713 0.757713 0.757713
3617.349365 0.000000 1882.447510 0.000000 0.260147 0.000000 -0.965569 0.853564 0.853564 0.853564
3639.747803 0.000000 1878.638306 0.000000 0.932163 0.000000 -0.362039 0.701036 0.701036 0.701036
3630.140625 0.000000 1868.705078 0.000000 0.084926 0.000000 0.996387 0.658456 0.658456 0.658456
3618.014648 0.000000 1864.393066 0.000000 0.761038 0.000000 -0.648708 0.714803 0.714803 0.714803
3628.743652 0.000000 1856.663208 0.000000 0.968623 0.000000 -0.248534 0.751267 0.751267 0.751267
3644.494629 0.000000 1882.397339 0.000000 0.569611 0.000000 0.821914 0.685163 0.685163 0.685163
3634.106201 0.000000 1869.686646 0.000000 0.392669 0.000000 -0.919680 0.825657 0.825657 0.825657
3642.606445 0.000000 1885.059692 0.000000 0.652558 0.000000 -0.757739 0.909168 0.909168 0.909168
3637.698242 0.000000 1881.245239 0.000000 0.766546 0.000000 -0.642189 0.781895 0.781895 0.781895
3631.505127 0.000000 1858.144531 0.000000 0.996322 0.000000 0.085689 0.690884 0.690884 0.690884
3640.202393 0.000000 1886.722656 0.000000 0.957453 0.000000 -0.288589 0.736836 0.736836 0.736836
3616.773926 0.000000 1867.014038 0.000000 0.313543 0.000000 0.949574 0.626491 0.626491 0.626491
3633.289795 0.000000 1878.799805 0.000000 0.097186 0.000000 -0.995266 0.873039 0.873039 0.873039
3626.866455 0.000000 1858.436890 0.000000 0.998949 0.000000 0.045837 0.692243 0.692243 0.692243
3614.905273 0.000000 1881.790161 0.000000 0.847165 0.000000 -0.531331 0.749339 0.749339 0.749339
3633.480713 0.000000 1871.921387 0.000000 0.437714 0.000000 0.899114 0.521855 0.521855 0.521855
3622.953369 0.000000 1862.184937 0.000000 0.406755 0.000000 0.913537 0.619478 0.619478 0.619478
3635.538330 0.000000 1871.260010 0.000000 0.900273 0.000000 -0.435325 0.743448 0.743448 0.743448
3629.536621 0.000000 1858.534424 0.000000 0.539763 0.000000 0.841817 0.343264 0.343264 0.343264
3618.996582 0.000000 1866.152588 0.000000 0.989245 0.000000 -0.146267 0.730784 0.730784 0.730784
3639.427979 0.000000 1882.163208 0.000000 0.953052 0.000000 0.302807 0.655700 0.655700 0.655700
3619.821777 0.000000 1869.931030 0.000000 0.995669 0.000000 -0.092966 0.708070 0.708070 0.708070
3636.024170 0.000000 1882.094727 0.000000 0.870726 0.000000 0.491768 0.631717 0.631717 0.631717
3626.666992 0.000000 1860.495361 0.000000 0.826250 0.000000 -0.563303 0.743502 0.743502 0.743502
3643.779297 0.000000 1886.444092 0.000000 0.113155 0.000000 -0.993577 0.952655 0.952655 0.952655
3615.594238 0.000000 1883.511841 0.000000 0.892462 0.000000 0.451122 0.640456 0.640456 0.640456
3639.830078 0.000000 1880.436523 0.000000 0.471746 0.000000 0.881735 0.556621 0.556621 0.556621
3637.475098 0.000000 1883.150269 0.000000 0.480695 0.000000 -0.876888 0.842027 0.842027 0.842027
3640.589844 0.000000 1888.437866 0.000000 0.999641 0.000000 -0.026779 0.703145 0.703145 0.703145
3620.319336 0.000000 1864.909546 0.000000 0.998242 0.000000 -0.059273 0.706633 0.706633 0.706633
3634.177246 0.000000 1877.289307 0.000000 0.902478 0.000000 0.430736 0.618443 0.618443 0.618443
3641.944336 0.000000 1886.731445 0.000000 0.522677 0.000000 -0.852531 0.828444 0.828444 0.828444
3631.995117 0.000000 1859.795654 0.000000 0.737170 0.000000 0.675707 0.621168 0.621168 0.621168
3630.329346 0.000000 1859.971558 0.000000 0.907529 0.000000 -0.419989 0.746054 0.746054 0.746054
3634.799561 0.000000 1879.340820 0.000000 0.295823 0.000000 0.955243 0.518826 0.518826 0.518826
3640.892822 0.000000 1885.441284 0.000000 0.997277 0.000000 0.073746 0.686997 0.686997 0.686997
3625.814453 0.000000 1862.693115 0.000000 0.550730 0.000000 0.834683 0.541223 0.541223 0.541223
3643.546875 0.000000 1889.490601 0.000000 0.808257 0.000000 0.588830 0.547719 0.547719 0.547719
3630.211182 0.000000 1857.264160 0.000000 0.358353 0.000000 -0.933586 0.834695 0.834695 0.834695
3641.534668 0.000000 1889.522705 0.000000 0.999331 0.000000 0.036579 0.695703 0.695703 0.695703
3620.440430 0.000000 1867.872314 0.000000 0.301962 0.000000 0.953320 0.523278 0.523278 0.523278
3628.238281 0.000000 1858.003540 0.000000 0.272196 0.000000 -0.962242 1.161720 1.161720 1.161720
3633.187256 0.000000 1870.620483 0.000000 0.636949 0.000000 0.770906 0.559704 0.559704 0.559704
3633.653320 0.000000 1868.450317 0.000000 0.135819 0.000000 -0.990734 0.926633 0.926633 0.926633
3632.793701 0.000000 1877.565674 0.000000 0.922095 0.000000 0.386963 0.642228 0.642228 0.642228
3632.228516 0.000000 1871.643555 0.000000 0.498260 0.000000 -0.867028 0.867222 0.867222 0.867222
3618.161865 0.000000 1867.125244 0.000000 0.808244 0.000000 0.588848 0.567960 0.567960 0.567960
3624.365234 0.000000 1862.540039 0.000000 0.908664 0.000000 0.417529 0.630749 0.630749 0.630749
3627.862305 0.000000 1859.194702 0.000000 0.526404 0.000000 -0.850234 0.871946 0.871946 0.871946
3632.872559 0.000000 1869.418945 0.000000 0.341218 0.000000 -0.939984 0.893146 0.893146 0.893146
3643.551758 0.000000 1887.571411 0.000000 0.642511 0.000000 -0.766276 0.851348 0.851348 0.851348
4065.294678 0.000000 1740.720947 0.000000 0.940071 0.000000 -0.340980 0.717999 0.717999 0.717999
4056.863037 0.000000 1729.620239 0.000000 0.789254 0.000000 0.614067 0.639914 0.639914 0.639914
4077.376709 0.000000 1741.239258 0.000000 0.629019 0.000000 -0.777390 0.752289 0.752289 0.752289
4069.735840 0.000000 1741.170776 0.000000 0.920024 0.000000 -0.391863 0.705066 0.705066 0.705066
4067.396973 0.000000 1743.248657 0.000000 0.047431 0.000000 -0.998874 0.817136 0.817136 0.817136
4075.779297 0.000000 1746.586426 0.000000 0.916037 0.000000 -0.401094 0.732889 0.732889 0.732889
4063.539551 0.000000 1741.785278 0.000000 0.901812 0.000000 0.432128 0.666889 0.666889 0.666889
4076.340332 0.000000 1742.312256 0.000000 0.892442 0.000000 -0.451163 0.761513 0.761513 0.761513
4070.220459 0.000000 1748.848389 0.000000 0.274152 0.000000 0.961686 0.672883 0.672883 0.672883
4065.444092 0.000000 1793.449341 0.000000 0.895947 0.000000 -0.444160 0.709008 0.709008 0.709008
4077.376709 0.000000 1788.481445 0.000000 0.294476 0.000000 -0.955659 0.721338 0.721338 0.721338
4079.207031 0.000000 1785.793823 0.000000 0.490455 0.000000 0.871466 0.518032 0.518032 0.518032
4076.214844 0.000000 1785.839722 0.000000 0.690067 0.000000 -0.723745 0.748647 0.748647 0.748647
4074.750732 0.000000 1748.118774 0.000000 0.371648 0.000000 0.928374 0.595186 0.595186 0.595186
4072.419434 0.000000 1747.995972 0.000000 0.412342 0.000000 -0.911029 0.818538 0.818538 0.818538
4079.209473 0.000000 1787.722656 0.000000 0.561928 0.000000 0.827186 0.488916 0.488916 0.488916
4080.284668 0.000000 1771.137939 0.000000 0.205075 0.000000 0.978746 0.574117 0.574117 0.574117
4077.713379 0.000000 1786.778564 0.000000 0.183561 0.000000 0.983008 0.577907 0.577907 0.577907
4078.873779 0.000000 1770.117310 0.000000 0.474525 0.000000 -0.880242 0.918202 0.918202 0.918202
4066.573486 0.000000 1794.495850 0.000000 0.970342 0.000000 -0.241738 0.740620 0.740620 0.740620
4058.678711 0.000000 1818.862427 0.000000 0.590822 0.000000 0.806802 0.679002 0.679002 0.679002
4065.959961 0.000000 1817.150879 0.000000 0.995871 0.000000 0.090778 0.699492 0.699492 0.699492
4077.309814 0.000000 1816.666992 0.000000 0.324733 0.000000 0.945806 0.677462 0.677462 0.677462
4061.805664 0.000000 1814.888916 0.000000 0.943765 0.000000 -0.330617 0.704240 0.704240 0.704240
4065.263184 0.000000 1795.483887 0.000000 0.970985 0.000000 0.239142 0.659149 0.659149 0.659149
4059.760010 0.000000 1808.884644 0.000000 0.559137 0.000000 0.829076 0.675402 0.675402 0.675402
4079.167969 0.000000 1825.343018 0.000000 0.426599 0.000000 0.904441 0.669982 0.669982 0.669982
4062.495361 0.000000 1818.436646 0.000000 0.569622 0.000000 0.821907 0.617724 0.617724 0.617724
4055.171387 0.000000 1810.442627 0.000000 0.405876 0.000000 0.913928 0.627470 0.627470 0.627470
4075.012939 0.000000 1819.021362 0.000000 0.745968 0.000000 -0.665981 0.845706 0.845706 0.845706
4067.881348 0.000000 1795.258789 0.000000 0.422638 0.000000 0.906299 0.511263 0.511263 0.511263
4060.374268 0.000000 1817.205933 0.000000 0.953433 0.000000 -0.301604 0.750543 0.750543 0.750543
4057.492188 0.000000 1809.834839 0.000000 0.658284 0.000000 -0.752770 0.832258 0.832258 0.832258
4064.254883 0.000000 1797.513672 0.000000 0.998882 0.000000 0.047282 0.696429 0.696429 0.696429
4081.426025 0.000000 1824.679199 0.000000 0.545295 0.000000 0.838244 0.583260 0.583260 0.583260
4083.483643 0.000000 1824.017822 0.000000 0.925505 0.000000 0.378734 0.674477 0.674477 0.674477
4076.142578 0.000000 1820.817505 0.000000 0.148032 0.000000 -0.988983 0.797429 0.797429 0.797429
4055.959229 0.000000 1808.668213 0.000000 0.559350 0.000000 0.828931 0.639888 0.639888 0.639888
4072.434570 0.000000 1821.689209 0.000000 0.600376 0.000000 -0.799718 0.768675 0.768675 0.768675
4073.804199 0.000000 1820.431396 0.000000 0.717329 0.000000 0.696734 0.642883 0.642883 0.642883
4076.650391 0.000000 1818.329346 0.000000 0.997217 0.000000 0.074554 0.691028 0.691028 0.691028
4062.381348 0.000000 1816.598022 0.000000 0.927799 0.000000 -0.373080 0.749710 0.749710 0.749710
4060.819336 0.000000 1818.868896 0.000000 0.999692 0.000000 -0.024825 0.703055 0.703055 0.703055
4083.999023 0.000000 1822.390381 0.000000 0.207978 0.000000 0.978133 0.562971 0.562971 0.562971
4056.656006 0.000000 1811.281738 0.000000 0.593415 0.000000 0.804896 0.577058 0.577058 0.577058
4066.703369 0.000000 1795.943726 0.000000 0.995014 0.000000 -0.099736 0.716621 0.716621 0.716621
4081.132568 0.000000 1823.378296 0.000000 0.772366 0.000000 -0.635177 0.801031 0.801031 0.801031
4061.506836 0.000000 1817.698486 0.000000 0.808415 0.000000 0.588612 0.596176 0.596176 0.596176
4061.206543 0.000000 1816.060913 0.000000 0.031640 0.000000 0.999499 0.446083 0.446083 0.446083
4075.033203 0.000000 1820.218384 0.000000 0.040857 0.000000 0.999165 0.389854 0.389854 0.389854
3980.746826 0.000000 1867.289062 0.000000 0.864224 0.000000 0.503108 0.699263 0.699263 0.699263
4014.093750 0.000000 1868.705078 0.000000 0.963456 0.000000 -0.267867 0.701516 0.701516 0.701516
3987.346191 0.000000 1865.693848 0.000000 0.967218 0.000000 -0.253948 0.701436 0.701436 0.701436
3552.061035 0.000000 2046.174805 0.000000 0.995538 0.000000 0.094363 0.687580 0.687580 0.687580
3553.093262 0.000000 2049.829346 0.000000 0.743627 0.000000 0.668595 0.586355 0.586355 0.586355
3554.987793 0.000000 2047.468872 0.000000 0.375383 0.000000 0.926870 0.615438 0.615438 0.615438
3553.199707 0.000000 2047.703491 0.000000 0.047699 0.000000 -0.998862 0.900160 0.900160 0.900160
3553.906006 0.000000 2046.029541 0.000000 0.439956 0.000000 -0.898019 0.846564 0.846564 0.846564
3525.250732 0.000000 2103.467285 0.000000 0.999134 0.000000 -0.041603 0.703607 0.703607 0.703607
3536.636475 0.000000 2117.017822 0.000000 0.772498 0.000000 -0.635018 0.728857 0.728857 0.728857
3524.788818 0.000000 2099.008789 0.000000 0.372907 0.000000 0.927869 0.666764 0.666764 0.666764
3528.770264 0.000000 2101.132568 0.000000 0.451596 0.000000 0.892223 0.666098 0.666098 0.666098
3532.899658 0.000000 2118.519775 0.000000 0.998909 0.000000 0.046690 0.695103 0.695103 0.695103
3527.529297 0.000000 2098.838379 0.000000 0.852347 0.000000 0.522977 0.677687 0.677687 0.677687
3526.094971 0.000000 2101.095459 0.000000 0.820736 0.000000 -0.571308 0.785866 0.785866 0.785866
3527.680176 0.000000 2103.519287 0.000000 0.751933 0.000000 -0.659240 0.771450 0.771450 0.771450
3535.188965 0.000000 2118.728271 0.000000 0.992442 0.000000 0.122714 0.682284 0.682284 0.682284
3532.265869 0.000000 2116.410400 0.000000 0.729473 0.000000 0.684009 0.634709 0.634709 0.634709
3534.467041 0.000000 2116.808594 0.000000 0.991558 0.000000 0.129665 0.683275 0.683275 0.683275
3527.356934 0.000000 2100.307129 0.000000 0.784828 0.000000 -0.619714 0.794378 0.794378 0.794378
3505.821289 0.000000 2169.935303 0.000000 0.999858 0.000000 0.016869 0.698066 0.698066 0.698066
3502.081299 0.000000 2171.188477 0.000000 0.595613 0.000000 0.803271 0.561768 0.561768 0.561768
3502.387939 0.000000 2168.684570 0.000000 0.032713 0.000000 -0.999465 0.904282 0.904282 0.904282
3503.818848 0.000000 2170.227295 0.000000 0.939393 0.000000 0.342841 0.648141 0.648141 0.648141
3504.629639 0.000000 2168.876465 0.000000 0.995977 0.000000 -0.089610 0.710287 0.710287 0.710287
3503.479736 0.000000 2171.676758 0.000000 0.380478 0.000000 0.924790 0.525058 0.525058 0.525058
3536.170166 0.000000 2143.023926 0.000000 0.264702 0.000000 0.964330 0.601637 0.601637 0.601637
3545.784912 0.000000 2143.305908 0.000000 0.898366 0.000000 0.439247 0.692371 0.692371 0.692371
3541.130615 0.000000 2143.796387 0.000000 0.235987 0.000000 0.971756 0.657151 0.657151 0.657151
3547.822510 0.000000 2139.580078 0.000000 0.999755 0.000000 -0.022136 0.701362 0.701362 0.701362
3538.686523 0.000000 2142.803711 0.000000 0.871190 0.000000 0.490947 0.639734 0.639734 0.639734
3547.340332 0.000000 2141.766357 0.000000 0.555064 0.000000 -0.831808 0.776910 0.776910 0.776910
3536.929932 0.000000 2145.218750 0.000000 0.157626 0.000000 0.987499 0.542017 0.542017 0.542017
3539.472412 0.000000 2144.454346 0.000000 0.156301 0.000000 0.987709 0.520124 0.520124 0.520124
3537.996826 0.000000 2144.154053 0.000000 0.233164 0.000000 -0.972437 0.849366 0.849366 0.849366
3478.854248 0.000000 2185.006348 0.000000 0.577826 0.000000 0.816160 0.566522 0.566522 0.566522
3489.960449 0.000000 2207.213379 0.000000 0.914639 0.000000 0.404272 0.656361 0.656361 0.656361
3481.351318 0.000000 2182.324707 0.000000 0.136624 0.000000 0.990623 0.613808 0.613808 0.613808
3481.670410 0.000000 2185.157471 0.000000 0.224193 0.000000 -0.974545 0.856036 0.856036 0.856036
3481.562500 0.000000 2187.772461 0.000000 0.914425 0.000000 0.404755 0.677862 0.677862 0.677862
3478.023438 0.000000 2182.795654 0.000000 0.460868 0.000000 0.887469 0.640469 0.640469 0.640469
3489.813477 0.000000 2209.028076 0.000000 0.531648 0.000000 -0.846965 0.825703 0.825703 0.825703
3491.331543 0.000000 2208.289795 0.000000 0.107667 0.000000 0.994187 0.522062 0.522062 0.522062
3491.290527 0.000000 2206.364502 0.000000 0.998060 0.000000 -0.062255 0.707229 0.707229 0.707229
3488.612061 0.000000 2208.001221 0.000000 0.441391 0.000000 -0.897315 0.838569 0.838569 0.838569
3499.739990 0.000000 2226.100098 0.000000 0.384204 0.000000 -0.923248 0.810199 0.810199 0.810199
3497.714111 0.000000 2222.670166 0.000000 0.919083 0.000000 -0.394064 0.715856 0.715856 0.715856
3496.194824 0.000000 2226.309082 0.000000 0.921944 0.000000 -0.387323 0.738367 0.738367 0.738367
3497.843506 0.000000 2224.837402 0.000000 0.944402 0.000000 -0.328794 0.750586 0.750586 0.750586
3497.991455 0.000000 2226.754150 0.000000 0.869231 0.000000 0.494406 0.650112 0.650112 0.650112
3499.338867 0.000000 2224.331299 0.000000 0.345398 0.000000 -0.938456 0.870303 0.870303 0.870303
3523.608643 0.000000 2254.629395 0.000000 0.033672 0.000000 -0.999433 0.792407 0.792407 0.792407
3527.187012 0.000000 2255.452881 0.000000 0.497931 0.000000 0.867217 0.660380 0.660380 0.660380
3524.949463 0.000000 2257.539551 0.000000 0.922215 0.000000 -0.386676 0.713877 0.713877 0.713877
3525.302246 0.000000 2255.650879 0.000000 0.442203 0.000000 -0.896915 0.903795 0.903795 0.903795
3644.940674 0.000000 1889.890137 0.000000 0.563971 0.000000 -0.825795 0.723092 0.723092 0.723092
3633.420898 0.000000 1908.049316 0.000000 0.001037 0.000000 -0.999999 0.719752 0.719752 0.719752
3596.744385 0.000000 1933.782593 0.000000 0.450738 0.000000 0.892656 0.669153 0.669153 0.669153
3603.393066 0.000000 1912.936035 0.000000 0.999925 0.000000 -0.012253 0.700600 0.700600 0.700600
3633.734375 0.000000 1902.667236 0.000000 0.888241 0.000000 -0.459377 0.722688 0.722688 0.722688
3639.254150 0.000000 1897.087891 0.000000 0.774396 0.000000 -0.632701 0.725859 0.725859 0.725859
3635.682861 0.000000 1899.026367 0.000000 0.978515 0.000000 0.206177 0.671838 0.671838 0.671838
3602.784912 0.000000 1909.808350 0.000000 0.674655 0.000000 -0.738133 0.771970 0.771970 0.771970
3597.377441 0.000000 1936.618164 0.000000 0.554202 0.000000 -0.832383 0.760493 0.760493 0.760493
3642.459717 0.000000 1890.624634 0.000000 0.995836 0.000000 -0.091165 0.711104 0.711104 0.711104
3630.904541 0.000000 1908.751221 0.000000 0.309314 0.000000 0.950960 0.562999 0.562999 0.562999
3633.478760 0.000000 1900.020020 0.000000 0.360161 0.000000 0.932890 0.407511 0.407511 0.407511
3605.324463 0.000000 1909.962524 0.000000 0.819834 0.000000 0.572601 0.667610 0.667610 0.667610
3637.965332 0.000000 1899.298828 0.000000 0.884423 0.000000 0.466687 0.622615 0.622615 0.622615
3636.979980 0.000000 1897.574463 0.000000 0.859059 0.000000 0.511877 0.570029 0.570029 0.570029
3603.957520 0.000000 1911.214844 0.000000 0.671570 0.000000 -0.740941 0.853997 0.853997 0.853997
3603.464600 0.000000 1908.243286 0.000000 0.738532 0.000000 0.674218 0.635865 0.635865 0.635865
3596.095215 0.000000 1935.381592 0.000000 0.332618 0.000000 0.943061 0.505411 0.505411 0.505411
3629.219482 0.000000 1909.456055 0.000000 0.461129 0.000000 0.887333 0.608438 0.608438 0.608438
3630.928467 0.000000 1911.843872 0.000000 0.457540 0.000000 -0.889189 0.876143 0.876143 0.876143
3630.911377 0.000000 1910.335571 0.000000 0.994633 0.000000 -0.103462 0.716664 0.716664 0.716664
3635.573975 0.000000 1896.962646 0.000000 0.942822 0.000000 0.333295 0.664371 0.664371 0.664371
3597.721924 0.000000 1935.160889 0.000000 0.999998 0.000000 -0.001933 0.700305 0.700305 0.700305
3632.584717 0.000000 1901.062500 0.000000 0.699563 0.000000 0.714571 0.506360 0.506360 0.506360
3634.391357 0.000000 1898.809692 0.000000 0.806477 0.000000 -0.591266 0.785792 0.785792 0.785792
3637.942139 0.000000 1896.851074 0.000000 0.576165 0.000000 0.817334 0.468591 0.468591 0.468591
3617.349365 0.000000 1976.931885 0.000000 0.834486 0.000000 0.551030 0.682050 0.682050 0.682050
3600.384521 0.000000 1943.154663 0.000000 0.661112 0.000000 0.750288 0.690510 0.690510 0.690510
3644.044678 0.000000 1944.821655 0.000000 0.878608 0.000000 -0.477543 0.704872 0.704872 0.704872
3604.893066 0.000000 1944.587646 0.000000 0.228578 0.000000 0.973526 0.553854 0.553854 0.553854
3645.636963 0.000000 1941.088013 0.000000 0.812095 0.000000 -0.583525 0.775784 0.775784 0.775784
3619.451660 0.000000 1979.459595 0.000000 0.925999 0.000000 -0.377526 0.709742 0.709742 0.709742
3603.855957 0.000000 1947.530762 0.000000 0.685851 0.000000 0.727742 0.629354 0.629354 0.629354
3616.430908 0.000000 1979.682739 0.000000 0.261256 0.000000 0.965269 0.484469 0.484469 0.484469
3601.530029 0.000000 1945.872314 0.000000 0.894579 0.000000 0.446910 0.666318 0.666318 0.666318
3646.460205 0.000000 1943.628906 0.000000 0.274047 0.000000 0.961716 0.548130 0.548130 0.548130
3597.279785 0.000000 1937.649658 0.000000 0.779257 0.000000 0.626704 0.658335 0.658335 0.658335
3603.011963 0.000000 1943.103027 0.000000 0.973555 0.000000 -0.228454 0.714823 0.714823 0.714823
3603.116943 0.000000 1945.078003 0.000000 0.874242 0.000000 0.485490 0.568888 0.568888 0.568888
3617.818604 0.000000 1978.600098 0.000000 0.571628 0.000000 0.820513 0.541246 0.541246 0.541246
3644.927979 0.000000 1943.477173 0.000000 0.985672 0.000000 0.168675 0.676305 0.676305 0.676305
3646.959717 0.000000 1942.134155 0.000000 0.801029 0.000000 0.598626 0.624630 0.624630 0.624630
3614.986328 0.000000 1979.365356 0.000000 0.991349 0.000000 0.131250 0.686566 0.686566 0.686566
3646.930176 0.000000 1940.174805 0.000000 0.353396 0.000000 -0.935474 0.842052 0.842052 0.842052
3658.995117 0.000000 1947.630981 0.000000 0.956182 0.000000 0.292772 0.697923 0.697923 0.697923
3647.854004 0.000000 1940.984009 0.000000 0.616481 0.000000 -0.787370 0.806461 0.806461 0.806461
3660.493164 0.000000 1945.170288 0.000000 0.950799 0.000000 -0.309810 0.733469 0.733469 0.733469
3647.593018 0.000000 1943.558716 0.000000 0.976225 0.000000 0.216759 0.674341 0.674341 0.674341
3660.994385 0.000000 1942.388672 0.000000 0.935151 0.000000 -0.354248 0.747082 0.747082 0.747082
3658.299805 0.000000 1942.343628 0.000000 0.999267 0.000000 -0.038272 0.703693 0.703693 0.703693
3816.419678 0.000000 1905.630615 0.000000 0.142532 0.000000 0.989790 0.656085 0.656085 0.656085
3814.719238 0.000000 1907.220215 0.000000 0.818289 0.000000 -0.574807 0.769347 0.769347 0.769347
3814.929932 0.000000 1909.427124 0.000000 0.833052 0.000000 -0.553194 0.731962 0.731962 0.731962
3817.229492 0.000000 1906.991699 0.000000 0.761749 0.000000 -0.647872 0.808387 0.808387 0.808387
3724.728760 0.000000 1981.024780 0.000000 0.815277 0.000000 0.579072 0.684458 0.684458 0.684458
3725.361816 0.000000 1983.860352 0.000000 0.408156 0.000000 -0.912912 0.928376 0.928376 0.928376
3727.031738 0.000000 1981.746826 0.000000 0.062123 0.000000 -0.998069 0.775930 0.775930 0.775930
3727.426270 0.000000 1983.786133 0.000000 0.923279 0.000000 0.384131 0.617870 0.617870 0.617870
3724.079590 0.000000 1982.623779 0.000000 0.963102 0.000000 -0.269136 0.754097 0.754097 0.754097
3725.706299 0.000000 1982.403076 0.000000 0.994431 0.000000 0.105388 0.679039 0.679039 0.679039
3790.318604 0.000000 1968.202759 0.000000 0.529836 0.000000 0.848100 0.542892 0.542892 0.542892
3793.537598 0.000000 1968.190308 0.000000 0.735520 0.000000 0.677503 0.657333 0.657333 0.657333
3791.839844 0.000000 1969.502930 0.000000 0.999803 0.000000 0.019858 0.696918 0.696918 0.696918
3791.915527 0.000000 1967.251099 0.000000 0.068383 0.000000 -0.997659 0.891136 0.891136 0.891136
3629.556641 0.000000 2019.196777 0.000000 0.999065 0.000000 -0.043231 0.700544 0.700544 0.700544
3590.383057 0.000000 2027.933716 0.000000 0.954747 0.000000 0.297418 0.672135 0.672135 0.672135
3633.734375 0.000000 1997.151611 0.000000 0.691933 0.000000 -0.721962 0.881564 0.881564 0.881564
3590.876465 0.000000 2023.786377 0.000000 0.371830 0.000000 0.928301 0.631799 0.631799 0.631799
3631.222656 0.000000 2014.311768 0.000000 0.545965 0.000000 0.837808 0.569468 0.569468 0.569468
3593.668945 0.000000 2025.949707 0.000000 0.205167 0.000000 0.978727 0.621805 0.621805 0.621805
3631.505127 0.000000 1999.871094 0.000000 0.960811 0.000000 0.277205 0.687041 0.687041 0.687041
3631.200928 0.000000 1995.574829 0.000000 0.833559 0.000000 -0.552430 0.715547 0.715547 0.715547
3628.697754 0.000000 2016.354370 0.000000 0.999564 0.000000 -0.029522 0.703096 0.703096 0.703096
3633.478760 0.000000 1994.504395 0.000000 0.849914 0.000000 -0.526921 0.743450 0.743450 0.743450
3588.675537 0.000000 2024.731689 0.000000 0.837561 0.000000 0.546344 0.649899 0.649899 0.649899
3630.664062 0.000000 2017.323853 0.000000 0.998946 0.000000 0.045903 0.693195 0.693195 0.693195
3591.578125 0.000000 2026.214355 0.000000 0.925572 0.000000 0.378572 0.664175 0.664175 0.664175
3630.785156 0.000000 1997.651123 0.000000 0.980835 0.000000 -0.194839 0.725496 0.725496 0.725496
3632.192139 0.000000 1996.839844 0.000000 0.588472 0.000000 0.808517 0.488050 0.488050 0.488050
3630.622070 0.000000 2015.806030 0.000000 0.163490 0.000000 -0.986545 0.884849 0.884849 0.884849
3590.620605 0.000000 2025.157715 0.000000 0.569829 0.000000 -0.821764 0.977777 0.977777 0.977777
3631.902832 0.000000 2016.692383 0.000000 0.856135 0.000000 -0.516753 0.780478 0.780478 0.780478
3679.869629 0.000000 1988.653198 0.000000 0.729442 0.000000 0.684042 0.698947 0.698947 0.698947
3685.005859 0.000000 1989.686646 0.000000 0.175510 0.000000 -0.984478 1.058694 1.058694 1.058694
3690.417480 0.000000 2011.155151 0.000000 0.896676 0.000000 -0.442687 0.764755 0.764755 0.764755
3682.172852 0.000000 1990.395508 0.000000 0.036953 0.000000 -0.999317 0.796498 0.796498 0.796498
3689.390137 0.000000 2012.894287 0.000000 0.691459 0.000000 0.722416 0.615352 0.615352 0.615352
3688.481445 0.000000 2010.657959 0.000000 0.030805 0.000000 -0.999525 1.027257 1.027257 1.027257
3685.161621 0.000000 1987.873535 0.000000 0.759957 0.000000 0.649973 0.647572 0.647572 0.647572
3683.614990 0.000000 1988.648193 0.000000 0.866471 0.000000 -0.499227 0.763578 0.763578 0.763578
3688.671143 0.000000 2011.862305 0.000000 0.772403 0.000000 -0.635133 0.846242 0.846242 0.846242
3752.945312 0.000000 2003.181274 0.000000 0.216435 0.000000 0.976297 0.512784 0.512784 0.512784
3722.988770 0.000000 1985.867554 0.000000 0.178430 0.000000 0.983953 0.670821 0.670821 0.670821
3720.502441 0.000000 2001.885132 0.000000 0.153869 0.000000 -0.988091 0.777224 0.777224 0.777224
3739.814941 0.000000 1984.291992 0.000000 0.033192 0.000000 -0.999449 0.717197 0.717197 0.717197
3749.579834 0.000000 1995.195801 0.000000 0.340981 0.000000 -0.940070 0.847026 0.847026 0.847026
3746.729736 0.000000 1997.217163 0.000000 0.955697 0.000000 -0.294352 0.718797 0.718797 0.718797
3752.427490 0.000000 2000.114990 0.000000 0.130671 0.000000 -0.991426 0.953621 0.953621 0.953621
3720.682129 0.000000 1998.893799 0.000000 0.911019 0.000000 -0.412364 0.761801 0.761801 0.761801
3749.395752 0.000000 1992.389404 0.000000 0.309833 0.000000 0.950791 0.657864 0.657864 0.657864
3750.727051 0.000000 2001.704590 0.000000 0.576497 0.000000 -0.817099 0.772201 0.772201 0.772201
3744.293945 0.000000 1986.482422 0.000000 0.417714 0.000000 0.908578 0.575698 0.575698 0.575698
3750.937744 0.000000 2003.911499 0.000000 0.643089 0.000000 0.765792 0.641464 0.641464 0.641464
3736.006348 0.000000 1987.980103 0.000000 0.123421 0.000000 0.992354 0.428906 0.428906 0.428906
3742.577881 0.000000 1987.035156 0.000000 0.374045 0.000000 -0.927411 0.832808 0.832808 0.832808
3745.966309 0.000000 1986.034912 0.000000 0.911898 0.000000 0.410417 0.653882 0.653882 0.653882
3734.193359 0.000000 1987.689697 0.000000 0.275210 0.000000 -0.961384 0.873403 0.873403 0.873403
3753.237305 0.000000 2001.476074 0.000000 0.872654 0.000000 -0.488340 0.789873 0.789873 0.789873
3722.341309 0.000000 1998.608765 0.000000 0.093859 0.000000 0.995585 0.526568 0.526568 0.526568
3737.349121 0.000000 1986.077881 0.000000 0.899913 0.000000 0.436070 0.615467 0.615467 0.615467
3786.979492 0.000000 1994.873169 0.000000 0.897153 0.000000 0.441721 0.641793 0.641793 0.641793
3786.501709 0.000000 2014.608398 0.000000 0.201884 0.000000 -0.979409 0.942808 0.942808 0.942808
3786.353760 0.000000 1992.558228 0.000000 0.811819 0.000000 0.583909 0.619799 0.619799 0.619799
3784.575195 0.000000 2013.316162 0.000000 0.337257 0.000000 0.941413 0.573080 0.573080 0.573080
3784.871826 0.000000 1994.941528 0.000000 0.175107 0.000000 0.984549 0.526450 0.526450 0.526450
3786.271973 0.000000 2012.688354 0.000000 0.623880 0.000000 -0.781520 0.873080 0.873080 0.873080
3785.074463 0.000000 2015.631226 0.000000 0.645368 0.000000 0.763872 0.607635 0.607635 0.607635
3787.451660 0.000000 1993.504639 0.000000 0.775660 0.000000 0.631150 0.612146 0.612146 0.612146
3785.904297 0.000000 1993.912476 0.000000 0.524570 0.000000 0.851367 0.583228 0.583228 0.583228
3787.338623 0.000000 2013.291138 0.000000 0.949693 0.000000 0.313182 0.638543 0.638543 0.638543
3825.397461 0.000000 2049.775879 0.000000 0.266099 0.000000 0.963946 0.689083 0.689083 0.689083
3820.720215 0.000000 2045.631958 0.000000 0.823111 0.000000 -0.567880 0.705910 0.705910 0.705910
3846.076904 0.000000 1895.218750 0.000000 0.980104 0.000000 0.198485 0.697206 0.697206 0.697206
3873.467529 0.000000 1935.175903 0.000000 0.974532 0.000000 -0.224249 0.703794 0.703794 0.703794
3843.301270 0.000000 1892.435059 0.000000 0.964770 0.000000 -0.263095 0.712655 0.712655 0.712655
3858.650635 0.000000 1923.041016 0.000000 0.829826 0.000000 -0.558022 0.748832 0.748832 0.748832
3843.927734 0.000000 1894.348022 0.000000 0.226386 0.000000 -0.974038 0.793840 0.793840 0.793840
3871.958252 0.000000 1936.296631 0.000000 0.336817 0.000000 -0.941570 0.912759 0.912759 0.912759
3845.469971 0.000000 1893.693237 0.000000 0.514133 0.000000 0.857710 0.563093 0.563093 0.563093
3857.333252 0.000000 1922.416626 0.000000 0.431512 0.000000 0.902107 0.517613 0.517613 0.517613
3898.588135 0.000000 1982.807617 0.000000 0.181804 0.000000 0.983335 0.698059 0.698059 0.698059
3876.519775 0.000000 1966.158081 0.000000 0.749485 0.000000 0.662021 0.668643 0.668643 0.668643
3895.016357 0.000000 1978.550537 0.000000 0.345138 0.000000 -0.938552 0.999802 0.999802 0.999802
3873.286621 0.000000 1937.210449 0.000000 0.780812 0.000000 0.624766 0.629240 0.629240 0.629240
3892.864502 0.000000 1981.000366 0.000000 0.795618 0.000000 -0.605798 0.727295 0.727295 0.727295
3870.541260 0.000000 1937.711426 0.000000 0.998214 0.000000 0.059735 0.689638 0.689638 0.689638
3874.974121 0.000000 1968.505615 0.000000 0.115207 0.000000 0.993341 0.543332 0.543332 0.543332
3872.278320 0.000000 1939.240234 0.000000 0.054877 0.000000 -0.998493 0.791131 0.791131 0.791131
3895.396729 0.000000 1976.647583 0.000000 0.895512 0.000000 0.445038 0.665180 0.665180 0.665180
3894.542725 0.000000 1980.327026 0.000000 0.572522 0.000000 0.819889 0.619369 0.619369 0.619369
3870.562256 0.000000 1939.792969 0.000000 0.543649 0.000000 -0.839312 0.826717 0.826717 0.826717
3874.812500 0.000000 1966.716064 0.000000 0.539029 0.000000 -0.842287 0.945032 0.945032 0.945032
3893.160889 0.000000 1979.288208 0.000000 0.461026 0.000000 0.887387 0.599271 0.599271 0.599271
3871.869873 0.000000 1936.931641 0.000000 0.999711 0.000000 -0.024041 0.704168 0.704168 0.704168
3875.936279 0.000000 1967.432617 0.000000 0.875735 0.000000 0.482792 0.576729 0.576729 0.576729
3895.618896 0.000000 1979.645142 0.000000 0.455830 0.000000 -0.890067 0.970049 0.970049 0.970049
3904.721436 0.000000 1983.880127 0.000000 0.877195 0.000000 0.480135 0.699300 0.699300 0.699300
3980.697510 0.000000 1933.782593 0.000000 0.996327 0.000000 -0.085625 0.701438 0.701438 0.701438
3977.308594 0.000000 1935.427002 0.000000 0.181501 0.000000 -0.983391 0.731055 0.731055 0.731055
3978.508057 0.000000 1933.523804 0.000000 0.871260 0.000000 -0.490821 0.733711 0.733711 0.733711
3994.686523 0.000000 1960.588989 0.000000 0.849398 0.000000 0.527753 0.699223 0.699223 0.699223
4000.006348 0.000000 1951.690430 0.000000 0.594250 0.000000 -0.804280 0.703919 0.703919 0.703919
4017.374023 0.000000 1955.291504 0.000000 0.915171 0.000000 -0.403065 0.716820 0.716820 0.716820
4001.967773 0.000000 1958.877441 0.000000 0.571483 0.000000 0.820614 0.533143 0.533143 0.533143
3974.061279 0.000000 1942.460938 0.000000 0.916569 0.000000 0.399877 0.664341 0.664341 0.664341
3975.974365 0.000000 1945.467651 0.000000 0.467858 0.000000 0.883804 0.657569 0.657569 0.657569
4001.038574 0.000000 1955.344849 0.000000 0.009782 0.000000 0.999952 0.665082 0.665082 0.665082
3999.892090 0.000000 1948.557129 0.000000 0.258459 0.000000 0.966022 0.299101 0.299101 0.299101
4016.238770 0.000000 1958.260010 0.000000 0.369570 0.000000 0.929203 0.604990 0.604990 0.604990
4018.763428 0.000000 1958.075195 0.000000 0.793503 0.000000 0.608566 0.657924 0.657924 0.657924
3998.109131 0.000000 1950.146973 0.000000 0.965834 0.000000 -0.259163 0.743615 0.743615 0.743615
4000.052246 0.000000 1957.536865 0.000000 0.872839 0.000000 -0.488008 0.807624 0.807624 0.807624
4019.808594 0.000000 1954.093262 0.000000 0.722258 0.000000 0.691624 0.646612 0.646612 0.646612
4000.278809 0.000000 1959.645020 0.000000 0.323518 0.000000 -0.946222 0.915201 0.915201 0.915201
3997.168701 0.000000 1951.733887 0.000000 0.399308 0.000000 -0.916817 0.829744 0.829744 0.829744
3998.389160 0.000000 1958.324585 0.000000 0.847791 0.000000 -0.530330 0.751579 0.751579 0.751579
3997.874268 0.000000 1948.370117 0.000000 0.908336 0.000000 -0.418241 0.759724 0.759724 0.759724
4016.410889 0.000000 1956.628052 0.000000 0.831475 0.000000 0.555562 0.595413 0.595413 0.595413
3975.774658 0.000000 1942.327271 0.000000 0.365929 0.000000 -0.930643 0.803684 0.803684 0.803684
4018.614746 0.000000 1956.496704 0.000000 0.441081 0.000000 0.897467 0.478844 0.478844 0.478844
3996.757324 0.000000 1949.539673 0.000000 0.409007 0.000000 -0.912531 0.859091 0.859091 0.859091
4017.500977 0.000000 1957.546265 0.000000 0.649291 0.000000 0.760540 0.546567 0.546567 0.546567
4019.854980 0.000000 1957.207031 0.000000 0.918444 0.000000 0.395551 0.619266 0.619266 0.619266
3999.512939 0.000000 1950.423584 0.000000 0.825216 0.000000 0.564817 0.600143 0.600143 0.600143
4001.282471 0.000000 1957.842407 0.000000 0.017195 0.000000 0.999852 0.372022 0.372022 0.372022
3998.826172 0.000000 1949.109009 0.000000 0.989466 0.000000 -0.144767 0.744481 0.744481 0.744481
4000.677734 0.000000 1956.481201 0.000000 0.782968 0.000000 -0.622062 0.841732 0.841732 0.841732
4042.319580 0.000000 1973.816406 0.000000 0.999912 0.000000 0.013236 0.699500 0.699500 0.699500
4057.185547 0.000000 1975.450562 0.000000 0.553667 0.000000 -0.832738 0.712382 0.712382 0.712382
4046.287354 0.000000 1968.202759 0.000000 0.804753 0.000000 -0.593609 0.716882 0.716882 0.716882
4052.882324 0.000000 1975.002930 0.000000 0.485126 0.000000 -0.874444 0.871114 0.871114 0.871114
4042.753418 0.000000 1970.080688 0.000000 0.672676 0.000000 -0.739937 0.754734 0.754734 0.754734
4045.672363 0.000000 1973.163574 0.000000 0.379053 0.000000 -0.925375 0.815678 0.815678 0.815678
4054.060791 0.000000 1977.670166 0.000000 0.100261 0.000000 -0.994961 1.133747 1.133747 1.133747
4045.241699 0.000000 1970.599243 0.000000 0.973482 0.000000 -0.228763 0.754856 0.754856 0.754856
4055.067139 0.000000 1974.833008 0.000000 0.832424 0.000000 -0.554139 0.779649 0.779649 0.779649
4046.749512 0.000000 1971.620239 0.000000 0.742975 0.000000 -0.669319 0.782015 0.782015 0.782015
4052.657959 0.000000 1976.684082 0.000000 0.991570 0.000000 -0.129570 0.730155 0.730155 0.730155
4054.258057 0.000000 1976.134277 0.000000 0.924414 0.000000 -0.381390 0.815430 0.815430 0.815430
4055.856934 0.000000 1975.928589 0.000000 0.999991 0.000000 -0.004335 0.700588 0.700588 0.700588
4045.160645 0.000000 1971.957397 0.000000 0.997555 0.000000 0.069892 0.683375 0.683375 0.683375
4053.943848 0.000000 1974.145020 0.000000 0.915159 0.000000 -0.403093 0.766706 0.766706 0.766706
4052.821289 0.000000 1977.890259 0.000000 0.624734 0.000000 -0.780838 0.907944 0.907944 0.907944
4055.078125 0.000000 1977.080078 0.000000 0.320485 0.000000 0.947254 0.332866 0.332866 0.332866
3914.963867 0.000000 1994.873169 0.000000 0.325321 0.000000 -0.945603 0.712130 0.712130 0.712130
3944.954590 0.000000 2027.748901 0.000000 0.980337 0.000000 -0.197329 0.701389 0.701389 0.701389
3953.766602 0.000000 2028.208618 0.000000 0.612170 0.000000 0.790726 0.654099 0.654099 0.654099
3909.203857 0.000000 2008.982910 0.000000 0.392053 0.000000 -0.919943 0.734290 0.734290 0.734290
3910.837402 0.000000 2023.786377 0.000000 0.541934 0.000000 -0.840421 0.713953 0.713953 0.713953
3950.026611 0.000000 2029.461914 0.000000 0.927344 0.000000 -0.374210 0.724666 0.724666 0.724666
3908.902588 0.000000 2021.328491 0.000000 0.802470 0.000000 0.596692 0.683910 0.683910 0.683910
3908.328125 0.000000 2015.664185 0.000000 0.834190 0.000000 -0.551477 0.722050 0.722050 0.722050
3911.482422 0.000000 2004.354004 0.000000 0.265121 0.000000 -0.964215 0.838391 0.838391 0.838391
3910.048096 0.000000 2006.610962 0.000000 0.997093 0.000000 -0.076190 0.710129 0.710129 0.710129
3950.333252 0.000000 2026.958008 0.000000 0.837625 0.000000 0.546245 0.677379 0.677379 0.677379
3908.636475 0.000000 2024.731689 0.000000 0.915268 0.000000 -0.402845 0.751011 0.751011 0.751011
3907.621338 0.000000 2006.558105 0.000000 0.975862 0.000000 -0.218388 0.713543 0.713543 0.713543
3915.082031 0.000000 2031.323120 0.000000 0.058519 0.000000 -0.998286 0.795140 0.795140 0.795140
3911.539062 0.000000 2026.214355 0.000000 0.773319 0.000000 0.634018 0.603989 0.603989 0.603989
3909.737305 0.000000 2013.764282 0.000000 0.952247 0.000000 -0.305329 0.751188 0.751188 0.751188
3951.764160 0.000000 2028.500488 0.000000 0.889945 0.000000 0.456067 0.669544 0.669544 0.669544
3909.255371 0.000000 2019.439697 0.000000 0.817937 0.000000 -0.575307 0.819121 0.819121 0.819121
3908.500977 0.000000 2027.888794 0.000000 0.993797 0.000000 -0.111211 0.713087 0.713087 0.713087
3909.572510 0.000000 2026.283691 0.000000 0.283621 0.000000 -0.958936 0.850699 0.850699 0.850699
3907.762939 0.000000 2019.962524 0.000000 0.045355 0.000000 0.998971 0.459011 0.459011 0.459011
3911.249268 0.000000 2007.589966 0.000000 0.574126 0.000000 -0.818767 0.827405 0.827405 0.827405
3911.310059 0.000000 2005.822632 0.000000 0.789209 0.000000 0.614125 0.629737 0.629737 0.629737
3910.581543 0.000000 2025.157715 0.000000 0.519679 0.000000 -0.854361 0.854663 0.854663 0.854663
3908.906494 0.000000 2005.886230 0.000000 0.556832 0.000000 0.830625 0.538290 0.538290 0.538290
3909.263916 0.000000 2007.638184 0.000000 0.466538 0.000000 -0.884501 0.971632 0.971632 0.971632
3906.604492 0.000000 2012.756104 0.000000 0.998264 0.000000 0.058890 0.686902 0.686902 0.686902
3929.291260 0.000000 2036.976440 0.000000 0.755104 0.000000 -0.655605 0.714994 0.714994 0.714994
3927.923096 0.000000 2033.190674 0.000000 0.516936 0.000000 -0.856024 0.717239 0.717239 0.717239
3923.959961 0.000000 2035.299316 0.000000 0.866390 0.000000 -0.499369 0.727778 0.727778 0.727778
3926.471191 0.000000 2036.676880 0.000000 0.618877 0.000000 -0.785488 0.859155 0.859155 0.859155
3921.408447 0.000000 2035.315918 0.000000 0.979352 0.000000 -0.202163 0.736998 0.736998 0.736998
3927.982910 0.000000 2035.222290 0.000000 0.757750 0.000000 -0.652545 0.844121 0.844121 0.844121
3924.666504 0.000000 2037.038208 0.000000 0.489308 0.000000 0.872111 0.603719 0.603719 0.603719
3916.635742 0.000000 2033.816650 0.000000 0.505356 0.000000 -0.862911 0.833896 0.833896 0.833896
3926.169922 0.000000 2034.931885 0.000000 0.977879 0.000000 0.209173 0.657281 0.657281 0.657281
3927.783447 0.000000 2037.613892 0.000000 0.421503 0.000000 -0.906827 0.900060 0.900060 0.900060
3927.116211 0.000000 2034.089111 0.000000 0.970777 0.000000 0.239983 0.650871 0.650871 0.650871
4001.302490 0.000000 2024.174072 0.000000 0.981333 0.000000 0.192318 0.694318 0.694318 0.694318
3997.779297 0.000000 2025.655273 0.000000 0.092774 0.000000 -0.995687 0.821905 0.821905 0.821905
3998.858398 0.000000 2023.516724 0.000000 0.672465 0.000000 0.740129 0.628938 0.628938 0.628938
3999.547363 0.000000 2025.238403 0.000000 0.999579 0.000000 -0.029021 0.706087 0.706087 0.706087
3998.181396 0.000000 2024.488892 0.000000 0.355882 0.000000 -0.934531 0.953107 0.953107 0.953107
3999.893311 0.000000 2024.100830 0.000000 0.778582 0.000000 -0.627543 0.842266 0.842266 0.842266
4086.630127 0.000000 2009.268921 0.000000 0.773725 0.000000 -0.633522 0.704796 0.704796 0.704796
4069.744141 0.000000 1998.480835 0.000000 0.492502 0.000000 0.870311 0.655716 0.655716 0.655716
4066.644287 0.000000 1993.862915 0.000000 0.946075 0.000000 -0.323949 0.766416 0.766416 0.766416
4082.051514 0.000000 2011.413208 0.000000 0.558687 0.000000 -0.829379 0.725979 0.725979 0.725979
4085.640381 0.000000 2012.651611 0.000000 0.403842 0.000000 0.914829 0.538512 0.538512 0.538512
4066.125977 0.000000 1990.395508 0.000000 0.513697 0.000000 -0.857971 0.808138 0.808138 0.808138
4066.925293 0.000000 2000.226685 0.000000 0.932537 0.000000 0.361074 0.684506 0.684506 0.684506
4087.982422 0.000000 2011.569580 0.000000 0.906323 0.000000 -0.422585 0.734768 0.734768 0.734768
4070.687988 0.000000 2001.704590 0.000000 0.294484 0.000000 0.955656 0.502623 0.502623 0.502623
4087.484375 0.000000 2013.551880 0.000000 0.327800 0.000000 0.944747 0.610084 0.610084 0.610084
4068.964844 0.000000 2000.644409 0.000000 0.102713 0.000000 0.994711 0.383957 0.383957 0.383957
4067.445312 0.000000 1992.006958 0.000000 0.767860 0.000000 0.640617 0.560021 0.560021 0.560021
4085.643555 0.000000 2010.834473 0.000000 0.448762 0.000000 0.893651 0.553183 0.553183 0.553183
4065.654541 0.000000 1992.279785 0.000000 0.765814 0.000000 -0.643062 0.815231 0.815231 0.815231
4067.621094 0.000000 1990.344971 0.000000 0.992970 0.000000 0.118370 0.687559 0.687559 0.687559
4071.868896 0.000000 2001.306396 0.000000 0.683308 0.000000 0.730130 0.572979 0.572979 0.572979
4069.420410 0.000000 2001.766724 0.000000 0.138664 0.000000 -0.990340 1.008245 1.008245 1.008245
3971.291016 0.000000 2042.393066 0.000000 0.996823 0.000000 -0.079643 0.702452 0.702452 0.702452
3976.471191 0.000000 2049.127197 0.000000 0.997121 0.000000 -0.075828 0.701061 0.701061 0.701061
3993.283447 0.000000 2036.976440 0.000000 0.799378 0.000000 0.600829 0.688286 0.688286 0.688286
3988.846191 0.000000 2039.072021 0.000000 0.998015 0.000000 0.062970 0.699031 0.699031 0.699031
3972.591064 0.000000 2046.665161 0.000000 0.985063 0.000000 0.172192 0.697097 0.697097 0.697097
3991.915283 0.000000 2033.190674 0.000000 0.877729 0.000000 -0.479157 0.721657 0.721657 0.721657
3990.463379 0.000000 2036.676880 0.000000 0.838088 0.000000 0.545535 0.572538 0.572538 0.572538
3978.017090 0.000000 2051.892578 0.000000 0.830924 0.000000 0.556387 0.672778 0.672778 0.672778
3991.975098 0.000000 2035.222290 0.000000 0.742342 0.000000 -0.670021 0.905303 0.905303 0.905303
3988.658691 0.000000 2037.038208 0.000000 0.079157 0.000000 -0.996862 0.921041 0.921041 0.921041
3990.162109 0.000000 2034.931885 0.000000 0.964762 0.000000 0.263125 0.625550 0.625550 0.625550
3991.775635 0.000000 2037.613892 0.000000 0.998220 0.000000 -0.059639 0.713182 0.713182 0.713182
3991.108398 0.000000 2034.089111 0.000000 0.741360 0.000000 0.671107 0.494288 0.494288 0.494288
3298.053711 0.000000 2289.572998 0.000000 0.417347 0.000000 0.908747 0.677682 0.677682 0.677682
3287.521484 0.000000 2288.881592 0.000000 0.636449 0.000000 0.771319 0.683990 0.683990 0.683990
3301.436523 0.000000 2312.808838 0.000000 0.810983 0.000000 -0.585070 0.731455 0.731455 0.731455
3287.608643 0.000000 2286.232178 0.000000 0.969495 0.000000 -0.245110 0.709001 0.709001 0.709001
3293.980957 0.000000 2298.473877 0.000000 0.836909 0.000000 0.547342 0.664371 0.664371 0.664371
3299.539062 0.000000 2275.460205 0.000000 0.978109 0.000000 0.208092 0.665418 0.665418 0.665418
3297.748291 0.000000 2275.732910 0.000000 0.066502 0.000000 -0.997786 0.891376 0.891376 0.891376
3518.061523 0.000000 2291.611572 0.000000 0.896109 0.000000 -0.443835 0.704500 0.704500 0.704500
3518.412842 0.000000 2309.040527 0.000000 0.828081 0.000000 0.560608 0.659231 0.659231 0.659231
3530.382080 0.000000 2304.511963 0.000000 0.211546 0.000000 -0.977368 0.753146 0.753146 0.753146
3542.846436 0.000000 2279.490723 0.000000 0.435451 0.000000 -0.900212 0.704699 0.704699 0.704699
3519.573486 0.000000 2309.994141 0.000000 0.852474 0.000000 -0.522769 0.737684 0.737684 0.737684
3532.899658 0.000000 2307.488525 0.000000 0.936588 0.000000 -0.350432 0.728031 0.728031 0.728031
3523.211182 0.000000 2310.017822 0.000000 0.905974 0.000000 0.423334 0.690222 0.690222 0.690222
3539.280029 0.000000 2308.324463 0.000000 0.956850 0.000000 -0.290583 0.708244 0.708244 0.708244
3521.469482 0.000000 2308.710449 0.000000 0.999458 0.000000 0.032921 0.695489 0.695489 0.695489
3521.709717 0.000000 2310.497559 0.000000 0.917990 0.000000 -0.396603 0.755875 0.755875 0.755875
3540.765381 0.000000 2347.741943 0.000000 0.946720 0.000000 -0.322059 0.701834 0.701834 0.701834
3537.225098 0.000000 2342.032227 0.000000 0.589617 0.000000 0.807683 0.589584 0.589584 0.589584
3537.361328 0.000000 2344.122559 0.000000 0.842174 0.000000 -0.539207 0.786785 0.786785 0.786785
3539.993164 0.000000 2342.326660 0.000000 0.938806 0.000000 -0.344446 0.757029 0.757029 0.757029
3538.351807 0.000000 2344.977539 0.000000 0.039256 0.000000 0.999229 0.293175 0.293175 0.293175
3539.234131 0.000000 2344.171875 0.000000 0.164016 0.000000 0.986458 0.326511 0.326511 0.326511
3574.692627 0.000000 2387.206543 0.000000 0.174902 0.000000 0.984586 0.649292 0.649292 0.649292
3560.394287 0.000000 2371.511719 0.000000 0.221015 0.000000 -0.975270 0.897874 0.897874 0.897874
3580.354492 0.000000 2392.598145 0.000000 0.816662 0.000000 -0.577116 0.728383 0.728383 0.728383
3579.242920 0.000000 2396.434082 0.000000 0.952728 0.000000 0.303825 0.694821 0.694821 0.694821
3560.187012 0.000000 2368.035645 0.000000 0.633634 0.000000 -0.773633 0.739573 0.739573 0.739573
3576.044922 0.000000 2389.507324 0.000000 0.058074 0.000000 0.998312 0.513894 0.513894 0.513894
3578.297607 0.000000 2394.039551 0.000000 0.215422 0.000000 -0.976521 0.936565 0.936565 0.936565
3580.298828 0.000000 2394.602539 0.000000 0.084040 0.000000 -0.996462 0.878746 0.878746 0.878746
3558.616211 0.000000 2371.660889 0.000000 0.095009 0.000000 0.995476 0.561776 0.561776 0.561776
3578.223633 0.000000 2395.467529 0.000000 0.700300 0.000000 0.713849 0.561071 0.561071 0.561071
3575.036865 0.000000 2388.583008 0.000000 0.722378 0.000000 -0.691498 0.812088 0.812088 0.812088
3561.698730 0.000000 2371.196289 0.000000 0.866000 0.000000 -0.500044 0.776870 0.776870 0.776870
3574.808105 0.000000 2389.869873 0.000000 0.950617 0.000000 0.310365 0.653674 0.653674 0.653674
3305.032715 0.000000 2641.897461 0.000000 0.900492 0.000000 -0.434873 0.702516 0.702516 0.702516
3324.834961 0.000000 2615.918213 0.000000 0.733523 0.000000 0.679665 0.689552 0.689552 0.689552
3324.083740 0.000000 2606.212402 0.000000 0.134846 0.000000 -0.990867 0.724084 0.724084 0.724084
3301.829590 0.000000 2638.772461 0.000000 0.085518 0.000000 0.996337 0.388544 0.388544 0.388544
3302.715820 0.000000 2630.453857 0.000000 0.641745 0.000000 0.766918 0.645012 0.645012 0.645012
3308.011230 0.000000 2641.362549 0.000000 0.998785 0.000000 -0.049289 0.702413 0.702413 0.702413
3324.577637 0.000000 2609.177246 0.000000 0.717300 0.000000 0.696764 0.653657 0.653657 0.653657
3325.279297 0.000000 2613.039795 0.000000 0.206524 0.000000 -0.978442 0.764778 0.764778 0.764778
3300.674561 0.000000 2632.447754 0.000000 0.772366 0.000000 -0.635178 0.744261 0.744261 0.744261
3303.129639 0.000000 2636.608398 0.000000 0.995898 0.000000 0.090487 0.695440 0.695440 0.695440
3301.220703 0.000000 2636.383301 0.000000 0.630169 0.000000 0.776458 0.621696 0.621696 0.621696
3306.317871 0.000000 2643.222900 0.000000 0.987873 0.000000 -0.155266 0.727680 0.727680 0.727680
3303.451416 0.000000 2638.182129 0.000000 0.992745 0.000000 -0.120239 0.717357 0.717357 0.717357
3308.656006 0.000000 2642.824463 0.000000 0.919148 0.000000 -0.393913 0.763964 0.763964 0.763964
3301.137451 0.000000 2631.058838 0.000000 0.086899 0.000000 0.996217 0.332825 0.332825 0.332825
3303.008057 0.000000 2639.681152 0.000000 0.357890 0.000000 -0.933764 0.873491 0.873491 0.873491
3309.891357 0.000000 2642.284180 0.000000 0.801515 0.000000 -0.597975 0.801262 0.801262 0.801262
3307.392090 0.000000 2642.549805 0.000000 0.158020 0.000000 -0.987436 0.950727 0.950727 0.950727
3300.055176 0.000000 2630.566650 0.000000 0.922964 0.000000 -0.384887 0.797767 0.797767 0.797767
3386.650635 0.000000 2549.714111 0.000000 0.755234 0.000000 -0.655455 0.704997 0.704997 0.704997
3390.077148 0.000000 2527.822510 0.000000 0.950821 0.000000 -0.309740 0.704403 0.704403 0.704403
3446.495605 0.000000 2515.789551 0.000000 0.150462 0.000000 0.988616 0.662287 0.662287 0.662287
3412.781006 0.000000 2536.710693 0.000000 0.746196 0.000000 0.665726 0.672502 0.672502 0.672502
3424.076660 0.000000 2518.596680 0.000000 0.935620 0.000000 0.353009 0.681337 0.681337 0.681337
3439.976318 0.000000 2512.315430 0.000000 0.590938 0.000000 -0.806717 0.743302 0.743302 0.743302
3452.068115 0.000000 2511.728027 0.000000 0.954727 0.000000 0.297482 0.688598 0.688598 0.688598
3408.652100 0.000000 2542.197510 0.000000 0.867470 0.000000 -0.497489 0.736399 0.736399 0.736399
3392.603516 0.000000 2526.757324 0.000000 0.998594 0.000000 -0.053012 0.704078 0.704078 0.704078
3410.796631 0.000000 2532.038818 0.000000 0.431866 0.000000 -0.901938 0.841458 0.841458 0.841458
3447.277588 0.000000 2511.236572 0.000000 0.605152 0.000000 -0.796110 0.725748 0.725748 0.725748
3412.960449 0.000000 2541.909424 0.000000 0.028194 0.000000 -0.999602 0.732350 0.732350 0.732350
3398.899902 0.000000 2543.450439 0.000000 0.591675 0.000000 -0.806177 0.900570 0.900570 0.900570
3443.706299 0.000000 2513.174805 0.000000 0.152886 0.000000 0.988244 0.596962 0.596962 0.596962
3392.757080 0.000000 2530.653076 0.000000 0.549610 0.000000 -0.835422 0.758067 0.758067 0.758067
3449.499512 0.000000 2513.787354 0.000000 0.694791 0.000000 0.719211 0.567583 0.567583 0.567583
3413.844238 0.000000 2533.554443 0.000000 0.201898 0.000000 -0.979407 0.797505 0.797505 0.797505
3426.768799 0.000000 2516.881348 0.000000 0.813215 0.000000 -0.581964 0.785971 0.785971 0.785971
3396.965088 0.000000 2540.992676 0.000000 0.645135 0.000000 -0.764069 0.729178 0.729178 0.729178
3423.962402 0.000000 2515.463623 0.000000 0.881329 0.000000 -0.472504 0.715825 0.715825 0.715825
3411.459229 0.000000 2539.362305 0.000000 0.977285 0.000000 0.211930 0.670443 0.670443 0.670443
3411.902588 0.000000 2529.677246 0.000000 0.988912 0.000000 0.148502 0.692915 0.692915 0.692915
3394.667236 0.000000 2528.497070 0.000000 0.039291 0.000000 0.999228 0.582238 0.582238 0.582238
3449.702637 0.000000 2510.381836 0.000000 0.325756 0.000000 -0.945454 0.748501 0.748501 0.748501
3401.701416 0.000000 2543.084717 0.000000 0.388875 0.000000 0.921290 0.639406 0.639406 0.639406
3399.996826 0.000000 2541.199707 0.000000 0.944587 0.000000 0.328262 0.663527 0.663527 0.663527
3441.502197 0.000000 2514.168457 0.000000 0.999946 0.000000 0.010354 0.699074 0.699074 0.699074
3422.179443 0.000000 2517.053223 0.000000 0.750894 0.000000 0.660422 0.536617 0.536617 0.536617
3413.456299 0.000000 2531.368896 0.000000 0.026978 0.000000 0.999636 0.507906 0.507906 0.507906
3448.937988 0.000000 2512.024170 0.000000 0.458314 0.000000 -0.888790 0.880595 0.880595 0.880595
3424.868652 0.000000 2516.996582 0.000000 0.580101 0.000000 -0.814545 0.898301 0.898301 0.898301
3412.887207 0.000000 2538.487305 0.000000 0.722004 0.000000 0.691889 0.600651 0.600651 0.600651
3398.487549 0.000000 2540.357178 0.000000 0.636455 0.000000 0.771314 0.603938 0.603938 0.603938
3422.680420 0.000000 2519.342285 0.000000 0.995296 0.000000 -0.096877 0.709496 0.709496 0.709496
3447.641602 0.000000 2512.889160 0.000000 0.922643 0.000000 0.385656 0.655718 0.655718 0.655718
3398.525146 0.000000 2541.946777 0.000000 0.712475 0.000000 0.701698 0.615184 0.615184 0.615184
3440.011719 0.000000 2513.926514 0.000000 0.998156 0.000000 -0.060700 0.711209 0.711209 0.711209
3393.281006 0.000000 2529.191406 0.000000 0.950500 0.000000 0.310725 0.620047 0.620047 0.620047
3410.662109 0.000000 2530.513428 0.000000 0.996807 0.000000 0.079854 0.680442 0.680442 0.680442
3420.827637 0.000000 2516.446045 0.000000 0.993881 0.000000 -0.110453 0.712688 0.712688 0.712688
3412.008789 0.000000 2531.295410 0.000000 0.951869 0.000000 0.306504 0.661238 0.661238 0.661238
3410.158691 0.000000 2538.526123 0.000000 0.976220 0.000000 -0.216783 0.730245 0.730245 0.730245
3423.583252 0.000000 2517.329834 0.000000 0.332518 0.000000 0.943097 0.421008 0.421008 0.421008
3441.107910 0.000000 2512.915771 0.000000 0.944525 0.000000 0.328439 0.638242 0.638242 0.638242
3422.896484 0.000000 2516.015381 0.000000 0.770782 0.000000 0.637100 0.543559 0.543559 0.543559
3492.566650 0.000000 2533.064453 0.000000 0.958508 0.000000 -0.285066 0.706466 0.706466 0.706466
3502.156250 0.000000 2530.095947 0.000000 0.180882 0.000000 0.983505 0.668931 0.668931 0.668931
3484.815186 0.000000 2536.663818 0.000000 0.899090 0.000000 0.437764 0.689231 0.689231 0.689231
3506.187744 0.000000 2527.331055 0.000000 0.903902 0.000000 -0.427739 0.749435 0.749435 0.749435
3488.213135 0.000000 2534.513184 0.000000 0.572049 0.000000 0.820220 0.644869 0.644869 0.644869
3484.569824 0.000000 2532.783447 0.000000 0.873358 0.000000 0.487079 0.658747 0.658747 0.658747
3489.809082 0.000000 2532.223389 0.000000 0.952202 0.000000 -0.305468 0.730814 0.730814 0.730814
3482.414551 0.000000 2535.146240 0.000000 0.978624 0.000000 0.205659 0.676833 0.676833 0.676833
3491.020996 0.000000 2535.411865 0.000000 0.927034 0.000000 0.374978 0.638201 0.638201 0.638201
3502.567871 0.000000 2527.573486 0.000000 0.629472 0.000000 -0.777023 0.737325 0.737325 0.737325
3504.534424 0.000000 2529.182861 0.000000 0.420210 0.000000 -0.907427 1.076775 1.076775 1.076775
3485.957520 0.000000 2534.684814 0.000000 0.913235 0.000000 0.407432 0.639571 0.639571 0.639571
3482.717773 0.000000 2533.272461 0.000000 0.939110 0.000000 0.343617 0.675480 0.675480 0.675480
3504.354980 0.000000 2527.012939 0.000000 0.012709 0.000000 0.999919 0.410285 0.410285 0.410285
3484.221191 0.000000 2534.645508 0.000000 0.977459 0.000000 0.211124 0.669367 0.669367 0.669367
3490.859375 0.000000 2533.622559 0.000000 0.983006 0.000000 0.183574 0.660767 0.660767 0.660767
3455.677490 0.000000 2513.380127 0.000000 0.999989 0.000000 -0.004598 0.701221 0.701221 0.701221
3506.610107 0.000000 2528.855957 0.000000 0.692986 0.000000 0.720951 0.616699 0.616699 0.616699
3488.365479 0.000000 2532.825928 0.000000 0.993960 0.000000 0.109743 0.689085 0.689085 0.689085
3507.843506 0.000000 2526.001465 0.000000 0.315871 0.000000 0.948802 0.560258 0.560258 0.560258
3503.110840 0.000000 2528.924805 0.000000 0.984239 0.000000 -0.176843 0.721375 0.721375 0.721375
3505.668945 0.000000 2529.841064 0.000000 0.438010 0.000000 -0.898970 1.070246 1.070246 1.070246
3491.983154 0.000000 2534.338867 0.000000 0.974900 0.000000 -0.222644 0.736099 0.736099 0.736099
3505.145264 0.000000 2528.082031 0.000000 0.987060 0.000000 0.160350 0.646639 0.646639 0.646639
3491.313721 0.000000 2532.460449 0.000000 0.998281 0.000000 0.058612 0.687537 0.687537 0.687537
3542.846436 0.000000 2515.701660 0.000000 0.945072 0.000000 0.326861 0.698603 0.698603 0.698603
3543.233887 0.000000 2519.075684 0.000000 0.806402 0.000000 -0.591367 0.776963 0.776963 0.776963
3388.971924 0.000000 2551.281006 0.000000 0.049430 0.000000 -0.998778 0.717016 0.717016 0.717016
3338.405518 0.000000 2587.965088 0.000000 0.765860 0.000000 0.643007 0.696094 0.696094 0.696094
3360.084473 0.000000 2565.838867 0.000000 0.561047 0.000000 -0.827784 0.708180 0.708180 0.708180
3381.240234 0.000000 2554.349609 0.000000 0.368675 0.000000 0.929559 0.686654 0.686654 0.686654
3330.530029 0.000000 2590.148438 0.000000 0.763387 0.000000 0.645941 0.673491 0.673491 0.673491
3347.424316 0.000000 2574.326904 0.000000 0.544737 0.000000 0.838607 0.528946 0.528946 0.528946
3342.373291 0.000000 2582.351318 0.000000 0.795008 0.000000 0.606598 0.610700 0.610700 0.610700
3357.269531 0.000000 2560.917725 0.000000 0.638672 0.000000 0.769479 0.685270 0.685270 0.685270
3385.940918 0.000000 2554.717773 0.000000 0.883046 0.000000 -0.469287 0.708195 0.708195 0.708195
3327.596924 0.000000 2593.447266 0.000000 0.580325 0.000000 -0.814385 0.713305 0.713305 0.713305
3338.839355 0.000000 2584.229248 0.000000 0.998237 0.000000 -0.059349 0.701660 0.701660 0.701660
3341.758301 0.000000 2587.312256 0.000000 0.178387 0.000000 0.983960 0.668875 0.668875 0.668875
3328.653076 0.000000 2587.386719 0.000000 0.140222 0.000000 -0.990120 0.761981 0.761981 0.761981
3346.816162 0.000000 2571.198975 0.000000 0.912447 0.000000 -0.409194 0.713556 0.713556 0.713556
3345.592285 0.000000 2582.338867 0.000000 0.930284 0.000000 0.366840 0.666917 0.666917 0.666917
3359.970215 0.000000 2562.705811 0.000000 0.074488 0.000000 -0.997222 1.105817 1.105817 1.105817
3329.287109 0.000000 2595.457031 0.000000 0.064638 0.000000 0.997909 0.365202 0.365202 0.365202
3383.272705 0.000000 2555.925049 0.000000 0.999175 0.000000 0.040617 0.697671 0.697671 0.697671
3341.327637 0.000000 2584.747803 0.000000 0.776779 0.000000 0.629773 0.562847 0.562847 0.562847
3347.645996 0.000000 2581.513428 0.000000 0.863804 0.000000 -0.503828 0.730267 0.730267 0.730267
3329.492920 0.000000 2592.163574 0.000000 0.934873 0.000000 0.354983 0.674125 0.674125 0.674125
3345.388428 0.000000 2574.654053 0.000000 0.886740 0.000000 0.462268 0.666408 0.666408 0.666408
3340.274170 0.000000 2582.742188 0.000000 0.975922 0.000000 0.218120 0.666184 0.666184 0.666184
3343.894531 0.000000 2583.651367 0.000000 0.498136 0.000000 0.867099 0.556228 0.556228 0.556228
3345.977295 0.000000 2572.868652 0.000000 0.210461 0.000000 0.977602 0.580324 0.580324 0.580324
3343.970215 0.000000 2581.399658 0.000000 0.962907 0.000000 -0.269833 0.726357 0.726357 0.726357
3347.988770 0.000000 2572.605713 0.000000 0.625542 0.000000 -0.780190 0.927723 0.927723 0.927723
3342.835449 0.000000 2585.768799 0.000000 0.999827 0.000000 -0.018607 0.701431 0.701431 0.701431
3361.852539 0.000000 2562.550293 0.000000 0.222464 0.000000 -0.974941 0.809181 0.809181 0.809181
3345.384766 0.000000 2580.333496 0.000000 0.985334 0.000000 -0.170638 0.742673 0.742673 0.742673
3359.085938 0.000000 2560.645508 0.000000 0.849057 0.000000 0.528300 0.640860 0.640860 0.640860
3329.249268 0.000000 2589.025391 0.000000 0.529073 0.000000 -0.848576 0.886997 0.886997 0.886997
3331.725830 0.000000 2589.146973 0.000000 0.106480 0.000000 0.994315 0.417524 0.417524 0.417524
3341.470215 0.000000 2583.380615 0.000000 0.272897 0.000000 0.962043 0.500939 0.500939 0.500939
3347.479004 0.000000 2575.682373 0.000000 0.431821 0.000000 -0.901959 0.893335 0.893335 0.893335
3358.904297 0.000000 2563.257568 0.000000 0.271383 0.000000 0.962472 0.348501 0.348501 0.348501
3425.372803 0.000000 2638.322510 0.000000 0.245257 0.000000 0.969458 0.694451 0.694451 0.694451
3446.708252 0.000000 2623.417480 0.000000 0.871316 0.000000 0.490722 0.697849 0.697849 0.697849
3433.017090 0.000000 2641.897461 0.000000 0.810604 0.000000 0.585595 0.696501 0.696501 0.696501
3442.503174 0.000000 2636.772461 0.000000 0.183076 0.000000 -0.983099 0.763976 0.763976 0.763976
3434.241455 0.000000 2628.790039 0.000000 0.999960 0.000000 -0.008922 0.700075 0.700075 0.700075
3437.387939 0.000000 2619.784424 0.000000 0.906485 0.000000 0.422238 0.692687 0.692687 0.692687
3438.089111 0.000000 2643.610352 0.000000 0.940511 0.000000 -0.339762 0.708724 0.708724 0.708724
3427.462158 0.000000 2635.536377 0.000000 0.367867 0.000000 -0.929878 0.775123 0.775123 0.775123
3434.448730 0.000000 2625.303711 0.000000 0.189836 0.000000 -0.981816 0.728936 0.728936 0.728936
3424.677002 0.000000 2635.613281 0.000000 0.595018 0.000000 -0.803713 0.761340 0.761340 0.761340
3438.575684 0.000000 2622.057861 0.000000 0.994122 0.000000 0.108263 0.696209 0.696209 0.696209
3447.920654 0.000000 2620.661865 0.000000 0.613873 0.000000 0.789404 0.636399 0.636399 0.636399
3441.313232 0.000000 2634.675049 0.000000 0.690207 0.000000 -0.723612 0.739587 0.739587 0.739587
3427.728516 0.000000 2637.781250 0.000000 0.188113 0.000000 -0.982147 0.788849 0.788849 0.788849
3440.362793 0.000000 2621.497314 0.000000 0.846296 0.000000 -0.532712 0.750268 0.750268 0.750268
3436.728516 0.000000 2621.446777 0.000000 0.942716 0.000000 -0.333596 0.729006 0.729006 0.729006
3438.951904 0.000000 2620.476807 0.000000 0.375412 0.000000 -0.926858 0.892333 0.892333 0.892333
3589.869629 0.000000 2408.109131 0.000000 0.981761 0.000000 0.190120 0.687698 0.687698 0.687698
3603.393066 0.000000 2432.600342 0.000000 0.833479 0.000000 0.552551 0.695908 0.695908 0.695908
3590.108154 0.000000 2414.883057 0.000000 0.070146 0.000000 0.997537 0.658041 0.658041 0.658041
3602.773193 0.000000 2437.554443 0.000000 0.349484 0.000000 0.936942 0.679637 0.679637 0.679637
3595.604248 0.000000 2415.656250 0.000000 0.466026 0.000000 0.884771 0.643823 0.643823 0.643823
3592.021240 0.000000 2417.889648 0.000000 0.498050 0.000000 -0.867148 0.898072 0.898072 0.898072
3600.433105 0.000000 2434.804443 0.000000 0.247686 0.000000 -0.968840 0.969539 0.969539 0.969539
3599.743652 0.000000 2437.724609 0.000000 0.904359 0.000000 0.426773 0.685205 0.685205 0.685205
3603.879150 0.000000 2435.192871 0.000000 0.226890 0.000000 0.973920 0.653098 0.653098 0.653098
3594.377197 0.000000 2417.738037 0.000000 0.833471 0.000000 0.552563 0.640251 0.640251 0.640251
3587.047852 0.000000 2409.754395 0.000000 0.212335 0.000000 0.977197 0.639298 0.639298 0.639298
3593.047363 0.000000 2415.870605 0.000000 0.683496 0.000000 -0.729955 0.796094 0.796094 0.796094
3601.217285 0.000000 2436.516602 0.000000 0.999521 0.000000 -0.030932 0.702811 0.702811 0.702811
3589.046631 0.000000 2411.278076 0.000000 0.833039 0.000000 0.553214 0.613945 0.613945 0.613945
3593.237793 0.000000 2417.148438 0.000000 0.024910 0.000000 -0.999690 0.991769 0.991769 0.991769
3712.744873 0.000000 2409.060059 0.000000 0.994402 0.000000 -0.105660 0.700592 0.700592 0.700592
3711.550049 0.000000 2404.478516 0.000000 0.534062 0.000000 -0.845446 0.715492 0.715492 0.715492
3712.744873 0.000000 2456.302246 0.000000 0.195736 0.000000 -0.980657 0.703841 0.703841 0.703841
3734.822998 0.000000 2421.217285 0.000000 0.291741 0.000000 0.956497 0.680396 0.680396 0.680396
3732.741943 0.000000 2442.226318 0.000000 0.825309 0.000000 -0.564682 0.703356 0.703356 0.703356
3728.146729 0.000000 2426.477051 0.000000 0.872651 0.000000 0.488344 0.696434 0.696434 0.696434
3724.728760 0.000000 2453.446777 0.000000 0.897101 0.000000 0.441825 0.692962 0.692962 0.692962
3731.377441 0.000000 2432.600342 0.000000 0.426813 0.000000 -0.904340 0.744228 0.744228 0.744228
3737.314697 0.000000 2414.914062 0.000000 0.412522 0.000000 0.910948 0.674375 0.674375 0.674375
3729.083740 0.000000 2421.139404 0.000000 0.928433 0.000000 0.371501 0.694146 0.694146 0.694146
3731.797852 0.000000 2423.759766 0.000000 0.970945 0.000000 0.239303 0.695608 0.695608 0.695608
3720.648682 0.000000 2409.400879 0.000000 0.147144 0.000000 0.989115 0.654239 0.654239 0.654239
3945.499023 0.000000 2353.975098 0.000000 0.449730 0.000000 0.893165 0.649050 0.649050 0.649050
3947.005859 0.000000 2355.790283 0.000000 0.974358 0.000000 -0.225001 0.711739 0.711739 0.711739
3947.794922 0.000000 2360.734863 0.000000 0.082590 0.000000 -0.996584 0.795702 0.795702 0.795702
3606.838623 0.000000 2468.459473 0.000000 0.530003 0.000000 -0.847996 0.739623 0.739623 0.739623
3618.014648 0.000000 2478.541748 0.000000 0.293427 0.000000 0.955981 0.662626 0.662626 0.662626
3623.980713 0.000000 2481.238525 0.000000 0.921924 0.000000 -0.387370 0.710566 0.710566 0.710566
3611.814697 0.000000 2470.275391 0.000000 0.133316 0.000000 0.991074 0.450867 0.450867 0.450867
3631.222656 0.000000 2486.733887 0.000000 0.942055 0.000000 -0.335460 0.732044 0.732044 0.732044
3626.425293 0.000000 2483.577148 0.000000 0.996654 0.000000 -0.081732 0.701945 0.701945 0.701945
3641.257080 0.000000 2495.740967 0.000000 0.541670 0.000000 -0.840591 0.796310 0.796310 0.796310
3628.683350 0.000000 2485.642578 0.000000 0.328228 0.000000 0.944599 0.425164 0.425164 0.425164
3609.654785 0.000000 2468.610596 0.000000 0.475413 0.000000 0.879763 0.491023 0.491023 0.491023
3621.481445 0.000000 2483.155029 0.000000 0.666209 0.000000 0.745766 0.667052 0.667052 0.667052
3642.179932 0.000000 2493.184326 0.000000 0.417036 0.000000 -0.908890 0.770165 0.770165 0.770165
3620.985596 0.000000 2480.731445 0.000000 0.986896 0.000000 -0.161356 0.729681 0.729681 0.729681
3609.546875 0.000000 2471.225586 0.000000 0.998137 0.000000 0.061015 0.693940 0.693940 0.693940
3631.857178 0.000000 2484.454102 0.000000 0.940577 0.000000 -0.339580 0.773143 0.773143 0.773143
3611.800537 0.000000 2468.087402 0.000000 0.949969 0.000000 0.312345 0.667580 0.667580 0.667580
3611.332520 0.000000 2472.461670 0.000000 0.895819 0.000000 -0.444418 0.742494 0.742494 0.742494
3628.197266 0.000000 2482.208252 0.000000 0.831099 0.000000 0.556124 0.644761 0.644761 0.644761
3643.081055 0.000000 2494.973877 0.000000 0.391229 0.000000 0.920294 0.485932 0.485932 0.485932
3618.996582 0.000000 2480.301270 0.000000 0.428239 0.000000 -0.903665 0.775714 0.775714 0.775714
3608.013916 0.000000 2470.058838 0.000000 0.467464 0.000000 -0.884012 0.807638 0.807638 0.807638
3620.319336 0.000000 2479.058105 0.000000 0.967059 0.000000 0.254551 0.679849 0.679849 0.679849
3628.391846 0.000000 2483.870850 0.000000 0.850157 0.000000 0.526530 0.648058 0.648058 0.648058
3630.327393 0.000000 2485.288086 0.000000 0.617996 0.000000 -0.786181 0.890969 0.890969 0.890969
3608.196289 0.000000 2468.342285 0.000000 0.745599 0.000000 0.666395 0.558262 0.558262 0.558262
3610.851562 0.000000 2471.205322 0.000000 0.174242 0.000000 -0.984703 0.941952 0.941952 0.941952
3629.644287 0.000000 2484.151123 0.000000 0.573843 0.000000 0.818965 0.486687 0.486687 0.486687
3609.126709 0.000000 2469.678467 0.000000 0.642262 0.000000 0.766485 0.530281 0.530281 0.530281
3708.788086 0.000000 2474.191650 0.000000 0.861975 0.000000 0.506951 0.691824 0.691824 0.691824
3650.490967 0.000000 2495.664062 0.000000 0.936815 0.000000 0.349825 0.690507 0.690507 0.690507
3706.308594 0.000000 2478.478516 0.000000 0.974493 0.000000 -0.224417 0.704114 0.704114 0.704114
3706.387939 0.000000 2483.296143 0.000000 0.999982 0.000000 0.005939 0.699867 0.699867 0.699867
3651.195557 0.000000 2498.986572 0.000000 0.276606 0.000000 0.960983 0.651285 0.651285 0.651285
3704.029297 0.000000 2483.991699 0.000000 0.665563 0.000000 -0.746341 0.754185 0.754185 0.754185
3649.453857 0.000000 2497.679199 0.000000 0.880567 0.000000 -0.473922 0.725540 0.725540 0.725540
3587.600830 0.000000 2538.082520 0.000000 0.824460 0.000000 0.565920 0.647858 0.647858 0.647858
3584.837402 0.000000 2537.001465 0.000000 0.145763 0.000000 -0.989320 0.805553 0.805553 0.805553
3585.831299 0.000000 2538.707520 0.000000 0.664241 0.000000 -0.747519 0.756660 0.756660 0.756660
3586.843994 0.000000 2536.471436 0.000000 0.813856 0.000000 -0.581067 0.778884 0.778884 0.778884
3673.769287 0.000000 2521.243408 0.000000 0.642777 0.000000 -0.766053 0.717081 0.717081 0.717081
3668.929199 0.000000 2541.909424 0.000000 0.510417 0.000000 0.859927 0.645007 0.645007 0.645007
3664.661865 0.000000 2546.297852 0.000000 0.999229 0.000000 0.039268 0.697474 0.697474 0.697474
3671.218262 0.000000 2519.075684 0.000000 0.480130 0.000000 -0.877198 0.774796 0.774796 0.774796
3665.359375 0.000000 2549.500488 0.000000 0.981745 0.000000 -0.190204 0.709097 0.709097 0.709097
3666.731689 0.000000 2541.516357 0.000000 0.629338 0.000000 -0.777132 0.760976 0.760976 0.760976
3711.915771 0.000000 2486.951172 0.000000 0.549830 0.000000 0.835276 0.694471 0.694471 0.694471
3745.333740 0.000000 2496.595947 0.000000 0.957791 0.000000 0.287466 0.699185 0.699185 0.699185
3711.846191 0.000000 2460.648193 0.000000 0.937101 0.000000 -0.349059 0.705483 0.705483 0.705483
3732.741943 0.000000 2489.468506 0.000000 0.638054 0.000000 -0.769992 0.722116 0.722116 0.722116
3715.322266 0.000000 2467.572998 0.000000 0.794609 0.000000 0.607121 0.693615 0.693615 0.693615
3737.224609 0.000000 2495.114746 0.000000 0.692610 0.000000 -0.721312 0.732666 0.732666 0.732666
3718.092529 0.000000 2462.125244 0.000000 0.975881 0.000000 -0.218303 0.701846 0.701846 0.701846
3715.770752 0.000000 2485.327393 0.000000 0.257666 0.000000 -0.966234 0.720149 0.720149 0.720149
3712.534424 0.000000 2464.678223 0.000000 0.866436 0.000000 0.499289 0.686844 0.686844 0.686844
3712.718018 0.000000 2483.410889 0.000000 0.115664 0.000000 -0.993288 0.736612 0.736612 0.736612
3715.205566 0.000000 2463.137451 0.000000 0.862676 0.000000 -0.505757 0.720016 0.720016 0.720016
3766.456543 0.000000 2515.789551 0.000000 0.394787 0.000000 0.918773 0.686970 0.686970 0.686970
3772.331055 0.000000 2534.324707 0.000000 0.317302 0.000000 0.948325 0.686043 0.686043 0.686043
3767.238525 0.000000 2511.236572 0.000000 0.917467 0.000000 0.397813 0.679408 0.679408 0.679408
3761.673096 0.000000 2503.991943 0.000000 0.907431 0.000000 0.420201 0.692118 0.692118 0.692118
3766.314941 0.000000 2550.408936 0.000000 0.497769 0.000000 -0.867310 0.744030 0.744030 0.744030
3770.380127 0.000000 2530.538330 0.000000 0.471629 0.000000 0.881797 0.662264 0.662264 0.662264
3773.621338 0.000000 2507.994385 0.000000 0.997005 0.000000 -0.077339 0.702598 0.702598 0.702598
3769.460449 0.000000 2513.787354 0.000000 0.119734 0.000000 -0.992806 0.754763 0.754763 0.754763
3774.486572 0.000000 2531.132568 0.000000 0.168465 0.000000 -0.985708 0.743107 0.743107 0.743107
3775.838379 0.000000 2507.890381 0.000000 0.309589 0.000000 -0.950870 0.708780 0.708780 0.708780
3776.818115 0.000000 2521.670898 0.000000 0.976227 0.000000 0.216752 0.699389 0.699389 0.699389
3792.138916 0.000000 2520.961426 0.000000 0.933671 0.000000 0.358132 0.685662 0.685662 0.685662
3807.283203 0.000000 2530.617920 0.000000 0.819302 0.000000 -0.573362 0.723049 0.723049 0.723049
3794.749756 0.000000 2532.038818 0.000000 0.854384 0.000000 0.519642 0.687013 0.687013 0.687013
3797.797363 0.000000 2533.554443 0.000000 0.768789 0.000000 0.639503 0.681569 0.681569 0.681569
3638.472168 0.000000 2563.031738 0.000000 0.964688 0.000000 0.263396 0.699627 0.699627 0.699627
3600.384521 0.000000 2557.303223 0.000000 0.996296 0.000000 -0.085990 0.700602 0.700602 0.700602
3644.044678 0.000000 2558.970215 0.000000 0.107484 0.000000 -0.994207 0.708182 0.708182 0.708182
3609.330322 0.000000 2556.640625 0.000000 0.960867 0.000000 0.277011 0.681949 0.681949 0.681949
3647.335205 0.000000 2563.404785 0.000000 0.999902 0.000000 0.014009 0.699608 0.699608 0.699608
3639.254150 0.000000 2558.478760 0.000000 0.929021 0.000000 -0.370026 0.711658 0.711658 0.711658
3604.893066 0.000000 2558.736328 0.000000 0.998417 0.000000 -0.056250 0.704092 0.704092 0.704092
3635.682861 0.000000 2560.416992 0.000000 0.426862 0.000000 -0.904317 0.742647 0.742647 0.742647
3612.892090 0.000000 2557.244141 0.000000 0.299010 0.000000 0.954250 0.630910 0.630910 0.630910
3615.924805 0.000000 2559.173828 0.000000 0.802323 0.000000 0.596890 0.662442 0.662442 0.662442
3646.325928 0.000000 2560.230713 0.000000 0.988654 0.000000 0.150212 0.689038 0.689038 0.689038
3607.326904 0.000000 2558.865234 0.000000 0.325897 0.000000 0.945405 0.646309 0.646309 0.646309
3611.539795 0.000000 2559.219482 0.000000 0.992733 0.000000 0.120339 0.694266 0.694266 0.694266
3598.115479 0.000000 2557.717529 0.000000 0.127097 0.000000 -0.991890 0.798877 0.798877 0.798877
3637.965332 0.000000 2560.689697 0.000000 0.887555 0.000000 0.460702 0.667870 0.667870 0.667870
3613.947998 0.000000 2559.095947 0.000000 0.548505 0.000000 -0.836147 0.767835 0.767835 0.767835
3636.979980 0.000000 2558.965088 0.000000 0.557953 0.000000 -0.829872 0.765690 0.765690 0.765690
3611.211182 0.000000 2557.500000 0.000000 0.915328 0.000000 0.402709 0.646689 0.646689 0.646689
3648.542236 0.000000 2559.162598 0.000000 0.423336 0.000000 0.905973 0.666716 0.666716 0.666716
3772.029053 0.000000 2558.970215 0.000000 0.738325 0.000000 -0.674446 0.709314 0.709314 0.709314
3769.894043 0.000000 2554.717773 0.000000 0.764372 0.000000 -0.644776 0.720573 0.720573 0.720573
3767.917725 0.000000 2551.194336 0.000000 0.237542 0.000000 0.971377 0.644177 0.644177 0.644177
3771.717529 0.000000 2556.609131 0.000000 0.521248 0.000000 0.853405 0.652826 0.652826 0.652826
3907.561768 0.000000 2585.324707 0.000000 0.808572 0.000000 -0.588397 0.709674 0.709674 0.709674
3311.991943 0.000000 2654.041992 0.000000 0.763264 0.000000 -0.646087 0.726516 0.726516 0.726516
3322.355469 0.000000 2667.447266 0.000000 0.055547 0.000000 0.998456 0.462741 0.462741 0.462741
3311.965576 0.000000 2649.756836 0.000000 0.739203 0.000000 0.673482 0.639050 0.639050 0.639050
3317.049072 0.000000 2661.259766 0.000000 0.006638 0.000000 0.999978 0.638770 0.638770 0.638770
3315.721924 0.000000 2654.901367 0.000000 0.998449 0.000000 -0.055666 0.703504 0.703504 0.703504
3321.436523 0.000000 2661.968506 0.000000 0.687128 0.000000 0.726537 0.662479 0.662479 0.662479
3322.170166 0.000000 2664.688232 0.000000 0.316984 0.000000 -0.948431 0.761080 0.761080 0.761080
3314.406494 0.000000 2648.575439 0.000000 0.678295 0.000000 0.734790 0.667691 0.667691 0.667691
3319.501709 0.000000 2660.208496 0.000000 0.981715 0.000000 0.190356 0.671617 0.671617 0.671617
3313.517822 0.000000 2655.895020 0.000000 0.781049 0.000000 0.624469 0.565161 0.565161 0.565161
3323.996582 0.000000 2666.020752 0.000000 0.783039 0.000000 -0.621973 0.805108 0.805108 0.805108
3325.050293 0.000000 2667.719482 0.000000 0.981836 0.000000 -0.189732 0.729890 0.729890 0.729890
3312.027344 0.000000 2655.653076 0.000000 0.995912 0.000000 0.090331 0.681916 0.681916 0.681916
3312.930176 0.000000 2648.714844 0.000000 0.943379 0.000000 -0.331717 0.761454 0.761454 0.761454
3318.456787 0.000000 2661.083252 0.000000 0.190432 0.000000 -0.981700 0.904390 0.904390 0.904390
3323.717773 0.000000 2667.967041 0.000000 0.139494 0.000000 -0.990223 0.924047 0.924047 0.924047
3313.123535 0.000000 2654.642334 0.000000 0.907399 0.000000 0.420271 0.613284 0.613284 0.613284
3348.560059 0.000000 2689.158936 0.000000 0.989774 0.000000 0.142642 0.698799 0.698799 0.698799
3353.271484 0.000000 2684.083496 0.000000 0.634346 0.000000 0.773050 0.693823 0.693823 0.693823
3352.522949 0.000000 2687.866699 0.000000 0.685401 0.000000 0.728166 0.670352 0.670352 0.670352
3350.146729 0.000000 2686.303223 0.000000 0.875997 0.000000 0.482317 0.674669 0.674669 0.674669
3432.984375 0.000000 2664.572021 0.000000 0.197005 0.000000 -0.980402 0.732620 0.732620 0.732620
3437.253662 0.000000 2646.435547 0.000000 0.992999 0.000000 -0.118120 0.701159 0.701159 0.701159
3419.854004 0.000000 2645.682617 0.000000 0.781031 0.000000 0.624492 0.689627 0.689627 0.689627
3429.822266 0.000000 2659.871582 0.000000 0.062206 0.000000 0.998063 0.586111 0.586111 0.586111
3435.747803 0.000000 2651.279785 0.000000 0.625874 0.000000 0.779924 0.666233 0.666233 0.666233
3437.387939 0.000000 2667.026611 0.000000 0.098881 0.000000 -0.995099 0.778189 0.778189 0.778189
3429.618896 0.000000 2656.586426 0.000000 0.988640 0.000000 0.150304 0.696414 0.696414 0.696414
3432.202637 0.000000 2651.488770 0.000000 0.364388 0.000000 -0.931247 0.760287 0.760287 0.760287
3431.548828 0.000000 2673.710693 0.000000 0.348300 0.000000 -0.937383 0.773044 0.773044 0.773044
3420.779297 0.000000 2648.656494 0.000000 0.597281 0.000000 0.802032 0.636243 0.636243 0.636243
3422.595947 0.000000 2646.344238 0.000000 0.277707 0.000000 0.960666 0.624289 0.624289 0.624289
3434.707031 0.000000 2653.729004 0.000000 0.873002 0.000000 -0.487716 0.732765 0.732765 0.732765
3435.351318 0.000000 2665.680176 0.000000 0.126747 0.000000 -0.991935 0.819086 0.819086 0.819086
3428.784180 0.000000 2658.425293 0.000000 0.591961 0.000000 0.805967 0.629237 0.629237 0.629237
3435.306885 0.000000 2667.645752 0.000000 0.528620 0.000000 -0.848859 0.786461 0.786461 0.786461
3447.771240 0.000000 2776.239990 0.000000 0.913977 0.000000 -0.405766 0.702921 0.702921 0.702921
3452.370117 0.000000 2770.535645 0.000000 0.900273 0.000000 0.435325 0.696852 0.696852 0.696852
3447.071045 0.000000 2781.667969 0.000000 0.961071 0.000000 0.276301 0.697652 0.697652 0.697652
3446.495605 0.000000 2799.242676 0.000000 0.327782 0.000000 0.944753 0.691354 0.691354 0.691354
3445.232422 0.000000 2790.560547 0.000000 0.942972 0.000000 -0.332871 0.701898 0.701898 0.701898
3452.819336 0.000000 2804.886963 0.000000 0.736140 0.000000 0.676830 0.695842 0.695842 0.695842
3452.068115 0.000000 2795.181152 0.000000 0.859883 0.000000 0.510491 0.696255 0.696255 0.696255
3458.514404 0.000000 2779.117188 0.000000 0.807670 0.000000 0.589635 0.695592 0.695592 0.695592
3461.258545 0.000000 2764.857910 0.000000 0.839948 0.000000 -0.542667 0.704010 0.704010 0.704010
3462.398682 0.000000 2783.808838 0.000000 0.694778 0.000000 -0.719224 0.706733 0.706733 0.706733
3472.685303 0.000000 2782.508789 0.000000 0.902993 0.000000 0.429656 0.692549 0.692549 0.692549
3468.907471 0.000000 2779.910400 0.000000 0.625996 0.000000 0.779826 0.678743 0.678743 0.678743
3469.742676 0.000000 2776.281006 0.000000 0.999477 0.000000 0.032323 0.698960 0.698960 0.698960
3468.809326 0.000000 2812.133057 0.000000 0.568105 0.000000 0.822956 0.698649 0.698649 0.698649
3489.364990 0.000000 2827.291260 0.000000 0.965050 0.000000 -0.262065 0.701854 0.701854 0.701854
3455.877441 0.000000 2791.343506 0.000000 0.573004 0.000000 -0.819553 0.706715 0.706715 0.706715
3456.857178 0.000000 2805.124023 0.000000 0.986776 0.000000 -0.162091 0.701366 0.701366 0.701366
3476.773193 0.000000 2820.163818 0.000000 0.986039 0.000000 0.166515 0.698597 0.698597 0.698597
3488.068848 0.000000 2802.049805 0.000000 0.432520 0.000000 0.901624 0.693717 0.693717 0.693717
3497.009277 0.000000 2830.866211 0.000000 0.999194 0.000000 0.040143 0.699719 0.699719 0.699719
3472.177979 0.000000 2804.414551 0.000000 0.345618 0.000000 -0.938375 0.708514 0.708514 0.708514
3484.815186 0.000000 2820.116943 0.000000 0.688419 0.000000 0.725313 0.694327 0.694327 0.694327
3459.353516 0.000000 2798.268311 0.000000 0.999985 0.000000 0.005467 0.699962 0.699962 0.699962
3464.533691 0.000000 2805.002441 0.000000 0.882941 0.000000 0.469484 0.692484 0.692484 0.692484
3472.400146 0.000000 2793.514160 0.000000 0.179290 0.000000 -0.983796 0.709720 0.709720 0.709720
3475.408691 0.000000 2810.537842 0.000000 0.999077 0.000000 -0.042959 0.700300 0.700300 0.700300
3494.850586 0.000000 2823.088135 0.000000 0.982494 0.000000 -0.186296 0.701310 0.701310 0.701310
3481.345947 0.000000 2792.851562 0.000000 0.521841 0.000000 0.853043 0.692857 0.692857 0.692857
3481.255859 0.000000 2825.810059 0.000000 0.645618 0.000000 -0.763661 0.706074 0.706074 0.706074
3481.792725 0.000000 2804.696533 0.000000 0.821462 0.000000 -0.570263 0.704242 0.704242 0.704242
3467.998047 0.000000 2802.219727 0.000000 0.989497 0.000000 0.144553 0.696958 0.696958 0.696958
3530.382080 0.000000 2824.176025 0.000000 0.092347 0.000000 -0.995727 0.706200 0.706200 0.706200
3522.506592 0.000000 2826.359375 0.000000 0.819154 0.000000 0.573574 0.696584 0.696584 0.696584
3532.752197 0.000000 2831.384277 0.000000 0.968164 0.000000 -0.250317 0.701415 0.701415 0.701415
3487.893066 0.000000 2839.012695 0.000000 0.889460 0.000000 -0.457013 0.703318 0.703318 0.703318
3501.245850 0.000000 2835.404297 0.000000 0.577415 0.000000 -0.816451 0.705342 0.705342 0.705342
3488.068848 0.000000 2849.291992 0.000000 0.994889 0.000000 -0.100970 0.700566 0.700566 0.700566
3496.402100 0.000000 2843.933594 0.000000 0.018346 0.000000 0.999832 0.691318 0.691318 0.691318
3516.811523 0.000000 2852.129150 0.000000 0.678993 0.000000 0.734145 0.696542 0.696542 0.696542
3505.436523 0.000000 2852.893066 0.000000 0.894326 0.000000 -0.447415 0.701946 0.701946 0.701946
3503.968506 0.000000 2843.010742 0.000000 0.407405 0.000000 -0.913248 0.706438 0.706438 0.706438
3494.290771 0.000000 2835.418701 0.000000 0.968362 0.000000 0.249548 0.698237 0.698237 0.698237
3490.714600 0.000000 2844.222412 0.000000 0.326895 0.000000 0.945061 0.687886 0.687886 0.687886
3560.968750 0.000000 2853.540771 0.000000 0.943492 0.000000 0.331394 0.698583 0.698583 0.698583
3580.948486 0.000000 2834.734131 0.000000 0.258103 0.000000 0.966117 0.694507 0.694507 0.694507
3574.692627 0.000000 2859.628418 0.000000 0.848211 0.000000 0.529658 0.697659 0.697659 0.697659
3520.849365 0.000000 2852.366211 0.000000 0.090115 0.000000 0.995931 0.693790 0.693790 0.693790
3530.382080 0.000000 2871.418213 0.000000 0.905032 0.000000 -0.425344 0.701843 0.701843 0.701843
3542.846436 0.000000 2846.396973 0.000000 0.836663 0.000000 0.547717 0.698379 0.698379 0.698379
3540.765381 0.000000 2867.406006 0.000000 0.058674 0.000000 0.998277 0.693658 0.693658 0.693658
3560.394287 0.000000 2843.933594 0.000000 0.407320 0.000000 0.913285 0.693562 0.693562 0.693562
3531.012207 0.000000 2836.227051 0.000000 0.999864 0.000000 -0.016505 0.700069 0.700069 0.700069
3561.001465 0.000000 2878.108398 0.000000 0.428010 0.000000 -0.903774 0.720510 0.720510 0.720510
3580.803711 0.000000 2852.129150 0.000000 0.208195 0.000000 -0.978087 0.705709 0.705709 0.705709
3569.813477 0.000000 2878.568115 0.000000 0.464843 0.000000 -0.885393 0.704561 0.704561 0.704561
3532.752197 0.000000 2878.626465 0.000000 0.999870 0.000000 0.016094 0.699887 0.699887 0.699887
3523.345703 0.000000 2845.510498 0.000000 0.973254 0.000000 -0.229732 0.701296 0.701296 0.701296
3536.392334 0.000000 2840.756348 0.000000 0.732268 0.000000 -0.681017 0.704189 0.704189 0.704189
3539.400879 0.000000 2857.780029 0.000000 0.479184 0.000000 0.877715 0.694010 0.694010 0.694010
3565.564453 0.000000 2916.798340 0.000000 0.573523 0.000000 -0.819189 0.701342 0.701342 0.701342
3532.801514 0.000000 2906.617432 0.000000 0.759412 0.000000 -0.650610 0.702971 0.702971 0.702971
3565.238037 0.000000 2882.646484 0.000000 0.659568 0.000000 0.751645 0.695243 0.695243 0.695243
3553.357178 0.000000 2921.775635 0.000000 0.994509 0.000000 0.104647 0.699707 0.699707 0.699707
3556.558838 0.000000 2911.001953 0.000000 0.800461 0.000000 0.599385 0.698203 0.698203 0.698203
3575.755615 0.000000 2917.966553 0.000000 0.839830 0.000000 -0.542850 0.701604 0.701604 0.701604
3580.803711 0.000000 2899.371338 0.000000 0.855963 0.000000 -0.517038 0.703039 0.703039 0.703039
3536.392334 0.000000 2887.998535 0.000000 0.994505 0.000000 0.104686 0.697654 0.697654 0.697654
3580.354492 0.000000 2912.262207 0.000000 0.870330 0.000000 -0.492468 0.702880 0.702880 0.702880
3534.349854 0.000000 2913.046631 0.000000 0.999946 0.000000 -0.010403 0.700567 0.700567 0.700567
3554.706787 0.000000 2891.464600 0.000000 0.333874 0.000000 0.942618 0.684519 0.684519 0.684519
3535.544189 0.000000 2883.500977 0.000000 0.832052 0.000000 0.554698 0.690957 0.690957 0.690957
3537.568848 0.000000 2913.034180 0.000000 0.947385 0.000000 0.320096 0.685878 0.685878 0.685878
3535.871094 0.000000 2914.346680 0.000000 0.989403 0.000000 -0.145195 0.711001 0.711001 0.711001
3574.479980 0.000000 2940.969238 0.000000 0.057931 0.000000 0.998321 0.697885 0.697885 0.697885
3551.885254 0.000000 2933.497070 0.000000 0.250165 0.000000 0.968203 0.628140 0.628140 0.628140
3580.948486 0.000000 2929.218506 0.000000 0.990139 0.000000 0.140086 0.699410 0.699410 0.699410
3548.763672 0.000000 2932.109619 0.000000 0.364968 0.000000 0.931020 0.617986 0.617986 0.617986
3549.955811 0.000000 2933.590820 0.000000 0.953696 0.000000 -0.300771 0.720928 0.720928 0.720928
3565.564453 0.000000 3011.282715 0.000000 0.896834 0.000000 0.442368 0.698719 0.698719 0.698719
3551.885254 0.000000 2980.739258 0.000000 0.763696 0.000000 0.645576 0.699019 0.699019 0.699019
3578.627197 0.000000 3022.135986 0.000000 0.653664 0.000000 -0.756785 0.701200 0.701200 0.701200
3560.968750 0.000000 2995.267334 0.000000 0.998902 0.000000 0.046843 0.699934 0.699934 0.699934
3574.692627 0.000000 3001.354980 0.000000 0.369202 0.000000 0.929349 0.694998 0.694998 0.694998
3556.558838 0.000000 3005.486328 0.000000 0.929298 0.000000 0.369331 0.698413 0.698413 0.698413
3567.960693 0.000000 2984.737305 0.000000 0.124362 0.000000 0.992237 0.663608 0.663608 0.663608
3545.784912 0.000000 2993.665283 0.000000 0.920700 0.000000 0.390271 0.696637 0.696637 0.696637
3547.838379 0.000000 2976.377930 0.000000 0.886998 0.000000 -0.461773 0.708053 0.708053 0.708053
3564.195801 0.000000 2986.650635 0.000000 0.960582 0.000000 -0.277997 0.704726 0.704726 0.704726
3545.343506 0.000000 2985.441895 0.000000 0.482359 0.000000 0.875974 0.640305 0.640305 0.640305
3567.208740 0.000000 2987.660889 0.000000 0.353144 0.000000 -0.935569 0.737212 0.737212 0.737212
3737.761475 0.000000 2662.969971 0.000000 0.350306 0.000000 -0.936635 0.711870 0.711870 0.711870
3736.902100 0.000000 2674.464111 0.000000 0.306625 0.000000 0.951830 0.670074 0.670074 0.670074
3735.466797 0.000000 2666.819092 0.000000 0.849518 0.000000 0.527560 0.676692 0.676692 0.676692
3734.862061 0.000000 2671.084717 0.000000 0.827812 0.000000 0.561006 0.674187 0.674187 0.674187
3740.999268 0.000000 2670.984375 0.000000 0.923697 0.000000 -0.383123 0.715391 0.715391 0.715391
3733.729492 0.000000 2668.873047 0.000000 0.785532 0.000000 0.618821 0.665485 0.665485 0.665485
3735.039307 0.000000 2668.219238 0.000000 0.365459 0.000000 -0.930828 0.863957 0.863957 0.863957
3734.866943 0.000000 2669.731689 0.000000 0.012253 0.000000 0.999925 0.486463 0.486463 0.486463
3604.528809 0.000000 2830.885498 0.000000 0.760410 0.000000 0.649443 0.697035 0.697035 0.697035
3638.472168 0.000000 2799.242676 0.000000 0.020194 0.000000 -0.999796 0.704336 0.704336 0.704336
3584.760498 0.000000 2834.239746 0.000000 0.595029 0.000000 -0.803705 0.703915 0.703915 0.703915
3624.960938 0.000000 2806.298584 0.000000 0.911717 0.000000 -0.410819 0.702367 0.702367 0.702367
3638.684814 0.000000 2812.386230 0.000000 0.988630 0.000000 0.150368 0.699367 0.699367 0.699367
3594.374268 0.000000 2824.176025 0.000000 0.863683 0.000000 -0.504035 0.701477 0.701477 0.701477
3620.551025 0.000000 2816.517578 0.000000 0.859625 0.000000 0.510925 0.697751 0.697751 0.697751
3604.757568 0.000000 2820.163818 0.000000 0.893382 0.000000 0.449297 0.698697 0.698697 0.698697
3630.140625 0.000000 2813.549072 0.000000 0.242738 0.000000 -0.970092 0.705560 0.705560 0.705560
3624.993652 0.000000 2830.866211 0.000000 0.557342 0.000000 0.830283 0.695891 0.695891 0.695891
3586.498779 0.000000 2826.359375 0.000000 0.707551 0.000000 -0.706663 0.703291 0.703291 0.703291
3633.420898 0.000000 2805.650879 0.000000 0.762095 0.000000 -0.647465 0.705908 0.705908 0.705908
3615.877441 0.000000 2839.012695 0.000000 0.132565 0.000000 0.991174 0.685929 0.685929 0.685929
3610.733398 0.000000 2858.190674 0.000000 0.170983 0.000000 0.985274 0.696088 0.696088 0.696088
3629.230225 0.000000 2835.404297 0.000000 0.149453 0.000000 -0.988769 0.713904 0.713904 0.713904
3583.861816 0.000000 2838.585693 0.000000 0.265285 0.000000 -0.964170 0.705462 0.705462 0.705462
3584.841553 0.000000 2852.366211 0.000000 0.352223 0.000000 0.935916 0.694921 0.694921 0.694921
3606.838623 0.000000 2846.396973 0.000000 0.997327 0.000000 0.073070 0.699795 0.699795 0.699795
3616.053223 0.000000 2849.291992 0.000000 0.633752 0.000000 -0.773536 0.703709 0.703709 0.703709
3624.386475 0.000000 2843.933594 0.000000 0.587136 0.000000 -0.809488 0.705275 0.705275 0.705275
3618.014648 0.000000 2856.479248 0.000000 0.818868 0.000000 -0.573981 0.705128 0.705128 0.705128
3595.002930 0.000000 2892.474854 0.000000 0.915339 0.000000 0.402683 0.697682 0.697682 0.697682
3583.931396 0.000000 2912.130859 0.000000 0.744701 0.000000 0.667398 0.697957 0.697957 0.697957
3615.877441 0.000000 2886.254883 0.000000 0.695607 0.000000 -0.718423 0.701121 0.701121 0.701121
3584.841553 0.000000 2899.608398 0.000000 0.615161 0.000000 0.788401 0.694921 0.694921 0.694921
3594.374268 0.000000 2918.660400 0.000000 0.870283 0.000000 -0.492553 0.701440 0.701440 0.701440
3600.162354 0.000000 2898.898926 0.000000 0.642991 0.000000 0.765874 0.695121 0.695121 0.695121
3586.498779 0.000000 2920.843750 0.000000 0.993822 0.000000 0.110986 0.699067 0.699067 0.699067
3589.242920 0.000000 2906.584473 0.000000 0.684187 0.000000 0.729307 0.695429 0.695429 0.695429
3596.744385 0.000000 2925.868652 0.000000 0.195452 0.000000 -0.980713 0.707684 0.707684 0.707684
3592.518066 0.000000 2899.486816 0.000000 0.921349 0.000000 0.388738 0.697767 0.697767 0.697767
3603.393066 0.000000 2905.022217 0.000000 0.848013 0.000000 0.529976 0.696876 0.696876 0.696876
3609.330322 0.000000 2887.335938 0.000000 0.452490 0.000000 -0.891770 0.709238 0.709238 0.709238
3590.383057 0.000000 2925.535400 0.000000 0.575452 0.000000 -0.817836 0.706694 0.706694 0.706694
3613.238281 0.000000 2891.613037 0.000000 0.695390 0.000000 -0.718633 0.706726 0.706726 0.706726
3615.877441 0.000000 2933.497070 0.000000 0.600321 0.000000 -0.799759 0.701296 0.701296 0.701296
3583.861816 0.000000 2933.070068 0.000000 0.561510 0.000000 -0.827470 0.704088 0.704088 0.704088
3606.838623 0.000000 2940.881348 0.000000 0.996826 0.000000 0.079607 0.699666 0.699666 0.699666
3595.004395 0.000000 2930.711426 0.000000 0.936566 0.000000 0.350492 0.697997 0.697997 0.697997
3592.518066 0.000000 2946.729004 0.000000 0.331257 0.000000 0.943541 0.682760 0.682760 0.682760
3600.384521 0.000000 2935.240723 0.000000 0.456358 0.000000 -0.889796 0.729137 0.729137 0.729137
3588.781006 0.000000 2949.368164 0.000000 0.974828 0.000000 0.222960 0.675166 0.675166 0.675166
3601.530029 0.000000 2937.958496 0.000000 0.762658 0.000000 0.646802 0.675416 0.675416 0.675416
3586.008057 0.000000 2949.632080 0.000000 0.040736 0.000000 -0.999170 0.785564 0.785564 0.785564
3587.673096 0.000000 2946.819580 0.000000 0.809532 0.000000 0.587075 0.663157 0.663157 0.663157
3591.521484 0.000000 2949.197754 0.000000 0.732681 0.000000 0.680572 0.647674 0.647674 0.647674
3590.067383 0.000000 2946.283691 0.000000 0.783026 0.000000 0.621988 0.661522 0.661522 0.661522
3701.002197 0.000000 2944.712891 0.000000 0.553075 0.000000 -0.833131 0.779851 0.779851 0.779851
3698.338867 0.000000 2944.905762 0.000000 0.586195 0.000000 0.810170 0.653786 0.653786 0.653786
3700.272461 0.000000 2942.340088 0.000000 0.653380 0.000000 -0.757030 0.919709 0.919709 0.919709
3698.946777 0.000000 2943.383789 0.000000 0.930123 0.000000 0.367247 0.648477 0.648477 0.648477
3701.009277 0.000000 2943.417236 0.000000 0.499688 0.000000 0.866206 0.431986 0.431986 0.431986
3629.556641 0.000000 3011.282715 0.000000 0.802341 0.000000 0.596866 0.699106 0.699106 0.699106
3642.619385 0.000000 3022.135986 0.000000 0.976906 0.000000 0.213667 0.699398 0.699398 0.699398
3584.760498 0.000000 3023.208496 0.000000 0.981923 0.000000 0.189279 0.699734 0.699734 0.699734
3586.498779 0.000000 3015.328125 0.000000 0.656239 0.000000 0.754553 0.689242 0.689242 0.689242
3593.668945 0.000000 3018.035645 0.000000 0.807163 0.000000 0.590328 0.685875 0.685875 0.685875
3688.953125 0.000000 2995.267334 0.000000 0.856202 0.000000 -0.516641 0.715940 0.715940 0.715940
3670.830811 0.000000 2988.123535 0.000000 0.836671 0.000000 0.547705 0.697569 0.697569 0.697569
3695.945068 0.000000 2984.737305 0.000000 0.971738 0.000000 0.236063 0.698001 0.698001 0.698001
3693.356689 0.000000 2997.721924 0.000000 0.414247 0.000000 -0.910164 0.714391 0.714391 0.714391
3695.918701 0.000000 2980.452148 0.000000 0.974693 0.000000 0.223546 0.692120 0.692120 0.692120
3694.544434 0.000000 2999.995361 0.000000 0.945411 0.000000 -0.325880 0.714850 0.714850 0.714850
3695.061523 0.000000 2982.637207 0.000000 0.890353 0.000000 0.455270 0.674888 0.674888 0.674888
3767.732178 0.000000 2965.208740 0.000000 0.811100 0.000000 -0.584908 0.704367 0.704367 0.704367
3761.405273 0.000000 2947.377441 0.000000 0.918813 0.000000 -0.394693 0.702836 0.702836 0.702836
3772.331055 0.000000 2959.504395 0.000000 0.639878 0.000000 -0.768477 0.725732 0.725732 0.725732
3772.479004 0.000000 2968.967773 0.000000 0.454148 0.000000 0.890926 0.627761 0.627761 0.627761
3767.031982 0.000000 2970.636719 0.000000 0.980106 0.000000 -0.198474 0.701676 0.701676 0.701676
3770.300781 0.000000 2950.900391 0.000000 0.250532 0.000000 0.968108 0.659475 0.659475 0.659475
3771.219482 0.000000 2963.340332 0.000000 0.045500 0.000000 0.998964 0.606172 0.606172 0.606172
3769.241455 0.000000 2968.162842 0.000000 0.799170 0.000000 0.601104 0.669346 0.669346 0.669346
3770.590820 0.000000 2971.630127 0.000000 0.981785 0.000000 -0.189998 0.707750 0.707750 0.707750
3767.881592 0.000000 2951.357178 0.000000 0.644699 0.000000 -0.764437 0.736497 0.736497 0.736497
3770.274170 0.000000 2960.945801 0.000000 0.026294 0.000000 0.999654 0.630902 0.630902 0.630902
3768.874512 0.000000 2962.936279 0.000000 0.101454 0.000000 0.994840 0.628110 0.628110 0.628110
3774.037598 0.000000 2958.333496 0.000000 0.502212 0.000000 0.864745 0.628437 0.628437 0.628437
3770.576660 0.000000 2969.608154 0.000000 0.786975 0.000000 -0.616985 0.751127 0.751127 0.751127
3775.907959 0.000000 2959.373047 0.000000 0.423175 0.000000 -0.906048 0.777675 0.777675 0.777675
3788.770264 0.000000 2953.859619 0.000000 0.052433 0.000000 0.998624 0.695755 0.695755 0.695755
3778.475342 0.000000 2968.085938 0.000000 0.958246 0.000000 0.285946 0.690270 0.690270 0.690270
3779.577393 0.000000 2963.262207 0.000000 0.546718 0.000000 0.837317 0.654216 0.654216 0.654216
3775.542236 0.000000 2971.384766 0.000000 0.716091 0.000000 0.698007 0.684878 0.684878 0.684878
3779.179932 0.000000 2971.408447 0.000000 0.994859 0.000000 0.101275 0.697163 0.697163 0.697163
3786.501709 0.000000 2959.452393 0.000000 0.126674 0.000000 0.991944 0.635408 0.635408 0.635408
3778.041016 0.000000 2960.137939 0.000000 0.889343 0.000000 0.457240 0.668131 0.668131 0.668131
3722.987305 0.000000 2986.959229 0.000000 0.106155 0.000000 0.994350 0.652910 0.652910 0.652910
3744.037598 0.000000 2991.018555 0.000000 0.538350 0.000000 0.842722 0.667770 0.667770 0.667770
3749.783203 0.000000 2990.566895 0.000000 0.983238 0.000000 0.182328 0.697180 0.697180 0.697180
3719.198242 0.000000 2988.273438 0.000000 0.840258 0.000000 -0.542187 0.710415 0.710415 0.710415
3924.489746 0.000000 2878.127686 0.000000 0.531879 0.000000 -0.846820 0.705648 0.705648 0.705648
3937.459717 0.000000 2880.019775 0.000000 0.919942 0.000000 0.392054 0.690988 0.690988 0.690988
3927.745117 0.000000 2880.716553 0.000000 0.685018 0.000000 0.728526 0.660063 0.660063 0.660063
3939.412598 0.000000 2877.061279 0.000000 0.992810 0.000000 0.119698 0.696142 0.696142 0.696142
3936.391846 0.000000 2877.284424 0.000000 0.403859 0.000000 0.914821 0.624102 0.624102 0.624102
3930.889160 0.000000 2875.515137 0.000000 0.618240 0.000000 0.785990 0.662072 0.662072 0.662072
3935.838379 0.000000 2886.254883 0.000000 0.006908 0.000000 0.999976 0.632221 0.632221 0.632221
3932.853027 0.000000 2887.939453 0.000000 0.910694 0.000000 -0.413081 0.710121 0.710121 0.710121
3932.716797 0.000000 2884.867432 0.000000 0.810209 0.000000 0.586141 0.678110 0.678110 0.678110
4129.882324 0.000000 648.220947 0.000000 0.448145 0.000000 0.893961 0.622679 0.622679 0.622679
4125.635254 0.000000 651.458435 0.000000 0.803158 0.000000 -0.595766 0.712492 0.712492 0.712492
4105.606445 0.000000 655.926208 0.000000 0.501512 0.000000 -0.865151 0.746772 0.746772 0.746772
4127.024414 0.000000 648.885620 0.000000 0.865803 0.000000 0.500386 0.606221 0.606221 0.606221
4128.590820 0.000000 651.441345 0.000000 0.578832 0.000000 0.815447 0.526702 0.526702 0.526702
4119.059082 0.000000 652.051758 0.000000 0.854146 0.000000 -0.520033 0.742817 0.742817 0.742817
4129.735352 0.000000 650.035706 0.000000 0.285997 0.000000 0.958230 0.467225 0.467225 0.467225
4127.203613 0.000000 650.572998 0.000000 0.949850 0.000000 -0.312706 0.798710 0.798710 0.798710
4128.555664 0.000000 650.230591 0.000000 0.112269 0.000000 -0.993678 0.965042 0.965042 0.965042
4095.538330 0.000000 668.019592 0.000000 0.783647 0.000000 0.621206 0.631592 0.631592 0.631592
4095.530029 0.000000 666.713257 0.000000 0.117896 0.000000 -0.993026 0.905118 0.905118 0.905118
4834.550781 0.000000 623.839478 0.000000 0.098897 0.000000 -0.995098 0.850204 0.850204 0.850204
4837.249512 0.000000 659.331970 0.000000 0.368053 0.000000 0.929805 0.666617 0.666617 0.666617
4861.091797 0.000000 628.867615 0.000000 0.544084 0.000000 0.839031 0.602576 0.602576 0.602576
4834.032227 0.000000 620.372070 0.000000 0.146049 0.000000 -0.989277 0.775664 0.775664 0.775664
4838.389160 0.000000 656.990295 0.000000 0.120053 0.000000 -0.992767 0.912922 0.912922 0.912922
4845.258789 0.000000 617.814514 0.000000 0.422261 0.000000 0.906474 0.295415 0.295415 0.295415
4851.390137 0.000000 642.963074 0.000000 0.301018 0.000000 -0.953618 0.781356 0.781356 0.781356
4859.260254 0.000000 629.935486 0.000000 0.961847 0.000000 0.273589 0.650796 0.650796 0.650796
4843.567383 0.000000 616.534729 0.000000 0.795144 0.000000 0.606421 0.530570 0.530570 0.530570
4839.511719 0.000000 636.967651 0.000000 0.984693 0.000000 0.174297 0.682120 0.682120 0.682120
4851.905762 0.000000 641.335632 0.000000 0.984870 0.000000 0.173294 0.676623 0.676623 0.676623
4841.644043 0.000000 656.165466 0.000000 0.678868 0.000000 -0.734261 0.821045 0.821045 0.821045
4845.950684 0.000000 616.391296 0.000000 0.790735 0.000000 -0.612158 0.934862 0.934862 0.934862
4859.682617 0.000000 628.365906 0.000000 0.625350 0.000000 -0.780345 0.858950 0.858950 0.858950
4839.809570 0.000000 656.741699 0.000000 0.275195 0.000000 0.961389 0.510338 0.510338 0.510338
4858.535645 0.000000 628.867371 0.000000 0.442329 0.000000 -0.896853 0.897548 0.897548 0.897548
4844.722168 0.000000 616.151917 0.000000 0.896598 0.000000 -0.442845 0.863555 0.863555 0.863555
4842.465820 0.000000 617.149170 0.000000 0.082031 0.000000 0.996630 0.312885 0.312885 0.312885
4692.395996 0.000000 704.986877 0.000000 0.900207 0.000000 0.435463 0.677324 0.677324 0.677324
4721.973633 0.000000 688.631897 0.000000 0.177997 0.000000 0.984031 0.629948 0.629948 0.629948
4691.139648 0.000000 702.089844 0.000000 0.495530 0.000000 -0.868591 0.767678 0.767678 0.767678
4699.001953 0.000000 697.110901 0.000000 0.989165 0.000000 -0.146805 0.710299 0.710299 0.710299
4694.286133 0.000000 696.737549 0.000000 0.833200 0.000000 -0.552972 0.718022 0.718022 0.718022
4693.982910 0.000000 702.131104 0.000000 0.998521 0.000000 -0.054375 0.708214 0.708214 0.708214
4721.157227 0.000000 697.745117 0.000000 0.936408 0.000000 0.350912 0.670425 0.670425 0.670425
4696.665039 0.000000 697.567261 0.000000 0.007073 0.000000 -0.999975 0.909874 0.909874 0.909874
4694.989258 0.000000 699.293945 0.000000 0.457005 0.000000 0.889464 0.581996 0.581996 0.581996
4682.422363 0.000000 705.226868 0.000000 0.473528 0.000000 -0.880779 0.814488 0.814488 0.814488
4680.262207 0.000000 705.289978 0.000000 0.766873 0.000000 0.641799 0.572376 0.572376 0.572376
4730.459473 0.000000 701.982849 0.000000 0.999909 0.000000 -0.013514 0.701304 0.701304 0.701304
4732.341797 0.000000 703.403137 0.000000 0.920930 0.000000 0.389727 0.640113 0.640113 0.640113
4722.044434 0.000000 696.234497 0.000000 0.424319 0.000000 0.905513 0.578076 0.578076 0.578076
4723.921387 0.000000 688.577820 0.000000 0.033382 0.000000 -0.999443 0.882699 0.882699 0.882699
4693.619629 0.000000 703.801331 0.000000 0.894421 0.000000 -0.447226 0.770009 0.770009 0.770009
4692.127441 0.000000 703.404480 0.000000 0.875415 0.000000 -0.483373 0.776176 0.776176 0.776176
4697.655762 0.000000 696.389282 0.000000 0.374674 0.000000 -0.927157 0.859279 0.859279 0.859279
4696.256348 0.000000 698.845032 0.000000 0.059208 0.000000 0.998246 0.490788 0.490788 0.490788
4681.326172 0.000000 704.483887 0.000000 0.996816 0.000000 0.079736 0.685381 0.685381 0.685381
4681.401855 0.000000 705.873413 0.000000 0.756247 0.000000 -0.654286 0.830627 0.830627 0.830627
4668.815918 0.000000 708.835449 0.000000 0.954949 0.000000 0.296771 0.698736 0.698736 0.698736
4624.037598 0.000000 725.758179 0.000000 0.880559 0.000000 0.473936 0.655130 0.655130 0.655130
4620.283691 0.000000 728.632812 0.000000 0.887167 0.000000 -0.461448 0.748280 0.748280 0.748280
4621.058594 0.000000 726.015381 0.000000 0.995488 0.000000 -0.094889 0.703720 0.703720 0.703720
4626.554199 0.000000 725.537842 0.000000 0.648234 0.000000 0.761441 0.611665 0.611665 0.611665
4670.656250 0.000000 710.490906 0.000000 0.707367 0.000000 -0.706846 0.815240 0.815240 0.815240
4618.782227 0.000000 726.685486 0.000000 0.329622 0.000000 -0.944113 0.855382 0.855382 0.855382
4635.768066 0.000000 727.192444 0.000000 0.806516 0.000000 0.591212 0.630135 0.630135 0.630135
4624.797363 0.000000 727.952942 0.000000 0.830619 0.000000 -0.556841 0.741283 0.741283 0.741283
4670.931641 0.000000 708.807129 0.000000 0.045273 0.000000 0.998975 0.435537 0.435537 0.435537
4634.198730 0.000000 727.576599 0.000000 0.058322 0.000000 0.998298 0.532955 0.532955 0.532955
4670.834961 0.000000 713.837280 0.000000 0.868965 0.000000 0.494874 0.635585 0.635585 0.635585
4630.930176 0.000000 731.289246 0.000000 0.835123 0.000000 -0.550064 0.783872 0.783872 0.783872
4670.805664 0.000000 711.877869 0.000000 0.095909 0.000000 0.995390 0.483512 0.483512 0.483512
4671.729492 0.000000 712.687073 0.000000 0.957545 0.000000 0.288282 0.663613 0.663613 0.663613
4727.615234 0.000000 744.825745 0.000000 0.698486 0.000000 0.715624 0.643136 0.643136 0.643136
4718.008301 0.000000 734.892517 0.000000 0.615906 0.000000 -0.787819 0.743126 0.743126 0.743126
4691.260254 0.000000 731.881348 0.000000 0.921983 0.000000 0.387230 0.657195 0.657195 0.657195
4727.725098 0.000000 740.098206 0.000000 0.309086 0.000000 -0.951034 0.726351 0.726351 0.726351
4730.474121 0.000000 751.247131 0.000000 0.519818 0.000000 0.854277 0.621249 0.621249 0.621249
4680.564941 0.000000 723.354736 0.000000 0.992373 0.000000 -0.123274 0.705356 0.705356 0.705356
4728.069824 0.000000 752.910156 0.000000 0.675966 0.000000 0.736933 0.672200 0.672200 0.672200
4726.414551 0.000000 742.351685 0.000000 0.533196 0.000000 0.845991 0.587213 0.587213 0.587213
4718.419922 0.000000 732.370178 0.000000 0.880616 0.000000 -0.473831 0.743479 0.743479 0.743479
4695.803223 0.000000 739.966492 0.000000 0.314543 0.000000 -0.949243 0.761206 0.761206 0.761206
4728.757812 0.000000 742.553284 0.000000 0.999866 0.000000 0.016367 0.697368 0.697368 0.697368
4693.612793 0.000000 731.943115 0.000000 0.951345 0.000000 -0.308126 0.728464 0.728464 0.728464
4719.724609 0.000000 736.492920 0.000000 0.736756 0.000000 -0.676159 0.807964 0.807964 0.807964
4732.553223 0.000000 754.240234 0.000000 0.978482 0.000000 -0.206333 0.717143 0.717143 0.717143
4678.466309 0.000000 722.726868 0.000000 0.418473 0.000000 0.908229 0.566235 0.566235 0.566235
4716.064941 0.000000 734.247070 0.000000 0.909838 0.000000 -0.414964 0.761020 0.761020 0.761020
4682.146484 0.000000 724.657593 0.000000 0.965936 0.000000 -0.258781 0.721592 0.721592 0.721592
4728.865723 0.000000 750.184143 0.000000 0.983149 0.000000 -0.182807 0.720562 0.720562 0.720562
4691.824707 0.000000 730.160156 0.000000 0.574536 0.000000 0.818480 0.596788 0.596788 0.596788
4731.646484 0.000000 752.631592 0.000000 0.661206 0.000000 0.750204 0.555298 0.555298 0.555298
4716.259277 0.000000 735.909607 0.000000 0.269333 0.000000 -0.963047 0.885112 0.885112 0.885112
4718.194824 0.000000 737.327087 0.000000 0.941402 0.000000 0.337287 0.649978 0.649978 0.649978
4692.895508 0.000000 744.981201 0.000000 0.298464 0.000000 0.954421 0.515676 0.515676 0.515676
4693.180176 0.000000 733.552979 0.000000 0.857347 0.000000 -0.514739 0.786933 0.786933 0.786933
4675.205566 0.000000 724.877808 0.000000 0.995233 0.000000 0.097530 0.686206 0.686206 0.686206
4718.795898 0.000000 730.789062 0.000000 0.910907 0.000000 -0.412612 0.758273 0.758273 0.758273
4671.458496 0.000000 710.874268 0.000000 0.129214 0.000000 -0.991617 0.911567 0.911567 0.911567
4697.098633 0.000000 740.851074 0.000000 0.814923 0.000000 0.579570 0.632586 0.632586 0.632586
4728.760254 0.000000 751.628723 0.000000 0.999922 0.000000 0.012460 0.698606 0.698606 0.698606
4727.591797 0.000000 743.366638 0.000000 0.192926 0.000000 0.981213 0.546028 0.546028 0.546028
4680.773438 0.000000 724.944397 0.000000 0.638375 0.000000 -0.769725 0.832632 0.832632 0.832632
4681.654297 0.000000 725.920105 0.000000 0.669733 0.000000 -0.742602 0.826372 0.826372 0.826372
4693.866211 0.000000 745.848145 0.000000 0.986694 0.000000 0.162586 0.676255 0.676255 0.676255
4692.416992 0.000000 732.484985 0.000000 0.543972 0.000000 -0.839103 0.860075 0.860075 0.860075
4671.466309 0.000000 708.670288 0.000000 0.333614 0.000000 -0.942710 0.913348 0.913348 0.913348
4781.925293 0.000000 706.680603 0.000000 0.970578 0.000000 0.240785 0.678922 0.678922 0.678922
4777.942871 0.000000 695.493530 0.000000 0.985960 0.000000 -0.166984 0.716888 0.716888 0.716888
4752.292969 0.000000 686.843201 0.000000 0.740857 0.000000 0.671663 0.666023 0.666023 0.666023
4776.302734 0.000000 677.333679 0.000000 0.876087 0.000000 -0.482153 0.771745 0.771745 0.771745
4751.603027 0.000000 689.763428 0.000000 0.314984 0.000000 0.949097 0.640565 0.640565 0.640565
4740.981445 0.000000 670.111145 0.000000 0.622234 0.000000 0.782831 0.666057 0.666057 0.666057
4749.042969 0.000000 678.773193 0.000000 0.873747 0.000000 -0.486380 0.768173 0.768173 0.768173
4746.236816 0.000000 669.776917 0.000000 0.536861 0.000000 -0.843671 0.746325 0.746325 0.746325
4779.693359 0.000000 707.258240 0.000000 0.235634 0.000000 0.971842 0.577008 0.577008 0.577008
4742.541016 0.000000 671.457397 0.000000 0.502130 0.000000 0.864792 0.532030 0.532030 0.532030
4748.680664 0.000000 671.766113 0.000000 0.674077 0.000000 -0.738661 0.782495 0.782495 0.782495
4753.076660 0.000000 688.555481 0.000000 0.626738 0.000000 -0.779230 0.766201 0.766201 0.766201
4778.138184 0.000000 706.293091 0.000000 0.812106 0.000000 0.583510 0.642510 0.642510 0.642510
4779.839355 0.000000 695.495605 0.000000 0.859293 0.000000 -0.511484 0.751043 0.751043 0.751043
4780.476562 0.000000 705.894653 0.000000 0.845418 0.000000 -0.534105 0.789014 0.789014 0.789014
4752.350586 0.000000 677.014526 0.000000 0.307689 0.000000 0.951487 0.538189 0.538189 0.538189
4745.787598 0.000000 671.131104 0.000000 0.935758 0.000000 0.352643 0.648103 0.648103 0.648103
4748.037109 0.000000 679.881897 0.000000 0.958066 0.000000 -0.286547 0.739005 0.739005 0.739005
4781.711914 0.000000 705.354248 0.000000 0.750125 0.000000 -0.661296 0.814149 0.814149 0.814149
4742.602539 0.000000 670.156677 0.000000 0.376296 0.000000 0.926500 0.509478 0.509478 0.509478
4743.807617 0.000000 671.221924 0.000000 0.949980 0.000000 -0.312310 0.751067 0.751067 0.751067
4781.013184 0.000000 704.061218 0.000000 0.162668 0.000000 -0.986681 0.922344 0.922344 0.922344
4808.370117 0.000000 679.103821 0.000000 0.133424 0.000000 -0.991059 0.886836 0.886836 0.886836
4844.040039 0.000000 671.783325 0.000000 0.767041 0.000000 0.641598 0.639620 0.639620 0.639620
4803.073242 0.000000 667.934082 0.000000 0.260551 0.000000 0.965460 0.612277 0.612277 0.612277
4831.790527 0.000000 673.018005 0.000000 0.532587 0.000000 0.846375 0.673194 0.673194 0.673194
4808.549316 0.000000 676.112549 0.000000 0.866088 0.000000 -0.499892 0.732202 0.732202 0.732202
4850.219238 0.000000 664.403442 0.000000 0.563292 0.000000 -0.826258 0.869941 0.869941 0.869941
4803.524902 0.000000 679.194458 0.000000 0.891367 0.000000 -0.453282 0.774321 0.774321 0.774321
4842.535645 0.000000 669.556885 0.000000 0.980758 0.000000 0.195230 0.683517 0.683517 0.683517
4857.530762 0.000000 667.936340 0.000000 0.642888 0.000000 0.765961 0.615830 0.615830 0.615830
4859.584961 0.000000 666.921448 0.000000 0.222274 0.000000 0.974984 0.421359 0.421359 0.421359
4800.908203 0.000000 667.314636 0.000000 0.324885 0.000000 -0.945754 0.812676 0.812676 0.812676
4803.811035 0.000000 666.051025 0.000000 0.762506 0.000000 -0.646981 0.747218 0.747218 0.747218
4845.980957 0.000000 671.097107 0.000000 0.996389 0.000000 0.084907 0.692631 0.692631 0.692631
4833.673340 0.000000 672.862732 0.000000 0.458334 0.000000 0.888780 0.592870 0.592870 0.592870
4818.968750 0.000000 669.538879 0.000000 0.150781 0.000000 -0.988567 0.938136 0.938136 0.938136
4851.671875 0.000000 665.871399 0.000000 0.988875 0.000000 -0.148748 0.726092 0.726092 0.726092
4826.847656 0.000000 671.342957 0.000000 0.181429 0.000000 -0.983404 0.874691 0.874691 0.874691
4856.856934 0.000000 666.413086 0.000000 0.990619 0.000000 0.136654 0.686776 0.686776 0.686776
4858.320312 0.000000 669.322266 0.000000 0.118596 0.000000 0.992943 0.448295 0.448295 0.448295
4851.664551 0.000000 664.131348 0.000000 0.050983 0.000000 -0.998699 0.965596 0.965596 0.965596
4861.361328 0.000000 669.254150 0.000000 0.997978 0.000000 0.063559 0.684350 0.684350 0.684350
4858.283203 0.000000 666.381104 0.000000 0.531008 0.000000 -0.847367 0.909191 0.909191 0.909191
4859.091797 0.000000 668.203186 0.000000 0.994488 0.000000 -0.104850 0.718210 0.718210 0.718210
4825.115234 0.000000 665.642700 0.000000 0.702066 0.000000 -0.712112 0.828524 0.828524 0.828524
4819.797363 0.000000 668.308716 0.000000 0.081864 0.000000 -0.996644 0.949780 0.949780 0.949780
4776.853027 0.000000 752.209778 0.000000 0.237821 0.000000 0.971309 0.666513 0.666513 0.666513
4786.944336 0.000000 739.571228 0.000000 0.107720 0.000000 0.994181 0.620238 0.620238 0.620238
4786.031738 0.000000 732.127625 0.000000 0.952314 0.000000 0.305120 0.657518 0.657518 0.657518
4758.737305 0.000000 734.154968 0.000000 0.581755 0.000000 -0.813364 0.718593 0.718593 0.718593
4785.965820 0.000000 735.874084 0.000000 0.290336 0.000000 0.956925 0.648257 0.648257 0.648257
4777.068359 0.000000 721.581787 0.000000 0.051982 0.000000 -0.998648 0.750961 0.750961 0.750961
4777.530273 0.000000 755.323303 0.000000 0.930368 0.000000 0.366628 0.635973 0.635973 0.635973
4776.302734 0.000000 724.575867 0.000000 0.306716 0.000000 -0.951801 0.735205 0.735205 0.735205
4751.764648 0.000000 722.875366 0.000000 0.155603 0.000000 -0.987820 0.751419 0.751419 0.751419
4749.042969 0.000000 726.015381 0.000000 0.203422 0.000000 -0.979091 0.843226 0.843226 0.843226
4787.997559 0.000000 734.078796 0.000000 0.475287 0.000000 0.879831 0.531593 0.531593 0.531593
4747.321289 0.000000 731.079529 0.000000 0.319315 0.000000 0.947649 0.585048 0.585048 0.585048
4746.766602 0.000000 726.685486 0.000000 0.263754 0.000000 0.964590 0.599739 0.599739 0.599739
4778.726074 0.000000 724.624268 0.000000 0.201586 0.000000 0.979471 0.613946 0.613946 0.613946
4787.623535 0.000000 754.942749 0.000000 0.048417 0.000000 -0.998827 0.883039 0.883039 0.883039
4749.974609 0.000000 735.423340 0.000000 0.568153 0.000000 0.822923 0.562169 0.562169 0.562169
4757.292480 0.000000 736.165588 0.000000 0.814273 0.000000 -0.580481 0.804768 0.804768 0.804768
4785.340332 0.000000 738.108887 0.000000 0.995739 0.000000 0.092214 0.693157 0.693157 0.693157
4787.397949 0.000000 737.447449 0.000000 0.987265 0.000000 0.159082 0.687939 0.687939 0.687939
4750.079590 0.000000 724.180969 0.000000 0.312958 0.000000 0.949767 0.603691 0.603691 0.603691
4749.673340 0.000000 730.351501 0.000000 0.807371 0.000000 -0.590044 0.734411 0.734411 0.734411
4779.214355 0.000000 721.177917 0.000000 0.690211 0.000000 -0.723608 0.818761 0.818761 0.818761
4759.019043 0.000000 736.833252 0.000000 0.997355 0.000000 0.072691 0.685251 0.685251 0.685251
4778.434082 0.000000 722.838745 0.000000 0.531782 0.000000 -0.846881 0.791791 0.791791 0.791791
4787.913574 0.000000 735.820007 0.000000 0.980699 0.000000 -0.195524 0.730814 0.730814 0.730814
4756.238770 0.000000 737.476807 0.000000 0.331138 0.000000 -0.943582 0.908630 0.908630 0.908630
4786.454102 0.000000 733.652710 0.000000 0.373784 0.000000 0.927516 0.537271 0.537271 0.537271
4748.291992 0.000000 734.977783 0.000000 0.454062 0.000000 0.890970 0.543211 0.543211 0.543211
4786.343262 0.000000 754.069397 0.000000 0.959592 0.000000 0.281396 0.665703 0.665703 0.665703
4749.299805 0.000000 727.471802 0.000000 0.015051 0.000000 -0.999887 0.863128 0.863128 0.863128
4777.041016 0.000000 723.237915 0.000000 0.906872 0.000000 -0.421407 0.777235 0.777235 0.777235
4747.223145 0.000000 729.667053 0.000000 0.640448 0.000000 0.768001 0.564102 0.564102 0.564102
4776.148926 0.000000 755.223877 0.000000 0.556405 0.000000 -0.830911 0.867280 0.867280 0.867280
4746.937988 0.000000 728.066833 0.000000 0.720436 0.000000 0.693521 0.581071 0.581071 0.581071
4749.741699 0.000000 728.994934 0.000000 0.927089 0.000000 -0.374840 0.761775 0.761775 0.761775
4786.945801 0.000000 734.891968 0.000000 0.007612 0.000000 0.999971 0.455231 0.455231 0.455231
4810.226074 0.000000 745.519470 0.000000 0.965532 0.000000 0.260283 0.697055 0.697055 0.697055
4850.936523 0.000000 739.571228 0.000000 0.583426 0.000000 0.812166 0.680122 0.680122 0.680122
4818.625000 0.000000 736.835510 0.000000 0.998646 0.000000 0.052015 0.697526 0.697526 0.697526
4812.743652 0.000000 748.496094 0.000000 0.619918 0.000000 -0.784666 0.745406 0.745406 0.745406
4813.579102 0.000000 744.866638 0.000000 0.995987 0.000000 0.089495 0.689977 0.689977 0.689977
4817.413086 0.000000 739.893433 0.000000 0.999840 0.000000 0.017876 0.697351 0.697351 0.697351
4853.257812 0.000000 740.286987 0.000000 0.975832 0.000000 -0.218520 0.719711 0.719711 0.719711
4819.466797 0.000000 739.067810 0.000000 0.363124 0.000000 0.931741 0.569231 0.569231 0.569231
4812.109863 0.000000 746.386902 0.000000 0.559711 0.000000 -0.828688 0.843385 0.843385 0.843385
4810.993652 0.000000 748.882812 0.000000 0.953103 0.000000 0.302647 0.675068 0.675068 0.675068
4817.205566 0.000000 737.888062 0.000000 0.857648 0.000000 0.514237 0.658468 0.658468 0.658468
4852.523926 0.000000 741.827942 0.000000 0.080845 0.000000 -0.996727 0.833307 0.833307 0.833307
4813.864258 0.000000 747.942383 0.000000 0.917308 0.000000 0.398178 0.639882 0.639882 0.639882
4867.065430 0.000000 620.691895 0.000000 0.889162 0.000000 -0.457593 0.777080 0.777080 0.777080
4866.618652 0.000000 622.969666 0.000000 0.941847 0.000000 -0.336042 0.721561 0.721561 0.721561
4867.803223 0.000000 618.808838 0.000000 0.651251 0.000000 0.758862 0.630138 0.630138 0.630138
4913.649902 0.000000 705.427246 0.000000 0.483631 0.000000 0.875272 0.676155 0.676155 0.676155
4869.856445 0.000000 661.634705 0.000000 0.846259 0.000000 0.532771 0.692930 0.692930 0.692930
4911.105469 0.000000 699.223450 0.000000 0.593280 0.000000 0.804996 0.616280 0.616280 0.616280
4912.874512 0.000000 707.668335 0.000000 0.217078 0.000000 -0.976154 0.926818 0.926818 0.926818
4881.722168 0.000000 676.380005 0.000000 0.707972 0.000000 0.706240 0.627642 0.627642 0.627642
4868.890625 0.000000 663.317017 0.000000 0.124809 0.000000 0.992181 0.558521 0.558521 0.558521
4871.208496 0.000000 662.706848 0.000000 0.473299 0.000000 0.880902 0.498091 0.498091 0.498091
4879.291504 0.000000 673.973938 0.000000 0.935719 0.000000 0.352746 0.656655 0.656655 0.656655
4869.345215 0.000000 665.396301 0.000000 0.994582 0.000000 0.103955 0.684566 0.684566 0.684566
4878.530273 0.000000 672.362915 0.000000 0.153509 0.000000 -0.988147 0.870332 0.870332 0.870332
4894.500977 0.000000 676.896851 0.000000 0.544075 0.000000 0.839037 0.538552 0.538552 0.538552
4868.364746 0.000000 664.576477 0.000000 0.452017 0.000000 -0.892009 0.863277 0.863277 0.863277
4912.789551 0.000000 706.338867 0.000000 0.854681 0.000000 -0.519153 0.791578 0.791578 0.791578
4871.650879 0.000000 663.874207 0.000000 0.418684 0.000000 -0.908132 0.913344 0.913344 0.913344
4870.058594 0.000000 663.188538 0.000000 0.790135 0.000000 0.612933 0.576398 0.576398 0.576398
4961.334961 0.000000 706.878906 0.000000 0.002710 0.000000 0.999996 0.480771 0.480771 0.480771
4951.620117 0.000000 707.575684 0.000000 0.333987 0.000000 0.942578 0.571000 0.571000 0.571000
4937.505371 0.000000 703.168396 0.000000 0.708437 0.000000 -0.705775 0.781060 0.781060 0.781060
4971.808594 0.000000 704.432739 0.000000 0.339741 0.000000 -0.940519 0.903663 0.903663 0.903663
4939.679199 0.000000 703.360107 0.000000 0.638294 0.000000 -0.769793 0.762639 0.762639 0.762639
4945.531738 0.000000 697.372620 0.000000 0.040285 0.000000 -0.999188 0.834804 0.834804 0.834804
4970.290527 0.000000 704.733337 0.000000 0.903863 0.000000 0.427822 0.626451 0.626451 0.626451
4971.188965 0.000000 705.619934 0.000000 0.868683 0.000000 -0.495368 0.786223 0.786223 0.786223
4924.190918 0.000000 739.121399 0.000000 0.411982 0.000000 -0.911192 0.797748 0.797748 0.797748
4897.342773 0.000000 754.121094 0.000000 0.999150 0.000000 -0.041211 0.704553 0.704553 0.704553
4868.625000 0.000000 728.985291 0.000000 0.466695 0.000000 0.884418 0.574068 0.574068 0.574068
4918.174316 0.000000 755.205566 0.000000 0.013900 0.000000 0.999903 0.680410 0.680410 0.680410
4880.513672 0.000000 751.094543 0.000000 0.861686 0.000000 -0.507442 0.810122 0.810122 0.810122
4915.908691 0.000000 743.431091 0.000000 0.963511 0.000000 -0.267668 0.749628 0.749628 0.749628
4880.560547 0.000000 743.071411 0.000000 0.439424 0.000000 -0.898280 0.768641 0.768641 0.768641
4912.367676 0.000000 749.924133 0.000000 0.810368 0.000000 0.585921 0.476821 0.476821 0.476821
4924.513672 0.000000 745.670105 0.000000 0.781298 0.000000 -0.624158 0.729214 0.729214 0.729214
4883.279785 0.000000 744.159119 0.000000 0.149891 0.000000 0.988702 0.648371 0.648371 0.648371
4898.823730 0.000000 724.687622 0.000000 0.999990 0.000000 0.004457 0.699614 0.699614 0.699614
4926.835938 0.000000 747.327148 0.000000 0.603641 0.000000 0.797256 0.632918 0.632918 0.632918
4913.322754 0.000000 718.965271 0.000000 0.528534 0.000000 0.848912 0.569587 0.569587 0.569587
4881.054688 0.000000 748.982971 0.000000 0.922217 0.000000 0.386672 0.645604 0.645604 0.645604
4913.948730 0.000000 748.971619 0.000000 0.838351 0.000000 -0.545131 0.905542 0.905542 0.905542
4899.781250 0.000000 723.105469 0.000000 0.965104 0.000000 0.261868 0.667032 0.667032 0.667032
4869.887695 0.000000 727.777222 0.000000 0.275032 0.000000 0.961435 0.598834 0.598834 0.598834
4920.434082 0.000000 754.625244 0.000000 0.016560 0.000000 -0.999863 0.891217 0.891217 0.891217
4914.020996 0.000000 743.476685 0.000000 0.025652 0.000000 0.999671 0.417012 0.417012 0.417012
4913.952148 0.000000 750.972473 0.000000 0.271512 0.000000 -0.962435 0.973561 0.973561 0.973561
4912.458008 0.000000 751.610779 0.000000 0.749015 0.000000 -0.662553 0.852889 0.852889 0.852889
4921.378418 0.000000 755.710205 0.000000 0.203398 0.000000 0.979096 0.531945 0.531945 0.531945
4912.248535 0.000000 748.761047 0.000000 0.586946 0.000000 -0.809626 1.036369 1.036369 1.036369
4881.146973 0.000000 750.128601 0.000000 0.951001 0.000000 -0.309189 0.765041 0.765041 0.765041
4938.839355 0.000000 719.334106 0.000000 0.430159 0.000000 -0.902753 0.704723 0.704723 0.704723
4927.767578 0.000000 738.990173 0.000000 0.305467 0.000000 -0.952203 0.781056 0.781056 0.781056
4931.174316 0.000000 719.611755 0.000000 0.292052 0.000000 -0.956402 0.721381 0.721381 0.721381
4942.178223 0.000000 739.905884 0.000000 0.972474 0.000000 0.233013 0.670080 0.670080 0.670080
4988.330566 0.000000 748.584717 0.000000 0.337257 0.000000 -0.941413 0.710291 0.710291 0.710291
4932.474121 0.000000 723.883789 0.000000 0.762669 0.000000 -0.646789 0.748184 0.748184 0.748184
4961.153809 0.000000 708.913574 0.000000 0.466377 0.000000 -0.884586 0.923109 0.923109 0.923109
4986.152832 0.000000 730.517456 0.000000 0.494210 0.000000 0.869343 0.616017 0.616017 0.616017
4947.834961 0.000000 712.517944 0.000000 0.755423 0.000000 -0.655238 0.731965 0.731965 0.731965
4942.194824 0.000000 717.918945 0.000000 0.946640 0.000000 0.322292 0.680731 0.680731 0.680731
4941.593262 0.000000 720.933350 0.000000 0.613574 0.000000 -0.789637 0.758537 0.758537 0.758537
4932.958008 0.000000 717.353333 0.000000 0.986483 0.000000 0.163865 0.684811 0.684811 0.684811
4927.405762 0.000000 747.336731 0.000000 0.920218 0.000000 0.391407 0.670763 0.670763 0.670763
4946.848145 0.000000 714.806030 0.000000 0.839876 0.000000 -0.542778 0.726470 0.726470 0.726470
4938.271484 0.000000 721.652649 0.000000 0.978562 0.000000 -0.205953 0.724651 0.724651 0.724651
4958.741699 0.000000 747.977661 0.000000 0.167504 0.000000 0.985871 0.529411 0.529411 0.529411
4930.884277 0.000000 709.035461 0.000000 0.353338 0.000000 -0.935496 0.916472 0.916472 0.916472
4987.793457 0.000000 729.090820 0.000000 0.130630 0.000000 -0.991431 0.790582 0.790582 0.790582
4950.354004 0.000000 708.652893 0.000000 0.688771 0.000000 0.724979 0.614962 0.614962 0.614962
4943.699707 0.000000 741.205994 0.000000 0.936284 0.000000 0.351245 0.674912 0.674912 0.674912
4964.817871 0.000000 739.924500 0.000000 0.354152 0.000000 -0.935188 0.836887 0.836887 0.836887
4943.775391 0.000000 738.954102 0.000000 0.724590 0.000000 0.689180 0.603264 0.603264 0.603264
4939.834473 0.000000 720.830444 0.000000 0.634242 0.000000 -0.773135 0.805023 0.805023 0.805023
4932.990234 0.000000 719.672058 0.000000 0.990307 0.000000 -0.138896 0.713053 0.713053 0.713053
4948.699707 0.000000 743.283936 0.000000 0.751394 0.000000 -0.659854 0.775561 0.775561 0.775561
4931.229004 0.000000 722.761108 0.000000 0.831085 0.000000 -0.556145 0.769258 0.769258 0.769258
4959.088379 0.000000 746.571289 0.000000 0.218553 0.000000 0.975825 0.535740 0.535740 0.535740
4939.199707 0.000000 729.667053 0.000000 0.927397 0.000000 0.374078 0.644790 0.644790 0.644790
4938.914551 0.000000 728.066833 0.000000 0.840993 0.000000 0.541046 0.617677 0.617677 0.617677
4992.408691 0.000000 731.554016 0.000000 0.952315 0.000000 0.305117 0.681360 0.681360 0.681360
5050.145020 0.000000 730.517456 0.000000 0.469759 0.000000 0.882795 0.677314 0.677314 0.677314
5096.813965 0.000000 752.209778 0.000000 0.927816 0.000000 -0.373037 0.705879 0.705879 0.705879
5105.626465 0.000000 752.669434 0.000000 0.973693 0.000000 -0.227865 0.701286 0.701286 0.701286
5097.491211 0.000000 755.323303 0.000000 0.935619 0.000000 -0.353012 0.710593 0.710593 0.710593
5104.851074 0.000000 754.910522 0.000000 0.961746 0.000000 0.273945 0.663532 0.663532 0.663532
5099.654297 0.000000 754.500427 0.000000 0.969632 0.000000 -0.244567 0.714853 0.714853 0.714853
5106.304199 0.000000 754.069397 0.000000 0.956877 0.000000 0.290493 0.645195 0.645195 0.645195
5106.061035 0.000000 755.342957 0.000000 0.912314 0.000000 -0.409492 0.778449 0.778449 0.778449
4563.275879 0.000000 779.123535 0.000000 0.999995 0.000000 0.003208 0.699955 0.699955 0.699955
4552.645508 0.000000 778.351135 0.000000 0.754732 0.000000 0.656033 0.650981 0.650981 0.650981
4560.316406 0.000000 781.327576 0.000000 0.428441 0.000000 -0.903570 0.816702 0.816702 0.816702
4567.108887 0.000000 771.114502 0.000000 0.370589 0.000000 -0.928797 0.766612 0.766612 0.766612
4566.301758 0.000000 791.221924 0.000000 0.222668 0.000000 -0.974894 0.824221 0.824221 0.824221
4565.998535 0.000000 796.615479 0.000000 0.389587 0.000000 -0.920990 0.914394 0.914394 0.914394
4555.344727 0.000000 778.321716 0.000000 0.253059 0.000000 0.967451 0.490423 0.490423 0.490423
4558.621582 0.000000 779.459656 0.000000 0.727612 0.000000 0.685988 0.623904 0.623904 0.623904
4565.315918 0.000000 783.407776 0.000000 0.001674 0.000000 -0.999999 0.800912 0.800912 0.800912
4564.728027 0.000000 768.409302 0.000000 0.939941 0.000000 -0.341336 0.733603 0.733603 0.733603
4561.240234 0.000000 779.450623 0.000000 0.499128 0.000000 0.866529 0.625261 0.625261 0.625261
4566.729980 0.000000 789.174927 0.000000 0.430693 0.000000 0.902499 0.589850 0.589850 0.589850
4565.706055 0.000000 769.937256 0.000000 0.995277 0.000000 -0.097079 0.709380 0.709380 0.709380
4562.084961 0.000000 781.048584 0.000000 0.854869 0.000000 0.518844 0.598569 0.598569 0.598569
4564.143066 0.000000 797.888855 0.000000 0.808357 0.000000 -0.588693 0.815280 0.815280 0.815280
4555.404297 0.000000 779.967224 0.000000 0.575509 0.000000 0.817795 0.547383 0.547383 0.547383
4554.004395 0.000000 778.918091 0.000000 0.998330 0.000000 0.057771 0.690787 0.690787 0.690787
4563.330566 0.000000 780.479126 0.000000 0.705894 0.000000 0.708317 0.553642 0.553642 0.553642
4564.759277 0.000000 796.835449 0.000000 0.951534 0.000000 -0.307544 0.757254 0.757254 0.757254
4569.123047 0.000000 841.637939 0.000000 0.969010 0.000000 0.247023 0.691974 0.691974 0.691974
4568.375000 0.000000 845.421204 0.000000 0.034769 0.000000 0.999395 0.635576 0.635576 0.635576
4570.811035 0.000000 844.100952 0.000000 0.021467 0.000000 -0.999770 0.866787 0.866787 0.866787
4568.182617 0.000000 843.406372 0.000000 0.807620 0.000000 0.589703 0.584491 0.584491 0.584491
4569.715332 0.000000 843.045715 0.000000 0.417925 0.000000 -0.908482 0.908721 0.908721 0.908721
4390.741211 0.000000 933.400513 0.000000 0.257451 0.000000 -0.966291 0.769618 0.769618 0.769618
4407.764160 0.000000 929.066956 0.000000 0.999751 0.000000 0.022335 0.698033 0.698033 0.698033
4387.345215 0.000000 934.817444 0.000000 0.436820 0.000000 -0.899549 0.890816 0.890816 0.890816
4382.408691 0.000000 943.591003 0.000000 0.991700 0.000000 0.128575 0.696034 0.696034 0.696034
4384.560059 0.000000 934.894470 0.000000 0.912891 0.000000 0.408203 0.641801 0.641801 0.641801
4406.453613 0.000000 931.320435 0.000000 0.999466 0.000000 -0.032688 0.701188 0.701188 0.701188
4405.312500 0.000000 929.255737 0.000000 0.853510 0.000000 -0.521076 0.726820 0.726820 0.726820
4382.812012 0.000000 936.946411 0.000000 0.020397 0.000000 0.999792 0.465903 0.465903 0.465903
4395.345215 0.000000 933.407776 0.000000 0.050915 0.000000 0.998703 0.608631 0.608631 0.608631
4391.800293 0.000000 931.587158 0.000000 0.080575 0.000000 0.996749 0.516669 0.516669 0.516669
4383.500488 0.000000 938.668030 0.000000 0.476030 0.000000 0.879429 0.569287 0.569287 0.569287
4386.022461 0.000000 935.984741 0.000000 0.257414 0.000000 0.966301 0.476484 0.476484 0.476484
4397.513672 0.000000 928.086792 0.000000 0.721822 0.000000 0.692079 0.560009 0.560009 0.560009
4390.092285 0.000000 931.381470 0.000000 0.546816 0.000000 0.837253 0.577925 0.577925 0.577925
4382.892578 0.000000 940.037170 0.000000 0.319144 0.000000 0.947706 0.506644 0.506644 0.506644
4389.210938 0.000000 925.580505 0.000000 0.745471 0.000000 -0.666539 0.815256 0.815256 0.815256
4387.919922 0.000000 935.901855 0.000000 0.979840 0.000000 0.199785 0.665693 0.665693 0.665693
4454.733398 0.000000 933.400513 0.000000 0.833894 0.000000 -0.551924 0.714713 0.714713 0.714713
4432.527344 0.000000 935.963013 0.000000 0.979671 0.000000 -0.200613 0.717226 0.717226 0.717226
4434.671875 0.000000 925.804260 0.000000 0.941387 0.000000 -0.337329 0.703367 0.703367 0.703367
4432.615234 0.000000 932.040161 0.000000 0.985873 0.000000 -0.167493 0.707529 0.707529 0.707529
4458.323730 0.000000 924.584839 0.000000 0.885250 0.000000 0.465116 0.669565 0.669565 0.669565
4437.719238 0.000000 927.319885 0.000000 0.995791 0.000000 0.091656 0.689093 0.689093 0.689093
4443.033203 0.000000 933.321838 0.000000 0.933357 0.000000 -0.358951 0.725151 0.725151 0.725151
4460.168457 0.000000 935.480286 0.000000 0.976660 0.000000 -0.214790 0.718462 0.718462 0.718462
4442.782227 0.000000 931.024414 0.000000 0.625422 0.000000 0.780287 0.616153 0.616153 0.616153
4461.635742 0.000000 934.500427 0.000000 0.526936 0.000000 0.849905 0.613370 0.613370 0.613370
4461.666992 0.000000 936.419128 0.000000 0.248725 0.000000 -0.968574 0.821747 0.821747 0.821747
4436.277832 0.000000 926.445557 0.000000 0.985365 0.000000 0.170459 0.679644 0.679644 0.679644
4460.290527 0.000000 924.878357 0.000000 0.173989 0.000000 -0.984748 0.860030 0.860030 0.860030
4456.822266 0.000000 932.646362 0.000000 0.061612 0.000000 0.998100 0.505890 0.505890 0.505890
4520.692383 0.000000 882.470398 0.000000 0.912327 0.000000 -0.409462 0.761339 0.761339 0.761339
4508.741699 0.000000 861.366394 0.000000 0.937189 0.000000 0.348821 0.632750 0.632750 0.632750
4582.717773 0.000000 886.158325 0.000000 0.133721 0.000000 -0.991019 0.838591 0.838591 0.838591
4585.421387 0.000000 889.466980 0.000000 0.759776 0.000000 0.650185 0.674271 0.674271 0.674271
4585.062012 0.000000 886.870972 0.000000 0.999705 0.000000 -0.024275 0.704175 0.704175 0.704175
4582.973633 0.000000 888.647217 0.000000 0.438976 0.000000 -0.898499 0.760868 0.760868 0.760868
4587.321777 0.000000 886.165588 0.000000 0.755619 0.000000 0.655011 0.640090 0.640090 0.640090
4586.409180 0.000000 887.993286 0.000000 0.508499 0.000000 0.861062 0.612982 0.612982 0.612982
4480.651367 0.000000 944.552002 0.000000 0.964746 0.000000 -0.263181 0.708936 0.708936 0.708936
4540.687012 0.000000 915.199158 0.000000 0.410181 0.000000 -0.912004 0.897437 0.897437 0.897437
4483.577637 0.000000 943.038452 0.000000 0.755132 0.000000 -0.655573 0.746978 0.746978 0.746978
4538.350586 0.000000 898.538696 0.000000 0.352844 0.000000 -0.935682 0.784596 0.784596 0.784596
4491.733887 0.000000 939.571045 0.000000 0.682837 0.000000 0.730570 0.609526 0.609526 0.609526
4490.445801 0.000000 941.437805 0.000000 0.999881 0.000000 0.015400 0.698557 0.698557 0.698557
4540.902344 0.000000 919.758362 0.000000 0.846554 0.000000 0.532303 0.621524 0.621524 0.621524
4541.085938 0.000000 916.824280 0.000000 0.357009 0.000000 -0.934101 0.903969 0.903969 0.903969
4539.383789 0.000000 901.496216 0.000000 0.282451 0.000000 -0.959282 0.877779 0.877779 0.877779
4541.928711 0.000000 914.888916 0.000000 0.995129 0.000000 -0.098585 0.716981 0.716981 0.716981
4581.681641 0.000000 911.910400 0.000000 0.647207 0.000000 -0.762314 0.840587 0.840587 0.840587
4587.607422 0.000000 903.318604 0.000000 0.675559 0.000000 -0.737306 0.788092 0.788092 0.788092
4585.091797 0.000000 910.550537 0.000000 0.833985 0.000000 -0.551787 0.727784 0.727784 0.727784
4584.062012 0.000000 903.527588 0.000000 0.589135 0.000000 -0.808035 0.794703 0.794703 0.794703
4545.947754 0.000000 928.723633 0.000000 0.965236 0.000000 0.261380 0.649718 0.649718 0.649718
4585.710938 0.000000 902.056030 0.000000 0.741578 0.000000 -0.670867 0.774024 0.774024 0.774024
4582.980469 0.000000 910.193481 0.000000 0.207343 0.000000 -0.978268 0.934202 0.934202 0.934202
4585.858887 0.000000 903.972656 0.000000 0.971323 0.000000 0.237763 0.675835 0.675835 0.675835
4580.644043 0.000000 910.464050 0.000000 0.012354 0.000000 -0.999924 0.952742 0.952742 0.952742
4583.507812 0.000000 911.966797 0.000000 0.783324 0.000000 -0.621614 0.815352 0.815352 0.815352
4589.981934 0.000000 899.844421 0.000000 0.537176 0.000000 0.843470 0.509157 0.509157 0.509157
4544.708984 0.000000 929.322876 0.000000 0.073744 0.000000 -0.997277 0.984632 0.984632 0.984632
4588.753418 0.000000 899.605042 0.000000 0.364026 0.000000 -0.931389 0.927824 0.927824 0.927824
4333.471191 0.000000 1027.110718 0.000000 0.880998 0.000000 -0.473119 0.702067 0.702067 0.702067
4346.533691 0.000000 1037.963867 0.000000 0.910160 0.000000 0.414256 0.692834 0.692834 0.692834
4342.599121 0.000000 1017.182922 0.000000 0.404061 0.000000 -0.914732 0.730676 0.730676 0.730676
4342.244629 0.000000 1038.658691 0.000000 0.651952 0.000000 -0.758260 0.841982 0.841982 0.841982
4341.609375 0.000000 1020.565674 0.000000 0.975631 0.000000 0.219416 0.661959 0.661959 0.661959
4346.520996 0.000000 1034.700195 0.000000 0.696881 0.000000 -0.717187 0.730189 0.730189 0.730189
4344.116699 0.000000 1036.363281 0.000000 0.634568 0.000000 -0.772867 0.801268 0.801268 0.801268
4341.320312 0.000000 1023.740112 0.000000 0.831587 0.000000 0.555394 0.578162 0.578162 0.578162
4347.624023 0.000000 1015.844482 0.000000 0.649448 0.000000 -0.760406 0.808706 0.808706 0.808706
4340.305176 0.000000 1029.082275 0.000000 0.867094 0.000000 -0.498144 0.784568 0.784568 0.784568
4347.871582 0.000000 1012.543945 0.000000 0.128395 0.000000 0.991723 0.587100 0.587100 0.587100
4343.453613 0.000000 1021.465942 0.000000 0.477379 0.000000 0.878697 0.507961 0.507961 0.507961
4338.091309 0.000000 1026.929810 0.000000 0.381339 0.000000 -0.924435 0.932522 0.932522 0.932522
4345.858887 0.000000 1036.371948 0.000000 0.838539 0.000000 -0.544842 0.766056 0.766056 0.766056
4340.783691 0.000000 1022.106873 0.000000 0.824809 0.000000 0.565411 0.575659 0.575659 0.575659
4344.222168 0.000000 1017.745483 0.000000 0.402985 0.000000 0.915207 0.580402 0.580402 0.580402
4338.397949 0.000000 1037.522583 0.000000 0.944368 0.000000 0.328892 0.659706 0.659706 0.659706
4341.097656 0.000000 1037.716797 0.000000 0.962754 0.000000 -0.270380 0.744402 0.744402 0.744402
4339.666992 0.000000 1036.954224 0.000000 0.248374 0.000000 -0.968664 0.858684 0.858684 0.858684
4346.343750 0.000000 1015.368286 0.000000 0.151103 0.000000 -0.988518 0.878561 0.878561 0.878561
4347.593262 0.000000 1014.490356 0.000000 0.854906 0.000000 0.518783 0.631371 0.631371 0.631371
4345.065918 0.000000 1014.895874 0.000000 0.020320 0.000000 -0.999794 0.951450 0.951450 0.951450
4342.386719 0.000000 1051.281738 0.000000 0.891292 0.000000 -0.453430 0.713817 0.713817 0.713817
4319.967773 0.000000 1054.088867 0.000000 0.053599 0.000000 0.998563 0.572733 0.572733 0.572733
4328.300781 0.000000 1048.730347 0.000000 0.862293 0.000000 -0.506410 0.726726 0.726726 0.726726
4335.867188 0.000000 1047.807495 0.000000 0.838174 0.000000 0.545403 0.688709 0.688709 0.688709
4319.220703 0.000000 1066.109985 0.000000 0.516895 0.000000 0.856049 0.631042 0.631042 0.631042
4317.611816 0.000000 1076.638184 0.000000 0.926926 0.000000 -0.375243 0.757005 0.757005 0.757005
4325.312012 0.000000 1084.511719 0.000000 0.813482 0.000000 0.581590 0.677438 0.677438 0.677438
4343.847656 0.000000 1039.444336 0.000000 0.943396 0.000000 -0.331667 0.755772 0.755772 0.755772
4316.468262 0.000000 1068.275635 0.000000 0.999017 0.000000 -0.044331 0.703472 0.703472 0.703472
4328.093262 0.000000 1045.254272 0.000000 0.891967 0.000000 0.452101 0.679012 0.679012 0.679012
4317.318848 0.000000 1055.923096 0.000000 0.830362 0.000000 -0.557224 0.768584 0.768584 0.768584
4319.001465 0.000000 1074.065308 0.000000 0.308130 0.000000 -0.951344 0.798457 0.798457 0.798457
4321.707520 0.000000 1067.715332 0.000000 0.999315 0.000000 -0.036996 0.701914 0.701914 0.701914
4340.356445 0.000000 1039.869385 0.000000 0.509602 0.000000 -0.860410 0.744904 0.744904 0.744904
4320.567871 0.000000 1076.621094 0.000000 0.650560 0.000000 -0.759455 0.744614 0.744614 0.744614
4330.598145 0.000000 1047.494507 0.000000 0.688974 0.000000 0.724786 0.637661 0.637661 0.637661
4337.393066 0.000000 1049.660645 0.000000 0.605509 0.000000 -0.795839 0.815809 0.815809 0.815809
4315.526367 0.000000 1077.785889 0.000000 0.755892 0.000000 -0.654697 0.733929 0.733929 0.733929
4334.983398 0.000000 1045.707397 0.000000 0.596858 0.000000 -0.802347 0.761189 0.761189 0.761189
4327.519531 0.000000 1084.729858 0.000000 0.574629 0.000000 -0.818414 0.783096 0.783096 0.783096
4341.879883 0.000000 1048.939453 0.000000 0.997080 0.000000 0.076365 0.695298 0.695298 0.695298
4337.896484 0.000000 1047.166016 0.000000 0.052447 0.000000 0.998624 0.496219 0.496219 0.496219
4319.810059 0.000000 1072.089233 0.000000 0.068814 0.000000 -0.997630 0.804990 0.804990 0.804990
4316.978516 0.000000 1074.345825 0.000000 0.999640 0.000000 -0.026845 0.701689 0.701689 0.701689
4334.043457 0.000000 1049.034668 0.000000 0.999964 0.000000 0.008512 0.699429 0.699429 0.699429
4322.134766 0.000000 1059.313110 0.000000 0.638490 0.000000 0.769630 0.555111 0.555111 0.555111
4336.891602 0.000000 1045.409058 0.000000 0.898908 0.000000 -0.438138 0.754529 0.754529 0.754529
4321.106445 0.000000 1055.617554 0.000000 0.941487 0.000000 -0.337048 0.744698 0.744698 0.744698
4317.129883 0.000000 1054.132324 0.000000 0.999889 0.000000 0.014875 0.698274 0.698274 0.698274
4326.522461 0.000000 1048.879395 0.000000 0.324761 0.000000 0.945796 0.563041 0.563041 0.563041
4326.310547 0.000000 1085.915527 0.000000 0.993158 0.000000 0.116779 0.689854 0.689854 0.689854
4328.938965 0.000000 1047.168335 0.000000 0.655187 0.000000 0.755467 0.609008 0.609008 0.609008
4324.659180 0.000000 1082.931763 0.000000 0.640102 0.000000 0.768290 0.625279 0.625279 0.625279
4323.358398 0.000000 1058.526245 0.000000 0.612669 0.000000 -0.790339 0.850349 0.850349 0.850349
4336.567383 0.000000 1046.689819 0.000000 0.942214 0.000000 -0.335013 0.745850 0.745850 0.745850
4317.729492 0.000000 1077.935913 0.000000 0.546681 0.000000 0.837341 0.552931 0.552931 0.552931
4326.189453 0.000000 1087.457764 0.000000 0.671281 0.000000 -0.741203 0.749022 0.749022 0.749022
4351.249512 0.000000 1098.896851 0.000000 0.769067 0.000000 0.639168 0.681581 0.681581 0.681581
4337.648926 0.000000 1099.550049 0.000000 0.229116 0.000000 0.973399 0.651305 0.651305 0.651305
4329.612793 0.000000 1088.857544 0.000000 0.110224 0.000000 -0.993907 0.802083 0.802083 0.802083
4323.439941 0.000000 1089.177002 0.000000 0.707870 0.000000 -0.706342 0.721931 0.721931 0.721931
4349.154297 0.000000 1101.289551 0.000000 0.960999 0.000000 -0.276550 0.714103 0.714103 0.714103
4333.253418 0.000000 1094.412964 0.000000 0.344583 0.000000 -0.938756 0.790325 0.790325 0.790325
4344.514648 0.000000 1099.143677 0.000000 0.778754 0.000000 0.627329 0.614675 0.614675 0.614675
4325.083496 0.000000 1090.271973 0.000000 0.078226 0.000000 -0.996936 0.952479 0.952479 0.952479
4323.537109 0.000000 1091.046631 0.000000 0.359713 0.000000 -0.933063 0.866483 0.866483 0.866483
4341.933105 0.000000 1100.243896 0.000000 0.871264 0.000000 0.490815 0.643338 0.643338 0.643338
4350.289062 0.000000 1100.239502 0.000000 0.025744 0.000000 -0.999669 0.853366 0.853366 0.853366
4381.145020 0.000000 954.683105 0.000000 0.788783 0.000000 -0.614672 0.762932 0.762932 0.762932
4380.662598 0.000000 947.937683 0.000000 0.991420 0.000000 0.130712 0.693402 0.693402 0.693402
4383.845215 0.000000 956.471130 0.000000 0.827111 0.000000 -0.562038 0.796794 0.796794 0.796794
4374.325195 0.000000 980.190674 0.000000 0.784739 0.000000 0.619826 0.585039 0.585039 0.585039
4382.062500 0.000000 958.060974 0.000000 0.599800 0.000000 -0.800150 0.768729 0.768729 0.768729
4374.676270 0.000000 988.807678 0.000000 0.902811 0.000000 0.430037 0.644688 0.644688 0.644688
4375.028320 0.000000 982.747070 0.000000 0.981698 0.000000 0.190446 0.690624 0.690624 0.690624
4381.854492 0.000000 952.861328 0.000000 0.982250 0.000000 0.187578 0.678895 0.678895 0.678895
4384.751465 0.000000 958.004150 0.000000 0.723974 0.000000 -0.689827 0.908599 0.908599 0.908599
4385.804688 0.000000 959.459106 0.000000 0.999924 0.000000 0.012341 0.696618 0.696618 0.696618
4381.122070 0.000000 959.647827 0.000000 0.985112 0.000000 0.171916 0.686473 0.686473 0.686473
4372.934570 0.000000 981.192139 0.000000 0.772418 0.000000 -0.635115 0.803906 0.803906 0.803906
4378.205078 0.000000 958.198669 0.000000 0.409799 0.000000 0.912176 0.574750 0.574750 0.574750
4375.208984 0.000000 981.305542 0.000000 0.900431 0.000000 0.434999 0.622611 0.622611 0.622611
4375.849121 0.000000 989.665527 0.000000 0.082936 0.000000 0.996555 0.514880 0.514880 0.514880
4374.542969 0.000000 990.163940 0.000000 0.289688 0.000000 0.957121 0.476852 0.476852 0.476852
4381.184082 0.000000 944.846558 0.000000 0.830224 0.000000 0.557431 0.610721 0.610721 0.610721
4373.905273 0.000000 982.059082 0.000000 0.618526 0.000000 0.785764 0.576152 0.576152 0.576152
4382.779297 0.000000 957.023010 0.000000 0.907708 0.000000 -0.419602 0.770223 0.770223 0.770223
4388.920410 0.000000 997.600647 0.000000 0.909639 0.000000 -0.415399 0.704791 0.704791 0.704791
4367.811523 0.000000 1006.328491 0.000000 0.728691 0.000000 0.684843 0.646211 0.646211 0.646211
4382.062500 0.000000 1005.303162 0.000000 0.789062 0.000000 -0.614313 0.735144 0.735144 0.735144
4379.707031 0.000000 1003.579529 0.000000 0.858640 0.000000 -0.512580 0.739126 0.739126 0.739126
4374.424316 0.000000 992.106018 0.000000 0.332649 0.000000 -0.943051 0.842924 0.842924 0.842924
4366.126465 0.000000 1007.634094 0.000000 0.492892 0.000000 0.870090 0.624750 0.624750 0.624750
4379.103027 0.000000 996.927917 0.000000 0.315549 0.000000 0.948909 0.537506 0.537506 0.537506
4382.849121 0.000000 998.401917 0.000000 0.945127 0.000000 -0.326703 0.720008 0.720008 0.720008
4391.220703 0.000000 999.754883 0.000000 0.032137 0.000000 -0.999483 0.846278 0.846278 0.846278
4381.854492 0.000000 996.660950 0.000000 0.413880 0.000000 -0.910331 0.824762 0.824762 0.824762
4381.827637 0.000000 1003.526306 0.000000 0.698678 0.000000 0.715436 0.595227 0.595227 0.595227
4365.312500 0.000000 1006.070557 0.000000 0.834239 0.000000 0.551402 0.615897 0.615897 0.615897
4394.880371 0.000000 1001.671326 0.000000 0.269795 0.000000 -0.962918 0.852389 0.852389 0.852389
4375.865234 0.000000 992.370850 0.000000 0.513732 0.000000 -0.857951 0.819668 0.819668 0.819668
4388.559570 0.000000 999.202576 0.000000 0.043774 0.000000 -0.999041 0.962588 0.962588 0.962588
4377.169922 0.000000 996.338013 0.000000 0.742639 0.000000 -0.669692 0.821055 0.821055 0.821055
4376.081055 0.000000 997.109009 0.000000 0.824843 0.000000 0.565361 0.600873 0.600873 0.600873
4519.871582 0.000000 969.488281 0.000000 0.772685 0.000000 0.634790 0.650963 0.650963 0.650963
4500.784180 0.000000 952.501709 0.000000 0.392953 0.000000 -0.919559 0.789732 0.789732 0.789732
4516.485352 0.000000 963.244263 0.000000 0.634706 0.000000 0.772754 0.616038 0.616038 0.616038
4533.585938 0.000000 973.323486 0.000000 0.979099 0.000000 -0.203383 0.712026 0.712026 0.712026
4480.530273 0.000000 945.743225 0.000000 0.796300 0.000000 0.604901 0.678202 0.678202 0.678202
4532.028809 0.000000 970.289734 0.000000 0.129588 0.000000 0.991568 0.649640 0.649640 0.649640
4535.928223 0.000000 972.241394 0.000000 0.223911 0.000000 0.974610 0.594700 0.594700 0.594700
4516.876465 0.000000 968.981384 0.000000 0.909630 0.000000 0.415420 0.672449 0.672449 0.672449
4482.938965 0.000000 945.246399 0.000000 0.476431 0.000000 0.879212 0.641429 0.641429 0.641429
4518.633301 0.000000 962.376343 0.000000 0.950958 0.000000 0.309321 0.673181 0.673181 0.673181
4500.596191 0.000000 950.467773 0.000000 0.991449 0.000000 -0.130491 0.710611 0.710611 0.710611
4506.886719 0.000000 954.796082 0.000000 0.326396 0.000000 -0.945233 0.831574 0.831574 0.831574
4549.004883 0.000000 953.564270 0.000000 0.988305 0.000000 -0.152492 0.720761 0.720761 0.720761
4356.687500 0.000000 1106.922852 0.000000 0.930928 0.000000 0.365203 0.694773 0.694773 0.694773
4351.768555 0.000000 1100.183472 0.000000 0.435363 0.000000 -0.900255 0.811209 0.811209 0.811209
4396.094727 0.000000 1096.963135 0.000000 0.778252 0.000000 -0.627952 0.767391 0.767391 0.767391
4393.115234 0.000000 1099.519287 0.000000 0.318507 0.000000 -0.947921 0.736601 0.736601 0.736601
4399.107422 0.000000 1097.973267 0.000000 0.785502 0.000000 0.618860 0.644025 0.644025 0.644025
4365.089844 0.000000 1103.952881 0.000000 0.210041 0.000000 0.977692 0.509978 0.509978 0.509978
4397.245605 0.000000 1094.412964 0.000000 0.645616 0.000000 0.763662 0.665984 0.665984 0.665984
4359.428223 0.000000 1106.752441 0.000000 0.907103 0.000000 -0.420909 0.716399 0.716399 0.716399
4366.743164 0.000000 1105.960449 0.000000 0.550266 0.000000 -0.834989 0.770454 0.770454 0.770454
4366.126465 0.000000 1102.118530 0.000000 0.529978 0.000000 -0.848012 0.775003 0.775003 0.775003
4395.261230 0.000000 1099.115479 0.000000 0.856987 0.000000 0.515337 0.612198 0.612198 0.612198
4398.035645 0.000000 1096.276855 0.000000 0.276294 0.000000 0.961073 0.591717 0.591717 0.591717
4373.729492 0.000000 1100.632568 0.000000 0.042726 0.000000 0.999087 0.559002 0.559002 0.559002
4355.244629 0.000000 1102.815308 0.000000 0.954798 0.000000 -0.297257 0.728271 0.728271 0.728271
4360.851074 0.000000 1105.919556 0.000000 0.859421 0.000000 0.511268 0.623471 0.623471 0.623471
4359.158203 0.000000 1104.955200 0.000000 0.976985 0.000000 0.213306 0.668144 0.668144 0.668144
4364.907715 0.000000 1102.556274 0.000000 0.961781 0.000000 0.273821 0.661223 0.661223 0.661223
4394.121582 0.000000 1098.679565 0.000000 0.256244 0.000000 -0.966612 0.912720 0.912720 0.912720
4382.779297 0.000000 1098.749634 0.000000 0.992080 0.000000 0.125607 0.677815 0.677815 0.677815
4428.692383 0.000000 1111.414062 0.000000 0.805786 0.000000 0.592206 0.593670 0.593670 0.593670
4428.643066 0.000000 1130.665405 0.000000 0.025110 0.000000 0.999685 0.572503 0.572503 0.572503
4424.416992 0.000000 1104.283569 0.000000 0.324973 0.000000 0.945723 0.689600 0.689600 0.689600
4430.240723 0.000000 1117.843384 0.000000 0.287371 0.000000 -0.957819 0.812680 0.812680 0.812680
4458.116699 0.000000 1117.039795 0.000000 0.625523 0.000000 -0.780206 0.727528 0.727528 0.727528
4428.790527 0.000000 1126.433716 0.000000 0.712537 0.000000 -0.701635 0.808726 0.808726 0.808726
4429.625977 0.000000 1122.804199 0.000000 0.961610 0.000000 0.274421 0.674349 0.674349 0.674349
4478.400879 0.000000 1113.866821 0.000000 0.873002 0.000000 0.487716 0.677207 0.677207 0.677207
4451.350586 0.000000 1129.100220 0.000000 0.653256 0.000000 0.757138 0.654369 0.654369 0.654369
4431.642090 0.000000 1114.943115 0.000000 0.291391 0.000000 -0.956604 0.824789 0.824789 0.824789
4424.596191 0.000000 1101.292236 0.000000 0.975335 0.000000 0.220730 0.690043 0.690043 0.690043
4473.696777 0.000000 1115.987915 0.000000 0.999904 0.000000 -0.013881 0.701067 0.701067 0.701067
4429.195312 0.000000 1120.239868 0.000000 0.857822 0.000000 0.513947 0.678115 0.678115 0.678115
4425.962402 0.000000 1107.048706 0.000000 0.720073 0.000000 -0.693898 0.756825 0.756825 0.756825
4430.013672 0.000000 1113.360962 0.000000 0.929085 0.000000 0.369866 0.662922 0.662922 0.662922
4430.637207 0.000000 1110.155029 0.000000 0.282496 0.000000 -0.959268 0.814923 0.814923 0.814923
4475.805664 0.000000 1114.847900 0.000000 0.386048 0.000000 -0.922478 0.824789 0.824789 0.824789
4456.700195 0.000000 1118.681396 0.000000 0.976620 0.000000 0.214973 0.681220 0.681220 0.681220
4428.156738 0.000000 1124.324463 0.000000 0.679314 0.000000 -0.733847 0.819804 0.819804 0.819804
4431.761719 0.000000 1122.869629 0.000000 0.738867 0.000000 0.673851 0.622469 0.622469 0.622469
4429.821289 0.000000 1115.870483 0.000000 0.716313 0.000000 -0.697779 0.762624 0.762624 0.762624
4451.343750 0.000000 1131.524536 0.000000 0.647485 0.000000 0.762078 0.615199 0.615199 0.615199
4457.296387 0.000000 1115.292725 0.000000 0.998323 0.000000 -0.057894 0.708908 0.708908 0.708908
4431.837891 0.000000 1116.891724 0.000000 0.373667 0.000000 -0.927563 0.804623 0.804623 0.804623
4430.702637 0.000000 1121.260864 0.000000 0.066352 0.000000 0.997796 0.592734 0.592734 0.592734
4458.786621 0.000000 1119.048584 0.000000 0.919405 0.000000 0.393311 0.660440 0.660440 0.660440
4459.061035 0.000000 1114.983887 0.000000 0.064055 0.000000 0.997946 0.497779 0.497779 0.497779
4428.331055 0.000000 1112.915283 0.000000 0.176607 0.000000 0.984281 0.542223 0.542223 0.542223
4427.262207 0.000000 1107.604614 0.000000 0.269528 0.000000 -0.962993 0.857865 0.857865 0.857865
4428.964844 0.000000 1127.837036 0.000000 0.633894 0.000000 -0.773420 0.823620 0.823620 0.823620
4428.900879 0.000000 1129.335327 0.000000 0.205995 0.000000 -0.978553 0.934439 0.934439 0.934439
4456.875977 0.000000 1116.555298 0.000000 0.472675 0.000000 0.881237 0.525098 0.525098 0.525098
4476.618652 0.000000 1115.745850 0.000000 0.993489 0.000000 0.113925 0.679409 0.679409 0.679409
4499.283691 0.000000 1062.576660 0.000000 0.736162 0.000000 0.676805 0.665702 0.665702 0.665702
4496.519531 0.000000 1077.689697 0.000000 0.598418 0.000000 -0.801184 0.810431 0.810431 0.810431
4509.588379 0.000000 1076.638184 0.000000 0.444543 0.000000 0.895758 0.664303 0.664303 0.664303
4503.674805 0.000000 1085.513184 0.000000 0.999998 0.000000 -0.002207 0.700086 0.700086 0.700086
4503.373535 0.000000 1060.584717 0.000000 0.157434 0.000000 -0.987530 1.012059 1.012059 1.012059
4509.717285 0.000000 1080.811523 0.000000 0.555638 0.000000 0.831425 0.573736 0.573736 0.573736
4501.711426 0.000000 1069.046509 0.000000 0.189577 0.000000 0.981866 0.651764 0.651764 0.651764
4493.268555 0.000000 1086.258789 0.000000 0.964993 0.000000 0.262277 0.681449 0.681449 0.681449
4499.770020 0.000000 1065.169189 0.000000 0.927917 0.000000 -0.372786 0.763021 0.763021 0.763021
4502.660645 0.000000 1083.292114 0.000000 0.343541 0.000000 0.939138 0.582300 0.582300 0.582300
4499.505859 0.000000 1069.763184 0.000000 0.780811 0.000000 -0.624767 0.742456 0.742456 0.742456
4495.071777 0.000000 1079.399902 0.000000 0.996573 0.000000 -0.082724 0.704747 0.704747 0.704747
4495.332520 0.000000 1086.184570 0.000000 0.749012 0.000000 -0.662557 0.823527 0.823527 0.823527
4497.101562 0.000000 1079.678345 0.000000 0.189159 0.000000 -0.981947 0.788781 0.788781 0.788781
4494.350098 0.000000 1077.480347 0.000000 0.139328 0.000000 -0.990246 0.788029 0.788029 0.788029
4508.905273 0.000000 1079.039795 0.000000 0.389091 0.000000 -0.921199 0.847361 0.847361 0.847361
4508.338867 0.000000 1081.970703 0.000000 0.495797 0.000000 -0.868438 0.835316 0.835316 0.835316
4498.092773 0.000000 1064.501831 0.000000 0.743050 0.000000 0.669236 0.579046 0.579046 0.579046
4502.945801 0.000000 1061.984619 0.000000 0.986559 0.000000 0.163404 0.663742 0.663742 0.663742
4508.392578 0.000000 1080.382812 0.000000 0.636612 0.000000 -0.771184 0.813277 0.813277 0.813277
4508.690430 0.000000 1119.398071 0.000000 0.800231 0.000000 -0.599691 0.711689 0.711689 0.711689
4513.835938 0.000000 1120.642944 0.000000 0.956284 0.000000 -0.292440 0.709543 0.709543 0.709543
4495.427246 0.000000 1088.297607 0.000000 0.821208 0.000000 -0.570629 0.784052 0.784052 0.784052
4484.528809 0.000000 1101.821411 0.000000 0.078630 0.000000 0.996904 0.334944 0.334944 0.334944
4517.681152 0.000000 1127.022339 0.000000 0.848943 0.000000 -0.528484 0.707006 0.707006 0.707006
4487.104980 0.000000 1098.585815 0.000000 0.536666 0.000000 0.843795 0.684555 0.684555 0.684555
4508.444824 0.000000 1115.517822 0.000000 0.877653 0.000000 -0.479296 0.745424 0.745424 0.745424
4506.443359 0.000000 1113.102783 0.000000 0.793645 0.000000 0.608381 0.592105 0.592105 0.592105
4483.563965 0.000000 1104.374268 0.000000 0.155074 0.000000 -0.987903 0.789028 0.789028 0.789028
4503.460449 0.000000 1105.177368 0.000000 0.682574 0.000000 -0.730816 0.775619 0.775619 0.775619
4518.428223 0.000000 1129.412231 0.000000 0.967954 0.000000 -0.251129 0.728037 0.728037 0.728037
4485.958008 0.000000 1103.838257 0.000000 0.951886 0.000000 -0.306451 0.743545 0.743545 0.743545
4493.170898 0.000000 1087.290283 0.000000 0.462707 0.000000 -0.886511 0.776177 0.776177 0.776177
4526.263184 0.000000 1129.356445 0.000000 0.228593 0.000000 -0.973522 0.761830 0.761830 0.761830
4484.754395 0.000000 1099.431641 0.000000 0.998898 0.000000 -0.046937 0.702888 0.702888 0.702888
4520.247559 0.000000 1127.775879 0.000000 0.996698 0.000000 -0.081197 0.705682 0.705682 0.705682
4522.936035 0.000000 1127.493286 0.000000 0.680226 0.000000 0.733002 0.633287 0.633287 0.633287
4509.833008 0.000000 1117.419067 0.000000 0.963544 0.000000 0.267550 0.670464 0.670464 0.670464
4492.392090 0.000000 1094.810913 0.000000 0.190162 0.000000 0.981753 0.574642 0.574642 0.574642
4511.786621 0.000000 1119.331421 0.000000 0.994816 0.000000 0.101687 0.665252 0.665252 0.665252
4495.363770 0.000000 1090.854858 0.000000 0.661972 0.000000 -0.749529 0.761602 0.761602 0.761602
4479.550781 0.000000 1115.028931 0.000000 0.314589 0.000000 -0.949228 0.838144 0.838144 0.838144
4492.711914 0.000000 1096.945801 0.000000 0.971174 0.000000 -0.238371 0.730285 0.730285 0.730285
4485.934570 0.000000 1105.714722 0.000000 0.610545 0.000000 0.791982 0.569654 0.569654 0.569654
4508.096680 0.000000 1117.379761 0.000000 0.105064 0.000000 0.994465 0.540184 0.540184 0.540184
4504.601562 0.000000 1102.648926 0.000000 0.621554 0.000000 -0.783371 0.852261 0.852261 0.852261
4488.659668 0.000000 1099.364258 0.000000 0.136261 0.000000 -0.990673 0.854384 0.854384 0.854384
4494.812012 0.000000 1086.686279 0.000000 0.995423 0.000000 0.095567 0.683675 0.683675 0.683675
4483.283691 0.000000 1100.698608 0.000000 0.359978 0.000000 -0.932961 0.884937 0.884937 0.884937
4521.683105 0.000000 1128.587402 0.000000 0.438403 0.000000 -0.898778 0.810874 0.810874 0.810874
4482.104004 0.000000 1109.646484 0.000000 0.268733 0.000000 -0.963215 0.885201 0.885201 0.885201
4510.258789 0.000000 1119.765259 0.000000 0.054796 0.000000 -0.998498 1.217141 1.217141 1.217141
4494.064941 0.000000 1089.135742 0.000000 0.979017 0.000000 0.203779 0.671596 0.671596 0.671596
4493.331055 0.000000 1105.409424 0.000000 0.472954 0.000000 -0.881087 0.889924 0.889924 0.889924
4524.286133 0.000000 1128.163818 0.000000 0.622300 0.000000 -0.782779 0.831988 0.831988 0.831988
4483.254883 0.000000 1106.769043 0.000000 0.277197 0.000000 -0.960813 0.929031 0.929031 0.929031
4484.586426 0.000000 1103.370117 0.000000 0.848673 0.000000 -0.528919 0.777918 0.777918 0.777918
4484.521484 0.000000 1105.440674 0.000000 0.970981 0.000000 -0.239157 0.734438 0.734438 0.734438
4485.763184 0.000000 1102.454102 0.000000 0.515254 0.000000 0.857038 0.556070 0.556070 0.556070
4510.963379 0.000000 1118.187378 0.000000 0.650648 0.000000 -0.759380 0.994175 0.994175 0.994175
4492.068359 0.000000 1105.061646 0.000000 0.635736 0.000000 -0.771907 0.855341 0.855341 0.855341
4507.911621 0.000000 1112.941772 0.000000 0.965832 0.000000 -0.259169 0.743249 0.743249 0.743249
4505.954590 0.000000 1102.690063 0.000000 0.871319 0.000000 -0.490718 0.786768 0.786768 0.786768
4482.401367 0.000000 1108.414795 0.000000 0.157751 0.000000 -0.987479 0.901410 0.901410 0.901410
4485.154297 0.000000 1100.647461 0.000000 0.841718 0.000000 0.539918 0.560460 0.560460 0.560460
4494.268066 0.000000 1087.845093 0.000000 0.155943 0.000000 -0.987766 0.941214 0.941214 0.941214
4483.777344 0.000000 1107.825073 0.000000 0.318849 0.000000 0.947805 0.478717 0.478717 0.478717
4645.673828 0.000000 770.183838 0.000000 0.260565 0.000000 -0.965456 0.789549 0.789549 0.789549
4642.854980 0.000000 771.929810 0.000000 0.562413 0.000000 0.826857 0.659170 0.659170 0.659170
4637.090820 0.000000 770.679077 0.000000 0.808040 0.000000 0.589128 0.544987 0.544987 0.544987
4731.912109 0.000000 763.766968 0.000000 0.430150 0.000000 -0.902757 0.728339 0.728339 0.728339
4733.504395 0.000000 760.033325 0.000000 0.730652 0.000000 -0.682750 0.831334 0.831334 0.831334
4703.792480 0.000000 763.970459 0.000000 0.895944 0.000000 -0.444167 0.736033 0.736033 0.736033
4732.103516 0.000000 758.226685 0.000000 0.903356 0.000000 -0.428891 0.734704 0.734704 0.734704
4702.810059 0.000000 762.190979 0.000000 0.996704 0.000000 0.081130 0.693641 0.693641 0.693641
4702.921875 0.000000 765.442261 0.000000 0.144016 0.000000 0.989575 0.564406 0.564406 0.564406
4733.556152 0.000000 761.328613 0.000000 0.495937 0.000000 -0.868358 0.883825 0.883825 0.883825
4732.574707 0.000000 760.735474 0.000000 0.350633 0.000000 -0.936513 0.911903 0.911903 0.911903
4735.721680 0.000000 759.929260 0.000000 0.558539 0.000000 0.829478 0.646666 0.646666 0.646666
4774.134766 0.000000 756.762390 0.000000 0.921919 0.000000 -0.387382 0.710010 0.710010 0.710010
4776.333496 0.000000 755.909973 0.000000 0.603694 0.000000 0.797216 0.542626 0.542626 0.542626
4831.729004 0.000000 760.356201 0.000000 0.992849 0.000000 0.119373 0.688624 0.688624 0.688624
4836.402832 0.000000 785.103394 0.000000 0.916263 0.000000 0.400578 0.649870 0.649870 0.649870
4824.769531 0.000000 784.776428 0.000000 0.446418 0.000000 0.894824 0.653527 0.653527 0.653527
4829.711914 0.000000 775.560730 0.000000 0.992662 0.000000 -0.120924 0.709152 0.709152 0.709152
4815.388184 0.000000 757.602295 0.000000 0.601624 0.000000 -0.798780 0.741395 0.741395 0.741395
4831.776855 0.000000 763.970459 0.000000 0.324463 0.000000 0.945899 0.644509 0.644509 0.644509
4813.967285 0.000000 762.514343 0.000000 0.831133 0.000000 0.556074 0.606021 0.606021 0.606021
4827.744629 0.000000 774.434631 0.000000 0.999638 0.000000 0.026922 0.697817 0.697817 0.697817
4844.049316 0.000000 781.489258 0.000000 0.281009 0.000000 0.959705 0.471674 0.471674 0.471674
4826.553711 0.000000 785.311279 0.000000 0.540186 0.000000 0.841546 0.578351 0.578351 0.578351
4845.384766 0.000000 780.738831 0.000000 0.002707 0.000000 0.999996 0.421579 0.421579 0.421579
4814.025879 0.000000 758.440369 0.000000 0.191018 0.000000 -0.981586 0.917793 0.917793 0.917793
4813.732910 0.000000 763.874268 0.000000 0.481984 0.000000 0.876180 0.529802 0.529802 0.529802
4812.664551 0.000000 762.795959 0.000000 0.446833 0.000000 0.894617 0.523475 0.523475 0.523475
4815.793945 0.000000 758.963562 0.000000 0.220746 0.000000 -0.975331 0.912993 0.912993 0.912993
4844.249023 0.000000 780.224243 0.000000 0.894047 0.000000 0.447974 0.617526 0.617526 0.617526
4762.592773 0.000000 826.776489 0.000000 0.657018 0.000000 -0.753875 0.701194 0.701194 0.701194
4767.913086 0.000000 817.877869 0.000000 0.748217 0.000000 0.663454 0.695943 0.695943 0.695943
4769.874512 0.000000 825.064880 0.000000 0.824286 0.000000 -0.566174 0.703366 0.703366 0.703366
4786.944336 0.000000 834.055603 0.000000 0.511516 0.000000 0.859274 0.686991 0.686991 0.686991
4767.166016 0.000000 829.899048 0.000000 0.773500 0.000000 -0.633796 0.705758 0.705758 0.705758
4766.409668 0.000000 826.350586 0.000000 0.094682 0.000000 -0.995508 0.747461 0.747461 0.747461
4784.656250 0.000000 836.847290 0.000000 0.956627 0.000000 -0.291315 0.706199 0.706199 0.706199
4753.226562 0.000000 848.781555 0.000000 0.584326 0.000000 0.811519 0.677499 0.677499 0.677499
4757.604980 0.000000 826.427490 0.000000 0.996056 0.000000 -0.088731 0.704472 0.704472 0.704472
4826.584961 0.000000 826.776489 0.000000 0.971584 0.000000 -0.236694 0.711693 0.711693 0.711693
4858.471191 0.000000 848.995056 0.000000 0.925712 0.000000 0.378230 0.652279 0.652279 0.652279
4831.158203 0.000000 829.899048 0.000000 0.718815 0.000000 -0.695201 0.733316 0.733316 0.733316
4854.899414 0.000000 844.737976 0.000000 0.211760 0.000000 -0.977322 0.715182 0.715182 0.715182
4854.182129 0.000000 849.689941 0.000000 0.105911 0.000000 0.994376 0.679523 0.679523 0.679523
4816.568359 0.000000 837.555786 0.000000 0.359164 0.000000 -0.933274 0.814408 0.814408 0.814408
4839.377441 0.000000 831.265198 0.000000 0.368746 0.000000 0.929530 0.563217 0.563217 0.563217
4826.404297 0.000000 829.649597 0.000000 0.995057 0.000000 -0.099306 0.711682 0.711682 0.711682
4833.645020 0.000000 831.504333 0.000000 0.998133 0.000000 0.061085 0.696924 0.696924 0.696924
4862.641602 0.000000 848.920044 0.000000 0.071449 0.000000 0.997444 0.456852 0.456852 0.456852
4860.537598 0.000000 848.724609 0.000000 0.190468 0.000000 0.981693 0.487903 0.487903 0.487903
4827.321777 0.000000 828.232666 0.000000 0.218498 0.000000 0.975837 0.541398 0.541398 0.541398
4861.430176 0.000000 849.831055 0.000000 0.787165 0.000000 -0.616742 0.802207 0.802207 0.802207
4755.681641 0.000000 850.474182 0.000000 0.582625 0.000000 0.812741 0.696020 0.696020 0.696020
4798.942383 0.000000 885.610718 0.000000 0.994950 0.000000 0.100375 0.697610 0.697610 0.697610
4798.649414 0.000000 896.162231 0.000000 0.423165 0.000000 -0.906052 0.753897 0.753897 0.753897
4799.156738 0.000000 894.225464 0.000000 0.775121 0.000000 0.631812 0.604388 0.604388 0.604388
4800.612305 0.000000 897.309814 0.000000 0.939116 0.000000 0.343600 0.690683 0.690683 0.690683
4800.432129 0.000000 873.280579 0.000000 0.531301 0.000000 0.847183 0.647720 0.647720 0.647720
4800.688965 0.000000 883.524719 0.000000 0.989054 0.000000 0.147552 0.696066 0.696066 0.696066
4801.107422 0.000000 894.738098 0.000000 0.233718 0.000000 0.972304 0.640279 0.640279 0.640279
4799.450684 0.000000 875.226990 0.000000 0.974665 0.000000 -0.223671 0.713246 0.713246 0.713246
4799.437988 0.000000 895.662842 0.000000 0.808394 0.000000 0.588642 0.612009 0.612009 0.612009
4801.683105 0.000000 885.230835 0.000000 0.883964 0.000000 0.467555 0.606134 0.606134 0.606134
4801.109375 0.000000 875.714539 0.000000 0.661528 0.000000 -0.749921 0.819733 0.819733 0.819733
4799.814453 0.000000 894.066895 0.000000 0.110446 0.000000 -0.993882 0.904135 0.904135 0.904135
4801.167969 0.000000 874.397705 0.000000 0.996332 0.000000 -0.085577 0.712099 0.712099 0.712099
4767.913086 0.000000 912.362244 0.000000 0.977369 0.000000 -0.211542 0.702682 0.702682 0.702682
4769.358398 0.000000 943.089844 0.000000 0.996670 0.000000 -0.081540 0.702853 0.702853 0.702853
4765.557129 0.000000 934.911560 0.000000 0.887034 0.000000 -0.461705 0.720129 0.720129 0.720129
4768.290527 0.000000 940.354614 0.000000 0.911576 0.000000 0.411132 0.653204 0.653204 0.653204
4766.946777 0.000000 932.338745 0.000000 0.989581 0.000000 0.143980 0.677982 0.677982 0.677982
4769.652832 0.000000 925.988708 0.000000 0.422391 0.000000 -0.906414 0.742833 0.742833 0.742833
4766.765137 0.000000 936.946411 0.000000 0.594288 0.000000 -0.804252 0.845008 0.845008 0.845008
4771.840820 0.000000 918.284302 0.000000 0.973249 0.000000 -0.229754 0.725604 0.725604 0.725604
4764.923828 0.000000 932.619263 0.000000 0.282638 0.000000 0.959227 0.617408 0.617408 0.617408
4771.304688 0.000000 942.555725 0.000000 0.413569 0.000000 -0.910473 0.891998 0.891998 0.891998
4771.681641 0.000000 925.087219 0.000000 0.036521 0.000000 -0.999333 0.858731 0.858731 0.858731
4770.080078 0.000000 917.586426 0.000000 0.061218 0.000000 -0.998124 0.856172 0.856172 0.856172
4764.874023 0.000000 937.313232 0.000000 0.410267 0.000000 0.911966 0.608512 0.608512 0.608512
4769.936523 0.000000 941.329895 0.000000 0.991452 0.000000 0.130473 0.685548 0.685548 0.685548
4769.051758 0.000000 913.890869 0.000000 0.853229 0.000000 0.521537 0.655511 0.655511 0.655511
4769.757812 0.000000 912.216919 0.000000 0.352485 0.000000 -0.935817 0.798163 0.798163 0.798163
4770.703125 0.000000 927.387878 0.000000 0.257616 0.000000 -0.966247 0.835554 0.835554 0.835554
4794.291016 0.000000 902.592041 0.000000 0.810772 0.000000 0.585363 0.585473 0.585473 0.585473
4904.804688 0.000000 774.884399 0.000000 0.571506 0.000000 0.820598 0.640795 0.640795 0.640795
4874.218262 0.000000 792.761658 0.000000 0.442353 0.000000 0.896841 0.600451 0.600451 0.600451
4904.230469 0.000000 765.277161 0.000000 0.957577 0.000000 -0.288177 0.713078 0.713078 0.713078
4884.737305 0.000000 763.532959 0.000000 0.998310 0.000000 -0.058120 0.703008 0.703008 0.703008
4893.541504 0.000000 793.184998 0.000000 0.156888 0.000000 -0.987616 0.757299 0.757299 0.757299
4891.658691 0.000000 769.556396 0.000000 0.998140 0.000000 0.060957 0.696760 0.696760 0.696760
4894.394043 0.000000 779.108398 0.000000 0.949324 0.000000 0.314298 0.671840 0.671840 0.671840
4877.571289 0.000000 792.108826 0.000000 0.901875 0.000000 -0.431996 0.762452 0.762452 0.762452
4890.978516 0.000000 791.595276 0.000000 0.916844 0.000000 -0.399245 0.729857 0.729857 0.729857
4886.262695 0.000000 791.221924 0.000000 0.066263 0.000000 -0.997802 0.868270 0.868270 0.868270
4916.286133 0.000000 756.416138 0.000000 0.896611 0.000000 -0.442819 0.741046 0.741046 0.741046
4906.527832 0.000000 764.041260 0.000000 0.149975 0.000000 -0.988690 0.793324 0.793324 0.793324
4899.780273 0.000000 755.930542 0.000000 0.661588 0.000000 -0.749867 0.766380 0.766380 0.766380
4889.390625 0.000000 770.506653 0.000000 0.578207 0.000000 0.815890 0.586599 0.586599 0.586599
4885.852051 0.000000 765.529846 0.000000 0.677281 0.000000 0.735724 0.622559 0.622559 0.622559
4902.797363 0.000000 775.614563 0.000000 0.888512 0.000000 0.458852 0.640685 0.640685 0.640685
4876.102051 0.000000 793.629089 0.000000 0.771307 0.000000 -0.636463 0.796453 0.796453 0.796453
4892.908203 0.000000 790.892700 0.000000 0.672254 0.000000 -0.740320 0.771087 0.771087 0.771087
4898.766602 0.000000 773.689697 0.000000 0.921019 0.000000 -0.389518 0.758735 0.758735 0.758735
4890.441895 0.000000 757.248535 0.000000 0.988598 0.000000 -0.150582 0.721133 0.721133 0.721133
4888.554688 0.000000 771.953491 0.000000 0.104341 0.000000 0.994542 0.525755 0.525755 0.525755
4914.823730 0.000000 757.270996 0.000000 0.997696 0.000000 0.067846 0.692881 0.692881 0.692881
4887.726562 0.000000 790.709534 0.000000 0.444151 0.000000 0.895952 0.575788 0.575788 0.575788
4903.517090 0.000000 774.416504 0.000000 0.993146 0.000000 0.116882 0.685423 0.685423 0.685423
4899.768555 0.000000 772.925110 0.000000 0.344466 0.000000 -0.938799 0.878964 0.878964 0.878964
4973.066406 0.000000 756.747803 0.000000 0.020388 0.000000 0.999792 0.684827 0.684827 0.684827
4961.851074 0.000000 777.822693 0.000000 0.650763 0.000000 -0.759281 0.753039 0.753039 0.753039
4957.074707 0.000000 765.714355 0.000000 0.986550 0.000000 0.163461 0.695868 0.695868 0.695868
4977.524902 0.000000 756.030945 0.000000 0.836167 0.000000 0.548475 0.621272 0.621272 0.621272
4975.762695 0.000000 760.069031 0.000000 0.680256 0.000000 0.732975 0.686198 0.686198 0.686198
4975.425293 0.000000 757.550110 0.000000 0.819282 0.000000 0.573391 0.634264 0.634264 0.634264
4960.162109 0.000000 778.590210 0.000000 0.996615 0.000000 -0.082210 0.708285 0.708285 0.708285
4958.890625 0.000000 765.442261 0.000000 0.996848 0.000000 -0.079330 0.709770 0.709770 0.709770
4977.088867 0.000000 757.673767 0.000000 0.888277 0.000000 -0.459308 0.764717 0.764717 0.764717
4976.155273 0.000000 756.351624 0.000000 0.999512 0.000000 -0.031230 0.704236 0.704236 0.704236
4883.236816 0.000000 826.365723 0.000000 0.541609 0.000000 -0.840631 0.779566 0.779566 0.779566
4870.227051 0.000000 846.878967 0.000000 0.653522 0.000000 0.756907 0.677194 0.677194 0.677194
4923.079102 0.000000 837.441772 0.000000 0.550995 0.000000 -0.834509 0.751068 0.751068 0.751068
4898.898926 0.000000 828.777893 0.000000 0.719223 0.000000 0.694779 0.677449 0.677449 0.677449
4874.369141 0.000000 833.553711 0.000000 0.250789 0.000000 0.968042 0.657641 0.657641 0.657641
4883.723145 0.000000 828.958191 0.000000 0.548417 0.000000 0.836205 0.637696 0.637696 0.637696
4896.618164 0.000000 827.685913 0.000000 0.803719 0.000000 -0.595009 0.743657 0.743657 0.743657
4922.133789 0.000000 835.047058 0.000000 0.301569 0.000000 0.953444 0.641663 0.641663 0.641663
4885.589355 0.000000 826.427490 0.000000 0.752628 0.000000 0.658446 0.612577 0.612577 0.612577
4877.766602 0.000000 832.417297 0.000000 0.770238 0.000000 0.637756 0.634252 0.634252 0.634252
4898.840332 0.000000 826.824463 0.000000 0.322867 0.000000 -0.946444 0.778140 0.778140 0.778140
4905.241699 0.000000 831.839539 0.000000 0.098640 0.000000 0.995123 0.444814 0.444814 0.444814
4863.430176 0.000000 848.420654 0.000000 0.890234 0.000000 0.455503 0.623301 0.623301 0.623301
4876.106934 0.000000 833.077026 0.000000 0.983278 0.000000 -0.182111 0.717410 0.717410 0.717410
4926.322754 0.000000 828.730469 0.000000 0.752730 0.000000 -0.658329 0.813525 0.813525 0.813525
4863.419434 0.000000 849.663696 0.000000 0.224065 0.000000 0.974574 0.481904 0.481904 0.481904
4904.522949 0.000000 830.807617 0.000000 0.710609 0.000000 -0.703587 0.835296 0.835296 0.835296
4982.308594 0.000000 815.070679 0.000000 0.348154 0.000000 -0.937438 0.705097 0.705097 0.705097
4954.569336 0.000000 826.776489 0.000000 0.587871 0.000000 -0.808955 0.754017 0.754017 0.754017
4940.629883 0.000000 827.960938 0.000000 0.203958 0.000000 0.978980 0.656095 0.656095 0.656095
4988.776855 0.000000 803.319824 0.000000 0.908624 0.000000 -0.417615 0.708432 0.708432 0.708432
4982.520996 0.000000 828.214172 0.000000 0.248480 0.000000 -0.968637 0.711070 0.711070 0.711070
4987.880859 0.000000 811.009155 0.000000 0.928821 0.000000 -0.370528 0.702123 0.702123 0.702123
4988.183105 0.000000 833.605774 0.000000 0.197428 0.000000 -0.980317 0.717264 0.717264 0.717264
4947.229004 0.000000 826.365723 0.000000 0.967905 0.000000 -0.251315 0.714562 0.714562 0.714562
4983.090332 0.000000 810.517578 0.000000 0.285701 0.000000 -0.958319 0.734029 0.734029 0.734029
4985.746094 0.000000 806.756714 0.000000 0.914961 0.000000 -0.403541 0.713938 0.713938 0.713938
4986.231934 0.000000 829.819275 0.000000 0.007712 0.000000 0.999970 0.638812 0.638812 0.638812
4945.397461 0.000000 834.377808 0.000000 0.984511 0.000000 -0.175323 0.720696 0.720696 0.720696
4954.388672 0.000000 829.649597 0.000000 0.521380 0.000000 -0.853325 0.832924 0.832924 0.832924
4949.581543 0.000000 826.427490 0.000000 0.600600 0.000000 0.799550 0.582121 0.582121 0.582121
4938.702148 0.000000 829.596130 0.000000 0.289758 0.000000 -0.957100 0.789254 0.789254 0.789254
4955.306152 0.000000 828.232666 0.000000 0.534832 0.000000 -0.844959 0.830864 0.830864 0.830864
4945.200684 0.000000 835.846191 0.000000 0.777743 0.000000 -0.628583 0.779826 0.779826 0.779826
4927.401367 0.000000 829.420776 0.000000 0.935029 0.000000 0.354572 0.642739 0.642739 0.642739
5008.927734 0.000000 767.662720 0.000000 0.974635 0.000000 -0.223802 0.705996 0.705996 0.705996
5003.432617 0.000000 762.179443 0.000000 0.227940 0.000000 0.973675 0.677505 0.677505 0.677505
4999.007812 0.000000 790.944946 0.000000 0.940523 0.000000 0.339729 0.687400 0.687400 0.687400
4996.770020 0.000000 793.031555 0.000000 0.999456 0.000000 0.032985 0.699031 0.699031 0.699031
5101.050781 0.000000 756.747803 0.000000 0.693225 0.000000 -0.720721 0.711252 0.711252 0.711252
5118.601562 0.000000 757.733093 0.000000 0.512952 0.000000 0.858417 0.659595 0.659595 0.659595
5098.625977 0.000000 756.032715 0.000000 0.478665 0.000000 -0.877998 0.756934 0.756934 0.756934
5094.562988 0.000000 773.407593 0.000000 0.270926 0.000000 0.962600 0.513311 0.513311 0.513311
5092.840332 0.000000 772.347473 0.000000 0.934415 0.000000 -0.356186 0.756516 0.756516 0.756516
5118.750977 0.000000 759.120056 0.000000 0.433553 0.000000 -0.901128 0.833377 0.833377 0.833377
5107.051758 0.000000 755.918274 0.000000 0.790761 0.000000 0.612125 0.577511 0.577511 0.577511
4919.591797 0.000000 886.552307 0.000000 0.822084 0.000000 -0.569366 0.711856 0.711856 0.711856
4913.649902 0.000000 894.395996 0.000000 0.966943 0.000000 0.254991 0.674046 0.674046 0.674046
4869.856445 0.000000 850.603455 0.000000 0.970160 0.000000 -0.242464 0.703081 0.703081 0.703081
4905.382324 0.000000 889.466980 0.000000 0.873905 0.000000 -0.486097 0.721291 0.721291 0.721291
4923.079102 0.000000 884.683960 0.000000 0.204161 0.000000 0.978937 0.608386 0.608386 0.608386
4871.023438 0.000000 885.429321 0.000000 0.638943 0.000000 -0.769254 0.746628 0.746628 0.746628
4918.391113 0.000000 884.078247 0.000000 0.202155 0.000000 -0.979353 0.816601 0.816601 0.816601
4910.396484 0.000000 874.096741 0.000000 0.501546 0.000000 -0.865131 0.748231 0.748231 0.748231
4905.022949 0.000000 886.870972 0.000000 0.985440 0.000000 -0.170022 0.714093 0.714093 0.714093
4878.891113 0.000000 895.176453 0.000000 0.961028 0.000000 -0.276451 0.741901 0.741901 0.741901
4871.817383 0.000000 887.722900 0.000000 0.726936 0.000000 -0.686705 0.838632 0.838632 0.838632
4912.362793 0.000000 875.706177 0.000000 0.105750 0.000000 -0.994393 0.898652 0.898652 0.898652
4869.933594 0.000000 883.444580 0.000000 0.884884 0.000000 0.465812 0.674257 0.674257 0.674257
4911.647461 0.000000 894.687988 0.000000 0.452925 0.000000 -0.891549 0.773869 0.773869 0.773869
4917.758789 0.000000 885.902161 0.000000 0.119035 0.000000 0.992890 0.543747 0.543747 0.543747
4870.308105 0.000000 886.880371 0.000000 0.666049 0.000000 -0.745908 0.854191 0.854191 0.854191
4870.345703 0.000000 888.470154 0.000000 0.564056 0.000000 -0.825737 0.862988 0.862988 0.862988
4877.565918 0.000000 895.832642 0.000000 0.999248 0.000000 0.038762 0.694579 0.694579 0.694579
4877.856445 0.000000 894.225342 0.000000 0.671224 0.000000 -0.741254 0.816730 0.816730 0.816730
4879.899902 0.000000 895.993347 0.000000 0.849156 0.000000 0.528142 0.616765 0.616765 0.616765
4901.642578 0.000000 911.910400 0.000000 0.724651 0.000000 0.689116 0.627722 0.627722 0.627722
4898.542969 0.000000 907.292603 0.000000 0.440595 0.000000 0.897706 0.654812 0.654812 0.654812
4926.926758 0.000000 932.852905 0.000000 0.763024 0.000000 -0.646370 0.758955 0.758955 0.758955
4913.532715 0.000000 897.757507 0.000000 0.912858 0.000000 -0.408277 0.708820 0.708820 0.708820
4883.842773 0.000000 901.486694 0.000000 0.467774 0.000000 -0.883848 0.834883 0.834883 0.834883
4901.439453 0.000000 908.625427 0.000000 0.976074 0.000000 0.217439 0.686517 0.686517 0.686517
4911.349121 0.000000 913.300720 0.000000 0.891466 0.000000 -0.453088 0.755222 0.755222 0.755222
4904.287109 0.000000 913.544617 0.000000 0.862138 0.000000 -0.506674 0.737884 0.737884 0.737884
4926.241699 0.000000 930.091919 0.000000 0.014329 0.000000 0.999897 0.652127 0.652127 0.652127
4882.855957 0.000000 903.774780 0.000000 1.000000 0.000000 -0.000967 0.700120 0.700120 0.700120
4885.450684 0.000000 899.589966 0.000000 0.950607 0.000000 -0.310399 0.717650 0.717650 0.717650
4882.517090 0.000000 899.731445 0.000000 0.788529 0.000000 -0.614997 0.788901 0.788901 0.788901
4902.941406 0.000000 910.193481 0.000000 0.303748 0.000000 -0.952753 0.788230 0.788230 0.788230
4899.539551 0.000000 908.907349 0.000000 0.574233 0.000000 0.818692 0.619544 0.619544 0.619544
4900.604980 0.000000 910.464050 0.000000 0.002754 0.000000 -0.999996 0.849072 0.849072 0.849072
4902.471680 0.000000 913.413574 0.000000 0.980557 0.000000 0.196236 0.671557 0.671557 0.671557
4890.839844 0.000000 907.553894 0.000000 0.281267 0.000000 0.959629 0.538228 0.538228 0.538228
4910.466309 0.000000 929.235718 0.000000 0.993017 0.000000 -0.117975 0.720335 0.720335 0.720335
4883.970703 0.000000 899.216187 0.000000 0.064014 0.000000 0.997949 0.497774 0.497774 0.497774
4910.055176 0.000000 912.420349 0.000000 0.927094 0.000000 0.374829 0.654879 0.654879 0.654879
4882.586914 0.000000 902.082825 0.000000 0.998752 0.000000 -0.049950 0.706218 0.706218 0.706218
4882.438965 0.000000 898.399414 0.000000 0.432038 0.000000 -0.901855 0.850863 0.850863 0.850863
4911.604004 0.000000 928.825134 0.000000 0.736504 0.000000 0.676434 0.572248 0.572248 0.572248
4940.629883 0.000000 922.445312 0.000000 0.679178 0.000000 0.733974 0.695391 0.695391 0.695391
4961.185547 0.000000 937.603638 0.000000 0.949978 0.000000 -0.312316 0.719983 0.719983 0.719983
4953.166504 0.000000 903.163818 0.000000 0.810790 0.000000 -0.585337 0.708742 0.708742 0.708742
4970.054199 0.000000 928.070984 0.000000 0.589187 0.000000 0.807997 0.689478 0.689478 0.689478
4952.753906 0.000000 926.502991 0.000000 0.771187 0.000000 0.636609 0.680704 0.680704 0.680704
4957.696289 0.000000 917.287292 0.000000 0.978225 0.000000 0.207548 0.691231 0.691231 0.691231
4960.033691 0.000000 928.278564 0.000000 0.634270 0.000000 0.773112 0.649344 0.649344 0.649344
4976.632812 0.000000 931.331665 0.000000 0.743550 0.000000 -0.668680 0.745055 0.745055 0.745055
4928.458008 0.000000 933.909973 0.000000 0.986168 0.000000 0.165751 0.688360 0.688360 0.688360
4936.961914 0.000000 901.878357 0.000000 0.833083 0.000000 -0.553148 0.754904 0.754904 0.754904
4928.475586 0.000000 898.501038 0.000000 0.094065 0.000000 0.995566 0.621554 0.621554 0.621554
4981.534668 0.000000 936.401367 0.000000 0.999311 0.000000 -0.037126 0.705607 0.705607 0.705607
4957.240723 0.000000 914.196533 0.000000 0.207170 0.000000 0.978305 0.658105 0.658105 0.658105
4943.579590 0.000000 925.974365 0.000000 0.453228 0.000000 -0.891394 0.879999 0.879999 0.879999
4928.673340 0.000000 930.766907 0.000000 0.438633 0.000000 0.898667 0.665653 0.665653 0.665653
4954.764160 0.000000 938.585327 0.000000 0.963119 0.000000 -0.269074 0.715997 0.715997 0.715997
4962.841797 0.000000 929.177429 0.000000 0.777516 0.000000 0.628863 0.627738 0.627738 0.627738
4958.741699 0.000000 936.946411 0.000000 0.649730 0.000000 -0.760165 0.889550 0.889550 0.889550
4957.690430 0.000000 941.387573 0.000000 0.108921 0.000000 0.994050 0.599869 0.599869 0.599869
4971.274902 0.000000 933.407776 0.000000 0.417245 0.000000 0.908794 0.633038 0.633038 0.633038
4946.509277 0.000000 899.731445 0.000000 0.471074 0.000000 0.882094 0.542927 0.542927 0.542927
4941.758789 0.000000 926.901672 0.000000 0.923787 0.000000 0.382906 0.654953 0.654953 0.654953
4978.765625 0.000000 930.750122 0.000000 0.650618 0.000000 0.759405 0.642127 0.642127 0.642127
4929.667480 0.000000 932.473022 0.000000 0.968576 0.000000 0.248717 0.682429 0.682429 0.682429
4943.775391 0.000000 927.922852 0.000000 0.442010 0.000000 -0.897010 0.794915 0.794915 0.794915
4927.429688 0.000000 932.160583 0.000000 0.769922 0.000000 0.638138 0.641946 0.641946 0.641946
4947.793457 0.000000 919.128906 0.000000 0.631770 0.000000 0.775156 0.584677 0.584677 0.584677
4959.430176 0.000000 938.668030 0.000000 0.557253 0.000000 -0.830343 0.789032 0.789032 0.789032
4940.099121 0.000000 927.561401 0.000000 0.252107 0.000000 -0.967699 0.850861 0.850861 0.850861
4970.362305 0.000000 935.235474 0.000000 0.149522 0.000000 0.988758 0.560962 0.560962 0.560962
4951.222168 0.000000 927.451904 0.000000 0.826577 0.000000 -0.562823 0.755160 0.755160 0.755160
4943.513672 0.000000 924.401794 0.000000 0.714572 0.000000 0.699562 0.573266 0.573266 0.573266
4947.962891 0.000000 899.216187 0.000000 0.757716 0.000000 0.652584 0.596623 0.596623 0.596623
4956.337891 0.000000 938.656250 0.000000 0.670944 0.000000 -0.741508 0.813279 0.813279 0.813279
4946.431152 0.000000 898.399414 0.000000 0.244138 0.000000 0.969741 0.507468 0.507468 0.507468
4958.064453 0.000000 937.918579 0.000000 0.960271 0.000000 0.279071 0.637921 0.637921 0.637921
4959.776367 0.000000 937.530396 0.000000 0.417914 0.000000 -0.908487 0.950149 0.950149 0.950149
5102.938477 0.000000 897.541504 0.000000 0.977376 0.000000 -0.211509 0.711620 0.711620 0.711620
5080.120117 0.000000 890.648560 0.000000 0.452611 0.000000 -0.891708 0.809299 0.809299 0.809299
5091.523926 0.000000 891.368713 0.000000 0.348159 0.000000 0.937436 0.523313 0.523313 0.523313
5081.652832 0.000000 890.287903 0.000000 0.976777 0.000000 0.214256 0.678566 0.678566 0.678566
5101.138672 0.000000 896.964355 0.000000 0.143842 0.000000 -0.989601 0.909399 0.909399 0.909399
5090.444824 0.000000 890.569031 0.000000 0.015673 0.000000 0.999877 0.473887 0.473887 0.473887
4994.327148 0.000000 936.671753 0.000000 0.250715 0.000000 -0.968061 0.740519 0.740519 0.740519
4995.031738 0.000000 939.994263 0.000000 0.886510 0.000000 0.462710 0.655612 0.655612 0.655612
5001.506348 0.000000 936.850159 0.000000 0.229170 0.000000 0.973386 0.606359 0.606359 0.606359
5111.568359 0.000000 933.794495 0.000000 0.649528 0.000000 0.760338 0.633577 0.633577 0.633577
5105.626465 0.000000 941.638184 0.000000 0.616381 0.000000 0.787448 0.679719 0.679719 0.679719
5101.251953 0.000000 938.122009 0.000000 0.180881 0.000000 0.983505 0.554365 0.554365 0.554365
5107.448242 0.000000 939.084778 0.000000 0.896205 0.000000 -0.443639 0.733417 0.733417 0.733417
5110.367676 0.000000 931.320435 0.000000 0.998707 0.000000 0.050835 0.694170 0.694170 0.694170
5102.192871 0.000000 940.387573 0.000000 0.689762 0.000000 0.724037 0.663778 0.663778 0.663778
5103.409668 0.000000 899.276672 0.000000 0.687284 0.000000 -0.726388 0.772749 0.772749 0.772749
5105.301270 0.000000 927.077637 0.000000 0.856113 0.000000 0.516788 0.659758 0.659758 0.659758
5107.358887 0.000000 926.416199 0.000000 0.852885 0.000000 -0.522099 0.766814 0.766814 0.766814
5108.492676 0.000000 930.796692 0.000000 0.983192 0.000000 0.182577 0.660469 0.660469 0.660469
5107.191895 0.000000 940.992493 0.000000 0.362438 0.000000 -0.932008 0.804009 0.804009 0.804009
5100.215820 0.000000 939.194946 0.000000 0.944090 0.000000 0.329689 0.664771 0.664771 0.664771
5109.129395 0.000000 931.972412 0.000000 0.626753 0.000000 0.779218 0.507645 0.507645 0.507645
4779.583984 0.000000 950.560791 0.000000 0.274232 0.000000 -0.961664 0.891617 0.891617 0.891617
4791.113770 0.000000 952.244141 0.000000 0.849344 0.000000 -0.527839 0.706997 0.706997 0.706997
4797.099609 0.000000 959.562927 0.000000 0.509432 0.000000 0.860511 0.671024 0.671024 0.671024
4793.538574 0.000000 951.389465 0.000000 0.641025 0.000000 -0.767520 0.775842 0.775842 0.775842
4771.795898 0.000000 944.899292 0.000000 0.887850 0.000000 -0.460134 0.742783 0.742783 0.742783
4792.774414 0.000000 953.031738 0.000000 0.491333 0.000000 0.870972 0.564024 0.564024 0.564024
4781.297852 0.000000 950.864380 0.000000 0.999880 0.000000 0.015462 0.698508 0.698508 0.698508
4798.234375 0.000000 958.512878 0.000000 0.156146 0.000000 -0.987734 0.877919 0.877919 0.877919
4799.063477 0.000000 959.675537 0.000000 0.702839 0.000000 0.711349 0.600419 0.600419 0.600419
4854.899414 0.000000 986.464539 0.000000 0.124640 0.000000 -0.992202 0.776812 0.776812 0.776812
4824.343750 0.000000 987.147766 0.000000 0.572666 0.000000 0.819789 0.565640 0.565640 0.565640
4811.952148 0.000000 973.017029 0.000000 0.750859 0.000000 0.660463 0.625363 0.625363 0.625363
4825.125000 0.000000 989.288452 0.000000 0.939757 0.000000 0.341843 0.679514 0.679514 0.679514
4818.533691 0.000000 978.197144 0.000000 0.001793 0.000000 -0.999998 0.886454 0.886454 0.886454
4810.717773 0.000000 971.322693 0.000000 0.081982 0.000000 -0.996634 0.839449 0.839449 0.839449
4847.116211 0.000000 984.605469 0.000000 0.989159 0.000000 -0.146852 0.723284 0.723284 0.723284
4855.279785 0.000000 984.561584 0.000000 0.718991 0.000000 0.695019 0.608681 0.608681 0.608681
4849.956543 0.000000 985.182556 0.000000 0.991673 0.000000 -0.128783 0.708847 0.708847 0.708847
4810.147461 0.000000 973.360229 0.000000 0.944586 0.000000 0.328263 0.665397 0.665397 0.665397
4853.327148 0.000000 985.548645 0.000000 0.510079 0.000000 -0.860127 0.821609 0.821609 0.821609
4801.119629 0.000000 958.977112 0.000000 0.947328 0.000000 -0.320264 0.748769 0.748769 0.748769
4825.256348 0.000000 986.103760 0.000000 0.605415 0.000000 0.795910 0.571307 0.571307 0.571307
4866.342773 0.000000 983.913940 0.000000 0.977818 0.000000 0.209457 0.699115 0.699115 0.699115
4881.210938 0.000000 990.508118 0.000000 0.770287 0.000000 -0.637697 0.768641 0.768641 0.768641
4883.653809 0.000000 990.657837 0.000000 0.893677 0.000000 0.448710 0.650558 0.650558 0.650558
4866.800293 0.000000 985.496643 0.000000 0.806516 0.000000 -0.591212 0.808776 0.808776 0.808776
4867.601562 0.000000 984.360840 0.000000 0.957905 0.000000 0.287084 0.649928 0.649928 0.649928
4959.889648 0.000000 959.604431 0.000000 0.636947 0.000000 0.770908 0.559704 0.559704 0.559704
4991.171387 0.000000 957.170288 0.000000 0.136330 0.000000 -0.990664 0.912518 0.912518 0.912518
4962.535156 0.000000 954.534790 0.000000 0.980430 0.000000 -0.196870 0.716346 0.716346 0.716346
4948.729492 0.000000 952.501709 0.000000 0.366476 0.000000 -0.930427 0.860464 0.860464 0.860464
4965.431641 0.000000 955.867615 0.000000 0.720265 0.000000 -0.693699 0.748230 0.748230 0.748230
4962.581543 0.000000 957.889038 0.000000 0.710659 0.000000 0.703537 0.646541 0.646541 0.646541
4959.774902 0.000000 956.471130 0.000000 0.739623 0.000000 0.673022 0.666970 0.666970 0.666970
4950.346680 0.000000 950.106567 0.000000 0.998059 0.000000 0.062278 0.696079 0.696079 0.696079
4951.163086 0.000000 952.630798 0.000000 0.431691 0.000000 0.902022 0.619827 0.619827 0.619827
4949.844238 0.000000 954.498596 0.000000 0.992316 0.000000 -0.123732 0.707804 0.707804 0.707804
4987.244629 0.000000 960.630798 0.000000 0.176091 0.000000 0.984374 0.534369 0.534369 0.534369
4951.857910 0.000000 948.651855 0.000000 0.260662 0.000000 -0.965430 0.780405 0.780405 0.780405
4963.531738 0.000000 956.149536 0.000000 0.023154 0.000000 0.999732 0.593978 0.593978 0.593978
4982.666016 0.000000 965.667175 0.000000 0.997251 0.000000 -0.074096 0.706843 0.706843 0.706843
4951.573242 0.000000 955.110107 0.000000 0.604815 0.000000 0.796366 0.575065 0.575065 0.575065
4948.541504 0.000000 950.467773 0.000000 0.955717 0.000000 -0.294288 0.748026 0.748026 0.748026
4986.849609 0.000000 962.367126 0.000000 0.089290 0.000000 -0.996006 0.847047 0.847047 0.847047
4948.187988 0.000000 953.943604 0.000000 0.651708 0.000000 -0.758470 0.815554 0.815554 0.815554
4949.850586 0.000000 951.504883 0.000000 0.643461 0.000000 -0.765478 0.840163 0.840163 0.840163
4949.928711 0.000000 953.120117 0.000000 0.753558 0.000000 0.657382 0.603723 0.603723 0.603723
4959.395996 0.000000 958.337524 0.000000 0.423742 0.000000 0.905783 0.519387 0.519387 0.519387
4893.082520 0.000000 1001.925293 0.000000 0.978402 0.000000 0.206713 0.688356 0.688356 0.688356
4884.781250 0.000000 1030.159180 0.000000 0.838081 0.000000 -0.545547 0.740337 0.740337 0.740337
4892.735840 0.000000 998.251648 0.000000 0.975532 0.000000 0.219859 0.681096 0.681096 0.681096
4901.439453 0.000000 1003.109802 0.000000 0.909676 0.000000 -0.415319 0.726945 0.726945 0.726945
4868.785645 0.000000 1029.242432 0.000000 0.634048 0.000000 0.773294 0.657979 0.657979 0.657979
4883.116211 0.000000 1032.785156 0.000000 0.945512 0.000000 -0.325586 0.714373 0.714373 0.714373
4885.959473 0.000000 1032.826416 0.000000 0.854228 0.000000 0.519899 0.628149 0.628149 0.628149
4887.170898 0.000000 999.872986 0.000000 0.479595 0.000000 0.877490 0.647613 0.647613 0.647613
4871.817383 0.000000 1029.449463 0.000000 0.872839 0.000000 -0.488009 0.729223 0.729223 0.729223
4899.549316 0.000000 1031.546631 0.000000 0.307511 0.000000 -0.951544 0.758049 0.758049 0.758049
4902.941406 0.000000 1004.677856 0.000000 0.999057 0.000000 0.043409 0.697754 0.697754 0.697754
4903.503906 0.000000 1014.905151 0.000000 0.374145 0.000000 -0.927370 0.782998 0.782998 0.782998
4899.539551 0.000000 1003.391724 0.000000 0.345451 0.000000 0.938437 0.493943 0.493943 0.493943
4900.604980 0.000000 1004.948425 0.000000 0.930855 0.000000 0.365388 0.650320 0.650320 0.650320
4889.805664 0.000000 999.309082 0.000000 0.979285 0.000000 0.202486 0.678050 0.678050 0.678050
4872.342285 0.000000 1032.611084 0.000000 0.758045 0.000000 0.652203 0.575837 0.575837 0.575837
4905.159180 0.000000 1015.569702 0.000000 0.268551 0.000000 -0.963265 0.874332 0.874332 0.874332
4899.547363 0.000000 1033.095337 0.000000 0.855757 0.000000 -0.517377 0.799592 0.799592 0.799592
4891.055176 0.000000 998.507568 0.000000 0.984496 0.000000 0.175405 0.674857 0.674857 0.674857
4898.468262 0.000000 1032.295532 0.000000 0.951731 0.000000 0.306934 0.642864 0.642864 0.642864
4873.784668 0.000000 1032.685181 0.000000 0.816930 0.000000 -0.576737 0.807429 0.807429 0.807429
5000.346680 0.000000 962.556946 0.000000 0.210448 0.000000 -0.977605 0.768387 0.768387 0.768387
5019.658691 0.000000 944.963806 0.000000 0.915789 0.000000 0.401660 0.696533 0.696533 0.696533
5028.842285 0.000000 950.358459 0.000000 0.878805 0.000000 0.477181 0.691654 0.691654 0.691654
5028.422852 0.000000 963.244263 0.000000 0.975450 0.000000 -0.220219 0.703415 0.703415 0.703415
5024.025879 0.000000 975.520752 0.000000 0.111178 0.000000 -0.993801 0.889750 0.889750 0.889750
5013.648926 0.000000 974.562073 0.000000 0.629266 0.000000 -0.777190 0.741070 0.741070 0.741070
5020.584473 0.000000 947.937683 0.000000 0.974635 0.000000 -0.223801 0.717987 0.717987 0.717987
5022.330566 0.000000 990.833191 0.000000 0.273231 0.000000 0.961948 0.566122 0.566122 0.566122
5000.525879 0.000000 959.565674 0.000000 0.925954 0.000000 -0.377637 0.735732 0.735732 0.735732
5026.833984 0.000000 976.419617 0.000000 0.965325 0.000000 -0.261053 0.715508 0.715508 0.715508
4998.502930 0.000000 947.744995 0.000000 0.984026 0.000000 -0.178022 0.712011 0.712011 0.712011
5002.735352 0.000000 962.896423 0.000000 0.996783 0.000000 -0.080151 0.711554 0.711554 0.711554
5038.897461 0.000000 951.223022 0.000000 0.642245 0.000000 -0.766500 0.747620 0.747620 0.747620
5013.261230 0.000000 972.376526 0.000000 0.327258 0.000000 -0.944935 0.769198 0.769198 0.769198
5023.724121 0.000000 977.604797 0.000000 0.534524 0.000000 0.845153 0.570497 0.570497 0.570497
4998.427246 0.000000 958.937805 0.000000 0.886080 0.000000 0.463533 0.655527 0.655527 0.655527
5020.396973 0.000000 991.335693 0.000000 0.568990 0.000000 0.822344 0.633857 0.633857 0.633857
5028.848145 0.000000 961.316223 0.000000 0.634516 0.000000 0.772910 0.625896 0.625896 0.625896
5014.987793 0.000000 973.044189 0.000000 0.996950 0.000000 -0.078041 0.705570 0.705570 0.705570
5025.270996 0.000000 977.075684 0.000000 0.290315 0.000000 -0.956931 0.878427 0.878427 0.878427
5023.817871 0.000000 991.452820 0.000000 0.768114 0.000000 -0.640313 0.771893 0.771893 0.771893
5015.214355 0.000000 974.694092 0.000000 0.414313 0.000000 -0.910135 0.850291 0.850291 0.850291
4991.432129 0.000000 956.954468 0.000000 0.780888 0.000000 0.624672 0.600011 0.600011 0.600011
5025.615234 0.000000 975.552368 0.000000 0.368945 0.000000 0.929451 0.544896 0.544896 0.544896
5003.191895 0.000000 965.877991 0.000000 0.704697 0.000000 -0.709509 0.806971 0.806971 0.806971
5022.900879 0.000000 976.460815 0.000000 0.822112 0.000000 -0.569326 0.777905 0.777905 0.777905
5002.906738 0.000000 964.277771 0.000000 0.356631 0.000000 0.934245 0.536433 0.536433 0.536433
5117.866699 0.000000 968.830139 0.000000 0.352137 0.000000 -0.935949 0.766026 0.766026 0.766026
5100.564453 0.000000 959.061584 0.000000 0.547723 0.000000 -0.836660 0.851042 0.851042 0.851042
5105.555176 0.000000 957.823364 0.000000 0.407129 0.000000 0.913371 0.415055 0.415055 0.415055
5092.834473 0.000000 950.358459 0.000000 0.392681 0.000000 0.919675 0.548234 0.548234 0.548234
5114.608887 0.000000 958.042053 0.000000 0.894020 0.000000 -0.448028 0.776639 0.776639 0.776639
5107.503418 0.000000 954.182495 0.000000 0.620890 0.000000 0.783898 0.677328 0.677328 0.677328
5095.999512 0.000000 950.769775 0.000000 0.024989 0.000000 0.999688 0.596265 0.596265 0.596265
5096.263672 0.000000 960.786804 0.000000 0.467017 0.000000 -0.884248 0.797071 0.797071 0.797071
5103.021484 0.000000 956.246704 0.000000 0.585399 0.000000 0.810745 0.537423 0.537423 0.537423
5093.231934 0.000000 953.061218 0.000000 0.399419 0.000000 -0.916768 0.758379 0.758379 0.758379
5094.817871 0.000000 948.323364 0.000000 0.937586 0.000000 -0.347753 0.750152 0.750152 0.750152
5098.687012 0.000000 960.835205 0.000000 0.932252 0.000000 0.361811 0.656523 0.656523 0.656523
5116.405273 0.000000 970.839844 0.000000 0.049588 0.000000 -0.998770 0.802083 0.802083 0.802083
5101.235352 0.000000 956.973389 0.000000 0.713930 0.000000 -0.700218 0.820378 0.820378 0.820378
5098.395020 0.000000 959.049683 0.000000 0.854442 0.000000 0.519546 0.645007 0.645007 0.645007
5094.480957 0.000000 949.947266 0.000000 0.357872 0.000000 0.933771 0.529875 0.529875 0.529875
5104.012695 0.000000 957.511658 0.000000 0.964160 0.000000 0.265321 0.633549 0.633549 0.633549
5093.928223 0.000000 951.424377 0.000000 0.996764 0.000000 0.080386 0.689537 0.689537 0.689537
5115.651367 0.000000 959.061218 0.000000 0.683212 0.000000 -0.730220 0.835053 0.835053 0.835053
5116.919434 0.000000 972.155518 0.000000 0.899018 0.000000 -0.437913 0.757034 0.757034 0.757034
5104.405273 0.000000 956.218750 0.000000 0.633348 0.000000 -0.773867 0.918981 0.918981 0.918981
5092.473633 0.000000 951.960388 0.000000 0.993125 0.000000 0.117060 0.684745 0.684745 0.684745
5105.874023 0.000000 956.552002 0.000000 0.585524 0.000000 0.810655 0.466086 0.466086 0.466086
5095.726562 0.000000 949.440002 0.000000 0.461753 0.000000 0.887009 0.545970 0.545970 0.545970
5100.057129 0.000000 956.465149 0.000000 0.177185 0.000000 0.984178 0.483878 0.483878 0.483878
5114.504395 0.000000 959.562683 0.000000 0.321219 0.000000 -0.947005 0.905189 0.905189 0.905189
5025.810547 0.000000 993.948914 0.000000 0.998633 0.000000 -0.052267 0.704679 0.704679 0.704679
5066.194824 0.000000 1028.972656 0.000000 0.383336 0.000000 0.923609 0.652264 0.652264 0.652264
5058.319336 0.000000 1031.156128 0.000000 0.854838 0.000000 -0.518895 0.720594 0.720594 0.720594
5063.034668 0.000000 1004.101318 0.000000 0.678172 0.000000 -0.734903 0.734624 0.734624 0.734624
5088.018066 0.000000 1022.762939 0.000000 0.742467 0.000000 -0.669883 0.716420 0.716420 0.716420
5066.628906 0.000000 1025.236816 0.000000 0.299453 0.000000 0.954111 0.593746 0.593746 0.593746
5060.762207 0.000000 1029.242432 0.000000 0.990034 0.000000 -0.140829 0.705334 0.705334 0.705334
5069.577637 0.000000 1004.386475 0.000000 0.223176 0.000000 0.974778 0.654846 0.654846 0.654846
5100.090332 0.000000 1029.964722 0.000000 0.695314 0.000000 0.718706 0.597974 0.597974 0.597974
5082.219727 0.000000 1023.395996 0.000000 0.980167 0.000000 0.198176 0.674898 0.674898 0.674898
5071.725586 0.000000 1006.328491 0.000000 0.161597 0.000000 0.986857 0.605480 0.605480 0.605480
5085.762695 0.000000 1022.934692 0.000000 0.991616 0.000000 -0.129218 0.713949 0.713949 0.713949
5061.689941 0.000000 1038.085449 0.000000 0.486862 0.000000 0.873479 0.529205 0.529205 0.529205
5067.634766 0.000000 1027.368774 0.000000 0.615385 0.000000 -0.788226 0.830741 0.830741 0.830741
5070.040527 0.000000 1007.634094 0.000000 0.673362 0.000000 -0.739313 0.755836 0.755836 0.755836
5062.419434 0.000000 1006.179993 0.000000 0.905005 0.000000 0.425401 0.631196 0.631196 0.631196
5080.325195 0.000000 1018.984009 0.000000 0.134178 0.000000 -0.990957 0.782325 0.782325 0.782325
5065.542480 0.000000 1026.980469 0.000000 0.956938 0.000000 0.290294 0.679411 0.679411 0.679411
5082.522461 0.000000 1021.522217 0.000000 0.800543 0.000000 0.599275 0.640706 0.640706 0.640706
5063.097656 0.000000 1007.989502 0.000000 0.901820 0.000000 -0.432111 0.769967 0.769967 0.769967
5101.557617 0.000000 1028.984863 0.000000 0.904775 0.000000 -0.425889 0.755972 0.755972 0.755972
5084.026367 0.000000 1022.895386 0.000000 0.797729 0.000000 -0.603016 0.769680 0.769680 0.769680
5061.047852 0.000000 1031.028564 0.000000 0.862205 0.000000 0.506560 0.610141 0.610141 0.610141
5089.263184 0.000000 1024.317871 0.000000 0.070760 0.000000 0.997493 0.418993 0.418993 0.418993
5060.315918 0.000000 1039.000977 0.000000 0.987215 0.000000 -0.159394 0.725737 0.725737 0.725737
5062.322266 0.000000 1030.196655 0.000000 0.878550 0.000000 -0.477651 0.784937 0.784937 0.784937
5094.789551 0.000000 1033.446533 0.000000 0.686709 0.000000 -0.726932 0.816056 0.816056 0.816056
5088.694336 0.000000 1025.572388 0.000000 0.965778 0.000000 0.259369 0.650847 0.650847 0.650847
4914.016113 0.000000 1062.822998 0.000000 0.636264 0.000000 -0.771471 0.846597 0.846597 0.846597
4901.439453 0.000000 1050.352051 0.000000 0.999824 0.000000 0.018770 0.699134 0.699134 0.699134
4902.941406 0.000000 1051.920044 0.000000 0.744143 0.000000 0.668021 0.658067 0.658067 0.658067
4887.865723 0.000000 1043.136353 0.000000 0.721382 0.000000 -0.692538 0.833690 0.833690 0.833690
4891.040527 0.000000 1044.170166 0.000000 0.369894 0.000000 -0.929074 0.913294 0.913294 0.913294
4886.052734 0.000000 1042.845947 0.000000 0.554393 0.000000 -0.832255 0.871816 0.871816 0.871816
4891.055176 0.000000 1045.749878 0.000000 0.984219 0.000000 0.176953 0.668166 0.668166 0.668166
4913.978516 0.000000 1056.521851 0.000000 0.594797 0.000000 0.803876 0.553785 0.553785 0.553785
4886.999023 0.000000 1042.003174 0.000000 0.011143 0.000000 -0.999938 0.972562 0.972562 0.972562
5047.082520 0.000000 1046.728516 0.000000 0.600906 0.000000 -0.799320 0.714243 0.714243 0.714243
5028.422852 0.000000 1057.728638 0.000000 0.235598 0.000000 -0.971851 0.724226 0.724226 0.724226
5049.304688 0.000000 1049.279541 0.000000 0.287094 0.000000 -0.957902 0.789449 0.789449 0.789449
5029.239746 0.000000 1047.545654 0.000000 0.999892 0.000000 0.014696 0.697801 0.697801 0.697801
5030.825684 0.000000 1042.807739 0.000000 0.969032 0.000000 0.246937 0.682558 0.682558 0.682558
5047.291016 0.000000 1053.973877 0.000000 0.346005 0.000000 -0.938233 0.742553 0.742553 0.742553
5044.108398 0.000000 1052.652466 0.000000 0.999999 0.000000 -0.001574 0.700207 0.700207 0.700207
5030.570801 0.000000 1056.860840 0.000000 0.150710 0.000000 0.988578 0.509481 0.509481 0.509481
5051.561523 0.000000 1044.859009 0.000000 0.969934 0.000000 0.243367 0.685908 0.685908 0.685908
5027.328613 0.000000 1047.163208 0.000000 0.999771 0.000000 0.021380 0.698505 0.698505 0.698505
5028.997559 0.000000 1043.029785 0.000000 0.556670 0.000000 0.830734 0.591715 0.591715 0.591715
5048.743164 0.000000 1047.516113 0.000000 0.807124 0.000000 -0.590381 0.792707 0.792707 0.792707
5039.823730 0.000000 1056.678467 0.000000 0.877766 0.000000 -0.479090 0.746799 0.746799 0.746799
5030.456055 0.000000 1055.140137 0.000000 0.323790 0.000000 -0.946129 0.819721 0.819721 0.819721
5045.847168 0.000000 1053.001709 0.000000 0.568065 0.000000 0.822984 0.572965 0.572965 0.572965
5038.157715 0.000000 1056.854370 0.000000 0.399459 0.000000 0.916751 0.591354 0.591354 0.591354
5029.936035 0.000000 1045.908813 0.000000 0.982778 0.000000 0.184789 0.679992 0.679992 0.679992
5050.296875 0.000000 1047.259766 0.000000 0.909289 0.000000 -0.416164 0.760008 0.760008 0.760008
5031.501465 0.000000 1057.869629 0.000000 0.987195 0.000000 -0.159518 0.721501 0.721501 0.721501
5028.481445 0.000000 1046.444824 0.000000 0.229656 0.000000 -0.973272 0.900316 0.900316 0.900316
5051.068359 0.000000 1046.140747 0.000000 0.660907 0.000000 0.750468 0.581336 0.581336 0.581336
5112.420898 0.000000 1051.901489 0.000000 0.848880 0.000000 -0.528585 0.728809 0.728809 0.728809
5060.867188 0.000000 1041.254517 0.000000 0.785875 0.000000 -0.618386 0.819305 0.819305 0.819305
5113.284668 0.000000 1053.890015 0.000000 0.592444 0.000000 -0.805612 0.792980 0.792980 0.792980
5115.651367 0.000000 1053.545654 0.000000 0.988618 0.000000 -0.150445 0.727236 0.727236 0.727236
5060.247070 0.000000 1039.950562 0.000000 0.861638 0.000000 -0.507523 0.785583 0.785583 0.785583
4449.216309 0.000000 1134.093262 0.000000 0.810932 0.000000 0.585140 0.636208 0.636208 0.636208
4444.654785 0.000000 1136.906494 0.000000 0.796463 0.000000 0.604687 0.650975 0.650975 0.650975
4446.471191 0.000000 1134.594238 0.000000 0.985091 0.000000 0.172033 0.687914 0.687914 0.687914
4446.492188 0.000000 1136.675781 0.000000 0.470792 0.000000 -0.882244 0.855609 0.855609 0.855609
4449.880859 0.000000 1135.675537 0.000000 0.694618 0.000000 0.719378 0.618056 0.618056 0.618056
4525.447754 0.000000 1168.837402 0.000000 0.039094 0.000000 -0.999236 0.822060 0.822060 0.822060
4522.108887 0.000000 1164.281982 0.000000 0.779882 0.000000 -0.625926 0.734039 0.734039 0.734039
4524.588379 0.000000 1165.994995 0.000000 0.116520 0.000000 0.993188 0.470293 0.470293 0.470293
4542.288574 0.000000 1166.302979 0.000000 0.724671 0.000000 -0.689095 0.732949 0.732949 0.732949
4524.574219 0.000000 1162.861206 0.000000 0.191490 0.000000 -0.981495 0.753948 0.753948 0.753948
4529.180664 0.000000 1170.166992 0.000000 0.146090 0.000000 -0.989271 0.863270 0.863270 0.863270
4523.218750 0.000000 1153.930054 0.000000 0.829723 0.000000 0.558175 0.637906 0.637906 0.637906
4523.174316 0.000000 1155.895630 0.000000 0.791371 0.000000 0.611336 0.619997 0.619997 0.619997
4525.110352 0.000000 1153.581055 0.000000 0.016978 0.000000 -0.999856 0.825996 0.825996 0.825996
4525.498047 0.000000 1164.297729 0.000000 0.730733 0.000000 0.682663 0.581293 0.581293 0.581293
4530.690430 0.000000 1170.708008 0.000000 0.178611 0.000000 0.983920 0.507443 0.507443 0.507443
4525.200684 0.000000 1167.459351 0.000000 0.192881 0.000000 -0.981222 0.923267 0.923267 0.923267
4544.720215 0.000000 1166.977905 0.000000 0.398512 0.000000 0.917163 0.354297 0.354297 0.354297
4543.476562 0.000000 1168.371582 0.000000 0.528780 0.000000 -0.848759 0.807702 0.807702 0.807702
4545.961426 0.000000 1167.447632 0.000000 0.636924 0.000000 -0.770926 0.962141 0.962141 0.962141
4545.606445 0.000000 1166.259766 0.000000 0.323890 0.000000 -0.946095 1.069543 1.069543 1.069543
4552.401367 0.000000 1198.767944 0.000000 0.547738 0.000000 -0.836650 0.795612 0.795612 0.795612
4551.301758 0.000000 1212.039185 0.000000 0.770869 0.000000 0.636993 0.616968 0.616968 0.616968
4555.865234 0.000000 1195.985107 0.000000 0.070740 0.000000 0.997495 0.574174 0.574174 0.574174
4560.552734 0.000000 1223.516479 0.000000 0.052285 0.000000 0.998632 0.668156 0.668156 0.668156
4556.774902 0.000000 1220.918091 0.000000 0.941839 0.000000 0.336065 0.674125 0.674125 0.674125
4554.691406 0.000000 1214.205688 0.000000 0.977503 0.000000 -0.210921 0.711587 0.711587 0.711587
4551.904297 0.000000 1189.592651 0.000000 0.097058 0.000000 0.995279 0.652616 0.652616 0.652616
4563.155273 0.000000 1221.754028 0.000000 0.889039 0.000000 0.457832 0.620217 0.620217 0.620217
4552.580566 0.000000 1195.776611 0.000000 0.778292 0.000000 -0.627903 0.750302 0.750302 0.750302
4554.318359 0.000000 1194.074585 0.000000 0.755672 0.000000 -0.654950 0.759903 0.759903 0.759903
4552.364258 0.000000 1214.225342 0.000000 0.998116 0.000000 -0.061360 0.707382 0.707382 0.707382
4555.697266 0.000000 1216.337524 0.000000 0.995751 0.000000 -0.092092 0.709541 0.709541 0.709541
4552.778320 0.000000 1191.824341 0.000000 0.974660 0.000000 0.223690 0.673506 0.673506 0.673506
4561.093750 0.000000 1221.404907 0.000000 0.018236 0.000000 -0.999834 0.788994 0.788994 0.788994
4558.342285 0.000000 1219.206909 0.000000 0.771943 0.000000 0.635692 0.628728 0.628728 0.628728
4553.604980 0.000000 1215.949219 0.000000 0.403987 0.000000 -0.914765 0.838861 0.838861 0.838861
4555.024902 0.000000 1221.304810 0.000000 0.800431 0.000000 0.599425 0.599351 0.599351 0.599351
4552.980957 0.000000 1212.514038 0.000000 0.297609 0.000000 -0.954688 0.854303 0.854303 0.854303
4562.268066 0.000000 1220.325317 0.000000 0.628853 0.000000 0.777524 0.550566 0.550566 0.550566
4552.415039 0.000000 1216.930542 0.000000 0.973525 0.000000 0.228582 0.666790 0.666790 0.666790
4554.890137 0.000000 1219.627930 0.000000 0.863074 0.000000 -0.505077 0.771063 0.771063 0.771063
4553.811035 0.000000 1190.795288 0.000000 0.794820 0.000000 -0.606845 0.776579 0.776579 0.776579
4552.789062 0.000000 1197.366333 0.000000 0.959618 0.000000 -0.281306 0.743455 0.743455 0.743455
4590.023926 0.000000 1254.556641 0.000000 0.330291 0.000000 0.943879 0.682745 0.682745 0.682745
4577.897949 0.000000 1250.244629 0.000000 0.774016 0.000000 0.633166 0.696166 0.696166 0.696166
4589.247559 0.000000 1249.760742 0.000000 0.731577 0.000000 -0.681759 0.726219 0.726219 0.726219
4567.845215 0.000000 1230.073486 0.000000 0.186418 0.000000 -0.982471 0.926269 0.926269 0.926269
4593.989258 0.000000 1255.538208 0.000000 0.990638 0.000000 -0.136517 0.721826 0.721826 0.721826
4569.218750 0.000000 1237.480957 0.000000 0.770429 0.000000 -0.637526 0.770552 0.770552 0.770552
4597.578125 0.000000 1256.776611 0.000000 0.642521 0.000000 0.766268 0.521803 0.521803 0.521803
4576.968262 0.000000 1246.712036 0.000000 0.995464 0.000000 0.095138 0.692807 0.692807 0.692807
4581.891602 0.000000 1250.104492 0.000000 0.946711 0.000000 -0.322083 0.731634 0.731634 0.731634
4566.393555 0.000000 1233.559692 0.000000 0.705610 0.000000 0.708601 0.551365 0.551365 0.551365
4585.266113 0.000000 1249.991089 0.000000 0.967012 0.000000 -0.254730 0.722686 0.722686 0.722686
4590.435547 0.000000 1252.034302 0.000000 0.153472 0.000000 0.988153 0.597006 0.597006 0.597006
4576.657227 0.000000 1252.865601 0.000000 0.714125 0.000000 -0.700019 0.746616 0.746616 0.746616
4567.209961 0.000000 1236.083984 0.000000 0.727466 0.000000 -0.686144 0.835319 0.835319 0.835319
4592.401855 0.000000 1253.643799 0.000000 0.152864 0.000000 0.988247 0.559312 0.559312 0.559312
4587.210938 0.000000 1248.414429 0.000000 0.231740 0.000000 0.972778 0.595329 0.595329 0.595329
4568.081055 0.000000 1251.843140 0.000000 0.365664 0.000000 0.930747 0.561164 0.561164 0.561164
4579.864258 0.000000 1248.979736 0.000000 0.552040 0.000000 0.833818 0.566288 0.566288 0.566288
4593.363770 0.000000 1257.772949 0.000000 0.979150 0.000000 0.203139 0.651381 0.651381 0.651381
4595.421387 0.000000 1257.111572 0.000000 0.996168 0.000000 0.087457 0.685309 0.685309 0.685309
4592.807617 0.000000 1259.858887 0.000000 0.836573 0.000000 0.547856 0.652985 0.652985 0.652985
4599.422363 0.000000 1257.676880 0.000000 0.970838 0.000000 -0.239737 0.714554 0.714554 0.714554
4567.904785 0.000000 1232.105103 0.000000 0.577253 0.000000 -0.816566 0.880328 0.880328 0.880328
4569.229980 0.000000 1250.231445 0.000000 0.783729 0.000000 0.621103 0.622236 0.622236 0.622236
4578.103516 0.000000 1248.281860 0.000000 0.999522 0.000000 0.030923 0.695806 0.695806 0.695806
4569.134766 0.000000 1253.366333 0.000000 0.473004 0.000000 -0.881060 0.775363 0.775363 0.775363
4567.620117 0.000000 1238.563354 0.000000 0.125096 0.000000 -0.992145 0.946528 0.946528 0.946528
4566.582520 0.000000 1245.265137 0.000000 0.856285 0.000000 -0.516503 0.752358 0.752358 0.752358
4587.166504 0.000000 1250.380005 0.000000 0.644462 0.000000 0.764636 0.606292 0.606292 0.606292
4580.202148 0.000000 1250.761108 0.000000 0.522094 0.000000 -0.852888 0.798540 0.798540 0.798540
4575.326172 0.000000 1247.202637 0.000000 0.369087 0.000000 -0.929395 0.898441 0.898441 0.898441
4566.091797 0.000000 1231.814697 0.000000 0.528402 0.000000 -0.848994 0.865877 0.865877 0.865877
4574.018066 0.000000 1246.310059 0.000000 0.979053 0.000000 0.203607 0.665887 0.665887 0.665887
4590.811523 0.000000 1250.453247 0.000000 0.781633 0.000000 0.623739 0.625612 0.625612 0.625612
4567.705566 0.000000 1234.496704 0.000000 0.112267 0.000000 -0.993678 0.942616 0.942616 0.942616
4598.259277 0.000000 1258.735229 0.000000 0.464818 0.000000 -0.885406 0.845940 0.845940 0.845940
4569.338867 0.000000 1238.868896 0.000000 0.740492 0.000000 0.672065 0.586660 0.586660 0.586660
4593.070312 0.000000 1256.472046 0.000000 0.836945 0.000000 0.547287 0.562360 0.562360 0.562360
4593.536621 0.000000 1254.301880 0.000000 0.376679 0.000000 -0.926344 0.888799 0.888799 0.888799
4567.772949 0.000000 1237.248291 0.000000 0.779253 0.000000 -0.626710 0.821209 0.821209 0.821209
4592.111816 0.000000 1257.495117 0.000000 0.264312 0.000000 -0.964437 1.009759 1.009759 1.009759
4567.038086 0.000000 1230.971924 0.000000 0.996171 0.000000 0.087424 0.685681 0.685681 0.685681
4592.755371 0.000000 1255.270508 0.000000 0.729418 0.000000 0.684068 0.579935 0.579935 0.579935
4594.292480 0.000000 1256.711426 0.000000 0.959125 0.000000 0.282981 0.651867 0.651867 0.651867
4108.681641 0.000000 1414.118530 0.000000 0.532366 0.000000 -0.846514 0.709878 0.709878 0.709878
4104.455566 0.000000 1387.736694 0.000000 0.948556 0.000000 -0.316610 0.708557 0.708557 0.708557
4115.330566 0.000000 1393.271973 0.000000 0.519033 0.000000 0.854754 0.621178 0.621178 0.621178
4100.575684 0.000000 1385.274536 0.000000 0.997377 0.000000 -0.072387 0.702228 0.702228 0.702228
4111.840332 0.000000 1391.658203 0.000000 0.700790 0.000000 -0.713368 0.728872 0.728872 0.728872
4114.722168 0.000000 1390.144287 0.000000 0.124437 0.000000 0.992227 0.558484 0.558484 0.558484
4104.635254 0.000000 1384.745361 0.000000 0.999996 0.000000 -0.002747 0.700307 0.700307 0.700307
4102.004883 0.000000 1387.291382 0.000000 0.767081 0.000000 -0.641550 0.731161 0.731161 0.731161
4102.536621 0.000000 1384.117554 0.000000 0.947330 0.000000 -0.320260 0.759706 0.759706 0.759706
4113.294922 0.000000 1393.599121 0.000000 0.978305 0.000000 -0.207169 0.730342 0.730342 0.730342
4113.883789 0.000000 1391.813965 0.000000 0.426879 0.000000 0.904309 0.488350 0.488350 0.488350
4115.895020 0.000000 1391.550781 0.000000 0.635452 0.000000 -0.772141 0.786336 0.786336 0.786336
4103.214355 0.000000 1385.927124 0.000000 0.996466 0.000000 0.083993 0.684599 0.684599 0.684599
4114.072754 0.000000 1404.713501 0.000000 0.176817 0.000000 -0.984244 0.912285 0.912285 0.912285
4112.872559 0.000000 1390.804321 0.000000 0.985336 0.000000 0.170623 0.667878 0.667878 0.667878
4115.744629 0.000000 1406.889526 0.000000 0.332023 0.000000 0.943271 0.289948 0.289948 0.289948
4106.940430 0.000000 1427.966919 0.000000 0.972103 0.000000 0.234554 0.699338 0.699338 0.699338
4096.697754 0.000000 1464.216064 0.000000 0.417589 0.000000 0.908636 0.698406 0.698406 0.698406
4104.455566 0.000000 1434.978882 0.000000 0.144288 0.000000 0.989536 0.648165 0.648165 0.648165
4110.279297 0.000000 1448.538696 0.000000 0.686873 0.000000 -0.726778 0.752325 0.752325 0.752325
4107.541504 0.000000 1423.570190 0.000000 0.883408 0.000000 -0.468605 0.710910 0.710910 0.710910
4107.919922 0.000000 1432.196045 0.000000 0.507508 0.000000 0.861647 0.544647 0.544647 0.544647
4112.654297 0.000000 1451.704346 0.000000 0.636666 0.000000 0.771140 0.638441 0.638441 0.638441
4113.498535 0.000000 1448.526245 0.000000 0.983974 0.000000 0.178311 0.662155 0.662155 0.662155
4099.624023 0.000000 1462.702515 0.000000 0.977529 0.000000 -0.210799 0.731179 0.731179 0.731179
4109.120605 0.000000 1434.648193 0.000000 0.755934 0.000000 -0.654648 0.749891 0.749891 0.749891
4106.844727 0.000000 1435.318359 0.000000 0.168530 0.000000 0.985696 0.455084 0.455084 0.455084
4101.807129 0.000000 1463.265137 0.000000 0.046246 0.000000 -0.998930 0.885432 0.885432 0.885432
4106.216309 0.000000 1433.290405 0.000000 0.210440 0.000000 0.977607 0.496737 0.496737 0.496737
4111.800781 0.000000 1449.838867 0.000000 0.561869 0.000000 -0.827226 0.762649 0.762649 0.762649
4100.477539 0.000000 1460.982544 0.000000 0.808205 0.000000 0.588902 0.634853 0.634853 0.634853
4098.069336 0.000000 1463.293701 0.000000 0.914468 0.000000 -0.404657 0.761156 0.761156 0.761156
4107.724121 0.000000 1433.815430 0.000000 0.519524 0.000000 0.854456 0.546741 0.546741 0.546741
4098.718262 0.000000 1461.350464 0.000000 0.821682 0.000000 -0.569946 0.773762 0.773762 0.773762
4113.301758 0.000000 1449.994751 0.000000 0.827116 0.000000 0.562032 0.574002 0.574002 0.574002
4112.325195 0.000000 1448.748779 0.000000 0.975175 0.000000 -0.221434 0.747137 0.747137 0.747137
4101.950195 0.000000 1464.751953 0.000000 0.815438 0.000000 -0.578844 0.706041 0.706041 0.706041
4652.619141 0.000000 1148.030396 0.000000 0.579372 0.000000 0.815063 0.604087 0.604087 0.604087
4666.191895 0.000000 1155.697144 0.000000 0.941688 0.000000 0.336487 0.685606 0.685606 0.685606
4669.517578 0.000000 1177.395996 0.000000 0.700287 0.000000 0.713862 0.622198 0.622198 0.622198
4652.336914 0.000000 1151.639648 0.000000 0.455826 0.000000 -0.890069 0.822750 0.822750 0.822750
4670.099121 0.000000 1154.403320 0.000000 0.975140 0.000000 0.221590 0.682819 0.682819 0.682819
4666.006348 0.000000 1152.938110 0.000000 0.486814 0.000000 -0.873506 0.809908 0.809908 0.809908
4650.741699 0.000000 1149.804077 0.000000 0.598965 0.000000 0.800775 0.609124 0.609124 0.609124
4653.412109 0.000000 1149.901611 0.000000 0.999625 0.000000 -0.027370 0.702755 0.702755 0.702755
4670.640137 0.000000 1152.074951 0.000000 0.999511 0.000000 0.031279 0.695889 0.695889 0.695889
4668.349609 0.000000 1175.825073 0.000000 0.339433 0.000000 0.940630 0.571607 0.571607 0.571607
4650.449707 0.000000 1148.018433 0.000000 0.254493 0.000000 0.967075 0.571457 0.571457 0.571457
4669.070312 0.000000 1153.035278 0.000000 0.332305 0.000000 -0.943172 0.894641 0.894641 0.894641
4667.617676 0.000000 1152.631836 0.000000 0.537669 0.000000 0.843156 0.596220 0.596220 0.596220
4672.627930 0.000000 1180.762939 0.000000 0.730929 0.000000 -0.682453 0.820762 0.820762 0.820762
4684.759277 0.000000 1173.675903 0.000000 0.941641 0.000000 0.336619 0.667841 0.667841 0.667841
4673.123047 0.000000 1178.191284 0.000000 0.999637 0.000000 0.026941 0.698719 0.698719 0.698719
4671.513184 0.000000 1153.921143 0.000000 0.696361 0.000000 0.717691 0.594802 0.594802 0.594802
4687.048340 0.000000 1173.884277 0.000000 0.528857 0.000000 0.848711 0.582389 0.582389 0.582389
4683.681641 0.000000 1169.095337 0.000000 0.006910 0.000000 -0.999976 0.818067 0.818067 0.818067
4681.589355 0.000000 1168.707031 0.000000 0.963626 0.000000 0.267256 0.654611 0.654611 0.654611
4680.399414 0.000000 1169.688354 0.000000 0.874317 0.000000 0.485354 0.614980 0.614980 0.614980
4671.596680 0.000000 1152.518188 0.000000 0.078704 0.000000 -0.996898 0.896077 0.896077 0.896077
4680.261230 0.000000 1168.290771 0.000000 0.922790 0.000000 -0.385303 0.766358 0.766358 0.766358
4664.077637 0.000000 1225.332031 0.000000 0.407355 0.000000 -0.913270 0.923722 0.923722 0.923722
4670.656250 0.000000 1182.912842 0.000000 0.925215 0.000000 0.379444 0.626000 0.626000 0.626000
4666.467285 0.000000 1221.646973 0.000000 0.944203 0.000000 0.329365 0.669031 0.669031 0.669031
4664.873535 0.000000 1222.606079 0.000000 0.992583 0.000000 -0.121570 0.710393 0.710393 0.710393
4670.391602 0.000000 1217.987549 0.000000 0.576395 0.000000 -0.817172 0.847096 0.847096 0.847096
4665.819824 0.000000 1225.340820 0.000000 0.888012 0.000000 -0.459820 0.792850 0.792850 0.792850
4670.931641 0.000000 1181.229126 0.000000 0.872892 0.000000 0.487913 0.637292 0.637292 0.637292
4669.991211 0.000000 1220.979370 0.000000 0.302370 0.000000 -0.953191 0.897862 0.897862 0.897862
4664.768066 0.000000 1224.050659 0.000000 0.361867 0.000000 0.932230 0.466700 0.466700 0.466700
4670.805664 0.000000 1184.299805 0.000000 0.240921 0.000000 0.970545 0.508841 0.508841 0.508841
4670.533691 0.000000 1214.940430 0.000000 0.513772 0.000000 -0.857927 0.845613 0.845613 0.845613
4671.729492 0.000000 1185.109009 0.000000 0.345187 0.000000 -0.938534 0.875445 0.875445 0.875445
4701.727539 0.000000 1200.740479 0.000000 0.868731 0.000000 0.495284 0.687685 0.687685 0.687685
4701.693848 0.000000 1222.538086 0.000000 0.859359 0.000000 -0.511372 0.746528 0.746528 0.746528
4704.064941 0.000000 1211.731689 0.000000 0.991534 0.000000 0.129848 0.677608 0.677608 0.677608
4702.417480 0.000000 1204.288208 0.000000 0.966504 0.000000 0.256650 0.653189 0.653189 0.653189
4695.093262 0.000000 1196.294189 0.000000 0.328748 0.000000 0.944418 0.625706 0.625706 0.625706
4672.506836 0.000000 1181.954224 0.000000 0.744727 0.000000 0.667369 0.582524 0.582524 0.582524
4699.001953 0.000000 1216.775024 0.000000 0.999502 0.000000 0.031567 0.698190 0.698190 0.698190
4702.369629 0.000000 1227.044189 0.000000 0.245584 0.000000 -0.969375 0.762872 0.762872 0.762872
4698.795410 0.000000 1222.038452 0.000000 0.197560 0.000000 0.980291 0.533130 0.533130 0.533130
4705.660645 0.000000 1209.441895 0.000000 0.300284 0.000000 0.953850 0.553116 0.553116 0.553116
4673.790527 0.000000 1196.460938 0.000000 0.798711 0.000000 -0.601714 0.810124 0.810124 0.810124
4695.437012 0.000000 1199.661743 0.000000 0.732030 0.000000 0.681272 0.665421 0.665421 0.665421
4700.296387 0.000000 1203.057495 0.000000 0.150514 0.000000 -0.988608 0.787333 0.787333 0.787333
4696.665039 0.000000 1217.231323 0.000000 0.854726 0.000000 0.519080 0.674057 0.674057 0.674057
4701.721680 0.000000 1224.840698 0.000000 0.431504 0.000000 -0.902111 0.755031 0.755031 0.755031
4732.553223 0.000000 1226.662231 0.000000 0.618415 0.000000 -0.785852 0.812492 0.812492 0.812492
4675.826660 0.000000 1185.715210 0.000000 0.994198 0.000000 0.107569 0.690658 0.690658 0.690658
4700.436035 0.000000 1227.546753 0.000000 0.968114 0.000000 0.250511 0.679114 0.679114 0.679114
4673.822754 0.000000 1185.176270 0.000000 0.746554 0.000000 -0.665325 0.762079 0.762079 0.762079
4673.698730 0.000000 1215.926147 0.000000 0.436777 0.000000 0.899570 0.615537 0.615537 0.615537
4671.460938 0.000000 1215.613770 0.000000 0.974557 0.000000 -0.224138 0.731921 0.731921 0.731921
4691.824707 0.000000 1202.582031 0.000000 0.262384 0.000000 0.964963 0.539409 0.539409 0.539409
4700.315430 0.000000 1223.697266 0.000000 0.921636 0.000000 0.388055 0.665456 0.665456 0.665456
4702.882324 0.000000 1205.998901 0.000000 0.225987 0.000000 0.974130 0.457818 0.457818 0.457818
4702.303223 0.000000 1202.449585 0.000000 0.714447 0.000000 -0.699690 0.850599 0.850599 0.850599
4673.835938 0.000000 1191.248779 0.000000 0.317483 0.000000 -0.948264 0.890140 0.890140 0.890140
4704.217285 0.000000 1210.044556 0.000000 0.639012 0.000000 0.769197 0.549089 0.549089 0.549089
4693.813965 0.000000 1202.767944 0.000000 0.536523 0.000000 -0.843886 0.820773 0.820773 0.820773
4671.458496 0.000000 1183.296265 0.000000 0.873196 0.000000 -0.487370 0.796794 0.796794 0.796794
4673.135254 0.000000 1195.188110 0.000000 0.636584 0.000000 0.771208 0.564554 0.564554 0.564554
4733.445801 0.000000 1227.768555 0.000000 0.369246 0.000000 0.929332 0.551607 0.551607 0.551607
4705.654297 0.000000 1211.763428 0.000000 0.814046 0.000000 0.580801 0.593433 0.593433 0.593433
4686.312500 0.000000 1186.316284 0.000000 0.176609 0.000000 0.984281 0.413664 0.413664 0.413664
4673.615723 0.000000 1192.702881 0.000000 0.879679 0.000000 0.475568 0.617545 0.617545 0.617545
4673.590820 0.000000 1181.060669 0.000000 0.727833 0.000000 0.685754 0.578510 0.578510 0.578510
4672.731445 0.000000 1193.770996 0.000000 0.117585 0.000000 -0.993063 0.941725 0.941725 0.941725
4672.811035 0.000000 1190.420044 0.000000 0.951004 0.000000 0.309178 0.652100 0.652100 0.652100
4703.550781 0.000000 1204.915649 0.000000 0.855111 0.000000 0.518445 0.601703 0.601703 0.601703
4687.217773 0.000000 1187.950684 0.000000 0.252582 0.000000 0.967575 0.429655 0.429655 0.429655
4672.909180 0.000000 1197.560547 0.000000 0.142773 0.000000 -0.989756 0.943486 0.943486 0.943486
4703.451172 0.000000 1202.805298 0.000000 0.994964 0.000000 0.100232 0.680489 0.680489 0.680489
4705.368164 0.000000 1210.627930 0.000000 0.428543 0.000000 -0.903521 0.893959 0.893959 0.893959
4778.077637 0.000000 1164.281982 0.000000 0.581542 0.000000 -0.813516 0.840811 0.840811 0.840811
4773.649902 0.000000 1174.264526 0.000000 0.516734 0.000000 -0.856146 0.774718 0.774718 0.774718
4790.189941 0.000000 1180.385376 0.000000 0.942738 0.000000 0.333535 0.678131 0.678131 0.678131
4777.397949 0.000000 1172.920166 0.000000 0.455593 0.000000 0.890188 0.627867 0.627867 0.627867
4777.942871 0.000000 1167.915527 0.000000 0.888064 0.000000 0.459720 0.683972 0.683972 0.683972
4780.557129 0.000000 1165.994995 0.000000 0.934269 0.000000 0.356569 0.663809 0.663809 0.663809
4774.950195 0.000000 1172.100464 0.000000 0.839997 0.000000 -0.542590 0.791407 0.791407 0.791407
4779.839355 0.000000 1167.917603 0.000000 0.741180 0.000000 0.671306 0.604309 0.604309 0.604309
4778.747559 0.000000 1166.290771 0.000000 0.838046 0.000000 -0.545600 0.775035 0.775035 0.775035
4779.835449 0.000000 1164.411011 0.000000 0.072505 0.000000 0.997368 0.477970 0.477970 0.477970
4781.466797 0.000000 1164.297729 0.000000 0.556170 0.000000 -0.831068 0.797379 0.797379 0.797379
4775.271973 0.000000 1173.674316 0.000000 0.627705 0.000000 0.778451 0.557802 0.557802 0.557802
4797.437988 0.000000 1180.526367 0.000000 0.954416 0.000000 -0.298481 0.744071 0.744071 0.744071
4789.068359 0.000000 1184.326050 0.000000 0.969673 0.000000 0.244406 0.673765 0.673765 0.673765
4791.792969 0.000000 1181.170898 0.000000 0.576738 0.000000 0.816929 0.638514 0.638514 0.638514
4739.546387 0.000000 1226.491577 0.000000 0.960395 0.000000 0.278643 0.684603 0.684603 0.684603
4786.227051 0.000000 1184.067627 0.000000 0.833717 0.000000 -0.552192 0.742528 0.742528 0.742528
4794.319336 0.000000 1181.991821 0.000000 0.165693 0.000000 -0.986177 0.827618 0.827618 0.827618
4798.640625 0.000000 1182.912842 0.000000 0.986935 0.000000 0.161120 0.691855 0.691855 0.691855
4791.558594 0.000000 1183.516113 0.000000 0.998930 0.000000 0.046251 0.694308 0.694308 0.694308
4790.174316 0.000000 1182.221191 0.000000 0.657906 0.000000 -0.753100 0.804915 0.804915 0.804915
4797.464355 0.000000 1183.783081 0.000000 0.788131 0.000000 -0.615508 0.797331 0.797331 0.797331
4790.096191 0.000000 1189.336304 0.000000 0.649175 0.000000 -0.760639 0.830501 0.830501 0.830501
4797.016113 0.000000 1182.536865 0.000000 0.645001 0.000000 -0.764181 0.827680 0.827680 0.827680
4610.374023 0.000000 1267.367188 0.000000 0.361588 0.000000 0.932338 0.694964 0.694964 0.694964
4642.574219 0.000000 1237.987915 0.000000 0.404623 0.000000 0.914484 0.635452 0.635452 0.635452
4626.648438 0.000000 1256.499634 0.000000 0.917926 0.000000 -0.396752 0.714830 0.714830 0.714830
4611.476074 0.000000 1262.543457 0.000000 0.976804 0.000000 -0.214134 0.717197 0.717197 0.717197
4635.689941 0.000000 1241.978394 0.000000 0.703939 0.000000 -0.710260 0.718773 0.718773 0.718773
4631.357910 0.000000 1249.553467 0.000000 0.705852 0.000000 -0.708360 0.827660 0.827660 0.827660
4636.767090 0.000000 1234.462646 0.000000 0.472857 0.000000 0.881139 0.532669 0.532669 0.532669
4608.497070 0.000000 1264.605347 0.000000 0.213871 0.000000 0.976862 0.667789 0.667789 0.667789
4645.470703 0.000000 1239.320801 0.000000 0.467378 0.000000 -0.884057 0.763679 0.763679 0.763679
4629.695801 0.000000 1258.015259 0.000000 0.298789 0.000000 -0.954319 0.781506 0.781506 0.781506
4642.620605 0.000000 1241.342163 0.000000 0.576812 0.000000 0.816877 0.663914 0.663914 0.663914
4612.816895 0.000000 1265.453491 0.000000 0.184964 0.000000 -0.982745 0.771632 0.771632 0.771632
4645.286621 0.000000 1236.514404 0.000000 0.238033 0.000000 -0.971257 0.789283 0.789283 0.789283
4631.444824 0.000000 1246.903931 0.000000 0.929674 0.000000 0.368382 0.682067 0.682067 0.682067
4621.171875 0.000000 1261.966431 0.000000 0.622110 0.000000 0.782930 0.648448 0.648448 0.648448
4610.604492 0.000000 1265.206055 0.000000 0.154405 0.000000 0.988008 0.583219 0.583219 0.583219
4637.823242 0.000000 1236.314453 0.000000 0.427471 0.000000 0.904029 0.486894 0.486894 0.486894
4662.189941 0.000000 1229.463379 0.000000 0.961538 0.000000 -0.274673 0.723341 0.723341 0.723341
4640.635742 0.000000 1238.256226 0.000000 0.716828 0.000000 0.697250 0.632043 0.632043 0.632043
4631.034668 0.000000 1256.497437 0.000000 0.274114 0.000000 -0.961697 0.862709 0.862709 0.862709
4641.696777 0.000000 1239.769043 0.000000 0.630726 0.000000 0.776005 0.621759 0.621759 0.621759
4613.102539 0.000000 1267.239502 0.000000 0.956815 0.000000 0.290696 0.662062 0.662062 0.662062
4630.627441 0.000000 1248.193237 0.000000 0.668420 0.000000 0.743784 0.563981 0.563981 0.563981
4660.966309 0.000000 1230.176880 0.000000 0.744283 0.000000 0.667864 0.591620 0.591620 0.591620
4636.623047 0.000000 1235.773071 0.000000 0.982836 0.000000 0.184483 0.671206 0.671206 0.671206
4619.823242 0.000000 1262.187012 0.000000 0.498343 0.000000 0.866980 0.535727 0.535727 0.535727
4629.442383 0.000000 1254.509644 0.000000 0.953868 0.000000 0.300225 0.656516 0.656516 0.656516
4636.726074 0.000000 1239.303955 0.000000 0.219503 0.000000 0.975612 0.460392 0.460392 0.460392
4708.881348 0.000000 1233.811646 0.000000 0.516907 0.000000 0.856042 0.639663 0.639663 0.639663
4719.793945 0.000000 1232.490967 0.000000 0.728116 0.000000 -0.685454 0.753849 0.753849 0.753849
4712.046387 0.000000 1234.223022 0.000000 0.849035 0.000000 0.528337 0.647081 0.647081 0.647081
4713.695312 0.000000 1232.751343 0.000000 0.228498 0.000000 -0.973544 0.769330 0.769330 0.769330
4711.181641 0.000000 1235.965942 0.000000 0.775341 0.000000 -0.631543 0.743004 0.743004 0.743004
4713.843262 0.000000 1234.668091 0.000000 0.521994 0.000000 -0.852949 0.797123 0.797123 0.797123
4710.527832 0.000000 1233.400391 0.000000 0.186234 0.000000 -0.982505 0.885681 0.885681 0.885681
4711.773438 0.000000 1232.893188 0.000000 0.868625 0.000000 0.495470 0.630427 0.630427 0.630427
4752.958984 0.000000 1240.084595 0.000000 0.989753 0.000000 0.142790 0.698197 0.698197 0.698197
4741.872070 0.000000 1228.541016 0.000000 0.124105 0.000000 0.992269 0.627204 0.627204 0.627204
4798.942383 0.000000 1263.548218 0.000000 0.313251 0.000000 -0.949670 0.712254 0.712254 0.712254
4773.649902 0.000000 1268.748901 0.000000 0.714809 0.000000 0.699320 0.688090 0.688090 0.688090
4747.463867 0.000000 1234.601440 0.000000 0.777381 0.000000 0.629030 0.688587 0.688587 0.688587
4790.189941 0.000000 1274.869751 0.000000 0.967250 0.000000 -0.253827 0.707893 0.707893 0.707893
4773.257324 0.000000 1273.480469 0.000000 0.977194 0.000000 -0.212346 0.717650 0.717650 0.717650
4744.985352 0.000000 1232.573730 0.000000 0.486882 0.000000 0.873468 0.668812 0.668812 0.668812
4771.311523 0.000000 1270.826782 0.000000 0.998576 0.000000 0.053347 0.695747 0.695747 0.695747
4755.715332 0.000000 1238.897949 0.000000 0.657826 0.000000 -0.753170 0.726232 0.726232 0.726232
4792.062012 0.000000 1272.574219 0.000000 0.567284 0.000000 -0.823522 0.729761 0.729761 0.729761
4738.907715 0.000000 1228.699585 0.000000 0.432981 0.000000 0.901403 0.616788 0.616788 0.616788
4794.940430 0.000000 1266.676880 0.000000 0.525539 0.000000 0.850769 0.620342 0.620342 0.620342
4794.451660 0.000000 1268.889160 0.000000 0.085491 0.000000 0.996339 0.554651 0.554651 0.554651
4772.604492 0.000000 1271.900513 0.000000 0.129783 0.000000 -0.991542 0.903426 0.903426 0.903426
4772.876465 0.000000 1270.255249 0.000000 0.997444 0.000000 -0.071456 0.710099 0.710099 0.710099
4799.421387 0.000000 1267.000854 0.000000 0.575598 0.000000 0.817733 0.659842 0.659842 0.659842
4843.685547 0.000000 1274.164551 0.000000 0.884889 0.000000 -0.465802 0.775194 0.775194 0.775194
4843.981445 0.000000 1275.535156 0.000000 0.985173 0.000000 -0.171563 0.726756 0.726756 0.726756
4774.134766 0.000000 1276.426514 0.000000 0.983054 0.000000 -0.183314 0.703093 0.703093 0.703093
4791.792969 0.000000 1275.655273 0.000000 0.598092 0.000000 -0.801427 0.728595 0.728595 0.728595
4777.558105 0.000000 1277.826294 0.000000 0.045184 0.000000 0.998979 0.653076 0.653076 0.653076
4789.538086 0.000000 1275.562012 0.000000 0.872140 0.000000 -0.489256 0.792202 0.792202 0.792202
4854.324219 0.000000 1287.492676 0.000000 0.417503 0.000000 0.908676 0.688842 0.688842 0.688842
4847.778320 0.000000 1279.733154 0.000000 0.961846 0.000000 0.273592 0.690701 0.690701 0.690701
4842.657227 0.000000 1275.696899 0.000000 0.999352 0.000000 0.036006 0.694411 0.694411 0.694411
4846.920898 0.000000 1281.918335 0.000000 0.770278 0.000000 0.637708 0.658428 0.658428 0.658428
4856.452148 0.000000 1288.112427 0.000000 0.354667 0.000000 -0.934993 0.853717 0.853717 0.853717
4848.829102 0.000000 1281.619995 0.000000 0.835116 0.000000 -0.550074 0.747230 0.747230 0.747230
4848.743164 0.000000 1278.691284 0.000000 0.768745 0.000000 -0.639556 0.783433 0.783433 0.783433
4876.588379 0.000000 1177.907593 0.000000 0.586352 0.000000 0.810057 0.668317 0.668317 0.668317
4881.210938 0.000000 1179.476929 0.000000 0.635912 0.000000 -0.771761 0.836812 0.836812 0.836812
4878.012695 0.000000 1175.910034 0.000000 0.989624 0.000000 -0.143680 0.711490 0.711490 0.711490
4873.521973 0.000000 1173.061157 0.000000 0.549226 0.000000 0.835674 0.601794 0.601794 0.601794
4880.401855 0.000000 1177.841309 0.000000 0.922505 0.000000 -0.385986 0.740444 0.740444 0.740444
4879.065918 0.000000 1177.096680 0.000000 0.320507 0.000000 -0.947246 0.867034 0.867034 0.867034
4876.588379 0.000000 1225.149780 0.000000 0.911043 0.000000 -0.412312 0.729114 0.729114 0.729114
4880.943359 0.000000 1192.842407 0.000000 0.475303 0.000000 -0.879822 0.760144 0.760144 0.760144
4877.221680 0.000000 1227.985352 0.000000 0.631164 0.000000 0.775650 0.533689 0.533689 0.533689
4879.749023 0.000000 1195.297363 0.000000 0.504332 0.000000 -0.863510 0.820935 0.820935 0.820935
4877.027344 0.000000 1198.437256 0.000000 0.498517 0.000000 -0.866880 0.755725 0.755725 0.755725
4875.687012 0.000000 1223.024292 0.000000 0.803221 0.000000 -0.595682 0.782076 0.782076 0.782076
4874.398926 0.000000 1224.890991 0.000000 0.946900 0.000000 -0.321528 0.745307 0.745307 0.745307
4878.063965 0.000000 1196.602905 0.000000 0.448545 0.000000 0.893760 0.602615 0.602615 0.602615
4882.710938 0.000000 1193.700439 0.000000 0.646952 0.000000 -0.762531 0.796994 0.796994 0.796994
4877.565918 0.000000 1226.528076 0.000000 0.379613 0.000000 -0.925145 0.921328 0.921328 0.921328
4864.604492 0.000000 1275.247314 0.000000 0.994567 0.000000 -0.104100 0.716038 0.716038 0.716038
4875.448242 0.000000 1234.601440 0.000000 0.331383 0.000000 -0.943496 0.755163 0.755163 0.755163
4875.826172 0.000000 1243.227295 0.000000 0.992326 0.000000 0.123645 0.679030 0.679030 0.679030
4874.279297 0.000000 1241.316772 0.000000 0.439894 0.000000 -0.898050 0.763931 0.763931 0.763931
4877.959473 0.000000 1234.936279 0.000000 0.501262 0.000000 0.865295 0.496780 0.496780 0.496780
4865.976074 0.000000 1274.324951 0.000000 0.792446 0.000000 0.609942 0.599117 0.599117 0.599117
4874.200684 0.000000 1242.733765 0.000000 0.662900 0.000000 0.748708 0.556867 0.556867 0.556867
4876.656738 0.000000 1235.217896 0.000000 0.092650 0.000000 0.995699 0.412776 0.412776 0.412776
4867.176758 0.000000 1278.286621 0.000000 0.820093 0.000000 -0.572230 0.734069 0.734069 0.734069
4864.483398 0.000000 1276.438599 0.000000 0.326338 0.000000 -0.945253 0.758865 0.758865 0.758865
4865.991699 0.000000 1288.543335 0.000000 0.821009 0.000000 -0.570915 0.728883 0.728883 0.728883
4864.900391 0.000000 1281.463135 0.000000 0.685547 0.000000 0.728029 0.550654 0.550654 0.550654
4865.799316 0.000000 1279.660645 0.000000 0.969251 0.000000 0.246073 0.664545 0.664545 0.664545
4865.237793 0.000000 1278.044922 0.000000 0.209633 0.000000 0.977780 0.506118 0.506118 0.506118
4865.567383 0.000000 1275.545044 0.000000 0.869216 0.000000 0.494432 0.620464 0.620464 0.620464
4864.680664 0.000000 1280.297485 0.000000 0.993126 0.000000 -0.117049 0.721486 0.721486 0.721486
5170.897461 0.000000 786.813416 0.000000 0.861818 0.000000 -0.507218 0.756522 0.756522 0.756522
5145.589844 0.000000 773.282349 0.000000 0.931028 0.000000 -0.364948 0.703656 0.703656 0.703656
5159.793457 0.000000 780.519531 0.000000 0.446761 0.000000 -0.894654 0.738714 0.738714 0.738714
5143.038574 0.000000 771.114502 0.000000 0.475500 0.000000 0.879715 0.501566 0.501566 0.501566
5162.880371 0.000000 779.693176 0.000000 0.267100 0.000000 -0.963669 0.745452 0.745452 0.745452
5171.576660 0.000000 802.184937 0.000000 0.286832 0.000000 -0.957981 0.782310 0.782310 0.782310
5147.705566 0.000000 774.434631 0.000000 0.971492 0.000000 0.237073 0.665199 0.665199 0.665199
5128.859863 0.000000 762.393921 0.000000 0.557164 0.000000 0.830403 0.620548 0.620548 0.620548
5171.351074 0.000000 784.689636 0.000000 0.922819 0.000000 0.385234 0.672909 0.672909 0.672909
5121.768066 0.000000 759.996460 0.000000 0.858419 0.000000 -0.512949 0.780573 0.780573 0.780573
5126.239746 0.000000 763.230835 0.000000 0.563838 0.000000 0.825885 0.564140 0.564140 0.564140
5121.206543 0.000000 758.380798 0.000000 0.710495 0.000000 -0.703703 0.816772 0.816772 0.816772
5146.136230 0.000000 774.818787 0.000000 0.885443 0.000000 -0.464748 0.770279 0.770279 0.770279
5119.403809 0.000000 758.116455 0.000000 0.847709 0.000000 0.530462 0.633554 0.633554 0.633554
5127.575684 0.000000 762.962708 0.000000 0.925448 0.000000 0.378875 0.645674 0.645674 0.645674
5180.608887 0.000000 820.714783 0.000000 0.992505 0.000000 -0.122204 0.701884 0.701884 0.701884
5180.159668 0.000000 833.605774 0.000000 0.028126 0.000000 -0.999604 0.773329 0.773329 0.773329
5174.860352 0.000000 844.737976 0.000000 0.884187 0.000000 0.467133 0.670780 0.670780 0.670780
5177.069824 0.000000 842.264160 0.000000 0.799046 0.000000 -0.601270 0.723449 0.723449 0.723449
5177.289062 0.000000 813.068542 0.000000 1.000000 0.000000 0.000115 0.699995 0.699995 0.699995
5179.770020 0.000000 823.575195 0.000000 0.068141 0.000000 -0.997676 0.937384 0.937384 0.937384
5178.826172 0.000000 820.640564 0.000000 0.579703 0.000000 0.814828 0.621438 0.621438 0.621438
5181.007812 0.000000 822.339905 0.000000 0.798147 0.000000 0.602462 0.624971 0.624971 0.624971
5178.435059 0.000000 823.535339 0.000000 0.835375 0.000000 -0.549681 0.791942 0.791942 0.791942
5184.385254 0.000000 826.038391 0.000000 0.658361 0.000000 0.752702 0.688086 0.688086 0.688086
5184.538574 0.000000 829.934204 0.000000 0.856640 0.000000 -0.515915 0.720462 0.720462 0.720462
5328.458984 0.000000 845.578918 0.000000 0.764620 0.000000 -0.644481 0.733290 0.733290 0.733290
5183.147949 0.000000 862.685913 0.000000 0.263329 0.000000 0.964706 0.687235 0.687235 0.687235
5180.351074 0.000000 861.216125 0.000000 0.995704 0.000000 -0.092591 0.705056 0.705056 0.705056
5224.765625 0.000000 869.368774 0.000000 0.533729 0.000000 0.845655 0.638006 0.638006 0.638006
5233.225586 0.000000 868.721069 0.000000 0.922260 0.000000 -0.386570 0.734404 0.734404 0.734404
5187.143066 0.000000 861.338318 0.000000 0.971904 0.000000 0.235376 0.692027 0.692027 0.692027
5243.849609 0.000000 858.251343 0.000000 0.441579 0.000000 0.897222 0.673537 0.673537 0.673537
5213.665039 0.000000 870.045105 0.000000 0.147917 0.000000 0.989000 0.612505 0.612505 0.612505
5195.787109 0.000000 865.289734 0.000000 0.567142 0.000000 -0.823620 0.743296 0.743296 0.743296
5191.019043 0.000000 862.374756 0.000000 0.137650 0.000000 -0.990481 0.780121 0.780121 0.780121
5241.202637 0.000000 866.765259 0.000000 0.558581 0.000000 0.829450 0.678120 0.678120 0.678120
5235.952637 0.000000 869.346130 0.000000 0.725183 0.000000 -0.688556 0.739288 0.739288 0.739288
5241.936035 0.000000 869.484924 0.000000 0.259012 0.000000 0.965874 0.601192 0.601192 0.601192
5184.370605 0.000000 861.292725 0.000000 0.686115 0.000000 -0.727494 0.735307 0.735307 0.735307
5241.483887 0.000000 856.905090 0.000000 0.900462 0.000000 -0.434934 0.727680 0.727680 0.727680
5215.904297 0.000000 870.966553 0.000000 0.283568 0.000000 0.958952 0.586971 0.586971 0.586971
5226.472168 0.000000 868.409424 0.000000 0.837906 0.000000 0.545814 0.656412 0.656412 0.656412
5240.479492 0.000000 868.462463 0.000000 0.995480 0.000000 0.094975 0.692819 0.692819 0.692819
5214.240723 0.000000 871.754150 0.000000 0.879914 0.000000 -0.475132 0.743609 0.743609 0.743609
5258.801758 0.000000 852.054993 0.000000 0.292940 0.000000 -0.956131 0.721365 0.721365 0.721365
5290.015137 0.000000 880.828796 0.000000 0.903902 0.000000 -0.427740 0.714212 0.714212 0.714212
5302.127441 0.000000 896.932129 0.000000 0.840812 0.000000 0.541327 0.692803 0.692803 0.692803
5256.922852 0.000000 854.636169 0.000000 0.768915 0.000000 -0.639352 0.726184 0.726184 0.726184
5281.590332 0.000000 878.746521 0.000000 0.437142 0.000000 0.899393 0.603059 0.603059 0.603059
5254.471680 0.000000 853.260620 0.000000 0.988601 0.000000 -0.150558 0.711199 0.711199 0.711199
5259.206543 0.000000 854.104248 0.000000 0.551424 0.000000 0.834225 0.618609 0.618609 0.618609
5273.144043 0.000000 872.293884 0.000000 0.524715 0.000000 0.851278 0.634505 0.634505 0.634505
5339.522461 0.000000 895.068054 0.000000 0.618079 0.000000 0.786116 0.686090 0.686090 0.686090
5337.119629 0.000000 855.921631 0.000000 0.864699 0.000000 -0.502291 0.730165 0.730165 0.730165
5345.969727 0.000000 856.583008 0.000000 0.989832 0.000000 0.142241 0.692617 0.692617 0.692617
5349.200684 0.000000 858.576843 0.000000 0.124389 0.000000 0.992234 0.619131 0.619131 0.619131
5367.686523 0.000000 872.700684 0.000000 0.778960 0.000000 -0.627074 0.726533 0.726533 0.726533
5341.643555 0.000000 894.145386 0.000000 0.583871 0.000000 0.811846 0.656295 0.656295 0.656295
5364.145020 0.000000 873.848877 0.000000 0.125372 0.000000 -0.992110 0.801017 0.801017 0.801017
5303.544922 0.000000 933.794495 0.000000 0.757612 0.000000 0.652705 0.676138 0.676138 0.676138
5301.005859 0.000000 900.872803 0.000000 0.834237 0.000000 0.551407 0.663256 0.663256 0.663256
5295.750000 0.000000 906.080933 0.000000 0.219590 0.000000 -0.975592 0.709433 0.709433 0.709433
5299.861816 0.000000 932.399841 0.000000 0.275579 0.000000 -0.961278 0.721669 0.721669 0.721669
5301.492188 0.000000 926.081299 0.000000 0.389023 0.000000 -0.921228 0.722924 0.722924 0.722924
5296.593750 0.000000 931.331665 0.000000 0.060452 0.000000 0.998171 0.630320 0.630320 0.630320
5298.622559 0.000000 903.525391 0.000000 0.631181 0.000000 0.775635 0.618088 0.618088 0.618088
5300.239258 0.000000 898.142700 0.000000 0.953912 0.000000 -0.300088 0.719601 0.719601 0.719601
5298.164551 0.000000 900.614380 0.000000 0.834732 0.000000 0.550657 0.633147 0.633147 0.633147
5302.344238 0.000000 931.320435 0.000000 0.289138 0.000000 0.957288 0.624988 0.624988 0.624988
5297.277832 0.000000 927.077637 0.000000 0.369484 0.000000 -0.929237 0.771680 0.771680 0.771680
5298.726562 0.000000 930.750122 0.000000 0.423673 0.000000 -0.905815 0.777637 0.777637 0.777637
5299.617188 0.000000 902.082336 0.000000 0.667707 0.000000 0.744424 0.622521 0.622521 0.622521
5300.469238 0.000000 930.796692 0.000000 0.757005 0.000000 0.653409 0.622348 0.622348 0.622348
5299.609863 0.000000 900.342285 0.000000 0.192474 0.000000 0.981302 0.542126 0.542126 0.542126
5357.019531 0.000000 898.474365 0.000000 0.106158 0.000000 -0.994349 0.781895 0.781895 0.781895
5361.209961 0.000000 915.963257 0.000000 0.903065 0.000000 -0.429504 0.701862 0.701862 0.701862
5366.893066 0.000000 916.604431 0.000000 0.972474 0.000000 0.233010 0.696055 0.696055 0.696055
5374.872070 0.000000 932.852905 0.000000 0.676291 0.000000 0.736634 0.627064 0.627064 0.627064
5371.024414 0.000000 931.926147 0.000000 0.930838 0.000000 -0.365432 0.719874 0.719874 0.719874
5363.472168 0.000000 906.940308 0.000000 0.684485 0.000000 -0.729027 0.715989 0.715989 0.715989
5374.187012 0.000000 930.091919 0.000000 0.879526 0.000000 0.475851 0.679893 0.679893 0.679893
5363.937012 0.000000 916.588318 0.000000 0.069538 0.000000 0.997579 0.582468 0.582468 0.582468
5360.075195 0.000000 918.931885 0.000000 0.972352 0.000000 -0.233518 0.708897 0.708897 0.708897
5362.599609 0.000000 918.747070 0.000000 0.645015 0.000000 0.764170 0.599074 0.599074 0.599074
5359.378418 0.000000 899.276672 0.000000 0.622068 0.000000 -0.782964 0.754070 0.754070 0.754070
5365.754883 0.000000 907.212891 0.000000 0.561739 0.000000 0.827314 0.638703 0.638703 0.638703
5372.080078 0.000000 930.094482 0.000000 0.939503 0.000000 0.342541 0.673605 0.673605 0.673605
5373.102539 0.000000 931.959290 0.000000 0.138142 0.000000 0.990412 0.591874 0.591874 0.591874
5374.305664 0.000000 934.534424 0.000000 0.089097 0.000000 0.996023 0.567434 0.567434 0.567434
5373.791992 0.000000 928.564575 0.000000 0.258013 0.000000 0.966142 0.557164 0.557164 0.557164
5370.618652 0.000000 928.125854 0.000000 0.981568 0.000000 0.191111 0.674191 0.674191 0.674191
5363.617188 0.000000 919.766907 0.000000 0.402047 0.000000 0.915619 0.565737 0.565737 0.565737
5396.310059 0.000000 846.713440 0.000000 0.292908 0.000000 0.956141 0.651927 0.651927 0.651927
5393.148438 0.000000 848.781555 0.000000 0.209769 0.000000 -0.977751 0.777925 0.777925 0.777925
5498.393066 0.000000 848.995056 0.000000 0.879250 0.000000 0.476360 0.680564 0.680564 0.680564
5504.526367 0.000000 850.067627 0.000000 0.998790 0.000000 -0.049174 0.702063 0.702063 0.702063
5553.571777 0.000000 847.153809 0.000000 0.850541 0.000000 -0.525909 0.739486 0.739486 0.739486
5558.813477 0.000000 844.737976 0.000000 0.980143 0.000000 0.198290 0.691070 0.691070 0.691070
5562.372559 0.000000 845.731506 0.000000 0.876565 0.000000 -0.481283 0.723868 0.723868 0.723868
5552.289551 0.000000 844.408508 0.000000 0.913178 0.000000 -0.407561 0.712325 0.712325 0.712325
5563.544922 0.000000 847.115967 0.000000 0.513990 0.000000 -0.857796 0.783599 0.783599 0.783599
5508.261230 0.000000 850.032227 0.000000 0.848121 0.000000 -0.529803 0.756206 0.756206 0.756206
5608.718750 0.000000 822.126587 0.000000 0.998674 0.000000 0.051485 0.697336 0.697336 0.697336
5612.501953 0.000000 817.335022 0.000000 0.793629 0.000000 0.608402 0.695428 0.695428 0.695428
5624.358398 0.000000 815.690552 0.000000 0.786077 0.000000 0.618128 0.618018 0.618018 0.618018
5624.941895 0.000000 814.445984 0.000000 0.241448 0.000000 -0.970414 0.863253 0.863253 0.863253
5434.400879 0.000000 896.237244 0.000000 0.143280 0.000000 0.989682 0.664089 0.664089 0.664089
5412.332520 0.000000 879.587769 0.000000 0.984771 0.000000 0.173859 0.690472 0.690472 0.690472
5384.299805 0.000000 868.072571 0.000000 0.795859 0.000000 0.605483 0.674541 0.674541 0.674541
5401.111816 0.000000 855.921631 0.000000 0.604027 0.000000 -0.796964 0.715472 0.715472 0.715472
5410.480469 0.000000 860.050415 0.000000 0.833125 0.000000 0.553085 0.681974 0.681974 0.681974
5410.836426 0.000000 876.020081 0.000000 0.833480 0.000000 -0.552550 0.718006 0.718006 0.718006
5410.526855 0.000000 863.404663 0.000000 0.997502 0.000000 -0.070633 0.704843 0.704843 0.704843
5413.262695 0.000000 876.920349 0.000000 0.603064 0.000000 0.797693 0.657395 0.657395 0.657395
5438.571289 0.000000 896.162231 0.000000 0.764302 0.000000 -0.644859 0.736253 0.736253 0.736253
5385.845215 0.000000 870.837769 0.000000 0.609073 0.000000 0.793114 0.629573 0.629573 0.629573
5402.978027 0.000000 855.201355 0.000000 0.882918 0.000000 0.469527 0.667201 0.667201 0.667201
5500.714355 0.000000 850.562012 0.000000 0.576360 0.000000 -0.817196 0.764190 0.764190 0.764190
5447.192383 0.000000 881.343872 0.000000 0.284198 0.000000 -0.958766 0.723312 0.723312 0.723312
5498.233398 0.000000 851.296509 0.000000 0.997821 0.000000 -0.065975 0.705261 0.705261 0.705261
5448.254883 0.000000 883.529968 0.000000 0.482183 0.000000 0.876070 0.632831 0.632831 0.632831
5502.830078 0.000000 850.533691 0.000000 0.410776 0.000000 0.911736 0.579680 0.579680 0.579680
5436.722168 0.000000 897.804199 0.000000 0.460478 0.000000 0.887671 0.660296 0.660296 0.660296
5378.280273 0.000000 936.671753 0.000000 0.486920 0.000000 -0.873446 0.705940 0.705940 0.705940
5377.612793 0.000000 932.473022 0.000000 0.985089 0.000000 0.172047 0.685012 0.685012 0.685012
5375.375000 0.000000 932.160583 0.000000 0.995221 0.000000 -0.097645 0.708614 0.708614 0.708614
5376.999512 0.000000 935.548584 0.000000 0.938391 0.000000 -0.345575 0.737985 0.737985 0.737985
5440.413086 0.000000 898.501038 0.000000 0.157094 0.000000 0.987584 0.664440 0.664440 0.664440
5514.769043 0.000000 861.060669 0.000000 0.911038 0.000000 -0.412321 0.714260 0.714260 0.714260
5531.499023 0.000000 895.068054 0.000000 0.130749 0.000000 -0.991416 0.796612 0.796612 0.796612
5564.112793 0.000000 880.847961 0.000000 0.177300 0.000000 0.984157 0.668850 0.668850 0.668850
5518.107910 0.000000 881.632446 0.000000 0.989614 0.000000 0.143749 0.688303 0.688303 0.688303
5509.778320 0.000000 850.603455 0.000000 0.658494 0.000000 0.752586 0.614239 0.614239 0.614239
5516.174316 0.000000 870.359375 0.000000 0.931450 0.000000 -0.363870 0.710413 0.710413 0.710413
5519.668945 0.000000 871.994080 0.000000 0.998704 0.000000 -0.050897 0.702136 0.702136 0.702136
5528.257812 0.000000 892.663391 0.000000 0.760876 0.000000 0.648897 0.669396 0.669396 0.669396
5518.124512 0.000000 859.645508 0.000000 0.859769 0.000000 -0.510684 0.746459 0.746459 0.746459
5504.405273 0.000000 851.258850 0.000000 0.912803 0.000000 0.408400 0.682355 0.682355 0.682355
5519.509277 0.000000 878.732178 0.000000 0.373075 0.000000 -0.927801 0.731570 0.731570 0.731570
5510.440430 0.000000 853.260620 0.000000 0.327398 0.000000 -0.944887 0.783028 0.783028 0.783028
5561.444824 0.000000 856.905090 0.000000 0.591462 0.000000 0.806333 0.658039 0.658039 0.658039
5559.007324 0.000000 855.206177 0.000000 0.996865 0.000000 0.079125 0.697232 0.697232 0.697232
5566.091797 0.000000 859.511902 0.000000 0.987685 0.000000 -0.156455 0.719987 0.719987 0.719987
5518.602539 0.000000 869.749512 0.000000 0.766432 0.000000 -0.642325 0.757536 0.757536 0.757536
5514.143066 0.000000 858.745667 0.000000 0.910487 0.000000 -0.413537 0.730994 0.730994 0.730994
5506.813965 0.000000 850.762024 0.000000 0.976310 0.000000 0.216375 0.686584 0.686584 0.686584
5516.267090 0.000000 858.599915 0.000000 0.482157 0.000000 -0.876085 0.795532 0.795532 0.795532
5530.390625 0.000000 893.381653 0.000000 0.535891 0.000000 -0.844287 0.761837 0.761837 0.761837
5519.606934 0.000000 858.418030 0.000000 0.152984 0.000000 -0.988229 0.822844 0.822844 0.822844
5519.705078 0.000000 880.680664 0.000000 0.772331 0.000000 0.635220 0.644188 0.644188 0.644188
5566.091309 0.000000 861.310486 0.000000 0.657396 0.000000 -0.753545 0.768010 0.768010 0.768010
5560.770996 0.000000 855.381836 0.000000 0.764473 0.000000 -0.644655 0.766602 0.766602 0.766602
5567.096680 0.000000 858.409851 0.000000 0.981254 0.000000 -0.192717 0.724673 0.724673 0.724673
5601.075684 0.000000 850.640137 0.000000 0.921490 0.000000 0.388402 0.692192 0.692192 0.692192
5568.308105 0.000000 858.443665 0.000000 0.391806 0.000000 0.920048 0.633038 0.633038 0.633038
5603.283691 0.000000 852.965942 0.000000 0.745004 0.000000 0.667060 0.670393 0.670393 0.670393
5568.595215 0.000000 883.524719 0.000000 0.695074 0.000000 0.718938 0.630459 0.630459 0.630459
5568.323730 0.000000 861.292725 0.000000 0.139466 0.000000 0.990227 0.507956 0.507956 0.507956
5600.067871 0.000000 852.669800 0.000000 0.823213 0.000000 -0.567733 0.746425 0.746425 0.746425
5571.150879 0.000000 864.487671 0.000000 0.175391 0.000000 -0.984499 0.852068 0.852068 0.852068
5567.419922 0.000000 859.903381 0.000000 0.338278 0.000000 -0.941046 0.855940 0.855940 0.855940
5569.726562 0.000000 860.553406 0.000000 0.987197 0.000000 -0.159503 0.721499 0.721499 0.721499
5567.339844 0.000000 882.406677 0.000000 0.214973 0.000000 -0.976620 0.889317 0.889317 0.889317
5535.643066 0.000000 902.082764 0.000000 0.661342 0.000000 0.750085 0.696442 0.696442 0.696442
5553.186523 0.000000 915.963257 0.000000 0.573463 0.000000 -0.819231 0.725503 0.725503 0.725503
5547.954102 0.000000 907.994263 0.000000 0.413131 0.000000 -0.910672 0.791237 0.791237 0.791237
5537.946289 0.000000 903.825195 0.000000 0.438089 0.000000 -0.898932 0.779667 0.779667 0.779667
5550.670410 0.000000 916.665222 0.000000 0.999030 0.000000 -0.044027 0.701662 0.701662 0.701662
5537.692871 0.000000 901.615845 0.000000 0.529290 0.000000 0.848441 0.620688 0.620688 0.620688
5539.266113 0.000000 905.436584 0.000000 0.659636 0.000000 0.751585 0.622715 0.622715 0.622715
5542.374023 0.000000 907.152771 0.000000 0.601504 0.000000 0.798870 0.615904 0.615904 0.615904
5552.223633 0.000000 917.299866 0.000000 0.184682 0.000000 -0.982798 0.843293 0.843293 0.843293
5554.360352 0.000000 922.621460 0.000000 0.956645 0.000000 0.291257 0.670664 0.670664 0.670664
5572.539062 0.000000 917.954041 0.000000 0.987808 0.000000 -0.155677 0.701967 0.701967 0.701967
5570.401855 0.000000 922.262573 0.000000 0.836809 0.000000 -0.547494 0.721870 0.721870 0.721870
5571.418457 0.000000 919.987732 0.000000 0.998841 0.000000 -0.048130 0.702356 0.702356 0.702356
5573.259277 0.000000 901.607239 0.000000 0.999817 0.000000 -0.019137 0.701766 0.701766 0.701766
5571.827637 0.000000 921.431213 0.000000 0.904337 0.000000 0.426819 0.653145 0.653145 0.653145
5123.413574 0.000000 979.090271 0.000000 0.527597 0.000000 0.849495 0.650332 0.650332 0.650332
5129.481934 0.000000 986.621521 0.000000 0.750294 0.000000 -0.661105 0.728275 0.728275 0.728275
5129.490723 0.000000 984.092346 0.000000 0.193067 0.000000 0.981186 0.594155 0.594155 0.594155
5131.655762 0.000000 986.813232 0.000000 0.024627 0.000000 -0.999697 0.981014 0.981014 0.981014
5119.411621 0.000000 969.711365 0.000000 0.337673 0.000000 0.941263 0.543978 0.543978 0.543978
5130.954590 0.000000 985.093750 0.000000 0.299158 0.000000 -0.954204 0.854106 0.854106 0.854106
5122.656738 0.000000 977.478943 0.000000 0.973360 0.000000 -0.229284 0.740752 0.740752 0.740752
5130.446777 0.000000 987.417419 0.000000 0.902264 0.000000 0.431184 0.618975 0.618975 0.618975
5130.645020 0.000000 986.236511 0.000000 0.559938 0.000000 -0.828535 0.877475 0.877475 0.877475
5123.008301 0.000000 976.248108 0.000000 0.437775 0.000000 0.899085 0.503114 0.503114 0.503114
5139.811523 0.000000 995.971069 0.000000 0.982656 0.000000 0.185439 0.685136 0.685136 0.685136
5139.625977 0.000000 1006.493958 0.000000 0.999993 0.000000 -0.003798 0.700159 0.700159 0.700159
5141.419434 0.000000 994.074341 0.000000 0.976819 0.000000 -0.214069 0.710557 0.710557 0.710557
5141.820801 0.000000 1001.740784 0.000000 0.333145 0.000000 0.942876 0.639756 0.639756 0.639756
5138.485840 0.000000 994.215820 0.000000 0.985816 0.000000 0.167827 0.686562 0.686562 0.686562
5140.657715 0.000000 1004.620239 0.000000 0.219575 0.000000 -0.975596 0.828287 0.828287 0.828287
5142.659668 0.000000 1025.385864 0.000000 0.966879 0.000000 0.255235 0.685206 0.685206 0.685206
5141.123047 0.000000 1007.952271 0.000000 0.307166 0.000000 -0.951656 0.830209 0.830209 0.830209
5138.679688 0.000000 1004.731628 0.000000 0.576872 0.000000 -0.816835 0.818941 0.818941 0.818941
5141.635742 0.000000 1006.148193 0.000000 0.864864 0.000000 -0.502006 0.754410 0.754410 0.754410
5138.929688 0.000000 1000.234192 0.000000 0.659304 0.000000 0.751877 0.633381 0.633381 0.633381
5140.518066 0.000000 997.709961 0.000000 0.865283 0.000000 -0.501284 0.751387 0.751387 0.751387
5140.840820 0.000000 1028.434326 0.000000 0.740280 0.000000 -0.672299 0.844313 0.844313 0.844313
5138.555664 0.000000 996.567200 0.000000 0.263454 0.000000 0.964672 0.543192 0.543192 0.543192
5141.811523 0.000000 1029.301270 0.000000 0.826972 0.000000 -0.562243 0.816869 0.816869 0.816869
5352.175781 0.000000 954.245911 0.000000 0.314083 0.000000 -0.949396 0.706998 0.706998 0.706998
5352.998047 0.000000 957.792725 0.000000 0.449270 0.000000 -0.893396 0.729348 0.729348 0.729348
5359.294434 0.000000 960.542908 0.000000 0.939397 0.000000 -0.342833 0.709295 0.709295 0.709295
5123.150879 0.000000 1050.307129 0.000000 0.701866 0.000000 -0.712309 0.711084 0.711084 0.711084
5149.672852 0.000000 1059.013916 0.000000 0.556222 0.000000 0.831034 0.669828 0.669828 0.669828
5128.728516 0.000000 1066.275146 0.000000 0.625867 0.000000 0.779930 0.682491 0.682491 0.682491
5139.625977 0.000000 1053.736206 0.000000 0.919742 0.000000 -0.392523 0.715226 0.715226 0.715226
5131.913086 0.000000 1067.501465 0.000000 0.858165 0.000000 0.513374 0.687941 0.687941 0.687941
5135.717773 0.000000 1053.570801 0.000000 0.128839 0.000000 -0.991666 0.814881 0.814881 0.814881
5121.735840 0.000000 1054.734375 0.000000 0.890438 0.000000 0.455105 0.662347 0.662347 0.662347
5124.676270 0.000000 1052.189453 0.000000 0.182063 0.000000 0.983287 0.608815 0.608815 0.608815
5148.241699 0.000000 1061.330933 0.000000 0.874045 0.000000 0.485845 0.668792 0.668792 0.668792
5128.411133 0.000000 1068.472412 0.000000 0.823458 0.000000 -0.567377 0.731209 0.731209 0.731209
5141.635742 0.000000 1053.390381 0.000000 0.991588 0.000000 0.129437 0.686753 0.686753 0.686753
5135.260254 0.000000 1051.911499 0.000000 0.058845 0.000000 0.998267 0.518216 0.518216 0.518216
5134.499023 0.000000 1050.300537 0.000000 0.842400 0.000000 0.538853 0.631578 0.631578 0.631578
5381.793945 0.000000 945.087830 0.000000 0.746351 0.000000 0.665553 0.690837 0.690837 0.690837
5376.420898 0.000000 945.743225 0.000000 0.919589 0.000000 0.392882 0.687581 0.687581 0.687581
5378.829590 0.000000 945.246399 0.000000 0.571456 0.000000 0.820632 0.655593 0.655593 0.655593
5622.805664 0.000000 1033.706787 0.000000 0.496350 0.000000 0.868122 0.641203 0.641203 0.641203
5626.153809 0.000000 1018.788025 0.000000 0.697368 0.000000 0.716713 0.683242 0.683242 0.683242
5625.015137 0.000000 1031.232910 0.000000 0.577001 0.000000 -0.816743 0.766810 0.766810 0.766810
5625.556152 0.000000 1021.503418 0.000000 0.980085 0.000000 0.198577 0.690218 0.690218 0.690218
5625.226562 0.000000 1016.402893 0.000000 0.419356 0.000000 -0.907822 0.749324 0.749324 0.749324
5623.655273 0.000000 1014.427246 0.000000 0.798565 0.000000 0.601909 0.673813 0.673813 0.673813
5622.587891 0.000000 1012.909363 0.000000 0.955604 0.000000 0.294654 0.677002 0.677002 0.677002
5622.442871 0.000000 1064.425171 0.000000 0.780947 0.000000 0.624597 0.692455 0.692455 0.692455
5620.966797 0.000000 1042.599487 0.000000 0.762799 0.000000 -0.646636 0.711797 0.711797 0.711797
5628.104980 0.000000 1069.816772 0.000000 0.420874 0.000000 0.907119 0.679346 0.679346 0.679346
5626.153809 0.000000 1066.030273 0.000000 0.446461 0.000000 -0.894803 0.730981 0.730981 0.730981
5619.905762 0.000000 1058.314941 0.000000 0.684853 0.000000 0.728681 0.676031 0.676031 0.676031
5616.043945 0.000000 1060.658447 0.000000 0.947723 0.000000 -0.319094 0.709535 0.709535 0.709535
5625.556152 0.000000 1068.745728 0.000000 0.243372 0.000000 0.969933 0.649986 0.649986 0.649986
5622.999512 0.000000 1044.174927 0.000000 0.834523 0.000000 -0.550973 0.735080 0.735080 0.735080
5623.795410 0.000000 1066.725830 0.000000 0.959217 0.000000 -0.282671 0.719632 0.719632 0.719632
5626.047852 0.000000 1071.258057 0.000000 0.451007 0.000000 0.892520 0.641407 0.641407 0.641407
5618.568359 0.000000 1060.473633 0.000000 0.999918 0.000000 -0.012819 0.701290 0.701290 0.701290
5523.158691 0.000000 1109.818848 0.000000 0.998928 0.000000 -0.046284 0.702007 0.702007 0.702007
5529.542969 0.000000 1103.977661 0.000000 0.350277 0.000000 -0.936646 0.715262 0.715262 0.715262
5516.657715 0.000000 1126.433716 0.000000 0.969782 0.000000 -0.243972 0.709648 0.709648 0.709648
5517.493164 0.000000 1122.804199 0.000000 0.981910 0.000000 -0.189347 0.708789 0.708789 0.708789
5541.361328 0.000000 1097.594238 0.000000 0.040827 0.000000 0.999166 0.644386 0.644386 0.644386
5522.550781 0.000000 1106.691162 0.000000 0.354415 0.000000 0.935088 0.627348 0.627348 0.627348
5535.704590 0.000000 1098.197754 0.000000 0.987208 0.000000 -0.159439 0.704925 0.704925 0.704925
5544.208984 0.000000 1102.513428 0.000000 0.682296 0.000000 -0.731076 0.742412 0.742412 0.742412
5529.312500 0.000000 1101.202026 0.000000 0.927013 0.000000 0.375030 0.673127 0.673127 0.673127
5516.023926 0.000000 1124.324463 0.000000 0.609950 0.000000 -0.792440 0.884169 0.884169 0.884169
5565.079102 0.000000 1120.928101 0.000000 0.898008 0.000000 -0.439978 0.729298 0.729298 0.729298
5539.461426 0.000000 1097.876099 0.000000 0.095282 0.000000 -0.995450 0.813447 0.813447 0.813447
5537.587402 0.000000 1098.042480 0.000000 0.525595 0.000000 0.850735 0.617503 0.617503 0.617503
5536.610840 0.000000 1099.730835 0.000000 0.137837 0.000000 0.990455 0.583840 0.583840 0.583840
5514.772949 0.000000 1125.143555 0.000000 0.396848 0.000000 -0.917884 0.867432 0.867432 0.867432
5517.778320 0.000000 1125.880005 0.000000 0.843517 0.000000 -0.537102 0.814149 0.814149 0.814149
5516.839355 0.000000 1125.117554 0.000000 0.089009 0.000000 -0.996031 0.998292 0.998292 0.998292
5608.718750 0.000000 1105.579712 0.000000 0.765535 0.000000 0.643394 0.685343 0.685343 0.685343
5604.309082 0.000000 1115.798706 0.000000 0.712224 0.000000 -0.701952 0.762009 0.762009 0.762009
5607.738770 0.000000 1111.214844 0.000000 0.777899 0.000000 0.628390 0.675301 0.675301 0.675301
5617.492676 0.000000 1099.550049 0.000000 0.229873 0.000000 -0.973221 0.743051 0.743051 0.743051
5602.812988 0.000000 1112.231079 0.000000 0.794016 0.000000 -0.607897 0.713703 0.713703 0.713703
5568.379883 0.000000 1122.878784 0.000000 0.747552 0.000000 0.664203 0.659376 0.659376 0.659376
5617.236816 0.000000 1096.902832 0.000000 0.740887 0.000000 -0.671629 0.729857 0.729857 0.729857
5610.624512 0.000000 1102.561890 0.000000 0.776816 0.000000 -0.629728 0.730476 0.730476 0.730476
5594.000977 0.000000 1132.989258 0.000000 0.959819 0.000000 -0.280621 0.715509 0.715509 0.715509
5603.580078 0.000000 1114.056030 0.000000 0.692092 0.000000 0.721809 0.614316 0.614316 0.614316
5609.616699 0.000000 1111.798584 0.000000 0.429069 0.000000 0.903272 0.599130 0.599130 0.599130
5573.369629 0.000000 1128.682129 0.000000 0.996988 0.000000 0.077552 0.692837 0.692837 0.692837
5609.073242 0.000000 1110.054077 0.000000 0.395589 0.000000 0.918428 0.595842 0.595842 0.595842
5644.543945 0.000000 827.960938 0.000000 0.742366 0.000000 0.669994 0.687682 0.687682 0.687682
5686.435059 0.000000 828.214172 0.000000 0.711635 0.000000 0.702549 0.695644 0.695644 0.695644
5650.523438 0.000000 831.319885 0.000000 0.960998 0.000000 0.276554 0.674928 0.674928 0.674928
5636.388184 0.000000 818.368164 0.000000 0.808390 0.000000 -0.588647 0.743996 0.743996 0.743996
5690.145996 0.000000 829.819275 0.000000 0.446523 0.000000 -0.894772 0.720136 0.720136 0.720136
5633.673340 0.000000 818.523438 0.000000 0.063187 0.000000 0.998002 0.586185 0.586185 0.586185
5639.271973 0.000000 823.299255 0.000000 0.968024 0.000000 0.250859 0.681920 0.681920 0.681920
5689.218750 0.000000 827.434143 0.000000 0.264467 0.000000 0.964395 0.632590 0.632590 0.632590
5637.817383 0.000000 820.385010 0.000000 0.280150 0.000000 0.959956 0.626237 0.626237 0.626237
5633.897949 0.000000 816.121399 0.000000 0.801303 0.000000 0.598258 0.669515 0.669515 0.669515
5687.289551 0.000000 832.497192 0.000000 0.628500 0.000000 -0.777810 0.805903 0.805903 0.805903
5688.058105 0.000000 828.776733 0.000000 0.956014 0.000000 -0.293320 0.729966 0.729966 0.729966
5686.126465 0.000000 833.555420 0.000000 0.021214 0.000000 -0.999775 0.884146 0.884146 0.884146
5704.658203 0.000000 830.064209 0.000000 0.851829 0.000000 -0.523820 0.710020 0.710020 0.710020
5707.842773 0.000000 831.290466 0.000000 0.587018 0.000000 0.809574 0.611629 0.611629 0.611629
5715.014648 0.000000 843.816406 0.000000 0.536329 0.000000 0.844009 0.669097 0.669097 0.669097
5701.861328 0.000000 830.518066 0.000000 0.813609 0.000000 0.581412 0.673977 0.673977 0.673977
5706.038086 0.000000 831.633667 0.000000 0.871336 0.000000 0.490687 0.651959 0.651959 0.651959
5703.413086 0.000000 831.029419 0.000000 0.959653 0.000000 -0.281185 0.728293 0.728293 0.728293
5770.108887 0.000000 840.003845 0.000000 0.812756 0.000000 -0.582605 0.719129 0.719129 0.719129
5793.749512 0.000000 825.064880 0.000000 0.876471 0.000000 0.481455 0.693680 0.693680 0.693680
5810.819336 0.000000 834.055603 0.000000 0.252699 0.000000 -0.967545 0.745973 0.745973 0.745973
5820.229004 0.000000 843.069092 0.000000 0.579706 0.000000 -0.814826 0.735952 0.735952 0.735952
5794.789551 0.000000 828.777893 0.000000 0.970457 0.000000 -0.241274 0.706814 0.706814 0.706814
5796.720215 0.000000 827.254822 0.000000 0.858385 0.000000 -0.513006 0.741421 0.741421 0.741421
5809.215332 0.000000 832.593262 0.000000 0.885122 0.000000 0.465359 0.658720 0.658720 0.658720
5769.456543 0.000000 838.011658 0.000000 0.560817 0.000000 0.827940 0.642724 0.642724 0.642724
5794.730957 0.000000 826.824463 0.000000 0.421040 0.000000 -0.907042 0.844553 0.844553 0.844553
5820.208984 0.000000 845.129700 0.000000 0.931136 0.000000 -0.364672 0.732878 0.732878 0.732878
5769.039062 0.000000 840.965271 0.000000 0.926912 0.000000 -0.375279 0.764002 0.764002 0.764002
5857.076172 0.000000 843.119263 0.000000 0.702340 0.000000 -0.711842 0.714397 0.714397 0.714397
5887.062012 0.000000 815.443726 0.000000 0.994613 0.000000 -0.103659 0.707985 0.707985 0.707985
5840.396484 0.000000 845.578918 0.000000 0.911017 0.000000 -0.412369 0.708914 0.708914 0.708914
5856.157715 0.000000 845.870239 0.000000 0.368064 0.000000 -0.929800 0.825183 0.825183 0.825183
5854.632324 0.000000 842.462036 0.000000 0.620446 0.000000 -0.784249 0.766798 0.766798 0.766798
5838.186035 0.000000 841.269348 0.000000 0.865681 0.000000 -0.500597 0.752042 0.752042 0.752042
5859.171875 0.000000 848.071350 0.000000 0.990309 0.000000 -0.138885 0.710909 0.710909 0.710909
5852.741211 0.000000 842.828857 0.000000 0.383289 0.000000 -0.923629 0.826753 0.826753 0.826753
5857.545410 0.000000 844.787476 0.000000 0.691341 0.000000 0.722529 0.615335 0.615335 0.615335
5727.619629 0.000000 854.840576 0.000000 0.354316 0.000000 -0.935126 0.718587 0.718587 0.718587
5729.922852 0.000000 856.583008 0.000000 0.998805 0.000000 -0.048877 0.701572 0.701572 0.701572
5729.669434 0.000000 854.373657 0.000000 0.688199 0.000000 0.725522 0.618284 0.618284 0.618284
5741.157227 0.000000 862.489014 0.000000 0.801312 0.000000 -0.598247 0.742140 0.742140 0.742140
5744.761230 0.000000 864.973145 0.000000 0.999485 0.000000 0.032093 0.696141 0.696141 0.696141
5737.280762 0.000000 936.709167 0.000000 0.986900 0.000000 0.161334 0.697281 0.697281 0.697281
5737.413086 0.000000 944.292053 0.000000 0.135168 0.000000 0.990823 0.599674 0.599674 0.599674
5738.787598 0.000000 938.524475 0.000000 0.985507 0.000000 0.169635 0.685225 0.685225 0.685225
5739.321777 0.000000 936.965210 0.000000 0.393284 0.000000 -0.919417 0.817430 0.817430 0.817430
5760.576172 0.000000 868.194214 0.000000 0.994591 0.000000 0.103867 0.696654 0.696654 0.696654
5805.166016 0.000000 890.879822 0.000000 0.404278 0.000000 -0.914636 0.716142 0.716142 0.716142
5806.996094 0.000000 888.192200 0.000000 0.999912 0.000000 0.013266 0.699221 0.699221 0.699221
5806.398438 0.000000 883.511292 0.000000 0.240985 0.000000 -0.970529 0.813205 0.813205 0.813205
5839.889160 0.000000 867.484741 0.000000 0.996193 0.000000 -0.087180 0.708787 0.708787 0.708787
5842.738770 0.000000 856.532593 0.000000 0.961920 0.000000 0.273332 0.688388 0.688388 0.688388
5804.478516 0.000000 911.819397 0.000000 0.889886 0.000000 0.456184 0.692715 0.692715 0.692715
5772.143066 0.000000 917.601562 0.000000 0.954419 0.000000 0.298470 0.687712 0.687712 0.687712
5768.497070 0.000000 920.077698 0.000000 0.265037 0.000000 -0.964238 0.738242 0.738242 0.738242
5810.560059 0.000000 903.525391 0.000000 0.333929 0.000000 -0.942598 0.727521 0.727521 0.727521
5800.177734 0.000000 913.544617 0.000000 0.925417 0.000000 0.378950 0.675005 0.675005 0.675005
5772.917969 0.000000 914.984131 0.000000 0.675528 0.000000 0.737335 0.597994 0.597994 0.597994
5771.196289 0.000000 920.048279 0.000000 0.327480 0.000000 -0.944858 0.784752 0.784752 0.784752
5802.601074 0.000000 913.593018 0.000000 0.731433 0.000000 0.681914 0.632859 0.632859 0.632859
5773.954590 0.000000 913.149719 0.000000 0.988772 0.000000 -0.149434 0.709017 0.709017 0.709017
5900.512695 0.000000 827.960938 0.000000 0.989335 0.000000 -0.145658 0.711036 0.711036 0.711036
5903.622070 0.000000 824.751892 0.000000 0.685037 0.000000 0.728508 0.676039 0.676039 0.676039
5913.054688 0.000000 812.301208 0.000000 0.647507 0.000000 0.762059 0.672138 0.672138 0.672138
5895.740234 0.000000 811.655029 0.000000 0.466936 0.000000 0.884291 0.615056 0.615056 0.615056
5910.229492 0.000000 808.380005 0.000000 0.949492 0.000000 0.313790 0.663855 0.663855 0.663855
5888.284668 0.000000 814.050537 0.000000 0.869957 0.000000 0.493127 0.598345 0.598345 0.598345
5896.766113 0.000000 809.636108 0.000000 0.733049 0.000000 0.680176 0.615294 0.615294 0.615294
5901.532715 0.000000 824.835876 0.000000 0.951326 0.000000 -0.308187 0.735478 0.735478 0.735478
5894.145996 0.000000 810.473022 0.000000 0.238917 0.000000 0.971040 0.595908 0.595908 0.595908
5913.680664 0.000000 810.340332 0.000000 0.951181 0.000000 0.308633 0.657889 0.657889 0.657889
5911.541504 0.000000 809.316956 0.000000 0.898699 0.000000 0.438566 0.648587 0.648587 0.648587
5894.126953 0.000000 828.928894 0.000000 0.366382 0.000000 0.930465 0.469314 0.469314 0.469314
5907.839844 0.000000 819.856445 0.000000 0.996597 0.000000 -0.082424 0.715459 0.715459 0.715459
5912.442871 0.000000 810.964417 0.000000 0.999852 0.000000 0.017225 0.697688 0.697688 0.697688
5889.467285 0.000000 814.765320 0.000000 0.854065 0.000000 0.520167 0.592162 0.592162 0.592162
5906.875977 0.000000 818.729614 0.000000 0.785268 0.000000 0.619156 0.574918 0.574918 0.574918
5895.412109 0.000000 829.416809 0.000000 0.361100 0.000000 0.932527 0.468220 0.468220 0.468220
5888.583008 0.000000 815.833435 0.000000 0.996531 0.000000 -0.083222 0.716424 0.716424 0.716424
5896.957031 0.000000 810.913818 0.000000 0.259331 0.000000 0.965789 0.264621 0.264621 0.264621
5692.546387 0.000000 962.441345 0.000000 0.015617 0.000000 0.999878 0.576068 0.576068 0.576068
5693.796387 0.000000 968.830139 0.000000 0.998809 0.000000 0.048782 0.697544 0.697544 0.697544
5690.145996 0.000000 971.545837 0.000000 0.160903 0.000000 0.986970 0.672418 0.672418 0.672418
5694.252441 0.000000 972.140198 0.000000 0.956231 0.000000 -0.292611 0.731553 0.731553 0.731553
5734.017578 0.000000 945.731140 0.000000 0.951782 0.000000 -0.306776 0.721796 0.721796 0.721796
5696.292480 0.000000 952.928040 0.000000 0.913366 0.000000 0.407140 0.690034 0.690034 0.690034
5703.763672 0.000000 953.381592 0.000000 0.264125 0.000000 0.964488 0.594302 0.594302 0.594302
5700.864258 0.000000 953.564270 0.000000 0.984066 0.000000 -0.177806 0.716244 0.716244 0.716244
5696.308105 0.000000 955.777100 0.000000 0.636661 0.000000 0.771144 0.615048 0.615048 0.615048
5736.216309 0.000000 944.878723 0.000000 0.150020 0.000000 -0.988683 0.799277 0.799277 0.799277
5695.402344 0.000000 973.302368 0.000000 0.998796 0.000000 -0.049053 0.705214 0.705214 0.705214
5702.169434 0.000000 952.199585 0.000000 0.599658 0.000000 0.800257 0.624773 0.624773 0.624773
5697.710938 0.000000 955.037781 0.000000 0.853957 0.000000 0.520343 0.647208 0.647208 0.647208
5672.710938 0.000000 1011.095337 0.000000 0.599230 0.000000 -0.800577 0.783057 0.783057 0.783057
5668.344727 0.000000 1010.486450 0.000000 0.221848 0.000000 0.975081 0.624667 0.624667 0.624667
5648.183594 0.000000 1017.538513 0.000000 0.539447 0.000000 0.842020 0.680407 0.680407 0.680407
5669.758789 0.000000 1013.893555 0.000000 0.874070 0.000000 0.485800 0.683688 0.683688 0.683688
5689.548340 0.000000 1021.503418 0.000000 0.903773 0.000000 -0.428012 0.724734 0.724734 0.724734
5635.423340 0.000000 1009.889771 0.000000 0.370314 0.000000 0.928907 0.660023 0.660023 0.660023
5646.488770 0.000000 1015.670593 0.000000 0.716973 0.000000 0.697100 0.660099 0.660099 0.660099
5691.657227 0.000000 1020.363525 0.000000 0.971536 0.000000 0.236894 0.675925 0.675925 0.675925
5649.107422 0.000000 1015.661560 0.000000 0.980306 0.000000 0.197482 0.685826 0.685826 0.685826
5693.803711 0.000000 1021.403687 0.000000 0.826410 0.000000 -0.563068 0.751007 0.751007 0.751007
5646.207520 0.000000 1017.270142 0.000000 0.902954 0.000000 0.429737 0.654665 0.654665 0.654665
5661.885254 0.000000 1010.099060 0.000000 0.109173 0.000000 -0.994023 0.851193 0.851193 0.851193
5704.260742 0.000000 1009.799133 0.000000 0.999893 0.000000 0.014642 0.699734 0.699734 0.699734
5717.857910 0.000000 1032.826416 0.000000 0.893316 0.000000 -0.449429 0.731932 0.731932 0.731932
5718.512207 0.000000 1036.049805 0.000000 0.762141 0.000000 -0.647411 0.754147 0.754147 0.754147
5696.798828 0.000000 998.009949 0.000000 0.545190 0.000000 0.838312 0.609654 0.609654 0.609654
5724.311035 0.000000 1038.577881 0.000000 0.819501 0.000000 0.573078 0.648809 0.648809 0.648809
5697.697754 0.000000 996.207397 0.000000 0.382614 0.000000 -0.923908 0.818596 0.818596 0.818596
5695.335938 0.000000 1026.644897 0.000000 0.594701 0.000000 -0.803947 0.777034 0.777034 0.777034
5713.437988 0.000000 1028.067871 0.000000 0.933583 0.000000 -0.358360 0.728695 0.728695 0.728695
5695.324219 0.000000 1024.133179 0.000000 0.119562 0.000000 -0.992827 0.856196 0.856196 0.856196
5646.092285 0.000000 1070.601196 0.000000 0.906650 0.000000 -0.421883 0.721311 0.721311 0.721311
5648.466797 0.000000 1073.766846 0.000000 0.955932 0.000000 -0.293589 0.742493 0.742493 0.742493
5649.311523 0.000000 1070.588745 0.000000 0.914951 0.000000 0.403565 0.684900 0.684900 0.684900
5662.252441 0.000000 1085.317627 0.000000 0.331218 0.000000 -0.943554 0.732758 0.732758 0.732758
5660.953125 0.000000 1084.429443 0.000000 0.893219 0.000000 0.449621 0.637410 0.637410 0.637410
5649.114746 0.000000 1072.057251 0.000000 0.977419 0.000000 0.211308 0.669638 0.669638 0.669638
5646.414062 0.000000 1072.605713 0.000000 0.170838 0.000000 0.985299 0.418328 0.418328 0.418328
5647.438965 0.000000 1073.226074 0.000000 0.634875 0.000000 -0.772615 0.877757 0.877757 0.877757
5706.745605 0.000000 1050.029419 0.000000 0.547907 0.000000 -0.836540 0.791436 0.791436 0.791436
5722.475586 0.000000 1062.987427 0.000000 0.960206 0.000000 0.279294 0.694855 0.694855 0.694855
5733.541016 0.000000 1053.637085 0.000000 0.906817 0.000000 0.421525 0.678708 0.678708 0.678708
5732.336914 0.000000 1057.728638 0.000000 0.856006 0.000000 0.516966 0.680251 0.680251 0.680251
5733.750977 0.000000 1061.135742 0.000000 0.880266 0.000000 0.474480 0.670971 0.670971 0.670971
5722.378418 0.000000 1059.804932 0.000000 0.247905 0.000000 0.968784 0.661237 0.661237 0.661237
5730.487793 0.000000 1052.373413 0.000000 0.760032 0.000000 0.649886 0.669340 0.669340 0.669340
5709.499512 0.000000 1051.628662 0.000000 0.925596 0.000000 0.378512 0.662010 0.662010 0.662010
5730.722168 0.000000 1055.382935 0.000000 0.980276 0.000000 0.197632 0.688318 0.688318 0.688318
5702.423828 0.000000 1049.395020 0.000000 0.894586 0.000000 -0.446896 0.739510 0.739510 0.739510
5707.740723 0.000000 1051.525879 0.000000 0.894549 0.000000 -0.446970 0.742757 0.742757 0.742757
5700.625000 0.000000 1046.089600 0.000000 0.791730 0.000000 -0.610872 0.776257 0.776257 0.776257
5733.185547 0.000000 1059.476685 0.000000 0.860959 0.000000 0.508674 0.647029 0.647029 0.647029
5652.507812 0.000000 1119.445068 0.000000 0.877875 0.000000 -0.478890 0.718153 0.718153 0.718153
5636.531250 0.000000 1106.922852 0.000000 0.431935 0.000000 -0.901905 0.736148 0.736148 0.736148
5662.300293 0.000000 1109.803833 0.000000 0.820580 0.000000 0.571532 0.671081 0.671081 0.671081
5639.271973 0.000000 1106.752441 0.000000 0.971174 0.000000 -0.238371 0.710431 0.710431 0.710431
5659.290039 0.000000 1094.711548 0.000000 0.034082 0.000000 0.999419 0.590431 0.590431 0.590431
5654.597168 0.000000 1119.870361 0.000000 0.851404 0.000000 0.524510 0.654456 0.654456 0.654456
5660.814453 0.000000 1121.588013 0.000000 0.912717 0.000000 0.408592 0.672931 0.672931 0.672931
5661.698242 0.000000 1094.587891 0.000000 0.852892 0.000000 0.522088 0.638564 0.638564 0.638564
5664.510742 0.000000 1096.529663 0.000000 0.504775 0.000000 -0.863251 0.790293 0.790293 0.790293
5665.571777 0.000000 1098.042480 0.000000 0.406306 0.000000 0.913737 0.595277 0.595277 0.595277
5664.595215 0.000000 1099.730835 0.000000 0.367122 0.000000 -0.930173 0.808584 0.808584 0.808584
5665.192871 0.000000 1118.802246 0.000000 0.753575 0.000000 -0.657362 0.767191 0.767191 0.767191
5640.694824 0.000000 1105.919556 0.000000 0.997329 0.000000 -0.073038 0.706643 0.706643 0.706643
5640.470215 0.000000 1107.543213 0.000000 0.839837 0.000000 -0.542839 0.764178 0.764178 0.764178
6010.317871 0.000000 1129.184692 0.000000 0.929972 0.000000 -0.367630 0.712632 0.712632 0.712632
5965.826172 0.000000 1113.360962 0.000000 0.801769 0.000000 0.597634 0.641791 0.641791 0.641791
5965.633789 0.000000 1115.870483 0.000000 0.613231 0.000000 -0.789904 0.771297 0.771297 0.771297
6010.303223 0.000000 1127.162598 0.000000 0.818679 0.000000 0.574251 0.614482 0.614482 0.614482
6012.185547 0.000000 1128.582886 0.000000 0.521382 0.000000 -0.853323 0.785757 0.785757 0.785757
6007.139160 0.000000 1126.288208 0.000000 0.829131 0.000000 -0.559054 0.779622 0.779622 0.779622
5978.413086 0.000000 1116.006714 0.000000 0.875135 0.000000 0.483879 0.661869 0.661869 0.661869
5959.277344 0.000000 1132.166504 0.000000 0.775723 0.000000 0.631074 0.638893 0.638893 0.638893
5956.426270 0.000000 1114.179321 0.000000 0.780174 0.000000 -0.625562 0.790709 0.790709 0.790709
6008.346191 0.000000 1126.859741 0.000000 0.990319 0.000000 -0.138807 0.719858 0.719858 0.719858
6074.322754 0.000000 1085.206055 0.000000 0.983331 0.000000 -0.181824 0.701022 0.701022 0.701022
6070.033691 0.000000 1085.901001 0.000000 0.520319 0.000000 -0.853972 0.774413 0.774413 0.774413
6034.442871 0.000000 1077.008545 0.000000 0.916051 0.000000 -0.401062 0.721924 0.721924 0.721924
6064.317383 0.000000 1082.306152 0.000000 0.449016 0.000000 0.893524 0.539315 0.539315 0.539315
6032.261230 0.000000 1083.356934 0.000000 0.757233 0.000000 -0.653145 0.774628 0.774628 0.774628
6073.237793 0.000000 1086.405518 0.000000 0.974931 0.000000 -0.222507 0.729175 0.729175 0.729175
6125.126953 0.000000 1079.848633 0.000000 0.301489 0.000000 0.953470 0.675249 0.675249 0.675249
6142.778320 0.000000 1074.579468 0.000000 0.207977 0.000000 -0.978134 0.785643 0.785643 0.785643
6129.867676 0.000000 1062.822998 0.000000 0.973440 0.000000 0.228942 0.694187 0.694187 0.694187
6121.233887 0.000000 1078.435791 0.000000 0.816774 0.000000 -0.576958 0.709458 0.709458 0.709458
6140.935547 0.000000 1054.047363 0.000000 0.337830 0.000000 -0.941207 0.753143 0.753143 0.753143
6128.214355 0.000000 1064.675049 0.000000 0.602567 0.000000 -0.798069 0.758137 0.758137 0.758137
6129.176270 0.000000 1068.804199 0.000000 0.116691 0.000000 -0.993168 0.797563 0.797563 0.797563
6123.134277 0.000000 1075.134399 0.000000 0.691074 0.000000 0.722784 0.658213 0.658213 0.658213
6034.476562 0.000000 1114.773071 0.000000 0.757843 0.000000 0.652437 0.616526 0.616526 0.616526
6036.596680 0.000000 1094.228271 0.000000 0.605589 0.000000 -0.795778 0.824803 0.824803 0.824803
6074.163086 0.000000 1087.507446 0.000000 0.730957 0.000000 -0.682424 0.778754 0.778754 0.778754
6025.381348 0.000000 1125.818970 0.000000 0.898844 0.000000 0.438269 0.681606 0.681606 0.681606
6023.676758 0.000000 1123.933838 0.000000 0.473723 0.000000 0.880674 0.653310 0.653310 0.653310
6034.715332 0.000000 1092.743652 0.000000 0.694154 0.000000 -0.719827 0.774146 0.774146 0.774146
6037.136230 0.000000 1114.103149 0.000000 0.881266 0.000000 0.472620 0.639437 0.639437 0.639437
6027.517578 0.000000 1121.853149 0.000000 0.554113 0.000000 0.832442 0.616125 0.616125 0.616125
6070.018066 0.000000 1087.736816 0.000000 0.997453 0.000000 -0.071325 0.706487 0.706487 0.706487
6036.082520 0.000000 1115.414307 0.000000 0.955326 0.000000 0.295553 0.663087 0.663087 0.663087
6042.026855 0.000000 1105.514160 0.000000 0.742182 0.000000 -0.670198 0.775987 0.775987 0.775987
6036.055176 0.000000 1095.670166 0.000000 0.518296 0.000000 -0.855201 0.839130 0.839130 0.839130
6024.235352 0.000000 1122.446167 0.000000 0.849875 0.000000 0.526985 0.626280 0.626280 0.626280
6022.205078 0.000000 1124.681152 0.000000 0.866053 0.000000 -0.499953 0.754896 0.754896 0.754896
6035.688965 0.000000 1114.029785 0.000000 0.875657 0.000000 -0.482933 0.759189 0.759189 0.759189
6043.014648 0.000000 1103.832886 0.000000 0.605440 0.000000 -0.795891 0.835123 0.835123 0.835123
6073.104980 0.000000 1086.690186 0.000000 0.505633 0.000000 0.862749 0.564690 0.564690 0.564690
6037.795898 0.000000 1094.846680 0.000000 0.187875 0.000000 -0.982193 0.887389 0.887389 0.887389
6083.033691 0.000000 1097.549316 0.000000 0.545526 0.000000 0.838094 0.555505 0.555505 0.555505
6139.740234 0.000000 1094.462280 0.000000 0.467130 0.000000 -0.884189 0.731848 0.731848 0.731848
6121.913574 0.000000 1117.039795 0.000000 0.999576 0.000000 0.029122 0.698005 0.698005 0.698005
6125.060059 0.000000 1108.034180 0.000000 0.533530 0.000000 0.845781 0.685907 0.685907 0.685907
6100.588867 0.000000 1094.228271 0.000000 0.783902 0.000000 -0.620885 0.711238 0.711238 0.711238
6137.605469 0.000000 1090.209839 0.000000 0.998321 0.000000 -0.057926 0.701621 0.701621 0.701621
6080.245605 0.000000 1094.654663 0.000000 0.983817 0.000000 0.179175 0.690681 0.690681 0.690681
6122.120605 0.000000 1113.553589 0.000000 0.721017 0.000000 0.692917 0.679665 0.679665 0.679665
6080.261230 0.000000 1097.503662 0.000000 0.377780 0.000000 0.925895 0.660293 0.660293 0.660293
6137.374512 0.000000 1093.116089 0.000000 0.293252 0.000000 -0.956035 0.748059 0.748059 0.748059
6134.937012 0.000000 1091.417114 0.000000 0.188701 0.000000 -0.982035 0.757920 0.757920 0.757920
6103.022461 0.000000 1094.357422 0.000000 0.914211 0.000000 0.405239 0.676667 0.676667 0.676667
6101.703613 0.000000 1096.225220 0.000000 0.451125 0.000000 0.892461 0.624454 0.624454 0.624454
6082.470215 0.000000 1095.391602 0.000000 0.381809 0.000000 -0.924241 0.767584 0.767584 0.767584
6083.897949 0.000000 1096.372314 0.000000 0.729689 0.000000 0.683779 0.590525 0.590525 0.590525
5497.030762 0.000000 1172.959473 0.000000 0.741633 0.000000 0.670806 0.681496 0.681496 0.681496
5498.854492 0.000000 1172.192505 0.000000 0.996265 0.000000 -0.086349 0.707252 0.707252 0.707252
5500.714355 0.000000 1181.257324 0.000000 0.567587 0.000000 -0.823314 0.704057 0.704057 0.704057
5503.108887 0.000000 1193.381226 0.000000 0.103212 0.000000 0.994659 0.615888 0.615888 0.615888
5502.554688 0.000000 1182.912842 0.000000 0.999986 0.000000 -0.005337 0.700410 0.700410 0.700410
5500.009766 0.000000 1183.406372 0.000000 0.113461 0.000000 0.993542 0.628701 0.628701 0.628701
5519.302246 0.000000 1135.539795 0.000000 0.980723 0.000000 -0.195406 0.714848 0.714848 0.714848
5515.748047 0.000000 1148.742920 0.000000 0.279259 0.000000 -0.960216 0.721605 0.721605 0.721605
5516.949219 0.000000 1151.195068 0.000000 0.163849 0.000000 -0.986485 0.855312 0.855312 0.855312
5514.672852 0.000000 1151.865234 0.000000 0.330375 0.000000 -0.943850 0.782817 0.782817 0.782817
5578.761230 0.000000 1144.513794 0.000000 0.943581 0.000000 -0.331141 0.706134 0.706134 0.706134
5599.635254 0.000000 1138.293823 0.000000 0.998464 0.000000 0.055412 0.699302 0.699302 0.699302
5574.634277 0.000000 1173.427002 0.000000 0.394684 0.000000 0.918817 0.683711 0.683711 0.683711
5578.566406 0.000000 1166.963501 0.000000 0.475130 0.000000 0.879916 0.554124 0.554124 0.554124
5596.649902 0.000000 1139.978271 0.000000 0.997637 0.000000 0.068710 0.698077 0.698077 0.698077
5596.514160 0.000000 1136.906494 0.000000 0.021517 0.000000 -0.999768 0.788806 0.788806 0.788806
5581.515137 0.000000 1146.113037 0.000000 0.129511 0.000000 0.991578 0.560999 0.560999 0.560999
5578.283203 0.000000 1164.249023 0.000000 0.989457 0.000000 -0.144830 0.707925 0.707925 0.707925
5577.436035 0.000000 1173.061157 0.000000 0.707007 0.000000 0.707207 0.659365 0.659365 0.659365
5593.177734 0.000000 1133.914307 0.000000 0.833803 0.000000 -0.552062 0.748241 0.748241 0.748241
5579.572266 0.000000 1169.095337 0.000000 0.999870 0.000000 0.016102 0.699099 0.699099 0.699099
5581.978027 0.000000 1149.360718 0.000000 0.940266 0.000000 0.340440 0.667946 0.667946 0.667946
5581.571777 0.000000 1155.531250 0.000000 0.434651 0.000000 -0.900599 0.765832 0.765832 0.765832
5580.000977 0.000000 1165.476440 0.000000 0.121409 0.000000 -0.992603 0.799270 0.799270 0.799270
5581.164062 0.000000 1147.797241 0.000000 0.584269 0.000000 -0.811560 0.791336 0.791336 0.791336
5581.198242 0.000000 1152.651611 0.000000 0.989860 0.000000 -0.142043 0.715343 0.715343 0.715343
5579.706055 0.000000 1167.702637 0.000000 0.998180 0.000000 -0.060301 0.708183 0.708183 0.708183
5503.627930 0.000000 1185.109009 0.000000 0.972572 0.000000 -0.232602 0.708861 0.708861 0.708861
5512.284180 0.000000 1198.767944 0.000000 0.637568 0.000000 -0.770394 0.770084 0.770084 0.770084
5511.184570 0.000000 1212.039185 0.000000 0.902725 0.000000 0.430218 0.678238 0.678238 0.678238
5567.101074 0.000000 1193.381226 0.000000 0.647694 0.000000 0.761900 0.667301 0.667301 0.667301
5508.132812 0.000000 1212.546997 0.000000 0.400643 0.000000 -0.916234 0.829582 0.829582 0.829582
5504.331543 0.000000 1191.988037 0.000000 0.403153 0.000000 -0.915133 0.775949 0.775949 0.775949
5511.287598 0.000000 1201.236816 0.000000 0.991296 0.000000 -0.131654 0.715691 0.715691 0.715691
5566.091797 0.000000 1190.207275 0.000000 0.800665 0.000000 -0.599113 0.724249 0.724249 0.724249
5513.829590 0.000000 1201.533081 0.000000 0.463509 0.000000 -0.886092 0.750235 0.750235 0.750235
5509.855469 0.000000 1214.140015 0.000000 0.359660 0.000000 -0.933083 0.760542 0.760542 0.760542
5549.502930 0.000000 1217.953613 0.000000 0.419800 0.000000 0.907617 0.533008 0.533008 0.533008
5509.768066 0.000000 1212.515137 0.000000 0.999551 0.000000 -0.029949 0.703350 0.703350 0.703350
5548.477539 0.000000 1217.046265 0.000000 0.224630 0.000000 -0.974444 0.897329 0.897329 0.897329
5568.323730 0.000000 1191.988037 0.000000 0.993659 0.000000 -0.112436 0.706459 0.706459 0.706459
5571.452637 0.000000 1219.123413 0.000000 0.697421 0.000000 -0.716662 0.783780 0.783780 0.783780
5494.104004 0.000000 1322.111938 0.000000 0.466506 0.000000 0.884518 0.678754 0.678754 0.678754
5497.308105 0.000000 1322.616455 0.000000 0.924304 0.000000 0.381658 0.632114 0.632114 0.632114
5526.276367 0.000000 1233.559692 0.000000 0.768512 0.000000 -0.639835 0.785418 0.785418 0.785418
5527.787598 0.000000 1232.105103 0.000000 0.958997 0.000000 -0.283415 0.735353 0.735353 0.735353
5580.551758 0.000000 1253.140625 0.000000 0.992128 0.000000 0.125225 0.698069 0.698069 0.698069
5581.873047 0.000000 1255.087524 0.000000 0.951489 0.000000 0.307682 0.676826 0.676826 0.676826
5535.643066 0.000000 1280.020386 0.000000 0.477804 0.000000 0.878466 0.658010 0.658010 0.658010
5516.559570 0.000000 1300.382812 0.000000 0.984533 0.000000 -0.175199 0.720928 0.720928 0.720928
5537.946289 0.000000 1281.762695 0.000000 0.904445 0.000000 0.426590 0.646394 0.646394 0.646394
5508.132812 0.000000 1307.031372 0.000000 0.451226 0.000000 0.892410 0.661460 0.661460 0.661460
5512.863770 0.000000 1306.998413 0.000000 0.983086 0.000000 -0.183147 0.719570 0.719570 0.719570
5536.268066 0.000000 1281.474609 0.000000 0.877572 0.000000 -0.479444 0.760818 0.760818 0.760818
5516.198242 0.000000 1301.884033 0.000000 0.227941 0.000000 -0.973675 0.859339 0.859339 0.859339
5508.341309 0.000000 1308.656250 0.000000 0.929682 0.000000 0.368364 0.647258 0.647258 0.647258
5625.008789 0.000000 1277.576416 0.000000 0.492425 0.000000 -0.870355 0.856482 0.856482 0.856482
5629.295898 0.000000 1311.335449 0.000000 0.998797 0.000000 0.049037 0.692593 0.692593 0.692593
5492.982422 0.000000 1326.052612 0.000000 0.936107 0.000000 -0.351715 0.727133 0.727133 0.727133
5485.205078 0.000000 1363.301758 0.000000 0.669356 0.000000 0.742942 0.657851 0.657851 0.657851
5443.374512 0.000000 1357.027832 0.000000 0.994573 0.000000 0.104038 0.684991 0.684991 0.684991
5443.560059 0.000000 1351.514771 0.000000 0.825340 0.000000 0.564636 0.656381 0.656381 0.656381
5463.256348 0.000000 1344.037842 0.000000 0.674193 0.000000 0.738555 0.567568 0.567568 0.567568
5495.707031 0.000000 1322.897461 0.000000 0.182346 0.000000 -0.983234 0.727156 0.727156 0.727156
5483.746094 0.000000 1365.823486 0.000000 0.530079 0.000000 -0.847948 0.774994 0.774994 0.774994
5445.892578 0.000000 1350.182129 0.000000 0.921312 0.000000 -0.388823 0.724008 0.724008 0.724008
5486.145996 0.000000 1365.567383 0.000000 0.954593 0.000000 -0.297912 0.713534 0.713534 0.713534
5482.818848 0.000000 1363.704224 0.000000 0.286221 0.000000 -0.958163 0.805625 0.805625 0.805625
5495.472656 0.000000 1325.242676 0.000000 0.672700 0.000000 0.739915 0.641774 0.641774 0.641774
5462.543457 0.000000 1366.745239 0.000000 0.791737 0.000000 0.610863 0.664169 0.664169 0.664169
5465.046875 0.000000 1367.226074 0.000000 0.945118 0.000000 0.326730 0.650209 0.650209 0.650209
5448.372070 0.000000 1351.925537 0.000000 0.991559 0.000000 -0.129656 0.713270 0.713270 0.713270
5443.554199 0.000000 1349.344238 0.000000 0.690842 0.000000 0.723006 0.657066 0.657066 0.657066
5478.871094 0.000000 1335.373169 0.000000 0.987755 0.000000 0.156010 0.687517 0.687517 0.687517
5457.719727 0.000000 1344.571777 0.000000 0.121221 0.000000 0.992626 0.570324 0.570324 0.570324
5459.730957 0.000000 1344.308594 0.000000 0.786647 0.000000 0.617404 0.618131 0.618131 0.618131
5476.534668 0.000000 1335.643799 0.000000 0.957712 0.000000 0.287727 0.671438 0.671438 0.671438
5491.593750 0.000000 1327.262085 0.000000 0.578817 0.000000 -0.815457 0.806647 0.806647 0.806647
5497.024414 0.000000 1324.818604 0.000000 0.943806 0.000000 0.330500 0.653850 0.653850 0.653850
5484.168945 0.000000 1364.374756 0.000000 0.339478 0.000000 0.940614 0.563053 0.563053 0.563053
5462.828613 0.000000 1345.437744 0.000000 0.488736 0.000000 0.872432 0.531033 0.531033 0.531033
5497.175293 0.000000 1322.901123 0.000000 0.513538 0.000000 0.858067 0.521180 0.521180 0.521180
5445.881836 0.000000 1375.554688 0.000000 0.523357 0.000000 -0.852114 0.727095 0.727095 0.727095
5448.899414 0.000000 1374.300293 0.000000 0.439537 0.000000 -0.898224 0.735876 0.735876 0.735876
5446.448242 0.000000 1372.924805 0.000000 0.557013 0.000000 -0.830504 0.771246 0.771246 0.771246
5528.683594 0.000000 1351.682739 0.000000 0.999397 0.000000 -0.034725 0.703205 0.703205 0.703205
5540.751465 0.000000 1346.918945 0.000000 0.525772 0.000000 0.850626 0.623208 0.623208 0.623208
5512.160645 0.000000 1366.680664 0.000000 0.973894 0.000000 0.227005 0.683032 0.683032 0.683032
5564.777344 0.000000 1344.938110 0.000000 0.537896 0.000000 0.843011 0.611670 0.611670 0.611670
5566.600586 0.000000 1345.110962 0.000000 0.956621 0.000000 0.291336 0.659496 0.659496 0.659496
5540.084961 0.000000 1345.245483 0.000000 0.557313 0.000000 0.830302 0.621932 0.621932 0.621932
5557.020996 0.000000 1342.977173 0.000000 0.934804 0.000000 -0.355164 0.744671 0.744671 0.744671
5554.427246 0.000000 1342.348267 0.000000 0.786855 0.000000 0.617138 0.636770 0.636770 0.636770
5506.546875 0.000000 1366.866089 0.000000 0.453321 0.000000 0.891347 0.561552 0.561552 0.561552
5562.388184 0.000000 1343.199463 0.000000 0.919254 0.000000 0.393665 0.647957 0.647957 0.647957
5594.491211 0.000000 1346.440552 0.000000 0.953851 0.000000 -0.300282 0.702985 0.702985 0.702985
5617.930176 0.000000 1346.276123 0.000000 0.238280 0.000000 0.971196 0.603295 0.603295 0.603295
5597.618164 0.000000 1342.467041 0.000000 0.021275 0.000000 0.999774 0.669671 0.669671 0.669671
5591.240723 0.000000 1344.037842 0.000000 0.712949 0.000000 0.701216 0.668493 0.668493 0.668493
5594.394043 0.000000 1343.258057 0.000000 0.979597 0.000000 0.200971 0.688684 0.688684 0.688684
5614.310547 0.000000 1346.518677 0.000000 0.855219 0.000000 0.518267 0.673340 0.673340 0.673340
5596.187012 0.000000 1344.784058 0.000000 0.664592 0.000000 0.747207 0.610338 0.610338 0.610338
5627.715332 0.000000 1343.239258 0.000000 0.084272 0.000000 0.996443 0.614797 0.614797 0.614797
5620.113770 0.000000 1346.270874 0.000000 0.910576 0.000000 0.413342 0.660681 0.660681 0.660681
5626.771484 0.000000 1340.304688 0.000000 0.334625 0.000000 -0.942351 0.835805 0.835805 0.835805
5596.631836 0.000000 1346.447021 0.000000 0.142604 0.000000 -0.989780 0.863674 0.863674 0.863674
5569.971191 0.000000 1345.857422 0.000000 0.190760 0.000000 -0.981637 0.885063 0.885063 0.885063
5618.352539 0.000000 1347.801270 0.000000 0.905525 0.000000 0.424294 0.652217 0.652217 0.652217
5568.374023 0.000000 1344.157227 0.000000 0.245145 0.000000 -0.969486 0.877583 0.877583 0.877583
5627.500488 0.000000 1341.600586 0.000000 0.983944 0.000000 0.178480 0.680181 0.680181 0.680181
5756.538574 0.000000 1151.410156 0.000000 0.980110 0.000000 -0.198455 0.705307 0.705307 0.705307
5754.530762 0.000000 1147.010864 0.000000 0.832648 0.000000 -0.553802 0.710667 0.710667 0.710667
5714.424316 0.000000 1167.166016 0.000000 0.941093 0.000000 -0.338147 0.740992 0.740992 0.740992
5755.150879 0.000000 1149.599609 0.000000 0.093787 0.000000 0.995592 0.555466 0.555466 0.555466
5718.901855 0.000000 1162.013062 0.000000 0.168531 0.000000 -0.985696 0.815601 0.815601 0.815601
5712.670898 0.000000 1170.918579 0.000000 0.316806 0.000000 -0.948490 0.895484 0.895484 0.895484
5757.899414 0.000000 1149.265625 0.000000 0.649918 0.000000 0.760005 0.512918 0.512918 0.512918
5662.252441 0.000000 1227.044189 0.000000 0.722682 0.000000 -0.691180 0.759746 0.759746 0.759746
5678.414062 0.000000 1214.206665 0.000000 0.241086 0.000000 -0.970504 0.816907 0.816907 0.816907
5680.674805 0.000000 1212.616699 0.000000 0.756495 0.000000 0.653999 0.612297 0.612297 0.612297
5677.487305 0.000000 1217.953613 0.000000 0.929379 0.000000 0.369126 0.651372 0.651372 0.651372
5689.037109 0.000000 1211.860474 0.000000 1.000000 0.000000 0.000328 0.699954 0.699954 0.699954
5701.850586 0.000000 1186.585938 0.000000 0.836050 0.000000 0.548653 0.688633 0.688633 0.688633
5733.153809 0.000000 1189.272217 0.000000 0.998268 0.000000 -0.058824 0.708229 0.708229 0.708229
5741.149414 0.000000 1184.720825 0.000000 0.860286 0.000000 -0.509812 0.747119 0.747119 0.747119
5723.542969 0.000000 1192.548340 0.000000 0.638505 0.000000 -0.769618 0.783493 0.783493 0.783493
5704.637695 0.000000 1191.824341 0.000000 0.724881 0.000000 -0.688874 0.750997 0.750997 0.750997
5735.056641 0.000000 1188.723755 0.000000 0.738906 0.000000 -0.673808 0.748582 0.748582 0.748582
5702.169434 0.000000 1188.410522 0.000000 0.377338 0.000000 -0.926076 0.799308 0.799308 0.799308
5717.565430 0.000000 1195.116943 0.000000 0.951339 0.000000 0.308148 0.659710 0.659710 0.659710
5741.180664 0.000000 1187.075317 0.000000 0.963876 0.000000 0.266353 0.673615 0.673615 0.673615
5695.404297 0.000000 1190.598755 0.000000 0.008037 0.000000 0.999968 0.468407 0.468407 0.468407
5713.018066 0.000000 1194.460693 0.000000 0.889762 0.000000 0.456425 0.627109 0.627109 0.627109
5697.728027 0.000000 1188.515015 0.000000 0.190669 0.000000 -0.981654 0.910138 0.910138 0.910138
5707.217773 0.000000 1190.387451 0.000000 0.806484 0.000000 0.591256 0.612440 0.612440 0.612440
5732.395508 0.000000 1188.171387 0.000000 0.992246 0.000000 -0.124290 0.717422 0.717422 0.717422
5776.404297 0.000000 1176.274292 0.000000 0.933380 0.000000 0.358890 0.687683 0.687683 0.687683
5794.479980 0.000000 1146.857788 0.000000 0.725764 0.000000 0.687944 0.617270 0.617270 0.617270
5776.945312 0.000000 1174.162720 0.000000 0.982352 0.000000 0.187039 0.674485 0.674485 0.674485
5778.132812 0.000000 1177.624878 0.000000 0.637501 0.000000 -0.770450 0.838952 0.838952 0.838952
5769.456543 0.000000 1168.707031 0.000000 0.517523 0.000000 0.855670 0.556440 0.556440 0.556440
5760.952637 0.000000 1171.759521 0.000000 0.969530 0.000000 0.244972 0.673703 0.673703 0.673703
5768.266602 0.000000 1169.688354 0.000000 0.377728 0.000000 0.925917 0.534545 0.534545 0.534545
5763.429199 0.000000 1171.881226 0.000000 0.774087 0.000000 -0.633079 0.789132 0.789132 0.789132
5768.128418 0.000000 1168.290771 0.000000 0.979459 0.000000 -0.201645 0.728386 0.728386 0.728386
5779.122559 0.000000 1176.771240 0.000000 0.763716 0.000000 0.645553 0.589137 0.589137 0.589137
5824.487305 0.000000 1180.762939 0.000000 0.485702 0.000000 -0.874124 0.728253 0.728253 0.728253
5869.867676 0.000000 1160.072266 0.000000 0.372896 0.000000 -0.927873 0.723266 0.723266 0.723266
5855.033203 0.000000 1160.594360 0.000000 0.994675 0.000000 0.103061 0.696391 0.696391 0.696391
5878.057129 0.000000 1180.385376 0.000000 0.989988 0.000000 0.141153 0.698218 0.698218 0.698218
5870.949219 0.000000 1163.952393 0.000000 0.614103 0.000000 0.789226 0.631333 0.631333 0.631333
5826.930176 0.000000 1176.205322 0.000000 0.999087 0.000000 -0.042712 0.702867 0.702867 0.702867
5827.413574 0.000000 1179.249390 0.000000 0.180135 0.000000 -0.983642 0.859314 0.859314 0.859314
5868.424316 0.000000 1165.994995 0.000000 0.375598 0.000000 -0.926783 0.806097 0.806097 0.806097
5868.410156 0.000000 1162.861206 0.000000 0.825714 0.000000 0.564089 0.654753 0.654753 0.654753
5824.982422 0.000000 1178.191284 0.000000 0.377051 0.000000 0.926192 0.623844 0.623844 0.623844
5856.500977 0.000000 1158.381226 0.000000 0.517212 0.000000 -0.855858 0.857971 0.857971 0.857971
5871.583984 0.000000 1161.672607 0.000000 0.203679 0.000000 -0.979038 0.772554 0.772554 0.772554
5869.333984 0.000000 1164.297729 0.000000 0.830706 0.000000 -0.556712 0.752829 0.752829 0.752829
5867.306152 0.000000 1173.176270 0.000000 0.636538 0.000000 -0.771246 0.788662 0.788662 0.788662
5834.733887 0.000000 1172.385742 0.000000 0.116045 0.000000 0.993244 0.498686 0.498686 0.498686
5869.036621 0.000000 1167.459351 0.000000 0.098421 0.000000 0.995145 0.485941 0.485941 0.485941
5857.888672 0.000000 1158.492432 0.000000 0.575864 0.000000 0.817546 0.552805 0.552805 0.552805
5776.833984 0.000000 1192.842407 0.000000 0.123275 0.000000 0.992373 0.590742 0.590742 0.590742
5815.592285 0.000000 1212.520142 0.000000 0.116646 0.000000 0.993174 0.665445 0.665445 0.665445
5805.800293 0.000000 1226.344727 0.000000 0.988745 0.000000 -0.149610 0.702729 0.702729 0.702729
5782.612305 0.000000 1206.576904 0.000000 0.851724 0.000000 -0.523991 0.726988 0.726988 0.726988
5779.547852 0.000000 1195.462769 0.000000 0.093961 0.000000 -0.995576 0.726839 0.726839 0.726839
5801.405273 0.000000 1227.745239 0.000000 0.982568 0.000000 0.185903 0.695556 0.695556 0.695556
5795.186523 0.000000 1223.584595 0.000000 0.261570 0.000000 -0.965184 0.780348 0.780348 0.780348
5803.707031 0.000000 1224.096924 0.000000 0.718971 0.000000 0.695040 0.625868 0.625868 0.625868
5816.625000 0.000000 1214.975220 0.000000 0.979458 0.000000 0.201646 0.684388 0.684388 0.684388
5781.479980 0.000000 1204.365112 0.000000 0.993083 0.000000 -0.117418 0.706746 0.706746 0.706746
5799.339844 0.000000 1226.456421 0.000000 0.367730 0.000000 0.929933 0.641564 0.641564 0.641564
5777.612793 0.000000 1196.044067 0.000000 0.840609 0.000000 0.541643 0.623177 0.623177 0.623177
5778.601562 0.000000 1193.700439 0.000000 0.887652 0.000000 -0.460514 0.762224 0.762224 0.762224
5802.013184 0.000000 1225.957275 0.000000 0.802580 0.000000 -0.596545 0.761660 0.761660 0.761660
5779.199219 0.000000 1199.610474 0.000000 0.541292 0.000000 -0.840835 0.782389 0.782389 0.782389
5777.010254 0.000000 1194.460693 0.000000 0.096661 0.000000 0.995317 0.467138 0.467138 0.467138
5804.351562 0.000000 1225.558838 0.000000 0.938567 0.000000 0.345097 0.648277 0.648277 0.648277
5798.383789 0.000000 1225.364990 0.000000 0.771483 0.000000 -0.636250 0.780988 0.780988 0.780988
5776.225586 0.000000 1196.678711 0.000000 0.999828 0.000000 0.018552 0.697510 0.697510 0.697510
5816.674805 0.000000 1213.476562 0.000000 0.934624 0.000000 0.355637 0.653742 0.653742 0.653742
5777.136230 0.000000 1197.755005 0.000000 0.206533 0.000000 0.978440 0.517097 0.517097 0.517097
5805.586914 0.000000 1225.018433 0.000000 0.604663 0.000000 -0.796482 0.835267 0.835267 0.835267
5878.199219 0.000000 1193.008301 0.000000 0.416991 0.000000 0.908911 0.698405 0.698405 0.698405
5824.366211 0.000000 1181.954224 0.000000 0.929536 0.000000 0.368732 0.689969 0.689969 0.689969
5876.168945 0.000000 1181.595947 0.000000 0.804962 0.000000 0.593326 0.647606 0.647606 0.647606
5879.425781 0.000000 1183.516113 0.000000 0.916206 0.000000 -0.400708 0.734008 0.734008 0.734008
5880.327148 0.000000 1193.628052 0.000000 0.839521 0.000000 0.543327 0.621302 0.621302 0.621302
5825.243652 0.000000 1209.885742 0.000000 0.992721 0.000000 -0.120441 0.707258 0.707258 0.707258
5878.481445 0.000000 1197.969604 0.000000 0.839915 0.000000 -0.542718 0.731279 0.731279 0.731279
5878.041504 0.000000 1182.221191 0.000000 0.139349 0.000000 -0.990243 0.818037 0.818037 0.818037
5828.773438 0.000000 1182.981079 0.000000 0.845655 0.000000 -0.533730 0.777138 0.777138 0.777138
5881.190918 0.000000 1195.616577 0.000000 0.647092 0.000000 -0.762412 0.813944 0.813944 0.813944
5880.910645 0.000000 1192.383545 0.000000 0.274232 0.000000 -0.961664 0.877155 0.877155 0.877155
5638.133301 0.000000 1272.058716 0.000000 0.680225 0.000000 0.733003 0.672395 0.672395 0.672395
5659.580566 0.000000 1228.416992 0.000000 0.988075 0.000000 0.153970 0.697407 0.697407 0.697407
5669.540527 0.000000 1268.748901 0.000000 0.072273 0.000000 -0.997385 0.731424 0.731424 0.731424
5665.067871 0.000000 1228.577637 0.000000 0.125335 0.000000 0.992114 0.675755 0.675755 0.675755
5659.083008 0.000000 1244.164551 0.000000 0.197430 0.000000 -0.980317 0.792075 0.792075 0.792075
5655.764160 0.000000 1241.761963 0.000000 0.549968 0.000000 0.835186 0.596354 0.596354 0.596354
5650.617188 0.000000 1240.942627 0.000000 0.032227 0.000000 -0.999481 0.863477 0.863477 0.863477
5636.245605 0.000000 1275.212036 0.000000 0.209421 0.000000 0.977826 0.555516 0.555516 0.555516
5659.220215 0.000000 1253.412354 0.000000 0.571552 0.000000 0.820566 0.569486 0.569486 0.569486
5659.429199 0.000000 1255.940063 0.000000 0.681304 0.000000 -0.732001 0.806780 0.806780 0.806780
5652.958984 0.000000 1228.879517 0.000000 0.103481 0.000000 -0.994631 0.905114 0.905114 0.905114
5668.764160 0.000000 1281.053833 0.000000 0.085181 0.000000 0.996366 0.614849 0.614849 0.614849
5667.275879 0.000000 1278.145752 0.000000 0.805259 0.000000 -0.592923 0.747916 0.747916 0.747916
5663.688965 0.000000 1287.166504 0.000000 0.997873 0.000000 -0.065180 0.705836 0.705836 0.705836
5655.948242 0.000000 1299.085327 0.000000 0.679394 0.000000 -0.733774 0.784082 0.784082 0.784082
5633.267090 0.000000 1304.370117 0.000000 0.999944 0.000000 -0.010562 0.700635 0.700635 0.700635
5667.445801 0.000000 1286.844849 0.000000 0.045685 0.000000 -0.998956 0.830063 0.830063 0.830063
5668.919434 0.000000 1279.240723 0.000000 0.108279 0.000000 0.994120 0.573247 0.573247 0.573247
5664.595215 0.000000 1288.699585 0.000000 0.281938 0.000000 -0.959433 0.836533 0.836533 0.836533
5667.373047 0.000000 1280.015381 0.000000 0.857365 0.000000 0.514710 0.641796 0.641796 0.641796
5667.426270 0.000000 1281.712158 0.000000 0.339392 0.000000 -0.940645 0.831822 0.831822 0.831822
5633.018066 0.000000 1289.672485 0.000000 0.013506 0.000000 -0.999909 0.900302 0.900302 0.900302
5937.139648 0.000000 1152.174316 0.000000 0.791230 0.000000 -0.611518 0.708279 0.708279 0.708279
5951.054199 0.000000 1146.139038 0.000000 0.948114 0.000000 -0.317931 0.729854 0.729854 0.729854
5948.958984 0.000000 1148.531738 0.000000 0.410999 0.000000 -0.911636 0.810671 0.810671 0.810671
5926.256348 0.000000 1176.654419 0.000000 0.954793 0.000000 0.297272 0.681433 0.681433 0.681433
5931.046875 0.000000 1153.930054 0.000000 0.744929 0.000000 -0.667143 0.763308 0.763308 0.763308
5932.938477 0.000000 1153.581055 0.000000 0.004449 0.000000 0.999990 0.478824 0.478824 0.478824
5922.347168 0.000000 1180.347412 0.000000 0.005162 0.000000 0.999987 0.535835 0.535835 0.535835
5937.304688 0.000000 1155.864868 0.000000 0.954783 0.000000 -0.297303 0.738827 0.738827 0.738827
5929.533203 0.000000 1154.060303 0.000000 0.979164 0.000000 0.203071 0.673412 0.673412 0.673412
5925.023438 0.000000 1161.791504 0.000000 0.088723 0.000000 -0.996056 0.871966 0.871966 0.871966
5924.159180 0.000000 1159.239502 0.000000 0.836211 0.000000 -0.548407 0.786833 0.786833 0.786833
5937.266602 0.000000 1154.429077 0.000000 0.041489 0.000000 -0.999139 0.896701 0.896701 0.896701
5951.573242 0.000000 1147.425659 0.000000 0.970454 0.000000 0.241287 0.677514 0.677514 0.677514
5960.836914 0.000000 1138.089355 0.000000 0.176242 0.000000 0.984347 0.661032 0.661032 0.661032
5952.276855 0.000000 1144.745850 0.000000 0.995286 0.000000 0.096985 0.687099 0.687099 0.687099
5958.385742 0.000000 1136.713867 0.000000 0.294771 0.000000 0.955568 0.595113 0.595113 0.595113
5951.678223 0.000000 1149.801147 0.000000 0.073083 0.000000 0.997326 0.557621 0.557621 0.557621
5960.723145 0.000000 1135.979614 0.000000 0.983061 0.000000 -0.183278 0.710565 0.710565 0.710565
5959.075684 0.000000 1135.128784 0.000000 0.700360 0.000000 0.713790 0.626653 0.626653 0.626653
5953.679688 0.000000 1144.006592 0.000000 0.597008 0.000000 -0.802235 0.823656 0.823656 0.823656
5953.459473 0.000000 1145.460693 0.000000 0.871451 0.000000 -0.490483 0.768087 0.768087 0.768087
5919.596191 0.000000 1185.536011 0.000000 0.907323 0.000000 -0.420435 0.702427 0.702427 0.702427
5921.036621 0.000000 1181.335449 0.000000 0.929638 0.000000 0.368474 0.695252 0.695252 0.695252
5890.362793 0.000000 1205.715698 0.000000 0.227162 0.000000 0.973857 0.609967 0.609967 0.609967
5921.645996 0.000000 1185.068970 0.000000 0.908632 0.000000 -0.417599 0.725898 0.725898 0.725898
5911.740723 0.000000 1184.862915 0.000000 0.987887 0.000000 -0.155177 0.717644 0.717644 0.717644
5908.424316 0.000000 1186.678833 0.000000 0.053646 0.000000 -0.998560 0.816657 0.816657 0.816657
5921.701172 0.000000 1182.917725 0.000000 0.994131 0.000000 -0.108184 0.712275 0.712275 0.712275
5902.381836 0.000000 1198.908936 0.000000 0.883733 0.000000 0.467991 0.650296 0.650296 0.650296
5899.240234 0.000000 1205.146973 0.000000 0.707559 0.000000 0.706654 0.573828 0.573828 0.573828
5633.718750 0.000000 1332.975342 0.000000 0.376233 0.000000 0.926525 0.547574 0.547574 0.547574
5633.735840 0.000000 1330.241577 0.000000 0.533895 0.000000 -0.845551 0.825373 0.825373 0.825373
6144.529297 0.000000 1057.162964 0.000000 0.522848 0.000000 -0.852426 0.747087 0.747087 0.747087
6143.549805 0.000000 1052.941284 0.000000 0.072939 0.000000 -0.997336 0.794231 0.794231 0.794231
6145.695801 0.000000 1059.944458 0.000000 0.148341 0.000000 0.988936 0.618495 0.618495 0.618495
6145.610840 0.000000 1054.734375 0.000000 0.819335 0.000000 0.573315 0.676100 0.676100 0.676100
4136.324219 0.000000 1851.847534 0.000000 0.782918 0.000000 -0.622125 0.850198 0.850198 0.850198
4146.043945 0.000000 1869.686646 0.000000 0.932149 0.000000 0.362074 0.602103 0.602103 0.602103
4136.116699 0.000000 1848.371460 0.000000 0.986087 0.000000 -0.166231 0.703969 0.703969 0.703969
4138.621094 0.000000 1850.611694 0.000000 0.727398 0.000000 -0.686216 0.735949 0.735949 0.735949
4149.343262 0.000000 1874.099609 0.000000 0.880059 0.000000 -0.474864 0.816218 0.816218 0.816218
4147.476074 0.000000 1871.260010 0.000000 0.281865 0.000000 0.959454 0.527526 0.527526 0.527526
4146.867188 0.000000 1875.593872 0.000000 0.265417 0.000000 -0.964134 0.785564 0.785564 0.785564
4149.852539 0.000000 1877.988159 0.000000 0.902530 0.000000 -0.430627 0.747925 0.747925 0.747925
4135.251465 0.000000 1850.114380 0.000000 0.308122 0.000000 0.951347 0.615607 0.615607 0.615607
4136.032715 0.000000 1853.567017 0.000000 0.185781 0.000000 -0.982591 0.845112 0.845112 0.845112
4148.609375 0.000000 1875.640503 0.000000 0.928315 0.000000 -0.371794 0.789473 0.789473 0.789473
4147.991211 0.000000 1869.632568 0.000000 0.299330 0.000000 -0.954150 1.034734 1.034734 1.034734
4136.961914 0.000000 1850.285522 0.000000 0.976587 0.000000 0.215122 0.651500 0.651500 0.651500
4137.628418 0.000000 1851.531982 0.000000 0.594720 0.000000 -0.803933 0.908900 0.908900 0.908900
4147.023438 0.000000 1868.704590 0.000000 0.647122 0.000000 0.762387 0.470910 0.470910 0.470910
4794.176270 0.000000 1864.329956 0.000000 0.675063 0.000000 -0.737760 0.726681 0.726681 0.726681
4795.094727 0.000000 1876.769897 0.000000 0.446490 0.000000 0.894789 0.557492 0.557492 0.557492
4796.529297 0.000000 1879.482666 0.000000 0.973594 0.000000 -0.228285 0.706440 0.706440 0.706440
4794.149414 0.000000 1874.375244 0.000000 0.969666 0.000000 0.244432 0.685846 0.685846 0.685846
4797.172852 0.000000 1876.803101 0.000000 0.282447 0.000000 -0.959283 0.784400 0.784400 0.784400
4936.598633 0.000000 1817.679321 0.000000 0.137899 0.000000 0.990446 0.633912 0.633912 0.633912
4929.844238 0.000000 1815.819458 0.000000 0.784955 0.000000 -0.619553 0.742037 0.742037 0.742037
4937.911133 0.000000 1819.783081 0.000000 0.997663 0.000000 -0.068322 0.703632 0.703632 0.703632
4870.720215 0.000000 1882.059814 0.000000 0.974124 0.000000 -0.226016 0.704144 0.704144 0.704144
4867.530762 0.000000 1887.882202 0.000000 0.639433 0.000000 0.768847 0.635014 0.635014 0.635014
4865.099609 0.000000 1886.824097 0.000000 0.729516 0.000000 -0.683964 0.728431 0.728431 0.728431
4214.402344 0.000000 1901.641113 0.000000 0.938261 0.000000 0.345928 0.690617 0.690617 0.690617
4180.687500 0.000000 1922.562256 0.000000 0.199396 0.000000 -0.979919 0.707662 0.707662 0.707662
4191.983398 0.000000 1904.448242 0.000000 0.650112 0.000000 -0.759838 0.836348 0.836348 0.836348
4188.729492 0.000000 1922.515259 0.000000 0.996613 0.000000 0.082238 0.699540 0.699540 0.699540
4179.322754 0.000000 1912.936035 0.000000 0.994163 0.000000 -0.107886 0.700604 0.700604 0.700604
4185.169922 0.000000 1928.208374 0.000000 0.913741 0.000000 0.406296 0.694151 0.694151 0.694151
4221.976074 0.000000 1913.673950 0.000000 0.628192 0.000000 0.778058 0.670085 0.670085 0.670085
4178.703125 0.000000 1917.890259 0.000000 0.999874 0.000000 0.015844 0.699845 0.699845 0.699845
4172.338379 0.000000 1909.687500 0.000000 0.249235 0.000000 -0.968443 0.753474 0.753474 0.753474
4171.912109 0.000000 1904.617920 0.000000 0.638986 0.000000 -0.769219 0.762575 0.762575 0.762575
4218.246582 0.000000 1911.572144 0.000000 0.033666 0.000000 -0.999433 0.843983 0.843983 0.843983
4211.612793 0.000000 1899.026367 0.000000 0.996422 0.000000 -0.084522 0.703076 0.703076 0.703076
4184.421875 0.000000 1931.991577 0.000000 0.397454 0.000000 0.917622 0.672381 0.672381 0.672381
4190.479980 0.000000 1912.921021 0.000000 0.966821 0.000000 -0.255455 0.712640 0.712640 0.712640
4222.153809 0.000000 1910.278320 0.000000 0.130564 0.000000 0.991440 0.649675 0.649675 0.649675
4186.565918 0.000000 1910.164307 0.000000 0.880889 0.000000 0.473322 0.686903 0.686903 0.686903
4218.061035 0.000000 1908.813110 0.000000 0.912207 0.000000 -0.409729 0.728330 0.728330 0.728330
4188.944824 0.000000 1915.109131 0.000000 0.357125 0.000000 0.934057 0.590441 0.590441 0.590441
4212.209961 0.000000 1903.011841 0.000000 0.797257 0.000000 -0.603641 0.756174 0.756174 0.756174
4188.358887 0.000000 1911.690308 0.000000 0.790569 0.000000 -0.612372 0.744228 0.744228 0.744228
4170.836914 0.000000 1907.740234 0.000000 0.360488 0.000000 0.932764 0.531952 0.531952 0.531952
4174.044922 0.000000 1916.478149 0.000000 0.563263 0.000000 -0.826278 0.748945 0.748945 0.748945
4213.895508 0.000000 1899.298828 0.000000 0.952774 0.000000 -0.303680 0.716824 0.716824 0.716824
4219.887207 0.000000 1910.145508 0.000000 0.951916 0.000000 0.306358 0.670834 0.670834 0.670834
4191.421875 0.000000 1906.603516 0.000000 0.994883 0.000000 -0.101038 0.706792 0.706792 0.706792
4211.331055 0.000000 1901.167847 0.000000 0.051946 0.000000 0.998650 0.451560 0.451560 0.451560
4170.208984 0.000000 1905.712280 0.000000 0.581020 0.000000 0.813889 0.632206 0.632206 0.632206
4220.941406 0.000000 1911.844360 0.000000 0.980550 0.000000 -0.196269 0.740876 0.740876 0.740876
4177.146973 0.000000 1916.852417 0.000000 0.147147 0.000000 -0.989115 0.831314 0.831314 0.831314
4189.145508 0.000000 1904.491699 0.000000 0.313728 0.000000 0.949513 0.407761 0.407761 0.407761
4188.803711 0.000000 1913.353271 0.000000 0.817705 0.000000 0.575638 0.536208 0.536208 0.536208
4221.125000 0.000000 1908.910278 0.000000 0.098519 0.000000 -0.995135 0.916102 0.916102 0.916102
4213.948730 0.000000 1903.361084 0.000000 0.703841 0.000000 0.710357 0.631522 0.631522 0.631522
4213.007812 0.000000 1900.755371 0.000000 0.047571 0.000000 -0.998868 1.032209 1.032209 1.032209
4174.387207 0.000000 1914.871826 0.000000 0.967924 0.000000 -0.251243 0.726629 0.726629 0.726629
4171.716797 0.000000 1906.237305 0.000000 0.144774 0.000000 0.989465 0.500704 0.500704 0.500704
4190.586914 0.000000 1905.193726 0.000000 0.477256 0.000000 0.878765 0.530444 0.530444 0.530444
4189.491211 0.000000 1912.182861 0.000000 0.707763 0.000000 0.706450 0.490523 0.490523 0.490523
4210.749023 0.000000 1900.006714 0.000000 0.878224 0.000000 0.478250 0.618432 0.618432 0.618432
4221.008301 0.000000 1910.588501 0.000000 0.986516 0.000000 0.163666 0.665982 0.665982 0.665982
4218.549316 0.000000 1982.807617 0.000000 0.740982 0.000000 0.671525 0.698971 0.698971 0.698971
4200.890625 0.000000 1955.939087 0.000000 0.943380 0.000000 0.331713 0.698582 0.698582 0.698582
4215.677734 0.000000 1973.122681 0.000000 0.171029 0.000000 -0.985266 0.748895 0.748895 0.748895
4215.787598 0.000000 1968.395142 0.000000 0.943328 0.000000 0.331861 0.675408 0.675408 0.675408
4221.572266 0.000000 1980.513184 0.000000 0.713417 0.000000 0.700740 0.667435 0.667435 0.667435
4214.477051 0.000000 1970.648682 0.000000 0.321001 0.000000 -0.947079 0.880878 0.880878 0.880878
4222.719727 0.000000 1982.732544 0.000000 0.673891 0.000000 -0.738831 0.792981 0.792981 0.792981
4213.335938 0.000000 1968.583984 0.000000 0.960648 0.000000 0.277770 0.681898 0.681898 0.681898
4212.602051 0.000000 1970.124878 0.000000 0.994363 0.000000 0.106028 0.684258 0.684258 0.684258
4223.227051 0.000000 1980.795898 0.000000 0.761480 0.000000 0.648188 0.530422 0.530422 0.530422
4215.654297 0.000000 1971.663574 0.000000 0.997761 0.000000 0.066884 0.690268 0.690268 0.690268
4215.643555 0.000000 1970.032837 0.000000 0.999862 0.000000 -0.016588 0.702412 0.702412 0.702412
4213.238770 0.000000 1971.300659 0.000000 0.855986 0.000000 -0.517000 0.780521 0.780521 0.780521
4251.655273 0.000000 1934.396240 0.000000 0.230101 0.000000 -0.973167 0.780473 0.780473 0.780473
4253.748535 0.000000 1931.170898 0.000000 0.651952 0.000000 -0.758260 0.727674 0.727674 0.727674
4253.776367 0.000000 1933.473511 0.000000 0.834240 0.000000 -0.551402 0.881270 0.881270 0.881270
4250.546875 0.000000 1932.709839 0.000000 0.264920 0.000000 0.964270 0.561587 0.561587 0.561587
4252.370117 0.000000 1932.330078 0.000000 0.506276 0.000000 0.862372 0.377234 0.377234 0.377234
4253.125000 0.000000 1934.788818 0.000000 0.957494 0.000000 -0.288451 0.745000 0.745000 0.745000
4252.538086 0.000000 1933.555298 0.000000 0.877597 0.000000 0.479399 0.544824 0.544824 0.544824
4253.529297 0.000000 1932.328613 0.000000 0.074630 0.000000 0.997211 0.235655 0.235655 0.235655
4224.682617 0.000000 1983.880127 0.000000 0.898213 0.000000 -0.439560 0.726723 0.726723 0.726723
4223.487793 0.000000 1979.298828 0.000000 0.092054 0.000000 -0.995754 0.747546 0.747546 0.747546
4225.177734 0.000000 1981.308472 0.000000 0.663858 0.000000 -0.747858 0.819294 0.819294 0.819294
4223.508301 0.000000 1982.233276 0.000000 0.883414 0.000000 0.468593 0.645453 0.645453 0.645453
4223.884766 0.000000 1980.637207 0.000000 0.276805 0.000000 0.960926 0.389718 0.389718 0.389718
4179.322754 0.000000 2007.420410 0.000000 0.588211 0.000000 -0.808707 0.773747 0.773747 0.773747
4185.169922 0.000000 2022.692749 0.000000 0.676045 0.000000 -0.736861 0.731271 0.731271 0.731271
4221.976074 0.000000 2008.158325 0.000000 0.974919 0.000000 0.222560 0.674897 0.674897 0.674897
4164.567871 0.000000 1999.422974 0.000000 0.947759 0.000000 -0.318988 0.754014 0.754014 0.754014
4218.246582 0.000000 2006.056519 0.000000 0.997019 0.000000 0.077162 0.690929 0.690929 0.690929
4176.363281 0.000000 2009.624512 0.000000 0.161503 0.000000 -0.986872 0.922530 0.922530 0.922530
4182.045410 0.000000 2024.912354 0.000000 0.756488 0.000000 0.654007 0.654155 0.654155 0.654155
4219.639648 0.000000 2007.930542 0.000000 0.126060 0.000000 -0.992023 0.869627 0.869627 0.869627
4183.051758 0.000000 2022.075195 0.000000 0.691467 0.000000 -0.722408 0.860265 0.860265 0.860265
4177.287109 0.000000 2007.747559 0.000000 0.329077 0.000000 0.944303 0.539364 0.539364 0.539364
4220.941406 0.000000 2006.328735 0.000000 0.379029 0.000000 0.925385 0.574404 0.574404 0.574404
4178.131836 0.000000 2009.345581 0.000000 0.815699 0.000000 -0.578477 0.751745 0.751745 0.751745
4163.322754 0.000000 1998.300171 0.000000 0.430977 0.000000 0.902363 0.602466 0.602466 0.602466
4219.031738 0.000000 2009.427856 0.000000 0.305067 0.000000 0.952331 0.541360 0.541360 0.541360
4182.242676 0.000000 2023.376465 0.000000 0.816360 0.000000 -0.577543 0.822235 0.822235 0.822235
4164.625488 0.000000 2000.971680 0.000000 0.899528 0.000000 -0.436863 0.770793 0.770793 0.770793
4165.802246 0.000000 2000.055664 0.000000 0.276663 0.000000 -0.960967 0.902067 0.902067 0.902067
4183.841797 0.000000 2023.170776 0.000000 0.855920 0.000000 0.517109 0.592107 0.592107 0.592107
4165.193359 0.000000 1998.249023 0.000000 0.999888 0.000000 -0.014940 0.702486 0.702486 0.702486
4218.389648 0.000000 2032.351196 0.000000 0.382575 0.000000 0.923924 0.566575 0.566575 0.566575
4219.422852 0.000000 2035.308716 0.000000 0.040294 0.000000 0.999188 0.415416 0.415416 0.415416
4232.684570 0.000000 2006.648071 0.000000 0.612143 0.000000 -0.790747 0.893812 0.893812 0.893812
4235.383789 0.000000 2006.618652 0.000000 0.301888 0.000000 0.953344 0.652282 0.652282 0.652282
4230.009277 0.000000 2006.610962 0.000000 0.959371 0.000000 0.282147 0.676806 0.676806 0.676806
4233.997070 0.000000 2008.751831 0.000000 0.770400 0.000000 0.637561 0.597548 0.597548 0.597548
4231.594727 0.000000 2009.034668 0.000000 0.783799 0.000000 0.621014 0.661593 0.661593 0.661593
4232.869629 0.000000 2009.711792 0.000000 0.235677 0.000000 0.971831 0.502474 0.502474 0.502474
4232.783691 0.000000 2008.113281 0.000000 0.946901 0.000000 -0.321526 0.748510 0.748510 0.748510
4278.394531 0.000000 2043.367676 0.000000 0.724313 0.000000 0.689471 0.681919 0.681919 0.681919
4234.925293 0.000000 2042.115356 0.000000 0.999564 0.000000 0.029537 0.699959 0.699959 0.699959
4285.968262 0.000000 2055.400635 0.000000 0.054215 0.000000 -0.998529 0.721202 0.721202 0.721202
4275.604980 0.000000 2040.752930 0.000000 0.977556 0.000000 -0.210673 0.710683 0.710683 0.710683
4239.827148 0.000000 2045.656738 0.000000 0.382972 0.000000 0.923760 0.648955 0.648955 0.648955
4283.631836 0.000000 2055.172607 0.000000 0.298293 0.000000 0.954474 0.622006 0.622006 0.622006
4277.887695 0.000000 2041.025391 0.000000 0.956481 0.000000 0.291793 0.639147 0.639147 0.639147
4283.829102 0.000000 2059.691650 0.000000 0.150525 0.000000 -0.988606 0.805196 0.805196 0.805196
4280.229980 0.000000 2057.073730 0.000000 0.014397 0.000000 -0.999896 0.828381 0.828381 0.828381
4277.000000 0.000000 2042.481934 0.000000 0.760851 0.000000 0.648927 0.606209 0.606209 0.606209
4283.023926 0.000000 2056.669922 0.000000 0.853115 0.000000 0.521723 0.556504 0.556504 0.556504
4238.608398 0.000000 2042.386475 0.000000 0.635140 0.000000 -0.772397 0.829564 0.829564 0.829564
4276.708008 0.000000 2041.302368 0.000000 0.707713 0.000000 -0.706500 0.861235 0.861235 0.861235
4287.845703 0.000000 2061.771484 0.000000 0.572334 0.000000 0.820021 0.698656 0.698656 0.698656
4296.432617 0.000000 2049.127197 0.000000 0.939382 0.000000 -0.342872 0.757246 0.757246 0.757246
4296.676758 0.000000 2053.890381 0.000000 0.974350 0.000000 0.225037 0.695557 0.695557 0.695557
4295.436035 0.000000 2051.596191 0.000000 0.489192 0.000000 0.872176 0.640742 0.640742 0.640742
4297.978027 0.000000 2051.892578 0.000000 0.611520 0.000000 -0.791229 0.874836 0.874836 0.874836
4296.858887 0.000000 2050.763428 0.000000 0.209042 0.000000 -0.977907 0.960526 0.960526 0.960526
4297.701172 0.000000 2048.701416 0.000000 0.860136 0.000000 -0.510064 0.787554 0.787554 0.787554
4452.449707 0.000000 2107.884766 0.000000 0.101822 0.000000 0.994803 0.687679 0.687679 0.687679
4476.393066 0.000000 2118.608398 0.000000 0.627453 0.000000 0.778654 0.692513 0.692513 0.692513
4471.756348 0.000000 2110.121826 0.000000 0.416279 0.000000 0.909237 0.668084 0.668084 0.668084
4467.963379 0.000000 2113.454590 0.000000 0.747449 0.000000 0.664319 0.681715 0.681715 0.681715
4478.890625 0.000000 2117.350830 0.000000 0.662571 0.000000 0.748999 0.673962 0.673962 0.673962
4478.679688 0.000000 2127.756836 0.000000 0.926847 0.000000 0.375440 0.669868 0.669868 0.669868
4480.651367 0.000000 2125.606934 0.000000 0.437224 0.000000 0.899353 0.695310 0.695310 0.695310
4522.108887 0.000000 2109.125977 0.000000 0.132820 0.000000 -0.991140 0.728138 0.728138 0.728138
4534.938477 0.000000 2120.277344 0.000000 0.844574 0.000000 -0.535439 0.706320 0.706320 0.706320
4479.456543 0.000000 2121.025391 0.000000 0.256966 0.000000 -0.966421 0.736655 0.736655 0.736655
4488.806641 0.000000 2105.603516 0.000000 0.024189 0.000000 -0.999707 0.732434 0.732434 0.732434
4480.624512 0.000000 2105.473389 0.000000 0.999979 0.000000 -0.006427 0.700180 0.700180 0.700180
4532.786621 0.000000 2122.727051 0.000000 0.763552 0.000000 0.645746 0.675464 0.675464 0.675464
4484.257812 0.000000 2110.148682 0.000000 0.992028 0.000000 -0.126015 0.706889 0.706889 0.706889
4485.980469 0.000000 2111.741699 0.000000 0.389552 0.000000 -0.921005 0.763829 0.763829 0.763829
4483.671387 0.000000 2105.219482 0.000000 0.693562 0.000000 0.720397 0.598789 0.598789 0.598789
4485.666992 0.000000 2108.248779 0.000000 0.157658 0.000000 -0.987494 0.822434 0.822434 0.822434
4487.561523 0.000000 2106.568604 0.000000 0.738964 0.000000 0.673745 0.619384 0.619384 0.619384
4581.673340 0.000000 2119.108398 0.000000 0.811562 0.000000 -0.584267 0.709596 0.709596 0.709596
4591.144531 0.000000 2116.489258 0.000000 0.619342 0.000000 0.785122 0.679803 0.679803 0.679803
4534.363281 0.000000 2137.852051 0.000000 0.613041 0.000000 0.790051 0.682171 0.682171 0.682171
4538.510254 0.000000 2171.776611 0.000000 0.976399 0.000000 0.215973 0.699696 0.699696 0.699696
4525.121094 0.000000 2126.771484 0.000000 0.936202 0.000000 0.351463 0.686946 0.686946 0.686946
4502.729492 0.000000 2137.764160 0.000000 0.852023 0.000000 0.523505 0.682284 0.682284 0.682284
4535.638672 0.000000 2162.091553 0.000000 0.866677 0.000000 -0.498869 0.701460 0.701460 0.701460
4520.277344 0.000000 2135.300781 0.000000 0.227203 0.000000 0.973847 0.630602 0.630602 0.630602
4505.667969 0.000000 2143.305908 0.000000 0.159639 0.000000 -0.987175 0.715775 0.715775 0.715775
4524.634766 0.000000 2140.116455 0.000000 0.370003 0.000000 0.929031 0.663344 0.663344 0.663344
4485.999023 0.000000 2131.429932 0.000000 0.638810 0.000000 0.769365 0.692636 0.692636 0.692636
4534.994629 0.000000 2144.901367 0.000000 0.990885 0.000000 -0.134712 0.706423 0.706423 0.706423
4514.589844 0.000000 2135.589600 0.000000 0.892982 0.000000 0.450093 0.671933 0.671933 0.671933
4485.903320 0.000000 2126.142822 0.000000 0.749987 0.000000 -0.661452 0.709094 0.709094 0.709094
4495.427246 0.000000 2127.625977 0.000000 0.971866 0.000000 0.235533 0.691357 0.691357 0.691357
4538.679199 0.000000 2139.096924 0.000000 0.891529 0.000000 -0.452963 0.707887 0.707887 0.707887
4491.495117 0.000000 2132.203125 0.000000 0.962677 0.000000 -0.270655 0.707663 0.707663 0.707663
4516.485352 0.000000 2144.299072 0.000000 0.386796 0.000000 0.922165 0.534276 0.534276 0.534276
4531.573730 0.000000 2135.237305 0.000000 0.429643 0.000000 0.902999 0.671646 0.671646 0.671646
4499.704102 0.000000 2140.306641 0.000000 0.969854 0.000000 -0.243688 0.713078 0.713078 0.713078
4524.352539 0.000000 2143.725830 0.000000 0.855030 0.000000 -0.518578 0.734299 0.734299 0.734299
4487.912109 0.000000 2134.436523 0.000000 0.423827 0.000000 0.905743 0.669900 0.669900 0.669900
4517.899414 0.000000 2147.706299 0.000000 0.076894 0.000000 -0.997039 0.762654 0.762654 0.762654
4506.526855 0.000000 2146.375488 0.000000 0.783842 0.000000 0.620960 0.680330 0.680330 0.680330
4520.333984 0.000000 2141.841797 0.000000 0.999978 0.000000 0.006563 0.699780 0.699780 0.699780
4485.012695 0.000000 2134.619141 0.000000 0.006235 0.000000 -0.999981 0.748122 0.748122 0.748122
4532.038574 0.000000 2144.885254 0.000000 0.197046 0.000000 0.980394 0.657787 0.657787 0.657787
4522.757324 0.000000 2141.890137 0.000000 0.951417 0.000000 -0.307907 0.734132 0.734132 0.734132
4507.430664 0.000000 2134.039795 0.000000 0.060734 0.000000 0.998154 0.609222 0.609222 0.609222
4533.856445 0.000000 2135.510010 0.000000 0.133126 0.000000 0.991099 0.627661 0.627661 0.627661
4498.757812 0.000000 2138.544434 0.000000 0.568698 0.000000 0.822546 0.637884 0.637884 0.637884
4514.111328 0.000000 2145.883545 0.000000 0.558388 0.000000 -0.829580 0.810792 0.810792 0.810792
4486.317871 0.000000 2133.254395 0.000000 0.753680 0.000000 0.657242 0.645858 0.645858 0.645858
4522.558105 0.000000 2143.948730 0.000000 0.243716 0.000000 -0.969847 0.824076 0.824076 0.824076
4522.465332 0.000000 2140.104492 0.000000 0.853168 0.000000 0.521637 0.640157 0.640157 0.640157
4517.848145 0.000000 2144.596680 0.000000 0.589122 0.000000 -0.808044 0.832849 0.832849 0.832849
4575.760254 0.000000 2130.379883 0.000000 0.999613 0.000000 -0.027804 0.700933 0.700933 0.700933
4602.502441 0.000000 2171.776611 0.000000 0.985134 0.000000 0.171788 0.699517 0.699517 0.699517
4544.643555 0.000000 2172.849121 0.000000 0.056246 0.000000 -0.998417 0.704235 0.704235 0.704235
4589.113281 0.000000 2126.771484 0.000000 0.993631 0.000000 -0.112682 0.702526 0.702526 0.702526
4604.679199 0.000000 2143.496338 0.000000 0.824257 0.000000 0.566216 0.695792 0.695792 0.695792
4549.125977 0.000000 2150.709473 0.000000 0.968444 0.000000 -0.249232 0.704226 0.704226 0.704226
4552.401367 0.000000 2143.611816 0.000000 0.580621 0.000000 0.814174 0.656110 0.656110 0.656110
4603.927734 0.000000 2133.790527 0.000000 0.111688 0.000000 -0.993743 0.742832 0.742832 0.742832
4569.660156 0.000000 2143.305908 0.000000 0.632222 0.000000 -0.774787 0.707435 0.707435 0.707435
4607.218262 0.000000 2138.225098 0.000000 0.183526 0.000000 0.983015 0.682558 0.682558 0.682558
4593.617676 0.000000 2138.878174 0.000000 0.104819 0.000000 -0.994491 0.751232 0.751232 0.751232
4573.743164 0.000000 2145.584473 0.000000 0.219341 0.000000 0.975648 0.681131 0.681131 0.681131
4548.520996 0.000000 2141.149658 0.000000 0.493445 0.000000 0.869777 0.643965 0.643965 0.643965
4591.809570 0.000000 2130.092773 0.000000 0.529314 0.000000 0.848426 0.646182 0.646182 0.646182
4571.697754 0.000000 2139.580078 0.000000 0.813317 0.000000 0.581821 0.688714 0.688714 0.688714
4566.760742 0.000000 2151.420654 0.000000 0.951609 0.000000 0.307310 0.692139 0.692139 0.692139
4595.565918 0.000000 2135.237305 0.000000 0.748036 0.000000 -0.663658 0.733481 0.733481 0.733481
4605.520020 0.000000 2130.056885 0.000000 0.998115 0.000000 -0.061374 0.702747 0.702747 0.702747
4576.968262 0.000000 2144.313721 0.000000 0.795247 0.000000 0.606285 0.662662 0.662662 0.662662
4567.108887 0.000000 2141.138184 0.000000 0.278763 0.000000 0.960360 0.579325 0.579325 0.579325
4575.808105 0.000000 2133.994141 0.000000 0.937824 0.000000 0.347112 0.685132 0.685132 0.685132
4605.123047 0.000000 2140.617920 0.000000 0.925344 0.000000 0.379129 0.686409 0.686409 0.686409
4550.001953 0.000000 2153.299561 0.000000 0.248558 0.000000 -0.968617 0.821763 0.821763 0.821763
4546.526855 0.000000 2150.559570 0.000000 0.999911 0.000000 -0.013370 0.701028 0.701028 0.701028
4549.950195 0.000000 2143.166504 0.000000 0.999750 0.000000 0.022350 0.697906 0.697906 0.697906
4593.361816 0.000000 2136.230957 0.000000 0.509392 0.000000 0.860535 0.656535 0.656535 0.656535
4553.946777 0.000000 2146.376953 0.000000 0.326064 0.000000 -0.945348 0.776196 0.776196 0.776196
4595.284180 0.000000 2137.378906 0.000000 0.951129 0.000000 -0.308794 0.721944 0.721944 0.721944
4580.902832 0.000000 2142.371094 0.000000 0.956387 0.000000 -0.292102 0.719892 0.719892 0.719892
4579.820312 0.000000 2140.371338 0.000000 0.233711 0.000000 -0.972306 0.881030 0.881030 0.881030
4551.160156 0.000000 2141.802246 0.000000 0.574966 0.000000 -0.818177 0.779041 0.779041 0.779041
4577.075195 0.000000 2142.187988 0.000000 0.814762 0.000000 0.579795 0.624773 0.624773 0.624773
4573.804199 0.000000 2137.339111 0.000000 0.407265 0.000000 -0.913310 0.812675 0.812675 0.812675
4578.805664 0.000000 2143.713379 0.000000 0.865953 0.000000 0.500125 0.629706 0.629706 0.629706
4552.827637 0.000000 2145.247803 0.000000 0.235515 0.000000 0.971871 0.549041 0.549041 0.549041
4551.303223 0.000000 2143.037842 0.000000 0.172411 0.000000 -0.985025 0.922736 0.922736 0.922736
4580.789551 0.000000 2141.118408 0.000000 0.235075 0.000000 -0.971977 0.918126 0.918126 0.918126
4511.768066 0.000000 2177.622070 0.000000 0.742152 0.000000 0.670232 0.698973 0.698973 0.698973
4525.121094 0.000000 2174.013672 0.000000 0.229995 0.000000 0.973192 0.694385 0.694385 0.694385
4653.432129 0.000000 2066.438965 0.000000 0.179389 0.000000 0.983778 0.680561 0.680561 0.680561
4648.868652 0.000000 2074.991211 0.000000 0.700987 0.000000 0.713175 0.696670 0.696670 0.696670
4977.256836 0.000000 1955.291504 0.000000 0.964289 0.000000 -0.264853 0.712742 0.712742 0.712742
4974.740723 0.000000 1955.993408 0.000000 0.425650 0.000000 -0.904888 0.780650 0.780650 0.780650
4628.403809 0.000000 2122.252686 0.000000 0.640003 0.000000 -0.768372 0.701225 0.701225 0.701225
4648.868652 0.000000 2122.233398 0.000000 0.995262 0.000000 0.097228 0.699455 0.699455 0.699455
4657.681152 0.000000 2122.693115 0.000000 0.770255 0.000000 0.637736 0.696133 0.696133 0.696133
4641.374023 0.000000 2124.144775 0.000000 0.991895 0.000000 0.127057 0.693944 0.693944 0.693944
4625.242188 0.000000 2124.320801 0.000000 0.896407 0.000000 0.443233 0.689086 0.689086 0.689086
4649.545898 0.000000 2125.346924 0.000000 0.872610 0.000000 0.488418 0.677171 0.677171 0.677171
4638.377441 0.000000 2124.645996 0.000000 0.088338 0.000000 -0.996091 0.818128 0.818128 0.818128
4621.252930 0.000000 2125.587158 0.000000 0.189764 0.000000 -0.981830 0.759804 0.759804 0.759804
4627.685059 0.000000 2124.470459 0.000000 0.852255 0.000000 0.523126 0.674601 0.674601 0.674601
4639.752441 0.000000 2130.379883 0.000000 0.328419 0.000000 -0.944532 0.708641 0.708641 0.708641
4607.737305 0.000000 2129.952881 0.000000 0.786942 0.000000 -0.617027 0.727890 0.727890 0.727890
4630.713867 0.000000 2137.764160 0.000000 0.032744 0.000000 -0.999464 0.809665 0.809665 0.809665
4618.879883 0.000000 2127.594238 0.000000 0.851109 0.000000 -0.524989 0.726272 0.726272 0.726272
4646.150391 0.000000 2126.785889 0.000000 0.334644 0.000000 0.942344 0.689686 0.689686 0.689686
4637.113770 0.000000 2135.738037 0.000000 0.283165 0.000000 0.959071 0.671285 0.671285 0.671285
4647.855957 0.000000 2150.543213 0.000000 0.975387 0.000000 0.220502 0.697513 0.697513 0.697513
4628.998047 0.000000 2143.796387 0.000000 0.768453 0.000000 0.639906 0.690292 0.690292 0.690292
4663.129395 0.000000 2133.299072 0.000000 0.965400 0.000000 -0.260773 0.709959 0.709959 0.709959
4623.411621 0.000000 2127.625977 0.000000 0.990886 0.000000 0.134704 0.697922 0.697922 0.697922
4619.479492 0.000000 2132.203125 0.000000 0.904274 0.000000 -0.426952 0.714801 0.714801 0.714801
4641.192871 0.000000 2126.179443 0.000000 0.997056 0.000000 -0.076670 0.701931 0.701931 0.701931
4631.357910 0.000000 2147.155029 0.000000 0.117067 0.000000 0.993124 0.675616 0.675616 0.675616
4615.089355 0.000000 2137.914062 0.000000 0.929408 0.000000 0.369053 0.692602 0.692602 0.692602
4627.874023 0.000000 2129.783691 0.000000 0.221889 0.000000 -0.975072 0.748965 0.748965 0.748965
4633.210938 0.000000 2135.082520 0.000000 0.829955 0.000000 -0.557830 0.713237 0.713237 0.713237
4612.997070 0.000000 2134.619141 0.000000 0.989922 0.000000 0.141617 0.695828 0.695828 0.695828
4638.447754 0.000000 2126.680176 0.000000 0.342475 0.000000 -0.939527 0.744392 0.744392 0.744392
4621.155273 0.000000 2126.618652 0.000000 0.755930 0.000000 0.654653 0.653102 0.653102 0.653102
4648.349121 0.000000 2125.933594 0.000000 0.476377 0.000000 0.879241 0.651939 0.651939 0.651939
4616.922363 0.000000 2132.417480 0.000000 0.998100 0.000000 0.061618 0.691725 0.691725 0.691725
4623.348145 0.000000 2130.183105 0.000000 0.841844 0.000000 0.539721 0.656162 0.656162 0.656162
4614.302246 0.000000 2133.254395 0.000000 0.198013 0.000000 -0.980199 0.797787 0.797787 0.797787
4631.612305 0.000000 2136.165039 0.000000 0.814845 0.000000 0.579679 0.655912 0.655912 0.655912
4622.049316 0.000000 2128.463867 0.000000 0.902276 0.000000 -0.431159 0.746119 0.746119 0.746119
4682.870605 0.000000 2136.599854 0.000000 0.099123 0.000000 -0.995075 0.712344 0.712344 0.712344
4675.205566 0.000000 2136.877686 0.000000 0.923817 0.000000 0.382834 0.695606 0.695606 0.695606
4679.888672 0.000000 2134.436523 0.000000 0.973892 0.000000 -0.227013 0.705763 0.705763 0.705763
5002.831543 0.000000 2136.599854 0.000000 0.938619 0.000000 0.344956 0.698523 0.698523 0.698523
5032.789062 0.000000 2144.907959 0.000000 0.565478 0.000000 0.824763 0.695933 0.695933 0.695933
5041.249023 0.000000 2144.260254 0.000000 0.198454 0.000000 -0.980110 0.705750 0.705750 0.705750
5023.705566 0.000000 2177.622070 0.000000 0.738154 0.000000 0.674632 0.695859 0.695859 0.695859
5028.842285 0.000000 2178.655518 0.000000 0.884531 0.000000 -0.466481 0.710177 0.710177 0.710177
5012.585938 0.000000 2253.257568 0.000000 0.954506 0.000000 -0.298190 0.704657 0.704657 0.704657
5017.068359 0.000000 2258.903809 0.000000 0.841126 0.000000 -0.540840 0.715978 0.715978 0.715978
5016.688965 0.000000 2254.050781 0.000000 0.321221 0.000000 -0.947004 0.720867 0.720867 0.720867
5014.247070 0.000000 2255.729980 0.000000 0.337404 0.000000 0.941360 0.641693 0.641693 0.641693
5016.625977 0.000000 2256.559570 0.000000 0.756204 0.000000 -0.654336 0.739890 0.739890 0.739890
5089.169922 0.000000 2260.385010 0.000000 0.890781 0.000000 -0.454432 0.701319 0.701319 0.701319
5078.659180 0.000000 2232.248535 0.000000 0.117768 0.000000 -0.993041 0.704062 0.704062 0.704062
5588.286621 0.000000 1744.315063 0.000000 0.455404 0.000000 -0.890285 0.833548 0.833548 0.833548
5618.842773 0.000000 1731.657227 0.000000 0.974283 0.000000 -0.225327 0.706037 0.706037 0.706037
5612.441406 0.000000 1729.767456 0.000000 0.828540 0.000000 0.559930 0.676736 0.676736 0.676736
5619.296387 0.000000 1729.533447 0.000000 0.387293 0.000000 -0.921957 0.923050 0.923050 0.923050
5589.063965 0.000000 1745.646729 0.000000 0.694293 0.000000 -0.719693 0.797714 0.797714 0.797714
5618.167480 0.000000 1729.133301 0.000000 0.866578 0.000000 -0.499041 0.799345 0.799345 0.799345
5514.140137 0.000000 1784.847656 0.000000 0.814466 0.000000 0.580211 0.616923 0.616923 0.616923
5549.130371 0.000000 1769.424805 0.000000 0.716244 0.000000 -0.697850 0.755073 0.755073 0.755073
5553.937988 0.000000 1771.455811 0.000000 0.988824 0.000000 -0.149087 0.714227 0.714227 0.714227
5527.248535 0.000000 1769.217529 0.000000 0.999975 0.000000 -0.007019 0.700491 0.700491 0.700491
5516.657715 0.000000 1787.824341 0.000000 0.664162 0.000000 0.747589 0.658680 0.658680 0.658680
5536.851074 0.000000 1766.376099 0.000000 0.117613 0.000000 -0.993060 0.746719 0.746719 0.746719
5517.493164 0.000000 1784.194824 0.000000 0.925047 0.000000 -0.379852 0.732139 0.732139 0.732139
5550.318359 0.000000 1771.698364 0.000000 0.028393 0.000000 -0.999597 0.902700 0.902700 0.902700
5561.945801 0.000000 1784.551392 0.000000 0.437630 0.000000 0.899155 0.528091 0.528091 0.528091
5552.284668 0.000000 1773.307861 0.000000 0.997159 0.000000 0.075328 0.696311 0.696311 0.696311
5525.090332 0.000000 1768.235962 0.000000 0.937447 0.000000 -0.348129 0.716405 0.716405 0.716405
5527.963867 0.000000 1771.507202 0.000000 0.971199 0.000000 -0.238271 0.710091 0.710091 0.710091
5516.023926 0.000000 1785.715088 0.000000 0.758986 0.000000 0.651107 0.641514 0.641514 0.641514
5552.105469 0.000000 1771.137939 0.000000 0.760557 0.000000 0.649271 0.632822 0.632822 0.632822
5528.612793 0.000000 1767.912476 0.000000 0.261523 0.000000 -0.965197 0.831483 0.831483 0.831483
5563.544922 0.000000 1791.959717 0.000000 0.561968 0.000000 0.827159 0.531141 0.531141 0.531141
5532.981445 0.000000 1762.765137 0.000000 0.981405 0.000000 -0.191948 0.719442 0.719442 0.719442
5528.476562 0.000000 1764.039551 0.000000 0.999249 0.000000 -0.038754 0.703685 0.703685 0.703685
5550.694336 0.000000 1770.117310 0.000000 0.756805 0.000000 0.653641 0.606380 0.606380 0.606380
5560.907715 0.000000 1783.400635 0.000000 0.233077 0.000000 -0.972458 0.912860 0.912860 0.912860
5514.772949 0.000000 1786.534180 0.000000 0.266518 0.000000 -0.963830 0.876434 0.876434 0.876434
5539.209961 0.000000 1767.159058 0.000000 0.999999 0.000000 0.001677 0.699780 0.699780 0.699780
5561.003418 0.000000 1785.555176 0.000000 0.968192 0.000000 0.250209 0.661108 0.661108 0.661108
5514.611328 0.000000 1782.315308 0.000000 0.931120 0.000000 0.364714 0.637890 0.637890 0.637890
5514.423340 0.000000 1783.669312 0.000000 0.970240 0.000000 0.242143 0.659310 0.659310 0.659310
5588.286621 0.000000 1791.557251 0.000000 0.677025 0.000000 0.735960 0.636402 0.636402 0.636402
5588.651367 0.000000 1755.618896 0.000000 0.861107 0.000000 -0.508424 0.722370 0.722370 0.722370
5599.955566 0.000000 1778.637939 0.000000 0.914109 0.000000 -0.405469 0.760703 0.760703 0.760703
5592.250000 0.000000 1790.265015 0.000000 0.314738 0.000000 0.949179 0.672025 0.672025 0.672025
5593.093750 0.000000 1757.145020 0.000000 0.240934 0.000000 0.970541 0.545961 0.545961 0.545961
5594.686035 0.000000 1788.944702 0.000000 0.110133 0.000000 -0.993917 0.804131 0.804131 0.804131
5596.772949 0.000000 1773.382568 0.000000 0.388300 0.000000 0.921533 0.636097 0.636097 0.636097
5591.084961 0.000000 1755.748047 0.000000 0.999125 0.000000 -0.041816 0.706374 0.706374 0.706374
5590.527832 0.000000 1791.924927 0.000000 0.014315 0.000000 -0.999898 0.906726 0.906726 0.906726
5598.772949 0.000000 1772.905151 0.000000 0.743944 0.000000 -0.668242 0.770598 0.770598 0.770598
5591.580566 0.000000 1754.160767 0.000000 0.009486 0.000000 -0.999955 0.937927 0.937927 0.937927
5598.830566 0.000000 1779.578003 0.000000 0.921758 0.000000 -0.387765 0.757899 0.757899 0.757899
5598.747559 0.000000 1778.097412 0.000000 0.919820 0.000000 0.392340 0.641379 0.641379 0.641379
5454.115723 0.000000 1826.476196 0.000000 0.590931 0.000000 0.806722 0.643575 0.643575 0.643575
5500.268066 0.000000 1835.155151 0.000000 0.181963 0.000000 -0.983305 0.771789 0.771789 0.771789
5477.171387 0.000000 1840.386719 0.000000 0.903921 0.000000 -0.427699 0.708032 0.708032 0.708032
5456.490234 0.000000 1829.641846 0.000000 0.991582 0.000000 -0.129478 0.707080 0.707080 0.707080
5453.500977 0.000000 1831.437012 0.000000 0.999875 0.000000 0.015786 0.699581 0.699581 0.699581
5497.030762 0.000000 1834.350098 0.000000 0.999459 0.000000 -0.032890 0.704507 0.704507 0.704507
5457.334961 0.000000 1826.463745 0.000000 0.083876 0.000000 -0.996476 0.768596 0.768596 0.768596
5459.045898 0.000000 1835.902466 0.000000 0.479748 0.000000 0.877406 0.496472 0.496472 0.496472
5500.443359 0.000000 1832.240479 0.000000 0.996117 0.000000 0.088037 0.693715 0.693715 0.693715
5441.029297 0.000000 1839.581909 0.000000 0.904180 0.000000 -0.427152 0.767873 0.767873 0.767873
5449.451660 0.000000 1834.451782 0.000000 0.200444 0.000000 -0.979705 0.826320 0.826320 0.826320
5464.571289 0.000000 1831.379761 0.000000 0.242076 0.000000 -0.970257 0.829797 0.829797 0.829797
5441.235352 0.000000 1836.288330 0.000000 0.643195 0.000000 -0.765702 0.753649 0.753649 0.753649
5456.984375 0.000000 1835.553345 0.000000 0.854992 0.000000 0.518641 0.613096 0.613096 0.613096
5455.636719 0.000000 1831.502441 0.000000 0.871034 0.000000 0.491222 0.586572 0.586572 0.586572
5454.232910 0.000000 1833.355347 0.000000 0.236619 0.000000 0.971603 0.619930 0.619930 0.619930
5455.637207 0.000000 1827.776367 0.000000 0.670735 0.000000 -0.741697 0.750233 0.750233 0.750233
5498.854492 0.000000 1833.583130 0.000000 0.981844 0.000000 -0.189690 0.740289 0.740289 0.740289
5495.201660 0.000000 1834.921021 0.000000 0.361571 0.000000 0.932344 0.612699 0.612699 0.612699
5454.577637 0.000000 1829.893677 0.000000 0.863518 0.000000 0.504318 0.646052 0.646052 0.646052
5448.271973 0.000000 1835.728394 0.000000 0.927877 0.000000 -0.372887 0.735259 0.735259 0.735259
5478.169922 0.000000 1841.790527 0.000000 0.693888 0.000000 0.720083 0.615705 0.615705 0.615705
5458.158691 0.000000 1834.473755 0.000000 0.241649 0.000000 0.970364 0.447739 0.447739 0.447739
5441.475586 0.000000 1838.075439 0.000000 0.983413 0.000000 0.181381 0.671951 0.671951 0.671951
5499.149414 0.000000 1832.248169 0.000000 0.135371 0.000000 0.990795 0.397058 0.397058 0.397058
5456.073242 0.000000 1834.745239 0.000000 0.999324 0.000000 -0.036765 0.705861 0.705861 0.705861
5499.966797 0.000000 1833.957764 0.000000 0.818081 0.000000 0.575103 0.570648 0.570648 0.570648
5436.709473 0.000000 1848.992798 0.000000 0.871095 0.000000 -0.491115 0.781821 0.781821 0.781821
5480.734375 0.000000 1861.454712 0.000000 0.714900 0.000000 -0.699227 0.826658 0.826658 0.826658
5480.216797 0.000000 1858.388428 0.000000 0.672018 0.000000 0.740535 0.623057 0.623057 0.623057
5478.516113 0.000000 1859.978027 0.000000 0.924985 0.000000 -0.380004 0.796459 0.796459 0.796459
5478.401367 0.000000 1858.257324 0.000000 0.974701 0.000000 0.223515 0.644218 0.644218 0.644218
5481.026855 0.000000 1859.749512 0.000000 0.582500 0.000000 0.812831 0.612434 0.612434 0.612434
5479.697266 0.000000 1859.579834 0.000000 0.985246 0.000000 0.171146 0.657439 0.657439 0.657439
5512.284180 0.000000 1812.916382 0.000000 0.201853 0.000000 -0.979416 0.713383 0.713383 0.713383
5521.132812 0.000000 1840.867554 0.000000 0.668565 0.000000 0.743654 0.603871 0.603871 0.603871
5518.812988 0.000000 1840.020264 0.000000 0.745892 0.000000 0.666067 0.651084 0.651084 0.651084
5523.575684 0.000000 1841.017334 0.000000 0.627198 0.000000 0.778860 0.606381 0.606381 0.606381
5512.710449 0.000000 1814.552368 0.000000 0.732700 0.000000 -0.680552 0.851739 0.851739 0.851739
5515.287109 0.000000 1819.295410 0.000000 0.883661 0.000000 0.468128 0.623717 0.623717 0.623717
5567.096680 0.000000 1803.253662 0.000000 0.600931 0.000000 0.799301 0.565341 0.565341 0.565341
5515.129395 0.000000 1816.237427 0.000000 0.885739 0.000000 -0.464184 0.760738 0.760738 0.760738
5575.779297 0.000000 1803.741089 0.000000 0.141138 0.000000 0.989990 0.634063 0.634063 0.634063
5581.262695 0.000000 1799.132446 0.000000 0.304608 0.000000 -0.952478 0.863990 0.863990 0.863990
5572.879883 0.000000 1803.923706 0.000000 0.975961 0.000000 0.217947 0.689863 0.689863 0.689863
5523.587891 0.000000 1842.560181 0.000000 0.879769 0.000000 0.475401 0.661905 0.661905 0.661905
5564.562012 0.000000 1860.042969 0.000000 0.675930 0.000000 -0.736966 0.711584 0.711584 0.711584
5548.509766 0.000000 1856.663208 0.000000 0.413594 0.000000 -0.910462 0.935192 0.935192 0.935192
5519.302246 0.000000 1844.172607 0.000000 0.330251 0.000000 -0.943893 0.872553 0.872553 0.872553
5562.082520 0.000000 1864.329956 0.000000 0.283638 0.000000 0.958931 0.682060 0.682060 0.682060
5531.580566 0.000000 1856.126831 0.000000 0.842051 0.000000 0.539398 0.680087 0.680087 0.680087
5511.787109 0.000000 1850.983276 0.000000 0.999570 0.000000 0.029314 0.697459 0.697459 0.697459
5533.170410 0.000000 1859.040283 0.000000 0.542373 0.000000 0.840138 0.627480 0.627480 0.627480
5552.051758 0.000000 1863.775635 0.000000 0.004561 0.000000 0.999990 0.562049 0.562049 0.562049
5537.986328 0.000000 1862.430298 0.000000 0.975167 0.000000 -0.221469 0.725602 0.725602 0.725602
5552.105469 0.000000 1865.622314 0.000000 0.800675 0.000000 0.599099 0.614682 0.614682 0.614682
5510.192871 0.000000 1849.801147 0.000000 0.151041 0.000000 0.988528 0.525399 0.525399 0.525399
5552.223633 0.000000 1862.143677 0.000000 0.997886 0.000000 -0.064990 0.705728 0.705728 0.705728
5554.427246 0.000000 1862.012329 0.000000 0.988389 0.000000 -0.151947 0.721539 0.721539 0.721539
5550.694336 0.000000 1864.601685 0.000000 0.364115 0.000000 -0.931354 0.921106 0.921106 0.921106
5563.508301 0.000000 1861.264648 0.000000 0.824043 0.000000 0.566527 0.636005 0.636005 0.636005
5553.351562 0.000000 1864.497681 0.000000 0.401324 0.000000 -0.915936 0.853779 0.853779 0.853779
5549.977051 0.000000 1857.264160 0.000000 0.415339 0.000000 -0.909667 0.934798 0.934798 0.934798
5531.077148 0.000000 1859.707886 0.000000 0.987520 0.000000 -0.157495 0.722111 0.722111 0.722111
5511.528809 0.000000 1849.533081 0.000000 0.628659 0.000000 0.777681 0.590384 0.590384 0.590384
5562.388184 0.000000 1862.863525 0.000000 0.813994 0.000000 -0.580874 0.782320 0.782320 0.782320
5555.667969 0.000000 1862.722656 0.000000 0.834985 0.000000 0.550273 0.617721 0.617721 0.617721
5608.144531 0.000000 1851.847534 0.000000 0.530881 0.000000 -0.847446 0.704241 0.704241 0.704241
5571.096191 0.000000 1853.424316 0.000000 0.576293 0.000000 -0.817243 0.757508 0.757508 0.757508
5584.857422 0.000000 1854.233032 0.000000 0.018608 0.000000 -0.999827 0.819353 0.819353 0.819353
5597.618164 0.000000 1862.131104 0.000000 0.226018 0.000000 -0.974123 0.760075 0.760075 0.760075
5611.946289 0.000000 1852.838135 0.000000 0.705394 0.000000 -0.708815 0.844286 0.844286 0.844286
5587.613770 0.000000 1853.046387 0.000000 0.996293 0.000000 0.086023 0.691451 0.691451 0.691451
5568.323730 0.000000 1853.378662 0.000000 0.682983 0.000000 -0.730435 0.809916 0.809916 0.809916
5570.401855 0.000000 1867.106323 0.000000 0.556265 0.000000 0.831005 0.608117 0.608117 0.608117
5572.621582 0.000000 1855.306641 0.000000 0.345179 0.000000 0.938537 0.533071 0.533071 0.533071
5610.624512 0.000000 1858.436890 0.000000 0.214722 0.000000 -0.976675 0.838227 0.838227 0.838227
5599.857422 0.000000 1863.052490 0.000000 0.746869 0.000000 -0.664971 0.760005 0.760005 0.760005
5577.821777 0.000000 1862.923706 0.000000 0.125692 0.000000 0.992069 0.508111 0.508111 0.508111
5571.418457 0.000000 1864.831543 0.000000 0.977001 0.000000 0.213236 0.671460 0.671460 0.671460
5569.905762 0.000000 1855.449585 0.000000 0.880274 0.000000 0.474466 0.665443 0.665443 0.665443
5611.112793 0.000000 1854.990479 0.000000 0.998690 0.000000 -0.051170 0.705654 0.705654 0.705654
5610.332520 0.000000 1856.651245 0.000000 0.158685 0.000000 0.987329 0.402034 0.402034 0.402034
5598.193848 0.000000 1863.840210 0.000000 0.402775 0.000000 -0.915299 0.795374 0.795374 0.795374
5587.222656 0.000000 1861.001099 0.000000 0.414190 0.000000 0.910191 0.504918 0.504918 0.504918
5585.892090 0.000000 1852.900635 0.000000 0.118982 0.000000 0.992896 0.480831 0.480831 0.480831
5569.726562 0.000000 1852.639404 0.000000 0.263325 0.000000 0.964707 0.524940 0.524940 0.524940
5610.731934 0.000000 1852.030762 0.000000 0.288631 0.000000 0.957440 0.465938 0.465938 0.465938
5576.478027 0.000000 1863.418213 0.000000 0.749191 0.000000 -0.662354 0.796153 0.796153 0.796153
5571.122070 0.000000 1862.644043 0.000000 0.995363 0.000000 -0.096187 0.717913 0.717913 0.717913
5579.121582 0.000000 1863.479614 0.000000 0.516931 0.000000 -0.856027 0.915484 0.915484 0.915484
5581.640137 0.000000 1862.807495 0.000000 0.675942 0.000000 -0.736955 0.832055 0.832055 0.832055
5589.980957 0.000000 1861.115845 0.000000 0.109220 0.000000 0.994018 0.413969 0.413969 0.413969
5573.903809 0.000000 1855.283936 0.000000 0.719101 0.000000 0.694906 0.594736 0.594736 0.594736
5588.913574 0.000000 1861.570923 0.000000 0.678411 0.000000 0.734682 0.538484 0.538484 0.538484
5611.421875 0.000000 1856.141235 0.000000 0.947692 0.000000 0.319185 0.631417 0.631417 0.631417
5610.875977 0.000000 1853.809448 0.000000 0.580939 0.000000 -0.813947 0.874157 0.874157 0.874157
5571.644531 0.000000 1863.700073 0.000000 0.988645 0.000000 0.150267 0.671953 0.671953 0.671953
5693.392578 0.000000 1697.060059 0.000000 0.910631 0.000000 -0.413221 0.738711 0.738711 0.738711
5694.742188 0.000000 1692.170898 0.000000 0.968718 0.000000 -0.248166 0.716830 0.716830 0.716830
5691.297363 0.000000 1700.521851 0.000000 0.970116 0.000000 0.242642 0.671560 0.671560 0.671560
5712.371094 0.000000 1691.838135 0.000000 0.923676 0.000000 -0.383175 0.713194 0.713194 0.713194
5725.568848 0.000000 1694.959961 0.000000 0.987048 0.000000 -0.160425 0.711038 0.711038 0.711038
5722.670410 0.000000 1694.460327 0.000000 0.969406 0.000000 0.245463 0.677463 0.677463 0.677463
5695.312012 0.000000 1692.180542 0.000000 0.826312 0.000000 -0.563212 0.740148 0.740148 0.740148
5712.953125 0.000000 1693.826782 0.000000 0.132223 0.000000 0.991220 0.496921 0.496921 0.496921
5750.316406 0.000000 1696.873901 0.000000 0.429970 0.000000 0.902843 0.578749 0.578749 0.578749
5811.417480 0.000000 1615.573242 0.000000 0.382338 0.000000 0.924022 0.653868 0.653868 0.653868
5798.477051 0.000000 1623.767090 0.000000 0.804844 0.000000 -0.593487 0.762182 0.762182 0.762182
5819.444336 0.000000 1629.993042 0.000000 0.930839 0.000000 -0.365430 0.732427 0.732427 0.732427
5811.135742 0.000000 1617.714722 0.000000 0.569827 0.000000 0.821765 0.636623 0.636623 0.636623
5799.412598 0.000000 1636.431030 0.000000 0.516820 0.000000 0.856094 0.590807 0.590807 0.590807
5796.754395 0.000000 1622.706909 0.000000 0.975722 0.000000 -0.219012 0.725313 0.725313 0.725313
5798.362305 0.000000 1622.046387 0.000000 0.844553 0.000000 -0.535472 0.755300 0.755300 0.755300
5818.836426 0.000000 1631.490356 0.000000 0.520834 0.000000 0.853658 0.548401 0.548401 0.548401
5792.115723 0.000000 1645.043823 0.000000 0.254068 0.000000 0.967186 0.459361 0.459361 0.459361
5820.513184 0.000000 1630.877563 0.000000 0.555705 0.000000 0.831379 0.538066 0.538066 0.538066
5850.459961 0.000000 1629.893677 0.000000 0.679901 0.000000 -0.733304 0.797822 0.797822 0.797822
5874.811523 0.000000 1637.172852 0.000000 0.639191 0.000000 -0.769048 0.708586 0.708586 0.708586
5852.741699 0.000000 1631.656006 0.000000 0.553156 0.000000 0.833078 0.646312 0.646312 0.646312
5878.273926 0.000000 1639.953369 0.000000 0.855491 0.000000 -0.517818 0.720546 0.720546 0.720546
5852.155762 0.000000 1628.237183 0.000000 0.987312 0.000000 -0.158795 0.710479 0.710479 0.710479
5877.132812 0.000000 1637.888672 0.000000 0.908437 0.000000 0.418022 0.645735 0.645735 0.645735
5849.073730 0.000000 1628.168945 0.000000 0.639145 0.000000 -0.769086 0.823895 0.823895 0.823895
5876.596191 0.000000 1636.255371 0.000000 0.977033 0.000000 0.213088 0.672981 0.672981 0.672981
5849.213867 0.000000 1629.623535 0.000000 0.885073 0.000000 -0.465452 0.768364 0.768364 0.768364
5777.680664 0.000000 1675.267090 0.000000 0.480905 0.000000 -0.876773 0.874878 0.874878 0.874878
5776.669434 0.000000 1674.257446 0.000000 0.995992 0.000000 0.089447 0.685349 0.685349 0.685349
5916.272949 0.000000 1540.697510 0.000000 0.225769 0.000000 -0.974181 0.739432 0.739432 0.739432
5907.528809 0.000000 1557.564209 0.000000 0.982804 0.000000 0.184650 0.677151 0.677151 0.677151
5917.661133 0.000000 1542.598755 0.000000 0.650092 0.000000 -0.759856 0.813426 0.813426 0.813426
5906.117188 0.000000 1555.562378 0.000000 0.656887 0.000000 -0.753989 0.763288 0.763288 0.763288
5916.783203 0.000000 1546.767700 0.000000 0.774203 0.000000 0.632937 0.657841 0.657841 0.657841
5909.471191 0.000000 1554.160767 0.000000 0.703768 0.000000 0.710429 0.612735 0.612735 0.612735
5909.024902 0.000000 1556.677979 0.000000 0.995791 0.000000 -0.091658 0.717452 0.717452 0.717452
5910.031738 0.000000 1550.954590 0.000000 0.691325 0.000000 0.722544 0.615332 0.615332 0.615332
5913.496094 0.000000 1576.399536 0.000000 0.435782 0.000000 -0.900052 0.739142 0.739142 0.739142
5933.784668 0.000000 1604.282227 0.000000 0.636779 0.000000 -0.771047 0.750470 0.750470 0.750470
5923.157715 0.000000 1596.208130 0.000000 0.999768 0.000000 0.021552 0.699458 0.699458 0.699458
5910.944824 0.000000 1574.231689 0.000000 0.677001 0.000000 -0.735982 0.787884 0.787884 0.787884
5931.691406 0.000000 1602.034424 0.000000 0.851025 0.000000 0.525125 0.680677 0.680677 0.680677
5920.372559 0.000000 1596.285156 0.000000 0.201391 0.000000 0.979511 0.650273 0.650273 0.650273
5911.288574 0.000000 1577.599243 0.000000 0.172568 0.000000 0.984998 0.625763 0.625763 0.625763
5931.552734 0.000000 1604.859863 0.000000 0.065237 0.000000 0.997870 0.622122 0.622122 0.622122
5921.516602 0.000000 1594.879517 0.000000 0.508111 0.000000 0.861291 0.552006 0.552006 0.552006
5910.418457 0.000000 1575.960449 0.000000 0.889650 0.000000 -0.456643 0.750387 0.750387 0.750387
5940.927734 0.000000 1609.505737 0.000000 0.777757 0.000000 0.628565 0.620177 0.620177 0.620177
5900.463379 0.000000 1650.329468 0.000000 0.686694 0.000000 -0.726947 0.704551 0.704551 0.704551
5942.973145 0.000000 1613.634766 0.000000 0.472836 0.000000 -0.881150 0.745226 0.745226 0.745226
5942.960449 0.000000 1611.081177 0.000000 0.334323 0.000000 0.942459 0.534928 0.534928 0.534928
5902.766113 0.000000 1651.051514 0.000000 0.970050 0.000000 -0.242907 0.735675 0.735675 0.735675
5943.945312 0.000000 1610.016357 0.000000 0.009470 0.000000 0.999955 0.490447 0.490447 0.490447
5940.810059 0.000000 1608.114380 0.000000 0.916730 0.000000 -0.399507 0.748264 0.748264 0.748264
5903.774902 0.000000 1651.868408 0.000000 0.672307 0.000000 0.740272 0.578814 0.578814 0.578814
5951.642578 0.000000 1636.591797 0.000000 0.787369 0.000000 -0.616482 0.700929 0.700929 0.700929
5952.471680 0.000000 1653.184814 0.000000 0.968655 0.000000 -0.248411 0.704563 0.704563 0.704563
5954.914551 0.000000 1648.627197 0.000000 0.413462 0.000000 0.910521 0.522384 0.522384 0.522384
5956.652832 0.000000 1643.390991 0.000000 0.817938 0.000000 -0.575307 0.717997 0.717997 0.717997
5954.667480 0.000000 1646.887329 0.000000 0.040258 0.000000 -0.999189 0.946075 0.946075 0.946075
5954.492188 0.000000 1650.319214 0.000000 0.046116 0.000000 0.998936 0.503894 0.503894 0.503894
5919.596191 0.000000 1657.957886 0.000000 0.349518 0.000000 -0.936930 0.708484 0.708484 0.708484
5932.462891 0.000000 1667.694458 0.000000 0.999078 0.000000 0.042933 0.696938 0.696938 0.696938
5916.610840 0.000000 1659.642334 0.000000 0.645355 0.000000 -0.763882 0.746183 0.746183 0.746183
5923.244629 0.000000 1656.083252 0.000000 0.784475 0.000000 -0.620160 0.717769 0.717769 0.717769
5916.475098 0.000000 1656.570557 0.000000 0.998043 0.000000 -0.062531 0.707173 0.707173 0.707173
5934.919922 0.000000 1664.879517 0.000000 0.972181 0.000000 0.234232 0.686448 0.686448 0.686448
5921.899414 0.000000 1659.700195 0.000000 0.501658 0.000000 -0.865066 0.764300 0.764300 0.764300
5921.645996 0.000000 1657.490845 0.000000 0.295338 0.000000 -0.955393 0.849262 0.849262 0.849262
5934.503906 0.000000 1666.955811 0.000000 0.726892 0.000000 0.686752 0.618507 0.618507 0.618507
5933.133789 0.000000 1665.606201 0.000000 0.251448 0.000000 0.967871 0.550901 0.550901 0.550901
5935.911133 0.000000 1666.144531 0.000000 0.428223 0.000000 0.903673 0.578540 0.578540 0.578540
5948.990234 0.000000 1669.705566 0.000000 0.847160 0.000000 0.531337 0.628732 0.628732 0.628732
5957.723633 0.000000 1653.720703 0.000000 0.576503 0.000000 0.817095 0.666574 0.666574 0.666574
5953.104980 0.000000 1655.982422 0.000000 0.796429 0.000000 0.604732 0.630088 0.630088 0.630088
5650.523438 0.000000 1728.921509 0.000000 0.868407 0.000000 0.495852 0.641248 0.641248 0.641248
5661.447754 0.000000 1738.028809 0.000000 0.688928 0.000000 -0.724829 0.735140 0.735140 0.735140
5669.540527 0.000000 1741.170776 0.000000 0.986025 0.000000 0.166595 0.687832 0.687832 0.687832
5656.610840 0.000000 1734.386719 0.000000 0.999558 0.000000 -0.029716 0.702867 0.702867 0.702867
5693.387207 0.000000 1704.877075 0.000000 0.118418 0.000000 0.992964 0.551800 0.551800 0.551800
5662.655762 0.000000 1740.063599 0.000000 0.685324 0.000000 0.728238 0.611043 0.611043 0.611043
5658.633789 0.000000 1734.141724 0.000000 0.460584 0.000000 -0.887616 0.777871 0.777871 0.777871
5668.932129 0.000000 1738.781616 0.000000 0.825109 0.000000 0.564974 0.652154 0.652154 0.652154
5663.344238 0.000000 1741.785278 0.000000 0.290679 0.000000 0.956820 0.560869 0.560869 0.560869
5649.104004 0.000000 1729.974121 0.000000 0.933421 0.000000 0.358783 0.597392 0.597392 0.597392
5663.002441 0.000000 1738.657227 0.000000 0.514762 0.000000 0.857333 0.540149 0.540149 0.540149
5651.735840 0.000000 1728.178223 0.000000 0.540278 0.000000 -0.841486 0.813247 0.813247 0.813247
5217.154297 0.000000 2071.416260 0.000000 0.182408 0.000000 0.983223 0.616596 0.616596 0.616596
5213.502441 0.000000 2068.724121 0.000000 0.252765 0.000000 -0.967528 0.727582 0.727582 0.727582
5241.062012 0.000000 2070.561035 0.000000 0.677263 0.000000 -0.735741 0.741611 0.741611 0.741611
5214.710449 0.000000 2070.759033 0.000000 0.261344 0.000000 -0.965246 0.915516 0.915516 0.915516
5214.033203 0.000000 2071.731201 0.000000 0.972415 0.000000 -0.233257 0.738839 0.738839 0.738839
5303.544922 0.000000 2067.606934 0.000000 0.150578 0.000000 -0.988598 0.735726 0.735726 0.735726
5308.291504 0.000000 2071.365967 0.000000 0.226949 0.000000 0.973907 0.679364 0.679364 0.679364
5309.439453 0.000000 2074.997559 0.000000 0.984243 0.000000 0.176822 0.693787 0.693787 0.693787
5286.334473 0.000000 2074.255859 0.000000 0.293173 0.000000 -0.956059 0.774764 0.774764 0.774764
5287.402344 0.000000 2076.815674 0.000000 0.902211 0.000000 0.431294 0.676933 0.676933 0.676933
5294.915039 0.000000 2078.596191 0.000000 0.708781 0.000000 0.705428 0.646358 0.646358 0.646358
5580.551758 0.000000 1961.773438 0.000000 0.489119 0.000000 -0.872217 0.734076 0.734076 0.734076
5578.132324 0.000000 1973.816406 0.000000 0.729886 0.000000 -0.683569 0.721045 0.721045 0.721045
5584.386719 0.000000 1975.291260 0.000000 0.999442 0.000000 -0.033394 0.700233 0.700233 0.700233
5576.520508 0.000000 1959.405884 0.000000 0.073033 0.000000 -0.997330 0.725127 0.725127 0.725127
5592.618652 0.000000 1970.597656 0.000000 0.682497 0.000000 0.730888 0.679374 0.679374 0.679374
5579.858398 0.000000 1965.103027 0.000000 0.815578 0.000000 0.578647 0.683609 0.683609 0.683609
5603.209961 0.000000 1979.459595 0.000000 0.520056 0.000000 -0.854132 0.740081 0.740081 0.740081
5579.219727 0.000000 1959.376465 0.000000 0.372613 0.000000 0.927987 0.625198 0.625198 0.625198
5577.833008 0.000000 1961.509644 0.000000 0.195493 0.000000 -0.980705 0.751867 0.751867 0.751867
5581.054688 0.000000 1970.599243 0.000000 0.930399 0.000000 -0.366549 0.714691 0.714691 0.714691
5598.663574 0.000000 1976.274536 0.000000 0.290720 0.000000 0.956808 0.596547 0.596547 0.596547
5595.370117 0.000000 1975.387451 0.000000 0.452525 0.000000 -0.891752 0.760043 0.760043 0.760043
5578.624023 0.000000 1963.408691 0.000000 0.016646 0.000000 -0.999861 0.839059 0.839059 0.839059
5596.772461 0.000000 1976.641357 0.000000 0.920324 0.000000 0.391156 0.658984 0.658984 0.658984
5599.352051 0.000000 1977.996216 0.000000 0.325471 0.000000 0.945552 0.599509 0.599509 0.599509
5433.038574 0.000000 2070.561035 0.000000 0.999725 0.000000 -0.023440 0.701213 0.701213 0.701213
5434.862305 0.000000 2069.794189 0.000000 0.891168 0.000000 -0.453673 0.728966 0.728966 0.728966
5440.354004 0.000000 2054.335205 0.000000 0.069172 0.000000 0.997605 0.567744 0.567744 0.567744
5469.600098 0.000000 2072.897461 0.000000 0.734577 0.000000 0.678525 0.566545 0.566545 0.566545
5450.582031 0.000000 2064.564941 0.000000 0.966428 0.000000 -0.256939 0.709446 0.709446 0.709446
5466.701660 0.000000 2072.397949 0.000000 0.882629 0.000000 0.470070 0.668528 0.668528 0.668528
5442.417480 0.000000 2056.075195 0.000000 0.938690 0.000000 -0.344761 0.714271 0.714271 0.714271
5469.627930 0.000000 2075.200195 0.000000 0.991513 0.000000 0.130008 0.693438 0.693438 0.693438
5451.587891 0.000000 2066.697021 0.000000 0.929416 0.000000 0.369033 0.646101 0.646101 0.646101
5449.495605 0.000000 2066.308594 0.000000 0.966426 0.000000 0.256947 0.670572 0.670572 0.670572
5471.486328 0.000000 2075.904785 0.000000 0.160822 0.000000 -0.986983 0.816245 0.816245 0.816245
5442.617676 0.000000 2064.049316 0.000000 0.544891 0.000000 0.838507 0.558176 0.558176 0.558176
5448.305664 0.000000 2067.290039 0.000000 0.963396 0.000000 -0.268083 0.730735 0.730735 0.730735
5468.275391 0.000000 2072.468750 0.000000 0.973564 0.000000 0.228414 0.658761 0.658761 0.658761
5567.101074 0.000000 1996.498413 0.000000 0.759373 0.000000 -0.650656 0.727733 0.727733 0.727733
5612.988281 0.000000 1985.044678 0.000000 0.917168 0.000000 -0.398500 0.705730 0.705730 0.705730
5604.309082 0.000000 2013.400269 0.000000 0.948503 0.000000 0.316768 0.693241 0.693241 0.693241
5593.088379 0.000000 1989.734253 0.000000 0.837469 0.000000 -0.546485 0.712125 0.712125 0.712125
5606.033203 0.000000 1985.059326 0.000000 0.668007 0.000000 0.744155 0.690613 0.690613 0.690613
5609.976074 0.000000 2014.641357 0.000000 0.982712 0.000000 0.185142 0.692710 0.692710 0.692710
5567.620117 0.000000 1997.785034 0.000000 0.995314 0.000000 0.096698 0.696209 0.696209 0.696209
5568.308105 0.000000 1992.256226 0.000000 0.999679 0.000000 0.025330 0.699433 0.699433 0.699433
5613.823730 0.000000 2029.461914 0.000000 0.588939 0.000000 0.808177 0.681581 0.681581 0.681581
5607.283691 0.000000 2012.319946 0.000000 0.991884 0.000000 -0.127148 0.709982 0.709982 0.709982
5596.514160 0.000000 1987.265869 0.000000 0.840002 0.000000 -0.542584 0.714432 0.714432 0.714432
5611.730469 0.000000 2027.214111 0.000000 0.761588 0.000000 0.648061 0.668458 0.668458 0.668458
5568.323730 0.000000 1995.105225 0.000000 0.518191 0.000000 -0.855265 0.780332 0.780332 0.780332
5593.911133 0.000000 1987.267578 0.000000 0.736302 0.000000 -0.676653 0.749875 0.749875 0.749875
5603.694336 0.000000 1984.227539 0.000000 0.048753 0.000000 -0.998811 0.768093 0.768093 0.768093
5610.563477 0.000000 1984.329712 0.000000 0.963579 0.000000 0.267425 0.685618 0.685618 0.685618
5608.231934 0.000000 1984.206909 0.000000 0.964913 0.000000 0.262571 0.687371 0.687371 0.687371
5569.905762 0.000000 1997.176147 0.000000 0.650221 0.000000 -0.759745 0.777211 0.777211 0.777211
5611.473633 0.000000 1986.558228 0.000000 0.127633 0.000000 -0.991822 0.833132 0.833132 0.833132
5609.155762 0.000000 2012.894287 0.000000 0.950511 0.000000 -0.310692 0.727826 0.727826 0.727826
5586.625000 0.000000 1996.817627 0.000000 0.990689 0.000000 -0.136144 0.709737 0.709737 0.709737
5541.163574 0.000000 2076.597656 0.000000 0.053752 0.000000 -0.998554 0.816649 0.816649 0.816649
5556.661621 0.000000 2075.484619 0.000000 0.070038 0.000000 -0.997544 0.750354 0.750354 0.750354
5539.210938 0.000000 2076.368164 0.000000 0.980595 0.000000 -0.196043 0.732276 0.732276 0.732276
5559.193848 0.000000 2071.131836 0.000000 0.474822 0.000000 -0.880082 0.817341 0.817341 0.817341
5552.379883 0.000000 2074.392090 0.000000 0.998440 0.000000 0.055843 0.693360 0.693360 0.693360
5538.394043 0.000000 2077.948975 0.000000 0.507866 0.000000 -0.861436 0.869804 0.869804 0.869804
5608.718750 0.000000 2050.423584 0.000000 0.714744 0.000000 -0.699386 0.750894 0.750894 0.750894
5612.988281 0.000000 2032.286865 0.000000 0.279611 0.000000 0.960113 0.694600 0.694600 0.694600
5608.144531 0.000000 2040.816284 0.000000 0.985535 0.000000 -0.169472 0.701905 0.701905 0.701905
5615.710938 0.000000 2039.893433 0.000000 0.007820 0.000000 -0.999969 0.715296 0.715296 0.715296
5592.998047 0.000000 2069.934814 0.000000 0.910738 0.000000 0.412985 0.682144 0.682144 0.682144
5574.141113 0.000000 2075.176025 0.000000 0.357321 0.000000 -0.933982 0.708426 0.708426 0.708426
5599.064453 0.000000 2058.196045 0.000000 0.904196 0.000000 -0.427117 0.729615 0.729615 0.729615
5586.531250 0.000000 2059.616699 0.000000 0.583475 0.000000 0.812131 0.677474 0.677474 0.677474
5615.684570 0.000000 2035.608154 0.000000 0.927527 0.000000 -0.373755 0.732132 0.732132 0.732132
5571.444824 0.000000 2076.851074 0.000000 0.999236 0.000000 -0.039075 0.703279 0.703279 0.703279
5568.595215 0.000000 2064.579346 0.000000 0.851926 0.000000 -0.523663 0.723887 0.723887 0.723887
5600.532227 0.000000 2055.982910 0.000000 0.033367 0.000000 0.999443 0.577483 0.577483 0.577483
5582.805176 0.000000 2076.231201 0.000000 0.853284 0.000000 -0.521446 0.726075 0.726075 0.726075
5611.085938 0.000000 2051.531494 0.000000 0.977959 0.000000 -0.208795 0.712645 0.712645 0.712645
5572.433594 0.000000 2071.973877 0.000000 0.831947 0.000000 0.554855 0.671219 0.671219 0.671219
5614.827148 0.000000 2037.793335 0.000000 0.538753 0.000000 -0.842464 0.753224 0.753224 0.753224
5573.627441 0.000000 2077.413574 0.000000 0.968510 0.000000 0.248973 0.668691 0.668691 0.668691
5573.847656 0.000000 2064.499268 0.000000 0.820224 0.000000 -0.572043 0.738314 0.738314 0.738314
5611.112793 0.000000 2043.959229 0.000000 0.189067 0.000000 -0.981964 0.829320 0.829320 0.829320
5583.199707 0.000000 2078.270508 0.000000 0.788206 0.000000 -0.615412 0.737998 0.737998 0.737998
5583.621582 0.000000 2063.987305 0.000000 0.690412 0.000000 -0.723416 0.782539 0.782539 0.782539
5600.986816 0.000000 2057.888184 0.000000 0.679822 0.000000 -0.733377 0.756399 0.756399 0.756399
5600.083984 0.000000 2054.129395 0.000000 0.999988 0.000000 -0.004941 0.700394 0.700394 0.700394
5569.589355 0.000000 2066.285645 0.000000 0.866362 0.000000 -0.499416 0.746058 0.746058 0.746058
5598.772949 0.000000 2056.358154 0.000000 0.994372 0.000000 0.105945 0.692283 0.692283 0.692283
5575.324219 0.000000 2077.010254 0.000000 0.393080 0.000000 -0.919504 0.817453 0.817453 0.817453
5585.111816 0.000000 2060.669434 0.000000 0.809029 0.000000 -0.587769 0.775543 0.775543 0.775543
5570.602051 0.000000 2064.049316 0.000000 0.529252 0.000000 -0.848465 0.830304 0.830304 0.830304
5569.890137 0.000000 2077.442139 0.000000 0.223788 0.000000 -0.974638 0.906859 0.906859 0.906859
5569.459961 0.000000 2074.286377 0.000000 0.743780 0.000000 -0.668424 0.854550 0.854550 0.854550
5571.560059 0.000000 2067.204590 0.000000 0.039624 0.000000 -0.999215 0.978287 0.978287 0.978287
5592.989258 0.000000 2063.632324 0.000000 0.800434 0.000000 0.599421 0.630804 0.630804 0.630804
5568.638184 0.000000 2077.046631 0.000000 0.939531 0.000000 -0.342464 0.753754 0.753754 0.753754
5244.601074 0.000000 2096.254150 0.000000 0.702482 0.000000 0.711702 0.674535 0.674535 0.674535
5233.225586 0.000000 2097.018066 0.000000 0.373619 0.000000 0.927582 0.668446 0.668446 0.668446
5231.757812 0.000000 2087.135742 0.000000 0.871449 0.000000 0.490486 0.672765 0.672765 0.672765
5238.908691 0.000000 2097.659180 0.000000 0.323666 0.000000 -0.946171 0.712147 0.712147 0.712147
5227.993164 0.000000 2089.049072 0.000000 0.360921 0.000000 0.932596 0.610969 0.610969 0.610969
5246.028809 0.000000 2099.247314 0.000000 0.921017 0.000000 0.389523 0.681540 0.681540 0.681540
5235.952637 0.000000 2097.643066 0.000000 0.157368 0.000000 -0.987540 0.757279 0.757279 0.757279
5232.090820 0.000000 2099.986816 0.000000 0.676985 0.000000 0.735997 0.660683 0.660683 0.660683
5229.144043 0.000000 2086.499023 0.000000 0.926386 0.000000 0.376576 0.655197 0.655197 0.655197
5229.934082 0.000000 2088.363037 0.000000 0.674005 0.000000 -0.738726 0.808070 0.808070 0.808070
5228.106934 0.000000 2087.570801 0.000000 0.897577 0.000000 0.440858 0.647022 0.647022 0.647022
5302.269531 0.000000 2090.609863 0.000000 0.999110 0.000000 -0.042179 0.700531 0.700531 0.700531
5293.027344 0.000000 2079.529297 0.000000 0.114294 0.000000 -0.993447 0.706108 0.706108 0.706108
5277.035645 0.000000 2088.495850 0.000000 0.994211 0.000000 -0.107448 0.700903 0.700903 0.700903
5305.707031 0.000000 2082.295898 0.000000 0.997720 0.000000 0.067490 0.699056 0.699056 0.699056
5310.020996 0.000000 2099.247314 0.000000 0.886447 0.000000 0.462831 0.685873 0.685873 0.685873
5249.805176 0.000000 2099.272705 0.000000 0.691586 0.000000 0.722294 0.660506 0.660506 0.660506
5251.470215 0.000000 2096.460205 0.000000 0.639319 0.000000 0.768942 0.636229 0.636229 0.636229
5305.476074 0.000000 2085.202148 0.000000 0.950930 0.000000 -0.309406 0.710995 0.710995 0.710995
5300.077148 0.000000 2091.980713 0.000000 0.610953 0.000000 0.791667 0.634864 0.634864 0.634864
5297.275879 0.000000 2088.988770 0.000000 0.634432 0.000000 -0.772979 0.753115 0.753115 0.753115
5247.442871 0.000000 2098.765137 0.000000 0.690010 0.000000 -0.723800 0.737338 0.737338 0.737338
5310.789551 0.000000 2094.965088 0.000000 0.988767 0.000000 0.149464 0.692449 0.692449 0.692449
5312.630859 0.000000 2096.491211 0.000000 0.119554 0.000000 0.992828 0.629001 0.629001 0.629001
5367.537109 0.000000 2114.849365 0.000000 0.959951 0.000000 0.280169 0.693251 0.693251 0.693251
5340.588867 0.000000 2111.484131 0.000000 0.489627 0.000000 -0.871932 0.705923 0.705923 0.705923
5345.804199 0.000000 2100.604248 0.000000 0.293575 0.000000 0.955936 0.669748 0.669748 0.669748
5320.307617 0.000000 2096.369629 0.000000 0.332281 0.000000 -0.943180 0.739618 0.739618 0.739618
5341.486816 0.000000 2115.966553 0.000000 0.358153 0.000000 0.933663 0.668004 0.668004 0.668004
5349.579590 0.000000 2119.108398 0.000000 0.935289 0.000000 0.353886 0.690391 0.690391 0.690391
5311.651367 0.000000 2092.269531 0.000000 0.729481 0.000000 -0.684002 0.734751 0.734751 0.734751
5353.327637 0.000000 2117.764160 0.000000 0.871435 0.000000 -0.490510 0.725086 0.725086 0.725086
5336.281250 0.000000 2120.960449 0.000000 0.951973 0.000000 0.306181 0.674767 0.674767 0.674767
5353.872559 0.000000 2112.759277 0.000000 0.631178 0.000000 0.775638 0.665249 0.665249 0.665249
5342.339355 0.000000 2101.889893 0.000000 0.991354 0.000000 -0.131212 0.707911 0.707911 0.707911
5340.343262 0.000000 2107.603760 0.000000 0.355694 0.000000 0.934602 0.661184 0.661184 0.661184
5315.010742 0.000000 2085.199951 0.000000 0.262461 0.000000 -0.964943 0.763868 0.763868 0.763868
5338.188477 0.000000 2109.966553 0.000000 0.949673 0.000000 -0.313243 0.737416 0.737416 0.737416
5313.712402 0.000000 2094.062744 0.000000 0.160096 0.000000 -0.987101 0.782794 0.782794 0.782794
5340.804199 0.000000 2104.078125 0.000000 0.994017 0.000000 -0.109230 0.706427 0.706427 0.706427
5369.969238 0.000000 2115.246826 0.000000 0.680685 0.000000 0.732576 0.640234 0.640234 0.640234
5352.145996 0.000000 2119.862061 0.000000 0.357392 0.000000 -0.933954 0.758979 0.758979 0.758979
5368.679688 0.000000 2112.576904 0.000000 0.715074 0.000000 -0.699048 0.750863 0.750863 0.750863
5341.731445 0.000000 2109.505127 0.000000 0.991156 0.000000 -0.132700 0.710420 0.710420 0.710420
5351.449219 0.000000 2101.475586 0.000000 0.953844 0.000000 0.300301 0.679532 0.679532 0.679532
5338.491211 0.000000 2108.092773 0.000000 0.989250 0.000000 0.146231 0.682765 0.682765 0.682765
5339.995117 0.000000 2109.465820 0.000000 0.831211 0.000000 0.555957 0.630769 0.630769 0.630769
5357.099121 0.000000 2112.303223 0.000000 0.884012 0.000000 -0.467464 0.758484 0.758484 0.758484
5343.666504 0.000000 2130.379883 0.000000 0.998778 0.000000 -0.049423 0.700484 0.700484 0.700484
5337.125000 0.000000 2135.082520 0.000000 0.464621 0.000000 -0.885510 0.753218 0.753218 0.753218
5343.728027 0.000000 2137.526123 0.000000 0.624106 0.000000 0.781339 0.568351 0.568351 0.568351
5339.329102 0.000000 2134.039795 0.000000 0.595651 0.000000 -0.803243 0.784760 0.784760 0.784760
5344.099121 0.000000 2128.208984 0.000000 0.312508 0.000000 -0.949915 0.764814 0.764814 0.764814
5361.771484 0.000000 2133.736572 0.000000 0.949744 0.000000 -0.313027 0.716914 0.716914 0.716914
5338.785156 0.000000 2135.850830 0.000000 0.454859 0.000000 0.890563 0.600167 0.600167 0.600167
5340.770508 0.000000 2127.367188 0.000000 0.530899 0.000000 0.847435 0.545914 0.545914 0.545914
5119.744141 0.000000 2250.740234 0.000000 0.899615 0.000000 0.436684 0.699368 0.699368 0.699368
5375.712891 0.000000 2109.013672 0.000000 0.508346 0.000000 0.861153 0.694198 0.694198 0.694198
5436.128418 0.000000 2109.145020 0.000000 0.508673 0.000000 0.860960 0.637650 0.637650 0.637650
5435.016602 0.000000 2112.980957 0.000000 0.889621 0.000000 -0.456700 0.719892 0.719892 0.719892
5438.283691 0.000000 2105.952881 0.000000 0.782824 0.000000 0.622243 0.661503 0.661503 0.661503
5376.618652 0.000000 2111.821777 0.000000 0.910805 0.000000 -0.412837 0.718444 0.718444 0.718444
5434.071289 0.000000 2110.586426 0.000000 0.999939 0.000000 0.011070 0.699427 0.699427 0.699427
5377.846191 0.000000 2109.778564 0.000000 0.643991 0.000000 -0.765033 0.763328 0.763328 0.763328
5494.246094 0.000000 2090.609863 0.000000 0.642689 0.000000 -0.766127 0.703661 0.703661 0.703661
5440.615234 0.000000 2096.491211 0.000000 0.877785 0.000000 0.479054 0.694412 0.694412 0.694412
5450.778320 0.000000 2080.352051 0.000000 0.391935 0.000000 0.919993 0.682037 0.682037 0.682037
5443.111816 0.000000 2089.635498 0.000000 0.882009 0.000000 0.471233 0.662269 0.662269 0.662269
5484.517578 0.000000 2092.874268 0.000000 0.997975 0.000000 0.063601 0.697153 0.697153 0.697153
5456.873047 0.000000 2090.444092 0.000000 0.973291 0.000000 -0.229576 0.702267 0.702267 0.702267
5498.562012 0.000000 2091.854736 0.000000 0.226733 0.000000 0.973957 0.604308 0.604308 0.604308
5444.411621 0.000000 2093.907471 0.000000 0.500885 0.000000 0.865514 0.678061 0.678061 0.678061
5498.090332 0.000000 2100.541016 0.000000 0.947589 0.000000 0.319493 0.690907 0.690907 0.690907
5491.456543 0.000000 2087.995117 0.000000 0.606119 0.000000 0.795374 0.626715 0.626715 0.626715
5459.586914 0.000000 2093.064453 0.000000 0.174281 0.000000 0.984696 0.672684 0.672684 0.672684
5493.166504 0.000000 2100.594727 0.000000 0.937501 0.000000 -0.347982 0.710932 0.710932 0.710932
5462.999512 0.000000 2093.895996 0.000000 0.297017 0.000000 0.954872 0.655638 0.655638 0.655638
5448.899414 0.000000 2082.933105 0.000000 0.298908 0.000000 0.954282 0.671653 0.671653 0.671653
5487.278809 0.000000 2094.355713 0.000000 0.758218 0.000000 -0.652002 0.738725 0.738725 0.738725
5440.339355 0.000000 2089.589844 0.000000 0.974643 0.000000 0.223767 0.691481 0.691481 0.691481
5486.678223 0.000000 2097.719971 0.000000 0.948274 0.000000 -0.317452 0.717614 0.717614 0.717614
5445.840820 0.000000 2095.924316 0.000000 0.834071 0.000000 0.551657 0.675491 0.675491 0.675491
5485.180664 0.000000 2082.322510 0.000000 0.557652 0.000000 0.830075 0.628810 0.628810 0.628810
5495.670898 0.000000 2100.997803 0.000000 0.965563 0.000000 0.260170 0.681602 0.681602 0.681602
5480.247559 0.000000 2078.691406 0.000000 0.425502 0.000000 0.904957 0.647807 0.647807 0.647807
5496.374023 0.000000 2091.229736 0.000000 0.481349 0.000000 0.876529 0.483373 0.483373 0.483373
5472.083496 0.000000 2080.966797 0.000000 0.999976 0.000000 0.007002 0.699657 0.699657 0.699657
5499.730957 0.000000 2099.114502 0.000000 0.014423 0.000000 0.999896 0.615139 0.615139 0.615139
5481.601562 0.000000 2083.110840 0.000000 0.847156 0.000000 0.531345 0.671022 0.671022 0.671022
5496.417480 0.000000 2099.119873 0.000000 0.137114 0.000000 -0.990555 0.902382 0.902382 0.902382
5458.640625 0.000000 2091.302246 0.000000 0.786631 0.000000 -0.617423 0.745588 0.745588 0.745588
5494.603516 0.000000 2099.479980 0.000000 0.136858 0.000000 -0.990591 0.884381 0.884381 0.884381
5498.463867 0.000000 2090.010742 0.000000 0.700604 0.000000 0.713551 0.643347 0.643347 0.643347
5475.396484 0.000000 2083.132812 0.000000 0.005224 0.000000 -0.999986 0.866347 0.866347 0.866347
5483.097168 0.000000 2082.604736 0.000000 0.961370 0.000000 -0.275259 0.757700 0.757700 0.757700
5491.347656 0.000000 2085.931641 0.000000 0.609994 0.000000 -0.792406 0.843234 0.843234 0.843234
5443.263672 0.000000 2091.018311 0.000000 0.546001 0.000000 -0.837785 0.829138 0.829138 0.829138
5475.721191 0.000000 2080.023682 0.000000 0.825546 0.000000 -0.564334 0.787185 0.787185 0.787185
5497.655762 0.000000 2091.020264 0.000000 0.471713 0.000000 0.881752 0.481151 0.481151 0.481151
5491.794922 0.000000 2084.342285 0.000000 0.764635 0.000000 0.644464 0.590341 0.590341 0.590341
5482.343750 0.000000 2083.986084 0.000000 0.220970 0.000000 -0.975281 0.978917 0.978917 0.978917
5493.715820 0.000000 2085.820068 0.000000 0.737592 0.000000 -0.675247 0.845094 0.845094 0.845094
5549.906738 0.000000 2104.916260 0.000000 0.039344 0.000000 0.999226 0.496599 0.496599 0.496599
5519.928223 0.000000 2095.781738 0.000000 0.136589 0.000000 -0.990628 0.724054 0.724054 0.724054
5556.974609 0.000000 2081.927734 0.000000 0.975237 0.000000 -0.221163 0.704988 0.704988 0.704988
5566.848633 0.000000 2113.907715 0.000000 0.009478 0.000000 -0.999955 0.734925 0.734925 0.734925
5522.539062 0.000000 2106.859131 0.000000 0.990171 0.000000 0.139861 0.694115 0.694115 0.694115
5524.888672 0.000000 2096.554199 0.000000 0.967483 0.000000 -0.252937 0.709295 0.709295 0.709295
5559.020020 0.000000 2086.056885 0.000000 0.908561 0.000000 0.417751 0.648183 0.648183 0.648183
5516.174316 0.000000 2098.656494 0.000000 0.236878 0.000000 -0.971539 0.746543 0.746543 0.746543
5515.370117 0.000000 2084.960938 0.000000 0.993938 0.000000 0.109944 0.694455 0.694455 0.694455
5515.748047 0.000000 2093.586914 0.000000 0.485327 0.000000 0.874332 0.637520 0.637520 0.637520
5527.248535 0.000000 2099.912842 0.000000 0.980775 0.000000 0.195142 0.681328 0.681328 0.681328
5550.988281 0.000000 2108.796387 0.000000 0.890091 0.000000 0.455782 0.608033 0.608033 0.608033
5555.830566 0.000000 2113.454590 0.000000 0.328573 0.000000 -0.944479 0.738016 0.738016 0.738016
5546.190918 0.000000 2105.639648 0.000000 0.239264 0.000000 0.970954 0.634960 0.634960 0.634960
5532.657715 0.000000 2084.822266 0.000000 0.999625 0.000000 0.027389 0.698851 0.698851 0.698851
5512.891602 0.000000 2082.933105 0.000000 0.932835 0.000000 -0.360303 0.722674 0.722674 0.722674
5530.401855 0.000000 2099.133301 0.000000 0.714765 0.000000 0.699364 0.633948 0.633948 0.633948
5525.586426 0.000000 2108.374756 0.000000 0.797146 0.000000 0.603786 0.675530 0.675530 0.675530
5539.291504 0.000000 2081.262939 0.000000 0.409993 0.000000 0.912088 0.669496 0.669496 0.669496
5521.327148 0.000000 2109.916992 0.000000 0.845873 0.000000 0.533384 0.679550 0.679550 0.679550
5561.563965 0.000000 2108.073975 0.000000 0.255409 0.000000 -0.966833 0.850470 0.850470 0.850470
5519.670898 0.000000 2092.898926 0.000000 0.694709 0.000000 0.719291 0.653984 0.653984 0.653984
5542.763184 0.000000 2082.135986 0.000000 0.988779 0.000000 0.149388 0.688470 0.688470 0.688470
5561.444824 0.000000 2085.202148 0.000000 0.578511 0.000000 -0.815675 0.777349 0.777349 0.777349
5527.335449 0.000000 2097.263428 0.000000 0.804756 0.000000 0.593606 0.660905 0.660905 0.660905
5527.701660 0.000000 2109.989990 0.000000 0.013232 0.000000 0.999912 0.599831 0.599831 0.599831
5539.702148 0.000000 2078.711914 0.000000 0.960164 0.000000 -0.279438 0.748305 0.748305 0.748305
5525.090332 0.000000 2098.931396 0.000000 0.772334 0.000000 0.635216 0.658622 0.658622 0.658622
5563.499023 0.000000 2084.187256 0.000000 0.056197 0.000000 -0.998420 0.852458 0.852458 0.852458
5512.812988 0.000000 2085.175293 0.000000 0.280763 0.000000 0.959777 0.563336 0.563336 0.563336
5556.156738 0.000000 2115.652832 0.000000 0.516974 0.000000 0.856001 0.635358 0.635358 0.635358
5553.246582 0.000000 2108.132568 0.000000 0.195033 0.000000 -0.980797 0.792239 0.792239 0.792239
5559.305176 0.000000 2108.036377 0.000000 0.947530 0.000000 -0.319666 0.735027 0.735027 0.735027
5566.530762 0.000000 2096.918945 0.000000 0.233994 0.000000 0.972238 0.597377 0.597377 0.597377
5557.680664 0.000000 2114.199219 0.000000 0.830470 0.000000 0.557064 0.662828 0.662828 0.662828
5558.080566 0.000000 2079.822998 0.000000 0.428569 0.000000 -0.903509 0.780420 0.780420 0.780420
5540.935059 0.000000 2082.357910 0.000000 0.047703 0.000000 0.998862 0.501969 0.501969 0.501969
5528.612793 0.000000 2098.607910 0.000000 0.687447 0.000000 -0.726235 0.820457 0.820457 0.820457
5539.388672 0.000000 2083.132812 0.000000 0.890630 0.000000 -0.454729 0.745539 0.745539 0.745539
5548.157715 0.000000 2105.933350 0.000000 0.787978 0.000000 -0.615704 0.788094 0.788094 0.788094
5554.565430 0.000000 2115.552002 0.000000 0.184031 0.000000 0.982920 0.556639 0.556639 0.556639
5559.383789 0.000000 2087.709473 0.000000 0.623522 0.000000 -0.781806 0.807917 0.807917 0.807917
5558.142090 0.000000 2109.094727 0.000000 0.686434 0.000000 -0.727192 0.787652 0.787652 0.787652
5561.052734 0.000000 2109.462158 0.000000 0.722394 0.000000 0.691481 0.612467 0.612467 0.612467
5530.977051 0.000000 2085.078125 0.000000 0.039270 0.000000 -0.999229 0.860587 0.860587 0.860587
5538.523926 0.000000 2079.396973 0.000000 0.759149 0.000000 -0.650917 0.820894 0.820894 0.820894
5526.920898 0.000000 2081.331299 0.000000 0.023062 0.000000 -0.999734 0.985626 0.985626 0.985626
5551.525879 0.000000 2109.880127 0.000000 0.948016 0.000000 0.318223 0.637065 0.637065 0.637065
5588.286621 0.000000 2122.252686 0.000000 0.219382 0.000000 0.975639 0.679245 0.679245 0.679245
5570.256836 0.000000 2117.726562 0.000000 0.313526 0.000000 0.949580 0.689499 0.689499 0.689499
5580.502441 0.000000 2122.751465 0.000000 0.518650 0.000000 -0.854987 0.718639 0.718639 0.718639
5601.256836 0.000000 2124.144775 0.000000 0.999877 0.000000 0.015653 0.699431 0.699431 0.699431
5573.770508 0.000000 2078.900635 0.000000 0.129704 0.000000 -0.991553 0.790640 0.790640 0.790640
5588.695312 0.000000 2116.729736 0.000000 0.053472 0.000000 0.998569 0.574844 0.574844 0.574844
5576.673828 0.000000 2105.603516 0.000000 0.462393 0.000000 -0.886675 0.780774 0.780774 0.780774
5591.541992 0.000000 2124.841553 0.000000 0.517952 0.000000 -0.855410 0.720088 0.720088 0.720088
5580.649902 0.000000 2118.519775 0.000000 0.287869 0.000000 0.957670 0.655304 0.655304 0.655304
5597.584473 0.000000 2120.139893 0.000000 0.966259 0.000000 0.257572 0.691623 0.691623 0.691623
5592.250000 0.000000 2120.960449 0.000000 0.870685 0.000000 0.491841 0.689217 0.689217 0.689217
5574.937500 0.000000 2113.726318 0.000000 0.399973 0.000000 -0.916527 0.732416 0.732416 0.732416
5568.397461 0.000000 2079.555908 0.000000 0.724985 0.000000 0.688765 0.629893 0.629893 0.629893
5587.613770 0.000000 2089.257568 0.000000 0.194759 0.000000 -0.980851 0.742285 0.742285 0.742285
5585.288086 0.000000 2087.599121 0.000000 0.857590 0.000000 0.514335 0.684139 0.684139 0.684139
5587.193848 0.000000 2114.182617 0.000000 0.701267 0.000000 -0.712898 0.742162 0.742162 0.742162
5594.686035 0.000000 2119.640137 0.000000 0.990134 0.000000 -0.140121 0.705896 0.705896 0.705896
5576.422363 0.000000 2078.705566 0.000000 0.360341 0.000000 -0.932821 0.775632 0.775632 0.775632
5577.436035 0.000000 2117.905029 0.000000 0.928974 0.000000 -0.370145 0.726505 0.726505 0.726505
5589.082520 0.000000 2098.931396 0.000000 0.768402 0.000000 0.639968 0.612619 0.612619 0.612619
5570.806152 0.000000 2079.059082 0.000000 0.384486 0.000000 0.923131 0.584897 0.584897 0.584897
5587.567871 0.000000 2124.470459 0.000000 0.429626 0.000000 0.903007 0.648017 0.648017 0.648017
5578.624023 0.000000 2105.135498 0.000000 0.223079 0.000000 0.974800 0.619093 0.619093 0.619093
5569.589355 0.000000 2113.527832 0.000000 0.902640 0.000000 -0.430396 0.740433 0.740433 0.740433
5566.555664 0.000000 2171.701416 0.000000 0.904322 0.000000 0.426852 0.656841 0.656841 0.656841
5564.451660 0.000000 2171.506104 0.000000 0.114999 0.000000 -0.993366 0.803782 0.803782 0.803782
5584.386719 0.000000 2164.260010 0.000000 0.327104 0.000000 0.944988 0.660206 0.660206 0.660206
5604.352539 0.000000 2144.299072 0.000000 0.674739 0.000000 0.738057 0.664020 0.664020 0.664020
5602.812988 0.000000 2151.559326 0.000000 0.791995 0.000000 0.610527 0.660520 0.660520 0.660520
5571.090820 0.000000 2128.645996 0.000000 0.537100 0.000000 -0.843519 0.729471 0.729471 0.729471
5607.937012 0.000000 2131.824707 0.000000 0.476671 0.000000 -0.879081 0.730029 0.730029 0.730029
5600.532227 0.000000 2150.467285 0.000000 0.993850 0.000000 0.110731 0.688986 0.688986 0.688986
5603.739258 0.000000 2146.581299 0.000000 0.467774 0.000000 0.883848 0.636347 0.636347 0.636347
5587.373047 0.000000 2156.333740 0.000000 0.994075 0.000000 0.108700 0.687209 0.687209 0.687209
5606.711426 0.000000 2145.638184 0.000000 0.657499 0.000000 -0.753455 0.754877 0.754877 0.754877
5602.754395 0.000000 2149.605957 0.000000 0.532168 0.000000 -0.846639 0.770577 0.770577 0.770577
5567.344238 0.000000 2171.202148 0.000000 0.416681 0.000000 -0.909053 0.811664 0.811664 0.811664
5604.927246 0.000000 2129.600098 0.000000 0.281419 0.000000 0.959585 0.608340 0.608340 0.608340
5605.201172 0.000000 2146.047119 0.000000 0.499677 0.000000 0.866212 0.560866 0.560866 0.560866
5586.990234 0.000000 2157.816406 0.000000 0.677170 0.000000 0.735827 0.602892 0.602892 0.602892
5618.149414 0.000000 2135.020752 0.000000 0.883485 0.000000 -0.468460 0.796790 0.796790 0.796790
5559.020020 0.000000 2180.541260 0.000000 0.817488 0.000000 0.575946 0.686271 0.686271 0.686271
5562.225586 0.000000 2174.077881 0.000000 0.958228 0.000000 0.286005 0.687023 0.687023 0.687023
5566.091797 0.000000 2182.293213 0.000000 0.368003 0.000000 0.929825 0.654932 0.654932 0.654932
5590.596680 0.000000 2185.006348 0.000000 0.424163 0.000000 0.905586 0.661992 0.661992 0.661992
5596.557617 0.000000 2205.968506 0.000000 0.222127 0.000000 -0.975018 0.733893 0.733893 0.733893
5576.276367 0.000000 2190.854004 0.000000 0.988216 0.000000 -0.153068 0.701504 0.701504 0.701504
5584.142578 0.000000 2179.365723 0.000000 0.649897 0.000000 -0.760022 0.721726 0.721726 0.721726
5584.386719 0.000000 2211.502197 0.000000 0.614758 0.000000 -0.788716 0.710164 0.710164 0.710164
5599.064453 0.000000 2199.922607 0.000000 0.940142 0.000000 -0.340783 0.703403 0.703403 0.703403
5588.695312 0.000000 2211.214111 0.000000 0.131309 0.000000 0.991342 0.661773 0.661773 0.661773
5595.572754 0.000000 2186.822266 0.000000 0.679188 0.000000 0.733964 0.678108 0.678108 0.678108
5578.566406 0.000000 2206.291748 0.000000 0.760294 0.000000 0.649580 0.682207 0.682207 0.682207
5629.400391 0.000000 2216.724121 0.000000 0.351161 0.000000 -0.936315 0.722028 0.722028 0.722028
5571.090820 0.000000 2175.888184 0.000000 0.349181 0.000000 -0.937055 0.735645 0.735645 0.735645
5596.312012 0.000000 2202.088135 0.000000 0.479576 0.000000 0.877500 0.635637 0.635637 0.635637
5579.858398 0.000000 2201.314209 0.000000 0.834745 0.000000 -0.550637 0.715490 0.715490 0.715490
5625.015137 0.000000 2212.287842 0.000000 0.986768 0.000000 0.162141 0.694991 0.694991 0.694991
5619.385742 0.000000 2214.624023 0.000000 0.141257 0.000000 -0.989973 0.799896 0.799896 0.799896
5587.030273 0.000000 2213.840088 0.000000 0.625808 0.000000 -0.779978 0.762538 0.762538 0.762538
5628.427734 0.000000 2210.178223 0.000000 0.094330 0.000000 0.995541 0.652528 0.652528 0.652528
5589.873535 0.000000 2213.881348 0.000000 0.261094 0.000000 0.965313 0.636063 0.636063 0.636063
5568.323730 0.000000 2184.074219 0.000000 0.938671 0.000000 0.344813 0.684250 0.684250 0.684250
5573.825195 0.000000 2190.408691 0.000000 0.167427 0.000000 -0.985885 0.756866 0.756866 0.756866
5575.430664 0.000000 2198.003662 0.000000 0.318250 0.000000 -0.948007 0.750555 0.750555 0.750555
5593.304688 0.000000 2187.772461 0.000000 0.981936 0.000000 0.189212 0.670193 0.670193 0.670193
5570.806152 0.000000 2173.543457 0.000000 0.770226 0.000000 0.637771 0.646820 0.646820 0.646820
5569.905762 0.000000 2186.145020 0.000000 0.965730 0.000000 0.259550 0.675406 0.675406 0.675406
5597.700195 0.000000 2203.989502 0.000000 0.996854 0.000000 0.079266 0.695230 0.695230 0.695230
5588.603027 0.000000 2185.675049 0.000000 0.242488 0.000000 0.970154 0.581366 0.581366 0.581366
5567.725098 0.000000 2189.129395 0.000000 0.012056 0.000000 -0.999927 0.791527 0.791527 0.791527
5626.350098 0.000000 2213.733154 0.000000 0.435288 0.000000 0.900291 0.584083 0.584083 0.584083
5591.771973 0.000000 2186.605713 0.000000 0.113859 0.000000 -0.993497 0.797754 0.797754 0.797754
5628.232422 0.000000 2215.153320 0.000000 0.989966 0.000000 -0.141303 0.715857 0.715857 0.715857
5597.175781 0.000000 2200.410889 0.000000 0.532625 0.000000 0.846351 0.604067 0.604067 0.604067
5624.756348 0.000000 2214.692139 0.000000 0.712176 0.000000 0.702001 0.645601 0.645601 0.645601
5573.801758 0.000000 2192.285156 0.000000 0.402679 0.000000 0.915341 0.593300 0.593300 0.593300
5596.631836 0.000000 2196.806396 0.000000 0.311292 0.000000 -0.950314 0.854309 0.854309 0.854309
5595.228027 0.000000 2198.256348 0.000000 0.752299 0.000000 -0.658822 0.767373 0.767373 0.767373
5598.415039 0.000000 2188.646973 0.000000 0.408171 0.000000 0.912906 0.584205 0.584205 0.584205
5567.361816 0.000000 2185.251465 0.000000 0.629937 0.000000 0.776646 0.581883 0.581883 0.581883
5597.927246 0.000000 2199.224121 0.000000 0.615510 0.000000 0.788129 0.548975 0.548975 0.548975
5622.230469 0.000000 2232.336426 0.000000 0.979815 0.000000 -0.199905 0.702814 0.702814 0.702814
5608.751465 0.000000 2263.959961 0.000000 0.639562 0.000000 -0.768739 0.704904 0.704904 0.704904
5622.861816 0.000000 2239.385742 0.000000 0.678463 0.000000 -0.734634 0.717304 0.717304 0.717304
5607.738770 0.000000 2245.027588 0.000000 0.477724 0.000000 0.878510 0.656507 0.656507 0.656507
5615.684570 0.000000 2224.577148 0.000000 0.999980 0.000000 0.006376 0.699697 0.699697 0.699697
5605.155762 0.000000 2265.566650 0.000000 0.727998 0.000000 0.685579 0.668317 0.668317 0.668317
5602.812988 0.000000 2246.043701 0.000000 0.432137 0.000000 0.901808 0.668573 0.668573 0.668573
5625.155762 0.000000 2236.788818 0.000000 0.335758 0.000000 -0.941948 0.785868 0.785868 0.785868
5603.283691 0.000000 2222.989502 0.000000 0.349141 0.000000 -0.937070 0.762806 0.762806 0.762806
5625.889160 0.000000 2239.508545 0.000000 0.844327 0.000000 0.535828 0.642287 0.642287 0.642287
5625.556152 0.000000 2249.800537 0.000000 0.988093 0.000000 0.153854 0.689202 0.689202 0.689202
5605.239258 0.000000 2246.944092 0.000000 0.042741 0.000000 0.999086 0.595321 0.595321 0.595321
5625.937988 0.000000 2256.973389 0.000000 0.943440 0.000000 -0.331543 0.718426 0.718426 0.718426
5604.743652 0.000000 2244.520508 0.000000 0.867971 0.000000 -0.496615 0.736328 0.736328 0.736328
5598.663574 0.000000 2259.727783 0.000000 0.374883 0.000000 -0.927072 0.782942 0.782942 0.782942
5614.827148 0.000000 2226.762207 0.000000 0.071682 0.000000 0.997428 0.607786 0.607786 0.607786
5607.363281 0.000000 2265.784668 0.000000 0.935586 0.000000 0.353099 0.674773 0.674773 0.674773
5600.067871 0.000000 2222.693359 0.000000 0.322919 0.000000 0.946427 0.613181 0.613181 0.613181
5627.715332 0.000000 2240.841064 0.000000 0.979157 0.000000 0.203106 0.679412 0.679412 0.679412
5601.685059 0.000000 2224.397217 0.000000 0.257222 0.000000 0.966352 0.608381 0.608381 0.608381
5623.297363 0.000000 2249.762939 0.000000 0.211508 0.000000 0.977376 0.614584 0.614584 0.614584
5624.401855 0.000000 2240.846436 0.000000 0.006371 0.000000 -0.999980 0.861851 0.861851 0.861851
5616.735352 0.000000 2226.463867 0.000000 0.615090 0.000000 0.788457 0.636507 0.636507 0.636507
5625.222168 0.000000 2234.944824 0.000000 0.800207 0.000000 0.599724 0.655041 0.655041 0.655041
5624.432617 0.000000 2238.486084 0.000000 0.485678 0.000000 0.874138 0.591444 0.591444 0.591444
6134.949707 0.000000 1991.572266 0.000000 0.238137 0.000000 -0.971232 0.740918 0.740918 0.740918
6135.553223 0.000000 2015.637329 0.000000 0.843715 0.000000 0.536791 0.676234 0.676234 0.676234
6138.930664 0.000000 2018.496460 0.000000 0.511584 0.000000 0.859233 0.679766 0.679766 0.679766
6137.374512 0.000000 1990.717651 0.000000 0.976626 0.000000 -0.214945 0.717264 0.717264 0.717264
6137.985352 0.000000 2016.101807 0.000000 0.990402 0.000000 -0.138216 0.706979 0.706979 0.706979
5650.523438 0.000000 2154.101318 0.000000 0.965546 0.000000 -0.260233 0.703681 0.703681 0.703681
5647.653320 0.000000 2147.533203 0.000000 0.653598 0.000000 -0.756842 0.728805 0.728805 0.728805
5649.311523 0.000000 2157.159180 0.000000 0.996284 0.000000 0.086123 0.695057 0.695057 0.695057
5651.365234 0.000000 2156.333740 0.000000 0.511365 0.000000 -0.859364 0.776619 0.776619 0.776619
5670.025391 0.000000 2174.028076 0.000000 0.501595 0.000000 0.865103 0.618157 0.618157 0.618157
5638.133301 0.000000 2216.902588 0.000000 0.574611 0.000000 -0.818427 0.749590 0.749590 0.749590
5631.315918 0.000000 2215.509766 0.000000 0.939451 0.000000 -0.342682 0.711247 0.711247 0.711247
5679.676758 0.000000 2177.334961 0.000000 0.593090 0.000000 -0.805136 0.743179 0.743179 0.743179
5638.626465 0.000000 2212.755127 0.000000 0.775526 0.000000 -0.631315 0.723881 0.723881 0.723881
5672.958984 0.000000 2186.089844 0.000000 0.209748 0.000000 0.977755 0.614471 0.614471 0.614471
5641.419434 0.000000 2214.918457 0.000000 0.690089 0.000000 0.723724 0.675112 0.675112 0.675112
5669.758789 0.000000 2194.948486 0.000000 0.502940 0.000000 -0.864321 0.762750 0.762750 0.762750
5670.747559 0.000000 2176.620361 0.000000 0.770940 0.000000 0.636908 0.635322 0.635322 0.635322
5636.425781 0.000000 2213.700684 0.000000 0.231092 0.000000 -0.972932 0.782282 0.782282 0.782282
5639.328613 0.000000 2215.183105 0.000000 0.728108 0.000000 -0.685462 0.752794 0.752794 0.752794
5671.623047 0.000000 2174.963623 0.000000 0.560167 0.000000 -0.828379 0.776429 0.776429 0.776429
5669.054688 0.000000 2201.119629 0.000000 0.921830 0.000000 -0.387594 0.762323 0.762323 0.762323
5677.307129 0.000000 2255.407715 0.000000 0.656380 0.000000 0.754431 0.679684 0.679684 0.679684
5665.695312 0.000000 2254.455566 0.000000 0.123790 0.000000 0.992308 0.499766 0.499766 0.499766
5643.354492 0.000000 2226.687500 0.000000 0.965886 0.000000 -0.258967 0.705860 0.705860 0.705860
5673.288574 0.000000 2259.490723 0.000000 0.683804 0.000000 -0.729666 0.712577 0.712577 0.712577
5640.875977 0.000000 2224.659668 0.000000 0.559458 0.000000 0.828858 0.631700 0.631700 0.631700
5650.535156 0.000000 2240.503662 0.000000 0.692493 0.000000 0.721424 0.648174 0.648174 0.648174
5676.020020 0.000000 2258.261719 0.000000 0.954034 0.000000 -0.299699 0.712341 0.712341 0.712341
5645.046875 0.000000 2254.052490 0.000000 0.249274 0.000000 0.968433 0.602275 0.602275 0.602275
5672.106934 0.000000 2261.588623 0.000000 0.750740 0.000000 -0.660598 0.776674 0.776674 0.776674
5675.078125 0.000000 2240.500488 0.000000 0.011223 0.000000 0.999937 0.564816 0.564816 0.564816
5640.797363 0.000000 2226.901855 0.000000 0.350486 0.000000 -0.936568 0.784772 0.784772 0.784772
5688.394043 0.000000 2240.846436 0.000000 0.699347 0.000000 0.714783 0.639882 0.639882 0.639882
5646.554199 0.000000 2255.073486 0.000000 0.410914 0.000000 -0.911674 0.781807 0.781807 0.781807
5688.424805 0.000000 2238.486084 0.000000 0.999444 0.000000 -0.033350 0.703264 0.703264 0.703264
5664.346680 0.000000 2255.243408 0.000000 0.404784 0.000000 -0.914412 0.859731 0.859731 0.859731
5706.116699 0.000000 2257.269775 0.000000 0.730661 0.000000 -0.682740 0.743077 0.743077 0.743077
5720.982422 0.000000 2258.903809 0.000000 0.993808 0.000000 -0.111108 0.701712 0.701712 0.701712
5703.161133 0.000000 2251.367432 0.000000 0.076605 0.000000 -0.997062 0.722978 0.722978 0.722978
5699.343262 0.000000 2254.629395 0.000000 0.996900 0.000000 -0.078675 0.703964 0.703964 0.703964
5702.921875 0.000000 2255.452881 0.000000 0.315279 0.000000 0.948999 0.677281 0.677281 0.677281
5713.109375 0.000000 2266.047363 0.000000 0.700200 0.000000 0.713947 0.638860 0.638860 0.638860
5715.552246 0.000000 2266.197021 0.000000 0.849746 0.000000 0.527193 0.674381 0.674381 0.674381
5701.832031 0.000000 2253.468262 0.000000 0.872889 0.000000 -0.487919 0.727791 0.727791 0.727791
5714.140625 0.000000 2264.195312 0.000000 0.428976 0.000000 0.903316 0.605426 0.605426 0.605426
5720.041992 0.000000 2260.672119 0.000000 0.298629 0.000000 -0.954369 0.776201 0.776201 0.776201
5701.036621 0.000000 2255.650879 0.000000 0.848294 0.000000 0.529526 0.655530 0.655530 0.655530
6096.080078 0.000000 2132.123535 0.000000 0.395988 0.000000 -0.918256 0.708134 0.708134 0.708134
6120.138672 0.000000 2141.841797 0.000000 0.858805 0.000000 0.512302 0.616531 0.616531 0.616531
6097.225586 0.000000 2134.841309 0.000000 0.213183 0.000000 -0.977012 0.804265 0.804265 0.804265
6119.320312 0.000000 2140.263916 0.000000 0.078796 0.000000 -0.996891 0.969068 0.969068 0.969068
6118.323242 0.000000 2141.710693 0.000000 0.430919 0.000000 0.902390 0.497054 0.497054 0.497054
6097.829590 0.000000 2136.354004 0.000000 0.814009 0.000000 -0.580852 0.786649 0.786649 0.786649
6120.876953 0.000000 2140.503662 0.000000 0.928812 0.000000 -0.370552 0.758909 0.758909 0.758909
6099.641113 0.000000 2132.816650 0.000000 0.645898 0.000000 0.763424 0.544562 0.544562 0.544562
5985.060547 0.000000 2260.385010 0.000000 0.114121 0.000000 -0.993467 0.850677 0.850677 0.850677
5984.142090 0.000000 2263.135986 0.000000 0.506305 0.000000 0.862355 0.524084 0.524084 0.524084
5976.984375 0.000000 2264.827637 0.000000 0.308638 0.000000 -0.951180 0.884529 0.884529 0.884529
5983.305176 0.000000 2261.449463 0.000000 0.285477 0.000000 0.958386 0.581772 0.581772 0.581772
5985.529785 0.000000 2262.053223 0.000000 0.932106 0.000000 0.362184 0.637305 0.637305 0.637305
6032.332031 0.000000 2211.502197 0.000000 0.169376 0.000000 -0.985551 0.815530 0.815530 0.815530
6053.501953 0.000000 2187.449707 0.000000 0.991332 0.000000 -0.131380 0.701289 0.701289 0.701289
6057.786621 0.000000 2207.243652 0.000000 0.836036 0.000000 0.548674 0.688632 0.688632 0.688632
6061.110352 0.000000 2176.806885 0.000000 0.937479 0.000000 -0.348043 0.740753 0.740753 0.740753
6054.800781 0.000000 2185.732666 0.000000 0.977453 0.000000 0.211154 0.675907 0.675907 0.675907
6055.597168 0.000000 2207.126465 0.000000 0.968072 0.000000 -0.250672 0.718066 0.718066 0.718066
6032.914062 0.000000 2213.490967 0.000000 0.826278 0.000000 -0.563262 0.735970 0.735970 0.735970
6030.162598 0.000000 2211.292969 0.000000 0.562506 0.000000 0.826793 0.600658 0.600658 0.600658
6052.685059 0.000000 2204.432373 0.000000 0.920302 0.000000 -0.391208 0.752823 0.752823 0.752823
6055.328125 0.000000 2187.506104 0.000000 0.475613 0.000000 0.879655 0.609813 0.609813 0.609813
6055.798828 0.000000 2184.262451 0.000000 0.998053 0.000000 0.062366 0.692933 0.692933 0.692933
6058.986816 0.000000 2195.223877 0.000000 0.389958 0.000000 -0.920833 0.817794 0.817794 0.817794
6061.141602 0.000000 2179.161377 0.000000 0.983095 0.000000 0.183094 0.680950 0.680950 0.680950
6052.801758 0.000000 2205.879150 0.000000 0.084786 0.000000 -0.996399 0.895276 0.895276 0.895276
4538.510254 0.000000 2596.956299 0.000000 0.982675 0.000000 0.185337 0.689054 0.689054 0.689054
4540.385254 0.000000 2591.030273 0.000000 0.346424 0.000000 0.938078 0.654059 0.654059 0.654059
4534.938477 0.000000 2592.699219 0.000000 0.083537 0.000000 0.996505 0.469214 0.469214 0.469214
4535.748535 0.000000 2582.543701 0.000000 0.509848 0.000000 0.860264 0.684071 0.684071 0.684071
4539.125977 0.000000 2585.402832 0.000000 0.267226 0.000000 0.963634 0.658189 0.658189 0.658189
4541.533203 0.000000 2594.661621 0.000000 0.994136 0.000000 -0.108136 0.705150 0.705150 0.705150
4536.093262 0.000000 2595.355713 0.000000 0.764148 0.000000 -0.645041 0.749988 0.749988 0.749988
4542.680664 0.000000 2596.881104 0.000000 0.083327 0.000000 -0.996522 0.754066 0.754066 0.754066
4542.288086 0.000000 2592.493652 0.000000 0.805409 0.000000 -0.592720 0.731044 0.731044 0.731044
4540.576660 0.000000 2596.685791 0.000000 0.955569 0.000000 -0.294769 0.722171 0.722171 0.722171
4541.204102 0.000000 2585.436035 0.000000 0.076098 0.000000 0.997100 0.555819 0.555819 0.555819
4536.889160 0.000000 2592.629639 0.000000 0.999619 0.000000 -0.027610 0.704440 0.704440 0.704440
4535.541016 0.000000 2593.793701 0.000000 0.690451 0.000000 -0.723379 0.825496 0.825496 0.825496
4543.448730 0.000000 2593.447266 0.000000 0.331165 0.000000 0.943573 0.639654 0.639654 0.639654
4527.843750 0.000000 2606.799805 0.000000 0.958954 0.000000 -0.283561 0.702814 0.702814 0.702814
4524.634766 0.000000 2612.538330 0.000000 0.677236 0.000000 -0.735766 0.706935 0.706935 0.706935
4534.994629 0.000000 2617.323242 0.000000 0.750883 0.000000 0.660435 0.675794 0.675794 0.675794
4519.871582 0.000000 2622.965088 0.000000 0.628469 0.000000 0.777834 0.685048 0.685048 0.685048
4517.689453 0.000000 2612.629395 0.000000 0.191776 0.000000 -0.981439 0.730821 0.730821 0.730821
4529.625488 0.000000 2611.300049 0.000000 0.350233 0.000000 0.936662 0.657604 0.657604 0.657604
4516.485352 0.000000 2616.720947 0.000000 0.452414 0.000000 -0.891808 0.723096 0.723096 0.723096
4532.900879 0.000000 2614.017578 0.000000 0.575586 0.000000 0.817742 0.572832 0.572832 0.572832
4531.573730 0.000000 2607.659180 0.000000 0.969747 0.000000 0.244112 0.694139 0.694139 0.694139
4524.079102 0.000000 2608.713135 0.000000 0.288056 0.000000 0.957614 0.653523 0.653523 0.653523
4517.486328 0.000000 2609.344238 0.000000 0.307664 0.000000 -0.951495 0.751007 0.751007 0.751007
4532.038574 0.000000 2617.307129 0.000000 0.729518 0.000000 -0.683962 0.884274 0.884274 0.884274
4528.176758 0.000000 2619.650879 0.000000 0.882623 0.000000 0.470082 0.681527 0.681527 0.681527
4521.273926 0.000000 2620.014648 0.000000 0.967751 0.000000 0.251909 0.651225 0.651225 0.651225
4525.229980 0.000000 2606.163086 0.000000 0.851823 0.000000 0.523830 0.676876 0.676876 0.676876
4522.574707 0.000000 2606.486816 0.000000 0.122488 0.000000 -0.992470 0.847781 0.847781 0.847781
4530.237305 0.000000 2614.210449 0.000000 0.362731 0.000000 -0.931894 0.797273 0.797273 0.797273
4528.409668 0.000000 2623.667236 0.000000 0.301921 0.000000 -0.953333 0.754786 0.754786 0.754786
4518.844238 0.000000 2618.060059 0.000000 0.830128 0.000000 0.557573 0.666097 0.666097 0.666097
4518.988281 0.000000 2610.912354 0.000000 0.994953 0.000000 -0.100344 0.709415 0.709415 0.709415
4529.873047 0.000000 2606.158447 0.000000 0.018196 0.000000 0.999834 0.582786 0.582786 0.582786
4516.910645 0.000000 2614.792969 0.000000 0.957992 0.000000 0.286796 0.673160 0.673160 0.673160
4531.746582 0.000000 2615.483887 0.000000 0.435647 0.000000 0.900118 0.609178 0.609178 0.609178
4519.550781 0.000000 2621.139648 0.000000 0.112724 0.000000 0.993626 0.522681 0.522681 0.522681
4528.230469 0.000000 2621.497314 0.000000 0.595688 0.000000 0.803216 0.576126 0.576126 0.576126
4522.465332 0.000000 2612.526367 0.000000 0.980378 0.000000 0.197127 0.683633 0.683633 0.683633
4519.986328 0.000000 2609.442139 0.000000 0.975816 0.000000 0.218594 0.653785 0.653785 0.653785
4533.232910 0.000000 2616.175781 0.000000 0.216347 0.000000 0.976317 0.369040 0.369040 0.369040
4521.206055 0.000000 2621.804199 0.000000 0.700415 0.000000 -0.713736 0.852236 0.852236 0.852236
4530.845215 0.000000 2612.688477 0.000000 0.712466 0.000000 0.701706 0.531453 0.531453 0.531453
4530.552246 0.000000 2617.887451 0.000000 0.285809 0.000000 0.958286 0.528079 0.528079 0.528079
4526.819336 0.000000 2620.476807 0.000000 0.968633 0.000000 0.248497 0.671561 0.671561 0.671561
4529.476562 0.000000 2620.372803 0.000000 0.994193 0.000000 0.107610 0.685680 0.685680 0.685680
4518.300781 0.000000 2621.963379 0.000000 0.709229 0.000000 -0.704978 0.795164 0.795164 0.795164
4530.819824 0.000000 2616.529297 0.000000 0.995223 0.000000 -0.097623 0.713123 0.713123 0.713123
4531.513184 0.000000 2613.895264 0.000000 0.824166 0.000000 -0.566349 0.830469 0.830469 0.830469
4518.762207 0.000000 2609.220947 0.000000 0.516158 0.000000 -0.856494 0.915674 0.915674 0.915674
4533.815430 0.000000 2617.523438 0.000000 0.440786 0.000000 -0.897612 0.972632 0.972632 0.972632
4520.972168 0.000000 2610.082031 0.000000 0.340941 0.000000 -0.940085 0.944482 0.944482 0.944482
4520.909668 0.000000 2608.687988 0.000000 0.236647 0.000000 -0.971596 0.977447 0.977447 0.977447
4523.008789 0.000000 2609.684570 0.000000 0.746198 0.000000 0.665724 0.563529 0.563529 0.563529
4520.019043 0.000000 2611.662842 0.000000 0.999495 0.000000 -0.031784 0.706356 0.706356 0.706356
4837.650391 0.000000 2281.934082 0.000000 0.253508 0.000000 0.967333 0.683460 0.683460 0.683460
4834.550781 0.000000 2277.316162 0.000000 0.101174 0.000000 0.994869 0.685619 0.685619 0.685619
4836.446289 0.000000 2286.025635 0.000000 0.062146 0.000000 -0.998067 0.778038 0.778038 0.778038
4827.184570 0.000000 2283.492920 0.000000 0.932675 0.000000 -0.360718 0.744887 0.744887 0.744887
4836.871582 0.000000 2284.097656 0.000000 0.694442 0.000000 0.719549 0.413671 0.413671 0.413671
4837.327148 0.000000 2285.219971 0.000000 0.943480 0.000000 0.331429 0.579566 0.579566 0.579566
4965.634766 0.000000 2281.934082 0.000000 0.837132 0.000000 0.547001 0.689481 0.689481 0.689481
5072.253906 0.000000 2293.077881 0.000000 0.927312 0.000000 -0.374289 0.709654 0.709654 0.709654
5077.641113 0.000000 2297.343506 0.000000 0.855249 0.000000 -0.518218 0.719802 0.719802 0.719802
5075.699707 0.000000 2293.466309 0.000000 0.999047 0.000000 -0.043654 0.702015 0.702015 0.702015
5074.458984 0.000000 2294.302490 0.000000 0.663778 0.000000 0.747930 0.605498 0.605498 0.605498
4918.316406 0.000000 2468.547363 0.000000 0.911488 0.000000 0.411326 0.685776 0.685776 0.685776
4908.587891 0.000000 2470.811768 0.000000 0.941279 0.000000 0.337629 0.679296 0.679296 0.679296
4919.098145 0.000000 2463.994385 0.000000 0.581901 0.000000 -0.813260 1.001408 1.001408 1.001408
4921.753906 0.000000 2460.233398 0.000000 0.298508 0.000000 -0.954407 0.840010 0.840010 0.840010
4908.032227 0.000000 2466.986572 0.000000 0.011453 0.000000 -0.999934 0.817724 0.817724 0.817724
4925.480957 0.000000 2460.752197 0.000000 0.121895 0.000000 -0.992543 0.900498 0.900498 0.900498
4914.669434 0.000000 2462.517822 0.000000 0.542690 0.000000 0.839933 0.649813 0.649813 0.649813
4921.320312 0.000000 2466.545166 0.000000 0.455254 0.000000 -0.890361 0.787510 0.787510 0.787510
4921.522949 0.000000 2463.139648 0.000000 0.593608 0.000000 0.804754 0.638545 0.638545 0.638545
4919.085449 0.000000 2461.440674 0.000000 0.973083 0.000000 0.230456 0.684069 0.684069 0.684069
4917.058105 0.000000 2462.647949 0.000000 0.650294 0.000000 0.759682 0.420142 0.420142 0.420142
4923.577148 0.000000 2462.124756 0.000000 0.986259 0.000000 -0.165205 0.708121 0.708121 0.708121
4910.628906 0.000000 2470.073242 0.000000 0.991588 0.000000 0.129431 0.691290 0.691290 0.691290
4909.973145 0.000000 2466.300537 0.000000 0.859560 0.000000 -0.511035 0.740495 0.740495 0.740495
4916.824219 0.000000 2464.480713 0.000000 0.725808 0.000000 0.687897 0.622579 0.622579 0.622579
4919.580078 0.000000 2467.186523 0.000000 0.258574 0.000000 0.965992 0.474858 0.474858 0.474858
4920.849121 0.000000 2461.616455 0.000000 0.997703 0.000000 -0.067735 0.707487 0.707487 0.707487
4923.336914 0.000000 2460.488525 0.000000 0.176223 0.000000 -0.984350 0.959139 0.959139 0.959139
4919.461914 0.000000 2465.646973 0.000000 0.592669 0.000000 -0.805446 0.851866 0.851866 0.851866
4924.771973 0.000000 2463.141357 0.000000 0.963636 0.000000 -0.267219 0.737819 0.737819 0.737819
4919.961426 0.000000 2462.778564 0.000000 0.999001 0.000000 -0.044681 0.714185 0.714185 0.714185
4920.070312 0.000000 2460.375732 0.000000 0.164932 0.000000 0.986305 0.544810 0.544810 0.544810
4922.275391 0.000000 2461.584473 0.000000 0.999788 0.000000 -0.020576 0.703826 0.703826 0.703826
4918.429199 0.000000 2462.813232 0.000000 0.697595 0.000000 0.716492 0.446504 0.446504 0.446504
4918.080566 0.000000 2464.875488 0.000000 0.946770 0.000000 -0.321910 0.753152 0.753152 0.753152
4918.283691 0.000000 2467.343750 0.000000 0.970201 0.000000 0.242303 0.657914 0.657914 0.657914
4917.786133 0.000000 2463.757568 0.000000 0.810470 0.000000 -0.585781 0.902993 0.902993 0.902993
4927.698242 0.000000 2460.648193 0.000000 0.639813 0.000000 -0.768530 0.711029 0.711029 0.711029
4968.796875 0.000000 2522.845459 0.000000 0.550403 0.000000 -0.834899 0.829835 0.829835 0.829835
4988.632324 0.000000 2521.433838 0.000000 0.511660 0.000000 0.859188 0.686994 0.686994 0.686994
4986.152832 0.000000 2525.720703 0.000000 0.408102 0.000000 0.912936 0.654966 0.654966 0.654966
4980.846191 0.000000 2519.533203 0.000000 0.813396 0.000000 0.581710 0.682641 0.682641 0.682641
4972.024414 0.000000 2514.228760 0.000000 0.129453 0.000000 0.991585 0.595242 0.595242 0.595242
4969.044922 0.000000 2516.785156 0.000000 0.273991 0.000000 -0.961732 0.906119 0.906119 0.906119
4985.967285 0.000000 2522.961670 0.000000 0.992412 0.000000 -0.122959 0.705860 0.705860 0.705860
4969.219238 0.000000 2525.530273 0.000000 0.625066 0.000000 0.780572 0.566027 0.566027 0.566027
4983.298828 0.000000 2518.481934 0.000000 0.996119 0.000000 0.088012 0.675359 0.675359 0.675359
4970.520020 0.000000 2512.002441 0.000000 0.994733 0.000000 0.102500 0.696124 0.696124 0.696124
4979.974121 0.000000 2529.282227 0.000000 0.645889 0.000000 -0.763431 0.827509 0.827509 0.827509
4976.354980 0.000000 2529.182861 0.000000 0.861480 0.000000 0.507791 0.669470 0.669470 0.669470
4971.164062 0.000000 2523.953613 0.000000 0.820510 0.000000 -0.571632 0.774863 0.774863 0.774863
4969.927246 0.000000 2514.675537 0.000000 0.572525 0.000000 -0.819887 0.949954 0.949954 0.949954
4971.190918 0.000000 2516.381104 0.000000 0.557618 0.000000 -0.830098 0.912211 0.912211 0.912211
4973.250977 0.000000 2515.965820 0.000000 0.989626 0.000000 0.143668 0.689519 0.689519 0.689519
4971.119629 0.000000 2525.919189 0.000000 0.994300 0.000000 0.106619 0.690890 0.690890 0.690890
4986.849609 0.000000 2521.359375 0.000000 0.172640 0.000000 0.984985 0.461673 0.461673 0.461673
4978.430664 0.000000 2528.855957 0.000000 0.972584 0.000000 -0.232550 0.734453 0.734453 0.734453
4987.578613 0.000000 2522.655273 0.000000 0.008420 0.000000 0.999965 0.350511 0.350511 0.350511
4983.814941 0.000000 2519.927734 0.000000 0.913948 0.000000 0.405830 0.583153 0.583153 0.583153
4969.650391 0.000000 2524.083740 0.000000 0.935560 0.000000 -0.353167 0.753996 0.753996 0.753996
4982.253906 0.000000 2519.356689 0.000000 0.857952 0.000000 0.513730 0.549141 0.549141 0.549141
4970.051270 0.000000 2515.945312 0.000000 0.626109 0.000000 0.779735 0.381196 0.381196 0.381196
4968.917480 0.000000 2515.597656 0.000000 0.996900 0.000000 0.078678 0.679519 0.679519 0.679519
4968.854980 0.000000 2514.203613 0.000000 0.235444 0.000000 -0.971888 1.046665 1.046665 1.046665
4971.500000 0.000000 2517.531982 0.000000 0.855136 0.000000 0.518403 0.581902 0.581902 0.581902
4970.954102 0.000000 2515.200195 0.000000 0.805093 0.000000 0.593149 0.473631 0.473631 0.473631
5110.292969 0.000000 2468.547363 0.000000 0.910348 0.000000 0.413843 0.687473 0.687473 0.687473
5115.865234 0.000000 2464.485840 0.000000 0.352206 0.000000 -0.935922 0.735550 0.735550 0.735550
5113.730469 0.000000 2460.233398 0.000000 0.410355 0.000000 0.911926 0.647038 0.647038 0.647038
5113.499512 0.000000 2463.139648 0.000000 0.801537 0.000000 -0.597945 0.773478 0.773478 0.773478
5115.553711 0.000000 2462.124756 0.000000 0.920763 0.000000 -0.390122 0.757150 0.757150 0.757150
5115.060547 0.000000 2463.406494 0.000000 0.271514 0.000000 -0.962435 0.884789 0.884789 0.884789
4999.247070 0.000000 2534.820557 0.000000 0.810524 0.000000 -0.585706 0.740243 0.740243 0.740243
4997.947266 0.000000 2531.237061 0.000000 0.321912 0.000000 -0.946769 0.769515 0.769515 0.769515
4994.472168 0.000000 2528.497070 0.000000 0.948143 0.000000 -0.317843 0.743412 0.743412 0.743412
4995.608887 0.000000 2530.399170 0.000000 0.515615 0.000000 0.856820 0.566200 0.566200 0.566200
4994.186035 0.000000 2531.190918 0.000000 0.992223 0.000000 0.124475 0.683774 0.683774 0.683774
4995.743164 0.000000 2529.070557 0.000000 0.908872 0.000000 0.417076 0.642257 0.642257 0.642257
4973.977051 0.000000 2577.338135 0.000000 0.628729 0.000000 0.777625 0.656407 0.656407 0.656407
4977.642090 0.000000 2595.114990 0.000000 0.622339 0.000000 0.782748 0.669833 0.669833 0.669833
4969.374512 0.000000 2590.186035 0.000000 0.663787 0.000000 -0.747921 0.787413 0.787413 0.787413
4975.058594 0.000000 2581.218262 0.000000 0.632600 0.000000 0.774478 0.558807 0.558807 0.558807
4973.901855 0.000000 2596.368164 0.000000 0.222638 0.000000 -0.974901 0.888218 0.888218 0.888218
4977.942383 0.000000 2578.319580 0.000000 0.958332 0.000000 -0.285655 0.723085 0.723085 0.723085
4971.808594 0.000000 2594.120361 0.000000 0.952206 0.000000 -0.305455 0.713019 0.713019 0.713019
4972.519531 0.000000 2580.126953 0.000000 0.524349 0.000000 -0.851504 0.822500 0.822500 0.822500
4976.866699 0.000000 2597.355957 0.000000 0.989640 0.000000 0.143574 0.689123 0.689123 0.689123
4975.693359 0.000000 2578.938477 0.000000 0.958335 0.000000 -0.285646 0.803273 0.803273 0.803273
4975.639648 0.000000 2595.406982 0.000000 0.495341 0.000000 -0.868699 0.910433 0.910433 0.910433
4970.362305 0.000000 2588.712158 0.000000 0.994689 0.000000 0.102925 0.689765 0.689765 0.689765
4972.228027 0.000000 2578.355225 0.000000 0.249446 0.000000 0.968389 0.452956 0.452956 0.452956
4974.163574 0.000000 2579.772461 0.000000 0.697092 0.000000 0.716982 0.414986 0.414986 0.414986
4973.443359 0.000000 2581.563477 0.000000 0.721877 0.000000 0.692022 0.608107 0.608107 0.608107
4971.415527 0.000000 2590.441895 0.000000 0.541533 0.000000 -0.840679 0.811682 0.811682 0.811682
4972.453125 0.000000 2595.582275 0.000000 0.055836 0.000000 0.998440 0.458551 0.458551 0.458551
4973.154297 0.000000 2597.683350 0.000000 0.138869 0.000000 -0.990311 0.900130 0.900130 0.900130
4975.300293 0.000000 2596.856445 0.000000 0.999534 0.000000 0.030532 0.691803 0.691803 0.691803
4974.931152 0.000000 2576.166992 0.000000 0.999709 0.000000 0.024120 0.696358 0.696358 0.696358
4975.536133 0.000000 2577.539307 0.000000 0.506206 0.000000 -0.862412 0.857033 0.857033 0.857033
4973.688477 0.000000 2595.041992 0.000000 0.372926 0.000000 0.927861 0.510556 0.510556 0.510556
4973.480469 0.000000 2578.635498 0.000000 0.355655 0.000000 -0.934617 0.926155 0.926155 0.926155
4974.682617 0.000000 2578.347900 0.000000 0.963923 0.000000 0.266182 0.603946 0.603946 0.603946
4977.524902 0.000000 2598.476318 0.000000 0.999244 0.000000 0.038876 0.699511 0.699511 0.699511
5101.377441 0.000000 2633.345215 0.000000 0.317651 0.000000 0.948208 0.637211 0.637211 0.637211
5094.655273 0.000000 2634.119385 0.000000 0.996399 0.000000 -0.084785 0.701068 0.701068 0.701068
5097.358887 0.000000 2637.428223 0.000000 0.990647 0.000000 0.136452 0.685839 0.685839 0.685839
5104.617188 0.000000 2632.050537 0.000000 0.617999 0.000000 0.786179 0.672177 0.672177 0.672177
5096.999512 0.000000 2634.832031 0.000000 0.722863 0.000000 -0.690991 0.738395 0.738395 0.738395
5103.208008 0.000000 2634.100098 0.000000 0.775603 0.000000 0.631221 0.656067 0.656067 0.656067
5096.359863 0.000000 2636.252930 0.000000 0.923415 0.000000 0.383802 0.659247 0.659247 0.659247
5103.367676 0.000000 2632.755371 0.000000 0.974100 0.000000 -0.226116 0.733802 0.733802 0.733802
4236.330566 0.000000 2807.289307 0.000000 0.293080 0.000000 0.956088 0.605648 0.605648 0.605648
4228.703125 0.000000 2807.641602 0.000000 0.052839 0.000000 0.998603 0.661801 0.661801 0.661801
4235.904297 0.000000 2802.219727 0.000000 0.658614 0.000000 0.752481 0.689282 0.689282 0.689282
4232.684570 0.000000 2809.765381 0.000000 0.605413 0.000000 -0.795911 0.716730 0.716730 0.716730
4231.136230 0.000000 2799.304688 0.000000 0.367902 0.000000 -0.929864 0.725040 0.725040 0.725040
4231.943359 0.000000 2795.827148 0.000000 0.661622 0.000000 0.749837 0.673923 0.673923 0.673923
4237.105469 0.000000 2804.671875 0.000000 0.999993 0.000000 -0.003746 0.700592 0.700592 0.700592
4227.595215 0.000000 2805.093018 0.000000 0.526354 0.000000 -0.850265 0.736949 0.736949 0.736949
4231.443848 0.000000 2807.471191 0.000000 0.539706 0.000000 0.841854 0.641240 0.641240 0.641240
4235.383789 0.000000 2809.736084 0.000000 0.705647 0.000000 0.708564 0.669174 0.669174 0.669174
4229.989258 0.000000 2804.557129 0.000000 0.966428 0.000000 0.256938 0.669483 0.669483 0.669483
4234.829102 0.000000 2805.341797 0.000000 0.756022 0.000000 -0.654547 0.753872 0.753872 0.753872
4230.603516 0.000000 2797.355957 0.000000 0.479728 0.000000 -0.877417 0.771835 0.771835 0.771835
4228.617676 0.000000 2804.088867 0.000000 0.628571 0.000000 -0.777752 0.804647 0.804647 0.804647
4236.099609 0.000000 2805.780518 0.000000 0.636205 0.000000 -0.771520 0.839218 0.839218 0.839218
4236.666504 0.000000 3020.353027 0.000000 0.750822 0.000000 -0.660505 0.708070 0.708070 0.708070
5093.610840 0.000000 2686.014648 0.000000 0.720581 0.000000 -0.693371 0.749272 0.749272 0.749272
5097.358887 0.000000 2684.670410 0.000000 0.503952 0.000000 -0.863732 0.718950 0.718950 0.718950
5095.232910 0.000000 2685.424316 0.000000 0.999997 0.000000 0.002455 0.699743 0.699743 0.699743
5145.589844 0.000000 2332.274658 0.000000 0.311772 0.000000 -0.950157 0.743820 0.743820 0.743820
5149.672852 0.000000 2334.553223 0.000000 0.813224 0.000000 -0.581951 0.713894 0.713894 0.713894
5146.448730 0.000000 2335.344238 0.000000 0.930528 0.000000 -0.366221 0.709960 0.709960 0.709960
5149.217285 0.000000 2331.462402 0.000000 0.321223 0.000000 -0.947004 0.793900 0.793900 0.793900
5147.145508 0.000000 2330.735107 0.000000 0.405414 0.000000 -0.914133 0.770949 0.770949 0.770949
5149.947754 0.000000 2332.880371 0.000000 0.206908 0.000000 0.978361 0.511434 0.511434 0.511434
5146.136230 0.000000 2333.811279 0.000000 0.998196 0.000000 -0.060045 0.708232 0.708232 0.708232
5147.124023 0.000000 2332.129883 0.000000 0.287447 0.000000 -0.957797 0.875269 0.875269 0.875269
5169.618652 0.000000 2453.388428 0.000000 0.309001 0.000000 -0.951062 0.714055 0.714055 0.714055
5165.878418 0.000000 2454.641602 0.000000 0.839047 0.000000 0.544059 0.676676 0.676676 0.676676
5166.185059 0.000000 2452.137695 0.000000 0.360640 0.000000 0.932705 0.615987 0.615987 0.615987
5167.616211 0.000000 2453.680420 0.000000 0.951886 0.000000 0.306453 0.678228 0.678228 0.678228
5599.635254 0.000000 2272.106445 0.000000 0.786437 0.000000 -0.617671 0.719547 0.719547 0.719547
5606.033203 0.000000 2268.512451 0.000000 0.949789 0.000000 0.312891 0.691992 0.691992 0.691992
5602.812988 0.000000 2293.285889 0.000000 0.406253 0.000000 0.913761 0.619440 0.619440 0.619440
5596.649902 0.000000 2273.791016 0.000000 0.923666 0.000000 0.383197 0.672510 0.672510 0.672510
5596.514160 0.000000 2270.718994 0.000000 0.807767 0.000000 0.589502 0.673558 0.673558 0.673558
5600.532227 0.000000 2292.193848 0.000000 0.335966 0.000000 0.941874 0.653639 0.653639 0.653639
5607.072266 0.000000 2275.294189 0.000000 0.011973 0.000000 0.999928 0.591033 0.591033 0.591033
5597.706055 0.000000 2272.200195 0.000000 0.918572 0.000000 0.395253 0.671595 0.671595 0.671595
5609.733887 0.000000 2273.996338 0.000000 0.295702 0.000000 -0.955280 0.787043 0.787043 0.787043
5606.418457 0.000000 2272.728760 0.000000 0.423714 0.000000 -0.905796 0.836255 0.836255 0.836255
5566.555664 0.000000 2360.670166 0.000000 0.610743 0.000000 0.791829 0.650176 0.650176 0.650176
5581.926758 0.000000 2356.964844 0.000000 0.300071 0.000000 0.953917 0.648670 0.648670 0.648670
5582.938965 0.000000 2354.939209 0.000000 0.956534 0.000000 -0.291621 0.715721 0.715721 0.715721
5558.450684 0.000000 2387.206543 0.000000 0.664932 0.000000 0.746904 0.659910 0.659910 0.659910
5564.112793 0.000000 2392.598145 0.000000 0.449500 0.000000 -0.893280 0.706177 0.706177 0.706177
5537.710938 0.000000 2396.182129 0.000000 0.994223 0.000000 -0.107330 0.701804 0.701804 0.701804
5542.442871 0.000000 2394.242920 0.000000 0.524791 0.000000 -0.851231 0.728474 0.728474 0.728474
5534.268066 0.000000 2408.099121 0.000000 0.676096 0.000000 0.736813 0.650203 0.650203 0.650203
5536.419434 0.000000 2399.402344 0.000000 0.301912 0.000000 -0.953336 0.760088 0.760088 0.760088
5538.771484 0.000000 2393.685303 0.000000 0.918568 0.000000 0.395263 0.664209 0.664209 0.664209
5540.401367 0.000000 2396.236816 0.000000 0.962865 0.000000 -0.269985 0.710319 0.710319 0.710319
5559.803223 0.000000 2389.507324 0.000000 0.952000 0.000000 0.306099 0.667380 0.667380 0.667380
5562.055664 0.000000 2394.039551 0.000000 0.977373 0.000000 0.211521 0.691061 0.691061 0.691061
5564.056641 0.000000 2394.602539 0.000000 0.413555 0.000000 -0.910479 0.783200 0.783200 0.783200
5584.142578 0.000000 2368.334473 0.000000 0.012062 0.000000 0.999927 0.519125 0.519125 0.519125
5585.471680 0.000000 2369.366943 0.000000 0.999724 0.000000 -0.023509 0.702728 0.702728 0.702728
5535.643066 0.000000 2413.833008 0.000000 0.999030 0.000000 -0.044045 0.701540 0.701540 0.701540
5529.542969 0.000000 2426.759033 0.000000 0.777725 0.000000 0.628604 0.677192 0.677192 0.677192
5534.338379 0.000000 2410.133301 0.000000 0.622570 0.000000 0.782564 0.654764 0.654764 0.654764
5151.689941 0.000000 2461.075195 0.000000 0.998678 0.000000 0.051398 0.695902 0.695902 0.695902
5153.827637 0.000000 2478.541748 0.000000 0.747441 0.000000 0.664328 0.673588 0.673588 0.673588
5167.765625 0.000000 2465.073242 0.000000 0.871220 0.000000 -0.490892 0.702869 0.702869 0.702869
5163.537109 0.000000 2462.311035 0.000000 0.522612 0.000000 0.852570 0.675736 0.675736 0.675736
5149.672852 0.000000 2476.279785 0.000000 0.748986 0.000000 0.662586 0.607856 0.607856 0.607856
5167.739258 0.000000 2460.788086 0.000000 0.503742 0.000000 0.863854 0.628558 0.628558 0.628558
5171.495605 0.000000 2465.932617 0.000000 0.992882 0.000000 -0.119099 0.706175 0.706175 0.706175
5150.362793 0.000000 2479.827393 0.000000 0.575845 0.000000 0.817559 0.635768 0.635768 0.635768
5152.897949 0.000000 2475.009033 0.000000 0.210097 0.000000 -0.977681 0.821609 0.821609 0.821609
5148.704590 0.000000 2462.759766 0.000000 0.130799 0.000000 -0.991409 0.790571 0.790571 0.790571
5148.568848 0.000000 2459.687744 0.000000 0.991733 0.000000 0.128322 0.691545 0.691545 0.691545
5153.993164 0.000000 2462.817627 0.000000 0.914010 0.000000 0.405692 0.686567 0.686567 0.686567
5154.818359 0.000000 2488.169678 0.000000 0.220869 0.000000 0.975303 0.398445 0.398445 0.398445
5156.448242 0.000000 2490.721191 0.000000 0.635751 0.000000 -0.771894 0.738218 0.738218 0.738218
5151.912109 0.000000 2477.201172 0.000000 0.043184 0.000000 -0.999067 1.152766 1.152766 1.152766
5166.881836 0.000000 2462.973145 0.000000 0.890860 0.000000 0.454279 0.658466 0.658466 0.658466
5150.755371 0.000000 2462.909912 0.000000 0.636323 0.000000 -0.771423 0.810862 0.810862 0.810862
5156.794434 0.000000 2487.885498 0.000000 0.989971 0.000000 0.141270 0.690686 0.690686 0.690686
5149.760742 0.000000 2461.168945 0.000000 0.837407 0.000000 0.546580 0.605409 0.605409 0.605409
5150.248535 0.000000 2477.988770 0.000000 0.351411 0.000000 -0.936221 1.059141 1.059141 1.059141
5154.656250 0.000000 2486.380371 0.000000 0.801905 0.000000 0.597452 0.631964 0.631964 0.631964
5151.255859 0.000000 2475.499512 0.000000 0.903246 0.000000 0.429123 0.654735 0.654735 0.654735
5165.250977 0.000000 2462.614502 0.000000 0.996458 0.000000 0.084092 0.689171 0.689171 0.689171
5148.058105 0.000000 2476.778564 0.000000 0.024812 0.000000 0.999692 0.503314 0.503314 0.503314
5155.087402 0.000000 2489.817627 0.000000 0.110188 0.000000 -0.993911 1.026674 1.026674 1.026674
5156.911133 0.000000 2489.332275 0.000000 0.877534 0.000000 0.479514 0.637774 0.637774 0.637774
5164.627930 0.000000 2461.439209 0.000000 0.994882 0.000000 -0.101042 0.720094 0.720094 0.720094
5148.251953 0.000000 2460.940918 0.000000 0.679513 0.000000 0.733663 0.565265 0.565265 0.565265
5153.142090 0.000000 2477.506592 0.000000 0.198557 0.000000 -0.980089 0.989410 0.989410 0.989410
5150.785156 0.000000 2476.749023 0.000000 0.998628 0.000000 -0.052357 0.715525 0.715525 0.715525
5152.537598 0.000000 2476.145264 0.000000 0.667697 0.000000 0.744433 0.522736 0.522736 0.522736
5155.828613 0.000000 2488.840088 0.000000 0.735856 0.000000 -0.677138 0.866396 0.866396 0.866396
5584.386719 0.000000 2542.197510 0.000000 0.850021 0.000000 -0.526748 0.727922 0.727922 0.727922
5588.695312 0.000000 2541.909424 0.000000 0.640192 0.000000 0.768215 0.669381 0.669381 0.669381
5587.193848 0.000000 2539.362305 0.000000 0.609641 0.000000 0.792678 0.616833 0.616833 0.616833
5586.497559 0.000000 2541.516357 0.000000 0.729780 0.000000 -0.683682 0.754728 0.754728 0.754728
5582.938965 0.000000 2543.907959 0.000000 0.553633 0.000000 -0.832761 0.763287 0.763287 0.763287
5715.564453 0.000000 2267.739990 0.000000 0.363548 0.000000 -0.931575 0.755305 0.755305 0.755305
5702.416992 0.000000 2270.526367 0.000000 0.579926 0.000000 -0.814669 0.786527 0.786527 0.786527
5713.196289 0.000000 2267.678223 0.000000 0.766082 0.000000 -0.642742 0.753677 0.753677 0.753677
5968.810547 0.000000 2279.412842 0.000000 0.996054 0.000000 0.088746 0.692297 0.692297 0.692297
5966.069824 0.000000 2276.911377 0.000000 0.997989 0.000000 -0.063392 0.707183 0.707183 0.707183
5969.241211 0.000000 2276.567871 0.000000 0.561456 0.000000 -0.827506 0.788571 0.788571 0.788571
5975.280762 0.000000 2286.232178 0.000000 0.925603 0.000000 -0.378496 0.714653 0.714653 0.714653
5975.909180 0.000000 2291.171387 0.000000 0.458235 0.000000 -0.888831 0.785713 0.785713 0.785713
5967.788574 0.000000 2277.827393 0.000000 0.350396 0.000000 0.936602 0.562658 0.562658 0.562658
5967.552246 0.000000 2275.683838 0.000000 0.421038 0.000000 -0.907043 0.801664 0.801664 0.801664
5975.097168 0.000000 2297.475586 0.000000 0.720635 0.000000 0.693314 0.613247 0.613247 0.613247
5693.387207 0.000000 2555.236572 0.000000 0.165315 0.000000 0.986241 0.529141 0.529141 0.529141
5651.563477 0.000000 2565.486328 0.000000 0.601123 0.000000 -0.799156 0.766017 0.766017 0.766017
5658.386230 0.000000 2571.555176 0.000000 0.259248 0.000000 -0.965811 0.753054 0.753054 0.753054
5659.643066 0.000000 2569.637939 0.000000 0.000208 0.000000 1.000000 0.478225 0.478225 0.478225
5659.061523 0.000000 2568.340820 0.000000 0.245427 0.000000 0.969415 0.513209 0.513209 0.513209
5758.825195 0.000000 2586.329590 0.000000 0.813013 0.000000 0.582246 0.684360 0.684360 0.684360
5753.540527 0.000000 2580.495850 0.000000 0.177511 0.000000 -0.984119 0.746718 0.746718 0.746718
5757.745117 0.000000 2629.283447 0.000000 0.964968 0.000000 -0.262367 0.727094 0.727094 0.727094
5787.467773 0.000000 2595.787109 0.000000 0.152281 0.000000 -0.988337 0.725771 0.725771 0.725771
5789.561035 0.000000 2592.561768 0.000000 0.913102 0.000000 -0.407732 0.713504 0.713504 0.713504
5760.356445 0.000000 2587.386719 0.000000 0.433595 0.000000 0.901108 0.601148 0.601148 0.601148
5779.006836 0.000000 2591.777588 0.000000 0.950196 0.000000 -0.311652 0.722598 0.722598 0.722598
5789.588867 0.000000 2594.864258 0.000000 0.935715 0.000000 0.352756 0.674295 0.674295 0.674295
5776.945312 0.000000 2591.428467 0.000000 0.233668 0.000000 -0.972316 0.886635 0.886635 0.886635
5779.127441 0.000000 2621.569092 0.000000 0.936403 0.000000 -0.350927 0.704010 0.704010 0.704010
5760.314941 0.000000 2621.241699 0.000000 0.951429 0.000000 -0.307869 0.706563 0.706563 0.706563
5760.468262 0.000000 2625.137451 0.000000 0.390004 0.000000 0.920813 0.660737 0.660737 0.660737
5904.388672 0.000000 2593.540039 0.000000 0.957704 0.000000 0.287756 0.686942 0.686942 0.686942
5908.612305 0.000000 2605.978516 0.000000 0.775916 0.000000 0.630836 0.679958 0.679958 0.679958
5891.051758 0.000000 2601.067871 0.000000 0.244343 0.000000 0.969689 0.674086 0.674086 0.674086
5120.393066 0.000000 2715.726074 0.000000 0.991388 0.000000 0.130953 0.692472 0.692472 0.692472
5122.456543 0.000000 2717.465820 0.000000 0.849117 0.000000 0.528205 0.678216 0.678216 0.678216
5151.689941 0.000000 2744.528320 0.000000 0.996386 0.000000 -0.084941 0.700238 0.700238 0.700238
5145.143066 0.000000 2745.609375 0.000000 0.999966 0.000000 -0.008245 0.700300 0.700300 0.700300
5145.148438 0.000000 2749.230957 0.000000 0.956419 0.000000 0.291999 0.686743 0.686743 0.686743
5153.993164 0.000000 2746.270752 0.000000 0.696131 0.000000 0.717915 0.633945 0.633945 0.633945
5145.774414 0.000000 2747.270264 0.000000 0.995077 0.000000 0.099108 0.686260 0.686260 0.686260
5144.536621 0.000000 2747.894287 0.000000 0.869510 0.000000 0.493916 0.628500 0.628500 0.628500
5174.916504 0.000000 2806.291992 0.000000 0.998709 0.000000 0.050787 0.699503 0.699503 0.699503
5172.822754 0.000000 2802.986328 0.000000 0.225806 0.000000 -0.974172 0.831435 0.831435 0.831435
5174.567383 0.000000 2804.204102 0.000000 0.543884 0.000000 0.839160 0.624826 0.624826 0.624826
5248.557617 0.000000 2834.239746 0.000000 0.252144 0.000000 0.967690 0.698160 0.698160 0.698160
5250.295898 0.000000 2826.359375 0.000000 0.559265 0.000000 0.828989 0.694535 0.694535 0.694535
5251.000488 0.000000 2829.681885 0.000000 0.937303 0.000000 -0.348516 0.727373 0.727373 0.727373
5252.336914 0.000000 2831.006104 0.000000 0.665843 0.000000 -0.746092 0.811854 0.811854 0.811854
5253.408691 0.000000 2829.401123 0.000000 0.977890 0.000000 0.209120 0.655525 0.655525 0.655525
5253.222656 0.000000 2831.998535 0.000000 0.377019 0.000000 -0.926206 0.857284 0.857284 0.857284
5252.130371 0.000000 2829.144531 0.000000 0.958097 0.000000 -0.286444 0.761330 0.761330 0.761330
5229.169434 0.000000 2855.995361 0.000000 0.958429 0.000000 0.285333 0.695146 0.695146 0.695146
5230.357422 0.000000 2858.268799 0.000000 0.970262 0.000000 -0.242057 0.719825 0.719825 0.719825
5228.510254 0.000000 2857.657715 0.000000 0.902126 0.000000 -0.431474 0.772351 0.772351 0.772351
5229.337891 0.000000 2859.395264 0.000000 0.284879 0.000000 0.958563 0.540494 0.540494 0.540494
5229.615723 0.000000 2857.166260 0.000000 0.634961 0.000000 0.772544 0.556825 0.556825 0.556825
5297.969238 0.000000 2858.026367 0.000000 0.984926 0.000000 0.172974 0.689306 0.689306 0.689306
5296.315918 0.000000 2859.878174 0.000000 0.513454 0.000000 0.858117 0.636542 0.636542 0.636542
5297.450684 0.000000 2860.536377 0.000000 0.693803 0.000000 -0.720165 0.836016 0.836016 0.836016
5296.669434 0.000000 2861.505127 0.000000 0.870382 0.000000 0.492378 0.612910 0.612910 0.612910
5430.253906 0.000000 2846.484863 0.000000 0.670420 0.000000 -0.741982 0.781817 0.781817 0.781817
5419.969727 0.000000 2844.924072 0.000000 0.515531 0.000000 0.856871 0.671223 0.671223 0.671223
5429.747070 0.000000 2844.142822 0.000000 0.040239 0.000000 0.999190 0.625107 0.625107 0.625107
5419.136230 0.000000 2847.076416 0.000000 0.784321 0.000000 0.620355 0.618605 0.618605 0.618605
5422.566406 0.000000 2848.010742 0.000000 0.642160 0.000000 0.766571 0.398366 0.398366 0.398366
5427.182617 0.000000 2846.011719 0.000000 0.980406 0.000000 -0.196985 0.715801 0.715801 0.715801
5421.318359 0.000000 2850.620605 0.000000 0.946493 0.000000 0.322724 0.677489 0.677489 0.677489
5430.611328 0.000000 2855.354980 0.000000 0.682167 0.000000 -0.731196 0.832996 0.832996 0.832996
5415.876953 0.000000 2845.653076 0.000000 0.904258 0.000000 0.426986 0.659293 0.659293 0.659293
5423.776855 0.000000 2851.881592 0.000000 0.995315 0.000000 0.096688 0.686597 0.686597 0.686597
5414.389648 0.000000 2844.082764 0.000000 0.283990 0.000000 -0.958827 0.818371 0.818371 0.818371
5423.973633 0.000000 2847.199463 0.000000 0.820271 0.000000 -0.571975 0.774914 0.774914 0.774914
5432.965332 0.000000 2845.860107 0.000000 0.085958 0.000000 0.996299 0.496576 0.496576 0.496576
5423.505859 0.000000 2848.924561 0.000000 0.001315 0.000000 0.999999 0.158023 0.158023 0.158023
5428.889648 0.000000 2846.905762 0.000000 0.992349 0.000000 -0.123468 0.720940 0.720940 0.720940
5420.018066 0.000000 2846.152832 0.000000 0.943311 0.000000 0.331911 0.641347 0.641347 0.641347
5420.283691 0.000000 2847.430664 0.000000 0.074457 0.000000 -0.997224 0.959394 0.959394 0.959394
5421.378418 0.000000 2847.904053 0.000000 0.442991 0.000000 -0.896526 0.892753 0.892753 0.892753
5430.221191 0.000000 2845.281250 0.000000 0.521865 0.000000 0.853028 0.507154 0.507154 0.507154
5715.135254 0.000000 2668.811279 0.000000 0.700006 0.000000 0.714137 0.684432 0.684432 0.684432
5725.602539 0.000000 2665.248535 0.000000 0.521100 0.000000 -0.853495 0.721446 0.721446 0.721446
5717.487793 0.000000 2668.873047 0.000000 0.448621 0.000000 -0.893722 0.797377 0.797377 0.797377
6092.489258 0.000000 2953.859619 0.000000 0.897860 0.000000 0.440281 0.698088 0.698088 0.698088
6258.764648 0.000000 1873.383789 0.000000 0.908563 0.000000 0.417748 0.653606 0.653606 0.653606
6257.786133 0.000000 1869.686646 0.000000 0.892496 0.000000 0.451055 0.673831 0.673831 0.673831
6261.085938 0.000000 1874.099609 0.000000 0.905986 0.000000 0.423308 0.637058 0.637058 0.637058
6257.160645 0.000000 1871.921387 0.000000 0.845132 0.000000 -0.534558 0.735482 0.735482 0.735482
6259.218262 0.000000 1871.260010 0.000000 0.998823 0.000000 0.048500 0.693624 0.693624 0.693624
6248.169434 0.000000 1868.931396 0.000000 0.533042 0.000000 -0.846089 0.824088 0.824088 0.824088
6260.352051 0.000000 1875.640503 0.000000 0.471608 0.000000 0.881808 0.544525 0.544525 0.544525
6278.055176 0.000000 1886.207153 0.000000 0.981950 0.000000 0.189142 0.696808 0.696808 0.696808
6281.027344 0.000000 1888.184814 0.000000 0.577036 0.000000 0.816719 0.646555 0.646555 0.646555
6274.875488 0.000000 1884.838135 0.000000 0.137684 0.000000 0.990476 0.631899 0.631899 0.631899
6282.793457 0.000000 1889.596558 0.000000 0.332809 0.000000 0.942994 0.619078 0.619078 0.619078
6277.541504 0.000000 1888.444824 0.000000 0.707299 0.000000 0.706914 0.636336 0.636336 0.636336
6276.211914 0.000000 1886.162231 0.000000 0.690564 0.000000 -0.723271 0.761040 0.761040 0.761040
6279.238281 0.000000 1888.041504 0.000000 0.996520 0.000000 0.083351 0.689033 0.689033 0.689033
6278.974121 0.000000 1889.451172 0.000000 0.585846 0.000000 0.810422 0.575826 0.575826 0.575826
6198.791504 0.000000 1908.690430 0.000000 0.935232 0.000000 -0.354036 0.705059 0.705059 0.705059
6168.548340 0.000000 1923.355469 0.000000 0.474080 0.000000 0.880482 0.674406 0.674406 0.674406
6197.080566 0.000000 1911.625854 0.000000 0.107194 0.000000 0.994238 0.528142 0.528142 0.528142
6170.086914 0.000000 1920.997559 0.000000 0.949610 0.000000 0.313434 0.646960 0.646960 0.646960
6194.498047 0.000000 1910.833008 0.000000 0.627364 0.000000 -0.778726 0.777373 0.777373 0.777373
6168.485352 0.000000 1925.864136 0.000000 0.775999 0.000000 0.630735 0.663741 0.663741 0.663741
6206.680176 0.000000 1905.996094 0.000000 0.693932 0.000000 0.720040 0.623578 0.623578 0.623578
6170.571289 0.000000 1923.110474 0.000000 0.606656 0.000000 0.794964 0.577949 0.577949 0.577949
6206.452637 0.000000 1907.949951 0.000000 0.072747 0.000000 -0.997350 0.792148 0.792148 0.792148
6198.517578 0.000000 1910.510986 0.000000 0.207518 0.000000 -0.978231 0.922748 0.922748 0.922748
6171.893555 0.000000 1920.496948 0.000000 0.377690 0.000000 -0.925932 0.896898 0.896898 0.896898
6171.274414 0.000000 1921.759888 0.000000 0.892705 0.000000 0.450641 0.622225 0.622225 0.622225
6198.303711 0.000000 1911.816528 0.000000 0.467649 0.000000 -0.883914 0.877341 0.877341 0.877341
6207.646973 0.000000 1905.676147 0.000000 0.997413 0.000000 0.071886 0.693160 0.693160 0.693160
6144.448242 0.000000 1983.880127 0.000000 0.501139 0.000000 -0.865367 0.714622 0.714622 0.714622
6156.579590 0.000000 1976.793091 0.000000 0.086651 0.000000 -0.996239 0.737346 0.737346 0.737346
6147.374512 0.000000 1982.366577 0.000000 0.305106 0.000000 0.952318 0.648884 0.648884 0.648884
6149.557129 0.000000 1982.929199 0.000000 1.000000 0.000000 -0.000979 0.700067 0.700067 0.700067
6155.530762 0.000000 1978.899292 0.000000 0.548815 0.000000 0.835944 0.614200 0.614200 0.614200
6154.829590 0.000000 1977.179810 0.000000 0.813363 0.000000 0.581756 0.606252 0.606252 0.606252
6277.684570 0.000000 1889.931641 0.000000 0.829937 0.000000 -0.557858 0.747988 0.747988 0.747988
6280.336426 0.000000 1889.736572 0.000000 0.632593 0.000000 0.774484 0.650458 0.650458 0.650458
6280.684082 0.000000 1891.854614 0.000000 0.537170 0.000000 -0.843474 0.813664 0.813664 0.813664
6281.701172 0.000000 1890.322388 0.000000 0.962115 0.000000 -0.272644 0.731271 0.731271 0.731271
6144.448242 0.000000 2031.122314 0.000000 0.906128 0.000000 -0.423003 0.723203 0.723203 0.723203
6144.943359 0.000000 2028.550659 0.000000 0.458379 0.000000 0.888757 0.618891 0.618891 0.618891
6148.114258 0.000000 1984.794312 0.000000 0.696968 0.000000 0.717103 0.587088 0.587088 0.587088
6198.735352 0.000000 2073.034912 0.000000 0.731740 0.000000 0.681584 0.679031 0.679031 0.679031
6147.020508 0.000000 2034.161621 0.000000 0.400757 0.000000 -0.916184 0.779360 0.779360 0.779360
6173.092285 0.000000 2048.009033 0.000000 0.920161 0.000000 -0.391540 0.712936 0.712936 0.712936
6199.890137 0.000000 2075.691406 0.000000 0.870530 0.000000 -0.492115 0.778407 0.778407 0.778407
6198.261719 0.000000 2074.811279 0.000000 0.995513 0.000000 0.094620 0.685559 0.685559 0.685559
6172.903320 0.000000 2046.218262 0.000000 0.204812 0.000000 0.978801 0.577907 0.577907 0.577907
6199.337891 0.000000 2074.129395 0.000000 0.730547 0.000000 -0.682862 0.814547 0.814547 0.814547
6220.424316 0.000000 2122.751465 0.000000 0.537039 0.000000 0.843558 0.590528 0.590528 0.590528
6221.057617 0.000000 2125.587158 0.000000 0.285348 0.000000 0.958424 0.517265 0.517265 0.517265
6219.494141 0.000000 2113.939209 0.000000 0.933419 0.000000 0.358788 0.676400 0.676400 0.676400
6221.401855 0.000000 2124.129639 0.000000 0.271488 0.000000 0.962442 0.515207 0.515207 0.515207
6154.690918 0.000000 2136.599854 0.000000 0.933609 0.000000 0.358293 0.694365 0.694365 0.694365
6178.742676 0.000000 2151.559326 0.000000 0.668048 0.000000 -0.744118 0.803248 0.803248 0.803248
6154.123047 0.000000 2138.918457 0.000000 0.757914 0.000000 -0.652354 0.802339 0.802339 0.802339
6155.686035 0.000000 2138.096191 0.000000 0.999908 0.000000 0.013585 0.698044 0.698044 0.698044
6178.531250 0.000000 2155.685059 0.000000 0.907871 0.000000 0.419249 0.637703 0.637703 0.637703
6163.152344 0.000000 2144.454346 0.000000 0.774485 0.000000 -0.632592 0.757452 0.757452 0.757452
6155.360840 0.000000 2139.511230 0.000000 0.653390 0.000000 0.757021 0.576340 0.576340 0.576340
6228.208496 0.000000 2169.494873 0.000000 0.032144 0.000000 0.999483 0.603199 0.603199 0.603199
6230.518555 0.000000 2137.764160 0.000000 0.745108 0.000000 0.666944 0.679585 0.679585 0.679585
6233.457031 0.000000 2143.305908 0.000000 0.647813 0.000000 -0.761799 0.744801 0.744801 0.744801
6230.905762 0.000000 2141.138184 0.000000 0.998831 0.000000 0.048347 0.698039 0.698039 0.698039
6220.959961 0.000000 2126.618652 0.000000 0.902985 0.000000 0.429673 0.672679 0.672679 0.672679
6227.294922 0.000000 2156.333740 0.000000 0.966636 0.000000 0.256155 0.664146 0.664146 0.664146
6231.693848 0.000000 2139.363525 0.000000 0.940585 0.000000 -0.339558 0.723249 0.723249 0.723249
6220.354980 0.000000 2128.301025 0.000000 0.385913 0.000000 -0.922535 0.793604 0.793604 0.793604
6226.912109 0.000000 2157.816406 0.000000 0.989291 0.000000 -0.145958 0.720274 0.720274 0.720274
6228.351074 0.000000 2157.254395 0.000000 0.136787 0.000000 -0.990601 0.932492 0.932492 0.932492
6226.023926 0.000000 2156.008789 0.000000 0.581072 0.000000 -0.813852 0.831592 0.831592 0.831592
6230.518555 0.000000 2185.006348 0.000000 0.695511 0.000000 -0.718515 0.733623 0.733623 0.733623
6213.788086 0.000000 2178.672119 0.000000 0.509179 0.000000 0.860661 0.691305 0.691305 0.691305
6215.701172 0.000000 2181.678711 0.000000 0.508247 0.000000 -0.861211 0.730465 0.730465 0.730465
6216.805664 0.000000 2177.417480 0.000000 0.991388 0.000000 -0.130955 0.710466 0.710466 0.710466
6227.535645 0.000000 2183.741943 0.000000 0.775354 0.000000 -0.631526 0.725801 0.725801 0.725801
6217.987793 0.000000 2178.554688 0.000000 0.015546 0.000000 0.999879 0.556493 0.556493 0.556493
6659.226074 0.000000 1971.176270 0.000000 0.459215 0.000000 0.888325 0.635780 0.635780 0.635780
6659.992188 0.000000 1968.421997 0.000000 0.639326 0.000000 -0.768935 0.730659 0.730659 0.730659
6689.640137 0.000000 2006.119629 0.000000 0.143312 0.000000 0.989678 0.690025 0.690025 0.690025
6695.605957 0.000000 2008.816406 0.000000 0.501199 0.000000 -0.865332 0.764333 0.764333 0.764333
6686.175293 0.000000 2007.405396 0.000000 0.663137 0.000000 -0.748498 0.724832 0.724832 0.724832
6688.399414 0.000000 2008.740601 0.000000 0.456253 0.000000 -0.889850 0.787421 0.787421 0.787421
6704.915039 0.000000 2020.526367 0.000000 0.994069 0.000000 -0.108754 0.705637 0.705637 0.705637
6728.972656 0.000000 2029.911377 0.000000 0.910567 0.000000 -0.413361 0.719065 0.719065 0.719065
6732.914062 0.000000 2017.841431 0.000000 0.981432 0.000000 -0.191810 0.713762 0.713762 0.713762
6729.295410 0.000000 2023.420532 0.000000 0.005601 0.000000 0.999984 0.599341 0.599341 0.599341
6732.411133 0.000000 2056.257812 0.000000 0.978560 0.000000 -0.205962 0.707251 0.707251 0.707251
6730.622070 0.000000 2033.109741 0.000000 0.722104 0.000000 -0.691785 0.713885 0.713885 0.713885
6735.153809 0.000000 2033.141357 0.000000 0.501865 0.000000 0.864946 0.657630 0.657630 0.657630
6736.333984 0.000000 2065.852783 0.000000 0.826555 0.000000 0.562857 0.650687 0.650687 0.650687
6753.410645 0.000000 2059.801270 0.000000 0.994226 0.000000 -0.107304 0.719390 0.719390 0.719390
6737.064941 0.000000 2035.315918 0.000000 0.490344 0.000000 0.871529 0.498776 0.498776 0.498776
6732.897461 0.000000 2032.134033 0.000000 0.909943 0.000000 0.414734 0.677878 0.677878 0.677878
6741.625488 0.000000 2041.068970 0.000000 0.642442 0.000000 0.766334 0.652394 0.652394 0.652394
6735.090332 0.000000 2035.698608 0.000000 0.533749 0.000000 0.845643 0.633780 0.633780 0.633780
6752.846191 0.000000 2057.888184 0.000000 0.993236 0.000000 0.116111 0.690075 0.690075 0.690075
6732.732422 0.000000 2054.637207 0.000000 0.735387 0.000000 -0.677648 0.774948 0.774948 0.774948
6738.002441 0.000000 2070.684814 0.000000 0.273245 0.000000 0.961944 0.528131 0.528131 0.528131
6736.650879 0.000000 2033.789185 0.000000 0.562768 0.000000 -0.826615 0.920387 0.920387 0.920387
6739.307617 0.000000 2070.123779 0.000000 0.995838 0.000000 -0.091144 0.712122 0.712122 0.712122
6752.041016 0.000000 2058.995361 0.000000 0.009641 0.000000 0.999954 0.418445 0.418445 0.418445
6737.125977 0.000000 2032.705566 0.000000 0.805102 0.000000 0.593137 0.556192 0.556192 0.556192
6717.671387 0.000000 2102.642822 0.000000 0.592564 0.000000 0.805524 0.621438 0.621438 0.621438
6717.678711 0.000000 2107.974121 0.000000 0.873041 0.000000 -0.487646 0.776201 0.776201 0.776201
6716.636719 0.000000 2100.813232 0.000000 0.776400 0.000000 -0.630241 0.756244 0.756244 0.756244
6717.627930 0.000000 2109.619385 0.000000 0.308198 0.000000 0.951322 0.555838 0.555838 0.555838
6757.416016 0.000000 2092.965332 0.000000 0.999522 0.000000 0.030910 0.697709 0.697709 0.697709
6749.021973 0.000000 2095.251465 0.000000 0.992009 0.000000 -0.126167 0.710965 0.710965 0.710965
6742.127930 0.000000 2083.919189 0.000000 0.500882 0.000000 0.865516 0.637107 0.637107 0.637107
6746.950195 0.000000 2094.524170 0.000000 0.920097 0.000000 -0.391690 0.730385 0.730385 0.730385
6751.109375 0.000000 2095.572510 0.000000 0.132187 0.000000 0.991225 0.567292 0.567292 0.567292
6743.639160 0.000000 2082.464600 0.000000 0.841983 0.000000 -0.539503 0.734257 0.734257 0.734257
6755.554688 0.000000 2093.129150 0.000000 0.581504 0.000000 0.813544 0.533941 0.533941 0.533941
6740.322754 0.000000 2084.280518 0.000000 0.884950 0.000000 -0.465685 0.746729 0.746729 0.746729
6759.242188 0.000000 2093.021729 0.000000 0.051199 0.000000 0.998688 0.479055 0.479055 0.479055
6748.833008 0.000000 2093.460449 0.000000 0.745879 0.000000 0.666082 0.637834 0.637834 0.637834
6741.826172 0.000000 2082.174072 0.000000 0.840844 0.000000 0.541278 0.639228 0.639228 0.639228
6750.274414 0.000000 2094.162598 0.000000 0.213902 0.000000 0.976855 0.574950 0.574950 0.574950
6743.439941 0.000000 2084.856201 0.000000 0.714231 0.000000 -0.699910 0.806220 0.806220 0.806220
6763.919434 0.000000 2087.570801 0.000000 0.031644 0.000000 0.999499 0.534309 0.534309 0.534309
6746.468750 0.000000 2093.267822 0.000000 0.776740 0.000000 -0.629821 0.820972 0.820972 0.820972
6747.636230 0.000000 2093.573242 0.000000 0.390289 0.000000 0.920692 0.492288 0.492288 0.492288
6716.163574 0.000000 2136.755371 0.000000 0.716798 0.000000 0.697281 0.596440 0.596440 0.596440
6718.022949 0.000000 2158.388916 0.000000 0.736990 0.000000 -0.675903 0.731129 0.731129 0.731129
6717.950684 0.000000 2136.849854 0.000000 0.987003 0.000000 0.160700 0.678338 0.678338 0.678338
6719.548828 0.000000 2156.255859 0.000000 0.668106 0.000000 -0.744066 0.775083 0.775083 0.775083
6718.415039 0.000000 2218.943604 0.000000 0.954242 0.000000 -0.299036 0.722927 0.722927 0.722927
6722.346680 0.000000 2210.049805 0.000000 0.976534 0.000000 -0.215362 0.717298 0.717298 0.717298
6719.203613 0.000000 2218.444336 0.000000 0.798988 0.000000 0.601346 0.651291 0.651291 0.651291
6729.545410 0.000000 2182.881348 0.000000 0.594547 0.000000 -0.804061 0.830593 0.830593 0.830593
6716.565918 0.000000 2220.585693 0.000000 0.755258 0.000000 -0.655427 0.784938 0.784938 0.784938
6717.262207 0.000000 2224.541260 0.000000 0.816517 0.000000 -0.577321 0.749045 0.749045 0.749045
6717.950684 0.000000 2231.334229 0.000000 0.609921 0.000000 -0.792462 0.789530 0.789530 0.789530
6717.229980 0.000000 2223.111328 0.000000 0.988230 0.000000 -0.152976 0.731133 0.731133 0.731133
6716.259766 0.000000 2223.898682 0.000000 0.560766 0.000000 -0.827975 0.897750 0.897750 0.897750
6744.122070 0.000000 2247.281006 0.000000 0.463100 0.000000 0.886306 0.593395 0.593395 0.593395
6736.539551 0.000000 2239.703125 0.000000 0.538846 0.000000 0.842404 0.583760 0.583760 0.583760
6739.082031 0.000000 2238.938721 0.000000 0.917021 0.000000 0.398839 0.604789 0.604789 0.604789
6782.096191 0.000000 2245.996338 0.000000 0.998286 0.000000 -0.058516 0.708185 0.708185 0.708185
6737.606445 0.000000 2238.638428 0.000000 0.401880 0.000000 0.915692 0.565716 0.565716 0.565716
6812.409180 0.000000 2253.210693 0.000000 0.246004 0.000000 -0.969269 0.720334 0.720334 0.720334
6792.525391 0.000000 2247.330078 0.000000 0.801302 0.000000 -0.598260 0.787869 0.787869 0.787869
6810.008789 0.000000 2251.693115 0.000000 0.990143 0.000000 0.140060 0.672299 0.672299 0.672299
6823.214844 0.000000 2265.784668 0.000000 0.438728 0.000000 -0.898620 0.902943 0.902943 0.902943
6824.411133 0.000000 2252.494141 0.000000 0.456251 0.000000 0.889851 0.554298 0.554298 0.554298
6797.532227 0.000000 2249.683105 0.000000 0.748106 0.000000 -0.663580 0.748693 0.748693 0.748693
6794.475586 0.000000 2246.862061 0.000000 0.850431 0.000000 -0.526086 0.741824 0.741824 0.741824
6811.815430 0.000000 2251.192383 0.000000 0.391159 0.000000 -0.920323 0.930423 0.930423 0.930423
6825.401855 0.000000 2262.400146 0.000000 0.244682 0.000000 -0.969603 0.927610 0.927610 0.927610
6784.867188 0.000000 2245.738281 0.000000 0.367515 0.000000 -0.930018 0.855304 0.855304 0.855304
6822.258789 0.000000 2264.693115 0.000000 0.482862 0.000000 -0.875697 0.893903 0.893903 0.893903
6823.514160 0.000000 2264.576660 0.000000 0.728865 0.000000 0.684657 0.562937 0.562937 0.562937
6291.494141 0.000000 2362.224365 0.000000 0.976341 0.000000 0.216238 0.699086 0.699086 0.699086
6233.457031 0.000000 2474.001221 0.000000 0.826051 0.000000 -0.563595 0.704185 0.704185 0.704185
6560.990234 0.000000 2543.838135 0.000000 0.985893 0.000000 -0.167374 0.707523 0.707523 0.707523
6573.781738 0.000000 2530.095947 0.000000 0.047946 0.000000 -0.998850 0.887354 0.887354 0.887354
6534.023926 0.000000 2547.597900 0.000000 0.777417 0.000000 0.628986 0.693343 0.693343 0.693343
6569.858887 0.000000 2534.305664 0.000000 0.071868 0.000000 -0.997414 0.926316 0.926316 0.926316
6551.424805 0.000000 2550.021240 0.000000 0.980450 0.000000 0.196768 0.678402 0.678402 0.678402
6566.317871 0.000000 2535.969482 0.000000 0.737675 0.000000 0.675156 0.653370 0.653370 0.653370
6558.546387 0.000000 2543.180908 0.000000 0.475263 0.000000 0.879844 0.624817 0.624817 0.624817
6568.442383 0.000000 2535.947266 0.000000 0.426383 0.000000 0.904543 0.529334 0.529334 0.529334
6567.318848 0.000000 2534.032715 0.000000 0.970710 0.000000 0.240254 0.684736 0.684736 0.684736
6536.035645 0.000000 2547.735596 0.000000 0.995355 0.000000 0.096268 0.693395 0.693395 0.693395
6564.457031 0.000000 2539.814453 0.000000 0.417549 0.000000 -0.908654 0.891264 0.891264 0.891264
6535.207031 0.000000 2549.432129 0.000000 0.529794 0.000000 -0.848126 0.794836 0.794836 0.794836
6572.032715 0.000000 2531.113037 0.000000 0.281340 0.000000 -0.959608 0.858168 0.858168 0.858168
6548.946777 0.000000 2548.764160 0.000000 0.293030 0.000000 0.956103 0.525530 0.525530 0.525530
6565.378418 0.000000 2538.886963 0.000000 0.991036 0.000000 -0.133597 0.722480 0.722480 0.722480
6537.175293 0.000000 2548.318848 0.000000 0.814885 0.000000 0.579623 0.559971 0.559971 0.559971
6449.828613 0.000000 2574.573242 0.000000 0.178426 0.000000 0.983953 0.608572 0.608572 0.608572
6451.794434 0.000000 2576.524414 0.000000 0.438202 0.000000 -0.898876 0.754667 0.754667 0.754667
6448.175293 0.000000 2576.425049 0.000000 0.294001 0.000000 -0.955805 0.785386 0.785386 0.785386
6458.085938 0.000000 2574.360596 0.000000 0.680039 0.000000 -0.733176 0.802402 0.802402 0.802402
6513.069336 0.000000 2569.439941 0.000000 0.299448 0.000000 -0.954113 0.820422 0.820422 0.820422
6526.983887 0.000000 2563.404785 0.000000 0.032397 0.000000 0.999475 0.622572 0.622572 0.622572
6472.247070 0.000000 2580.222656 0.000000 0.503581 0.000000 -0.863948 0.767080 0.767080 0.767080
6484.958984 0.000000 2566.944580 0.000000 0.794102 0.000000 -0.607784 0.784938 0.784938 0.784938
6485.471680 0.000000 2565.140625 0.000000 0.917208 0.000000 -0.398408 0.734374 0.734374 0.734374
6475.911621 0.000000 2581.038086 0.000000 0.748092 0.000000 -0.663595 0.815648 0.815648 0.815648
6454.704102 0.000000 2639.941406 0.000000 0.517518 0.000000 0.855672 0.658368 0.658368 0.658368
6462.991699 0.000000 2610.646973 0.000000 0.236597 0.000000 0.971608 0.439301 0.439301 0.439301
6453.354980 0.000000 2637.120361 0.000000 0.827444 0.000000 0.561549 0.646649 0.646649 0.646649
6462.031250 0.000000 2611.989746 0.000000 0.836747 0.000000 -0.547590 0.813422 0.813422 0.813422
6504.035156 0.000000 2607.722656 0.000000 0.999817 0.000000 -0.019127 0.700214 0.700214 0.700214
6480.033203 0.000000 2604.545410 0.000000 0.789336 0.000000 -0.613962 0.737893 0.737893 0.737893
6507.373047 0.000000 2604.037598 0.000000 0.099811 0.000000 0.995006 0.619804 0.619804 0.619804
6513.337402 0.000000 2598.476318 0.000000 0.034094 0.000000 0.999419 0.641993 0.641993 0.641993
6463.510742 0.000000 2611.933594 0.000000 0.728187 0.000000 0.685378 0.552200 0.552200 0.552200
6467.435059 0.000000 2627.053955 0.000000 0.954359 0.000000 -0.298663 0.713569 0.713569 0.713569
6464.382324 0.000000 2625.137451 0.000000 0.159566 0.000000 0.987187 0.585622 0.585622 0.585622
6478.007324 0.000000 2607.606689 0.000000 0.972077 0.000000 -0.234660 0.713578 0.713578 0.713578
6526.108887 0.000000 2605.019775 0.000000 0.890536 0.000000 0.454914 0.640575 0.640575 0.640575
6471.170410 0.000000 2618.502441 0.000000 0.992787 0.000000 0.119892 0.695967 0.695967 0.695967
6473.712402 0.000000 2618.798828 0.000000 0.732334 0.000000 -0.680946 0.802628 0.802628 0.802628
6465.713379 0.000000 2629.442627 0.000000 0.399247 0.000000 0.916843 0.589711 0.589711 0.589711
6490.845215 0.000000 2603.162598 0.000000 0.104790 0.000000 0.994494 0.599584 0.599584 0.599584
6512.901367 0.000000 2600.119385 0.000000 0.914420 0.000000 -0.404766 0.760008 0.760008 0.760008
6481.782715 0.000000 2608.775879 0.000000 0.761892 0.000000 0.647704 0.618242 0.618242 0.618242
6463.252441 0.000000 2610.431152 0.000000 0.652845 0.000000 -0.757491 0.868222 0.868222 0.868222
6507.950684 0.000000 2607.234863 0.000000 0.918726 0.000000 -0.394897 0.767539 0.767539 0.767539
6506.622559 0.000000 2607.906006 0.000000 0.964496 0.000000 -0.264097 0.744465 0.744465 0.744465
6472.368652 0.000000 2619.293213 0.000000 0.512263 0.000000 0.858829 0.558471 0.558471 0.558471
6512.540039 0.000000 2601.472656 0.000000 0.831431 0.000000 -0.555628 0.784834 0.784834 0.784834
6491.104980 0.000000 2600.998535 0.000000 0.033939 0.000000 0.999424 0.498030 0.498030 0.498030
6540.434570 0.000000 2575.922119 0.000000 0.850204 0.000000 -0.526454 0.736431 0.736431 0.736431
6527.502930 0.000000 2555.132568 0.000000 0.997897 0.000000 0.064820 0.696373 0.696373 0.696373
6538.015137 0.000000 2587.965088 0.000000 0.677541 0.000000 -0.735485 0.760077 0.760077 0.760077
6561.139648 0.000000 2596.566650 0.000000 0.343301 0.000000 -0.939225 0.711943 0.711943 0.711943
6538.449219 0.000000 2584.229248 0.000000 0.426716 0.000000 0.904386 0.619434 0.619434 0.619434
6541.368164 0.000000 2587.312256 0.000000 0.945117 0.000000 0.326732 0.684178 0.684178 0.684178
6530.284668 0.000000 2575.739258 0.000000 0.991172 0.000000 0.132579 0.680294 0.680294 0.680294
6539.102539 0.000000 2573.525146 0.000000 0.235428 0.000000 0.971892 0.627311 0.627311 0.627311
6540.937500 0.000000 2584.747803 0.000000 0.368398 0.000000 -0.929668 0.758401 0.758401 0.758401
6531.301270 0.000000 2573.464600 0.000000 0.259825 0.000000 -0.965656 0.784116 0.784116 0.784116
6539.455078 0.000000 2586.361084 0.000000 0.387187 0.000000 -0.922001 0.785292 0.785292 0.785292
6550.158691 0.000000 2551.098389 0.000000 0.206105 0.000000 0.978530 0.551344 0.551344 0.551344
6541.454590 0.000000 2572.796875 0.000000 0.999995 0.000000 0.003028 0.699754 0.699754 0.699754
6527.302734 0.000000 2560.622314 0.000000 0.591286 0.000000 -0.806462 0.829847 0.829847 0.829847
6542.303711 0.000000 2568.932373 0.000000 0.528410 0.000000 -0.848989 0.806330 0.806330 0.806330
6531.710449 0.000000 2574.907959 0.000000 0.943428 0.000000 -0.331578 0.750086 0.750086 0.750086
6551.599609 0.000000 2551.363281 0.000000 0.871022 0.000000 0.491244 0.644001 0.644001 0.644001
6548.849609 0.000000 2551.660889 0.000000 0.536590 0.000000 0.843843 0.518855 0.518855 0.518855
6533.749023 0.000000 2603.851807 0.000000 0.775962 0.000000 -0.630780 0.732445 0.732445 0.732445
6590.976074 0.000000 2610.646973 0.000000 0.620044 0.000000 0.784567 0.691173 0.691173 0.691173
6560.958496 0.000000 2598.601318 0.000000 0.721329 0.000000 -0.692593 0.769526 0.769526 0.769526
6585.117188 0.000000 2608.271729 0.000000 0.981855 0.000000 0.189631 0.678661 0.678661 0.678661
6588.880859 0.000000 2613.039795 0.000000 0.979631 0.000000 0.200805 0.688976 0.688976 0.688976
6558.213379 0.000000 2599.102051 0.000000 0.071456 0.000000 -0.997444 0.888648 0.888648 0.888648
6584.241211 0.000000 2610.893799 0.000000 0.432779 0.000000 0.901500 0.593217 0.593217 0.593217
6553.060547 0.000000 2598.422363 0.000000 0.872728 0.000000 -0.488207 0.786994 0.786994 0.786994
6534.067871 0.000000 2605.676270 0.000000 0.463541 0.000000 0.886075 0.626933 0.626933 0.626933
6527.241699 0.000000 2604.949463 0.000000 0.994819 0.000000 0.101660 0.687186 0.687186 0.687186
6559.541992 0.000000 2598.322266 0.000000 0.201925 0.000000 0.979401 0.527936 0.527936 0.527936
6590.844727 0.000000 2613.152344 0.000000 0.728450 0.000000 0.685098 0.579710 0.579710 0.579710
6591.287598 0.000000 2613.134277 0.000000 0.815085 0.000000 0.579342 0.601516 0.601516 0.601516
6776.874512 0.000000 2354.014404 0.000000 0.880439 0.000000 0.474160 0.631625 0.631625 0.631625
6781.733398 0.000000 2354.791992 0.000000 0.154207 0.000000 -0.988039 0.965269 0.965269 0.965269
6780.859375 0.000000 2355.890625 0.000000 0.410128 0.000000 0.912028 0.484895 0.484895 0.484895
6814.182129 0.000000 2268.406738 0.000000 0.265931 0.000000 -0.963992 0.823744 0.823744 0.823744
6815.919434 0.000000 2269.935547 0.000000 0.979757 0.000000 0.200191 0.680839 0.680839 0.680839
6812.590820 0.000000 2269.093750 0.000000 0.354242 0.000000 -0.935154 0.828427 0.828427 0.828427
6848.362305 0.000000 2314.575684 0.000000 0.274740 0.000000 0.961519 0.546408 0.546408 0.546408
6863.043457 0.000000 2314.481689 0.000000 0.999969 0.000000 0.007816 0.699027 0.699027 0.699027
6819.048340 0.000000 2352.083252 0.000000 0.988499 0.000000 0.151225 0.691510 0.691510 0.691510
6826.677246 0.000000 2338.685547 0.000000 0.660921 0.000000 -0.750456 0.749838 0.749838 0.749838
6814.182129 0.000000 2315.648926 0.000000 0.952288 0.000000 -0.305201 0.713442 0.713442 0.713442
6815.919434 0.000000 2317.177734 0.000000 0.883735 0.000000 0.467987 0.657105 0.657105 0.657105
6814.203125 0.000000 2317.730713 0.000000 0.930431 0.000000 0.366467 0.666952 0.666952 0.666952
6826.893066 0.000000 2336.950439 0.000000 0.053376 0.000000 0.998574 0.479372 0.479372 0.479372
6813.424805 0.000000 2353.475098 0.000000 0.694295 0.000000 -0.719691 0.826916 0.826916 0.826916
6863.138184 0.000000 2316.594727 0.000000 0.720780 0.000000 0.693164 0.657170 0.657170 0.657170
6848.241211 0.000000 2315.766846 0.000000 0.987577 0.000000 0.157135 0.681249 0.681249 0.681249
6851.274902 0.000000 2332.671143 0.000000 0.493097 0.000000 -0.869974 0.753106 0.753106 0.753106
6850.649902 0.000000 2315.270020 0.000000 0.681864 0.000000 0.731479 0.621997 0.621997 0.621997
6849.925781 0.000000 2333.782471 0.000000 0.854326 0.000000 0.519738 0.644984 0.644984 0.644984
6862.522949 0.000000 2314.983154 0.000000 0.116964 0.000000 0.993136 0.519136 0.519136 0.519136
6756.168457 0.000000 2391.337891 0.000000 0.918491 0.000000 -0.395442 0.717051 0.717051 0.717051
6747.350586 0.000000 2406.818359 0.000000 0.768894 0.000000 0.639376 0.617565 0.617565 0.617565
6753.562500 0.000000 2396.182129 0.000000 0.940316 0.000000 0.340301 0.640288 0.640288 0.640288
6763.341797 0.000000 2367.826660 0.000000 0.179579 0.000000 0.983744 0.631972 0.631972 0.631972
6754.623047 0.000000 2393.685303 0.000000 0.436612 0.000000 -0.899650 0.787606 0.787606 0.787606
6764.956543 0.000000 2369.952148 0.000000 0.714937 0.000000 0.699189 0.549537 0.549537 0.549537
6757.098633 0.000000 2388.670654 0.000000 0.815421 0.000000 0.578869 0.638721 0.638721 0.638721
6756.603027 0.000000 2386.247070 0.000000 0.836944 0.000000 0.547289 0.633609 0.633609 0.633609
6735.480469 0.000000 2398.408936 0.000000 0.434717 0.000000 -0.900567 0.848897 0.848897 0.848897
6734.076660 0.000000 2400.261719 0.000000 0.967906 0.000000 -0.251311 0.719889 0.719889 0.719889
6756.599121 0.000000 2393.401123 0.000000 0.995631 0.000000 0.093374 0.688888 0.688888 0.688888
6753.415039 0.000000 2397.996826 0.000000 0.600519 0.000000 -0.799610 0.859348 0.859348 0.859348
6765.055664 0.000000 2368.130127 0.000000 0.994259 0.000000 0.107002 0.679166 0.679166 0.679166
6763.636719 0.000000 2369.285889 0.000000 0.505775 0.000000 0.862665 0.529799 0.529799 0.529799
6752.213867 0.000000 2396.969971 0.000000 0.934979 0.000000 0.354704 0.637647 0.637647 0.637647
6756.057617 0.000000 2387.536621 0.000000 0.714960 0.000000 -0.699166 0.788759 0.788759 0.788759
6757.936035 0.000000 2392.894287 0.000000 0.999996 0.000000 0.002813 0.699666 0.699666 0.699666
6766.194824 0.000000 2370.545898 0.000000 0.172366 0.000000 0.985033 0.455764 0.455764 0.455764
6747.447754 0.000000 2409.471680 0.000000 0.244953 0.000000 -0.969535 0.759203 0.759203 0.759203
6823.590332 0.000000 2386.754150 0.000000 0.894843 0.000000 0.446380 0.667655 0.667655 0.667655
6805.354980 0.000000 2385.419922 0.000000 0.815282 0.000000 -0.579064 0.735400 0.735400 0.735400
6805.042480 0.000000 2389.642334 0.000000 0.920131 0.000000 0.391612 0.679748 0.679748 0.679748
6823.269531 0.000000 2384.928711 0.000000 0.820801 0.000000 0.571214 0.631150 0.631150 0.631150
6822.019531 0.000000 2385.752441 0.000000 0.474212 0.000000 0.880411 0.578068 0.578068 0.578068
6896.459473 0.000000 2401.162842 0.000000 0.887896 0.000000 0.460044 0.637176 0.637176 0.637176
6899.573242 0.000000 2400.421875 0.000000 0.050568 0.000000 0.998721 0.481089 0.481089 0.481089
6870.440430 0.000000 2421.217285 0.000000 0.914076 0.000000 0.405544 0.691243 0.691243 0.691243
6856.120117 0.000000 2427.064941 0.000000 0.959958 0.000000 0.280144 0.682533 0.682533 0.682533
6868.495117 0.000000 2417.009766 0.000000 0.614609 0.000000 0.788832 0.687293 0.687293 0.687293
6859.583984 0.000000 2424.282227 0.000000 0.623678 0.000000 0.781681 0.679927 0.679927 0.679927
6858.508789 0.000000 2427.404297 0.000000 0.353057 0.000000 -0.935602 0.760898 0.760898 0.760898
6869.609863 0.000000 2419.006592 0.000000 0.815970 0.000000 0.578094 0.660359 0.660359 0.660359
6866.718750 0.000000 2417.500000 0.000000 0.666186 0.000000 0.745786 0.629394 0.629394 0.629394
6988.379883 0.000000 2386.953369 0.000000 0.045204 0.000000 0.998978 0.695734 0.695734 0.695734
7003.198242 0.000000 2400.567139 0.000000 0.669549 0.000000 -0.742768 0.739795 0.739795 0.739795
6990.043457 0.000000 2387.293701 0.000000 0.907329 0.000000 -0.420422 0.854692 0.854692 0.854692
7003.568359 0.000000 2399.093994 0.000000 0.725168 0.000000 -0.688572 0.908124 0.908124 0.908124
6991.263672 0.000000 2388.909668 0.000000 0.999833 0.000000 -0.018297 0.705730 0.705730 0.705730
7007.967285 0.000000 2400.918945 0.000000 0.485668 0.000000 -0.874143 0.814505 0.814505 0.814505
6991.633789 0.000000 2386.178467 0.000000 0.388858 0.000000 -0.921298 1.117614 1.117614 1.117614
7005.401367 0.000000 2400.717285 0.000000 0.363836 0.000000 0.931463 0.363232 0.363232 0.363232
7005.582520 0.000000 2398.093506 0.000000 0.275000 0.000000 -0.961444 0.886079 0.886079 0.886079
7004.351074 0.000000 2400.226074 0.000000 0.909257 0.000000 0.416235 0.579362 0.579362 0.579362
6990.303223 0.000000 2389.951660 0.000000 0.775936 0.000000 0.630811 0.486233 0.486233 0.486233
6941.454102 0.000000 2429.037598 0.000000 0.869186 0.000000 -0.494485 0.705785 0.705785 0.705785
6936.929688 0.000000 2418.535645 0.000000 0.313675 0.000000 0.949530 0.565249 0.565249 0.565249
6929.041504 0.000000 2413.253662 0.000000 0.763982 0.000000 -0.645238 0.750987 0.750987 0.750987
6943.693359 0.000000 2429.958984 0.000000 0.984326 0.000000 0.176359 0.654146 0.654146 0.654146
6935.331055 0.000000 2419.618164 0.000000 0.979018 0.000000 -0.203776 0.742748 0.742748 0.742748
6942.029785 0.000000 2430.746582 0.000000 0.786785 0.000000 0.617228 0.632109 0.632109 0.632109
6943.037109 0.000000 2428.257324 0.000000 0.837482 0.000000 0.546465 0.550469 0.550469 0.550469
6929.248535 0.000000 2414.759277 0.000000 0.994915 0.000000 0.100720 0.671648 0.671648 0.671648
6935.790039 0.000000 2421.100098 0.000000 0.912580 0.000000 0.408898 0.647585 0.647585 0.647585
6935.483887 0.000000 2418.303223 0.000000 0.797078 0.000000 -0.603876 0.835060 0.835060 0.835060
6928.160645 0.000000 2414.154541 0.000000 0.429125 0.000000 0.903245 0.383224 0.383224 0.383224
6942.566406 0.000000 2429.506836 0.000000 0.671113 0.000000 -0.741355 0.915989 0.915989 0.915989
7032.843262 0.000000 2448.498779 0.000000 0.868412 0.000000 -0.495844 0.713056 0.713056 0.713056
6984.711914 0.000000 2413.628418 0.000000 0.656015 0.000000 -0.754748 0.869793 0.869793 0.869793
7016.969238 0.000000 2431.045898 0.000000 0.980705 0.000000 0.195492 0.688997 0.688997 0.688997
6982.267578 0.000000 2419.418457 0.000000 0.832169 0.000000 0.554522 0.658090 0.658090 0.658090
7031.014160 0.000000 2449.069580 0.000000 0.762682 0.000000 0.646774 0.648867 0.648867 0.648867
6982.013184 0.000000 2416.707520 0.000000 0.848757 0.000000 0.528784 0.638462 0.638462 0.638462
7031.416504 0.000000 2447.343018 0.000000 0.869806 0.000000 0.493394 0.595399 0.595399 0.595399
6985.686523 0.000000 2412.446045 0.000000 0.465739 0.000000 -0.884922 0.915663 0.915663 0.915663
7116.364258 0.000000 2386.953369 0.000000 0.672015 0.000000 -0.740537 0.790933 0.790933 0.790933
7136.919922 0.000000 2402.111572 0.000000 0.125656 0.000000 0.992074 0.546485 0.546485 0.546485
7131.400879 0.000000 2362.229492 0.000000 0.174763 0.000000 0.984611 0.676594 0.676594 0.676594
7153.305176 0.000000 2375.089111 0.000000 0.221261 0.000000 -0.975215 0.767830 0.767830 0.767830
7154.395996 0.000000 2368.033447 0.000000 0.937602 0.000000 -0.347711 0.739223 0.739223 0.739223
7151.075684 0.000000 2377.808838 0.000000 0.207254 0.000000 -0.978287 0.854241 0.854241 0.854241
7123.426270 0.000000 2372.710693 0.000000 0.962592 0.000000 0.270954 0.682354 0.682354 0.682354
7153.916992 0.000000 2377.999512 0.000000 0.961087 0.000000 0.276247 0.642088 0.642088 0.642088
7148.977539 0.000000 2365.775635 0.000000 0.045089 0.000000 -0.998983 1.005022 1.005022 1.005022
7139.275879 0.000000 2401.570312 0.000000 0.680439 0.000000 0.732805 0.640209 0.640209 0.640209
7117.685547 0.000000 2388.900146 0.000000 0.186406 0.000000 0.982473 0.502738 0.502738 0.502738
7150.688477 0.000000 2409.291748 0.000000 0.695423 0.000000 0.718601 0.641710 0.641710 0.641710
7147.286133 0.000000 2364.495850 0.000000 0.467412 0.000000 0.884040 0.508970 0.508970 0.508970
7152.589355 0.000000 2376.723389 0.000000 0.603352 0.000000 0.797475 0.508998 0.508998 0.508998
7155.390625 0.000000 2366.590332 0.000000 0.952703 0.000000 0.303904 0.649490 0.649490 0.649490
7137.686523 0.000000 2400.492676 0.000000 0.990379 0.000000 0.138381 0.686802 0.686802 0.686802
7137.389160 0.000000 2403.779785 0.000000 0.921514 0.000000 -0.388344 0.742377 0.742377 0.742377
7153.127441 0.000000 2366.603760 0.000000 0.997202 0.000000 0.074750 0.675314 0.675314 0.675314
7118.027832 0.000000 2387.293701 0.000000 0.765642 0.000000 0.643267 0.480195 0.480195 0.480195
7149.669434 0.000000 2364.352295 0.000000 0.297684 0.000000 -0.954664 0.953609 0.953609 0.953609
7116.002930 0.000000 2388.454590 0.000000 0.944358 0.000000 0.328918 0.652206 0.652206 0.652206
7155.144531 0.000000 2369.384766 0.000000 0.328599 0.000000 -0.944470 0.836510 0.836510 0.836510
7148.888672 0.000000 2408.714600 0.000000 0.830294 0.000000 -0.557326 0.764466 0.764466 0.764466
7125.090332 0.000000 2373.132080 0.000000 0.718960 0.000000 0.695051 0.496938 0.496938 0.496938
7119.618164 0.000000 2386.178467 0.000000 0.976466 0.000000 0.215670 0.631620 0.631620 0.631620
7155.591797 0.000000 2367.795410 0.000000 0.264069 0.000000 0.964504 0.486772 0.486772 0.486772
7148.440918 0.000000 2364.113037 0.000000 0.939950 0.000000 0.341312 0.630364 0.630364 0.630364
7146.184570 0.000000 2365.110352 0.000000 0.964643 0.000000 -0.263561 0.746983 0.746983 0.746983
7113.603516 0.000000 2389.417725 0.000000 0.129631 0.000000 0.991562 0.214546 0.214546 0.214546
7110.245117 0.000000 2412.252930 0.000000 0.545070 0.000000 -0.838391 0.807040 0.807040 0.807040
7151.159668 0.000000 2411.026855 0.000000 0.372815 0.000000 -0.927905 0.783098 0.783098 0.783098
7112.617676 0.000000 2415.870605 0.000000 0.964174 0.000000 0.265269 0.680857 0.680857 0.680857
7149.669434 0.000000 2411.594482 0.000000 0.132012 0.000000 0.991248 0.549177 0.549177 0.549177
6939.408691 0.000000 2470.275391 0.000000 0.645922 0.000000 -0.763403 0.776502 0.776502 0.776502
6945.380859 0.000000 2487.302490 0.000000 0.679794 0.000000 0.733403 0.594103 0.594103 0.594103
6947.561523 0.000000 2487.096680 0.000000 0.146805 0.000000 -0.989165 1.084087 1.084087 1.084087
7097.488281 0.000000 2460.233398 0.000000 0.235836 0.000000 -0.971793 0.791298 0.791298 0.791298
7091.716309 0.000000 2482.040039 0.000000 0.913626 0.000000 0.406555 0.643222 0.643222 0.643222
7097.257324 0.000000 2463.139648 0.000000 0.803524 0.000000 -0.595272 0.773096 0.773096 0.773096
7086.482910 0.000000 2475.657471 0.000000 0.760682 0.000000 0.649125 0.660494 0.660494 0.660494
7088.868164 0.000000 2492.948486 0.000000 0.663104 0.000000 -0.748527 0.735476 0.735476 0.735476
7093.493164 0.000000 2492.136719 0.000000 0.170841 0.000000 0.985299 0.598285 0.598285 0.598285
7091.434082 0.000000 2473.757324 0.000000 0.443845 0.000000 -0.896104 0.922097 0.922097 0.922097
7091.934082 0.000000 2480.083496 0.000000 0.443706 0.000000 -0.896172 0.962515 0.962515 0.962515
7093.053711 0.000000 2497.298828 0.000000 0.678387 0.000000 -0.734704 0.810758 0.810758 0.810758
7091.632324 0.000000 2483.781250 0.000000 0.140763 0.000000 -0.990043 0.893867 0.893867 0.893867
7090.172852 0.000000 2481.613770 0.000000 0.109220 0.000000 -0.994018 1.045280 1.045280 1.045280
7090.377930 0.000000 2493.489502 0.000000 0.896481 0.000000 0.443083 0.555604 0.555604 0.555604
7089.164062 0.000000 2478.646240 0.000000 0.630632 0.000000 -0.776082 0.834145 0.834145 0.834145
7091.406250 0.000000 2478.759277 0.000000 1.000000 0.000000 0.000540 0.699912 0.699912 0.699912
7089.125977 0.000000 2477.210449 0.000000 0.492796 0.000000 -0.870145 0.863798 0.863798 0.863798
7090.507324 0.000000 2474.802734 0.000000 0.134459 0.000000 -0.990919 0.946926 0.946926 0.946926
7091.200684 0.000000 2472.168701 0.000000 0.215797 0.000000 0.976438 0.429446 0.429446 0.429446
7090.664551 0.000000 2482.853027 0.000000 0.798017 0.000000 -0.602634 0.787714 0.787714 0.787714
7091.249512 0.000000 2492.561279 0.000000 0.822122 0.000000 -0.569312 0.890522 0.890522 0.890522
7090.861328 0.000000 2480.670898 0.000000 0.894620 0.000000 -0.446827 0.809446 0.809446 0.809446
7068.470215 0.000000 2510.001953 0.000000 0.630564 0.000000 0.776137 0.675156 0.675156 0.675156
7051.720703 0.000000 2505.120850 0.000000 0.315113 0.000000 0.949054 0.277010 0.277010 0.277010
7548.018066 0.000000 2732.756836 0.000000 0.193942 0.000000 0.981013 0.249970 0.249970 0.249970
7549.639648 0.000000 2732.729492 0.000000 0.002467 0.000000 -0.999997 1.213075 1.213075 1.213075
7548.765625 0.000000 2733.828125 0.000000 0.786324 0.000000 -0.617814 0.917867 0.917867 0.917867
7570.908691 0.000000 2716.053467 0.000000 0.514797 0.000000 -0.857312 0.861285 0.861285 0.861285
7555.302246 0.000000 2721.538330 0.000000 0.873052 0.000000 0.487626 0.680772 0.680772 0.680772
7574.998535 0.000000 2714.061279 0.000000 0.769236 0.000000 0.638965 0.576928 0.576928 0.576928
7573.261230 0.000000 2716.115234 0.000000 0.860095 0.000000 -0.510134 0.798046 0.798046 0.798046
7576.862793 0.000000 2714.739258 0.000000 0.780921 0.000000 0.624630 0.580211 0.580211 0.580211
7572.828613 0.000000 2717.725098 0.000000 0.520034 0.000000 -0.854146 0.887525 0.887525 0.887525
7554.935547 0.000000 2723.080811 0.000000 0.990985 0.000000 -0.133974 0.744901 0.744901 0.744901
7574.570801 0.000000 2715.461426 0.000000 0.198951 0.000000 -0.980009 0.943340 0.943340 0.943340
7570.963379 0.000000 2717.408936 0.000000 0.356239 0.000000 -0.934395 0.888927 0.888927 0.888927
7572.065430 0.000000 2716.656982 0.000000 0.571816 0.000000 -0.820382 0.876202 0.876202 0.876202
7587.440430 0.000000 2709.854980 0.000000 0.647582 0.000000 -0.761996 0.867155 0.867155 0.867155
7650.946777 0.000000 2730.020752 0.000000 0.292057 0.000000 0.956401 0.667929 0.667929 0.667929
7652.689941 0.000000 2730.867676 0.000000 0.780521 0.000000 0.625130 0.605589 0.605589 0.605589
7616.726074 0.000000 2730.751953 0.000000 0.889533 0.000000 0.456870 0.578608 0.578608 0.578608
7652.455078 0.000000 2732.336670 0.000000 0.897042 0.000000 -0.441945 0.776798 0.776798 0.776798
7570.980469 0.000000 2758.602783 0.000000 0.494002 0.000000 0.869461 0.617472 0.617472 0.617472
7573.738770 0.000000 2758.717529 0.000000 0.982119 0.000000 -0.188261 0.740247 0.740247 0.740247
7572.671387 0.000000 2759.172607 0.000000 0.927662 0.000000 -0.373420 0.781325 0.781325 0.781325
7558.190430 0.000000 2790.190430 0.000000 0.990327 0.000000 -0.138752 0.731722 0.731722 0.731722
7559.250977 0.000000 2791.193115 0.000000 0.684710 0.000000 0.728815 0.513911 0.513911 0.513911
7558.273438 0.000000 2791.847900 0.000000 0.947295 0.000000 -0.320361 0.774316 0.774316 0.774316
482.327454 0.000000 3199.299316 0.000000 0.927963 0.000000 0.372672 0.685585 0.685585 0.685585
480.580200 0.000000 3195.903809 0.000000 0.895014 0.000000 -0.446037 0.712927 0.712927 0.712927
483.388062 0.000000 3196.802490 0.000000 0.091969 0.000000 -0.995762 0.788895 0.788895 0.788895
480.278229 0.000000 3197.987793 0.000000 0.150025 0.000000 0.988682 0.604694 0.604694 0.604694
552.761353 0.000000 3080.144531 0.000000 0.195386 0.000000 0.980726 0.648129 0.648129 0.648129
553.583557 0.000000 3083.691406 0.000000 0.998698 0.000000 0.051018 0.696860 0.696860 0.696860
547.900574 0.000000 3073.348877 0.000000 0.553202 0.000000 0.833047 0.653198 0.653198 0.653198
555.058411 0.000000 3078.908691 0.000000 0.134781 0.000000 0.990875 0.585597 0.585597 0.585597
551.688843 0.000000 3078.411377 0.000000 0.869557 0.000000 -0.493832 0.740437 0.740437 0.740437
553.399353 0.000000 3078.582520 0.000000 0.137771 0.000000 -0.990464 0.826180 0.826180 0.826180
528.537109 0.000000 3229.594238 0.000000 0.039441 0.000000 0.999222 0.629350 0.629350 0.629350
3580.803711 0.000000 3041.097900 0.000000 0.971388 0.000000 0.237500 0.695307 0.695307 0.695307
3567.934326 0.000000 3027.694336 0.000000 0.266418 0.000000 0.963858 0.672714 0.672714 0.672714
3583.931396 0.000000 3053.857422 0.000000 0.217200 0.000000 0.976127 0.698110 0.698110 0.698110
3610.733398 0.000000 3047.159424 0.000000 0.999883 0.000000 0.015286 0.699979 0.699979 0.699979
3642.619385 0.000000 3069.378174 0.000000 0.187858 0.000000 -0.982196 0.701932 0.701932 0.701932
3586.498779 0.000000 3062.570312 0.000000 0.232352 0.000000 0.972632 0.653294 0.653294 0.653294
3590.876465 0.000000 3063.114502 0.000000 0.880035 0.000000 0.474909 0.673710 0.673710 0.673710
3587.203369 0.000000 3065.892822 0.000000 0.915061 0.000000 -0.403314 0.712188 0.712188 0.712188
3588.675537 0.000000 3064.060059 0.000000 0.084989 0.000000 0.996382 0.575373 0.575373 0.575373
3589.611572 0.000000 3065.612061 0.000000 0.956309 0.000000 0.292358 0.675112 0.675112 0.675112
3589.227539 0.000000 3062.442871 0.000000 0.885421 0.000000 -0.464790 0.743253 0.743253 0.743253
3648.752686 0.000000 3070.450684 0.000000 0.957344 0.000000 -0.288951 0.700410 0.700410 0.700410
3615.877441 0.000000 3075.223633 0.000000 0.970029 0.000000 -0.242990 0.700343 0.700343 0.700343
3702.677002 0.000000 3095.839355 0.000000 0.927086 0.000000 0.374850 0.698926 0.698926 0.698926
3653.235107 0.000000 3095.553223 0.000000 0.881134 0.000000 -0.472866 0.708263 0.708263 0.708263
3652.773193 0.000000 3091.094727 0.000000 0.999568 0.000000 0.029385 0.697658 0.697658 0.697658
3650.000244 0.000000 3091.358643 0.000000 0.986093 0.000000 0.166196 0.692997 0.692997 0.692997
3655.513672 0.000000 3090.924316 0.000000 0.472771 0.000000 -0.881185 0.752767 0.752767 0.752767
3654.079346 0.000000 3093.181396 0.000000 0.716753 0.000000 -0.697327 0.749626 0.749626 0.749626
3651.652588 0.000000 3093.128662 0.000000 0.996340 0.000000 -0.085484 0.704308 0.704308 0.704308
3711.915771 0.000000 3101.099609 0.000000 0.372989 0.000000 0.927836 0.698338 0.698338 0.698338
3726.326416 0.000000 3102.015381 0.000000 0.924571 0.000000 -0.381009 0.707104 0.707104 0.707104
3719.403076 0.000000 3101.726807 0.000000 0.248263 0.000000 -0.968693 0.718453 0.718453 0.718453
3715.770752 0.000000 3099.475830 0.000000 0.978706 0.000000 -0.205268 0.708093 0.708093 0.708093
3718.103027 0.000000 3098.143311 0.000000 0.717938 0.000000 -0.696107 0.733370 0.733370 0.733370
3766.456543 0.000000 3129.937988 0.000000 0.699434 0.000000 -0.714697 0.701113 0.701113 0.701113
3792.361084 0.000000 3124.209473 0.000000 0.842318 0.000000 -0.538980 0.734220 0.734220 0.734220
3836.323242 0.000000 3148.473145 0.000000 0.730721 0.000000 -0.682676 0.706303 0.706303 0.706303
3838.022461 0.000000 3141.970947 0.000000 0.424796 0.000000 -0.905289 0.715827 0.715827 0.715827
3793.075928 0.000000 3129.772217 0.000000 0.722494 0.000000 -0.691377 0.724547 0.724547 0.724547
3796.869629 0.000000 3125.642578 0.000000 0.378127 0.000000 -0.925754 0.734733 0.734733 0.734733
3831.833984 0.000000 3149.449951 0.000000 0.477089 0.000000 0.878855 0.681991 0.681991 0.681991
3828.041260 0.000000 3152.782715 0.000000 0.966708 0.000000 0.255882 0.690232 0.690232 0.690232
3838.478760 0.000000 3145.281006 0.000000 0.659736 0.000000 0.751497 0.642937 0.642937 0.642937
3795.832520 0.000000 3128.585693 0.000000 0.597750 0.000000 -0.801683 0.771519 0.771519 0.771519
3793.506592 0.000000 3126.927246 0.000000 0.813796 0.000000 0.581150 0.637576 0.637576 0.637576
3830.523682 0.000000 3151.703369 0.000000 0.339800 0.000000 -0.940498 0.790702 0.790702 0.790702
3834.266357 0.000000 3149.914551 0.000000 0.478849 0.000000 -0.877897 0.741943 0.741943 0.741943
3794.988525 0.000000 3124.157715 0.000000 0.543660 0.000000 0.839305 0.641516 0.641516 0.641516
3832.866699 0.000000 3151.905029 0.000000 0.944587 0.000000 -0.328262 0.717301 0.717301 0.717301
3797.984375 0.000000 3127.639404 0.000000 0.680943 0.000000 -0.732336 0.750550 0.750550 0.750550
3836.561279 0.000000 3143.980713 0.000000 0.992255 0.000000 0.124220 0.693906 0.693906 0.693906
3795.093506 0.000000 3126.132812 0.000000 0.669685 0.000000 -0.742645 0.831062 0.831062 0.831062
3838.455322 0.000000 3143.597900 0.000000 0.673271 0.000000 -0.739396 0.782604 0.782604 0.782604
3795.066162 0.000000 3127.488770 0.000000 0.433307 0.000000 0.901246 0.524213 0.524213 0.524213
3840.702393 0.000000 3144.801514 0.000000 0.777998 0.000000 0.628266 0.652513 0.652513 0.652513
3839.567383 0.000000 3142.852051 0.000000 0.778119 0.000000 -0.628116 0.767412 0.767412 0.767412
3860.497559 0.000000 3208.822998 0.000000 0.983325 0.000000 0.181857 0.687216 0.687216 0.687216
3850.343018 0.000000 3202.113525 0.000000 0.304462 0.000000 0.952524 0.692946 0.692946 0.692946
3855.505127 0.000000 3166.954102 0.000000 0.999727 0.000000 0.023377 0.697875 0.697875 0.697875
3863.752930 0.000000 3211.411865 0.000000 0.999668 0.000000 0.025781 0.699351 0.699351 0.699351
3856.638428 0.000000 3207.688477 0.000000 0.668380 0.000000 0.743820 0.641367 0.641367 0.641367
3852.860596 0.000000 3205.090088 0.000000 0.290178 0.000000 0.956973 0.605423 0.605423 0.605423
3854.137451 0.000000 3207.324219 0.000000 0.634094 0.000000 0.773256 0.601133 0.601133 0.601133
3858.366943 0.000000 3209.039062 0.000000 0.771738 0.000000 0.635941 0.649894 0.649894 0.649894
3855.506348 0.000000 3206.718750 0.000000 0.940390 0.000000 -0.340099 0.738813 0.738813 0.738813
3761.790039 0.000000 3398.232178 0.000000 0.543946 0.000000 0.839120 0.676336 0.676336 0.676336
3761.405273 0.000000 3372.557129 0.000000 0.667774 0.000000 -0.744364 0.716433 0.716433 0.716433
3762.156494 0.000000 3377.690430 0.000000 0.881051 0.000000 -0.473021 0.714466 0.714466 0.714466
3758.050049 0.000000 3399.485352 0.000000 0.068549 0.000000 0.997648 0.618093 0.618093 0.618093
3760.270020 0.000000 3375.525879 0.000000 0.987302 0.000000 0.158853 0.691971 0.691971 0.691971
3758.356689 0.000000 3396.981445 0.000000 0.496679 0.000000 -0.867935 0.758776 0.758776 0.758776
3761.274170 0.000000 3390.550049 0.000000 0.536579 0.000000 -0.843850 0.751957 0.751957 0.751957
3762.794678 0.000000 3375.341064 0.000000 0.986382 0.000000 0.164470 0.691222 0.691222 0.691222
3753.960205 0.000000 3360.566650 0.000000 0.171805 0.000000 -0.985131 0.856375 0.856375 0.856375
3753.009033 0.000000 3362.035645 0.000000 0.487960 0.000000 0.872866 0.588744 0.588744 0.588744
3792.138916 0.000000 3371.320801 0.000000 0.978696 0.000000 0.205316 0.685834 0.685834 0.685834
3788.385010 0.000000 3374.195557 0.000000 0.225453 0.000000 -0.974254 0.716903 0.716903 0.716903
3776.526611 0.000000 3362.279785 0.000000 0.551212 0.000000 0.834365 0.651705 0.651705 0.651705
3791.879395 0.000000 3375.830078 0.000000 0.129439 0.000000 0.991587 0.639562 0.639562 0.639562
3783.997803 0.000000 3362.733398 0.000000 0.000558 0.000000 -1.000000 0.765859 0.765859 0.765859
3779.197754 0.000000 3360.739014 0.000000 0.691755 0.000000 0.722132 0.677439 0.677439 0.677439
3776.541992 0.000000 3365.128906 0.000000 0.952363 0.000000 0.304967 0.686569 0.686569 0.686569
3790.813232 0.000000 3373.585693 0.000000 0.198209 0.000000 0.980160 0.602227 0.602227 0.602227
3778.751221 0.000000 3363.016602 0.000000 0.361965 0.000000 0.932192 0.614408 0.614408 0.614408
3792.898682 0.000000 3373.515625 0.000000 0.503812 0.000000 0.863813 0.631479 0.631479 0.631479
3692.735840 0.000000 3415.655518 0.000000 0.709093 0.000000 -0.705115 0.733917 0.733917 0.733917
3707.701660 0.000000 3425.196289 0.000000 0.945578 0.000000 0.325395 0.682856 0.682856 0.682856
3707.899170 0.000000 3429.715332 0.000000 0.953072 0.000000 -0.302744 0.716770 0.716770 0.716770
3694.777344 0.000000 3414.916992 0.000000 0.181363 0.000000 -0.983416 0.826172 0.826172 0.826172
3693.528809 0.000000 3417.526855 0.000000 0.996008 0.000000 0.089267 0.691502 0.691502 0.691502
3707.093994 0.000000 3426.693604 0.000000 0.668321 0.000000 0.743873 0.563959 0.563959 0.563959
3699.566162 0.000000 3408.712891 0.000000 0.905209 0.000000 -0.424967 0.765660 0.765660 0.765660
3647.297119 0.000000 3492.545898 0.000000 0.991596 0.000000 -0.129376 0.724487 0.724487 0.724487
3647.557861 0.000000 3491.048828 0.000000 0.047286 0.000000 -0.998881 0.736209 0.736209 0.736209
3651.678955 0.000000 3494.116699 0.000000 0.597343 0.000000 0.801986 0.653162 0.653162 0.653162
3653.861816 0.000000 3494.679443 0.000000 0.391821 0.000000 0.920041 0.624873 0.624873 0.624873
3647.578369 0.000000 3493.983398 0.000000 0.560470 0.000000 0.828175 0.515820 0.515820 0.515820
3647.955078 0.000000 3492.387451 0.000000 0.750928 0.000000 -0.660384 0.836143 0.836143 0.836143
3772.029053 0.000000 3409.329590 0.000000 0.018430 0.000000 -0.999830 0.719533 0.719533 0.719533
3775.319580 0.000000 3413.764160 0.000000 0.533455 0.000000 0.845829 0.688725 0.688725 0.688725
3716.351562 0.000000 3432.929932 0.000000 0.550788 0.000000 0.834645 0.614404 0.614404 0.614404
3774.444580 0.000000 3408.136963 0.000000 0.548159 0.000000 -0.836374 0.741549 0.741549 0.741549
3774.310303 0.000000 3410.590088 0.000000 0.742337 0.000000 0.670026 0.671257 0.671257 0.671257
3807.854004 0.000000 3405.918945 0.000000 0.927114 0.000000 -0.374780 0.723094 0.723094 0.723094
3788.770264 0.000000 3426.281494 0.000000 0.724351 0.000000 -0.689431 0.704254 0.704254 0.704254
3809.475342 0.000000 3446.926025 0.000000 0.413951 0.000000 -0.910299 0.771973 0.771973 0.771973
3776.526611 0.000000 3409.521973 0.000000 0.942012 0.000000 -0.335580 0.714353 0.714353 0.714353
3811.031494 0.000000 3427.098389 0.000000 0.999936 0.000000 0.011342 0.699604 0.699604 0.699604
3792.409668 0.000000 3426.890381 0.000000 0.093064 0.000000 -0.995660 0.735118 0.735118 0.735118
3788.076904 0.000000 3429.611084 0.000000 0.411757 0.000000 0.911294 0.674356 0.674356 0.674356
3804.868652 0.000000 3407.603516 0.000000 0.984387 0.000000 -0.176017 0.703711 0.703711 0.703711
3804.732422 0.000000 3404.531494 0.000000 0.875741 0.000000 -0.482781 0.726062 0.726062 0.726062
3806.478760 0.000000 3447.427246 0.000000 0.331625 0.000000 0.943411 0.636231 0.636231 0.636231
3791.720215 0.000000 3429.810547 0.000000 0.970981 0.000000 -0.239158 0.713505 0.713505 0.713505
3808.407471 0.000000 3444.190674 0.000000 0.985560 0.000000 0.169324 0.694767 0.694767 0.694767
3812.962158 0.000000 3425.575195 0.000000 0.855801 0.000000 0.517305 0.673396 0.673396 0.673396
3790.091309 0.000000 3428.228271 0.000000 0.292507 0.000000 0.956263 0.628757 0.628757 0.628757
3810.973145 0.000000 3425.145020 0.000000 0.702862 0.000000 -0.711326 0.748682 0.748682 0.748682
3732.689941 0.000000 3454.303955 0.000000 0.910156 0.000000 -0.414266 0.739413 0.739413 0.739413
3809.294434 0.000000 3448.960693 0.000000 0.010104 0.000000 0.999949 0.625814 0.625814 0.625814
3774.444580 0.000000 3502.621338 0.000000 0.652579 0.000000 0.757720 0.654321 0.654321 0.654321
3774.310303 0.000000 3505.074463 0.000000 0.225293 0.000000 0.974291 0.581662 0.581662 0.581662
3776.541992 0.000000 3506.855469 0.000000 0.346882 0.000000 0.937909 0.613258 0.613258 0.613258
3775.638428 0.000000 3505.466064 0.000000 0.927060 0.000000 -0.374914 0.733849 0.733849 0.733849
3900.463379 0.000000 3488.631836 0.000000 0.909363 0.000000 -0.416004 0.704799 0.704799 0.704799
3904.721436 0.000000 3495.630371 0.000000 0.631435 0.000000 0.775429 0.691316 0.691316 0.691316
3903.526611 0.000000 3491.048828 0.000000 0.797847 0.000000 -0.602860 0.710856 0.710856 0.710856
3895.222900 0.000000 3503.322510 0.000000 0.123063 0.000000 0.992399 0.683811 0.683811 0.683811
3920.123291 0.000000 3513.047363 0.000000 0.423858 0.000000 0.905728 0.692079 0.692079 0.692079
4243.744141 0.000000 3023.614990 0.000000 0.948368 0.000000 -0.317171 0.702707 0.702707 0.702707
4234.926758 0.000000 3025.195801 0.000000 0.777443 0.000000 0.628953 0.691441 0.691441 0.691441
4240.306641 0.000000 3029.725098 0.000000 0.518109 0.000000 0.855314 0.675611 0.675611 0.675611
4233.047852 0.000000 3027.776855 0.000000 0.800498 0.000000 0.599335 0.679335 0.679335 0.679335
4241.375977 0.000000 3023.553223 0.000000 0.888452 0.000000 0.458970 0.667334 0.667334 0.667334
4232.934082 0.000000 3025.667236 0.000000 0.938781 0.000000 0.344515 0.675905 0.675905 0.675905
4211.693848 0.000000 3164.294434 0.000000 0.159093 0.000000 -0.987264 0.778908 0.778908 0.778908
4156.733398 0.000000 3182.824463 0.000000 0.141277 0.000000 0.989970 0.346372 0.346372 0.346372
4140.398926 0.000000 3183.053955 0.000000 0.096876 0.000000 0.995296 0.584616 0.584616 0.584616
4158.161621 0.000000 3185.817627 0.000000 0.701182 0.000000 0.712983 0.675586 0.675586 0.675586
4143.442383 0.000000 3180.926025 0.000000 0.555123 0.000000 -0.831769 0.794758 0.794758 0.794758
4158.929688 0.000000 3181.535400 0.000000 0.974550 0.000000 0.224169 0.688621 0.688621 0.688621
4141.474121 0.000000 3181.315918 0.000000 0.106392 0.000000 -0.994324 0.976352 0.976352 0.976352
4158.702637 0.000000 3183.489258 0.000000 0.140985 0.000000 -0.990012 0.893836 0.893836 0.893836
4140.175781 0.000000 3180.784912 0.000000 0.642399 0.000000 -0.766370 0.864802 0.864802 0.864802
4157.975098 0.000000 3182.514160 0.000000 0.598828 0.000000 -0.800877 0.929829 0.929829 0.929829
4213.138672 0.000000 3168.498047 0.000000 0.552475 0.000000 -0.833529 0.712400 0.712400 0.712400
4209.618652 0.000000 3165.382568 0.000000 0.923056 0.000000 -0.384666 0.706072 0.706072 0.706072
4210.297363 0.000000 3168.239502 0.000000 0.998038 0.000000 0.062607 0.694394 0.694394 0.694394
4211.750000 0.000000 3169.707520 0.000000 0.941603 0.000000 0.336726 0.669270 0.669270 0.669270
4210.909668 0.000000 3166.622803 0.000000 0.935429 0.000000 -0.353516 0.800527 0.800527 0.800527
4211.742676 0.000000 3167.967529 0.000000 0.686916 0.000000 -0.726737 0.926345 0.926345 0.926345
4159.659180 0.000000 3183.932373 0.000000 0.215276 0.000000 0.976553 0.516405 0.516405 0.516405
4247.706055 0.000000 3164.169678 0.000000 0.873180 0.000000 -0.487397 0.717794 0.717794 0.717794
4278.394531 0.000000 3177.180176 0.000000 0.517094 0.000000 -0.855929 0.707181 0.707181 0.707181
4243.744141 0.000000 3165.341553 0.000000 0.549694 0.000000 -0.835366 0.729031 0.729031 0.729031
4264.308594 0.000000 3174.628906 0.000000 0.975798 0.000000 -0.218672 0.717260 0.717260 0.717260
4267.646484 0.000000 3170.943848 0.000000 0.575894 0.000000 0.817525 0.683943 0.683943 0.683943
4279.176270 0.000000 3172.627197 0.000000 0.698551 0.000000 -0.715560 0.761317 0.761317 0.761317
4239.458496 0.000000 3166.954102 0.000000 0.555038 0.000000 0.831825 0.665664 0.665664 0.665664
4271.848633 0.000000 3169.420898 0.000000 0.039603 0.000000 0.999215 0.526604 0.526604 0.526604
4247.884277 0.000000 3167.003174 0.000000 0.193325 0.000000 0.981135 0.480654 0.480654 0.480654
4275.604980 0.000000 3174.565430 0.000000 0.143187 0.000000 0.989696 0.486513 0.486513 0.486513
4243.920898 0.000000 3169.111816 0.000000 0.225045 0.000000 -0.974348 0.748847 0.748847 0.748847
4274.289551 0.000000 3168.239502 0.000000 0.137054 0.000000 -0.990564 0.770135 0.770135 0.770135
4266.605957 0.000000 3173.393066 0.000000 0.116540 0.000000 0.993186 0.521116 0.521116 0.521116
4241.369629 0.000000 3169.128662 0.000000 0.167832 0.000000 -0.985816 0.778413 0.778413 0.778413
4245.528809 0.000000 3167.215088 0.000000 0.180000 0.000000 0.983667 0.501809 0.501809 0.501809
4277.887695 0.000000 3174.838135 0.000000 0.747365 0.000000 -0.664414 0.959077 0.959077 0.959077
4242.595215 0.000000 3167.356689 0.000000 0.870387 0.000000 -0.492369 0.772694 0.772694 0.772694
4276.902344 0.000000 3173.113525 0.000000 0.972262 0.000000 -0.233893 0.769972 0.769972 0.769972
4279.658203 0.000000 3175.819336 0.000000 0.974894 0.000000 -0.222670 0.718836 0.718836 0.718836
4272.899414 0.000000 3171.307617 0.000000 0.722797 0.000000 -0.691060 0.775733 0.775733 0.775733
4264.946777 0.000000 3173.066895 0.000000 0.411032 0.000000 -0.911621 0.914920 0.914920 0.914920
4273.479004 0.000000 3169.720947 0.000000 0.002666 0.000000 0.999996 0.233029 0.233029 0.233029
4240.955566 0.000000 3167.601807 0.000000 0.124775 0.000000 -0.992185 0.968817 0.968817 0.968817
4244.048828 0.000000 3166.841309 0.000000 0.954200 0.000000 0.299169 0.656674 0.656674 0.656674
4267.941406 0.000000 3172.403076 0.000000 0.415782 0.000000 0.909464 0.559501 0.559501 0.559501
4272.813477 0.000000 3168.378906 0.000000 0.370576 0.000000 0.928802 0.345284 0.345284 0.345284
4242.517090 0.000000 3166.024658 0.000000 0.164570 0.000000 0.986365 0.501540 0.501540 0.501540
4274.313477 0.000000 3174.348877 0.000000 0.803405 0.000000 0.595432 0.604589 0.604589 0.604589
4246.638184 0.000000 3166.557129 0.000000 0.621781 0.000000 -0.783191 0.843407 0.843407 0.843407
4274.741211 0.000000 3175.545898 0.000000 0.244499 0.000000 0.969649 0.501970 0.501970 0.501970
4247.077148 0.000000 3167.901611 0.000000 0.483339 0.000000 0.875433 0.530048 0.530048 0.530048
4276.708008 0.000000 3175.114990 0.000000 0.940620 0.000000 0.339460 0.576526 0.576526 0.576526
4241.430664 0.000000 3166.518066 0.000000 0.445799 0.000000 -0.895133 0.906160 0.906160 0.906160
4277.864258 0.000000 3172.390381 0.000000 0.987769 0.000000 0.155924 0.653596 0.653596 0.653596
4313.154297 0.000000 3203.747559 0.000000 0.932743 0.000000 -0.360541 0.707735 0.707735 0.707735
4302.256348 0.000000 3196.499756 0.000000 0.870660 0.000000 0.491884 0.689935 0.689935 0.689935
4330.132324 0.000000 3195.696289 0.000000 0.364649 0.000000 0.931145 0.654795 0.654795 0.654795
4288.494629 0.000000 3188.147949 0.000000 0.143511 0.000000 -0.989649 0.731916 0.731916 0.731916
4306.687500 0.000000 3193.429443 0.000000 0.735464 0.000000 -0.677564 0.718734 0.718734 0.718734
4292.695312 0.000000 3185.579102 0.000000 0.636479 0.000000 -0.771294 0.741872 0.741872 0.741872
4308.851562 0.000000 3203.300049 0.000000 0.222348 0.000000 0.974967 0.654818 0.654818 0.654818
4330.339355 0.000000 3192.209961 0.000000 0.226682 0.000000 0.973969 0.638079 0.638079 0.638079
4330.981934 0.000000 3189.044922 0.000000 0.142724 0.000000 0.989762 0.570269 0.570269 0.570269
4305.475586 0.000000 3196.487305 0.000000 0.940797 0.000000 -0.338971 0.720790 0.720790 0.720790
4303.657715 0.000000 3193.599609 0.000000 0.988292 0.000000 0.152575 0.695075 0.695075 0.695075
4310.029785 0.000000 3205.967285 0.000000 0.291429 0.000000 -0.956592 0.946005 0.946005 0.946005
4322.919922 0.000000 3196.802490 0.000000 0.739876 0.000000 0.672744 0.606120 0.606120 0.606120
4289.922363 0.000000 3185.843018 0.000000 0.907382 0.000000 -0.420306 0.738813 0.738813 0.738813
4290.558105 0.000000 3189.887695 0.000000 0.028125 0.000000 0.999604 0.611573 0.611573 0.611573
4291.574707 0.000000 3187.613037 0.000000 0.654467 0.000000 -0.756091 1.005640 1.005640 1.005640
4311.036133 0.000000 3203.130127 0.000000 0.149158 0.000000 0.988813 0.535099 0.535099 0.535099
4319.406250 0.000000 3182.142822 0.000000 0.389950 0.000000 -0.920836 0.847244 0.847244 0.847244
4332.111816 0.000000 3190.841064 0.000000 0.520145 0.000000 -0.854078 0.827386 0.827386 0.827386
4305.131348 0.000000 3192.391602 0.000000 0.576757 0.000000 -0.816916 0.813612 0.813612 0.813612
4303.853516 0.000000 3195.548096 0.000000 0.318303 0.000000 -0.947989 0.790646 0.790646 0.790646
4305.268066 0.000000 3194.481934 0.000000 0.586605 0.000000 -0.809873 0.929625 0.929625 0.929625
4319.357422 0.000000 3184.132324 0.000000 0.970160 0.000000 0.242465 0.679114 0.679114 0.679114
4290.238281 0.000000 3184.141846 0.000000 0.179058 0.000000 -0.983838 1.067489 1.067489 1.067489
4318.049316 0.000000 3183.239746 0.000000 0.999047 0.000000 -0.043640 0.705493 0.705493 0.705493
4333.447266 0.000000 3190.090576 0.000000 0.957229 0.000000 0.289331 0.663477 0.663477 0.663477
4288.530273 0.000000 3186.602783 0.000000 0.902853 0.000000 0.429949 0.638486 0.638486 0.638486
4310.227051 0.000000 3204.431396 0.000000 0.442105 0.000000 -0.896964 0.914706 0.914706 0.914706
4291.278320 0.000000 3185.425537 0.000000 0.140097 0.000000 0.990138 0.322082 0.322082 0.322082
4311.826172 0.000000 3204.225586 0.000000 0.828323 0.000000 -0.560251 0.814735 0.814735 0.814735
4290.424805 0.000000 3187.071289 0.000000 0.098193 0.000000 -0.995167 1.224937 1.224937 1.224937
4316.753906 0.000000 3182.950684 0.000000 0.885422 0.000000 -0.464788 0.781098 0.781098 0.781098
4331.001953 0.000000 3190.241943 0.000000 0.547504 0.000000 0.836803 0.508722 0.508722 0.508722
4311.046875 0.000000 3205.377197 0.000000 0.747405 0.000000 0.664368 0.559805 0.559805 0.559805
4291.800781 0.000000 3186.481445 0.000000 0.206372 0.000000 0.978474 0.214106 0.214106 0.214106
4556.291504 0.000000 3137.984619 0.000000 0.687822 0.000000 0.725879 0.687508 0.687508 0.687508
4591.809570 0.000000 3122.178711 0.000000 0.992869 0.000000 -0.119211 0.702840 0.702840 0.702840
4596.893066 0.000000 3133.681641 0.000000 0.149656 0.000000 -0.988738 0.737735 0.737735 0.737735
4559.786133 0.000000 3139.619141 0.000000 0.738797 0.000000 0.673928 0.679322 0.679322 0.679322
4555.344727 0.000000 3140.431396 0.000000 0.692960 0.000000 0.720976 0.665102 0.665102 0.665102
4590.952148 0.000000 3124.363770 0.000000 0.999705 0.000000 -0.024293 0.701393 0.701393 0.701393
4557.696777 0.000000 3139.703125 0.000000 0.536165 0.000000 0.844113 0.640993 0.640993 0.640993
4597.225098 0.000000 3135.839844 0.000000 0.624097 0.000000 -0.781346 0.840427 0.840427 0.840427
4200.890625 0.000000 3231.478271 0.000000 0.329311 0.000000 0.944222 0.698273 0.698273 0.698273
4209.350586 0.000000 3230.830566 0.000000 0.766361 0.000000 -0.642410 0.702926 0.702926 0.702926
4122.670898 0.000000 3283.370361 0.000000 0.469985 0.000000 -0.882675 0.703024 0.703024 0.703024
4116.695312 0.000000 3292.585693 0.000000 0.029371 0.000000 0.999569 0.566389 0.566389 0.566389
4121.177734 0.000000 3298.231934 0.000000 0.590191 0.000000 -0.807264 0.731524 0.731524 0.731524
4135.917969 0.000000 3284.355713 0.000000 0.340326 0.000000 0.940307 0.636709 0.636709 0.636709
4138.155762 0.000000 3290.180664 0.000000 0.988485 0.000000 0.151317 0.675578 0.675578 0.675578
4127.244141 0.000000 3286.492920 0.000000 0.983858 0.000000 -0.178948 0.714841 0.714841 0.714841
4130.636719 0.000000 3269.402100 0.000000 0.147875 0.000000 0.989006 0.513074 0.513074 0.513074
4125.635254 0.000000 3297.021240 0.000000 0.898421 0.000000 -0.439135 0.719704 0.719704 0.719704
4133.728027 0.000000 3300.163086 0.000000 0.201045 0.000000 -0.979582 0.751653 0.751653 0.751653
4125.763672 0.000000 3301.194580 0.000000 0.422926 0.000000 0.906164 0.661946 0.661946 0.661946
4130.992676 0.000000 3285.371826 0.000000 0.979528 0.000000 0.201309 0.693199 0.693199 0.693199
4138.020996 0.000000 3293.813965 0.000000 0.998801 0.000000 -0.048946 0.703560 0.703560 0.703560
4133.945801 0.000000 3281.518799 0.000000 0.823704 0.000000 -0.567020 0.725286 0.725286 0.725286
4124.829590 0.000000 3265.876953 0.000000 0.753571 0.000000 -0.657366 0.846417 0.846417 0.846417
4133.532715 0.000000 3270.734863 0.000000 0.953824 0.000000 0.300365 0.691896 0.691896 0.691896
4124.693359 0.000000 3262.804932 0.000000 0.990369 0.000000 -0.138450 0.730293 0.730293 0.730293
4118.356445 0.000000 3295.058105 0.000000 0.302226 0.000000 -0.953236 0.851948 0.851948 0.851948
4122.865723 0.000000 3300.694824 0.000000 0.409121 0.000000 -0.912480 0.738563 0.738563 0.738563
4129.730957 0.000000 3288.098389 0.000000 0.628373 0.000000 0.777912 0.670092 0.670092 0.670092
4122.090820 0.000000 3262.806885 0.000000 0.687084 0.000000 -0.726578 0.796652 0.796652 0.796652
4132.923340 0.000000 3283.848633 0.000000 0.556992 0.000000 -0.830518 0.902783 0.902783 0.902783
4123.549805 0.000000 3298.168701 0.000000 0.639920 0.000000 -0.768442 0.854384 0.854384 0.854384
4136.739258 0.000000 3291.822266 0.000000 0.901705 0.000000 0.432353 0.659370 0.659370 0.659370
4123.134277 0.000000 3264.553223 0.000000 0.527012 0.000000 -0.849858 0.763902 0.763902 0.763902
4130.934082 0.000000 3283.418457 0.000000 0.910115 0.000000 -0.414356 0.730462 0.730462 0.730462
4137.335449 0.000000 3288.433350 0.000000 0.881915 0.000000 0.471408 0.667744 0.667744 0.667744
4124.951660 0.000000 3299.422852 0.000000 0.135633 0.000000 -0.990759 0.886546 0.886546 0.886546
4135.597656 0.000000 3282.530273 0.000000 0.689686 0.000000 0.724109 0.646793 0.646793 0.646793
4131.633301 0.000000 3271.016846 0.000000 0.594875 0.000000 0.803818 0.592961 0.592961 0.592961
4125.885742 0.000000 3264.286133 0.000000 0.058504 0.000000 -0.998287 1.008679 1.008679 1.008679
4132.256836 0.000000 3282.175293 0.000000 0.689362 0.000000 -0.724417 0.867639 0.867639 0.867639
4139.913574 0.000000 3290.309570 0.000000 0.757005 0.000000 0.653409 0.585514 0.585514 0.585514
4139.100098 0.000000 3288.124756 0.000000 0.515617 0.000000 -0.856819 0.796393 0.796393 0.796393
4135.349609 0.000000 3299.572754 0.000000 0.167311 0.000000 -0.985904 0.870612 0.870612 0.870612
4119.820312 0.000000 3294.545654 0.000000 0.780461 0.000000 -0.625205 0.781205 0.781205 0.781205
4132.377930 0.000000 3285.138184 0.000000 0.983188 0.000000 0.182594 0.678436 0.678436 0.678436
4123.651855 0.000000 3299.603271 0.000000 0.981231 0.000000 -0.192834 0.734183 0.734183 0.734183
4124.376953 0.000000 3264.058105 0.000000 0.984783 0.000000 0.173790 0.664345 0.664345 0.664345
4133.394531 0.000000 3282.613037 0.000000 0.465715 0.000000 -0.884935 0.924782 0.924782 0.924782
4122.344238 0.000000 3298.550049 0.000000 0.806101 0.000000 -0.591778 0.811553 0.811553 0.811553
4321.929199 0.000000 3234.416748 0.000000 0.040111 0.000000 0.999195 0.165004 0.165004 0.165004
4311.876465 0.000000 3214.245361 0.000000 0.643661 0.000000 -0.765311 0.886423 0.886423 0.886423
4318.464355 0.000000 3235.702393 0.000000 0.525678 0.000000 0.850683 0.586222 0.586222 0.586222
4310.424805 0.000000 3217.731689 0.000000 0.304544 0.000000 -0.952498 0.777591 0.777591 0.777591
4320.688477 0.000000 3237.037598 0.000000 0.336367 0.000000 -0.941731 0.861347 0.861347 0.861347
4309.520996 0.000000 3214.457275 0.000000 0.375680 0.000000 0.926749 0.620433 0.620433 0.620433
4320.013672 0.000000 3233.076172 0.000000 0.323660 0.000000 -0.946174 0.778088 0.778088 0.778088
4310.432129 0.000000 3212.489014 0.000000 0.547102 0.000000 0.837066 0.638983 0.638983 0.638983
4311.936035 0.000000 3216.277100 0.000000 0.897636 0.000000 0.440737 0.671923 0.671923 0.671923
4320.240234 0.000000 3235.184082 0.000000 0.432708 0.000000 -0.901534 1.092613 1.092613 1.092613
4310.123047 0.000000 3215.986572 0.000000 0.992078 0.000000 0.125623 0.673057 0.673057 0.673057
4321.427246 0.000000 3235.862061 0.000000 0.291484 0.000000 0.956576 0.254360 0.254360 0.254360
4311.069336 0.000000 3215.143799 0.000000 0.088569 0.000000 -0.996070 1.017030 1.017030 1.017030
4346.533691 0.000000 3305.589111 0.000000 0.997946 0.000000 0.064060 0.699731 0.699731 0.699731
4348.854980 0.000000 3307.156006 0.000000 0.082145 0.000000 0.996620 0.693757 0.693757 0.693757
4372.435059 0.000000 3303.307373 0.000000 0.611394 0.000000 0.791326 0.694894 0.694894 0.694894
4351.837891 0.000000 3290.068359 0.000000 0.804736 0.000000 0.593633 0.697334 0.697334 0.697334
4352.666992 0.000000 3306.661621 0.000000 0.125410 0.000000 -0.992105 0.708081 0.708081 0.708081
4362.280762 0.000000 3296.597900 0.000000 0.420325 0.000000 -0.907374 0.709538 0.709538 0.709538
4372.664062 0.000000 3292.585693 0.000000 0.042753 0.000000 0.999086 0.693591 0.693591 0.693591
4354.405273 0.000000 3298.781250 0.000000 0.898216 0.000000 0.439554 0.696182 0.696182 0.696182
4364.650879 0.000000 3303.806152 0.000000 0.497097 0.000000 -0.867695 0.708812 0.708812 0.708812
4366.248535 0.000000 3290.984131 0.000000 0.165857 0.000000 -0.986150 0.709816 0.709816 0.709816
4359.325195 0.000000 3290.695557 0.000000 0.995886 0.000000 -0.090617 0.700888 0.700888 0.700888
4368.535156 0.000000 3298.072510 0.000000 0.449702 0.000000 -0.893179 0.709264 0.709264 0.709264
4358.289551 0.000000 3303.472900 0.000000 0.007438 0.000000 0.999972 0.686886 0.686886 0.686886
4371.728516 0.000000 3307.068115 0.000000 0.998160 0.000000 0.060639 0.699830 0.699830 0.699830
4351.768555 0.000000 3311.007568 0.000000 0.058500 0.000000 0.998287 0.693657 0.693657 0.693657
4362.911133 0.000000 3308.648926 0.000000 0.548456 0.000000 0.836179 0.694462 0.694462 0.694462
4470.371094 0.000000 3318.906738 0.000000 0.910107 0.000000 -0.414374 0.701195 0.701195 0.701195
4474.518066 0.000000 3352.831299 0.000000 0.790692 0.000000 0.612214 0.697237 0.697237 0.697237
4461.128906 0.000000 3307.826172 0.000000 0.456680 0.000000 -0.889631 0.703066 0.703066 0.703066
4456.285156 0.000000 3316.355469 0.000000 0.791311 0.000000 -0.611414 0.704599 0.704599 0.704599
4463.851562 0.000000 3315.432617 0.000000 0.170447 0.000000 -0.985367 0.707826 0.707826 0.707826
4476.839355 0.000000 3354.398193 0.000000 0.999999 0.000000 -0.001469 0.700008 0.700008 0.700008
4436.656250 0.000000 3387.070068 0.000000 0.974004 0.000000 -0.226531 0.700639 0.700639 0.700639
4500.419434 0.000000 3350.549561 0.000000 0.047679 0.000000 0.998863 0.697871 0.697871 0.697871
4480.651367 0.000000 3353.903809 0.000000 0.447488 0.000000 -0.894290 0.709285 0.709285 0.709285
4490.265137 0.000000 3343.840088 0.000000 0.891462 0.000000 -0.453096 0.701972 0.701972 0.701972
4482.389648 0.000000 3346.023438 0.000000 0.999528 0.000000 0.030734 0.699785 0.699785 0.699785
4492.635254 0.000000 3351.048340 0.000000 0.425850 0.000000 -0.904794 0.706324 0.706324 0.706324
4486.273926 0.000000 3350.715088 0.000000 0.594344 0.000000 0.804211 0.692162 0.692162 0.692162
4490.894043 0.000000 3364.896729 0.000000 0.140920 0.000000 -0.990021 0.701998 0.701998 0.701998
4479.752930 0.000000 3358.249756 0.000000 0.374645 0.000000 0.927168 0.693363 0.693363 0.693363
4490.895508 0.000000 3355.891113 0.000000 0.377050 0.000000 -0.926193 0.706622 0.706622 0.706622
4598.355469 0.000000 3366.148926 0.000000 0.994841 0.000000 0.101450 0.699858 0.699858 0.699858
4971.274902 0.000000 3153.790771 0.000000 0.975175 0.000000 -0.221437 0.712487 0.712487 0.712487
4997.936523 0.000000 3170.758057 0.000000 0.281109 0.000000 0.959676 0.687416 0.687416 0.687416
4999.849609 0.000000 3173.764648 0.000000 0.756492 0.000000 0.654003 0.683057 0.683057 0.683057
5018.464355 0.000000 3185.703613 0.000000 0.703579 0.000000 0.710617 0.652485 0.652485 0.652485
5027.809570 0.000000 3185.909424 0.000000 0.727190 0.000000 -0.686436 0.800486 0.800486 0.800486
5026.048828 0.000000 3185.211670 0.000000 0.913342 0.000000 0.407194 0.644300 0.644300 0.644300
5027.272461 0.000000 3184.424805 0.000000 0.999182 0.000000 -0.040443 0.705373 0.705373 0.705373
5023.881836 0.000000 3227.229492 0.000000 0.667526 0.000000 -0.744586 0.704697 0.704697 0.704697
5066.823730 0.000000 3270.412354 0.000000 0.529313 0.000000 -0.848426 0.701416 0.701416 0.701416
5105.241211 0.000000 3278.072754 0.000000 0.536149 0.000000 0.844123 0.666281 0.666281 0.666281
5067.424805 0.000000 3266.015625 0.000000 0.994900 0.000000 0.100868 0.693219 0.693219 0.693219
5114.216309 0.000000 3286.413330 0.000000 0.108770 0.000000 -0.994067 0.773574 0.773574 0.773574
5107.968262 0.000000 3278.697754 0.000000 0.903466 0.000000 0.428661 0.656026 0.656026 0.656026
5115.727539 0.000000 3287.988770 0.000000 0.267493 0.000000 -0.963560 0.765430 0.765430 0.765430
5106.481934 0.000000 3279.278076 0.000000 0.744387 0.000000 -0.667748 0.772579 0.772579 0.772579
5066.941895 0.000000 3354.104492 0.000000 0.404703 0.000000 0.914448 0.645139 0.645139 0.645139
5075.642578 0.000000 3354.310303 0.000000 0.052150 0.000000 0.998639 0.695754 0.695754 0.695754
5066.825195 0.000000 3355.891113 0.000000 0.994178 0.000000 -0.107751 0.705132 0.705132 0.705132
5073.268066 0.000000 3358.097412 0.000000 0.168891 0.000000 -0.985635 1.070217 1.070217 1.070217
5073.274414 0.000000 3354.248535 0.000000 0.954822 0.000000 -0.297179 0.719827 0.719827 0.719827
5072.854004 0.000000 3356.570557 0.000000 0.672622 0.000000 0.739986 0.601004 0.601004 0.601004
5073.475098 0.000000 3359.603027 0.000000 0.107190 0.000000 0.994239 0.313319 0.313319 0.313319
5072.387207 0.000000 3358.998291 0.000000 0.975316 0.000000 0.220812 0.641169 0.641169 0.641169
4808.977539 0.000000 3405.714355 0.000000 0.940157 0.000000 -0.340743 0.718472 0.718472 0.718472
4806.526367 0.000000 3404.338867 0.000000 0.255727 0.000000 0.966749 0.650467 0.650467 0.650467
4869.952148 0.000000 3406.968994 0.000000 0.948519 0.000000 0.316720 0.668912 0.668912 0.668912
4884.966797 0.000000 3419.335449 0.000000 0.776911 0.000000 -0.629610 0.737134 0.737134 0.737134
4926.241699 0.000000 3433.927979 0.000000 0.434369 0.000000 0.900735 0.563595 0.563595 0.563595
4927.767578 0.000000 3431.794922 0.000000 0.211715 0.000000 0.977332 0.665839 0.665839 0.665839
4940.580566 0.000000 3445.532715 0.000000 0.617877 0.000000 -0.786275 0.783484 0.783484 0.783484
4929.900879 0.000000 3432.559814 0.000000 0.119882 0.000000 0.992788 0.598596 0.598596 0.598596
4927.417969 0.000000 3433.484863 0.000000 0.756101 0.000000 -0.654455 0.786780 0.786780 0.786780
4926.835938 0.000000 3487.374268 0.000000 0.257041 0.000000 -0.966401 0.754979 0.754979 0.754979
4922.133789 0.000000 3480.609863 0.000000 0.332665 0.000000 -0.943045 0.796429 0.796429 0.796429
4940.629883 0.000000 3473.523682 0.000000 0.857152 0.000000 0.515063 0.687140 0.687140 0.687140
4927.405762 0.000000 3487.383789 0.000000 0.343520 0.000000 0.939145 0.648825 0.648825 0.648825
4917.052734 0.000000 3499.193359 0.000000 0.013930 0.000000 -0.999903 0.784888 0.784888 0.784888
4948.364746 0.000000 3586.760498 0.000000 0.033873 0.000000 0.999426 0.697851 0.697851 0.697851
5281.812012 0.000000 3187.174561 0.000000 0.138554 0.000000 -0.990355 0.710009 0.710009 0.710009
5287.777832 0.000000 3189.871338 0.000000 0.996899 0.000000 -0.078692 0.701211 0.701211 0.701211
5153.757812 0.000000 3293.783691 0.000000 0.998925 0.000000 0.046353 0.695073 0.695073 0.695073
5149.510254 0.000000 3297.021240 0.000000 0.137055 0.000000 -0.990564 0.722042 0.722042 0.722042
5182.036621 0.000000 3280.302002 0.000000 0.189590 0.000000 0.981863 0.595812 0.595812 0.595812
5177.610840 0.000000 3289.128662 0.000000 0.757419 0.000000 0.652929 0.661209 0.661209 0.661209
5192.323242 0.000000 3277.424316 0.000000 0.950552 0.000000 -0.310564 0.715011 0.715011 0.715011
5197.562012 0.000000 3272.011719 0.000000 0.140775 0.000000 -0.990042 0.787939 0.787939 0.787939
5191.326660 0.000000 3279.893066 0.000000 0.851582 0.000000 -0.524221 0.718515 0.718515 0.718515
5183.450684 0.000000 3279.819824 0.000000 0.861385 0.000000 -0.507952 0.750653 0.750653 0.750653
5243.297852 0.000000 3263.605713 0.000000 0.554481 0.000000 -0.832196 0.797581 0.797581 0.797581
5192.749512 0.000000 3279.060303 0.000000 0.706087 0.000000 -0.708125 0.783604 0.783604 0.783604
5430.111816 0.000000 3353.526123 0.000000 0.890804 0.000000 0.454387 0.691427 0.691427 0.691427
5431.714844 0.000000 3354.311523 0.000000 0.195483 0.000000 -0.980707 0.734578 0.734578 0.734578
5553.571777 0.000000 3445.474365 0.000000 0.997518 0.000000 -0.070408 0.700296 0.700296 0.700296
5430.466309 0.000000 3568.261230 0.000000 0.955640 0.000000 -0.294538 0.700836 0.700836 0.700836
5791.611816 0.000000 3500.403320 0.000000 0.116409 0.000000 -0.993201 0.702033 0.702033 0.702033
"}
