object={
	name="tree_mangrove_01_generator_1_0"
	render_pass=Map
	clamp_to_water_level=no
	generated_content=yes
	layer="tree_high_layer"
	pdxmesh="tree_mangrove_01_a_mesh"
	count=1102
	transform="298.624084 0.000000 1494.977295 0.000000 0.731574 0.000000 0.681762 0.785767 0.785767 0.785767
301.837311 0.000000 1505.028320 0.000000 0.324454 0.000000 0.945902 0.777704 0.777704 0.777704
306.578156 0.000000 1488.002686 0.000000 0.841955 0.000000 0.539548 0.794878 0.794878 0.794878
298.489288 0.000000 1498.610840 0.000000 0.689111 0.000000 0.724656 0.760339 0.760339 0.760339
309.798950 0.000000 1486.446167 0.000000 0.740695 0.000000 0.671841 0.748503 0.748503 0.748503
308.544067 0.000000 1489.953857 0.000000 0.099436 0.000000 0.995044 0.738295 0.738295 0.738295
299.450958 0.000000 1505.430786 0.000000 0.422059 0.000000 0.906568 0.763728 0.763728 0.763728
299.844879 0.000000 1500.314087 0.000000 0.571480 0.000000 0.820616 0.715418 0.715418 0.715418
310.828278 0.000000 1487.833008 0.000000 0.095166 0.000000 0.995461 0.658549 0.658549 0.658549
3916.754639 0.000000 544.507812 0.000000 0.402593 0.000000 0.915379 0.791916 0.791916 0.791916
3946.178955 0.000000 550.133484 0.000000 0.822845 0.000000 0.568266 0.791550 0.791550 0.791550
3916.061279 0.000000 547.837341 0.000000 0.825546 0.000000 0.564334 0.773653 0.773653 0.773653
3912.442139 0.000000 552.834656 0.000000 0.260534 0.000000 0.965465 0.753005 0.753005 0.753005
3917.883301 0.000000 548.964172 0.000000 0.684720 0.000000 0.728807 0.760043 0.760043 0.760043
3921.178223 0.000000 546.828918 0.000000 0.746524 0.000000 0.665359 0.733119 0.733119 0.733119
3918.731934 0.000000 549.847778 0.000000 0.435484 0.000000 0.900197 0.672471 0.672471 0.672471
3838.478760 0.000000 641.444885 0.000000 0.107584 0.000000 0.994196 0.766397 0.766397 0.766397
3832.866699 0.000000 648.068909 0.000000 0.390138 0.000000 0.920756 0.767285 0.767285 0.767285
3629.431396 0.000000 749.153259 0.000000 0.242579 0.000000 0.970132 0.784113 0.784113 0.784113
3967.296143 0.000000 579.232788 0.000000 0.059748 0.000000 0.998213 0.787929 0.787929 0.787929
3916.369385 0.000000 586.906250 0.000000 0.543258 0.000000 0.839566 0.785073 0.785073 0.785073
3903.526611 0.000000 609.275269 0.000000 0.605061 0.000000 0.796179 0.785285 0.785285 0.785285
3912.723389 0.000000 589.382385 0.000000 0.001854 0.000000 0.999998 0.770231 0.770231 0.770231
3966.286865 0.000000 576.058777 0.000000 0.487554 0.000000 0.873093 0.771379 0.771379 0.771379
3906.917236 0.000000 607.559143 0.000000 0.777275 0.000000 0.629161 0.753112 0.753112 0.753112
3866.702148 0.000000 637.807739 0.000000 0.564215 0.000000 0.825628 0.797090 0.797090 0.797090
3840.548828 0.000000 637.069641 0.000000 0.221613 0.000000 0.975135 0.769054 0.769054 0.769054
3848.731201 0.000000 636.624573 0.000000 0.217209 0.000000 0.976125 0.752751 0.752751 0.752751
3880.411865 0.000000 630.091492 0.000000 0.100109 0.000000 0.994976 0.769162 0.769162 0.769162
3897.647949 0.000000 620.694153 0.000000 0.112722 0.000000 0.993627 0.746135 0.746135 0.746135
3882.835205 0.000000 630.139893 0.000000 0.400419 0.000000 0.916332 0.760654 0.760654 0.760654
3882.635742 0.000000 632.198486 0.000000 0.741497 0.000000 0.670956 0.765479 0.765479 0.765479
3582.999756 0.000000 841.811523 0.000000 0.392578 0.000000 0.919719 0.730055 0.730055 0.730055
3582.797607 0.000000 848.920044 0.000000 0.767413 0.000000 0.641153 0.778454 0.778454 0.778454
3581.545898 0.000000 838.913513 0.000000 0.389153 0.000000 0.921173 0.712290 0.712290 0.712290
3582.842529 0.000000 872.689026 0.000000 0.374267 0.000000 0.927321 0.685002 0.685002 0.685002
3644.940674 0.000000 756.077637 0.000000 0.305169 0.000000 0.952298 0.798741 0.798741 0.798741
3628.743652 0.000000 817.335022 0.000000 0.442012 0.000000 0.897009 0.785552 0.785552 0.785552
3608.917725 0.000000 832.018616 0.000000 0.555198 0.000000 0.831718 0.759786 0.759786 0.759786
3587.600830 0.000000 837.363708 0.000000 0.638316 0.000000 0.769774 0.785086 0.785086 0.785086
3592.915527 0.000000 830.064209 0.000000 0.617285 0.000000 0.786740 0.772872 0.772872 0.772872
3622.008301 0.000000 824.924805 0.000000 0.806419 0.000000 0.591345 0.777885 0.777885 0.777885
3588.367188 0.000000 834.609436 0.000000 0.109057 0.000000 0.994036 0.750377 0.750377 0.750377
3594.525146 0.000000 833.553711 0.000000 0.203392 0.000000 0.979097 0.742708 0.742708 0.742708
3613.014893 0.000000 828.538757 0.000000 0.483771 0.000000 0.875195 0.769133 0.769133 0.769133
3634.346680 0.000000 819.007080 0.000000 0.237382 0.000000 0.971416 0.742841 0.742841 0.742841
3646.325928 0.000000 812.269714 0.000000 0.837856 0.000000 0.545891 0.773474 0.773474 0.773474
3592.481201 0.000000 836.287781 0.000000 0.234097 0.000000 0.972213 0.750691 0.750691 0.750691
3599.938965 0.000000 833.438477 0.000000 0.394784 0.000000 0.918774 0.719729 0.719729 0.719729
3612.874023 0.000000 826.782837 0.000000 0.279997 0.000000 0.960001 0.680474 0.680474 0.680474
3588.495361 0.000000 850.032227 0.000000 0.483322 0.000000 0.875443 0.722264 0.722264 0.722264
3611.469971 0.000000 828.232666 0.000000 0.782641 0.000000 0.622473 0.732232 0.732232 0.732232
3591.670898 0.000000 831.029419 0.000000 0.345641 0.000000 0.938367 0.683245 0.683245 0.683245
3620.440430 0.000000 828.544189 0.000000 0.509596 0.000000 0.860414 0.723436 0.723436 0.723436
3674.725586 0.000000 826.776489 0.000000 0.036549 0.000000 0.999332 0.763229 0.763229 0.763229
3681.341553 0.000000 843.119263 0.000000 0.038427 0.000000 0.999261 0.703595 0.703595 0.703595
3682.006836 0.000000 825.064880 0.000000 0.559030 0.000000 0.829147 0.779499 0.779499 0.779499
3698.471924 0.000000 841.569031 0.000000 0.476657 0.000000 0.879089 0.728145 0.728145 0.728145
3689.530273 0.000000 842.224792 0.000000 0.485791 0.000000 0.874075 0.778759 0.778759 0.778759
3678.542236 0.000000 826.350586 0.000000 0.788047 0.000000 0.615615 0.790066 0.790066 0.790066
3701.690430 0.000000 841.916992 0.000000 0.673380 0.000000 0.739297 0.762611 0.762611 0.762611
3674.544678 0.000000 829.649597 0.000000 0.238112 0.000000 0.971238 0.773429 0.773429 0.773429
3670.107666 0.000000 843.857666 0.000000 0.820568 0.000000 0.571549 0.758686 0.758686 0.758686
3694.896729 0.000000 822.180847 0.000000 0.835532 0.000000 0.549442 0.777926 0.777926 0.777926
3688.348877 0.000000 844.322754 0.000000 0.467641 0.000000 0.883919 0.702559 0.702559 0.702559
3691.037109 0.000000 844.040100 0.000000 0.465374 0.000000 0.885114 0.700158 0.700158 0.700158
3691.826172 0.000000 848.984802 0.000000 0.662266 0.000000 0.749269 0.774626 0.774626 0.774626
3694.656250 0.000000 836.269104 0.000000 0.712562 0.000000 0.701609 0.725448 0.725448 0.725448
3677.056152 0.000000 838.134888 0.000000 0.668983 0.000000 0.743278 0.749792 0.749792 0.749792
3664.914307 0.000000 822.437317 0.000000 0.443867 0.000000 0.896093 0.725673 0.725673 0.725673
3700.861816 0.000000 833.138123 0.000000 0.754062 0.000000 0.656803 0.718424 0.718424 0.718424
3678.649170 0.000000 818.623413 0.000000 0.141834 0.000000 0.989890 0.707277 0.707277 0.707277
3670.304932 0.000000 842.321716 0.000000 0.171948 0.000000 0.985106 0.705068 0.705068 0.705068
3668.113281 0.000000 819.856445 0.000000 0.783834 0.000000 0.620970 0.741792 0.741792 0.741792
3695.539307 0.000000 837.552002 0.000000 0.248519 0.000000 0.968627 0.673489 0.673489 0.673489
3586.147705 0.000000 863.363586 0.000000 0.714006 0.000000 0.700139 0.749656 0.749656 0.749656
3586.774658 0.000000 859.180603 0.000000 0.441035 0.000000 0.897490 0.756612 0.756612 0.756612
3702.677002 0.000000 875.456360 0.000000 0.174815 0.000000 0.984601 0.730342 0.730342 0.730342
3664.154541 0.000000 867.484741 0.000000 0.720531 0.000000 0.693423 0.784697 0.784697 0.784697
3692.735840 0.000000 864.577209 0.000000 0.822224 0.000000 0.569164 0.769767 0.769767 0.769767
3677.689697 0.000000 887.669373 0.000000 0.605571 0.000000 0.795791 0.715448 0.715448 0.715448
3695.918701 0.000000 854.553406 0.000000 0.666810 0.000000 0.745228 0.760533 0.760533 0.760533
3701.002197 0.000000 866.056458 0.000000 0.087154 0.000000 0.996195 0.680000 0.680000 0.680000
3670.869873 0.000000 875.881531 0.000000 0.817460 0.000000 0.575986 0.792031 0.792031 0.792031
3667.991211 0.000000 854.244507 0.000000 0.790724 0.000000 0.612173 0.788158 0.788158 0.788158
3689.690674 0.000000 852.646545 0.000000 0.499347 0.000000 0.866402 0.722559 0.722559 0.722559
3673.327881 0.000000 859.543396 0.000000 0.088798 0.000000 0.996050 0.776323 0.776323 0.776323
3690.417480 0.000000 877.342651 0.000000 0.266019 0.000000 0.963968 0.723315 0.723315 0.723315
3676.884277 0.000000 856.525085 0.000000 0.361452 0.000000 0.932391 0.711251 0.711251 0.711251
3676.748047 0.000000 853.453308 0.000000 0.547217 0.000000 0.836991 0.775240 0.775240 0.775240
3681.785645 0.000000 878.746521 0.000000 0.805961 0.000000 0.591968 0.743696 0.743696 0.743696
3686.989258 0.000000 853.838989 0.000000 0.345660 0.000000 0.938360 0.705139 0.705139 0.705139
3698.338867 0.000000 866.249268 0.000000 0.760798 0.000000 0.648989 0.768968 0.768968 0.768968
3666.670898 0.000000 867.264404 0.000000 0.090315 0.000000 0.995913 0.675822 0.675822 0.675822
3696.510986 0.000000 875.706177 0.000000 0.574858 0.000000 0.818253 0.747363 0.747363 0.747363
3673.539062 0.000000 864.991028 0.000000 0.494131 0.000000 0.869387 0.762110 0.762110 0.762110
3672.189941 0.000000 873.905579 0.000000 0.174588 0.000000 0.984642 0.712217 0.712217 0.712217
3678.148193 0.000000 863.576599 0.000000 0.302521 0.000000 0.953143 0.740699 0.740699 0.740699
3678.897461 0.000000 889.704224 0.000000 0.608253 0.000000 0.793743 0.767951 0.767951 0.767951
3672.789551 0.000000 886.536011 0.000000 0.801036 0.000000 0.598617 0.771160 0.771160 0.771160
3680.301758 0.000000 852.669800 0.000000 0.700600 0.000000 0.713554 0.740490 0.740490 0.740490
3700.382812 0.000000 887.355713 0.000000 0.826138 0.000000 0.563467 0.735443 0.735443 0.735443
3690.083496 0.000000 861.198792 0.000000 0.310192 0.000000 0.950674 0.662097 0.662097 0.662097
3681.918945 0.000000 854.373657 0.000000 0.237275 0.000000 0.971443 0.741507 0.741507 0.741507
3672.006104 0.000000 863.824402 0.000000 0.259467 0.000000 0.965752 0.643218 0.643218 0.643218
3666.859375 0.000000 863.005066 0.000000 0.783267 0.000000 0.621685 0.735013 0.735013 0.735013
3664.069580 0.000000 860.561584 0.000000 0.485296 0.000000 0.874350 0.753245 0.753245 0.753245
3674.694336 0.000000 879.795654 0.000000 0.680222 0.000000 0.733006 0.729343 0.729343 0.729343
3679.586426 0.000000 891.425842 0.000000 0.032770 0.000000 0.999463 0.695559 0.695559 0.695559
3703.822266 0.000000 888.350586 0.000000 0.233751 0.000000 0.972296 0.736015 0.736015 0.736015
3701.334229 0.000000 868.214600 0.000000 0.036705 0.000000 0.999326 0.619228 0.619228 0.619228
3676.973145 0.000000 851.828003 0.000000 0.715873 0.000000 0.698230 0.746742 0.746742 0.746742
3675.671143 0.000000 878.002502 0.000000 0.579080 0.000000 0.815270 0.718138 0.718138 0.718138
3671.814697 0.000000 856.559143 0.000000 0.732085 0.000000 0.681213 0.746865 0.746865 0.746865
3693.310547 0.000000 896.964355 0.000000 0.230910 0.000000 0.972975 0.638352 0.638352 0.638352
3670.006592 0.000000 857.020508 0.000000 0.526808 0.000000 0.849984 0.727967 0.727967 0.727967
3689.680420 0.000000 890.862610 0.000000 0.734160 0.000000 0.678976 0.703106 0.703106 0.703106
3682.154053 0.000000 875.039246 0.000000 0.328772 0.000000 0.944409 0.660548 0.660548 0.660548
3701.916504 0.000000 869.562317 0.000000 0.593643 0.000000 0.804729 0.689797 0.689797 0.689797
3698.802490 0.000000 894.758301 0.000000 0.259652 0.000000 0.965702 0.593600 0.593600 0.593600
3686.267334 0.000000 898.488953 0.000000 0.808722 0.000000 0.588192 0.791837 0.791837 0.791837
3711.074707 0.000000 932.852905 0.000000 0.714558 0.000000 0.699576 0.776788 0.776788 0.776788
3709.634521 0.000000 941.184998 0.000000 0.620622 0.000000 0.784110 0.786500 0.786500 0.786500
3692.453613 0.000000 915.428650 0.000000 0.644961 0.000000 0.764215 0.771335 0.771335 0.771335
3705.468262 0.000000 907.552917 0.000000 0.559224 0.000000 0.829017 0.764864 0.764864 0.764864
3710.781982 0.000000 943.404419 0.000000 0.176391 0.000000 0.984320 0.683109 0.683109 0.683109
3691.707764 0.000000 899.987854 0.000000 0.432766 0.000000 0.901507 0.725969 0.725969 0.725969
3700.664062 0.000000 930.796692 0.000000 0.556774 0.000000 0.830664 0.741263 0.741263 0.741263
3704.997559 0.000000 902.624023 0.000000 0.570799 0.000000 0.821090 0.728813 0.728813 0.728813
3707.734375 0.000000 916.420837 0.000000 0.158071 0.000000 0.987428 0.637837 0.637837 0.637837
3704.109375 0.000000 903.786133 0.000000 0.607621 0.000000 0.794227 0.732181 0.732181 0.732181
3692.230469 0.000000 913.159668 0.000000 0.618999 0.000000 0.785392 0.709792 0.709792 0.709792
3710.145508 0.000000 909.662476 0.000000 0.464133 0.000000 0.885765 0.653304 0.653304 0.653304
3698.002686 0.000000 912.501831 0.000000 0.592129 0.000000 0.805843 0.669923 0.669923 0.669923
3697.432129 0.000000 917.137451 0.000000 0.686820 0.000000 0.726827 0.663489 0.663489 0.663489
3692.078613 0.000000 899.182556 0.000000 0.288026 0.000000 0.957623 0.480784 0.480784 0.480784
3749.381836 0.000000 895.542908 0.000000 0.182229 0.000000 0.983256 0.754274 0.754274 0.754274
3747.423096 0.000000 887.575256 0.000000 0.369877 0.000000 0.929081 0.766672 0.766672 0.766672
3744.415283 0.000000 893.112427 0.000000 0.808649 0.000000 0.588291 0.781158 0.781158 0.781158
3737.257568 0.000000 894.804077 0.000000 0.212147 0.000000 0.977238 0.715981 0.715981 0.715981
3721.706299 0.000000 885.253845 0.000000 0.418517 0.000000 0.908209 0.728343 0.728343 0.728343
3762.088867 0.000000 890.698181 0.000000 0.354728 0.000000 0.934970 0.732436 0.732436 0.732436
3754.263184 0.000000 895.261841 0.000000 0.285427 0.000000 0.958400 0.721946 0.721946 0.721946
3743.578613 0.000000 891.425842 0.000000 0.417542 0.000000 0.908658 0.711198 0.711198 0.711198
3720.482666 0.000000 890.884521 0.000000 0.710532 0.000000 0.703665 0.718156 0.718156 0.718156
3750.380371 0.000000 896.946716 0.000000 0.334032 0.000000 0.942562 0.716461 0.716461 0.716461
3748.279297 0.000000 896.934937 0.000000 0.480719 0.000000 0.876875 0.729522 0.729522 0.729522
3773.332764 0.000000 888.863281 0.000000 0.769951 0.000000 0.638103 0.758535 0.758535 0.758535
3765.167725 0.000000 895.990234 0.000000 0.499391 0.000000 0.866377 0.677565 0.677565 0.677565
3724.986816 0.000000 893.124329 0.000000 0.004744 0.000000 0.999989 0.629536 0.629536 0.629536
3723.932373 0.000000 884.249390 0.000000 0.724214 0.000000 0.689575 0.733133 0.733133 0.733133
3738.443115 0.000000 895.428223 0.000000 0.128376 0.000000 0.991726 0.637272 0.637272 0.637272
3721.925293 0.000000 890.958557 0.000000 0.762716 0.000000 0.646734 0.726256 0.726256 0.726256
3772.331055 0.000000 928.090149 0.000000 0.015001 0.000000 0.999887 0.748730 0.748730 0.748730
3731.377441 0.000000 920.850098 0.000000 0.502561 0.000000 0.864542 0.740561 0.740561 0.740561
3737.314697 0.000000 903.163818 0.000000 0.088988 0.000000 0.996033 0.751172 0.751172 0.751172
3750.259521 0.000000 898.488953 0.000000 0.071086 0.000000 0.997470 0.711643 0.711643 0.711643
3718.092529 0.000000 903.132751 0.000000 0.679684 0.000000 0.733505 0.776975 0.776975 0.776975
3739.814941 0.000000 897.721619 0.000000 0.436023 0.000000 0.899936 0.770930 0.770930 0.770930
3757.348877 0.000000 919.065369 0.000000 0.392335 0.000000 0.919822 0.761522 0.761522 0.761522
3748.998047 0.000000 903.116272 0.000000 0.731719 0.000000 0.681606 0.743831 0.743831 0.743831
3732.877441 0.000000 905.259521 0.000000 0.663227 0.000000 0.748418 0.750174 0.750174 0.750174
3724.392822 0.000000 917.601562 0.000000 0.584897 0.000000 0.811108 0.701747 0.701747 0.701747
3723.588623 0.000000 903.906006 0.000000 0.126338 0.000000 0.991987 0.745199 0.745199 0.745199
3720.746826 0.000000 920.077698 0.000000 0.809599 0.000000 0.586983 0.732969 0.732969 0.732969
3770.380127 0.000000 924.303650 0.000000 0.735103 0.000000 0.677956 0.784377 0.784377 0.784377
3728.654053 0.000000 940.063293 0.000000 0.588413 0.000000 0.808561 0.783073 0.783073 0.783073
3736.844727 0.000000 931.269409 0.000000 0.604658 0.000000 0.796486 0.774235 0.774235 0.774235
3771.219482 0.000000 931.926147 0.000000 0.035148 0.000000 0.999382 0.757061 0.757061 0.757061
3721.653320 0.000000 939.379333 0.000000 0.768608 0.000000 0.639719 0.779205 0.779205 0.779205
3735.210449 0.000000 912.841064 0.000000 0.044442 0.000000 0.999012 0.777137 0.777137 0.777137
3712.623779 0.000000 898.501038 0.000000 0.450482 0.000000 0.892785 0.757023 0.757023 0.757023
3743.071289 0.000000 932.338745 0.000000 0.517622 0.000000 0.855609 0.777443 0.777443 0.777443
3757.323486 0.000000 905.444153 0.000000 0.617275 0.000000 0.786747 0.763829 0.763829 0.763829
3738.137695 0.000000 900.697266 0.000000 0.692484 0.000000 0.721433 0.764591 0.764591 0.764591
3725.280762 0.000000 931.270996 0.000000 0.777164 0.000000 0.629298 0.741545 0.741545 0.741545
3716.848145 0.000000 910.462830 0.000000 0.618711 0.000000 0.785619 0.727804 0.727804 0.727804
3760.503174 0.000000 922.948364 0.000000 0.045297 0.000000 0.998974 0.690317 0.690317 0.690317
3736.781738 0.000000 933.778198 0.000000 0.697837 0.000000 0.716257 0.758539 0.758539 0.758539
3754.789795 0.000000 897.759277 0.000000 0.824469 0.000000 0.565907 0.762756 0.762756 0.762756
3750.727051 0.000000 915.134155 0.000000 0.749354 0.000000 0.662170 0.766755 0.766755 0.766755
3734.754150 0.000000 941.565491 0.000000 0.456584 0.000000 0.889681 0.761670 0.761670 0.761670
3714.048828 0.000000 928.723633 0.000000 0.675687 0.000000 0.737189 0.751990 0.751990 0.751990
3737.404053 0.000000 897.703369 0.000000 0.746574 0.000000 0.665303 0.770924 0.770924 0.770924
3730.657715 0.000000 899.731445 0.000000 0.025449 0.000000 0.999676 0.739815 0.739815 0.739815
3717.760742 0.000000 927.193909 0.000000 0.610136 0.000000 0.792296 0.760728 0.760728 0.760728
3740.553223 0.000000 944.093506 0.000000 0.827608 0.000000 0.561306 0.727393 0.727393 0.727393
3749.003906 0.000000 914.074036 0.000000 0.528408 0.000000 0.848990 0.697720 0.697720 0.697720
3746.980957 0.000000 921.308838 0.000000 0.444998 0.000000 0.895531 0.730190 0.730190 0.730190
3751.857178 0.000000 899.424377 0.000000 0.071903 0.000000 0.997412 0.711691 0.711691 0.711691
3719.261475 0.000000 913.505127 0.000000 0.442906 0.000000 0.896568 0.623443 0.623443 0.623443
3763.804443 0.000000 902.082336 0.000000 0.641538 0.000000 0.767091 0.731899 0.731899 0.731899
3755.267822 0.000000 919.684570 0.000000 0.486007 0.000000 0.873955 0.734168 0.734168 0.734168
3724.659180 0.000000 900.004028 0.000000 0.703347 0.000000 0.710847 0.709195 0.709195 0.709195
3759.979492 0.000000 914.951843 0.000000 0.655077 0.000000 0.755562 0.746114 0.746114 0.746114
3743.250488 0.000000 934.026123 0.000000 0.635923 0.000000 0.771752 0.742776 0.742776 0.742776
3749.071289 0.000000 899.612915 0.000000 0.691356 0.000000 0.722514 0.740333 0.740333 0.740333
3758.313721 0.000000 915.127808 0.000000 0.313133 0.000000 0.949709 0.721214 0.721214 0.721214
3762.578857 0.000000 922.621460 0.000000 0.435870 0.000000 0.900010 0.718368 0.718368 0.718368
3711.587891 0.000000 909.712280 0.000000 0.803542 0.000000 0.595247 0.714046 0.714046 0.714046
3774.914551 0.000000 900.846619 0.000000 0.013895 0.000000 0.999903 0.664737 0.664737 0.664737
3716.410645 0.000000 898.223999 0.000000 0.325653 0.000000 0.945489 0.663888 0.663888 0.663888
3763.606689 0.000000 913.176331 0.000000 0.717693 0.000000 0.696360 0.726921 0.726921 0.726921
3712.848145 0.000000 910.317810 0.000000 0.210802 0.000000 0.977529 0.650782 0.650782 0.650782
3761.114014 0.000000 921.847534 0.000000 0.605171 0.000000 0.796095 0.710804 0.710804 0.710804
3762.803711 0.000000 907.920715 0.000000 0.372028 0.000000 0.928222 0.569536 0.569536 0.569536
3733.677734 0.000000 931.375549 0.000000 0.803824 0.000000 0.594868 0.732561 0.732561 0.732561
3719.560791 0.000000 912.436951 0.000000 0.722601 0.000000 0.691265 0.678813 0.678813 0.678813
3788.770264 0.000000 922.445312 0.000000 0.453788 0.000000 0.891109 0.780231 0.780231 0.780231
3784.494629 0.000000 915.314758 0.000000 0.792713 0.000000 0.609595 0.746974 0.746974 0.746974
3787.580811 0.000000 903.906006 0.000000 0.788142 0.000000 0.615493 0.753653 0.753653 0.753653
3776.710205 0.000000 924.418579 0.000000 0.824324 0.000000 0.566118 0.781971 0.781971 0.781971
3801.312256 0.000000 906.785583 0.000000 0.845705 0.000000 0.533650 0.776390 0.776390 0.776390
3785.102295 0.000000 901.878357 0.000000 0.291723 0.000000 0.956503 0.721073 0.721073 0.721073
3795.832520 0.000000 908.202576 0.000000 0.837497 0.000000 0.546442 0.777485 0.777485 0.777485
3789.159912 0.000000 914.984131 0.000000 0.372141 0.000000 0.928176 0.707349 0.707349 0.707349
3782.043945 0.000000 914.869385 0.000000 0.713436 0.000000 0.700720 0.772088 0.772088 0.772088
3797.301025 0.000000 917.876465 0.000000 0.656881 0.000000 0.753994 0.775265 0.775265 0.775265
3803.516357 0.000000 905.742737 0.000000 0.221226 0.000000 0.975223 0.717902 0.717902 0.717902
3797.721680 0.000000 920.911865 0.000000 0.099469 0.000000 0.995041 0.748580 0.748580 0.748580
3790.196777 0.000000 913.149719 0.000000 0.290227 0.000000 0.956958 0.756665 0.756665 0.756665
3787.385742 0.000000 901.346436 0.000000 0.668206 0.000000 0.743976 0.751405 0.751405 0.751405
3799.990479 0.000000 911.066589 0.000000 0.523124 0.000000 0.852257 0.703207 0.703207 0.703207
3791.817871 0.000000 905.660217 0.000000 0.081301 0.000000 0.996690 0.611107 0.611107 0.611107
3809.168457 0.000000 913.890869 0.000000 0.686999 0.000000 0.726658 0.721205 0.721205 0.721205
3780.859131 0.000000 904.362976 0.000000 0.481921 0.000000 0.876215 0.681621 0.681621 0.681621
3786.284180 0.000000 903.015442 0.000000 0.662371 0.000000 0.749176 0.740805 0.740805 0.740805
3778.620117 0.000000 923.548401 0.000000 0.620870 0.000000 0.783913 0.702832 0.702832 0.702832
3791.327148 0.000000 904.497498 0.000000 0.473994 0.000000 0.880528 0.663413 0.663413 0.663413
3786.009277 0.000000 924.909790 0.000000 0.270998 0.000000 0.962580 0.644651 0.644651 0.644651
3797.895264 0.000000 910.063721 0.000000 0.495327 0.000000 0.868706 0.649688 0.649688 0.649688
3849.324219 0.000000 943.341003 0.000000 0.562137 0.000000 0.827044 0.780550 0.780550 0.780550
3853.265137 0.000000 931.270996 0.000000 0.712423 0.000000 0.701750 0.758831 0.758831 0.758831
3851.812012 0.000000 939.571045 0.000000 0.331362 0.000000 0.943504 0.753209 0.753209 0.753209
3717.997070 0.000000 945.087830 0.000000 0.557373 0.000000 0.830262 0.777501 0.777501 0.777501
3729.431885 0.000000 948.745544 0.000000 0.823268 0.000000 0.567652 0.765037 0.765037 0.765037
3726.099854 0.000000 951.483093 0.000000 0.726727 0.000000 0.686927 0.756140 0.756140 0.756140
3739.316895 0.000000 960.711365 0.000000 0.526519 0.000000 0.850163 0.762449 0.762449 0.762449
3736.695068 0.000000 960.922241 0.000000 0.101589 0.000000 0.994826 0.689975 0.689975 0.689975
3733.193115 0.000000 945.426270 0.000000 0.787362 0.000000 0.616492 0.743614 0.743614 0.743614
3738.578613 0.000000 955.983521 0.000000 0.702557 0.000000 0.711627 0.720928 0.720928 0.720928
3734.584717 0.000000 955.505066 0.000000 0.643115 0.000000 0.765769 0.667603 0.667603 0.667603
3734.994385 0.000000 954.288086 0.000000 0.449016 0.000000 0.893524 0.632252 0.632252 0.632252
3839.311768 0.000000 1004.412476 0.000000 0.169677 0.000000 0.985500 0.766439 0.766439 0.766439
3852.762451 0.000000 969.687500 0.000000 0.787284 0.000000 0.616590 0.797346 0.797346 0.797346
3848.486816 0.000000 962.556946 0.000000 0.338064 0.000000 0.941123 0.743685 0.743685 0.743685
3839.534424 0.000000 987.212769 0.000000 0.530084 0.000000 0.847945 0.790904 0.790904 0.790904
3844.832520 0.000000 957.705017 0.000000 0.390570 0.000000 0.920573 0.768466 0.768466 0.768466
3843.301270 0.000000 994.833435 0.000000 0.092948 0.000000 0.995671 0.699654 0.699654 0.699654
1607.421265 0.000000 2255.452881 0.000000 0.479860 0.000000 0.877345 0.689911 0.689911 0.689911
1628.796265 0.000000 2249.330322 0.000000 0.713331 0.000000 0.700827 0.761226 0.761226 0.761226
1614.410645 0.000000 2262.480469 0.000000 0.734675 0.000000 0.678419 0.754581 0.754581 0.754581
1615.289429 0.000000 2265.200195 0.000000 0.802293 0.000000 0.596930 0.755924 0.755924 0.755924
1604.917603 0.000000 2260.942871 0.000000 0.153502 0.000000 0.988148 0.736337 0.736337 0.736337
1616.800049 0.000000 2264.411621 0.000000 0.836878 0.000000 0.547390 0.761823 0.761823 0.761823
1627.828735 0.000000 2252.455322 0.000000 0.015076 0.000000 0.999886 0.470643 0.470643 0.470643
1622.240723 0.000000 2257.598389 0.000000 0.705250 0.000000 0.708959 0.673304 0.673304 0.673304
1606.324341 0.000000 2254.700684 0.000000 0.495692 0.000000 0.868498 0.691777 0.691777 0.691777
1626.577759 0.000000 2252.796143 0.000000 0.023943 0.000000 0.999713 0.472520 0.472520 0.472520
1605.042725 0.000000 2266.234131 0.000000 0.489646 0.000000 0.871921 0.585297 0.585297 0.585297
482.397339 0.000000 2478.541748 0.000000 0.775295 0.000000 0.631600 0.765866 0.765866 0.765866
488.363281 0.000000 2481.238525 0.000000 0.747448 0.000000 0.664321 0.699870 0.699870 0.699870
489.920715 0.000000 2495.701660 0.000000 0.765683 0.000000 0.643219 0.780464 0.780464 0.780464
487.059387 0.000000 2488.727295 0.000000 0.091340 0.000000 0.995820 0.780795 0.780795 0.780795
490.807770 0.000000 2483.577148 0.000000 0.624772 0.000000 0.780807 0.767790 0.767790 0.767790
491.450195 0.000000 2480.412109 0.000000 0.142515 0.000000 0.989793 0.771484 0.771484 0.771484
487.908112 0.000000 2484.741943 0.000000 0.415080 0.000000 0.909785 0.756635 0.756635 0.756635
489.765869 0.000000 2478.288086 0.000000 0.731016 0.000000 0.682361 0.735504 0.735504 0.735504
487.473236 0.000000 2494.881836 0.000000 0.075804 0.000000 0.997123 0.762679 0.762679 0.762679
487.125183 0.000000 2474.126465 0.000000 0.530225 0.000000 0.847857 0.759579 0.759579 0.759579
489.780518 0.000000 2485.316162 0.000000 0.541229 0.000000 0.840875 0.727181 0.727181 0.727181
488.871979 0.000000 2483.080078 0.000000 0.710167 0.000000 0.704033 0.687683 0.687683 0.687683
484.701843 0.000000 2479.058105 0.000000 0.021837 0.000000 0.999762 0.719565 0.719565 0.719565
483.226349 0.000000 2486.380371 0.000000 0.403262 0.000000 0.915085 0.716903 0.716903 0.716903
483.698456 0.000000 2491.742920 0.000000 0.642068 0.000000 0.766647 0.752891 0.752891 0.752891
489.697845 0.000000 2480.077637 0.000000 0.668770 0.000000 0.743469 0.684482 0.684482 0.684482
489.166840 0.000000 2481.924805 0.000000 0.663672 0.000000 0.748023 0.683540 0.683540 0.683540
4134.772461 0.000000 649.947388 0.000000 0.812505 0.000000 0.582955 0.793163 0.793163 0.793163
4138.020996 0.000000 648.251343 0.000000 0.001825 0.000000 0.999998 0.763964 0.763964 0.763964
4166.806152 0.000000 653.762878 0.000000 0.627193 0.000000 0.778864 0.773251 0.773251 0.773251
4169.599121 0.000000 655.926208 0.000000 0.618162 0.000000 0.786050 0.769293 0.769293 0.769293
4164.871582 0.000000 651.304993 0.000000 0.656331 0.000000 0.754473 0.770975 0.770975 0.770975
4193.279297 0.000000 701.392700 0.000000 0.766229 0.000000 0.642568 0.767944 0.767944 0.767944
4221.976074 0.000000 685.377014 0.000000 0.146675 0.000000 0.989185 0.787205 0.787205 0.787205
4207.152344 0.000000 691.530457 0.000000 0.801239 0.000000 0.598345 0.751318 0.751318 0.751318
4188.483887 0.000000 690.338013 0.000000 0.801356 0.000000 0.598187 0.776307 0.776307 0.776307
4179.202148 0.000000 702.089844 0.000000 0.820783 0.000000 0.571240 0.784821 0.784821 0.784821
4173.434570 0.000000 665.319824 0.000000 0.547828 0.000000 0.836591 0.781196 0.781196 0.781196
4192.360840 0.000000 704.143677 0.000000 0.368564 0.000000 0.929602 0.715390 0.715390 0.715390
4196.565430 0.000000 695.518005 0.000000 0.513584 0.000000 0.858039 0.751589 0.751589 0.751589
4199.020508 0.000000 699.678467 0.000000 0.806880 0.000000 0.590716 0.781699 0.781699 0.781699
4208.448730 0.000000 686.737427 0.000000 0.619659 0.000000 0.784872 0.771160 0.771160 0.771160
4181.254395 0.000000 681.665527 0.000000 0.712036 0.000000 0.702143 0.745587 0.745587 0.745587
4181.536621 0.000000 663.379028 0.000000 0.721444 0.000000 0.692473 0.777084 0.777084 0.777084
4220.514648 0.000000 687.386719 0.000000 0.124212 0.000000 0.992256 0.703234 0.703234 0.703234
4181.362793 0.000000 688.923401 0.000000 0.144322 0.000000 0.989531 0.713136 0.713136 0.713136
4178.328125 0.000000 705.202942 0.000000 0.466951 0.000000 0.884283 0.742577 0.742577 0.742577
4177.808105 0.000000 676.380005 0.000000 0.320320 0.000000 0.947309 0.721690 0.721690 0.721690
4176.852051 0.000000 680.710754 0.000000 0.045567 0.000000 0.998961 0.676628 0.676628 0.676628
4196.911621 0.000000 692.682312 0.000000 0.384595 0.000000 0.923086 0.682560 0.682560 0.682560
4177.875977 0.000000 683.181091 0.000000 0.267633 0.000000 0.963521 0.728606 0.728606 0.728606
4181.752930 0.000000 675.452881 0.000000 0.567495 0.000000 0.823377 0.720788 0.720788 0.720788
4210.106934 0.000000 696.234497 0.000000 0.723958 0.000000 0.689844 0.746784 0.746784 0.746784
4219.031738 0.000000 686.646484 0.000000 0.552493 0.000000 0.833517 0.729146 0.729146 0.729146
4179.086914 0.000000 677.003052 0.000000 0.329514 0.000000 0.944151 0.633504 0.633504 0.633504
4185.416992 0.000000 684.779724 0.000000 0.675810 0.000000 0.737076 0.705655 0.705655 0.705655
4192.238281 0.000000 706.881165 0.000000 0.116071 0.000000 0.993241 0.630063 0.630063 0.630063
4156.284180 0.000000 739.121399 0.000000 0.608418 0.000000 0.793617 0.792676 0.792676 0.792676
4158.702637 0.000000 726.895203 0.000000 0.679400 0.000000 0.733768 0.728424 0.728424 0.728424
4214.614746 0.000000 733.729797 0.000000 0.068747 0.000000 0.997634 0.783501 0.783501 0.783501
4182.768555 0.000000 720.498230 0.000000 0.525557 0.000000 0.850759 0.770535 0.770535 0.770535
4180.687500 0.000000 741.507446 0.000000 0.786083 0.000000 0.618121 0.774714 0.774714 0.774714
4219.974609 0.000000 716.524780 0.000000 0.230322 0.000000 0.973114 0.739856 0.739856 0.739856
4220.424316 0.000000 748.584717 0.000000 0.374295 0.000000 0.927310 0.770362 0.770362 0.770362
4210.409668 0.000000 747.084656 0.000000 0.149694 0.000000 0.988732 0.777303 0.777303 0.777303
4203.654297 0.000000 714.349854 0.000000 0.436725 0.000000 0.899595 0.779889 0.779889 0.779889
4189.790039 0.000000 728.318542 0.000000 0.674207 0.000000 0.738543 0.776767 0.776767 0.776767
4217.839844 0.000000 712.272339 0.000000 0.029981 0.000000 0.999550 0.761533 0.761533 0.761533
4201.468262 0.000000 747.740417 0.000000 0.789335 0.000000 0.613963 0.742566 0.742566 0.742566
4172.821777 0.000000 748.496094 0.000000 0.148154 0.000000 0.988964 0.771597 0.771597 0.771597
4202.013184 0.000000 742.735718 0.000000 0.672432 0.000000 0.740159 0.790014 0.790014 0.790014
4201.138672 0.000000 721.581787 0.000000 0.771659 0.000000 0.636036 0.773152 0.773152 0.773152
4174.288574 0.000000 717.918945 0.000000 0.481403 0.000000 0.876499 0.734909 0.734909 0.734909
4169.599121 0.000000 750.410583 0.000000 0.619168 0.000000 0.785258 0.755809 0.755809 0.755809
4198.606934 0.000000 740.766113 0.000000 0.235519 0.000000 0.971870 0.749414 0.749414 0.749414
4197.938477 0.000000 730.440430 0.000000 0.200005 0.000000 0.979795 0.676921 0.676921 0.676921
4217.406250 0.000000 718.584167 0.000000 0.475692 0.000000 0.879612 0.762425 0.762425 0.762425
4191.854980 0.000000 716.728271 0.000000 0.319652 0.000000 0.947535 0.770151 0.770151 0.770151
4178.714844 0.000000 728.753601 0.000000 0.706272 0.000000 0.707941 0.752871 0.752871 0.752871
4181.750488 0.000000 738.351135 0.000000 0.340350 0.000000 0.940299 0.781673 0.781673 0.781673
4195.455566 0.000000 711.239380 0.000000 0.151107 0.000000 0.988517 0.741897 0.741897 0.741897
4207.435059 0.000000 724.331970 0.000000 0.504114 0.000000 0.863637 0.730253 0.730253 0.730253
4173.687012 0.000000 720.933350 0.000000 0.453500 0.000000 0.891256 0.740676 0.740676 0.740676
4179.202148 0.000000 749.332031 0.000000 0.771642 0.000000 0.636057 0.770398 0.770398 0.770398
4204.627441 0.000000 740.815247 0.000000 0.754790 0.000000 0.655966 0.745700 0.745700 0.745700
4186.482422 0.000000 735.165222 0.000000 0.648147 0.000000 0.761515 0.781847 0.781847 0.781847
4194.909668 0.000000 724.687622 0.000000 0.494877 0.000000 0.868963 0.735849 0.735849 0.735849
4182.440430 0.000000 713.895630 0.000000 0.805382 0.000000 0.592756 0.775290 0.775290 0.775290
4208.215820 0.000000 729.963135 0.000000 0.662736 0.000000 0.748853 0.748445 0.748445 0.748445
4217.728027 0.000000 738.050293 0.000000 0.686247 0.000000 0.727368 0.734118 0.734118 0.734118
4193.723145 0.000000 737.019958 0.000000 0.602639 0.000000 0.798014 0.779700 0.779700 0.779700
4160.495605 0.000000 719.566162 0.000000 0.394925 0.000000 0.918714 0.773246 0.773246 0.773246
4173.113281 0.000000 726.015381 0.000000 0.136894 0.000000 0.990586 0.732720 0.732720 0.732720
4197.411133 0.000000 735.193787 0.000000 0.762648 0.000000 0.646814 0.759962 0.759962 0.759962
4162.573730 0.000000 733.293823 0.000000 0.647479 0.000000 0.762084 0.756734 0.756734 0.756734
4192.704102 0.000000 733.201538 0.000000 0.437666 0.000000 0.899138 0.735257 0.735257 0.735257
4198.467285 0.000000 751.474670 0.000000 0.703663 0.000000 0.710534 0.765277 0.765277 0.765277
4178.608887 0.000000 725.537842 0.000000 0.496365 0.000000 0.868114 0.770602 0.770602 0.770602
4222.710938 0.000000 710.490906 0.000000 0.418909 0.000000 0.908028 0.753384 0.753384 0.753384
4170.365234 0.000000 721.652649 0.000000 0.818572 0.000000 0.574404 0.770060 0.770060 0.770060
4192.029297 0.000000 729.239990 0.000000 0.489528 0.000000 0.871988 0.751342 0.751342 0.751342
4185.203125 0.000000 753.077515 0.000000 0.839326 0.000000 0.543628 0.773024 0.773024 0.773024
4198.883301 0.000000 728.372375 0.000000 0.616199 0.000000 0.787590 0.748379 0.748379 0.748379
4186.813477 0.000000 742.055664 0.000000 0.690478 0.000000 0.723353 0.741858 0.741858 0.741858
4205.466797 0.000000 724.721924 0.000000 0.106748 0.000000 0.994286 0.740065 0.740065 0.740065
4166.611328 0.000000 718.699585 0.000000 0.691217 0.000000 0.722648 0.763707 0.763707 0.763707
4213.844727 0.000000 744.175598 0.000000 0.601336 0.000000 0.798996 0.725128 0.725128 0.725128
4191.642578 0.000000 753.123596 0.000000 0.530924 0.000000 0.847420 0.690951 0.690951 0.690951
4175.770996 0.000000 716.691467 0.000000 0.702844 0.000000 0.711344 0.751791 0.751791 0.751791
4216.844727 0.000000 716.820801 0.000000 0.729056 0.000000 0.684454 0.754078 0.754078 0.754078
4218.620117 0.000000 719.987122 0.000000 0.827981 0.000000 0.560757 0.753631 0.753631 0.753631
4188.377930 0.000000 751.275330 0.000000 0.719171 0.000000 0.694833 0.750904 0.750904 0.750904
4171.928223 0.000000 720.830444 0.000000 0.429375 0.000000 0.903126 0.744853 0.744853 0.744853
4207.925293 0.000000 725.983093 0.000000 0.539084 0.000000 0.842252 0.732996 0.732996 0.732996
4186.925781 0.000000 718.585144 0.000000 0.183751 0.000000 0.982973 0.726644 0.726644 0.726644
4173.335938 0.000000 722.617432 0.000000 0.032116 0.000000 0.999484 0.681686 0.681686 0.681686
4181.682129 0.000000 751.043518 0.000000 0.007207 0.000000 0.999974 0.703191 0.703191 0.703191
4208.387695 0.000000 728.331116 0.000000 0.341649 0.000000 0.939828 0.725553 0.725553 0.725553
4164.812500 0.000000 715.394226 0.000000 0.720664 0.000000 0.693284 0.747216 0.747216 0.747216
4201.183105 0.000000 725.937012 0.000000 0.101149 0.000000 0.994871 0.666463 0.666463 0.666463
4217.180664 0.000000 710.670166 0.000000 0.191457 0.000000 0.981501 0.699534 0.699534 0.699534
4183.752441 0.000000 714.832581 0.000000 0.689322 0.000000 0.724455 0.750643 0.750643 0.750643
4162.573242 0.000000 734.579651 0.000000 0.665729 0.000000 0.746194 0.704107 0.704107 0.704107
4167.351562 0.000000 751.832336 0.000000 0.042555 0.000000 0.999094 0.635179 0.635179 0.635179
4244.450684 0.000000 704.986877 0.000000 0.204585 0.000000 0.978849 0.761840 0.761840 0.761840
4224.682617 0.000000 708.341064 0.000000 0.807579 0.000000 0.589760 0.784883 0.784883 0.784883
4251.655273 0.000000 706.099304 0.000000 0.654623 0.000000 0.755956 0.746932 0.746932 0.746932
4228.289062 0.000000 692.882874 0.000000 0.457691 0.000000 0.889111 0.759526 0.759526 0.759526
4246.691895 0.000000 705.354553 0.000000 0.502494 0.000000 0.864581 0.721785 0.721785 0.721785
4234.926758 0.000000 710.328430 0.000000 0.812139 0.000000 0.583464 0.755829 0.755829 0.755829
4249.252441 0.000000 714.195068 0.000000 0.464010 0.000000 0.885830 0.761963 0.761963 0.761963
4229.934570 0.000000 708.876892 0.000000 0.523005 0.000000 0.852329 0.770449 0.770449 0.770449
4232.684570 0.000000 731.108948 0.000000 0.401219 0.000000 0.915982 0.705179 0.705179 0.705179
4224.655762 0.000000 735.449829 0.000000 0.812019 0.000000 0.583631 0.763282 0.763282 0.763282
4238.280762 0.000000 717.918945 0.000000 0.810068 0.000000 0.586336 0.769342 0.769342 0.769342
4224.543945 0.000000 744.941223 0.000000 0.320142 0.000000 0.947370 0.775136 0.775136 0.775136
4224.759277 0.000000 741.798157 0.000000 0.811816 0.000000 0.583914 0.788792 0.788792 0.788792
4226.565918 0.000000 733.293823 0.000000 0.040590 0.000000 0.999176 0.760270 0.760270 0.760270
4238.758789 0.000000 728.022949 0.000000 0.539018 0.000000 0.842294 0.756994 0.756994 0.756994
4256.231934 0.000000 710.943237 0.000000 0.259479 0.000000 0.965749 0.755579 0.755579 0.755579
4225.438965 0.000000 737.463806 0.000000 0.302921 0.000000 0.953016 0.731890 0.731890 0.731890
4232.934082 0.000000 710.799866 0.000000 0.458106 0.000000 0.888897 0.735488 0.735488 0.735488
4251.118652 0.000000 713.474792 0.000000 0.683928 0.000000 0.729549 0.768972 0.768972 0.768972
4241.800293 0.000000 723.622192 0.000000 0.247443 0.000000 0.968902 0.743286 0.743286 0.743286
4228.461914 0.000000 752.349609 0.000000 0.543405 0.000000 0.839471 0.737319 0.737319 0.737319
4235.063965 0.000000 748.882812 0.000000 0.411524 0.000000 0.911399 0.730150 0.730150 0.730150
4226.279785 0.000000 735.987732 0.000000 0.275588 0.000000 0.961276 0.714872 0.714872 0.714872
4225.907715 0.000000 716.093079 0.000000 0.549064 0.000000 0.835780 0.723910 0.723910 0.723910
4238.096191 0.000000 711.198181 0.000000 0.330803 0.000000 0.943700 0.702677 0.702677 0.702677
4232.642090 0.000000 729.605652 0.000000 0.789085 0.000000 0.614284 0.747155 0.747155 0.747155
4158.718750 0.000000 757.733093 0.000000 0.139549 0.000000 0.990215 0.728559 0.728559 0.728559
4153.187988 0.000000 757.912354 0.000000 0.265879 0.000000 0.964006 0.684310 0.684310 0.684310
4170.933105 0.000000 766.576294 0.000000 0.511159 0.000000 0.859486 0.784507 0.784507 0.784507
4200.316406 0.000000 765.277161 0.000000 0.057225 0.000000 0.998361 0.774305 0.774305 0.774305
4166.038086 0.000000 761.406189 0.000000 0.838906 0.000000 0.544276 0.788505 0.788505 0.788505
4212.939941 0.000000 771.572083 0.000000 0.091062 0.000000 0.995845 0.684750 0.684750 0.684750
4167.951172 0.000000 764.412842 0.000000 0.492660 0.000000 0.870222 0.754670 0.754670 0.754670
4217.406250 0.000000 765.826355 0.000000 0.643964 0.000000 0.765056 0.786951 0.786951 0.786951
4169.055664 0.000000 760.151794 0.000000 0.032774 0.000000 0.999463 0.715526 0.715526 0.715526
4182.440430 0.000000 761.137817 0.000000 0.299377 0.000000 0.954135 0.768375 0.768375 0.768375
4175.834961 0.000000 770.117554 0.000000 0.838567 0.000000 0.544798 0.786192 0.786192 0.786192
4210.276367 0.000000 771.764893 0.000000 0.278468 0.000000 0.960445 0.762682 0.762682 0.762682
4183.256836 0.000000 763.662048 0.000000 0.268663 0.000000 0.963234 0.761090 0.761090 0.761090
4163.590332 0.000000 778.261169 0.000000 0.564336 0.000000 0.825545 0.739871 0.739871 0.739871
4162.704590 0.000000 764.696228 0.000000 0.720083 0.000000 0.693888 0.773962 0.773962 0.773962
4220.166016 0.000000 758.226685 0.000000 0.753570 0.000000 0.657367 0.747708 0.747708 0.747708
4163.710449 0.000000 782.437988 0.000000 0.134781 0.000000 0.990875 0.658071 0.658071 0.658071
4171.928223 0.000000 768.072632 0.000000 0.840185 0.000000 0.542299 0.758216 0.758216 0.758216
4162.287598 0.000000 783.229919 0.000000 0.308689 0.000000 0.951163 0.675731 0.675731 0.675731
4202.903809 0.000000 765.460388 0.000000 0.625792 0.000000 0.779990 0.715126 0.715126 0.715126
4211.088867 0.000000 764.202637 0.000000 0.360310 0.000000 0.932832 0.628323 0.628323 0.628323
4268.666016 0.000000 770.092834 0.000000 0.781606 0.000000 0.623773 0.784530 0.784530 0.784530
4224.472168 0.000000 763.959290 0.000000 0.495550 0.000000 0.868579 0.742202 0.742202 0.742202
4265.130859 0.000000 768.823975 0.000000 0.679441 0.000000 0.733730 0.725138 0.725138 0.725138
4264.365234 0.000000 771.818054 0.000000 0.218881 0.000000 0.975751 0.762249 0.762249 0.762249
4243.777832 0.000000 766.476013 0.000000 0.231420 0.000000 0.972854 0.757267 0.757267 0.757267
4273.400879 0.000000 766.207458 0.000000 0.354294 0.000000 0.935134 0.726375 0.726375 0.726375
4249.468750 0.000000 770.506653 0.000000 0.772720 0.000000 0.634747 0.780771 0.780771 0.780771
4251.461914 0.000000 764.016174 0.000000 0.176903 0.000000 0.984228 0.634467 0.634467 0.634467
4263.019531 0.000000 768.466919 0.000000 0.784001 0.000000 0.620759 0.775924 0.775924 0.775924
4244.767090 0.000000 768.409302 0.000000 0.623981 0.000000 0.781440 0.746256 0.746256 0.746256
4275.323242 0.000000 767.355286 0.000000 0.219439 0.000000 0.975626 0.723181 0.723181 0.723181
4250.917969 0.000000 765.827332 0.000000 0.303307 0.000000 0.952893 0.649954 0.649954 0.649954
4238.608398 0.000000 766.847290 0.000000 0.611325 0.000000 0.791380 0.720673 0.720673 0.720673
4245.441895 0.000000 766.897583 0.000000 0.215026 0.000000 0.976608 0.687767 0.687767 0.687767
4247.812012 0.000000 764.826416 0.000000 0.183251 0.000000 0.983066 0.668464 0.668464 0.668464
4250.433105 0.000000 764.721008 0.000000 0.040348 0.000000 0.999186 0.618129 0.618129 0.618129
4264.940918 0.000000 766.242493 0.000000 0.126779 0.000000 0.991931 0.611140 0.611140 0.611140
5114.000488 0.000000 1264.887329 0.000000 0.422736 0.000000 0.906253 0.769415 0.769415 0.769415
5114.110352 0.000000 1260.226807 0.000000 0.693861 0.000000 0.720109 0.733364 0.733364 0.733364
5134.271973 0.000000 1030.238037 0.000000 0.574908 0.000000 0.818218 0.625829 0.625829 0.625829
5139.013672 0.000000 1026.610107 0.000000 0.796747 0.000000 0.604313 0.692431 0.692431 0.692431
5140.594238 0.000000 1037.927246 0.000000 0.495035 0.000000 0.868873 0.634920 0.634920 0.634920
5169.547363 0.000000 1052.307861 0.000000 0.601412 0.000000 0.798939 0.615150 0.615150 0.615150
5140.706055 0.000000 1046.986084 0.000000 0.581304 0.000000 0.813686 0.783864 0.783864 0.783864
5137.179688 0.000000 1084.992554 0.000000 0.314504 0.000000 0.949256 0.683830 0.683830 0.683830
5139.668457 0.000000 1049.929199 0.000000 0.334810 0.000000 0.942286 0.617073 0.617073 0.617073
5138.929688 0.000000 1047.476440 0.000000 0.715674 0.000000 0.698434 0.691900 0.691900 0.691900
5138.902344 0.000000 1048.832397 0.000000 0.340790 0.000000 0.940140 0.618019 0.618019 0.618019
5168.567383 0.000000 1052.915771 0.000000 0.663484 0.000000 0.748190 0.631167 0.631167 0.631167
5138.585938 0.000000 1114.773071 0.000000 0.208718 0.000000 0.977976 0.785055 0.785055 0.785055
5149.672852 0.000000 1106.256104 0.000000 0.367276 0.000000 0.930112 0.782104 0.782104 0.782104
5147.352539 0.000000 1094.711548 0.000000 0.221795 0.000000 0.975093 0.700449 0.700449 0.700449
5141.558105 0.000000 1109.880737 0.000000 0.828676 0.000000 0.559729 0.769745 0.769745 0.769745
5140.676270 0.000000 1121.221558 0.000000 0.201891 0.000000 0.979408 0.677094 0.677094 0.677094
5140.840820 0.000000 1122.918823 0.000000 0.751398 0.000000 0.659849 0.734514 0.734514 0.734514
5356.250977 0.000000 1104.397461 0.000000 0.730819 0.000000 0.682571 0.699468 0.699468 0.699468
5357.078125 0.000000 1103.709595 0.000000 0.410597 0.000000 0.911817 0.640692 0.640692 0.640692
5178.826172 0.000000 1151.335938 0.000000 0.527016 0.000000 0.849855 0.689440 0.689440 0.689440
5171.386719 0.000000 1141.087646 0.000000 0.289032 0.000000 0.957319 0.694107 0.694107 0.694107
5224.765625 0.000000 1152.821899 0.000000 0.386617 0.000000 0.922240 0.767178 0.767178 0.767178
5196.598633 0.000000 1158.656250 0.000000 0.816425 0.000000 0.577451 0.784631 0.784631 0.784631
5199.967285 0.000000 1150.937866 0.000000 0.657109 0.000000 0.753796 0.776979 0.776979 0.776979
5209.044922 0.000000 1172.333374 0.000000 0.302572 0.000000 0.953126 0.788645 0.788645 0.788645
5247.140137 0.000000 1146.139038 0.000000 0.354622 0.000000 0.935010 0.790347 0.790347 0.790347
5204.698242 0.000000 1141.470459 0.000000 0.659622 0.000000 0.751598 0.789808 0.789808 0.789808
5199.341309 0.000000 1135.539795 0.000000 0.766023 0.000000 0.642813 0.780478 0.780478 0.780478
5195.787109 0.000000 1148.742920 0.000000 0.171516 0.000000 0.985181 0.751123 0.751123 0.751123
5236.814941 0.000000 1149.509644 0.000000 0.641345 0.000000 0.767253 0.765066 0.765066 0.765066
5221.202637 0.000000 1178.996094 0.000000 0.648951 0.000000 0.760830 0.783595 0.783595 0.783595
5225.013672 0.000000 1146.761475 0.000000 0.587540 0.000000 0.809195 0.751043 0.751043 0.751043
5231.066406 0.000000 1171.645386 0.000000 0.386016 0.000000 0.922492 0.753085 0.753085 0.753085
5219.256836 0.000000 1176.342407 0.000000 0.071060 0.000000 0.997472 0.701158 0.701158 0.701158
5187.026367 0.000000 1140.355957 0.000000 0.231545 0.000000 0.972824 0.726559 0.726559 0.726559
5217.598145 0.000000 1162.199707 0.000000 0.820381 0.000000 0.571818 0.784195 0.784195 0.784195
5216.458496 0.000000 1171.105469 0.000000 0.318778 0.000000 0.947830 0.766395 0.766395 0.766395
5187.478027 0.000000 1151.616455 0.000000 0.025037 0.000000 0.999687 0.750604 0.750604 0.750604
5185.728027 0.000000 1149.218750 0.000000 0.743669 0.000000 0.668548 0.756125 0.756125 0.756125
5212.819824 0.000000 1159.234131 0.000000 0.298147 0.000000 0.954520 0.758212 0.758212 0.758212
5193.879883 0.000000 1158.392456 0.000000 0.455487 0.000000 0.890242 0.747375 0.747375 0.747375
5205.129395 0.000000 1154.087524 0.000000 0.690960 0.000000 0.722893 0.772567 0.772567 0.772567
5194.711914 0.000000 1151.865234 0.000000 0.390382 0.000000 0.920653 0.757947 0.757947 0.757947
5206.574707 0.000000 1177.776489 0.000000 0.189960 0.000000 0.981792 0.758667 0.758667 0.758667
5197.919922 0.000000 1160.603149 0.000000 0.532436 0.000000 0.846470 0.749604 0.749604 0.749604
5211.416992 0.000000 1172.270264 0.000000 0.590366 0.000000 0.807136 0.746535 0.746535 0.746535
5202.544434 0.000000 1171.492920 0.000000 0.090574 0.000000 0.995890 0.733488 0.733488 0.733488
5202.486816 0.000000 1167.166016 0.000000 0.436501 0.000000 0.899704 0.753063 0.753063 0.753063
5222.902344 0.000000 1146.404419 0.000000 0.174837 0.000000 0.984597 0.638397 0.638397 0.638397
5195.214355 0.000000 1137.557373 0.000000 0.015219 0.000000 0.999884 0.731649 0.731649 0.731649
5210.506836 0.000000 1163.248901 0.000000 0.185200 0.000000 0.982701 0.717043 0.717043 0.717043
5217.602539 0.000000 1169.699829 0.000000 0.086821 0.000000 0.996224 0.730355 0.730355 0.730355
5185.913086 0.000000 1150.882568 0.000000 0.156832 0.000000 0.987625 0.695559 0.695559 0.695559
5239.529297 0.000000 1168.546387 0.000000 0.105026 0.000000 0.994469 0.679989 0.679989 0.679989
5223.933105 0.000000 1147.154907 0.000000 0.038443 0.000000 0.999261 0.622494 0.622494 0.622494
5180.608887 0.000000 1198.652344 0.000000 0.443165 0.000000 0.896440 0.786678 0.786678 0.786678
5158.647461 0.000000 1216.853638 0.000000 0.403993 0.000000 0.914762 0.720421 0.720421 0.720421
5175.670410 0.000000 1212.520142 0.000000 0.678706 0.000000 0.734410 0.788469 0.788469 0.788469
5157.603027 0.000000 1221.506714 0.000000 0.573384 0.000000 0.819286 0.687816 0.687816 0.687816
5161.351074 0.000000 1220.162354 0.000000 0.003069 0.000000 0.999995 0.748336 0.748336 0.748336
5144.304688 0.000000 1223.358765 0.000000 0.190092 0.000000 0.981766 0.706321 0.706321 0.706321
5155.264648 0.000000 1223.584595 0.000000 0.472153 0.000000 0.881516 0.740733 0.740733 0.740733
5171.440430 0.000000 1222.537964 0.000000 0.819994 0.000000 0.572372 0.765312 0.765312 0.765312
5168.336426 0.000000 1222.346069 0.000000 0.136025 0.000000 0.990705 0.769920 0.769920 0.769920
5158.903320 0.000000 1219.342651 0.000000 0.035155 0.000000 0.999382 0.755528 0.755528 0.755528
5145.085938 0.000000 1225.499512 0.000000 0.019517 0.000000 0.999810 0.646636 0.646636 0.646636
5178.404785 0.000000 1221.646973 0.000000 0.659274 0.000000 0.751902 0.756662 0.756662 0.756662
5182.577637 0.000000 1199.317139 0.000000 0.518988 0.000000 0.854781 0.737553 0.737553 0.737553
5171.668457 0.000000 1198.218262 0.000000 0.305903 0.000000 0.952063 0.701863 0.701863 0.701863
5176.811035 0.000000 1222.606079 0.000000 0.729706 0.000000 0.683761 0.758647 0.758647 0.758647
5170.296387 0.000000 1226.491333 0.000000 0.237863 0.000000 0.971299 0.701669 0.701669 0.701669
5160.352051 0.000000 1218.987183 0.000000 0.131534 0.000000 0.991312 0.676427 0.676427 0.676427
5144.201660 0.000000 1218.509155 0.000000 0.542264 0.000000 0.840208 0.718304 0.718304 0.718304
5196.598633 0.000000 1205.898438 0.000000 0.043484 0.000000 0.999054 0.679510 0.679510 0.679510
5217.819824 0.000000 1203.002441 0.000000 0.019837 0.000000 0.999803 0.741145 0.741145 0.741145
5222.080078 0.000000 1181.942139 0.000000 0.592109 0.000000 0.805858 0.779412 0.779412 0.779412
5217.303711 0.000000 1226.543091 0.000000 0.302372 0.000000 0.953190 0.777286 0.777286 0.777286
5221.603516 0.000000 1195.363647 0.000000 0.278188 0.000000 0.960527 0.785842 0.785842 0.785842
5187.405762 0.000000 1215.301270 0.000000 0.374886 0.000000 0.927071 0.758529 0.758529 0.758529
5233.493652 0.000000 1181.210693 0.000000 0.560920 0.000000 0.827870 0.773703 0.773703 0.773703
5190.681152 0.000000 1220.669189 0.000000 0.032041 0.000000 0.999487 0.773877 0.773877 0.773877
5207.767090 0.000000 1182.831299 0.000000 0.159691 0.000000 0.987167 0.721126 0.721126 0.721126
5235.869629 0.000000 1215.853027 0.000000 0.140200 0.000000 0.990123 0.781434 0.781434 0.781434
5227.993164 0.000000 1191.447510 0.000000 0.551924 0.000000 0.833894 0.756670 0.756670 0.756670
5245.441895 0.000000 1185.213013 0.000000 0.230185 0.000000 0.973147 0.753216 0.753216 0.753216
5225.503418 0.000000 1183.341919 0.000000 0.378110 0.000000 0.925761 0.777553 0.777553 0.777553
5226.229980 0.000000 1208.037964 0.000000 0.503554 0.000000 0.863964 0.727085 0.727085 0.727085
5207.030762 0.000000 1196.294189 0.000000 0.502180 0.000000 0.864763 0.740536 0.740536 0.740536
5197.562012 0.000000 1193.355225 0.000000 0.369471 0.000000 0.929242 0.704743 0.704743 0.704743
5210.939453 0.000000 1216.775024 0.000000 0.553305 0.000000 0.832979 0.757726 0.757726 0.757726
5201.334961 0.000000 1189.997314 0.000000 0.326862 0.000000 0.945072 0.715945 0.715945 0.715945
5218.784668 0.000000 1197.109497 0.000000 0.217700 0.000000 0.976016 0.767613 0.767613 0.767613
5205.920410 0.000000 1221.795166 0.000000 0.787917 0.000000 0.615781 0.778139 0.778139 0.778139
5241.936035 0.000000 1200.180298 0.000000 0.155593 0.000000 0.987821 0.747733 0.747733 0.747733
5209.958008 0.000000 1184.150391 0.000000 0.825573 0.000000 0.564295 0.756890 0.756890 0.756890
5207.374512 0.000000 1199.661743 0.000000 0.095058 0.000000 0.995472 0.735163 0.735163 0.735163
5197.973633 0.000000 1223.152222 0.000000 0.776039 0.000000 0.630685 0.746844 0.746844 0.746844
5246.585938 0.000000 1182.912842 0.000000 0.126504 0.000000 0.991966 0.710599 0.710599 0.710599
5193.482910 0.000000 1220.303345 0.000000 0.186511 0.000000 0.982453 0.685354 0.685354 0.685354
5183.450684 0.000000 1201.163330 0.000000 0.798749 0.000000 0.601665 0.777436 0.777436 0.777436
5189.674316 0.000000 1227.054199 0.000000 0.174345 0.000000 0.984685 0.689903 0.689903 0.689903
5198.985840 0.000000 1221.126465 0.000000 0.146578 0.000000 0.989199 0.711853 0.711853 0.711853
5214.606445 0.000000 1209.909424 0.000000 0.083547 0.000000 0.996504 0.748022 0.748022 0.748022
5198.264160 0.000000 1219.206909 0.000000 0.082887 0.000000 0.996559 0.739084 0.739084 0.739084
5199.882324 0.000000 1191.256958 0.000000 0.759506 0.000000 0.650500 0.754028 0.754028 0.754028
5201.750977 0.000000 1202.845215 0.000000 0.457080 0.000000 0.889426 0.728853 0.728853 0.728853
5185.636230 0.000000 1215.926147 0.000000 0.677891 0.000000 0.735162 0.762886 0.762886 0.762886
5238.634766 0.000000 1201.878174 0.000000 0.834425 0.000000 0.551122 0.768523 0.768523 0.768523
5240.479492 0.000000 1199.157837 0.000000 0.256675 0.000000 0.966498 0.727983 0.727983 0.727983
5226.967285 0.000000 1209.468262 0.000000 0.360655 0.000000 0.932699 0.715988 0.715988 0.715988
5234.604492 0.000000 1217.950195 0.000000 0.822097 0.000000 0.569347 0.756449 0.756449 0.756449
5216.307129 0.000000 1186.990234 0.000000 0.803282 0.000000 0.595599 0.757312 0.757312 0.757312
5187.224609 0.000000 1211.330688 0.000000 0.703603 0.000000 0.710594 0.726600 0.726600 0.726600
5231.446289 0.000000 1223.220825 0.000000 0.138239 0.000000 0.990399 0.652696 0.652696 0.652696
5258.800293 0.000000 1144.513794 0.000000 0.748506 0.000000 0.663128 0.794208 0.794208 0.794208
5247.728516 0.000000 1164.169922 0.000000 0.330721 0.000000 0.943728 0.783984 0.783984 0.783984
5260.688965 0.000000 1173.675903 0.000000 0.399010 0.000000 0.916947 0.769872 0.769872 0.769872
5261.524414 0.000000 1170.046387 0.000000 0.018437 0.000000 0.999830 0.719389 0.719389 0.719389
5247.764160 0.000000 1149.801147 0.000000 0.060796 0.000000 0.998150 0.730638 0.730638 0.730638
5251.129883 0.000000 1183.802246 0.000000 0.736658 0.000000 0.676266 0.777750 0.777750 0.777750
5254.471680 0.000000 1183.956055 0.000000 0.381645 0.000000 0.924309 0.719924 0.719924 0.719924
5255.161621 0.000000 1182.370972 0.000000 0.057679 0.000000 0.998335 0.697252 0.697252 0.697252
5252.679688 0.000000 1187.816162 0.000000 0.633480 0.000000 0.773759 0.702811 0.702811 0.702811
5249.857910 0.000000 1182.383179 0.000000 0.082187 0.000000 0.996617 0.606760 0.606760 0.606760
5372.136230 0.000000 1211.543335 0.000000 0.624644 0.000000 0.780910 0.793736 0.793736 0.793736
5130.815918 0.000000 1238.998169 0.000000 0.176812 0.000000 0.984245 0.697057 0.697057 0.697057
5132.606445 0.000000 1253.140625 0.000000 0.544599 0.000000 0.838697 0.797019 0.797019 0.797019
5153.162109 0.000000 1268.299072 0.000000 0.635293 0.000000 0.772271 0.761228 0.761228 0.761228
5123.150879 0.000000 1239.275879 0.000000 0.516080 0.000000 0.856540 0.783566 0.783566 0.783566
5147.545898 0.000000 1273.005615 0.000000 0.193068 0.000000 0.981185 0.784879 0.784879 0.784879
5136.441406 0.000000 1266.658447 0.000000 0.649404 0.000000 0.760444 0.748232 0.748232 0.748232
5174.916504 0.000000 1247.299805 0.000000 0.277703 0.000000 0.960667 0.790987 0.790987 0.790987
5140.935547 0.000000 1246.194702 0.000000 0.728953 0.000000 0.684564 0.787953 0.787953 0.787953
5169.984863 0.000000 1251.791748 0.000000 0.529355 0.000000 0.848400 0.789884 0.789884 0.789884
5175.670410 0.000000 1259.762329 0.000000 0.474309 0.000000 0.880359 0.774197 0.774197 0.774197
5131.794922 0.000000 1243.227295 0.000000 0.446250 0.000000 0.894908 0.742452 0.742452 0.742452
5170.638184 0.000000 1234.220703 0.000000 0.844952 0.000000 0.534842 0.784221 0.784221 0.784221
5168.336426 0.000000 1269.588257 0.000000 0.413562 0.000000 0.910476 0.736000 0.736000 0.736000
5135.556152 0.000000 1256.669678 0.000000 0.086583 0.000000 0.996245 0.739236 0.739236 0.739236
5176.015137 0.000000 1272.574219 0.000000 0.351286 0.000000 0.936268 0.743122 0.743122 0.743122
5165.151855 0.000000 1236.139526 0.000000 0.711125 0.000000 0.703065 0.764962 0.764962 0.764962
5160.991699 0.000000 1264.808472 0.000000 0.206303 0.000000 0.978488 0.757805 0.757805 0.757805
5175.850098 0.000000 1255.694580 0.000000 0.644886 0.000000 0.764279 0.760039 0.760039 0.760039
5169.102539 0.000000 1264.651367 0.000000 0.387320 0.000000 0.921945 0.721513 0.721513 0.721513
5168.331543 0.000000 1253.643799 0.000000 0.357189 0.000000 0.934032 0.766292 0.766292 0.766292
5138.824707 0.000000 1234.470215 0.000000 0.636373 0.000000 0.771381 0.713780 0.713780 0.713780
5124.488281 0.000000 1268.856689 0.000000 0.778639 0.000000 0.627472 0.775615 0.775615 0.775615
5149.666992 0.000000 1272.082886 0.000000 0.326668 0.000000 0.945139 0.738184 0.738184 0.738184
5133.927734 0.000000 1255.087524 0.000000 0.527536 0.000000 0.849533 0.705726 0.705726 0.705726
5147.705566 0.000000 1246.856567 0.000000 0.500959 0.000000 0.865471 0.766571 0.766571 0.766571
5149.754883 0.000000 1259.145630 0.000000 0.307583 0.000000 0.951521 0.699487 0.699487 0.699487
5138.552246 0.000000 1265.977295 0.000000 0.489046 0.000000 0.872258 0.734383 0.734383 0.734383
5179.719727 0.000000 1256.574463 0.000000 0.763047 0.000000 0.646344 0.775437 0.775437 0.775437
5163.251465 0.000000 1264.103149 0.000000 0.147054 0.000000 0.989129 0.686301 0.686301 0.686301
5128.708008 0.000000 1239.066528 0.000000 0.182247 0.000000 0.983253 0.732105 0.732105 0.732105
5174.567383 0.000000 1245.211792 0.000000 0.361819 0.000000 0.932248 0.695694 0.695694 0.695694
5148.876953 0.000000 1263.314575 0.000000 0.320779 0.000000 0.947154 0.752784 0.752784 0.752784
5165.941895 0.000000 1238.003418 0.000000 0.477031 0.000000 0.878886 0.681004 0.681004 0.681004
5159.126953 0.000000 1235.965942 0.000000 0.358235 0.000000 0.933631 0.748281 0.748281 0.748281
5168.790039 0.000000 1234.377808 0.000000 0.706737 0.000000 0.707476 0.748986 0.748986 0.748986
5173.288086 0.000000 1269.001831 0.000000 0.178329 0.000000 0.983971 0.727741 0.727741 0.727741
5169.989746 0.000000 1263.140869 0.000000 0.108511 0.000000 0.994095 0.718237 0.718237 0.718237
5153.928711 0.000000 1266.680054 0.000000 0.285211 0.000000 0.958465 0.733450 0.733450 0.733450
5168.670410 0.000000 1267.350220 0.000000 0.314168 0.000000 0.949367 0.697542 0.697542 0.697542
5135.260254 0.000000 1240.880249 0.000000 0.535313 0.000000 0.844654 0.747765 0.747765 0.747765
5173.004883 0.000000 1270.655396 0.000000 0.845412 0.000000 0.534115 0.762863 0.762863 0.762863
5161.127930 0.000000 1251.780640 0.000000 0.593663 0.000000 0.804714 0.731825 0.731825 0.731825
5181.161133 0.000000 1266.800903 0.000000 0.706817 0.000000 0.707396 0.723097 0.723097 0.723097
5176.705566 0.000000 1271.292847 0.000000 0.497447 0.000000 0.867495 0.703520 0.703520 0.703520
5137.467285 0.000000 1233.704590 0.000000 0.608719 0.000000 0.793386 0.723133 0.723133 0.723133
5167.715332 0.000000 1260.817383 0.000000 0.172604 0.000000 0.984991 0.695345 0.695345 0.695345
5187.405762 0.000000 1262.543457 0.000000 0.806533 0.000000 0.591190 0.767785 0.767785 0.767785
5195.409180 0.000000 1234.601440 0.000000 0.291049 0.000000 0.956708 0.737588 0.737588 0.737588
5183.666992 0.000000 1241.910034 0.000000 0.522090 0.000000 0.852891 0.713293 0.713293 0.713293
5191.019043 0.000000 1240.312378 0.000000 0.176087 0.000000 0.984375 0.713705 0.713705 0.713705
5190.984375 0.000000 1263.366821 0.000000 0.454977 0.000000 0.890503 0.723215 0.723215 0.723215
5195.905273 0.000000 1256.470215 0.000000 0.537683 0.000000 0.843147 0.774957 0.774957 0.774957
5192.502441 0.000000 1243.018799 0.000000 0.217917 0.000000 0.975967 0.743331 0.743331 0.743331
5217.985352 0.000000 1234.520508 0.000000 0.746367 0.000000 0.665534 0.773821 0.773821 0.773821
5191.326660 0.000000 1248.479004 0.000000 0.229447 0.000000 0.973321 0.731791 0.731791 0.731791
5202.816895 0.000000 1234.470215 0.000000 0.249261 0.000000 0.968436 0.694635 0.694635 0.694635
5197.920410 0.000000 1234.936279 0.000000 0.746581 0.000000 0.665294 0.772378 0.772378 0.772378
5202.478027 0.000000 1230.426758 0.000000 0.738286 0.000000 0.674488 0.740121 0.740121 0.740121
5196.306152 0.000000 1236.537476 0.000000 0.654031 0.000000 0.756468 0.770872 0.770872 0.770872
5192.700195 0.000000 1239.066528 0.000000 0.354652 0.000000 0.934999 0.690201 0.690201 0.690201
5190.403809 0.000000 1242.390991 0.000000 0.672469 0.000000 0.740125 0.759227 0.759227 0.759227
5194.670898 0.000000 1254.775879 0.000000 0.817880 0.000000 0.575389 0.774286 0.774286 0.774286
5199.882324 0.000000 1238.499146 0.000000 0.596956 0.000000 0.802274 0.746071 0.746071 0.746071
5183.408691 0.000000 1240.407715 0.000000 0.001127 0.000000 0.999999 0.666762 0.666762 0.666762
5204.156738 0.000000 1237.396729 0.000000 0.752365 0.000000 0.658747 0.747574 0.747574 0.747574
5194.883301 0.000000 1247.730957 0.000000 0.728650 0.000000 0.684886 0.737467 0.737467 0.737467
5361.478027 0.000000 1228.452881 0.000000 0.594248 0.000000 0.804282 0.788802 0.788802 0.788802
5367.722656 0.000000 1228.413086 0.000000 0.347789 0.000000 0.937573 0.780578 0.780578 0.780578
5362.156738 0.000000 1231.309814 0.000000 0.599798 0.000000 0.800151 0.773138 0.773138 0.773138
5367.488281 0.000000 1230.758301 0.000000 0.430538 0.000000 0.902572 0.767400 0.767400 0.767400
5434.400879 0.000000 1179.690430 0.000000 0.506895 0.000000 0.862008 0.796887 0.796887 0.796887
5499.008789 0.000000 1168.137085 0.000000 0.837459 0.000000 0.546500 0.793649 0.793649 0.793649
5487.278809 0.000000 1149.511719 0.000000 0.171896 0.000000 0.985115 0.756720 0.756720 0.756720
5449.848633 0.000000 1158.392456 0.000000 0.246490 0.000000 0.969145 0.768322 0.768322 0.768322
5434.400879 0.000000 1226.932617 0.000000 0.346087 0.000000 0.938202 0.798784 0.798784 0.798784
5404.581055 0.000000 1213.882446 0.000000 0.027719 0.000000 0.999616 0.793836 0.793836 0.793836
5405.479004 0.000000 1218.364746 0.000000 0.796313 0.000000 0.604885 0.794810 0.794810 0.794810
5382.657715 0.000000 1220.669189 0.000000 0.122813 0.000000 0.992430 0.781206 0.781206 0.781206
5417.864746 0.000000 1215.157715 0.000000 0.760833 0.000000 0.648948 0.789422 0.789422 0.789422
5426.606934 0.000000 1186.978516 0.000000 0.520893 0.000000 0.853622 0.781613 0.781613 0.781613
5437.021484 0.000000 1195.773926 0.000000 0.801776 0.000000 0.597624 0.787207 0.787207 0.787207
5428.995605 0.000000 1187.108765 0.000000 0.657225 0.000000 0.753695 0.776130 0.776130 0.776130
5438.616211 0.000000 1203.384399 0.000000 0.427933 0.000000 0.903810 0.747029 0.747029 0.747029
5439.635742 0.000000 1185.109009 0.000000 0.797427 0.000000 0.603415 0.798706 0.798706 0.798706
5439.419434 0.000000 1201.163330 0.000000 0.105397 0.000000 0.994430 0.744399 0.744399 0.744399
5403.611816 0.000000 1228.416992 0.000000 0.483511 0.000000 0.875338 0.786159 0.786159 0.786159
5390.140137 0.000000 1237.583130 0.000000 0.525085 0.000000 0.851050 0.779669 0.779669 0.779669
5357.220703 0.000000 1410.543945 0.000000 0.711160 0.000000 0.703030 0.775086 0.775086 0.775086
5374.291504 0.000000 1397.319946 0.000000 0.380133 0.000000 0.924932 0.671464 0.671464 0.671464
5364.685059 0.000000 1414.094116 0.000000 0.141977 0.000000 0.989870 0.643100 0.643100 0.643100
5374.187012 0.000000 1402.513916 0.000000 0.593656 0.000000 0.804719 0.744899 0.744899 0.744899
5361.478027 0.000000 1417.421631 0.000000 0.616973 0.000000 0.786985 0.780098 0.780098 0.780098
5357.128418 0.000000 1425.108276 0.000000 0.013140 0.000000 0.999914 0.688004 0.688004 0.688004
5374.115234 0.000000 1426.418213 0.000000 0.670373 0.000000 0.742024 0.676430 0.676430 0.676430
5364.145020 0.000000 1440.755249 0.000000 0.170901 0.000000 0.985288 0.738527 0.738527 0.738527
5374.114746 0.000000 1428.216797 0.000000 0.594452 0.000000 0.804131 0.746823 0.746823 0.746823
5357.227539 0.000000 1423.286255 0.000000 0.452221 0.000000 0.891906 0.671297 0.671297 0.671297
5361.041992 0.000000 1419.064453 0.000000 0.586486 0.000000 0.809960 0.747204 0.747204 0.747204
5365.381836 0.000000 1433.941650 0.000000 0.255907 0.000000 0.966701 0.620503 0.620503 0.620503
5374.953613 0.000000 1427.332642 0.000000 0.322236 0.000000 0.946659 0.616333 0.616333 0.616333
5431.529297 0.000000 1358.974243 0.000000 0.586577 0.000000 0.809894 0.796229 0.796229 0.796229
5409.280273 0.000000 1368.269653 0.000000 0.650216 0.000000 0.759750 0.787074 0.787074 0.787074
5413.179199 0.000000 1367.964844 0.000000 0.731748 0.000000 0.681575 0.710135 0.710135 0.710135
5433.961426 0.000000 1359.371704 0.000000 0.555233 0.000000 0.831695 0.739191 0.739191 0.739191
5412.526367 0.000000 1366.384888 0.000000 0.657755 0.000000 0.753232 0.697786 0.697786 0.697786
5433.019043 0.000000 1360.375488 0.000000 0.593732 0.000000 0.804663 0.715023 0.715023 0.715023
5423.422852 0.000000 1364.947388 0.000000 0.270745 0.000000 0.962651 0.648504 0.648504 0.648504
5376.623047 0.000000 1387.858276 0.000000 0.759817 0.000000 0.650137 0.771022 0.771022 0.771022
5414.056641 0.000000 1370.910889 0.000000 0.115966 0.000000 0.993253 0.773854 0.773854 0.773854
5383.200195 0.000000 1401.007935 0.000000 0.358177 0.000000 0.933654 0.783161 0.783161 0.783161
5401.117188 0.000000 1379.207520 0.000000 0.489360 0.000000 0.872082 0.747101 0.747101 0.747101
5392.214844 0.000000 1395.476074 0.000000 0.215128 0.000000 0.976586 0.737803 0.737803 0.737803
5379.454590 0.000000 1387.827393 0.000000 0.693601 0.000000 0.720360 0.734940 0.734940 0.734940
5403.321289 0.000000 1378.164673 0.000000 0.047464 0.000000 0.998873 0.685909 0.685909 0.685909
5407.880859 0.000000 1390.630615 0.000000 0.266245 0.000000 0.963905 0.745421 0.745421 0.745421
5418.586914 0.000000 1370.181274 0.000000 0.453492 0.000000 0.891260 0.723098 0.723098 0.723098
5384.262695 0.000000 1403.194092 0.000000 0.379333 0.000000 0.925260 0.707953 0.707953 0.707953
5417.609375 0.000000 1374.477905 0.000000 0.209883 0.000000 0.977727 0.748416 0.748416 0.748416
5377.298340 0.000000 1398.854492 0.000000 0.587425 0.000000 0.809278 0.764218 0.764218 0.764218
5392.703613 0.000000 1389.343628 0.000000 0.096806 0.000000 0.995303 0.638102 0.638102 0.638102
5402.777344 0.000000 1379.975830 0.000000 0.212534 0.000000 0.977154 0.698393 0.698393 0.698393
5393.495117 0.000000 1377.280762 0.000000 0.284469 0.000000 0.958685 0.693712 0.693712 0.693712
5393.770508 0.000000 1388.278809 0.000000 0.294955 0.000000 0.955511 0.660340 0.660340 0.660340
5399.740234 0.000000 1370.308472 0.000000 0.303514 0.000000 0.952827 0.619724 0.619724 0.619724
5398.497559 0.000000 1371.353882 0.000000 0.550091 0.000000 0.835105 0.658865 0.658865 0.658865
5408.411621 0.000000 1387.358887 0.000000 0.395751 0.000000 0.918358 0.627979 0.627979 0.627979
5457.227539 0.000000 1370.076538 0.000000 0.358757 0.000000 0.933431 0.667758 0.667758 0.667758
5439.374512 0.000000 1376.652466 0.000000 0.775817 0.000000 0.630958 0.748862 0.748862 0.748862
5439.366211 0.000000 1375.346191 0.000000 0.788662 0.000000 0.614827 0.740487 0.740487 0.740487
5457.282227 0.000000 1371.314941 0.000000 0.082788 0.000000 0.996567 0.636556 0.636556 0.636556
5516.510254 0.000000 1366.876343 0.000000 0.166011 0.000000 0.986124 0.785979 0.785979 0.785979
5530.900391 0.000000 1358.501587 0.000000 0.254190 0.000000 0.967154 0.755393 0.755393 0.755393
5519.207520 0.000000 1369.637695 0.000000 0.535867 0.000000 0.844302 0.689574 0.689574 0.689574
5530.172852 0.000000 1361.620117 0.000000 0.366226 0.000000 0.930526 0.625647 0.625647 0.625647
5628.998047 0.000000 1337.500488 0.000000 0.499238 0.000000 0.866465 0.680684 0.680684 0.680684
5627.166504 0.000000 1338.568359 0.000000 0.451815 0.000000 0.892112 0.740574 0.740574 0.740574
5593.009766 0.000000 1347.850708 0.000000 0.727178 0.000000 0.686449 0.725201 0.725201 0.725201
5621.456543 0.000000 1349.443848 0.000000 0.652490 0.000000 0.757797 0.737312 0.737312 0.737312
5551.718750 0.000000 1378.502808 0.000000 0.135977 0.000000 0.990712 0.742703 0.742703 0.742703
5539.291504 0.000000 1372.630127 0.000000 0.393333 0.000000 0.919396 0.767382 0.767382 0.767382
5547.738281 0.000000 1413.065674 0.000000 0.104291 0.000000 0.994547 0.713607 0.713607 0.713607
5547.599609 0.000000 1415.891113 0.000000 0.137003 0.000000 0.990571 0.731294 0.731294 0.731294
5540.935059 0.000000 1373.725098 0.000000 0.624132 0.000000 0.781319 0.676416 0.676416 0.676416
5536.538574 0.000000 1373.544800 0.000000 0.835378 0.000000 0.549677 0.737233 0.737233 0.737233
5377.529785 0.000000 1428.913818 0.000000 0.780482 0.000000 0.625178 0.744697 0.744697 0.744697
5383.574707 0.000000 1430.969116 0.000000 0.169095 0.000000 0.985600 0.602748 0.602748 0.602748
5529.096191 0.000000 1422.828003 0.000000 0.045709 0.000000 0.998955 0.777156 0.777156 0.777156
5531.596191 0.000000 1417.385742 0.000000 0.807628 0.000000 0.589693 0.758433 0.758433 0.758433
5553.244629 0.000000 1427.598145 0.000000 0.669713 0.000000 0.742620 0.774090 0.774090 0.774090
5531.305664 0.000000 1425.406860 0.000000 0.514190 0.000000 0.857676 0.733095 0.733095 0.733095
5544.239746 0.000000 1417.300659 0.000000 0.702191 0.000000 0.711989 0.686063 0.686063 0.686063
5553.748047 0.000000 1425.103516 0.000000 0.465415 0.000000 0.885092 0.666521 0.666521 0.666521
5529.727539 0.000000 1424.488770 0.000000 0.446163 0.000000 0.894952 0.732486 0.732486 0.732486
5881.293457 0.000000 1209.006348 0.000000 0.832000 0.000000 0.554775 0.729526 0.729526 0.729526
5872.131348 0.000000 1221.182983 0.000000 0.831108 0.000000 0.556111 0.721089 0.721089 0.721089
5677.815918 0.000000 1320.829102 0.000000 0.153602 0.000000 0.988133 0.749073 0.749073 0.749073
5681.040039 0.000000 1311.893555 0.000000 0.658996 0.000000 0.752147 0.742191 0.742191 0.742191
5675.078125 0.000000 1295.656616 0.000000 0.478870 0.000000 0.877886 0.734733 0.734733 0.734733
5686.324219 0.000000 1318.936401 0.000000 0.484344 0.000000 0.874878 0.704266 0.704266 0.704266
5662.765137 0.000000 1300.483276 0.000000 0.484644 0.000000 0.874712 0.729818 0.729818 0.729818
5663.193359 0.000000 1294.444824 0.000000 0.802568 0.000000 0.596561 0.764254 0.764254 0.764254
5673.542480 0.000000 1317.556152 0.000000 0.151456 0.000000 0.988464 0.683823 0.683823 0.683823
5674.774414 0.000000 1317.785645 0.000000 0.776098 0.000000 0.630613 0.718913 0.718913 0.718913
5659.560059 0.000000 1298.758301 0.000000 0.677194 0.000000 0.735804 0.687703 0.687703 0.687703
5699.343262 0.000000 1309.785645 0.000000 0.061363 0.000000 0.998116 0.784927 0.784927 0.784927
5696.364258 0.000000 1311.847534 0.000000 0.276153 0.000000 0.961114 0.730382 0.730382 0.730382
5699.544434 0.000000 1311.329712 0.000000 0.149512 0.000000 0.988760 0.641099 0.641099 0.641099
5882.122559 0.000000 1254.999023 0.000000 0.808834 0.000000 0.588037 0.761079 0.761079 0.761079
5886.124512 0.000000 1260.787354 0.000000 0.451955 0.000000 0.892041 0.665761 0.665761 0.665761
5883.436523 0.000000 1252.055542 0.000000 0.819639 0.000000 0.572881 0.738473 0.738473 0.738473
5884.017578 0.000000 1260.789917 0.000000 0.815210 0.000000 0.579165 0.716108 0.716108 0.716108
5884.892090 0.000000 1240.948242 0.000000 0.417916 0.000000 0.908486 0.702126 0.702126 0.702126
5882.156250 0.000000 1251.579346 0.000000 0.485821 0.000000 0.874058 0.707604 0.707604 0.707604
5885.883789 0.000000 1243.750000 0.000000 0.492382 0.000000 0.870379 0.678731 0.678731 0.678731
5885.045898 0.000000 1260.168457 0.000000 0.281781 0.000000 0.959479 0.625461 0.625461 0.625461
6086.078613 0.000000 1177.574341 0.000000 0.322114 0.000000 0.946701 0.713122 0.713122 0.713122
6081.157227 0.000000 1174.897705 0.000000 0.113821 0.000000 0.993501 0.750540 0.750540 0.750540
6087.273926 0.000000 1175.854980 0.000000 0.168115 0.000000 0.985767 0.739802 0.739802 0.739802
6108.264160 0.000000 1180.304565 0.000000 0.351135 0.000000 0.936325 0.752797 0.752797 0.752797
6068.958496 0.000000 1201.250610 0.000000 0.232075 0.000000 0.972698 0.577098 0.577098 0.577098
6070.677734 0.000000 1190.896484 0.000000 0.822538 0.000000 0.568710 0.697303 0.697303 0.697303
6085.803711 0.000000 1186.585938 0.000000 0.634634 0.000000 0.772813 0.735611 0.735611 0.735611
6092.697754 0.000000 1186.513672 0.000000 0.142477 0.000000 0.989798 0.695912 0.695912 0.695912
6115.371582 0.000000 1187.227783 0.000000 0.293918 0.000000 0.955831 0.708508 0.708508 0.708508
6079.350098 0.000000 1195.868530 0.000000 0.753767 0.000000 0.657142 0.709064 0.709064 0.709064
5887.300781 0.000000 1260.344238 0.000000 0.353463 0.000000 0.935448 0.652642 0.652642 0.652642
5592.618652 0.000000 1734.386719 0.000000 0.104188 0.000000 0.994558 0.512979 0.512979 0.512979
5596.312012 0.000000 1729.666260 0.000000 0.454060 0.000000 0.890971 0.645187 0.645187 0.645187
5602.763672 0.000000 1732.294678 0.000000 0.183936 0.000000 0.982938 0.734957 0.734957 0.734957
5587.637207 0.000000 1726.559814 0.000000 0.549609 0.000000 0.835422 0.700259 0.700259 0.700259
5595.090820 0.000000 1716.586426 0.000000 0.747510 0.000000 0.664250 0.755745 0.755745 0.755745
5588.621582 0.000000 1735.369995 0.000000 0.360125 0.000000 0.932904 0.717149 0.717149 0.717149
5603.073730 0.000000 1735.867798 0.000000 0.015694 0.000000 0.999877 0.713035 0.713035 0.713035
5601.200684 0.000000 1732.950684 0.000000 0.381148 0.000000 0.924514 0.618568 0.618568 0.618568
5587.743652 0.000000 1728.178223 0.000000 0.834711 0.000000 0.550689 0.751662 0.751662 0.751662
5587.205566 0.000000 1725.322998 0.000000 0.182348 0.000000 0.983234 0.640667 0.640667 0.640667
5589.756836 0.000000 1737.934082 0.000000 0.762444 0.000000 0.647054 0.681236 0.681236 0.681236
5588.307617 0.000000 1724.570923 0.000000 0.273244 0.000000 0.961945 0.639761 0.639761 0.639761
5597.447754 0.000000 1729.133301 0.000000 0.619812 0.000000 0.784750 0.672952 0.672952 0.672952
5600.147949 0.000000 1732.442261 0.000000 0.261627 0.000000 0.965169 0.599140 0.599140 0.599140
5588.164551 0.000000 1736.296631 0.000000 0.517041 0.000000 0.855961 0.626608 0.626608 0.626608
5581.135742 0.000000 2078.344727 0.000000 0.798151 0.000000 0.602458 0.753511 0.753511 0.753511
5319.003418 0.000000 2090.671875 0.000000 0.255421 0.000000 0.966830 0.781650 0.781650 0.781650
5469.633789 0.000000 2098.342285 0.000000 0.310485 0.000000 0.950578 0.712265 0.712265 0.712265
5469.178223 0.000000 2095.251465 0.000000 0.179879 0.000000 0.983689 0.688959 0.688959 0.688959
5491.921387 0.000000 2097.643066 0.000000 0.011696 0.000000 0.999932 0.759519 0.759519 0.759519
5493.739258 0.000000 2088.267822 0.000000 0.583977 0.000000 0.811770 0.713926 0.713926 0.713926
5492.851562 0.000000 2089.724121 0.000000 0.799172 0.000000 0.601103 0.741397 0.741397 0.741397
5488.231445 0.000000 2098.354736 0.000000 0.361187 0.000000 0.932494 0.724425 0.724425 0.724425
5469.908691 0.000000 2096.669434 0.000000 0.333968 0.000000 0.942584 0.634141 0.634141 0.634141
5468.613281 0.000000 2096.380371 0.000000 0.386488 0.000000 0.922295 0.641732 0.641732 0.641732
5468.791992 0.000000 2097.504150 0.000000 0.480086 0.000000 0.877221 0.655744 0.655744 0.655744
5507.438965 0.000000 2096.460205 0.000000 0.352725 0.000000 0.935727 0.748028 0.748028 0.748028
5509.833008 0.000000 2095.924316 0.000000 0.181868 0.000000 0.983323 0.619821 0.619821 0.619821
5566.546875 0.000000 2080.514648 0.000000 0.026267 0.000000 0.999655 0.735219 0.735219 0.735219
5572.699707 0.000000 2115.812988 0.000000 0.633259 0.000000 0.773940 0.782324 0.782324 0.782324
5569.713379 0.000000 2082.777832 0.000000 0.662987 0.000000 0.748631 0.761138 0.761138 0.761138
5573.052246 0.000000 2113.924316 0.000000 0.539289 0.000000 0.842121 0.729013 0.729013 0.729013
5570.082031 0.000000 2097.571533 0.000000 0.704724 0.000000 0.709482 0.745651 0.745651 0.745651
5575.493164 0.000000 2082.560303 0.000000 0.437500 0.000000 0.899218 0.711802 0.711802 0.711802
5605.766602 0.000000 2242.190674 0.000000 0.721642 0.000000 0.692267 0.782438 0.782438 0.782438
5607.417969 0.000000 2243.202148 0.000000 0.682043 0.000000 0.731312 0.740205 0.740205 0.740205
5901.446289 0.000000 2492.827881 0.000000 0.202529 0.000000 0.979276 0.697627 0.697627 0.697627
5916.851074 0.000000 2517.489258 0.000000 0.762707 0.000000 0.646745 0.702375 0.702375 0.702375
6649.431152 0.000000 2344.284912 0.000000 0.701173 0.000000 0.712991 0.777806 0.777806 0.777806
6643.171387 0.000000 2343.681885 0.000000 0.774834 0.000000 0.632165 0.753529 0.753529 0.753529
6638.417969 0.000000 2328.346680 0.000000 0.160096 0.000000 0.987101 0.619768 0.619768 0.619768
6644.975098 0.000000 2332.722656 0.000000 0.087518 0.000000 0.996163 0.640039 0.640039 0.640039
6636.028320 0.000000 2356.460693 0.000000 0.401342 0.000000 0.915928 0.723690 0.723690 0.723690
6639.274414 0.000000 2357.033447 0.000000 0.502886 0.000000 0.864353 0.693673 0.693673 0.693673
6626.467773 0.000000 2356.582031 0.000000 0.838090 0.000000 0.545531 0.712414 0.712414 0.712414
6652.573730 0.000000 2362.312256 0.000000 0.558190 0.000000 0.829713 0.699344 0.699344 0.699344
6587.987793 0.000000 2439.840332 0.000000 0.485136 0.000000 0.874439 0.782995 0.782995 0.782995
6590.633301 0.000000 2425.660400 0.000000 0.130856 0.000000 0.991401 0.753998 0.753998 0.753998
6600.395508 0.000000 2431.827881 0.000000 0.017378 0.000000 0.999849 0.776731 0.776731 0.776731
6622.183105 0.000000 2432.585205 0.000000 0.063556 0.000000 0.997978 0.778928 0.778928 0.778928
6605.991699 0.000000 2418.637939 0.000000 0.504491 0.000000 0.863417 0.742769 0.742769 0.742769
6612.957520 0.000000 2429.626709 0.000000 0.639518 0.000000 0.768776 0.745706 0.745706 0.745706
6621.789062 0.000000 2422.568848 0.000000 0.210238 0.000000 0.977650 0.759287 0.759287 0.759287
6604.454102 0.000000 2419.727295 0.000000 0.243206 0.000000 0.969975 0.727219 0.727219 0.727219
6598.041016 0.000000 2435.163330 0.000000 0.486644 0.000000 0.873601 0.731029 0.731029 0.731029
6525.291016 0.000000 2500.177246 0.000000 0.628127 0.000000 0.778111 0.762602 0.762602 0.762602
6522.255371 0.000000 2499.208252 0.000000 0.403978 0.000000 0.914769 0.753866 0.753866 0.753866
6506.693848 0.000000 2497.516846 0.000000 0.148779 0.000000 0.988871 0.744640 0.744640 0.744640
6525.651367 0.000000 2487.556885 0.000000 0.393710 0.000000 0.919235 0.675396 0.675396 0.675396
6511.601562 0.000000 2512.315430 0.000000 0.317322 0.000000 0.948318 0.780061 0.780061 0.780061
6525.974609 0.000000 2512.988525 0.000000 0.515351 0.000000 0.856979 0.772245 0.772245 0.772245
6527.239746 0.000000 2481.461426 0.000000 0.613410 0.000000 0.789765 0.749996 0.749996 0.749996
6554.568848 0.000000 2544.819824 0.000000 0.191875 0.000000 0.981419 0.724330 0.724330 0.724330
6555.355469 0.000000 2543.728271 0.000000 0.146392 0.000000 0.989227 0.660653 0.660653 0.660653
6496.998047 0.000000 2591.080322 0.000000 0.010635 0.000000 0.999943 0.722100 0.722100 0.722100
6497.147461 0.000000 2596.566650 0.000000 0.600958 0.000000 0.799281 0.787977 0.787977 0.787977
6511.575195 0.000000 2555.272461 0.000000 0.162544 0.000000 0.986701 0.599001 0.599001 0.599001
6487.846680 0.000000 2574.624512 0.000000 0.330327 0.000000 0.943866 0.734681 0.734681 0.734681
6524.233398 0.000000 2577.074463 0.000000 0.738316 0.000000 0.674455 0.754169 0.754169 0.754169
6502.746094 0.000000 2563.670166 0.000000 0.057411 0.000000 0.998351 0.665497 0.665497 0.665497
6512.625977 0.000000 2557.159180 0.000000 0.713870 0.000000 0.700279 0.742671 0.742671 0.742671
6503.744141 0.000000 2562.199951 0.000000 0.558524 0.000000 0.829488 0.713061 0.713061 0.713061
6481.002441 0.000000 2580.333496 0.000000 0.469136 0.000000 0.883126 0.726493 0.726493 0.726493
6522.750488 0.000000 2576.334229 0.000000 0.070280 0.000000 0.997527 0.684624 0.684624 0.684624
6514.310059 0.000000 2570.645264 0.000000 0.402110 0.000000 0.915591 0.704104 0.704104 0.704104
6499.174316 0.000000 2600.927002 0.000000 0.704847 0.000000 0.709359 0.783463 0.783463 0.783463
6521.327637 0.000000 2604.866211 0.000000 0.262337 0.000000 0.964976 0.673556 0.673556 0.673556
6482.660645 0.000000 2604.493652 0.000000 0.101190 0.000000 0.994867 0.742771 0.742771 0.742771
6504.122559 0.000000 2598.355469 0.000000 0.769719 0.000000 0.638382 0.775108 0.775108 0.775108
6482.321777 0.000000 2600.450439 0.000000 0.345799 0.000000 0.938309 0.707582 0.707582 0.707582
6513.205566 0.000000 2602.814697 0.000000 0.052678 0.000000 0.998612 0.618080 0.618080 0.618080
6510.128906 0.000000 2603.111816 0.000000 0.522586 0.000000 0.852587 0.734752 0.734752 0.734752
6495.549805 0.000000 2598.322266 0.000000 0.550001 0.000000 0.835164 0.716099 0.716099 0.716099
6482.391602 0.000000 2602.801758 0.000000 0.568810 0.000000 0.822469 0.702595 0.702595 0.702595
6479.590820 0.000000 2601.409180 0.000000 0.663980 0.000000 0.747751 0.712276 0.712276 0.712276
6533.749023 0.000000 2556.609619 0.000000 0.694682 0.000000 0.719317 0.776750 0.776750 0.776750
6530.415527 0.000000 2559.899414 0.000000 0.220098 0.000000 0.975478 0.735343 0.735343 0.735343
6532.762695 0.000000 2607.041016 0.000000 0.688238 0.000000 0.725485 0.777303 0.777303 0.777303
6663.598633 0.000000 2352.230957 0.000000 0.516328 0.000000 0.856391 0.697318 0.697318 0.697318
6680.898438 0.000000 2359.312012 0.000000 0.500495 0.000000 0.865739 0.716386 0.716386 0.716386
6655.224121 0.000000 2339.734863 0.000000 0.736997 0.000000 0.675897 0.760719 0.760719 0.760719
6671.488281 0.000000 2351.166748 0.000000 0.012309 0.000000 0.999924 0.683275 0.683275 0.683275
6660.919434 0.000000 2350.135254 0.000000 0.496066 0.000000 0.868285 0.731732 0.731732 0.731732
6664.123535 0.000000 2355.392578 0.000000 0.593847 0.000000 0.804578 0.698230 0.698230 0.698230
6663.828125 0.000000 2353.718262 0.000000 0.584388 0.000000 0.811474 0.705464 0.705464 0.705464
6665.565918 0.000000 2355.466553 0.000000 0.583135 0.000000 0.812375 0.696787 0.696787 0.696787
6659.463379 0.000000 2347.248779 0.000000 0.389725 0.000000 0.920931 0.612984 0.612984 0.612984
6701.182129 0.000000 2397.134277 0.000000 0.786902 0.000000 0.617078 0.750192 0.750192 0.750192
6693.423828 0.000000 2376.418457 0.000000 0.719866 0.000000 0.694113 0.772419 0.772419 0.772419
6682.261230 0.000000 2382.586426 0.000000 0.794961 0.000000 0.606661 0.784377 0.784377 0.784377
6700.322754 0.000000 2394.291992 0.000000 0.681847 0.000000 0.731495 0.713965 0.713965 0.713965
6707.772949 0.000000 2381.096191 0.000000 0.275505 0.000000 0.961300 0.667140 0.667140 0.667140
6703.911133 0.000000 2383.439941 0.000000 0.687486 0.000000 0.726198 0.699355 0.699355 0.699355
6659.298340 0.000000 2379.913330 0.000000 0.373341 0.000000 0.927694 0.732367 0.732367 0.732367
6696.804199 0.000000 2398.621094 0.000000 0.646604 0.000000 0.762826 0.756676 0.756676 0.756676
6688.854004 0.000000 2388.583740 0.000000 0.352429 0.000000 0.935839 0.748015 0.748015 0.748015
6695.250000 0.000000 2376.474854 0.000000 0.466970 0.000000 0.884273 0.653736 0.653736 0.653736
6678.324707 0.000000 2379.077637 0.000000 0.444529 0.000000 0.895765 0.730157 0.730157 0.730157
6680.335938 0.000000 2378.187988 0.000000 0.517922 0.000000 0.855428 0.725178 0.725178 0.725178
6708.967285 0.000000 2379.964844 0.000000 0.766000 0.000000 0.642840 0.750496 0.750496 0.750496
6706.286621 0.000000 2381.676514 0.000000 0.595410 0.000000 0.803422 0.704032 0.704032 0.704032
6690.899902 0.000000 2395.333252 0.000000 0.424454 0.000000 0.905449 0.585134 0.585134 0.585134
6702.536621 0.000000 2382.757568 0.000000 0.584830 0.000000 0.811156 0.682842 0.682842 0.682842
6696.164551 0.000000 2400.041992 0.000000 0.280366 0.000000 0.959893 0.618837 0.618837 0.618837
6700.935059 0.000000 2395.756348 0.000000 0.007441 0.000000 0.999972 0.636074 0.636074 0.636074
6699.730957 0.000000 2381.197021 0.000000 0.737075 0.000000 0.675811 0.723673 0.723673 0.723673
6686.578125 0.000000 2372.926270 0.000000 0.262634 0.000000 0.964895 0.637095 0.637095 0.637095
6691.641113 0.000000 2394.355713 0.000000 0.246640 0.000000 0.969107 0.549246 0.549246 0.549246
6690.105957 0.000000 2394.630371 0.000000 0.094061 0.000000 0.995566 0.519834 0.519834 0.519834
6681.472656 0.000000 2381.964600 0.000000 0.801941 0.000000 0.597404 0.694503 0.694503 0.694503
6687.863770 0.000000 2388.802246 0.000000 0.113107 0.000000 0.993583 0.524923 0.524923 0.524923
6765.989746 0.000000 2641.106445 0.000000 0.374669 0.000000 0.927159 0.753780 0.753780 0.753780
6726.237793 0.000000 2639.306396 0.000000 0.214296 0.000000 0.976769 0.511821 0.511821 0.511821
6761.305664 0.000000 2638.823730 0.000000 0.160335 0.000000 0.987063 0.542369 0.542369 0.542369
6760.277832 0.000000 2638.232422 0.000000 0.342879 0.000000 0.939380 0.576899 0.576899 0.576899
6757.233398 0.000000 2642.431396 0.000000 0.335288 0.000000 0.942116 0.587696 0.587696 0.587696
6756.063477 0.000000 2642.861816 0.000000 0.408388 0.000000 0.912808 0.601306 0.601306 0.601306
6724.313965 0.000000 2636.444336 0.000000 0.465282 0.000000 0.885162 0.534091 0.534091 0.534091
6724.284668 0.000000 2637.975342 0.000000 0.769680 0.000000 0.638430 0.630582 0.630582 0.630582
6559.949219 0.000000 2691.053223 0.000000 0.421007 0.000000 0.907057 0.562854 0.562854 0.562854
6558.247559 0.000000 2690.410400 0.000000 0.647038 0.000000 0.762458 0.619026 0.619026 0.619026
6583.516113 0.000000 2689.071533 0.000000 0.594318 0.000000 0.804230 0.576059 0.576059 0.576059
6620.835938 0.000000 2690.663818 0.000000 0.417677 0.000000 0.908596 0.604206 0.604206 0.604206
6619.105469 0.000000 2691.489258 0.000000 0.047922 0.000000 0.998851 0.641842 0.641842 0.641842
6594.808594 0.000000 2692.028809 0.000000 0.524626 0.000000 0.851333 0.676929 0.676929 0.676929
6614.466797 0.000000 2692.328857 0.000000 0.033546 0.000000 0.999437 0.571267 0.571267 0.571267
6568.601562 0.000000 2711.814209 0.000000 0.347815 0.000000 0.937563 0.631271 0.631271 0.631271
6575.567383 0.000000 2696.999023 0.000000 0.011930 0.000000 0.999929 0.747072 0.747072 0.747072
6570.708496 0.000000 2716.623047 0.000000 0.317833 0.000000 0.948147 0.655507 0.655507 0.655507
6563.166504 0.000000 2695.411377 0.000000 0.724206 0.000000 0.689584 0.744530 0.744530 0.744530
6576.159668 0.000000 2718.151611 0.000000 0.506069 0.000000 0.862493 0.703397 0.703397 0.703397
6575.229980 0.000000 2694.479980 0.000000 0.819754 0.000000 0.572716 0.745192 0.745192 0.745192
6559.950684 0.000000 2695.115234 0.000000 0.820115 0.000000 0.572199 0.738557 0.738557 0.738557
6579.996582 0.000000 2716.294434 0.000000 0.603366 0.000000 0.797464 0.760362 0.760362 0.760362
6558.234375 0.000000 2695.668213 0.000000 0.434745 0.000000 0.900554 0.686931 0.686931 0.686931
6576.893555 0.000000 2694.603760 0.000000 0.803228 0.000000 0.595672 0.721622 0.721622 0.721622
6571.878906 0.000000 2708.363037 0.000000 0.265842 0.000000 0.964016 0.566014 0.566014 0.566014
6560.413574 0.000000 2696.326172 0.000000 0.253209 0.000000 0.967412 0.660824 0.660824 0.660824
6571.812012 0.000000 2714.048340 0.000000 0.427233 0.000000 0.904142 0.655641 0.655641 0.655641
6560.991211 0.000000 2697.914062 0.000000 0.768426 0.000000 0.639939 0.726493 0.726493 0.726493
6563.745605 0.000000 2696.309082 0.000000 0.050061 0.000000 0.998746 0.601062 0.601062 0.601062
6628.184082 0.000000 2722.033203 0.000000 0.582383 0.000000 0.812915 0.776304 0.776304 0.776304
6602.637695 0.000000 2694.500488 0.000000 0.121524 0.000000 0.992588 0.794212 0.794212 0.794212
6641.053711 0.000000 2711.166504 0.000000 0.418380 0.000000 0.908272 0.727196 0.727196 0.727196
6631.158691 0.000000 2720.952881 0.000000 0.498904 0.000000 0.866657 0.766496 0.766496 0.766496
6598.307617 0.000000 2695.706055 0.000000 0.594122 0.000000 0.804375 0.767333 0.767333 0.767333
6631.526855 0.000000 2726.790527 0.000000 0.299413 0.000000 0.954123 0.674768 0.674768 0.674768
6646.055176 0.000000 2716.129883 0.000000 0.222277 0.000000 0.974983 0.687038 0.687038 0.687038
6647.489746 0.000000 2716.848633 0.000000 0.646420 0.000000 0.762982 0.727196 0.727196 0.727196
6597.847656 0.000000 2694.602783 0.000000 0.028477 0.000000 0.999594 0.604396 0.604396 0.604396
6248.673340 0.000000 2972.592773 0.000000 0.208607 0.000000 0.978000 0.791847 0.791847 0.791847
6257.100586 0.000000 2947.377441 0.000000 0.647229 0.000000 0.762296 0.787881 0.787881 0.787881
6257.852051 0.000000 2952.510742 0.000000 0.589973 0.000000 0.807423 0.776538 0.776538 0.776538
6262.010254 0.000000 2975.588623 0.000000 0.484441 0.000000 0.874824 0.777664 0.777664 0.777664
6253.745605 0.000000 2974.305664 0.000000 0.020856 0.000000 0.999783 0.773687 0.773687 0.773687
6265.156250 0.000000 2938.967041 0.000000 0.115889 0.000000 0.993262 0.752063 0.752063 0.752063
6270.469727 0.000000 2974.818604 0.000000 0.099442 0.000000 0.995043 0.758864 0.758864 0.758864
6251.513672 0.000000 2974.883301 0.000000 0.357314 0.000000 0.933984 0.754258 0.754258 0.754258
6276.793945 0.000000 2984.978516 0.000000 0.455910 0.000000 0.890026 0.762740 0.762740 0.762740
6278.346680 0.000000 2979.159180 0.000000 0.546043 0.000000 0.837757 0.766279 0.766279 0.766279
6667.725586 0.000000 2673.736084 0.000000 0.442109 0.000000 0.896961 0.765549 0.765549 0.765549
6707.389160 0.000000 2691.872559 0.000000 0.293228 0.000000 0.956042 0.539356 0.539356 0.539356
6664.223633 0.000000 2674.707031 0.000000 0.767551 0.000000 0.640988 0.737466 0.737466 0.737466
6702.889648 0.000000 2685.324463 0.000000 0.621084 0.000000 0.783744 0.761325 0.761325 0.761325
6688.817383 0.000000 2661.852051 0.000000 0.394462 0.000000 0.918912 0.705740 0.705740 0.705740
6686.282227 0.000000 2661.068848 0.000000 0.108674 0.000000 0.994078 0.528461 0.528461 0.528461
6694.274414 0.000000 2689.872803 0.000000 0.659941 0.000000 0.751317 0.653992 0.653992 0.653992
6708.808594 0.000000 2691.193604 0.000000 0.834750 0.000000 0.550629 0.707412 0.707412 0.707412
6707.377930 0.000000 2690.430908 0.000000 0.600677 0.000000 0.799492 0.610340 0.610340 0.610340
6695.529785 0.000000 2689.756348 0.000000 0.489351 0.000000 0.872087 0.618026 0.618026 0.618026
6715.387207 0.000000 2686.502686 0.000000 0.157913 0.000000 0.987453 0.539100 0.539100 0.539100
6666.987305 0.000000 2674.681885 0.000000 0.457369 0.000000 0.889277 0.604129 0.604129 0.604129
6687.340820 0.000000 2661.375732 0.000000 0.585567 0.000000 0.810624 0.624432 0.624432 0.624432
6709.354004 0.000000 2678.389648 0.000000 0.167680 0.000000 0.985841 0.524124 0.524124 0.524124
6693.131348 0.000000 2688.426514 0.000000 0.066080 0.000000 0.997814 0.430363 0.430363 0.430363
6684.389648 0.000000 2677.336670 0.000000 0.190990 0.000000 0.981592 0.597622 0.597622 0.597622
6693.833008 0.000000 2689.130371 0.000000 0.164058 0.000000 0.986451 0.454603 0.454603 0.454603
6730.622070 0.000000 2647.258301 0.000000 0.677902 0.000000 0.735152 0.775258 0.775258 0.775258
6728.135742 0.000000 2663.275879 0.000000 0.120408 0.000000 0.992725 0.769590 0.769590 0.769590
6747.432129 0.000000 2659.244141 0.000000 0.694889 0.000000 0.719117 0.763135 0.763135 0.763135
6739.430664 0.000000 2659.970703 0.000000 0.142500 0.000000 0.989795 0.584698 0.584698 0.584698
6777.015137 0.000000 2661.968506 0.000000 0.571394 0.000000 0.820676 0.772123 0.772123 0.772123
6755.069336 0.000000 2688.092529 0.000000 0.276059 0.000000 0.961141 0.696854 0.696854 0.696854
6725.704590 0.000000 2668.001709 0.000000 0.265249 0.000000 0.964180 0.534691 0.534691 0.534691
6741.362793 0.000000 2668.873047 0.000000 0.067320 0.000000 0.997731 0.735442 0.735442 0.735442
6721.079102 0.000000 2686.647949 0.000000 0.461763 0.000000 0.887003 0.750981 0.750981 0.750981
6738.299316 0.000000 2678.916016 0.000000 0.274977 0.000000 0.961451 0.727735 0.727735 0.727735
6746.950195 0.000000 2661.430420 0.000000 0.746227 0.000000 0.665691 0.690888 0.690888 0.690888
6758.714844 0.000000 2658.154541 0.000000 0.389881 0.000000 0.920865 0.680795 0.680795 0.680795
6755.062500 0.000000 2690.516846 0.000000 0.813073 0.000000 0.582162 0.719332 0.719332 0.719332
6738.484375 0.000000 2658.208496 0.000000 0.293875 0.000000 0.955844 0.608115 0.608115 0.608115
6752.377930 0.000000 2655.521973 0.000000 0.487950 0.000000 0.872871 0.705696 0.705696 0.705696
6751.211426 0.000000 2686.629150 0.000000 0.753451 0.000000 0.657504 0.730498 0.730498 0.730498
6732.292480 0.000000 2647.965088 0.000000 0.548402 0.000000 0.836215 0.695168 0.695168 0.695168
6736.893066 0.000000 2658.968750 0.000000 0.252568 0.000000 0.967579 0.683086 0.683086 0.683086
6726.081543 0.000000 2682.083740 0.000000 0.114105 0.000000 0.993469 0.695281 0.695281 0.695281
6738.849609 0.000000 2677.480469 0.000000 0.062353 0.000000 0.998054 0.595140 0.595140 0.595140
6726.905762 0.000000 2668.980713 0.000000 0.459750 0.000000 0.888048 0.724681 0.724681 0.724681
6726.966797 0.000000 2667.213379 0.000000 0.423946 0.000000 0.905688 0.668754 0.668754 0.668754
6736.981934 0.000000 2678.291748 0.000000 0.656015 0.000000 0.754748 0.729965 0.729965 0.729965
6729.545410 0.000000 2655.303223 0.000000 0.340238 0.000000 0.940339 0.692470 0.692470 0.692470
6777.151855 0.000000 2692.640137 0.000000 0.100695 0.000000 0.994917 0.675228 0.675228 0.675228
6766.712402 0.000000 2670.651367 0.000000 0.840564 0.000000 0.541712 0.723395 0.723395 0.723395
6719.580078 0.000000 2689.270264 0.000000 0.061046 0.000000 0.998135 0.661298 0.661298 0.661298
6766.194824 0.000000 2653.999023 0.000000 0.042885 0.000000 0.999080 0.664205 0.664205 0.664205
6724.697754 0.000000 2671.705811 0.000000 0.012001 0.000000 0.999928 0.666129 0.666129 0.666129
6743.984863 0.000000 2663.024902 0.000000 0.678777 0.000000 0.734344 0.648465 0.648465 0.648465
6729.344727 0.000000 2657.403564 0.000000 0.348701 0.000000 0.937234 0.667790 0.667790 0.667790
6724.562988 0.000000 2667.276855 0.000000 0.094288 0.000000 0.995545 0.645195 0.645195 0.645195
6731.794922 0.000000 2664.053955 0.000000 0.715579 0.000000 0.698532 0.727406 0.727406 0.727406
6725.763184 0.000000 2658.401123 0.000000 0.120480 0.000000 0.992716 0.669678 0.669678 0.669678
6746.468750 0.000000 2660.174072 0.000000 0.208306 0.000000 0.978064 0.596139 0.596139 0.596139
6741.184570 0.000000 2671.775391 0.000000 0.080503 0.000000 0.996754 0.612493 0.612493 0.612493
6743.612793 0.000000 2670.500000 0.000000 0.282558 0.000000 0.959250 0.502445 0.502445 0.502445
6752.372070 0.000000 2686.576416 0.000000 0.246475 0.000000 0.969149 0.592771 0.592771 0.592771
6752.459473 0.000000 2646.882812 0.000000 0.682310 0.000000 0.731063 0.676369 0.676369 0.676369
6743.352051 0.000000 2662.106934 0.000000 0.318952 0.000000 0.947771 0.571021 0.571021 0.571021
6719.344727 0.000000 2672.909912 0.000000 0.558702 0.000000 0.829369 0.580259 0.580259 0.580259
6761.200684 0.000000 2649.028320 0.000000 0.543444 0.000000 0.839446 0.650767 0.650767 0.650767
6725.535156 0.000000 2652.071045 0.000000 0.429607 0.000000 0.903016 0.604218 0.604218 0.604218
6725.545410 0.000000 2682.888672 0.000000 0.811105 0.000000 0.584901 0.673349 0.673349 0.673349
6731.606934 0.000000 2671.107422 0.000000 0.042601 0.000000 0.999092 0.426112 0.426112 0.426112
6725.960938 0.000000 2668.887207 0.000000 0.215170 0.000000 0.976577 0.524180 0.524180 0.524180
6723.083984 0.000000 2670.007080 0.000000 0.701799 0.000000 0.712375 0.615515 0.615515 0.615515
6742.695312 0.000000 2671.850098 0.000000 0.592292 0.000000 0.805724 0.582940 0.582940 0.582940
6665.999512 0.000000 2729.691650 0.000000 0.450808 0.000000 0.892621 0.729497 0.729497 0.729497
6684.381348 0.000000 2695.898682 0.000000 0.805750 0.000000 0.592256 0.674037 0.674037 0.674037
6667.439453 0.000000 2728.087646 0.000000 0.657814 0.000000 0.753180 0.771894 0.771894 0.771894
6705.607422 0.000000 2700.642822 0.000000 0.303725 0.000000 0.952760 0.719331 0.719331 0.719331
6667.883301 0.000000 2730.558838 0.000000 0.815226 0.000000 0.579143 0.757439 0.757439 0.757439
6691.320801 0.000000 2704.110596 0.000000 0.302083 0.000000 0.953282 0.681356 0.681356 0.681356
6681.586914 0.000000 2700.028076 0.000000 0.487115 0.000000 0.873338 0.731064 0.731064 0.731064
6682.223145 0.000000 2694.178467 0.000000 0.434582 0.000000 0.900632 0.740657 0.740657 0.740657
6684.606445 0.000000 2694.273438 0.000000 0.484154 0.000000 0.874983 0.588278 0.588278 0.588278
6716.973633 0.000000 2731.308838 0.000000 0.604295 0.000000 0.796761 0.619554 0.619554 0.619554
6707.199219 0.000000 2700.080078 0.000000 0.841764 0.000000 0.539846 0.755582 0.755582 0.755582
6700.943359 0.000000 2739.409912 0.000000 0.082781 0.000000 0.996568 0.669244 0.669244 0.669244
6660.200684 0.000000 2725.922119 0.000000 0.697713 0.000000 0.716377 0.725833 0.725833 0.725833
6666.047363 0.000000 2724.642334 0.000000 0.163567 0.000000 0.986532 0.531731 0.531731 0.531731
6677.192383 0.000000 2719.017578 0.000000 0.474947 0.000000 0.880014 0.652806 0.652806 0.652806
6686.578125 0.000000 2703.621582 0.000000 0.672351 0.000000 0.740232 0.705954 0.705954 0.705954
6674.544434 0.000000 2696.090332 0.000000 0.789715 0.000000 0.613474 0.724812 0.724812 0.724812
6717.249023 0.000000 2730.312256 0.000000 0.836787 0.000000 0.547528 0.686593 0.686593 0.686593
6683.601074 0.000000 2703.177002 0.000000 0.382681 0.000000 0.923881 0.519999 0.519999 0.519999
6687.660645 0.000000 2705.412598 0.000000 0.660696 0.000000 0.750654 0.621098 0.621098 0.621098
6680.295410 0.000000 2702.807129 0.000000 0.846668 0.000000 0.532121 0.698580 0.698580 0.698580
6685.242676 0.000000 2695.411621 0.000000 0.045234 0.000000 0.998976 0.496835 0.496835 0.496835
6684.071289 0.000000 2695.051514 0.000000 0.082619 0.000000 0.996581 0.504280 0.504280 0.504280
6753.116211 0.000000 2738.293213 0.000000 0.780709 0.000000 0.624894 0.749445 0.749445 0.749445
6736.287109 0.000000 2735.266602 0.000000 0.786794 0.000000 0.617216 0.765457 0.765457 0.765457
6741.732910 0.000000 2733.545410 0.000000 0.615793 0.000000 0.787908 0.741100 0.741100 0.741100
6722.261230 0.000000 2717.465820 0.000000 0.063256 0.000000 0.997997 0.762365 0.762365 0.762365
6740.462402 0.000000 2705.339111 0.000000 0.581254 0.000000 0.813722 0.699383 0.699383 0.699383
6743.916992 0.000000 2733.093994 0.000000 0.522552 0.000000 0.852607 0.749023 0.749023 0.749023
6755.062500 0.000000 2737.759033 0.000000 0.659556 0.000000 0.751655 0.751585 0.751585 0.751585
6734.074707 0.000000 2717.989014 0.000000 0.599710 0.000000 0.800217 0.728669 0.728669 0.728669
6754.245605 0.000000 2739.339844 0.000000 0.591637 0.000000 0.806205 0.716659 0.716659 0.716659
6763.636719 0.000000 2699.981201 0.000000 0.086212 0.000000 0.996277 0.662134 0.662134 0.662134
6744.833984 0.000000 2723.175537 0.000000 0.674919 0.000000 0.737892 0.687284 0.687284 0.687284
6743.813477 0.000000 2704.553223 0.000000 0.349942 0.000000 0.936771 0.690955 0.690955 0.690955
6737.140137 0.000000 2737.382568 0.000000 0.511012 0.000000 0.859574 0.610960 0.610960 0.610960
6754.452148 0.000000 2734.519531 0.000000 0.622643 0.000000 0.782506 0.630384 0.630384 0.630384
6736.332520 0.000000 2737.812500 0.000000 0.235253 0.000000 0.971934 0.556340 0.556340 0.556340
6715.972168 0.000000 2770.535645 0.000000 0.167045 0.000000 0.985949 0.727147 0.727147 0.727147
6717.849121 0.000000 2760.637939 0.000000 0.774021 0.000000 0.633160 0.709622 0.709622 0.709622
6715.582520 0.000000 2760.505127 0.000000 0.845975 0.000000 0.533223 0.694975 0.694975 0.694975
6716.403809 0.000000 2764.690186 0.000000 0.230046 0.000000 0.973180 0.635571 0.635571 0.635571
6714.054688 0.000000 2763.329346 0.000000 0.715789 0.000000 0.698316 0.726662 0.726662 0.726662
6710.210449 0.000000 2746.266357 0.000000 0.817614 0.000000 0.575766 0.656630 0.656630 0.656630
6715.919434 0.000000 2773.760986 0.000000 0.383263 0.000000 0.923639 0.644789 0.644789 0.644789
6712.127441 0.000000 2757.088623 0.000000 0.837112 0.000000 0.547032 0.691911 0.691911 0.691911
6714.337891 0.000000 2764.316650 0.000000 0.325826 0.000000 0.945430 0.589676 0.589676 0.589676
6715.662598 0.000000 2765.275391 0.000000 0.318848 0.000000 0.947806 0.588424 0.588424 0.588424
6729.896484 0.000000 2756.071777 0.000000 0.580477 0.000000 0.814277 0.754392 0.754392 0.754392
6728.562012 0.000000 2759.396240 0.000000 0.038839 0.000000 0.999245 0.700561 0.700561 0.700561
6731.404297 0.000000 2756.596924 0.000000 0.063179 0.000000 0.998002 0.709670 0.709670 0.709670
6733.172363 0.000000 2768.063477 0.000000 0.739969 0.000000 0.672641 0.719694 0.719694 0.719694
6908.076172 0.000000 2782.059570 0.000000 0.736055 0.000000 0.676921 0.762130 0.762130 0.762130
6907.380859 0.000000 2784.045898 0.000000 0.707237 0.000000 0.706976 0.742759 0.742759 0.742759
6906.836914 0.000000 2821.613770 0.000000 0.634804 0.000000 0.772673 0.791182 0.791182 0.791182
6906.291992 0.000000 2845.885742 0.000000 0.596130 0.000000 0.802888 0.756251 0.756251 0.756251
6904.606934 0.000000 2839.553955 0.000000 0.259895 0.000000 0.965637 0.715105 0.715105 0.715105
2712.315918 0.000000 4279.731934 0.000000 0.271049 0.000000 0.962566 0.633006 0.633006 0.633006
2973.482910 0.000000 4362.876465 0.000000 0.739491 0.000000 0.673166 0.651033 0.651033 0.651033
2977.864990 0.000000 4376.990234 0.000000 0.352408 0.000000 0.935846 0.634370 0.634370 0.634370
2972.292236 0.000000 4362.852051 0.000000 0.034897 0.000000 0.999391 0.490178 0.490178 0.490178
3030.840088 0.000000 4390.245605 0.000000 0.205871 0.000000 0.978579 0.746899 0.746899 0.746899
3033.343506 0.000000 4390.726562 0.000000 0.466604 0.000000 0.884466 0.741472 0.741472 0.741472
3023.512207 0.000000 4393.138184 0.000000 0.533486 0.000000 0.845809 0.756712 0.756712 0.756712
3016.568604 0.000000 4386.806641 0.000000 0.584539 0.000000 0.811365 0.751796 0.751796 0.751796
3027.760254 0.000000 4384.991211 0.000000 0.837218 0.000000 0.546869 0.686169 0.686169 0.686169
3018.902832 0.000000 4387.674316 0.000000 0.107468 0.000000 0.994209 0.501936 0.501936 0.501936
3068.416992 0.000000 4424.012207 0.000000 0.134261 0.000000 0.990946 0.726859 0.726859 0.726859
3067.305420 0.000000 4427.848633 0.000000 0.714970 0.000000 0.699155 0.767528 0.767528 0.767528
3066.360107 0.000000 4425.453613 0.000000 0.038197 0.000000 0.999270 0.720415 0.720415 0.720415
3062.825195 0.000000 4410.438477 0.000000 0.802536 0.000000 0.596604 0.742546 0.742546 0.742546
3225.823975 0.000000 4174.720215 0.000000 0.752617 0.000000 0.658458 0.780620 0.780620 0.780620
3235.491943 0.000000 4249.509277 0.000000 0.500598 0.000000 0.865680 0.759243 0.759243 0.759243
3237.845703 0.000000 4266.105957 0.000000 0.733621 0.000000 0.679559 0.776124 0.776124 0.776124
3321.836914 0.000000 4328.457031 0.000000 0.060475 0.000000 0.998170 0.736656 0.736656 0.736656
3320.076172 0.000000 4326.437012 0.000000 0.613138 0.000000 0.789976 0.734515 0.734515 0.734515
3396.887207 0.000000 4311.900879 0.000000 0.130714 0.000000 0.991420 0.755431 0.755431 0.755431
3107.067871 0.000000 4425.099609 0.000000 0.834249 0.000000 0.551387 0.774338 0.774338 0.774338
3111.667480 0.000000 4438.925293 0.000000 0.822077 0.000000 0.569376 0.747373 0.747373 0.747373
3076.132080 0.000000 4417.353516 0.000000 0.709532 0.000000 0.704673 0.744557 0.744557 0.744557
3091.510254 0.000000 4418.127930 0.000000 0.012316 0.000000 0.999924 0.656818 0.656818 0.656818
3130.458252 0.000000 4467.468262 0.000000 0.335519 0.000000 0.942033 0.754603 0.754603 0.754603
3134.286377 0.000000 4461.356934 0.000000 0.806904 0.000000 0.590683 0.763400 0.763400 0.763400
3128.264893 0.000000 4485.043457 0.000000 0.316372 0.000000 0.948635 0.755102 0.755102 0.755102
3116.364502 0.000000 4449.680176 0.000000 0.107103 0.000000 0.994248 0.661161 0.661161 0.661161
3128.955322 0.000000 4483.761719 0.000000 0.517621 0.000000 0.855610 0.715925 0.715925 0.715925
3127.775879 0.000000 4473.869141 0.000000 0.222164 0.000000 0.975009 0.658785 0.658785 0.658785
3135.700684 0.000000 4460.874512 0.000000 0.339397 0.000000 0.940643 0.729076 0.729076 0.729076
3141.831055 0.000000 4470.358398 0.000000 0.630050 0.000000 0.776555 0.765370 0.765370 0.765370
3101.916748 0.000000 4531.794434 0.000000 0.128497 0.000000 0.991710 0.447212 0.447212 0.447212
3111.956299 0.000000 4521.993652 0.000000 0.531889 0.000000 0.846814 0.681997 0.681997 0.681997
3107.765869 0.000000 4529.017578 0.000000 0.488565 0.000000 0.872527 0.603047 0.603047 0.603047
3106.686768 0.000000 4528.217773 0.000000 0.028304 0.000000 0.999599 0.513493 0.513493 0.513493
3111.799072 0.000000 4520.724121 0.000000 0.107790 0.000000 0.994174 0.629089 0.629089 0.629089
3093.700439 0.000000 4531.722168 0.000000 0.593229 0.000000 0.805034 0.688802 0.688802 0.688802
3111.076904 0.000000 4522.681641 0.000000 0.248191 0.000000 0.968711 0.629957 0.629957 0.629957
3106.896973 0.000000 4529.722656 0.000000 0.178611 0.000000 0.983920 0.541590 0.541590 0.541590
3437.242920 0.000000 4413.292480 0.000000 0.057545 0.000000 0.998343 0.653420 0.653420 0.653420
3436.129150 0.000000 4412.611328 0.000000 0.634725 0.000000 0.772738 0.714453 0.714453 0.714453
2951.291992 0.000000 4594.507812 0.000000 0.728114 0.000000 0.685456 0.781145 0.781145 0.781145
2828.838135 0.000000 4721.072266 0.000000 0.551730 0.000000 0.834023 0.647325 0.647325 0.647325
3240.433350 0.000000 4591.895020 0.000000 0.232336 0.000000 0.972636 0.787990 0.787990 0.787990
3250.393555 0.000000 4598.382324 0.000000 0.006823 0.000000 0.999977 0.710977 0.710977 0.710977
3232.145996 0.000000 4603.099609 0.000000 0.420373 0.000000 0.907352 0.734149 0.734149 0.734149
3256.647217 0.000000 4595.065918 0.000000 0.545068 0.000000 0.838392 0.755317 0.755317 0.755317
3243.330322 0.000000 4604.575684 0.000000 0.756988 0.000000 0.653429 0.763733 0.763733 0.763733
3086.421387 0.000000 4686.263184 0.000000 0.467665 0.000000 0.883906 0.781595 0.781595 0.781595
3297.537842 0.000000 4864.191895 0.000000 0.080334 0.000000 0.996768 0.756839 0.756839 0.756839
3316.103760 0.000000 4853.501953 0.000000 0.543443 0.000000 0.839446 0.751251 0.751251 0.751251
3324.708496 0.000000 4855.740723 0.000000 0.088773 0.000000 0.996052 0.745245 0.745245 0.745245
3311.157227 0.000000 4865.885742 0.000000 0.114940 0.000000 0.993372 0.722960 0.722960 0.722960
3303.932861 0.000000 4852.688965 0.000000 0.743460 0.000000 0.668780 0.764154 0.764154 0.764154
3306.565430 0.000000 4856.337402 0.000000 0.147774 0.000000 0.989021 0.707667 0.707667 0.707667
3298.738037 0.000000 4875.636719 0.000000 0.200468 0.000000 0.979700 0.786329 0.786329 0.786329
3299.734863 0.000000 4877.251465 0.000000 0.812265 0.000000 0.583289 0.762063 0.762063 0.762063
7401.077637 0.000000 3109.850098 0.000000 0.763798 0.000000 0.645456 0.748152 0.748152 0.748152
7404.244629 0.000000 3093.868652 0.000000 0.811439 0.000000 0.584438 0.765717 0.765717 0.765717
"}
object={
	name="tree_mangrove_01_generator_1_1"
	render_pass=Map
	clamp_to_water_level=no
	generated_content=yes
	layer="tree_high_layer"
	pdxmesh="tree_mangrove_01_b_mesh"
	count=1018
	transform="296.849243 0.000000 1480.450928 0.000000 0.987814 0.000000 -0.155641 0.804682 0.804682 0.804682
296.762695 0.000000 1505.713379 0.000000 0.990369 0.000000 0.138450 0.793620 0.793620 0.793620
308.761536 0.000000 1487.997437 0.000000 0.995306 0.000000 -0.096775 0.806776 0.806776 0.806776
298.980530 0.000000 1478.713745 0.000000 0.994034 0.000000 0.109068 0.793779 0.793779 0.793779
296.030548 0.000000 1478.873169 0.000000 0.953188 0.000000 -0.302377 0.815338 0.815338 0.815338
3940.511963 0.000000 548.892456 0.000000 0.994301 0.000000 0.106611 0.799573 0.799573 0.799573
3922.734131 0.000000 547.866760 0.000000 0.856631 0.000000 0.515930 0.775640 0.775640 0.775640
3918.075684 0.000000 546.454590 0.000000 0.996415 0.000000 -0.084603 0.807951 0.807951 0.807951
3923.575684 0.000000 550.099060 0.000000 0.999902 0.000000 0.014020 0.799272 0.799272 0.799272
3831.833984 0.000000 645.613831 0.000000 0.988707 0.000000 0.149862 0.798348 0.798348 0.798348
3828.041260 0.000000 648.946716 0.000000 0.971863 0.000000 0.235547 0.795251 0.795251 0.795251
3830.523682 0.000000 647.867310 0.000000 0.997343 0.000000 0.072849 0.797452 0.797452 0.797452
3642.619385 0.000000 754.510681 0.000000 0.985014 0.000000 0.172476 0.799827 0.799827 0.799827
3648.752686 0.000000 755.583252 0.000000 0.999885 0.000000 0.015171 0.799985 0.799985 0.799985
3964.499512 0.000000 577.763000 0.000000 0.976364 0.000000 -0.216135 0.807179 0.807179 0.807179
3905.422607 0.000000 607.991455 0.000000 0.972779 0.000000 0.231735 0.785754 0.785754 0.785754
3895.222900 0.000000 621.548828 0.000000 0.929481 0.000000 0.368870 0.794341 0.794341 0.794341
3840.702393 0.000000 640.965454 0.000000 0.979462 0.000000 0.201629 0.795540 0.795540 0.795540
3852.069092 0.000000 642.321716 0.000000 0.944181 0.000000 -0.329426 0.804693 0.804693 0.804693
3897.444824 0.000000 624.099792 0.000000 0.869415 0.000000 0.494083 0.791743 0.791743 0.791743
3887.169678 0.000000 625.551392 0.000000 0.980660 0.000000 -0.195719 0.803344 0.803344 0.803344
3899.701904 0.000000 619.679260 0.000000 0.999911 0.000000 0.013307 0.799468 0.799468 0.799468
3854.083496 0.000000 640.938965 0.000000 0.917439 0.000000 -0.397877 0.814711 0.814711 0.814711
3839.567383 0.000000 639.016052 0.000000 0.991555 0.000000 0.129683 0.795325 0.795325 0.795325
3580.482422 0.000000 845.129700 0.000000 0.870897 0.000000 0.491466 0.756903 0.756903 0.756903
3577.006348 0.000000 844.668518 0.000000 0.993350 0.000000 -0.115134 0.806568 0.806568 0.806568
3582.523926 0.000000 840.050049 0.000000 0.982057 0.000000 0.188585 0.788632 0.788632 0.788632
3582.231689 0.000000 870.950134 0.000000 0.979527 0.000000 -0.201315 0.803441 0.803441 0.803441
3583.525391 0.000000 873.859253 0.000000 0.997414 0.000000 -0.071866 0.806967 0.806967 0.806967
3638.472168 0.000000 767.828491 0.000000 0.999961 0.000000 0.008791 0.799956 0.799956 0.799956
3652.630127 0.000000 771.125977 0.000000 0.984666 0.000000 0.174448 0.798599 0.798599 0.798599
3652.855957 0.000000 768.736267 0.000000 0.908285 0.000000 -0.418351 0.810776 0.810776 0.810776
3623.980713 0.000000 827.761719 0.000000 0.961534 0.000000 0.274686 0.778048 0.778048 0.778048
3629.364502 0.000000 824.580994 0.000000 0.963588 0.000000 -0.267390 0.804055 0.804055 0.804055
3642.788330 0.000000 816.315491 0.000000 0.958696 0.000000 -0.284433 0.808640 0.808640 0.808640
3619.054932 0.000000 828.777893 0.000000 0.860413 0.000000 0.509597 0.794126 0.794126 0.794126
3614.550049 0.000000 826.350586 0.000000 0.904193 0.000000 0.427123 0.792067 0.792067 0.792067
3587.203369 0.000000 845.509888 0.000000 0.999152 0.000000 0.041162 0.797656 0.797656 0.797656
3610.552490 0.000000 829.649597 0.000000 0.998076 0.000000 -0.062009 0.806258 0.806258 0.806258
3621.481445 0.000000 829.678162 0.000000 0.970448 0.000000 0.241311 0.781990 0.781990 0.781990
3616.773926 0.000000 827.685913 0.000000 0.943377 0.000000 -0.331723 0.816208 0.816208 0.816208
3612.428955 0.000000 825.119995 0.000000 0.976523 0.000000 0.215413 0.792845 0.792845 0.792845
3605.432861 0.000000 830.649963 0.000000 0.942203 0.000000 0.335043 0.778847 0.778847 0.778847
3589.776367 0.000000 832.709534 0.000000 0.899075 0.000000 0.437795 0.764251 0.764251 0.764251
3618.996582 0.000000 826.824463 0.000000 0.984350 0.000000 0.176225 0.789209 0.789209 0.789209
3624.489258 0.000000 829.603210 0.000000 0.856618 0.000000 0.515952 0.772932 0.772932 0.772932
3604.379150 0.000000 831.961182 0.000000 0.943548 0.000000 -0.331237 0.820903 0.820903 0.820903
3622.409912 0.000000 826.760010 0.000000 0.956740 0.000000 0.290943 0.776710 0.776710 0.776710
3693.548828 0.000000 838.141968 0.000000 0.990777 0.000000 -0.135505 0.800814 0.800814 0.800814
3669.114990 0.000000 821.014954 0.000000 0.930690 0.000000 0.365809 0.763724 0.763724 0.763724
3698.164307 0.000000 826.612000 0.000000 0.927410 0.000000 -0.374046 0.803446 0.803446 0.803446
3659.596436 0.000000 809.421631 0.000000 0.987364 0.000000 -0.158469 0.801589 0.801589 0.801589
3648.542236 0.000000 811.201477 0.000000 0.998539 0.000000 -0.054036 0.801134 0.801134 0.801134
3691.059814 0.000000 826.935364 0.000000 0.974690 0.000000 -0.223562 0.809682 0.809682 0.809682
3680.423096 0.000000 845.870239 0.000000 0.929880 0.000000 -0.367864 0.823700 0.823700 0.823700
3674.920410 0.000000 844.100952 0.000000 0.990820 0.000000 0.135190 0.789844 0.789844 0.789844
3658.369385 0.000000 811.503479 0.000000 0.939428 0.000000 0.342747 0.783580 0.783580 0.783580
3672.189941 0.000000 826.663391 0.000000 0.847426 0.000000 0.530913 0.774849 0.774849 0.774849
3700.382812 0.000000 840.113525 0.000000 0.950542 0.000000 0.310597 0.785808 0.785808 0.785808
3666.674072 0.000000 836.470581 0.000000 0.949351 0.000000 0.314217 0.785956 0.785956 0.785956
3680.317871 0.000000 825.832397 0.000000 0.991820 0.000000 -0.127644 0.805496 0.805496 0.805496
3700.347656 0.000000 826.606689 0.000000 0.934511 0.000000 -0.355934 0.836705 0.836705 0.836705
3671.151611 0.000000 831.317627 0.000000 0.960819 0.000000 0.277176 0.768868 0.768868 0.768868
3698.096680 0.000000 843.455994 0.000000 0.918189 0.000000 0.396143 0.779663 0.779663 0.779663
3679.435059 0.000000 822.022888 0.000000 0.980078 0.000000 0.198614 0.787820 0.787820 0.787820
3681.810791 0.000000 844.787476 0.000000 0.999964 0.000000 -0.008501 0.800535 0.800535 0.800535
3684.737061 0.000000 846.720764 0.000000 0.974698 0.000000 -0.223526 0.817784 0.817784 0.817784
3652.874756 0.000000 809.878601 0.000000 0.988881 0.000000 0.148709 0.785392 0.785392 0.785392
3694.321533 0.000000 820.643433 0.000000 0.990296 0.000000 0.138975 0.791507 0.791507 0.791507
3693.525146 0.000000 827.981018 0.000000 0.984213 0.000000 -0.176991 0.814215 0.814215 0.814215
3673.208496 0.000000 833.487732 0.000000 0.992823 0.000000 0.119592 0.787430 0.787430 0.787430
3670.642334 0.000000 830.080383 0.000000 0.948999 0.000000 0.315279 0.764446 0.764446 0.764446
3584.841553 0.000000 868.194214 0.000000 0.953618 0.000000 -0.301020 0.827480 0.827480 0.827480
3590.087158 0.000000 872.798401 0.000000 0.978201 0.000000 0.207661 0.794778 0.794778 0.794778
3588.202148 0.000000 860.161316 0.000000 0.987633 0.000000 -0.156782 0.811791 0.811791 0.811791
3693.548828 0.000000 885.384155 0.000000 0.965827 0.000000 0.259189 0.795811 0.795811 0.795811
3693.356689 0.000000 871.823181 0.000000 0.999998 0.000000 0.002198 0.799974 0.799974 0.799974
3695.214844 0.000000 880.499207 0.000000 0.999697 0.000000 0.024617 0.799557 0.799557 0.799557
3683.047119 0.000000 876.020081 0.000000 0.999310 0.000000 0.037149 0.797032 0.797032 0.797032
3667.805664 0.000000 864.767395 0.000000 0.964084 0.000000 0.265598 0.786040 0.786040 0.786040
3689.663086 0.000000 897.049866 0.000000 0.910949 0.000000 0.412519 0.754989 0.754989 0.754989
3675.126953 0.000000 886.079651 0.000000 0.986660 0.000000 0.162793 0.788406 0.788406 0.788406
3692.689941 0.000000 882.541809 0.000000 0.995903 0.000000 0.090424 0.798192 0.798192 0.798192
3678.564697 0.000000 851.141052 0.000000 0.947909 0.000000 0.318540 0.789317 0.789317 0.789317
3690.675781 0.000000 858.525635 0.000000 0.924711 0.000000 0.380671 0.784401 0.784401 0.784401
3693.399414 0.000000 854.025452 0.000000 0.991334 0.000000 -0.131363 0.807236 0.807236 0.807236
3691.320068 0.000000 870.476807 0.000000 0.967427 0.000000 -0.253149 0.812012 0.812012 0.812012
3669.598877 0.000000 852.347778 0.000000 0.994308 0.000000 -0.106541 0.807035 0.807035 0.807035
3675.885010 0.000000 868.919006 0.000000 0.911237 0.000000 0.411883 0.758455 0.758455 0.758455
3697.472900 0.000000 879.835449 0.000000 0.965958 0.000000 -0.258701 0.817247 0.817247 0.817247
3689.820068 0.000000 854.813843 0.000000 0.940148 0.000000 0.340768 0.786457 0.786457 0.786457
3675.324707 0.000000 866.226990 0.000000 0.989811 0.000000 -0.142386 0.809131 0.809131 0.809131
3696.916748 0.000000 881.921326 0.000000 0.998463 0.000000 -0.055429 0.802271 0.802271 0.802271
3709.305420 0.000000 884.717102 0.000000 0.878766 0.000000 0.477254 0.770686 0.770686 0.770686
3709.003418 0.000000 872.516174 0.000000 0.904041 0.000000 -0.427446 0.819407 0.819407 0.819407
3685.011719 0.000000 866.831848 0.000000 0.984438 0.000000 0.175734 0.786240 0.786240 0.786240
3673.338867 0.000000 872.293884 0.000000 0.999336 0.000000 -0.036449 0.802294 0.802294 0.802294
3683.813965 0.000000 877.845032 0.000000 0.967185 0.000000 0.254073 0.779477 0.779477 0.779477
3687.864990 0.000000 852.182190 0.000000 0.873222 0.000000 0.487324 0.760351 0.760351 0.760351
3691.275635 0.000000 872.442383 0.000000 0.949257 0.000000 -0.314503 0.824920 0.824920 0.824920
3674.251953 0.000000 887.536194 0.000000 0.924545 0.000000 -0.381073 0.827720 0.827720 0.827720
3699.363525 0.000000 893.750305 0.000000 0.971441 0.000000 0.237281 0.784928 0.784928 0.784928
3686.652588 0.000000 855.462891 0.000000 0.902930 0.000000 0.429788 0.766283 0.766283 0.766283
3680.494141 0.000000 856.294861 0.000000 0.984172 0.000000 -0.177218 0.819926 0.819926 0.819926
3683.267090 0.000000 883.583008 0.000000 0.981161 0.000000 0.193194 0.785827 0.785827 0.785827
3680.342041 0.000000 879.349182 0.000000 0.903015 0.000000 -0.429608 0.839467 0.839467 0.839467
3674.315674 0.000000 869.303162 0.000000 0.990018 0.000000 0.140939 0.786161 0.786161 0.786161
3688.514893 0.000000 853.807251 0.000000 0.956769 0.000000 0.290848 0.778192 0.778192 0.778192
3668.118896 0.000000 851.973999 0.000000 0.976566 0.000000 -0.215220 0.815813 0.815813 0.815813
3694.203369 0.000000 865.178162 0.000000 0.953207 0.000000 -0.302317 0.834657 0.834657 0.834657
3669.200928 0.000000 850.941895 0.000000 0.992969 0.000000 0.118377 0.791350 0.791350 0.791350
3682.493652 0.000000 877.480713 0.000000 0.998591 0.000000 0.053062 0.795759 0.795759 0.795759
3688.281494 0.000000 896.950439 0.000000 0.901762 0.000000 -0.432233 0.847313 0.847313 0.847313
3695.716553 0.000000 864.752625 0.000000 0.920728 0.000000 0.390205 0.754766 0.754766 0.754766
3696.159912 0.000000 887.304016 0.000000 0.999916 0.000000 0.012951 0.798461 0.798461 0.798461
3687.182617 0.000000 850.368225 0.000000 0.933277 0.000000 -0.359158 0.835585 0.835585 0.835585
3680.868896 0.000000 857.485168 0.000000 0.986925 0.000000 0.161180 0.781894 0.781894 0.781894
3688.652588 0.000000 890.271240 0.000000 0.983257 0.000000 0.182224 0.776211 0.776211 0.776211
3700.680664 0.000000 889.204712 0.000000 0.972066 0.000000 -0.234708 0.856072 0.856072 0.856072
3695.945068 0.000000 906.080933 0.000000 0.977367 0.000000 0.211552 0.783396 0.783396 0.783396
3692.180176 0.000000 907.994263 0.000000 0.994712 0.000000 0.102699 0.798356 0.798356 0.798356
3709.629150 0.000000 901.759888 0.000000 0.996058 0.000000 -0.088706 0.812950 0.812950 0.812950
3705.389648 0.000000 914.007446 0.000000 0.961858 0.000000 0.273548 0.789486 0.789486 0.789486
3698.817627 0.000000 903.525391 0.000000 0.999926 0.000000 -0.012172 0.800365 0.800365 0.800365
3688.466309 0.000000 897.636536 0.000000 0.852976 0.000000 0.521951 0.741872 0.741872 0.741872
3694.121094 0.000000 907.308044 0.000000 0.924362 0.000000 -0.381516 0.830490 0.830490 0.830490
3705.456543 0.000000 912.163330 0.000000 0.921892 0.000000 0.387447 0.782518 0.782518 0.782518
3710.317627 0.000000 908.552673 0.000000 0.948309 0.000000 -0.317348 0.843536 0.843536 0.843536
3707.485352 0.000000 901.496216 0.000000 0.959415 0.000000 -0.281996 0.824551 0.824551 0.824551
3699.614502 0.000000 913.176331 0.000000 0.996660 0.000000 -0.081664 0.811348 0.811348 0.811348
3706.675781 0.000000 912.320496 0.000000 0.967083 0.000000 -0.254461 0.830318 0.830318 0.830318
3708.626465 0.000000 901.117371 0.000000 0.903797 0.000000 -0.427962 0.864477 0.864477 0.864477
3692.862793 0.000000 899.605042 0.000000 0.916532 0.000000 -0.399961 0.902727 0.902727 0.902727
3695.324707 0.000000 905.113770 0.000000 0.999861 0.000000 -0.016676 0.803647 0.803647 0.803647
3706.477783 0.000000 914.137451 0.000000 0.968752 0.000000 0.248030 0.744433 0.744433 0.744433
3704.416260 0.000000 904.854187 0.000000 0.955883 0.000000 -0.293747 0.870563 0.870563 0.870563
3705.581299 0.000000 905.096558 0.000000 0.964700 0.000000 -0.263353 0.863072 0.863072 0.863072
3707.892090 0.000000 915.368347 0.000000 0.865312 0.000000 0.501234 0.683606 0.683606 0.683606
3705.708984 0.000000 905.886353 0.000000 0.999529 0.000000 -0.030677 0.807262 0.807262 0.807262
3745.333740 0.000000 890.361450 0.000000 0.849543 0.000000 0.527519 0.782243 0.782243 0.782243
3722.358643 0.000000 887.246033 0.000000 0.996802 0.000000 -0.079909 0.804314 0.804314 0.804314
3739.717773 0.000000 895.068054 0.000000 0.998857 0.000000 0.047794 0.794605 0.794605 0.794605
3772.479004 0.000000 890.311279 0.000000 0.932114 0.000000 0.362166 0.773354 0.773354 0.773354
3724.876221 0.000000 890.222656 0.000000 0.999376 0.000000 0.035318 0.799153 0.799153 0.799153
3719.163574 0.000000 885.429321 0.000000 0.962065 0.000000 -0.272821 0.808278 0.808278 0.808278
3764.880127 0.000000 894.429993 0.000000 0.999017 0.000000 -0.044336 0.805182 0.805182 0.805182
3751.589355 0.000000 895.761047 0.000000 0.983304 0.000000 -0.181971 0.807675 0.807675 0.807675
3766.731934 0.000000 895.365051 0.000000 0.912147 0.000000 0.409863 0.767949 0.767949 0.767949
3720.516113 0.000000 886.235229 0.000000 0.982999 0.000000 0.183613 0.788014 0.788014 0.788014
3778.145264 0.000000 892.261963 0.000000 0.941917 0.000000 -0.335847 0.850279 0.850279 0.850279
3767.088379 0.000000 916.604431 0.000000 0.990633 0.000000 0.136555 0.796717 0.796717 0.796717
3755.708740 0.000000 903.318604 0.000000 0.999996 0.000000 0.002902 0.799959 0.799959 0.799959
3762.156494 0.000000 921.096375 0.000000 0.996286 0.000000 0.086105 0.795179 0.795179 0.795179
3741.844727 0.000000 917.287292 0.000000 0.981450 0.000000 0.191716 0.798266 0.798266 0.798266
3741.681885 0.000000 934.911560 0.000000 0.987601 0.000000 0.156988 0.790870 0.790870 0.790870
3716.622314 0.000000 912.852539 0.000000 0.965696 0.000000 -0.259674 0.839348 0.839348 0.839348
3722.792480 0.000000 930.752441 0.000000 0.989041 0.000000 -0.147640 0.805031 0.805031 0.805031
3773.621338 0.000000 901.759888 0.000000 0.981359 0.000000 0.192181 0.794979 0.794979 0.794979
3740.538574 0.000000 926.548950 0.000000 0.971083 0.000000 -0.238740 0.808426 0.808426 0.808426
3762.809814 0.000000 903.525391 0.000000 0.985443 0.000000 0.170004 0.786693 0.786693 0.786693
3729.351562 0.000000 943.265930 0.000000 0.999979 0.000000 -0.006530 0.800248 0.800248 0.800248
3755.052002 0.000000 921.419739 0.000000 0.954760 0.000000 -0.297377 0.813569 0.813569 0.813569
3746.729736 0.000000 910.646851 0.000000 0.996385 0.000000 0.084951 0.795159 0.795159 0.795159
3740.740234 0.000000 900.695496 0.000000 0.987727 0.000000 -0.156187 0.804855 0.804855 0.804855
3716.351562 0.000000 929.093811 0.000000 0.852670 0.000000 0.522450 0.787374 0.787374 0.787374
3770.115479 0.000000 916.727112 0.000000 0.995310 0.000000 -0.096738 0.806096 0.806096 0.806096
3742.556885 0.000000 898.383240 0.000000 0.999982 0.000000 -0.005976 0.800167 0.800167 0.800167
3754.667969 0.000000 905.767822 0.000000 0.971092 0.000000 -0.238707 0.826959 0.826959 0.826959
3762.331055 0.000000 913.491455 0.000000 0.998167 0.000000 0.060520 0.794255 0.794255 0.794255
3722.059326 0.000000 922.181458 0.000000 0.979662 0.000000 0.200653 0.793342 0.793342 0.793342
3748.969971 0.000000 921.739197 0.000000 0.990349 0.000000 0.138599 0.791669 0.791669 0.791669
3770.274170 0.000000 929.531433 0.000000 0.993221 0.000000 -0.116238 0.809424 0.809424 0.809424
3735.311279 0.000000 905.388611 0.000000 0.997052 0.000000 -0.076730 0.802608 0.802608 0.802608
3755.312256 0.000000 917.718994 0.000000 0.971935 0.000000 0.235251 0.786008 0.786008 0.786008
3740.413330 0.000000 919.604370 0.000000 0.931319 0.000000 -0.364204 0.833504 0.833504 0.833504
3737.531250 0.000000 912.233215 0.000000 0.995066 0.000000 0.099216 0.793053 0.793053 0.793053
3714.132080 0.000000 910.605774 0.000000 0.960770 0.000000 -0.277346 0.814313 0.814313 0.814313
3731.794189 0.000000 943.415649 0.000000 0.971356 0.000000 -0.237629 0.816532 0.816532 0.816532
3741.926270 0.000000 928.450317 0.000000 0.955591 0.000000 -0.294698 0.833457 0.833457 0.833457
3754.075684 0.000000 908.440979 0.000000 0.997958 0.000000 -0.063873 0.802936 0.802936 0.802936
3722.539307 0.000000 941.437805 0.000000 0.859922 0.000000 0.510425 0.774858 0.774858 0.774858
3727.825684 0.000000 905.660217 0.000000 0.855437 0.000000 0.517907 0.764663 0.764663 0.764663
3718.411621 0.000000 904.957397 0.000000 0.872764 0.000000 0.488143 0.777593 0.777593 0.777593
3729.337891 0.000000 926.856812 0.000000 0.931170 0.000000 0.364584 0.777267 0.777267 0.777267
3742.420410 0.000000 918.996338 0.000000 0.899577 0.000000 0.436762 0.776980 0.776980 0.776980
3748.303711 0.000000 920.065796 0.000000 0.949531 0.000000 0.313675 0.780883 0.780883 0.780883
3733.296875 0.000000 922.521729 0.000000 0.867837 0.000000 0.496849 0.745479 0.745479 0.745479
3733.290039 0.000000 942.529480 0.000000 0.950668 0.000000 -0.310209 0.827088 0.827088 0.827088
3774.359375 0.000000 911.270691 0.000000 0.979741 0.000000 -0.200267 0.821343 0.821343 0.821343
3725.424561 0.000000 916.440552 0.000000 0.997227 0.000000 -0.074415 0.807736 0.807736 0.807736
3722.991699 0.000000 936.174744 0.000000 0.953656 0.000000 -0.300899 0.828080 0.828080 0.828080
3770.813721 0.000000 928.125854 0.000000 0.950146 0.000000 -0.311806 0.825649 0.825649 0.825649
3738.283203 0.000000 910.956482 0.000000 0.852443 0.000000 0.522821 0.734072 0.734072 0.734072
3773.522461 0.000000 933.397888 0.000000 0.966243 0.000000 0.257633 0.780484 0.780484 0.780484
3772.762939 0.000000 922.244751 0.000000 0.951176 0.000000 0.308648 0.770546 0.770546 0.770546
3719.286377 0.000000 944.607422 0.000000 0.909267 0.000000 0.416212 0.764848 0.764848 0.764848
3762.375732 0.000000 906.723694 0.000000 0.943415 0.000000 0.331614 0.734516 0.734516 0.734516
3724.161621 0.000000 916.092834 0.000000 0.993511 0.000000 -0.113732 0.811837 0.811837 0.811837
3733.551270 0.000000 923.814270 0.000000 0.962912 0.000000 -0.269816 0.828647 0.828647 0.828647
3772.903564 0.000000 920.995911 0.000000 0.848796 0.000000 0.528721 0.732129 0.732129 0.732129
3741.744141 0.000000 929.641052 0.000000 0.936264 0.000000 -0.351297 0.840148 0.840148 0.840148
3739.144043 0.000000 910.086792 0.000000 0.968132 0.000000 0.250442 0.769666 0.769666 0.769666
3718.585693 0.000000 912.750305 0.000000 0.917977 0.000000 -0.396633 0.864758 0.864758 0.864758
3808.029785 0.000000 912.362244 0.000000 0.977849 0.000000 0.209312 0.779574 0.779574 0.779574
3801.306885 0.000000 903.163818 0.000000 0.972000 0.000000 -0.234982 0.803790 0.803790 0.803790
3788.385010 0.000000 917.601562 0.000000 0.999211 0.000000 -0.039724 0.802103 0.802103 0.802103
3799.458984 0.000000 918.858093 0.000000 0.960693 0.000000 0.277613 0.785954 0.785954 0.785954
3788.076904 0.000000 925.774841 0.000000 0.964521 0.000000 -0.264007 0.809872 0.809872 0.809872
3801.631348 0.000000 909.618164 0.000000 0.946081 0.000000 -0.323931 0.820754 0.820754 0.820754
3779.649658 0.000000 915.405396 0.000000 0.961425 0.000000 0.275068 0.785530 0.785530 0.785530
3786.051514 0.000000 922.181458 0.000000 0.994364 0.000000 0.106020 0.797454 0.797454 0.797454
3806.132568 0.000000 910.818787 0.000000 0.999923 0.000000 0.012401 0.799071 0.799071 0.799071
3779.024414 0.000000 898.004211 0.000000 0.988688 0.000000 0.149989 0.787521 0.787521 0.787521
3782.066162 0.000000 930.686768 0.000000 0.935144 0.000000 0.354267 0.771793 0.771793 0.771793
3779.757324 0.000000 924.164551 0.000000 0.911038 0.000000 -0.412323 0.821221 0.821221 0.821221
3815.074219 0.000000 910.193481 0.000000 0.979220 0.000000 0.202800 0.789395 0.789395 0.789395
3786.842285 0.000000 924.080505 0.000000 0.981692 0.000000 -0.190475 0.822966 0.822966 0.822966
3782.657959 0.000000 907.668335 0.000000 0.979153 0.000000 -0.203124 0.819609 0.819609 0.819609
3775.569824 0.000000 932.160583 0.000000 0.984857 0.000000 -0.173370 0.811833 0.811833 0.811833
3809.874756 0.000000 912.216919 0.000000 0.974668 0.000000 0.223657 0.778150 0.778150 0.778150
3809.685791 0.000000 905.709412 0.000000 0.998543 0.000000 0.053955 0.792669 0.792669 0.792669
3814.584961 0.000000 907.152771 0.000000 0.908512 0.000000 0.417859 0.773309 0.773309 0.773309
3812.401123 0.000000 907.237122 0.000000 0.999698 0.000000 -0.024595 0.801425 0.801425 0.801425
3787.451660 0.000000 906.934265 0.000000 0.994977 0.000000 -0.100105 0.811616 0.811616 0.811616
3778.037354 0.000000 898.929932 0.000000 0.996091 0.000000 -0.088332 0.807331 0.807331 0.807331
3779.891602 0.000000 922.836060 0.000000 0.942429 0.000000 0.334408 0.763225 0.763225 0.763225
3783.924316 0.000000 907.432861 0.000000 0.948633 0.000000 0.316379 0.769139 0.769139 0.769139
3787.101807 0.000000 925.230835 0.000000 0.977765 0.000000 0.209702 0.774683 0.774683 0.774683
3852.713135 0.000000 941.696594 0.000000 0.921228 0.000000 0.389024 0.796010 0.796010 0.796010
3854.310791 0.000000 928.874634 0.000000 0.938749 0.000000 0.344602 0.795081 0.795081 0.795081
3855.831787 0.000000 933.900818 0.000000 0.998002 0.000000 -0.063177 0.802462 0.802462 0.802462
3728.368896 0.000000 951.068665 0.000000 0.959236 0.000000 -0.282605 0.820028 0.820028 0.820028
3737.761475 0.000000 962.251099 0.000000 0.973623 0.000000 0.228161 0.794023 0.794023 0.794023
3737.639160 0.000000 956.860352 0.000000 0.892895 0.000000 0.450264 0.784608 0.784608 0.784608
3737.531250 0.000000 959.475403 0.000000 0.850569 0.000000 0.525864 0.764057 0.764057 0.764057
3739.524170 0.000000 952.984924 0.000000 0.998719 0.000000 0.050601 0.797725 0.797725 0.797725
3732.829102 0.000000 957.378052 0.000000 0.906027 0.000000 -0.423219 0.822692 0.822692 0.822692
3735.998291 0.000000 958.308777 0.000000 0.990448 0.000000 -0.137887 0.805525 0.805525 0.805525
3741.261719 0.000000 944.846558 0.000000 0.922140 0.000000 -0.386857 0.848394 0.848394 0.848394
3833.886230 0.000000 995.725464 0.000000 0.900778 0.000000 0.434280 0.786990 0.786990 0.786990
3835.709717 0.000000 997.616760 0.000000 0.993803 0.000000 -0.111158 0.803337 0.803337 0.803337
3845.211670 0.000000 969.654724 0.000000 0.953106 0.000000 0.302636 0.796316 0.796316 0.796316
3844.606689 0.000000 960.094727 0.000000 0.992190 0.000000 0.124736 0.796503 0.796503 0.796503
3847.182617 0.000000 956.859131 0.000000 0.974674 0.000000 0.223629 0.790090 0.790090 0.790090
3850.493896 0.000000 975.280273 0.000000 0.998349 0.000000 -0.057433 0.801549 0.801549 0.801549
3843.629150 0.000000 967.229919 0.000000 0.891525 0.000000 0.452972 0.784039 0.784039 0.784039
3849.016113 0.000000 951.362671 0.000000 0.989489 0.000000 0.144609 0.792319 0.792319 0.792319
3852.789795 0.000000 955.219238 0.000000 0.922982 0.000000 0.384844 0.782642 0.782642 0.782642
1600.863892 0.000000 2256.691406 0.000000 0.858075 0.000000 0.513525 0.732144 0.732144 0.732144
1605.853760 0.000000 2262.494873 0.000000 0.855582 0.000000 0.517667 0.758704 0.758704 0.758704
1622.554810 0.000000 2259.587646 0.000000 0.999703 0.000000 0.024391 0.797735 0.797735 0.797735
1623.544556 0.000000 2256.844727 0.000000 0.896721 0.000000 0.442596 0.726285 0.726285 0.726285
1631.825684 0.000000 2248.560303 0.000000 0.996284 0.000000 -0.086133 0.817482 0.817482 0.817482
1605.634033 0.000000 2267.212646 0.000000 0.912274 0.000000 -0.409581 0.885547 0.885547 0.885547
482.327454 0.000000 2490.666504 0.000000 0.976464 0.000000 0.215679 0.788277 0.788277 0.788277
483.388062 0.000000 2488.169678 0.000000 0.997936 0.000000 -0.064214 0.804941 0.804941 0.804941
484.364044 0.000000 2477.276611 0.000000 0.999931 0.000000 -0.011711 0.800339 0.800339 0.800339
493.601990 0.000000 2476.362305 0.000000 0.891537 0.000000 0.452947 0.763385 0.763385 0.763385
4151.685547 0.000000 650.341370 0.000000 0.931547 0.000000 0.363621 0.797027 0.797027 0.797027
4172.674316 0.000000 658.243469 0.000000 0.999230 0.000000 0.039235 0.799686 0.799686 0.799686
4177.296875 0.000000 659.812805 0.000000 0.861587 0.000000 0.507610 0.785113 0.785113 0.785113
4175.371582 0.000000 661.004822 0.000000 0.985185 0.000000 -0.171495 0.808089 0.808089 0.808089
4214.614746 0.000000 686.487610 0.000000 0.886260 0.000000 0.463188 0.779320 0.779320 0.779320
4182.768555 0.000000 673.256042 0.000000 0.916993 0.000000 0.398904 0.795493 0.795493 0.795493
4214.977539 0.000000 703.011414 0.000000 0.986932 0.000000 0.161139 0.798869 0.798869 0.798869
4180.823242 0.000000 669.048584 0.000000 0.912824 0.000000 0.408353 0.796639 0.796639 0.796639
4197.720215 0.000000 701.842651 0.000000 0.853844 0.000000 0.520529 0.774304 0.774304 0.774304
4179.928711 0.000000 665.275757 0.000000 0.919070 0.000000 0.394095 0.763997 0.763997 0.763997
4221.572266 0.000000 704.974060 0.000000 0.999944 0.000000 0.010618 0.799618 0.799618 0.799618
4195.368652 0.000000 698.606506 0.000000 0.918023 0.000000 -0.396527 0.815880 0.815880 0.815880
4202.354980 0.000000 688.373901 0.000000 0.927737 0.000000 0.373236 0.787395 0.787395 0.787395
4217.187012 0.000000 700.537598 0.000000 0.967842 0.000000 -0.251559 0.808380 0.808380 0.808380
4218.536621 0.000000 704.004944 0.000000 0.999801 0.000000 -0.019969 0.801057 0.801057 0.801057
4177.377441 0.000000 665.292419 0.000000 0.990604 0.000000 0.136760 0.783971 0.783971 0.783971
4183.865723 0.000000 692.724304 0.000000 0.969802 0.000000 -0.243893 0.811564 0.811564 0.811564
4178.608887 0.000000 678.295654 0.000000 0.930067 0.000000 0.367391 0.777835 0.777835 0.777835
4177.383789 0.000000 661.443604 0.000000 0.943554 0.000000 -0.331220 0.825285 0.825285 0.825285
4203.763672 0.000000 707.258240 0.000000 0.905256 0.000000 -0.424866 0.823225 0.823225 0.823225
4182.699707 0.000000 705.354553 0.000000 0.998604 0.000000 0.052812 0.797045 0.797045 0.797045
4209.410645 0.000000 690.866699 0.000000 0.949842 0.000000 0.312731 0.755215 0.755215 0.755215
4178.603027 0.000000 663.520508 0.000000 0.997046 0.000000 0.076805 0.793474 0.793474 0.793474
4180.774902 0.000000 673.924927 0.000000 0.966759 0.000000 -0.255688 0.810070 0.810070 0.810070
4177.287109 0.000000 684.966248 0.000000 0.999601 0.000000 -0.028238 0.801044 0.801044 0.801044
4199.607910 0.000000 691.587280 0.000000 0.994818 0.000000 -0.101672 0.808137 0.808137 0.808137
4184.434570 0.000000 688.288696 0.000000 0.862831 0.000000 0.505493 0.765601 0.765601 0.765601
4175.402832 0.000000 665.675049 0.000000 0.863101 0.000000 0.505032 0.761934 0.761934 0.761934
4185.276855 0.000000 683.325134 0.000000 0.912035 0.000000 0.410112 0.781854 0.781854 0.781854
4178.796875 0.000000 674.036316 0.000000 0.921795 0.000000 -0.387678 0.852876 0.852876 0.852876
4212.285645 0.000000 684.880127 0.000000 0.996970 0.000000 -0.077788 0.806376 0.806376 0.806376
4182.001953 0.000000 692.994385 0.000000 0.993984 0.000000 0.109526 0.794849 0.794849 0.794849
4210.038086 0.000000 703.730286 0.000000 0.984144 0.000000 0.177372 0.790028 0.790028 0.790028
4168.428223 0.000000 701.915771 0.000000 0.969590 0.000000 0.244734 0.784692 0.784692 0.784692
4180.309082 0.000000 690.234619 0.000000 0.975669 0.000000 0.219249 0.781237 0.781237 0.781237
4176.963379 0.000000 663.765625 0.000000 0.984160 0.000000 -0.177282 0.821001 0.821001 0.821001
4205.248047 0.000000 707.995605 0.000000 0.869895 0.000000 0.493236 0.762398 0.762398 0.762398
4174.104004 0.000000 663.955994 0.000000 0.856584 0.000000 0.516007 0.761017 0.761017 0.761017
4177.584473 0.000000 666.798279 0.000000 0.998691 0.000000 0.051150 0.796065 0.796065 0.796065
4178.524902 0.000000 662.188477 0.000000 0.992057 0.000000 -0.125786 0.810705 0.810705 0.810705
4208.158691 0.000000 690.588745 0.000000 0.969853 0.000000 0.243691 0.765338 0.765338 0.765338
4178.554199 0.000000 675.277710 0.000000 0.992742 0.000000 -0.120262 0.816012 0.816012 0.816012
4177.438477 0.000000 662.682007 0.000000 0.940648 0.000000 0.339383 0.759198 0.759198 0.759198
4179.839355 0.000000 674.632751 0.000000 0.942687 0.000000 -0.333677 0.845184 0.845184 0.845184
4158.161621 0.000000 729.223572 0.000000 0.857259 0.000000 0.514885 0.772453 0.772453 0.772453
4158.334961 0.000000 750.048218 0.000000 0.911296 0.000000 -0.411752 0.820342 0.820342 0.820342
4160.771484 0.000000 726.467651 0.000000 0.923987 0.000000 -0.382425 0.823905 0.823905 0.823905
4215.677734 0.000000 744.825745 0.000000 0.998781 0.000000 -0.049355 0.801282 0.801282 0.801282
4200.316406 0.000000 718.034973 0.000000 0.879931 0.000000 0.475101 0.797528 0.797528 0.797528
4176.092285 0.000000 725.758179 0.000000 0.971158 0.000000 0.238436 0.784613 0.784613 0.784613
4187.663086 0.000000 753.341492 0.000000 0.969715 0.000000 -0.244241 0.815769 0.815769 0.815769
4198.764648 0.000000 744.431763 0.000000 0.977265 0.000000 -0.212020 0.807894 0.807894 0.807894
4166.312988 0.000000 752.394592 0.000000 0.848592 0.000000 0.529048 0.787196 0.787196 0.787196
4177.029297 0.000000 720.420532 0.000000 0.998346 0.000000 0.057498 0.798047 0.798047 0.798047
4193.875000 0.000000 742.705322 0.000000 0.971605 0.000000 0.236608 0.791174 0.791174 0.791174
4205.294434 0.000000 730.096619 0.000000 0.893086 0.000000 0.449886 0.768778 0.768778 0.768778
4180.867188 0.000000 746.705994 0.000000 0.934065 0.000000 0.357103 0.771556 0.771556 0.771556
4207.856445 0.000000 712.826843 0.000000 0.942100 0.000000 -0.335332 0.816050 0.816050 0.816050
4183.412598 0.000000 729.889343 0.000000 0.999969 0.000000 0.007816 0.799711 0.799711 0.799711
4215.863281 0.000000 708.748962 0.000000 0.935553 0.000000 -0.353187 0.808651 0.808651 0.808651
4189.756348 0.000000 750.116150 0.000000 0.885264 0.000000 0.465088 0.769084 0.769084 0.769084
4170.738281 0.000000 741.783691 0.000000 0.986884 0.000000 -0.161430 0.804210 0.804210 0.804210
4190.479980 0.000000 731.866211 0.000000 0.965582 0.000000 -0.260100 0.803679 0.803679 0.803679
4172.030273 0.000000 736.806091 0.000000 0.963416 0.000000 0.268009 0.795665 0.795665 0.795665
4200.108887 0.000000 714.558838 0.000000 0.998098 0.000000 0.061652 0.797967 0.797967 0.797967
4177.491211 0.000000 739.893433 0.000000 0.997915 0.000000 -0.064537 0.801290 0.801290 0.801290
4195.381836 0.000000 751.162659 0.000000 0.977398 0.000000 -0.211407 0.803616 0.803616 0.803616
4213.628418 0.000000 747.432617 0.000000 0.993267 0.000000 -0.115848 0.808696 0.808696 0.808696
4200.373047 0.000000 724.575867 0.000000 0.986562 0.000000 0.163388 0.785085 0.785085 0.785085
4187.064453 0.000000 744.353088 0.000000 0.960700 0.000000 -0.277589 0.809831 0.809831 0.809831
4192.360840 0.000000 751.385864 0.000000 0.869769 0.000000 0.493459 0.774748 0.774748 0.774748
4177.459961 0.000000 717.575378 0.000000 0.992365 0.000000 -0.123336 0.805927 0.805927 0.805927
4164.296875 0.000000 740.125061 0.000000 0.962725 0.000000 -0.270481 0.814223 0.814223 0.814223
4217.608887 0.000000 715.178528 0.000000 0.973241 0.000000 -0.229785 0.812735 0.812735 0.812735
4170.004883 0.000000 733.212708 0.000000 0.917321 0.000000 -0.398149 0.822491 0.822491 0.822491
4205.336914 0.000000 712.298889 0.000000 0.944406 0.000000 -0.328781 0.844830 0.844830 0.844830
4210.740234 0.000000 729.778320 0.000000 0.956674 0.000000 0.291162 0.791149 0.791149 0.791149
4159.575684 0.000000 728.741455 0.000000 0.936468 0.000000 0.350753 0.781748 0.781748 0.781748
4202.735352 0.000000 708.790527 0.000000 0.994228 0.000000 0.107285 0.795814 0.795814 0.795814
4206.999023 0.000000 715.012085 0.000000 0.993697 0.000000 0.112096 0.791475 0.791475 0.791475
4162.704590 0.000000 717.454041 0.000000 0.999866 0.000000 0.016349 0.798841 0.798841 0.798841
4206.593750 0.000000 741.784729 0.000000 0.975920 0.000000 0.218129 0.783311 0.783311 0.783311
4202.020996 0.000000 719.472229 0.000000 0.955266 0.000000 0.295748 0.788607 0.788607 0.788607
4161.446777 0.000000 737.463806 0.000000 0.999968 0.000000 -0.008047 0.800579 0.800579 0.800579
4167.508301 0.000000 750.675171 0.000000 0.998655 0.000000 -0.051850 0.805595 0.805595 0.805595
4203.284668 0.000000 721.177917 0.000000 0.998836 0.000000 0.048237 0.797639 0.797639 0.797639
4215.469238 0.000000 738.012817 0.000000 0.923963 0.000000 -0.382483 0.821949 0.821949 0.821949
4159.896973 0.000000 724.621460 0.000000 0.978559 0.000000 0.205966 0.788399 0.788399 0.788399
4183.951660 0.000000 712.440918 0.000000 0.990851 0.000000 -0.134958 0.805272 0.805272 0.805272
4170.795898 0.000000 735.111755 0.000000 0.914225 0.000000 -0.405208 0.835414 0.835414 0.835414
4218.521973 0.000000 749.225037 0.000000 0.980429 0.000000 -0.196873 0.817019 0.817019 0.817019
4216.573730 0.000000 729.096130 0.000000 0.855802 0.000000 0.517303 0.775024 0.775024 0.775024
4207.194336 0.000000 748.394531 0.000000 0.992505 0.000000 -0.122205 0.810766 0.810766 0.810766
4193.158691 0.000000 735.106934 0.000000 0.922993 0.000000 0.384816 0.769626 0.769626 0.769626
4176.007324 0.000000 718.835022 0.000000 0.978611 0.000000 -0.205717 0.810139 0.810139 0.810139
4215.357910 0.000000 748.350647 0.000000 0.947594 0.000000 0.319477 0.773048 0.773048 0.773048
4165.224121 0.000000 743.900574 0.000000 0.998839 0.000000 -0.048170 0.804138 0.804138 0.804138
4170.225586 0.000000 737.149292 0.000000 0.997961 0.000000 -0.063820 0.804273 0.804273 0.804273
4213.405273 0.000000 749.337708 0.000000 0.964472 0.000000 0.264185 0.771966 0.771966 0.771966
4203.213379 0.000000 730.715820 0.000000 0.986699 0.000000 0.162557 0.789728 0.789728 0.789728
4196.249023 0.000000 731.097046 0.000000 0.975961 0.000000 -0.217946 0.819746 0.819746 0.819746
4179.394531 0.000000 727.188538 0.000000 0.968238 0.000000 0.250032 0.781073 0.781073 0.781073
4168.428223 0.000000 749.157959 0.000000 0.970087 0.000000 -0.242757 0.813713 0.813713 0.813713
4177.205566 0.000000 722.038757 0.000000 0.932988 0.000000 0.359907 0.771322 0.771322 0.771322
4206.259277 0.000000 726.159058 0.000000 0.904231 0.000000 -0.427044 0.827318 0.827318 0.827318
4203.253418 0.000000 712.581116 0.000000 0.914230 0.000000 -0.405197 0.829163 0.829163 0.829163
4180.189941 0.000000 750.646667 0.000000 0.944901 0.000000 0.327356 0.779351 0.779351 0.779351
4217.216797 0.000000 739.438599 0.000000 0.907701 0.000000 0.419619 0.764973 0.764973 0.764973
4171.405273 0.000000 717.965515 0.000000 0.993872 0.000000 -0.110540 0.807854 0.807854 0.807854
4163.820801 0.000000 716.501099 0.000000 0.963609 0.000000 0.267316 0.780813 0.780813 0.780813
4186.228516 0.000000 721.987732 0.000000 0.929866 0.000000 0.367898 0.741309 0.741309 0.741309
4207.832520 0.000000 741.153259 0.000000 0.999976 0.000000 0.006871 0.799478 0.799478 0.799478
4159.659180 0.000000 727.338501 0.000000 0.946060 0.000000 -0.323991 0.828666 0.828666 0.828666
4173.812012 0.000000 728.994934 0.000000 0.993143 0.000000 -0.116908 0.809946 0.809946 0.809946
4204.745117 0.000000 713.478210 0.000000 0.897496 0.000000 0.441023 0.738882 0.738882 0.738882
4227.522949 0.000000 695.637146 0.000000 0.944980 0.000000 -0.327129 0.817971 0.817971 0.817971
4224.655762 0.000000 688.207642 0.000000 0.975428 0.000000 -0.220317 0.813975 0.813975 0.813975
4253.776367 0.000000 705.176636 0.000000 0.991908 0.000000 -0.126962 0.805339 0.805339 0.805339
4235.043457 0.000000 708.541748 0.000000 0.872251 0.000000 0.489058 0.781629 0.781629 0.781629
4250.165039 0.000000 707.809509 0.000000 0.921880 0.000000 0.387475 0.775365 0.775365 0.775365
4239.363770 0.000000 708.247009 0.000000 0.946869 0.000000 0.321621 0.780381 0.780381 0.780381
4227.341797 0.000000 691.666565 0.000000 0.999001 0.000000 -0.044682 0.803883 0.803883 0.803883
4257.239746 0.000000 708.913574 0.000000 0.997230 0.000000 0.074380 0.793458 0.793458 0.793458
4243.735352 0.000000 723.040833 0.000000 0.990944 0.000000 0.134274 0.792872 0.792872 0.792872
4227.254883 0.000000 711.380310 0.000000 0.920667 0.000000 -0.390349 0.816419 0.816419 0.816419
4236.022461 0.000000 736.806091 0.000000 0.988852 0.000000 -0.148899 0.809403 0.809403 0.809403
4227.125488 0.000000 751.025513 0.000000 0.924102 0.000000 0.382147 0.783162 0.783162 0.783162
4224.561523 0.000000 709.532288 0.000000 0.909284 0.000000 0.416175 0.789713 0.789713 0.789713
4241.483398 0.000000 739.893433 0.000000 0.849813 0.000000 0.527085 0.786694 0.786694 0.786694
4231.443848 0.000000 728.814880 0.000000 0.862419 0.000000 0.506194 0.760778 0.760778 0.760778
4238.037109 0.000000 735.423340 0.000000 0.960593 0.000000 0.277959 0.786780 0.786780 0.786780
4223.582031 0.000000 737.091431 0.000000 0.847983 0.000000 0.530024 0.752024 0.752024 0.752024
4239.763184 0.000000 716.691467 0.000000 0.980557 0.000000 0.196236 0.790335 0.790335 0.790335
4234.217773 0.000000 737.149292 0.000000 0.918539 0.000000 0.395330 0.767531 0.767531 0.767531
4225.315918 0.000000 711.138611 0.000000 0.919797 0.000000 -0.392395 0.832617 0.832617 0.832617
4233.226562 0.000000 746.480896 0.000000 0.997120 0.000000 0.075843 0.790827 0.790827 0.790827
4156.878418 0.000000 756.077637 0.000000 0.931439 0.000000 -0.363898 0.815249 0.815249 0.815249
4159.272461 0.000000 768.201538 0.000000 0.931306 0.000000 -0.364237 0.818243 0.818243 0.818243
4154.726074 0.000000 769.073303 0.000000 1.000000 0.000000 -0.000037 0.800002 0.800002 0.800002
4158.263184 0.000000 765.027527 0.000000 0.998835 0.000000 0.048262 0.798361 0.798361 0.798361
4191.807129 0.000000 760.356201 0.000000 0.903607 0.000000 -0.428362 0.827408 0.827408 0.827408
4220.870605 0.000000 756.077637 0.000000 0.978171 0.000000 0.207803 0.799164 0.799164 0.799164
4176.314453 0.000000 762.099915 0.000000 0.985929 0.000000 -0.167165 0.806877 0.806877 0.806877
4217.839844 0.000000 759.514526 0.000000 0.992768 0.000000 -0.120046 0.806009 0.806009 0.806009
4164.710938 0.000000 776.227478 0.000000 0.992111 0.000000 0.125361 0.797615 0.797615 0.797615
4168.627441 0.000000 770.596924 0.000000 0.992384 0.000000 0.123182 0.794944 0.794944 0.794944
4194.110352 0.000000 762.098633 0.000000 0.954763 0.000000 -0.297367 0.808141 0.808141 0.808141
4212.372070 0.000000 756.416138 0.000000 0.946035 0.000000 0.324065 0.788136 0.788136 0.788136
4212.209961 0.000000 769.199280 0.000000 0.992802 0.000000 0.119769 0.792327 0.792327 0.792327
4206.714844 0.000000 769.354187 0.000000 0.999770 0.000000 -0.021440 0.801499 0.801499 0.801499
4189.877930 0.000000 760.450012 0.000000 0.847455 0.000000 0.530867 0.764792 0.764792 0.764792
4195.552734 0.000000 760.351318 0.000000 0.999097 0.000000 0.042476 0.797497 0.797497 0.797497
4223.784180 0.000000 759.929260 0.000000 0.985941 0.000000 0.167091 0.792456 0.792456 0.792456
4264.308594 0.000000 765.277161 0.000000 0.997266 0.000000 -0.073895 0.802954 0.802954 0.802954
4238.280762 0.000000 765.161133 0.000000 0.897613 0.000000 0.440784 0.792707 0.792707 0.792707
4247.147949 0.000000 771.114502 0.000000 0.986741 0.000000 0.162304 0.797558 0.797558 0.797558
4241.452148 0.000000 764.817566 0.000000 0.990275 0.000000 0.139126 0.797352 0.797352 0.797352
4266.605957 0.000000 764.041260 0.000000 0.990395 0.000000 0.138270 0.796952 0.796952 0.796952
4254.078125 0.000000 769.092224 0.000000 0.973834 0.000000 -0.227261 0.820147 0.820147 0.820147
4262.664551 0.000000 773.407593 0.000000 0.900606 0.000000 0.434636 0.763630 0.763630 0.763630
4269.336914 0.000000 768.004639 0.000000 0.959351 0.000000 0.282216 0.779429 0.779429 0.779429
4239.999512 0.000000 766.077209 0.000000 0.948651 0.000000 -0.316324 0.827963 0.827963 0.827963
4259.617676 0.000000 767.180786 0.000000 0.883261 0.000000 0.468882 0.765885 0.765885 0.765885
4245.745117 0.000000 769.937256 0.000000 0.912866 0.000000 -0.408259 0.825198 0.825198 0.825198
4256.767090 0.000000 769.035400 0.000000 0.999433 0.000000 -0.033673 0.802119 0.802119 0.802119
4246.014648 0.000000 764.151367 0.000000 0.991466 0.000000 -0.130363 0.812403 0.812403 0.812403
5111.568359 0.000000 1264.489868 0.000000 0.941953 0.000000 0.335745 0.781536 0.781536 0.781536
5116.490234 0.000000 1265.334229 0.000000 0.937059 0.000000 0.349171 0.766518 0.766518 0.766518
5117.358398 0.000000 1264.093262 0.000000 0.997075 0.000000 0.076428 0.792819 0.792819 0.792819
5140.341309 0.000000 1035.682251 0.000000 0.899694 0.000000 0.436522 0.769776 0.769776 0.769776
5134.993652 0.000000 1032.157715 0.000000 0.953714 0.000000 0.300716 0.771938 0.771938 0.771938
5138.210938 0.000000 1035.898315 0.000000 0.971862 0.000000 0.235551 0.779104 0.779104 0.779104
5138.115234 0.000000 1034.203979 0.000000 0.877701 0.000000 0.479209 0.756082 0.756082 0.756082
5135.350098 0.000000 1033.578003 0.000000 0.859227 0.000000 0.511594 0.750661 0.750661 0.750661
5135.236328 0.000000 1030.917603 0.000000 0.992415 0.000000 0.122935 0.777600 0.777600 0.777600
5149.639160 0.000000 1080.811523 0.000000 0.931695 0.000000 -0.363242 0.810394 0.810394 0.810394
5153.993164 0.000000 1045.551758 0.000000 0.893411 0.000000 0.449239 0.766501 0.766501 0.766501
5141.820801 0.000000 1048.983032 0.000000 0.920269 0.000000 -0.391286 0.850184 0.850184 0.850184
5155.312988 0.000000 1047.163208 0.000000 0.979025 0.000000 -0.203738 0.809630 0.809630 0.809630
5168.831543 0.000000 1053.941895 0.000000 0.982789 0.000000 -0.184731 0.837108 0.837108 0.837108
5153.521973 0.000000 1047.436035 0.000000 0.989187 0.000000 0.146658 0.783538 0.783538 0.783538
5152.314941 0.000000 1045.263672 0.000000 0.954433 0.000000 -0.298425 0.821789 0.821789 0.821789
5140.164551 0.000000 1048.427979 0.000000 0.908991 0.000000 -0.416816 0.853668 0.853668 0.853668
5152.689453 0.000000 1046.453979 0.000000 0.914332 0.000000 -0.404965 0.846633 0.846633 0.846633
5139.758301 0.000000 1046.246216 0.000000 0.988559 0.000000 0.150835 0.778831 0.778831 0.778831
5140.754883 0.000000 1049.388550 0.000000 0.985740 0.000000 -0.168274 0.821106 0.821106 0.821106
5135.349121 0.000000 1088.297607 0.000000 0.980140 0.000000 -0.198306 0.804585 0.804585 0.804585
5150.362793 0.000000 1109.803833 0.000000 0.959594 0.000000 0.281389 0.778636 0.778636 0.778636
5153.993164 0.000000 1092.793945 0.000000 0.982848 0.000000 -0.184418 0.805742 0.805742 0.805742
5145.965820 0.000000 1089.666016 0.000000 0.870016 0.000000 0.493024 0.773743 0.773743 0.773743
5151.912109 0.000000 1107.177490 0.000000 0.903438 0.000000 0.428718 0.784956 0.784956 0.784956
5141.245605 0.000000 1114.103149 0.000000 0.981602 0.000000 0.190938 0.787146 0.787146 0.787146
5135.285645 0.000000 1090.854858 0.000000 0.995242 0.000000 -0.097431 0.805750 0.805750 0.805750
5141.811523 0.000000 1123.785645 0.000000 0.998940 0.000000 0.046030 0.795816 0.795816 0.795816
5357.326172 0.000000 1102.659424 0.000000 0.991110 0.000000 -0.133047 0.818523 0.818523 0.818523
5357.439453 0.000000 1105.156738 0.000000 0.930624 0.000000 -0.365978 0.850138 0.850138 0.850138
5358.752441 0.000000 1103.224976 0.000000 0.974715 0.000000 -0.223450 0.833081 0.833081 0.833081
5358.997559 0.000000 1104.631714 0.000000 0.953764 0.000000 -0.300555 0.843289 0.843289 0.843289
5175.066895 0.000000 1141.212891 0.000000 0.976774 0.000000 -0.214270 0.807763 0.807763 0.807763
5182.805176 0.000000 1150.121094 0.000000 0.997024 0.000000 0.077097 0.797457 0.797457 0.797457
5169.794922 0.000000 1141.650391 0.000000 0.962975 0.000000 -0.269591 0.813630 0.813630 0.813630
5181.083984 0.000000 1150.041504 0.000000 0.999521 0.000000 -0.030937 0.803337 0.803337 0.803337
5224.798340 0.000000 1177.389526 0.000000 0.909016 0.000000 0.416760 0.766945 0.766945 0.766945
5196.549316 0.000000 1177.907593 0.000000 0.970585 0.000000 0.240759 0.783003 0.783003 0.783003
5192.323242 0.000000 1151.525757 0.000000 0.986623 0.000000 0.163018 0.794440 0.794440 0.794440
5243.849609 0.000000 1141.704468 0.000000 0.998423 0.000000 -0.056144 0.802244 0.802244 0.802244
5244.151855 0.000000 1164.301147 0.000000 0.980182 0.000000 -0.198101 0.800797 0.800797 0.800797
5213.043457 0.000000 1143.651978 0.000000 0.963839 0.000000 -0.266487 0.805118 0.805118 0.805118
5208.722656 0.000000 1162.713989 0.000000 0.975946 0.000000 0.218013 0.798244 0.798244 0.798244
5202.578125 0.000000 1162.015259 0.000000 0.903188 0.000000 -0.429246 0.813291 0.813291 0.813291
5188.585938 0.000000 1154.165039 0.000000 0.970904 0.000000 -0.239469 0.803622 0.803622 0.803622
5204.742188 0.000000 1171.885742 0.000000 0.905651 0.000000 0.424025 0.774638 0.774638 0.774638
5192.720703 0.000000 1160.759521 0.000000 0.914918 0.000000 -0.403639 0.807883 0.807883 0.807883
5212.696777 0.000000 1139.978271 0.000000 0.929140 0.000000 0.369728 0.783359 0.783359 0.783359
5241.062012 0.000000 1172.959473 0.000000 0.933167 0.000000 0.359442 0.772463 0.772463 0.772463
5192.930664 0.000000 1138.089355 0.000000 0.917469 0.000000 0.397808 0.776303 0.776303 0.776303
5242.411621 0.000000 1176.426880 0.000000 0.917301 0.000000 -0.398194 0.810225 0.810225 0.810225
5201.366211 0.000000 1165.073120 0.000000 0.948583 0.000000 0.316530 0.784562 0.784562 0.784562
5235.432617 0.000000 1175.295776 0.000000 0.981720 0.000000 -0.190333 0.803060 0.803060 0.803060
5224.248047 0.000000 1149.755615 0.000000 0.997203 0.000000 0.074735 0.798058 0.798058 0.798058
5232.328613 0.000000 1175.103882 0.000000 0.874209 0.000000 0.485550 0.783799 0.783799 0.783799
5214.892090 0.000000 1168.549683 0.000000 0.924331 0.000000 -0.381592 0.812120 0.812120 0.812120
5236.700684 0.000000 1177.883179 0.000000 0.963028 0.000000 -0.269400 0.810351 0.810351 0.810351
5217.985352 0.000000 1140.036133 0.000000 0.971335 0.000000 -0.237716 0.807430 0.807430 0.807430
5203.240723 0.000000 1169.338867 0.000000 0.974042 0.000000 -0.226366 0.811173 0.811173 0.811173
5210.204102 0.000000 1165.122559 0.000000 0.855111 0.000000 0.518445 0.784760 0.784760 0.784760
5196.988281 0.000000 1151.195068 0.000000 0.948496 0.000000 -0.316789 0.810623 0.810623 0.810623
5234.151367 0.000000 1149.702393 0.000000 0.991180 0.000000 -0.132519 0.806238 0.806238 0.806238
5207.374512 0.000000 1152.419556 0.000000 0.998835 0.000000 -0.048247 0.802410 0.802410 0.802410
5224.983887 0.000000 1170.324097 0.000000 0.978238 0.000000 -0.207488 0.808140 0.808140 0.808140
5222.895508 0.000000 1172.100464 0.000000 0.999233 0.000000 0.039150 0.798436 0.798436 0.798436
5207.131836 0.000000 1141.599609 0.000000 0.893164 0.000000 0.449730 0.785560 0.785560 0.785560
5227.132812 0.000000 1153.930054 0.000000 0.947439 0.000000 -0.319937 0.819838 0.819838 0.819838
5240.695312 0.000000 1167.733032 0.000000 0.933137 0.000000 -0.359522 0.816893 0.816893 0.816893
5186.579590 0.000000 1142.633789 0.000000 0.999677 0.000000 -0.025414 0.801650 0.801650 0.801650
5183.771973 0.000000 1149.801147 0.000000 0.992658 0.000000 0.120955 0.791040 0.791040 0.791040
5194.670898 0.000000 1160.291504 0.000000 0.908623 0.000000 0.417617 0.758698 0.758698 0.758698
5213.752930 0.000000 1141.830078 0.000000 0.943885 0.000000 -0.330274 0.822521 0.822521 0.822521
5238.378906 0.000000 1177.209839 0.000000 0.994216 0.000000 0.107398 0.791941 0.791941 0.791941
5223.429688 0.000000 1148.177856 0.000000 0.987487 0.000000 0.157703 0.788139 0.788139 0.788139
5196.479980 0.000000 1136.215088 0.000000 0.986202 0.000000 -0.165549 0.810131 0.810131 0.810131
5233.913086 0.000000 1176.152222 0.000000 0.860481 0.000000 0.509483 0.758894 0.758894 0.758894
5220.821777 0.000000 1175.770874 0.000000 0.963532 0.000000 -0.267592 0.822453 0.822453 0.822453
5153.162109 0.000000 1221.056885 0.000000 0.911054 0.000000 -0.412286 0.821219 0.821219 0.821219
5175.560547 0.000000 1217.247681 0.000000 0.927450 0.000000 0.373948 0.776271 0.776271 0.776271
5169.618652 0.000000 1225.091431 0.000000 0.910348 0.000000 -0.413844 0.827269 0.827269 0.827269
5145.052734 0.000000 1219.575562 0.000000 0.996378 0.000000 -0.085034 0.806972 0.806972 0.806972
5180.307129 0.000000 1221.006714 0.000000 0.985414 0.000000 0.170173 0.795902 0.795902 0.795902
5178.601074 0.000000 1194.253052 0.000000 0.948599 0.000000 0.316482 0.786816 0.786816 0.786816
5173.205566 0.000000 1202.993042 0.000000 0.993281 0.000000 -0.115726 0.803012 0.803012 0.803012
5137.179688 0.000000 1226.719116 0.000000 0.944602 0.000000 0.328219 0.789981 0.789981 0.789981
5178.419434 0.000000 1223.669067 0.000000 0.995364 0.000000 0.096181 0.798076 0.798076 0.798076
5171.960449 0.000000 1200.041504 0.000000 0.858157 0.000000 0.513387 0.789771 0.789771 0.789771
5177.281250 0.000000 1205.371704 0.000000 0.915791 0.000000 0.401655 0.785141 0.785141 0.785141
5160.991699 0.000000 1217.566284 0.000000 0.946640 0.000000 0.322293 0.790824 0.790824 0.790824
5162.857910 0.000000 1221.977661 0.000000 0.953040 0.000000 0.302843 0.770197 0.770197 0.770197
5155.518066 0.000000 1220.515381 0.000000 0.905863 0.000000 -0.423571 0.824460 0.824460 0.824460
5181.007812 0.000000 1200.277466 0.000000 0.977130 0.000000 -0.212643 0.811769 0.811769 0.811769
5171.184082 0.000000 1224.445679 0.000000 0.928863 0.000000 0.370424 0.765137 0.765137 0.765137
5163.392090 0.000000 1220.418457 0.000000 0.989627 0.000000 0.143659 0.786036 0.786036 0.786036
5156.829590 0.000000 1223.013062 0.000000 0.953710 0.000000 -0.300726 0.817692 0.817692 0.817692
5170.741699 0.000000 1199.263550 0.000000 0.919864 0.000000 -0.392238 0.831396 0.831396 0.831396
5156.759766 0.000000 1220.586426 0.000000 0.882287 0.000000 0.470712 0.742738 0.742738 0.742738
5217.154297 0.000000 1221.056885 0.000000 0.992297 0.000000 0.123879 0.791070 0.791070 0.791070
5244.601074 0.000000 1198.652344 0.000000 0.930632 0.000000 0.365958 0.798878 0.798878 0.798878
5196.549316 0.000000 1225.149780 0.000000 0.953853 0.000000 -0.300273 0.810050 0.810050 0.810050
5200.189453 0.000000 1187.279663 0.000000 0.917156 0.000000 0.398529 0.798363 0.798363 0.798363
5234.889648 0.000000 1211.993164 0.000000 0.979786 0.000000 0.200049 0.793162 0.793162 0.793162
5226.022949 0.000000 1211.524170 0.000000 0.999597 0.000000 0.028388 0.798951 0.798951 0.798951
5239.059082 0.000000 1188.455078 0.000000 0.867172 0.000000 0.498009 0.790109 0.790109 0.790109
5241.714844 0.000000 1184.694214 0.000000 0.987678 0.000000 0.156499 0.797489 0.797489 0.797489
5188.585938 0.000000 1201.407227 0.000000 0.919154 0.000000 -0.393898 0.821024 0.821024 0.821024
5192.720703 0.000000 1208.001709 0.000000 0.946382 0.000000 -0.323050 0.808212 0.808212 0.808212
5203.803711 0.000000 1184.939941 0.000000 0.962812 0.000000 0.270171 0.791258 0.791258 0.791258
5198.163574 0.000000 1190.340942 0.000000 0.962451 0.000000 0.271454 0.782156 0.782156 0.782156
5237.500000 0.000000 1209.534424 0.000000 0.999642 0.000000 -0.026740 0.801282 0.801282 0.801282
5195.905273 0.000000 1209.228027 0.000000 0.884980 0.000000 0.465629 0.789843 0.789843 0.789843
5184.642090 0.000000 1214.220093 0.000000 0.999999 0.000000 -0.001209 0.800054 0.800054 0.800054
5217.985352 0.000000 1187.278320 0.000000 0.980159 0.000000 0.198215 0.786650 0.786650 0.786650
5230.709473 0.000000 1200.118408 0.000000 0.999512 0.000000 -0.031221 0.801559 0.801559 0.801559
5207.131836 0.000000 1188.841797 0.000000 0.985373 0.000000 -0.170408 0.805643 0.805643 0.805643
5208.602539 0.000000 1217.231323 0.000000 0.991630 0.000000 -0.129113 0.804267 0.804267 0.804267
5185.869629 0.000000 1212.176880 0.000000 0.886398 0.000000 0.462924 0.786062 0.786062 0.786062
5223.410156 0.000000 1226.456421 0.000000 0.953371 0.000000 0.301802 0.778569 0.778569 0.778569
5244.041016 0.000000 1183.406372 0.000000 0.900216 0.000000 0.435443 0.782903 0.782903 0.782903
5206.926758 0.000000 1218.958008 0.000000 0.945355 0.000000 0.326043 0.773467 0.773467 0.773467
5202.478027 0.000000 1183.184570 0.000000 0.952851 0.000000 0.303439 0.777525 0.777525 0.777525
5225.895996 0.000000 1191.894165 0.000000 0.965027 0.000000 -0.262150 0.820661 0.820661 0.820661
5220.824707 0.000000 1197.527222 0.000000 0.984449 0.000000 0.175671 0.791712 0.791712 0.791712
5231.069336 0.000000 1220.816406 0.000000 0.997508 0.000000 0.070547 0.795981 0.795981 0.795981
5236.785156 0.000000 1188.941650 0.000000 0.961613 0.000000 0.274409 0.775017 0.775017 0.775017
5188.344727 0.000000 1224.771606 0.000000 0.932448 0.000000 -0.361305 0.826948 0.826948 0.826948
5194.946777 0.000000 1221.304810 0.000000 0.957570 0.000000 0.288202 0.774893 0.774893 0.774893
5214.240723 0.000000 1202.449585 0.000000 0.978688 0.000000 -0.205353 0.812392 0.812392 0.812392
5222.201172 0.000000 1227.642090 0.000000 0.885763 0.000000 0.464137 0.766260 0.766260 0.766260
5196.919922 0.000000 1204.277710 0.000000 0.887732 0.000000 0.460360 0.762259 0.762259 0.762259
5201.518555 0.000000 1188.312012 0.000000 0.999252 0.000000 0.038660 0.797374 0.797374 0.797374
5203.931641 0.000000 1182.669312 0.000000 0.961257 0.000000 -0.275653 0.820358 0.820358 0.820358
5258.322266 0.000000 1164.249023 0.000000 0.931890 0.000000 -0.362740 0.817423 0.817423 0.817423
5262.978027 0.000000 1173.884277 0.000000 0.932721 0.000000 -0.360599 0.836472 0.836472 0.836472
5260.055176 0.000000 1171.566650 0.000000 0.860775 0.000000 0.508985 0.772270 0.772270 0.772270
5258.092773 0.000000 1162.328979 0.000000 0.995624 0.000000 0.093451 0.795514 0.795514 0.795514
5253.840820 0.000000 1152.956909 0.000000 0.998447 0.000000 -0.055714 0.802783 0.802783 0.802783
5249.190918 0.000000 1183.560547 0.000000 0.966244 0.000000 -0.257629 0.833827 0.833827 0.833827
5362.874023 0.000000 1211.993164 0.000000 0.989623 0.000000 0.143689 0.798416 0.798416 0.798416
5363.854004 0.000000 1215.853027 0.000000 0.997686 0.000000 0.067993 0.799253 0.799253 0.799253
5151.689941 0.000000 1232.778198 0.000000 0.900788 0.000000 0.434260 0.783851 0.783851 0.783851
5139.634766 0.000000 1228.411743 0.000000 0.999640 0.000000 0.026839 0.799223 0.799223 0.799223
5167.765625 0.000000 1236.776245 0.000000 0.855675 0.000000 0.517513 0.789136 0.789136 0.789136
5180.159668 0.000000 1258.785522 0.000000 0.986628 0.000000 0.162990 0.797548 0.797548 0.797548
5180.307129 0.000000 1268.248901 0.000000 0.984458 0.000000 0.175618 0.796827 0.796827 0.796827
5165.244141 0.000000 1268.817383 0.000000 0.965686 0.000000 0.259713 0.788718 0.788718 0.788718
5127.026855 0.000000 1240.312378 0.000000 0.993625 0.000000 0.112732 0.798759 0.798759 0.798759
5171.877441 0.000000 1263.095215 0.000000 0.985285 0.000000 -0.170920 0.803774 0.803774 0.803774
5136.529297 0.000000 1262.735596 0.000000 0.854689 0.000000 0.519140 0.762389 0.762389 0.762389
5161.021484 0.000000 1241.245850 0.000000 0.971915 0.000000 -0.235331 0.807354 0.807354 0.807354
5134.171387 0.000000 1237.583130 0.000000 0.937168 0.000000 0.348879 0.781850 0.781850 0.781850
5167.074219 0.000000 1266.129761 0.000000 0.999856 0.000000 -0.016992 0.800272 0.800272 0.800272
5137.374023 0.000000 1259.557495 0.000000 0.988673 0.000000 0.150089 0.787663 0.787663 0.787663
5149.217285 0.000000 1244.891846 0.000000 0.987041 0.000000 0.160468 0.792597 0.792597 0.792597
5164.082520 0.000000 1266.175659 0.000000 0.889642 0.000000 0.456659 0.779636 0.779636 0.779636
5142.323242 0.000000 1233.559692 0.000000 0.907385 0.000000 0.420301 0.787871 0.787871 0.787871
5182.804688 0.000000 1266.991211 0.000000 0.972099 0.000000 0.234571 0.792670 0.792670 0.792670
5141.137207 0.000000 1248.571899 0.000000 0.879908 0.000000 0.475145 0.781211 0.781211 0.781211
5145.359375 0.000000 1242.928589 0.000000 0.999991 0.000000 -0.004268 0.800196 0.800196 0.800196
5121.877441 0.000000 1259.419067 0.000000 0.999337 0.000000 0.036403 0.798182 0.798182 0.798182
5180.397461 0.000000 1254.292969 0.000000 0.980385 0.000000 -0.197093 0.806340 0.806340 0.806340
5171.351074 0.000000 1257.111572 0.000000 0.996711 0.000000 -0.081041 0.804618 0.804618 0.804618
5150.614258 0.000000 1257.151611 0.000000 0.901442 0.000000 0.432900 0.774516 0.774516 0.774516
5168.737305 0.000000 1259.858887 0.000000 0.990172 0.000000 -0.139852 0.813031 0.813031 0.813031
5169.794922 0.000000 1236.134766 0.000000 0.998730 0.000000 -0.050385 0.802064 0.802064 0.802064
5129.534668 0.000000 1263.191406 0.000000 0.890867 0.000000 0.454263 0.762799 0.762799 0.762799
5133.735352 0.000000 1257.597046 0.000000 0.980111 0.000000 0.198450 0.791421 0.791421 0.791421
5126.494141 0.000000 1238.363770 0.000000 0.923585 0.000000 -0.383394 0.819646 0.819646 0.819646
5155.634766 0.000000 1255.782593 0.000000 0.895399 0.000000 0.445265 0.763133 0.763133 0.763133
5135.653809 0.000000 1236.355591 0.000000 0.982241 0.000000 0.187623 0.790387 0.790387 0.790387
5174.386719 0.000000 1271.694214 0.000000 0.909938 0.000000 -0.414744 0.824343 0.824343 0.824343
5149.028320 0.000000 1243.101074 0.000000 0.944102 0.000000 0.329653 0.780207 0.780207 0.780207
5137.166504 0.000000 1257.552246 0.000000 0.998969 0.000000 0.045392 0.796508 0.796508 0.796508
5131.811035 0.000000 1240.494629 0.000000 0.996458 0.000000 -0.084094 0.805549 0.805549 0.805549
5176.120605 0.000000 1253.956421 0.000000 0.972113 0.000000 -0.234512 0.815365 0.815365 0.815365
5144.523438 0.000000 1244.375488 0.000000 0.914369 0.000000 -0.404881 0.827890 0.827890 0.827890
5171.184082 0.000000 1271.687866 0.000000 0.996058 0.000000 -0.088704 0.807273 0.807273 0.807273
5170.407227 0.000000 1253.316895 0.000000 0.948581 0.000000 -0.316536 0.825087 0.825087 0.825087
5132.245117 0.000000 1254.641846 0.000000 0.967620 0.000000 0.252411 0.776302 0.776302 0.776302
5147.572754 0.000000 1262.769165 0.000000 0.978625 0.000000 0.205650 0.781591 0.781591 0.781591
5159.718750 0.000000 1232.893188 0.000000 0.969622 0.000000 0.244607 0.777544 0.777544 0.777544
5194.808105 0.000000 1238.998169 0.000000 0.995052 0.000000 -0.099352 0.801292 0.801292 0.801292
5200.189453 0.000000 1234.521851 0.000000 0.866827 0.000000 0.498608 0.787489 0.787489 0.787489
5209.140625 0.000000 1237.480957 0.000000 0.951654 0.000000 0.307171 0.791894 0.791894 0.791894
5188.746582 0.000000 1265.453491 0.000000 0.998867 0.000000 -0.047580 0.802424 0.802424 0.802424
5197.309570 0.000000 1232.226196 0.000000 0.938566 0.000000 -0.345101 0.811611 0.811611 0.811611
5206.315430 0.000000 1233.559692 0.000000 0.998723 0.000000 -0.050523 0.802069 0.802069 0.802069
5195.266602 0.000000 1250.743652 0.000000 0.938311 0.000000 -0.345792 0.822566 0.822566 0.822566
5183.374512 0.000000 1267.000854 0.000000 0.983390 0.000000 -0.181504 0.805650 0.805650 0.805650
5219.741211 0.000000 1228.352539 0.000000 0.903672 0.000000 0.428225 0.771717 0.771717 0.771717
5193.879883 0.000000 1252.876831 0.000000 0.966968 0.000000 -0.254898 0.810038 0.810038 0.810038
5207.131836 0.000000 1236.083984 0.000000 0.983452 0.000000 -0.181170 0.810552 0.810552 0.810552
5194.711914 0.000000 1246.349609 0.000000 0.928146 0.000000 -0.372216 0.831612 0.831612 0.831612
5207.826660 0.000000 1232.105103 0.000000 0.972681 0.000000 -0.232145 0.809592 0.809592 0.809592
5194.083984 0.000000 1244.321655 0.000000 0.998133 0.000000 0.061084 0.797009 0.797009 0.797009
5207.541992 0.000000 1238.563354 0.000000 0.965343 0.000000 -0.260983 0.839815 0.839815 0.839815
5204.510254 0.000000 1233.921021 0.000000 0.999984 0.000000 -0.005633 0.800309 0.800309 0.800309
5209.260742 0.000000 1238.868896 0.000000 0.920522 0.000000 0.390692 0.769938 0.769938 0.769938
5206.405273 0.000000 1238.958252 0.000000 0.872607 0.000000 0.488423 0.723054 0.723054 0.723054
5162.618164 0.000000 1275.696899 0.000000 0.853940 0.000000 0.520372 0.767755 0.767755 0.767755
5430.829102 0.000000 1175.433350 0.000000 0.954987 0.000000 -0.296648 0.804211 0.804211 0.804211
5489.194336 0.000000 1152.174316 0.000000 0.985984 0.000000 0.166842 0.799163 0.799163 0.799163
5425.516113 0.000000 1194.034424 0.000000 0.972664 0.000000 0.232215 0.790405 0.790405 0.790405
5427.464355 0.000000 1190.393555 0.000000 0.923284 0.000000 -0.384119 0.809843 0.809843 0.809843
5425.260254 0.000000 1191.387207 0.000000 0.848164 0.000000 0.529733 0.781602 0.781602 0.781602
5440.534180 0.000000 1228.005127 0.000000 0.896938 0.000000 0.442157 0.799085 0.799085 0.799085
5439.635742 0.000000 1194.667847 0.000000 0.988237 0.000000 -0.152930 0.802147 0.802147 0.802147
5391.943848 0.000000 1245.422241 0.000000 0.993515 0.000000 -0.113699 0.801479 0.801479 0.801479
5426.606934 0.000000 1234.220703 0.000000 0.987526 0.000000 0.157458 0.797632 0.797632 0.797632
5404.537598 0.000000 1231.390869 0.000000 0.999932 0.000000 0.011626 0.799628 0.799628 0.799628
5391.686523 0.000000 1242.539551 0.000000 0.999860 0.000000 -0.016742 0.800334 0.800334 0.800334
5374.872070 0.000000 1405.274780 0.000000 0.990907 0.000000 -0.134552 0.810378 0.810378 0.810378
5356.942871 0.000000 1412.694092 0.000000 0.967046 0.000000 -0.254602 0.834963 0.834963 0.834963
5375.124512 0.000000 1429.592163 0.000000 0.913537 0.000000 0.406757 0.776156 0.776156 0.776156
5355.513672 0.000000 1422.982788 0.000000 0.908175 0.000000 0.418591 0.794824 0.794824 0.794824
5364.799316 0.000000 1432.962769 0.000000 0.959549 0.000000 -0.281543 0.839046 0.839046 0.839046
5356.604492 0.000000 1422.111084 0.000000 0.979290 0.000000 -0.202463 0.823820 0.823820 0.823820
5416.774902 0.000000 1366.358276 0.000000 0.983530 0.000000 0.180744 0.790381 0.790381 0.790381
5399.565430 0.000000 1368.966309 0.000000 0.870743 0.000000 0.491739 0.775871 0.775871 0.775871
5422.153809 0.000000 1365.567383 0.000000 0.950043 0.000000 0.312118 0.762913 0.762913 0.762913
5423.584961 0.000000 1367.109863 0.000000 0.985283 0.000000 0.170930 0.792967 0.792967 0.792967
5431.209473 0.000000 1362.499146 0.000000 0.993101 0.000000 0.117262 0.792488 0.792488 0.792488
5418.060059 0.000000 1367.683838 0.000000 0.972414 0.000000 0.233261 0.778606 0.778606 0.778606
5410.409668 0.000000 1369.316162 0.000000 0.975976 0.000000 -0.217877 0.821056 0.821056 0.821056
5416.070801 0.000000 1369.372314 0.000000 0.998923 0.000000 -0.046389 0.804217 0.804217 0.804217
5426.973633 0.000000 1363.232544 0.000000 0.999081 0.000000 0.042857 0.794606 0.794606 0.794606
5407.834961 0.000000 1384.784180 0.000000 0.980693 0.000000 0.195554 0.799607 0.799607 0.799607
5423.734375 0.000000 1378.502808 0.000000 0.977188 0.000000 -0.212376 0.821798 0.821798 0.821798
5392.166016 0.000000 1376.248413 0.000000 0.948707 0.000000 -0.316157 0.826662 0.826662 0.826662
5395.174316 0.000000 1393.271973 0.000000 0.945934 0.000000 0.324358 0.789774 0.789774 0.789774
5419.505859 0.000000 1375.740601 0.000000 0.868368 0.000000 0.495920 0.791709 0.791709 0.791709
5376.618652 0.000000 1403.188843 0.000000 0.999984 0.000000 0.005692 0.799801 0.799801 0.799801
5393.311523 0.000000 1378.966064 0.000000 0.970614 0.000000 -0.240643 0.815532 0.815532 0.815532
5410.761230 0.000000 1386.078247 0.000000 0.963534 0.000000 0.267586 0.790262 0.790262 0.790262
5414.778809 0.000000 1373.503052 0.000000 0.989253 0.000000 -0.146215 0.807034 0.807034 0.807034
5395.660645 0.000000 1395.864502 0.000000 0.970845 0.000000 0.239707 0.789606 0.789606 0.789606
5431.022949 0.000000 1374.870239 0.000000 0.918719 0.000000 0.394911 0.742432 0.742432 0.742432
5407.273438 0.000000 1386.939453 0.000000 0.889582 0.000000 0.456775 0.763050 0.763050 0.763050
5399.803223 0.000000 1373.831665 0.000000 0.999529 0.000000 0.030674 0.797794 0.797794 0.797794
5408.973633 0.000000 1386.312866 0.000000 0.946979 0.000000 0.321297 0.751656 0.751656 0.751656
5436.709473 0.000000 1376.570923 0.000000 0.846927 0.000000 0.531710 0.759131 0.759131 0.759131
5417.277344 0.000000 1370.920776 0.000000 0.967445 0.000000 0.253082 0.771383 0.771383 0.771383
5375.346680 0.000000 1396.327148 0.000000 0.987393 0.000000 -0.158288 0.817302 0.817302 0.817302
5383.574707 0.000000 1383.726929 0.000000 0.973061 0.000000 0.230547 0.770728 0.770728 0.770728
5397.474609 0.000000 1403.797485 0.000000 0.961981 0.000000 0.273116 0.771546 0.771546 0.771546
5445.274902 0.000000 1374.029175 0.000000 0.909802 0.000000 0.415044 0.744438 0.744438 0.744438
5459.900391 0.000000 1371.638062 0.000000 0.964081 0.000000 0.265609 0.778791 0.778791 0.778791
5444.673828 0.000000 1375.581055 0.000000 0.994809 0.000000 0.101763 0.786766 0.786766 0.786766
5445.356934 0.000000 1372.960693 0.000000 0.983886 0.000000 -0.178794 0.826209 0.826209 0.826209
5529.005859 0.000000 1361.302124 0.000000 0.983175 0.000000 0.182667 0.791378 0.791378 0.791378
5585.115234 0.000000 1346.356934 0.000000 0.996008 0.000000 -0.089264 0.810890 0.810890 0.810890
5521.219727 0.000000 1370.076538 0.000000 0.957535 0.000000 -0.288316 0.809054 0.809054 0.809054
5536.075684 0.000000 1372.333984 0.000000 0.948723 0.000000 -0.316108 0.834688 0.834688 0.834688
5546.044434 0.000000 1414.926025 0.000000 0.989344 0.000000 0.145595 0.792996 0.792996 0.792996
5532.213867 0.000000 1412.666016 0.000000 0.999907 0.000000 0.013656 0.798377 0.798377 0.798377
5537.748047 0.000000 1371.886475 0.000000 0.935990 0.000000 0.352027 0.775931 0.775931 0.775931
5540.853027 0.000000 1372.034912 0.000000 0.908058 0.000000 0.418844 0.740443 0.740443 0.740443
5544.055176 0.000000 1416.614502 0.000000 0.976196 0.000000 0.216891 0.768561 0.768561 0.768561
5522.360840 0.000000 1370.821289 0.000000 0.960004 0.000000 0.279988 0.764293 0.764293 0.764293
5543.671875 0.000000 1374.619751 0.000000 0.998195 0.000000 -0.060063 0.807382 0.807382 0.807382
5552.850586 0.000000 1379.103149 0.000000 0.991760 0.000000 -0.128109 0.816805 0.816805 0.816805
5387.385742 0.000000 1423.570190 0.000000 0.989127 0.000000 0.147067 0.794694 0.794694 0.794694
5384.828613 0.000000 1423.784546 0.000000 0.999519 0.000000 0.031003 0.796687 0.796687 0.796687
5375.443359 0.000000 1426.809692 0.000000 0.939366 0.000000 0.342916 0.748269 0.748269 0.748269
5377.750000 0.000000 1427.459717 0.000000 0.999535 0.000000 0.030485 0.797747 0.797747 0.797747
5545.464355 0.000000 1419.552856 0.000000 0.988925 0.000000 -0.148416 0.819785 0.819785 0.819785
5532.521973 0.000000 1420.359619 0.000000 0.949511 0.000000 0.313732 0.786615 0.786615 0.786615
5552.350586 0.000000 1428.640625 0.000000 0.916956 0.000000 0.398989 0.762704 0.762704 0.762704
5545.261719 0.000000 1418.162964 0.000000 0.909527 0.000000 0.415644 0.743068 0.743068 0.743068
5552.418945 0.000000 1424.627319 0.000000 0.998773 0.000000 0.049517 0.793915 0.793915 0.793915
5553.819336 0.000000 1428.973877 0.000000 0.986199 0.000000 0.165563 0.784885 0.784885 0.784885
5873.831543 0.000000 1221.393555 0.000000 0.994340 0.000000 -0.106247 0.814244 0.814244 0.814244
5872.584473 0.000000 1220.108032 0.000000 0.996129 0.000000 -0.087906 0.811778 0.811778 0.811778
5672.743652 0.000000 1319.116089 0.000000 0.972086 0.000000 -0.234626 0.803075 0.803075 0.803075
5686.797852 0.000000 1317.159912 0.000000 0.976717 0.000000 0.214531 0.774738 0.774738 0.774738
5683.514160 0.000000 1321.848999 0.000000 0.962640 0.000000 0.270783 0.783570 0.783570 0.783570
5674.795410 0.000000 1316.462036 0.000000 0.987376 0.000000 -0.158394 0.818902 0.818902 0.818902
5665.970703 0.000000 1295.524048 0.000000 0.855733 0.000000 0.517418 0.754381 0.754381 0.754381
5674.417480 0.000000 1293.589111 0.000000 0.985852 0.000000 0.167620 0.784695 0.784695 0.784695
5681.927246 0.000000 1310.383057 0.000000 0.897443 0.000000 0.441131 0.768977 0.768977 0.768977
5680.208008 0.000000 1295.237427 0.000000 0.955707 0.000000 -0.294319 0.822076 0.822076 0.822076
5702.893555 0.000000 1304.777710 0.000000 0.989711 0.000000 0.143083 0.787383 0.787383 0.787383
5882.043457 0.000000 1250.181519 0.000000 0.996476 0.000000 0.083873 0.792705 0.792705 0.792705
5882.016602 0.000000 1260.226807 0.000000 0.951662 0.000000 0.307148 0.783788 0.783788 0.783788
5874.706543 0.000000 1229.692871 0.000000 0.999667 0.000000 0.025810 0.797448 0.797448 0.797448
5874.958008 0.000000 1228.340210 0.000000 0.988969 0.000000 -0.148122 0.814698 0.814698 0.814698
5885.177246 0.000000 1261.458008 0.000000 0.865459 0.000000 0.500980 0.728735 0.728735 0.728735
5891.499512 0.000000 1207.617676 0.000000 0.956227 0.000000 -0.292625 0.823428 0.823428 0.823428
5894.126953 0.000000 1206.866455 0.000000 0.966352 0.000000 -0.257225 0.825200 0.825200 0.825200
5892.799316 0.000000 1207.197754 0.000000 0.999167 0.000000 0.040814 0.794333 0.794333 0.794333
5895.412109 0.000000 1207.354370 0.000000 0.853623 0.000000 0.520891 0.746928 0.746928 0.746928
5893.021973 0.000000 1204.520996 0.000000 0.965939 0.000000 0.258769 0.772293 0.772293 0.772293
6105.938477 0.000000 1180.231445 0.000000 0.967247 0.000000 0.253837 0.785904 0.785904 0.785904
6081.397461 0.000000 1176.684814 0.000000 0.988013 0.000000 -0.154371 0.821050 0.821050 0.821050
6067.104492 0.000000 1192.535034 0.000000 0.968555 0.000000 -0.248799 0.811550 0.811550 0.811550
6071.439453 0.000000 1191.647217 0.000000 0.994498 0.000000 -0.104751 0.817816 0.817816 0.817816
6068.781250 0.000000 1192.122559 0.000000 0.997328 0.000000 -0.073060 0.807229 0.807229 0.807229
6078.078125 0.000000 1194.723877 0.000000 0.999664 0.000000 0.025915 0.796713 0.796713 0.796713
6078.907227 0.000000 1195.886475 0.000000 0.996088 0.000000 0.088368 0.788778 0.788778 0.788778
6070.143066 0.000000 1191.804688 0.000000 0.919594 0.000000 0.392871 0.731457 0.731457 0.731457
6107.525879 0.000000 1181.174805 0.000000 0.998232 0.000000 0.059446 0.796258 0.796258 0.796258
6079.557617 0.000000 1194.667847 0.000000 0.973858 0.000000 0.227157 0.770937 0.770937 0.770937
6103.657715 0.000000 1182.831299 0.000000 0.889645 0.000000 0.456653 0.775374 0.775374 0.775374
6093.200195 0.000000 1184.984009 0.000000 0.985722 0.000000 -0.168379 0.804224 0.804224 0.804224
6113.875977 0.000000 1187.278320 0.000000 0.999460 0.000000 0.032872 0.797505 0.797505 0.797505
6081.843262 0.000000 1194.058960 0.000000 0.978342 0.000000 -0.206996 0.809370 0.809370 0.809370
6084.578125 0.000000 1187.816162 0.000000 0.858464 0.000000 0.512874 0.760742 0.760742 0.760742
6112.197754 0.000000 1186.990234 0.000000 0.990093 0.000000 -0.140415 0.810692 0.810692 0.810692
6103.654297 0.000000 1181.339722 0.000000 0.995877 0.000000 0.090711 0.792834 0.792834 0.792834
5887.650391 0.000000 1258.654297 0.000000 0.995004 0.000000 -0.099836 0.800799 0.800799 0.800799
5586.531250 0.000000 1728.921509 0.000000 0.999912 0.000000 -0.013293 0.801102 0.801102 0.801102
5598.559570 0.000000 1729.573486 0.000000 0.968546 0.000000 0.248835 0.748518 0.748518 0.748518
5585.033691 0.000000 1714.124756 0.000000 0.992749 0.000000 0.120207 0.771963 0.771963 0.771963
5605.943848 0.000000 1734.498657 0.000000 0.913003 0.000000 0.407954 0.767269 0.767269 0.767269
5593.546387 0.000000 1735.717529 0.000000 0.913492 0.000000 0.406857 0.717987 0.717987 0.717987
5600.354492 0.000000 1735.579224 0.000000 0.975653 0.000000 0.219321 0.782777 0.782777 0.782777
5586.396484 0.000000 1727.395996 0.000000 0.982573 0.000000 0.185876 0.781143 0.781143 0.781143
5594.056641 0.000000 1714.073730 0.000000 0.989033 0.000000 0.147695 0.773206 0.773206 0.773206
5589.199219 0.000000 1736.186646 0.000000 0.948417 0.000000 0.317024 0.745557 0.745557 0.745557
5589.946289 0.000000 1736.992676 0.000000 0.999268 0.000000 0.038267 0.793540 0.793540 0.793540
5585.549316 0.000000 1714.825806 0.000000 0.982801 0.000000 0.184670 0.756783 0.756783 0.756783
5568.518555 0.000000 2078.364502 0.000000 0.980086 0.000000 0.198571 0.799002 0.799002 0.799002
5301.005859 0.000000 2081.927734 0.000000 0.907803 0.000000 -0.419397 0.801729 0.801729 0.801729
5303.259766 0.000000 2093.302246 0.000000 0.926299 0.000000 0.376790 0.774152 0.774152 0.774152
5302.411133 0.000000 2082.162354 0.000000 0.942716 0.000000 0.333596 0.770790 0.770790 0.770790
5489.194336 0.000000 2097.018066 0.000000 0.972693 0.000000 0.232094 0.783627 0.783627 0.783627
5476.942871 0.000000 2082.357910 0.000000 0.986676 0.000000 0.162700 0.792166 0.792166 0.792166
5499.631348 0.000000 2090.910156 0.000000 0.996539 0.000000 0.083130 0.791024 0.791024 0.791024
5551.718750 0.000000 2087.135742 0.000000 0.988229 0.000000 -0.152982 0.807822 0.807822 0.807822
5553.937988 0.000000 2102.151367 0.000000 0.909598 0.000000 0.415489 0.778606 0.778606 0.778606
5552.284668 0.000000 2104.003174 0.000000 0.890909 0.000000 0.454181 0.785405 0.785405 0.785405
5563.672852 0.000000 2106.934082 0.000000 0.990844 0.000000 -0.135011 0.804463 0.804463 0.804463
5507.129883 0.000000 2098.855225 0.000000 0.996738 0.000000 -0.080703 0.805970 0.805970 0.805970
5508.461426 0.000000 2095.456055 0.000000 0.880974 0.000000 0.473165 0.736014 0.736014 0.736014
5509.638184 0.000000 2094.540283 0.000000 0.970914 0.000000 0.239429 0.768612 0.768612 0.768612
5567.689453 0.000000 2109.013672 0.000000 0.980512 0.000000 0.196458 0.794076 0.794076 0.794076
5567.620117 0.000000 2082.710693 0.000000 0.990236 0.000000 -0.139400 0.803212 0.803212 0.803212
5572.125000 0.000000 2110.148682 0.000000 0.962234 0.000000 0.272224 0.789538 0.789538 0.789538
5581.038086 0.000000 2079.376465 0.000000 0.954772 0.000000 -0.297338 0.821707 0.821707 0.821707
5569.151855 0.000000 2081.162109 0.000000 0.888995 0.000000 0.457917 0.761050 0.761050 0.761050
5576.290039 0.000000 2114.532227 0.000000 0.998273 0.000000 -0.058750 0.803816 0.803816 0.803816
5582.667969 0.000000 2101.059814 0.000000 0.883807 0.000000 0.467852 0.740685 0.740685 0.740685
5607.283691 0.000000 2248.531006 0.000000 0.999925 0.000000 -0.012262 0.800404 0.800404 0.800404
5905.280273 0.000000 2487.854492 0.000000 0.967449 0.000000 -0.253065 0.818396 0.818396 0.818396
5893.806152 0.000000 2479.032959 0.000000 0.874830 0.000000 0.484430 0.785860 0.785860 0.785860
5934.522461 0.000000 2497.854736 0.000000 0.880561 0.000000 0.473933 0.748721 0.748721 0.748721
5930.173340 0.000000 2499.936523 0.000000 0.999989 0.000000 -0.004622 0.800379 0.800379 0.800379
5928.743652 0.000000 2511.676270 0.000000 0.981519 0.000000 -0.191364 0.814998 0.814998 0.814998
6637.064453 0.000000 2355.387695 0.000000 0.990505 0.000000 0.137478 0.799174 0.799174 0.799174
6634.058105 0.000000 2341.850586 0.000000 0.936110 0.000000 -0.351706 0.806460 0.806460 0.806460
6645.025879 0.000000 2336.805664 0.000000 0.931851 0.000000 0.362842 0.778493 0.778493 0.778493
6643.770996 0.000000 2340.313477 0.000000 0.983761 0.000000 0.179482 0.782880 0.782880 0.782880
6647.530273 0.000000 2337.208740 0.000000 0.987692 0.000000 -0.156414 0.807685 0.807685 0.807685
6643.687012 0.000000 2342.054688 0.000000 0.998934 0.000000 -0.046159 0.803136 0.803136 0.803136
6638.436523 0.000000 2356.128174 0.000000 0.930799 0.000000 0.365531 0.761884 0.761884 0.761884
6648.573242 0.000000 2347.289307 0.000000 0.935712 0.000000 0.352764 0.767598 0.767598 0.767598
6642.719238 0.000000 2341.126465 0.000000 0.966982 0.000000 -0.254845 0.824446 0.824446 0.824446
6639.357422 0.000000 2329.260498 0.000000 0.990949 0.000000 -0.134236 0.817210 0.817210 0.817210
6586.036621 0.000000 2436.053955 0.000000 0.975167 0.000000 0.221472 0.796209 0.796209 0.796209
6592.183105 0.000000 2417.436035 0.000000 0.945806 0.000000 0.324733 0.787119 0.787119 0.787119
6609.163086 0.000000 2418.294434 0.000000 0.999843 0.000000 0.017719 0.799558 0.799558 0.799558
6593.556152 0.000000 2424.758057 0.000000 0.932369 0.000000 0.361507 0.783009 0.783009 0.783009
6612.943359 0.000000 2425.218018 0.000000 0.998465 0.000000 -0.055383 0.803597 0.803597 0.803597
6523.995605 0.000000 2487.082520 0.000000 0.984819 0.000000 0.173586 0.794076 0.794076 0.794076
6509.080078 0.000000 2497.114258 0.000000 0.999053 0.000000 -0.043506 0.802434 0.802434 0.802434
6507.621094 0.000000 2499.635986 0.000000 0.984362 0.000000 0.176160 0.796110 0.796110 0.796110
6510.849609 0.000000 2515.239014 0.000000 0.915334 0.000000 0.402695 0.750334 0.750334 0.750334
6530.862305 0.000000 2510.379639 0.000000 0.987314 0.000000 -0.158779 0.804777 0.804777 0.804777
6555.252930 0.000000 2542.293701 0.000000 0.999708 0.000000 0.024149 0.797636 0.797636 0.797636
6535.462402 0.000000 2509.233643 0.000000 0.976719 0.000000 -0.214524 0.812523 0.812523 0.812523
6527.244629 0.000000 2515.946777 0.000000 0.902187 0.000000 0.431345 0.771942 0.771942 0.771942
6550.943359 0.000000 2540.297852 0.000000 0.999261 0.000000 -0.038444 0.805299 0.805299 0.805299
6522.044434 0.000000 2577.780518 0.000000 0.999480 0.000000 0.032241 0.797520 0.797520 0.797520
6479.392090 0.000000 2579.451172 0.000000 0.992139 0.000000 -0.125145 0.813407 0.813407 0.813407
6514.578125 0.000000 2584.226807 0.000000 0.989192 0.000000 -0.146625 0.812785 0.812785 0.812785
6488.995605 0.000000 2573.012695 0.000000 0.957073 0.000000 -0.289846 0.817326 0.817326 0.817326
6480.865723 0.000000 2578.243164 0.000000 0.985100 0.000000 -0.171980 0.815189 0.815189 0.815189
6510.128906 0.000000 2555.869629 0.000000 0.980353 0.000000 0.197250 0.771646 0.771646 0.771646
6510.546875 0.000000 2554.394775 0.000000 0.983207 0.000000 -0.182492 0.826207 0.826207 0.826207
6484.536621 0.000000 2573.458740 0.000000 0.938624 0.000000 0.344943 0.761314 0.761314 0.761314
6487.670410 0.000000 2602.128662 0.000000 0.937769 0.000000 0.347260 0.762459 0.762459 0.762459
6499.271484 0.000000 2602.796875 0.000000 0.942153 0.000000 0.335183 0.756651 0.756651 0.756651
6487.823242 0.000000 2603.343506 0.000000 0.999051 0.000000 0.043546 0.795389 0.795389 0.795389
6498.210938 0.000000 2603.338135 0.000000 0.871131 0.000000 0.491051 0.734901 0.734901 0.734901
6531.241699 0.000000 2585.324707 0.000000 0.996200 0.000000 0.087092 0.798868 0.798868 0.798868
6531.327637 0.000000 2596.515137 0.000000 0.939783 0.000000 0.341773 0.790944 0.790944 0.790944
6536.536133 0.000000 2609.090088 0.000000 0.989765 0.000000 0.142706 0.791849 0.791849 0.791849
6534.383789 0.000000 2607.086670 0.000000 0.918644 0.000000 -0.395086 0.853134 0.853134 0.853134
6656.358887 0.000000 2341.684326 0.000000 0.996478 0.000000 0.083852 0.797150 0.797150 0.797150
6658.469238 0.000000 2347.502686 0.000000 0.974991 0.000000 -0.222246 0.835809 0.835809 0.835809
6662.089355 0.000000 2351.388428 0.000000 0.915768 0.000000 0.401709 0.746335 0.746335 0.746335
6662.245605 0.000000 2355.853271 0.000000 0.999456 0.000000 0.032985 0.795651 0.795651 0.795651
6670.289062 0.000000 2348.145020 0.000000 0.986369 0.000000 -0.164549 0.815847 0.815847 0.815847
6679.567871 0.000000 2359.689209 0.000000 0.999604 0.000000 -0.028134 0.802501 0.802501 0.802501
6705.045898 0.000000 2380.471191 0.000000 0.901701 0.000000 -0.432359 0.850453 0.850453 0.850453
6697.163574 0.000000 2401.217285 0.000000 0.857320 0.000000 0.514784 0.723859 0.723859 0.723859
6693.220703 0.000000 2373.133301 0.000000 0.988983 0.000000 -0.148028 0.802374 0.802374 0.802374
6690.370605 0.000000 2375.154785 0.000000 0.976640 0.000000 -0.214883 0.808435 0.808435 0.808435
6699.895020 0.000000 2399.988281 0.000000 0.997736 0.000000 -0.067247 0.802352 0.802352 0.802352
6688.399414 0.000000 2386.678223 0.000000 0.939450 0.000000 0.342686 0.776248 0.776248 0.776248
6694.722656 0.000000 2374.701416 0.000000 0.997293 0.000000 -0.073535 0.802940 0.802940 0.802940
6686.567871 0.000000 2368.425537 0.000000 0.929202 0.000000 -0.369572 0.821169 0.821169 0.821169
6676.935547 0.000000 2377.975830 0.000000 0.901054 0.000000 0.433706 0.772225 0.772225 0.772225
6703.964844 0.000000 2385.286377 0.000000 0.952062 0.000000 0.305905 0.782614 0.782614 0.782614
6697.483887 0.000000 2387.337891 0.000000 0.921109 0.000000 0.389304 0.771648 0.771648 0.771648
6677.448242 0.000000 2376.171875 0.000000 0.989231 0.000000 0.146363 0.790905 0.790905 0.790905
6688.470215 0.000000 2375.270020 0.000000 0.939837 0.000000 -0.341624 0.821238 0.821238 0.821238
6684.499023 0.000000 2385.775146 0.000000 0.962248 0.000000 -0.272173 0.816791 0.816791 0.816791
6686.679688 0.000000 2371.676758 0.000000 0.941496 0.000000 -0.337023 0.839134 0.839134 0.839134
6682.734375 0.000000 2384.447510 0.000000 0.916960 0.000000 -0.398979 0.848361 0.848361 0.848361
6687.752930 0.000000 2387.830322 0.000000 0.910479 0.000000 0.413555 0.752740 0.752740 0.752740
6680.725586 0.000000 2380.594971 0.000000 0.924585 0.000000 0.380977 0.735598 0.735598 0.735598
6693.566895 0.000000 2374.329590 0.000000 0.999752 0.000000 -0.022279 0.802603 0.802603 0.802603
6686.158691 0.000000 2389.760254 0.000000 0.966627 0.000000 0.256189 0.751102 0.751102 0.751102
6689.325195 0.000000 2372.549072 0.000000 0.926941 0.000000 -0.375207 0.858382 0.858382 0.858382
6724.292969 0.000000 2638.880371 0.000000 0.965947 0.000000 0.258741 0.790330 0.790330 0.790330
6724.844727 0.000000 2637.263184 0.000000 0.924084 0.000000 -0.382190 0.895948 0.895948 0.895948
6725.829102 0.000000 2637.321045 0.000000 0.983898 0.000000 -0.178731 0.843965 0.843965 0.843965
6725.221191 0.000000 2636.486084 0.000000 0.999967 0.000000 -0.008146 0.801993 0.801993 0.801993
6560.071777 0.000000 2688.315674 0.000000 0.913394 0.000000 -0.407076 0.823027 0.823027 0.823027
6596.128418 0.000000 2692.477783 0.000000 0.999034 0.000000 0.043943 0.794908 0.794908 0.794908
6559.518066 0.000000 2697.286133 0.000000 0.955581 0.000000 0.294730 0.794622 0.794622 0.794622
6573.005371 0.000000 2714.268799 0.000000 0.999609 0.000000 -0.027972 0.801760 0.801760 0.801760
6572.346191 0.000000 2715.931152 0.000000 0.984248 0.000000 0.176794 0.788819 0.788819 0.788819
6570.924316 0.000000 2714.887939 0.000000 0.950592 0.000000 0.310442 0.759652 0.759652 0.759652
6563.263672 0.000000 2697.281250 0.000000 0.926340 0.000000 0.376689 0.749475 0.749475 0.749475
6568.894043 0.000000 2710.109131 0.000000 0.955913 0.000000 0.293649 0.758629 0.758629 0.758629
6576.532227 0.000000 2695.957031 0.000000 0.954786 0.000000 0.297295 0.762923 0.762923 0.762923
6578.727051 0.000000 2719.063965 0.000000 0.994848 0.000000 0.101379 0.790670 0.790670 0.790670
6571.502930 0.000000 2709.554199 0.000000 0.939519 0.000000 -0.342498 0.862837 0.862837 0.862837
6605.137695 0.000000 2696.734131 0.000000 0.953919 0.000000 -0.300066 0.851738 0.851738 0.851738
6643.780762 0.000000 2711.791504 0.000000 0.895162 0.000000 0.445741 0.787543 0.787543 0.787543
6618.829590 0.000000 2697.646973 0.000000 0.915948 0.000000 -0.401296 0.892781 0.892781 0.892781
6628.614746 0.000000 2724.096436 0.000000 0.993264 0.000000 -0.115873 0.804871 0.804871 0.804871
6615.591797 0.000000 2693.089844 0.000000 0.902227 0.000000 -0.431262 0.866346 0.866346 0.866346
6612.841797 0.000000 2693.387451 0.000000 0.968955 0.000000 -0.247235 0.824449 0.824449 0.824449
6596.059570 0.000000 2693.427246 0.000000 0.984024 0.000000 -0.178034 0.820734 0.820734 0.820734
6641.767578 0.000000 2709.998535 0.000000 0.978716 0.000000 -0.205219 0.824562 0.824562 0.824562
6596.153809 0.000000 2695.990723 0.000000 0.944202 0.000000 -0.329368 0.842567 0.842567 0.842567
6618.729004 0.000000 2696.514160 0.000000 0.948286 0.000000 -0.317418 0.872576 0.872576 0.872576
6604.114258 0.000000 2696.467041 0.000000 0.995189 0.000000 -0.097972 0.816659 0.816659 0.816659
6251.652344 0.000000 2972.057861 0.000000 0.977377 0.000000 0.211504 0.789572 0.789572 0.789572
6259.362793 0.000000 2985.596680 0.000000 0.998817 0.000000 -0.048630 0.801749 0.801749 0.801749
6272.432617 0.000000 2975.966309 0.000000 0.999718 0.000000 -0.023736 0.800593 0.800593 0.800593
6276.613770 0.000000 2966.172363 0.000000 0.999102 0.000000 -0.042367 0.801820 0.801820 0.801820
6280.336426 0.000000 2976.307129 0.000000 0.954425 0.000000 0.298452 0.793039 0.793039 0.793039
6714.860352 0.000000 2679.887207 0.000000 0.942933 0.000000 -0.332984 0.807797 0.807797 0.807797
6699.597656 0.000000 2688.604736 0.000000 0.967547 0.000000 0.252691 0.794643 0.794643 0.794643
6708.520996 0.000000 2689.633301 0.000000 0.989704 0.000000 -0.143129 0.810757 0.810757 0.810757
6689.845703 0.000000 2665.547607 0.000000 0.996511 0.000000 -0.083457 0.804255 0.804255 0.804255
6678.784668 0.000000 2673.763184 0.000000 0.936509 0.000000 -0.350643 0.851876 0.851876 0.851876
6676.004395 0.000000 2674.406738 0.000000 0.972338 0.000000 -0.233576 0.823778 0.823778 0.823778
6706.996582 0.000000 2688.953613 0.000000 0.995288 0.000000 -0.096959 0.810474 0.810474 0.810474
6706.108887 0.000000 2690.999268 0.000000 0.974223 0.000000 0.225588 0.753417 0.753417 0.753417
6683.211914 0.000000 2677.635010 0.000000 0.973679 0.000000 -0.227922 0.817911 0.817911 0.817911
6687.185059 0.000000 2659.056396 0.000000 0.973001 0.000000 -0.230800 0.819769 0.819769 0.819769
6708.934082 0.000000 2679.933594 0.000000 0.973352 0.000000 -0.229316 0.845518 0.845518 0.845518
6685.385254 0.000000 2677.602295 0.000000 0.902527 0.000000 -0.430633 0.865353 0.865353 0.865353
6688.255371 0.000000 2662.898193 0.000000 0.947584 0.000000 -0.319505 0.846116 0.846116 0.846116
6700.384766 0.000000 2684.948242 0.000000 0.927481 0.000000 0.373869 0.754465 0.754465 0.754465
6683.435059 0.000000 2675.314941 0.000000 0.942341 0.000000 0.334653 0.736618 0.736618 0.736618
6683.154297 0.000000 2674.261230 0.000000 0.906407 0.000000 0.422406 0.718998 0.718998 0.718998
6693.241211 0.000000 2689.673584 0.000000 0.962311 0.000000 -0.271950 0.867660 0.867660 0.867660
6714.825684 0.000000 2687.347656 0.000000 0.986003 0.000000 0.166725 0.769054 0.769054 0.769054
6765.758301 0.000000 2671.822510 0.000000 0.866903 0.000000 0.498477 0.719226 0.719226 0.719226
6725.725586 0.000000 2651.093994 0.000000 0.976916 0.000000 -0.213622 0.813759 0.813759 0.813759
6728.379883 0.000000 2668.038818 0.000000 0.969778 0.000000 0.243989 0.793600 0.793600 0.793600
6742.495117 0.000000 2671.084717 0.000000 0.908410 0.000000 -0.418079 0.899930 0.899930 0.899930
6759.143066 0.000000 2673.710693 0.000000 0.858134 0.000000 0.513425 0.753695 0.753695 0.753695
6733.374512 0.000000 2657.863281 0.000000 0.983479 0.000000 -0.181022 0.822722 0.822722 0.822722
6745.271973 0.000000 2657.579346 0.000000 0.875380 0.000000 0.483436 0.761201 0.761201 0.761201
6745.164062 0.000000 2660.194336 0.000000 0.942914 0.000000 0.333035 0.784404 0.784404 0.784404
6729.681152 0.000000 2666.041016 0.000000 0.944457 0.000000 -0.328634 0.814379 0.814379 0.814379
6767.474609 0.000000 2673.422852 0.000000 0.856642 0.000000 0.515911 0.745868 0.745868 0.745868
6766.402344 0.000000 2659.041992 0.000000 0.954380 0.000000 0.298596 0.757910 0.757910 0.757910
6775.353516 0.000000 2656.155273 0.000000 0.886033 0.000000 0.463622 0.755229 0.755229 0.755229
6759.242188 0.000000 2659.927979 0.000000 0.997873 0.000000 0.065181 0.793356 0.793356 0.793356
6742.316895 0.000000 2662.530762 0.000000 0.960971 0.000000 0.276649 0.748495 0.748495 0.748495
6753.326660 0.000000 2653.670410 0.000000 0.935702 0.000000 -0.352792 0.835285 0.835285 0.835285
6739.996582 0.000000 2674.406738 0.000000 0.934770 0.000000 -0.355254 0.822849 0.822849 0.822849
6724.500000 0.000000 2652.324219 0.000000 0.933594 0.000000 -0.358331 0.863680 0.863680 0.863680
6740.930176 0.000000 2670.482910 0.000000 1.000000 0.000000 0.000272 0.799966 0.799966 0.799966
6734.303711 0.000000 2656.534912 0.000000 0.983151 0.000000 0.182796 0.779623 0.779623 0.779623
6762.940918 0.000000 2649.510986 0.000000 0.933327 0.000000 0.359027 0.774330 0.774330 0.774330
6767.809570 0.000000 2658.230713 0.000000 0.982275 0.000000 -0.187443 0.826173 0.826173 0.826173
6765.150391 0.000000 2670.426514 0.000000 0.934908 0.000000 0.354889 0.743844 0.743844 0.743844
6750.603516 0.000000 2687.998291 0.000000 0.999486 0.000000 0.032053 0.796895 0.796895 0.796895
6730.695801 0.000000 2664.996582 0.000000 0.961246 0.000000 0.275693 0.773781 0.773781 0.773781
6767.341797 0.000000 2659.955811 0.000000 0.997463 0.000000 -0.071189 0.809890 0.809890 0.809890
6724.920410 0.000000 2669.028809 0.000000 0.978392 0.000000 -0.206758 0.842426 0.842426 0.842426
6730.721191 0.000000 2670.824951 0.000000 0.969429 0.000000 -0.245372 0.860652 0.860652 0.860652
6733.994629 0.000000 2646.837402 0.000000 0.876453 0.000000 0.481488 0.746824 0.746824 0.746824
6729.385254 0.000000 2664.049072 0.000000 0.993589 0.000000 -0.113054 0.815953 0.815953 0.815953
6739.526855 0.000000 2658.804932 0.000000 0.998563 0.000000 -0.053597 0.808086 0.808086 0.808086
6740.518066 0.000000 2660.335205 0.000000 0.986980 0.000000 0.160841 0.770478 0.770478 0.770478
6732.599121 0.000000 2657.051270 0.000000 0.935261 0.000000 -0.353958 0.845163 0.845163 0.845163
6769.639160 0.000000 2652.266846 0.000000 0.983642 0.000000 0.180133 0.773412 0.773412 0.773412
6725.039062 0.000000 2653.268311 0.000000 0.906095 0.000000 0.423075 0.724095 0.724095 0.724095
6772.876465 0.000000 2668.557861 0.000000 0.976031 0.000000 0.217630 0.756841 0.756841 0.756841
6724.331055 0.000000 2668.227539 0.000000 0.873527 0.000000 0.486777 0.696431 0.696431 0.696431
6743.054199 0.000000 2663.214355 0.000000 0.964317 0.000000 0.264752 0.750766 0.750766 0.750766
6750.259766 0.000000 2682.756836 0.000000 0.925218 0.000000 -0.379436 0.891333 0.891333 0.891333
6751.404297 0.000000 2682.710938 0.000000 0.911703 0.000000 -0.410851 0.899359 0.899359 0.899359
6751.724121 0.000000 2683.552002 0.000000 0.903894 0.000000 -0.427757 0.903729 0.903729 0.903729
6675.018066 0.000000 2716.053467 0.000000 0.934509 0.000000 0.355940 0.786917 0.786917 0.786917
6674.398438 0.000000 2721.007568 0.000000 0.973978 0.000000 0.226641 0.784931 0.784931 0.784931
6675.624023 0.000000 2696.689941 0.000000 0.998740 0.000000 0.050189 0.794284 0.794284 0.794284
6677.445801 0.000000 2722.523193 0.000000 0.995907 0.000000 0.090382 0.789697 0.789697 0.789697
6690.370605 0.000000 2705.850098 0.000000 0.868805 0.000000 0.495154 0.751374 0.751374 0.751374
6675.504395 0.000000 2718.645996 0.000000 0.999745 0.000000 -0.022593 0.801512 0.801512 0.801512
6667.868164 0.000000 2724.468750 0.000000 0.996308 0.000000 0.085853 0.783605 0.783605 0.783605
6691.562500 0.000000 2707.277588 0.000000 0.996985 0.000000 -0.077590 0.803645 0.803645 0.803645
6676.004395 0.000000 2721.648926 0.000000 0.969624 0.000000 -0.244602 0.842938 0.842938 0.842938
6676.937988 0.000000 2717.725098 0.000000 0.974527 0.000000 -0.224270 0.816489 0.816489 0.816489
6664.157227 0.000000 2728.680664 0.000000 0.905092 0.000000 0.425216 0.771930 0.771930 0.771930
6678.780273 0.000000 2695.479736 0.000000 0.985088 0.000000 0.172050 0.783078 0.783078 0.783078
6685.708008 0.000000 2694.625244 0.000000 0.923054 0.000000 0.384670 0.721533 0.721533 0.721533
6681.697266 0.000000 2702.637695 0.000000 0.865928 0.000000 0.500169 0.705324 0.705324 0.705324
6724.860352 0.000000 2717.615723 0.000000 0.990074 0.000000 0.140548 0.788171 0.788171 0.788171
6744.535156 0.000000 2721.706299 0.000000 0.977980 0.000000 0.208697 0.788663 0.788663 0.788663
6751.542480 0.000000 2700.900391 0.000000 0.997886 0.000000 -0.064981 0.802662 0.802662 0.802662
6734.355957 0.000000 2716.389404 0.000000 0.999022 0.000000 0.044210 0.796599 0.796599 0.796599
6755.912598 0.000000 2739.380371 0.000000 0.889269 0.000000 0.457385 0.757779 0.757779 0.757779
6752.119629 0.000000 2698.740234 0.000000 0.918308 0.000000 0.395865 0.768297 0.768297 0.768297
6736.175293 0.000000 2736.833496 0.000000 0.992174 0.000000 0.124863 0.777122 0.777122 0.777122
6739.877441 0.000000 2734.818604 0.000000 0.986846 0.000000 0.161662 0.777785 0.777785 0.777785
6747.734863 0.000000 2728.229492 0.000000 0.980799 0.000000 -0.195019 0.831557 0.831557 0.831557
6755.671387 0.000000 2734.678467 0.000000 0.873365 0.000000 0.487066 0.703983 0.703983 0.703983
6700.855469 0.000000 2740.919922 0.000000 0.989071 0.000000 -0.147443 0.810788 0.810788 0.810788
6715.334961 0.000000 2763.805664 0.000000 0.944541 0.000000 -0.328393 0.831743 0.831743 0.831743
6711.742676 0.000000 2746.231689 0.000000 0.928665 0.000000 0.370919 0.711203 0.711203 0.711203
6713.425293 0.000000 2757.655273 0.000000 0.961398 0.000000 0.275162 0.747944 0.747944 0.747944
6716.703613 0.000000 2760.947998 0.000000 0.995042 0.000000 0.099457 0.786868 0.786868 0.786868
6714.890137 0.000000 2761.409180 0.000000 0.994839 0.000000 -0.101471 0.818981 0.818981 0.818981
6717.336426 0.000000 2766.415283 0.000000 0.951230 0.000000 0.308482 0.740812 0.740812 0.740812
6715.869141 0.000000 2761.583496 0.000000 0.990643 0.000000 0.136475 0.774435 0.774435 0.774435
6733.540039 0.000000 2769.347168 0.000000 0.995283 0.000000 -0.097014 0.810577 0.810577 0.810577
6736.539551 0.000000 2759.367188 0.000000 0.987577 0.000000 -0.157133 0.806145 0.806145 0.806145
6906.221191 0.000000 2785.925049 0.000000 0.936909 0.000000 -0.349573 0.826033 0.826033 0.826033
6908.287598 0.000000 2785.654541 0.000000 0.861099 0.000000 0.508438 0.749932 0.749932 0.749932
6909.449707 0.000000 2784.877930 0.000000 0.967145 0.000000 -0.254227 0.824129 0.824129 0.824129
6901.007812 0.000000 2818.943359 0.000000 0.982973 0.000000 -0.183751 0.810335 0.810335 0.810335
6905.511719 0.000000 2838.170898 0.000000 0.973459 0.000000 0.228863 0.785012 0.785012 0.785012
2713.361084 0.000000 4276.866699 0.000000 0.932041 0.000000 -0.362352 0.842582 0.842582 0.842582
2712.104736 0.000000 4276.734863 0.000000 0.932024 0.000000 -0.362397 0.842587 0.842587 0.842587
2991.935303 0.000000 4374.141602 0.000000 0.989277 0.000000 -0.146054 0.819029 0.819029 0.819029
2990.405518 0.000000 4374.976074 0.000000 0.976435 0.000000 -0.215810 0.828239 0.828239 0.828239
3023.933350 0.000000 4382.581055 0.000000 0.994677 0.000000 0.103046 0.794021 0.794021 0.794021
3063.532959 0.000000 4408.169434 0.000000 0.986094 0.000000 0.166188 0.792831 0.792831 0.792831
3033.489990 0.000000 4393.625488 0.000000 0.965395 0.000000 -0.260790 0.825030 0.825030 0.825030
3233.545654 0.000000 4250.043457 0.000000 0.943552 0.000000 -0.331225 0.804720 0.804720 0.804720
3227.861572 0.000000 4265.478516 0.000000 0.978854 0.000000 -0.204558 0.832916 0.832916 0.832916
3235.572754 0.000000 4254.403809 0.000000 0.949808 0.000000 -0.312832 0.810803 0.810803 0.810803
3227.847412 0.000000 4263.291016 0.000000 0.918362 0.000000 -0.395740 0.817471 0.817471 0.817471
3226.345703 0.000000 4265.152344 0.000000 0.999583 0.000000 0.028870 0.795387 0.795387 0.795387
3227.206543 0.000000 4264.282715 0.000000 0.856018 0.000000 0.516945 0.713195 0.713195 0.713195
3301.436523 0.000000 4296.980957 0.000000 0.980496 0.000000 0.196539 0.789925 0.789925 0.789925
3323.946045 0.000000 4327.316895 0.000000 0.983037 0.000000 -0.183409 0.816578 0.816578 0.816578
3383.285400 0.000000 4306.439941 0.000000 0.936840 0.000000 -0.349760 0.808207 0.808207 0.808207
3395.361328 0.000000 4310.018555 0.000000 0.998727 0.000000 0.050446 0.799446 0.799446 0.799446
3091.941650 0.000000 4419.364746 0.000000 0.967289 0.000000 -0.253677 0.823564 0.823564 0.823564
3123.826416 0.000000 4439.833984 0.000000 0.992104 0.000000 0.125420 0.795730 0.795730 0.795730
3098.764648 0.000000 4422.959961 0.000000 0.923214 0.000000 0.384286 0.781881 0.781881 0.781881
3099.741455 0.000000 4421.166992 0.000000 0.961708 0.000000 -0.274075 0.817466 0.817466 0.817466
3116.250488 0.000000 4451.158691 0.000000 0.999521 0.000000 -0.030958 0.800711 0.800711 0.800711
3107.588379 0.000000 4443.372559 0.000000 0.969685 0.000000 -0.244357 0.815530 0.815530 0.815530
3106.044434 0.000000 4442.628906 0.000000 0.974257 0.000000 -0.225441 0.814306 0.814306 0.814306
3110.739258 0.000000 4520.141602 0.000000 0.895603 0.000000 0.444855 0.746136 0.746136 0.746136
3105.881104 0.000000 4529.678711 0.000000 0.992919 0.000000 -0.118796 0.807729 0.807729 0.807729
3120.953613 0.000000 4491.160156 0.000000 0.955418 0.000000 -0.295256 0.833523 0.833523 0.833523
3106.224365 0.000000 4512.687988 0.000000 0.976602 0.000000 0.215053 0.776191 0.776191 0.776191
3100.906982 0.000000 4524.214355 0.000000 0.999343 0.000000 -0.036251 0.807531 0.807531 0.807531
3100.909424 0.000000 4525.162109 0.000000 0.878597 0.000000 0.477563 0.696584 0.696584 0.696584
3437.673584 0.000000 4412.110352 0.000000 0.912766 0.000000 0.408484 0.759239 0.759239 0.759239
2948.716064 0.000000 4597.743652 0.000000 0.916428 0.000000 -0.400199 0.809046 0.809046 0.809046
2948.793213 0.000000 4610.101562 0.000000 0.995733 0.000000 -0.092279 0.810982 0.810982 0.810982
2951.229248 0.000000 4611.731445 0.000000 0.959663 0.000000 -0.281152 0.824760 0.824760 0.824760
2950.679443 0.000000 4597.641602 0.000000 0.996765 0.000000 -0.080371 0.816471 0.816471 0.816471
2822.212402 0.000000 4704.377930 0.000000 0.999689 0.000000 -0.024953 0.801146 0.801146 0.801146
2828.188965 0.000000 4722.670898 0.000000 0.920254 0.000000 0.391323 0.773500 0.773500 0.773500
2837.399414 0.000000 4721.904785 0.000000 0.909529 0.000000 -0.415641 0.849654 0.849654 0.849654
3237.845703 0.000000 4596.801270 0.000000 0.949195 0.000000 -0.314689 0.802877 0.802877 0.802877
3247.552002 0.000000 4598.191895 0.000000 0.955051 0.000000 -0.296443 0.808716 0.808716 0.808716
3234.227539 0.000000 4588.716309 0.000000 0.995213 0.000000 0.097727 0.796481 0.796481 0.796481
3253.260986 0.000000 4588.546387 0.000000 0.961890 0.000000 -0.273435 0.810234 0.810234 0.810234
3259.780029 0.000000 4588.023438 0.000000 0.969755 0.000000 -0.244080 0.810095 0.810095 0.810095
3091.884521 0.000000 4677.091797 0.000000 0.968116 0.000000 0.250503 0.796460 0.796460 0.796460
3097.392822 0.000000 4682.539062 0.000000 0.907865 0.000000 0.419263 0.793087 0.793087 0.793087
3095.885010 0.000000 4683.176758 0.000000 0.980531 0.000000 -0.196363 0.818948 0.818948 0.818948
3300.358398 0.000000 4841.167969 0.000000 0.987301 0.000000 0.158864 0.791875 0.791875 0.791875
3333.274170 0.000000 4843.514648 0.000000 0.871321 0.000000 0.490714 0.775927 0.775927 0.775927
7398.374023 0.000000 3106.541260 0.000000 0.956102 0.000000 0.293034 0.797030 0.797030 0.797030
7406.467773 0.000000 3092.898682 0.000000 0.963288 0.000000 0.268470 0.781271 0.781271 0.781271
7401.227539 0.000000 3111.245605 0.000000 0.938745 0.000000 0.344612 0.752218 0.752218 0.752218
"}
object={
	name="tree_mangrove_01_generator_1_2"
	render_pass=Map
	clamp_to_water_level=no
	generated_content=yes
	layer="tree_high_layer"
	pdxmesh="tree_mangrove_01_c_mesh"
	count=1049
	transform="311.090912 0.000000 1489.604858 0.000000 0.876482 0.000000 -0.481435 0.806019 0.806019 0.806019
302.546753 0.000000 1490.767578 0.000000 0.530881 0.000000 -0.847446 0.842410 0.842410 0.842410
297.614807 0.000000 1477.456787 0.000000 0.686212 0.000000 -0.727402 0.813014 0.813014 0.813014
303.310486 0.000000 1483.571533 0.000000 0.240113 0.000000 -0.970745 0.831836 0.831836 0.831836
304.924835 0.000000 1489.854736 0.000000 0.581117 0.000000 -0.813820 0.836077 0.836077 0.836077
299.272583 0.000000 1480.499390 0.000000 0.711212 0.000000 -0.702978 0.826469 0.826469 0.826469
299.760986 0.000000 1477.052979 0.000000 0.377833 0.000000 -0.925874 0.902809 0.902809 0.902809
3928.821289 0.000000 553.331909 0.000000 0.634859 0.000000 -0.772628 0.811463 0.811463 0.811463
3911.140137 0.000000 554.734009 0.000000 0.392201 0.000000 -0.919880 0.817492 0.817492 0.817492
3946.044189 0.000000 553.766968 0.000000 0.619800 0.000000 -0.784760 0.832438 0.832438 0.832438
3920.394043 0.000000 545.116638 0.000000 0.679151 0.000000 -0.733999 0.819753 0.819753 0.819753
3925.781738 0.000000 549.382385 0.000000 0.658201 0.000000 -0.752842 0.830643 0.830643 0.830643
3947.399902 0.000000 555.470276 0.000000 0.288630 0.000000 -0.957441 0.843392 0.843392 0.843392
3919.638672 0.000000 546.464294 0.000000 0.297700 0.000000 -0.954660 0.919076 0.919076 0.919076
3630.065674 0.000000 753.922791 0.000000 0.834859 0.000000 -0.550464 0.807568 0.807568 0.807568
3889.389648 0.000000 632.510132 0.000000 0.843593 0.000000 -0.536983 0.801698 0.801698 0.801698
3873.983398 0.000000 636.096130 0.000000 0.599433 0.000000 -0.800425 0.815754 0.815754 0.815754
3900.013428 0.000000 622.040405 0.000000 0.719555 0.000000 -0.694435 0.811499 0.811499 0.811499
3884.712402 0.000000 628.366272 0.000000 0.667157 0.000000 -0.744917 0.832731 0.832731 0.832731
3885.333252 0.000000 635.612244 0.000000 0.834161 0.000000 -0.551521 0.808751 0.808751 0.808751
3848.884277 0.000000 641.095459 0.000000 0.134942 0.000000 -0.990854 0.827236 0.827236 0.827236
3851.430420 0.000000 636.595154 0.000000 0.343401 0.000000 -0.939189 0.842650 0.842650 0.842650
3878.922119 0.000000 633.888000 0.000000 0.841372 0.000000 -0.540456 0.829080 0.829080 0.829080
3886.753906 0.000000 627.627625 0.000000 0.144284 0.000000 -0.989536 0.856962 0.856962 0.856962
3578.614258 0.000000 845.731506 0.000000 0.735462 0.000000 -0.677566 0.840145 0.840145 0.840145
3580.677246 0.000000 840.154480 0.000000 0.425316 0.000000 -0.905045 0.844067 0.844067 0.844067
3578.187744 0.000000 839.707642 0.000000 0.558674 0.000000 -0.829387 0.828323 0.828323 0.828323
3582.382812 0.000000 864.028503 0.000000 0.287247 0.000000 -0.957856 0.897103 0.897103 0.897103
3651.330078 0.000000 766.853943 0.000000 0.885714 0.000000 -0.464231 0.803375 0.803375 0.803375
3610.733398 0.000000 826.776489 0.000000 0.585736 0.000000 -0.810502 0.860397 0.860397 0.860397
3618.014648 0.000000 825.064880 0.000000 0.839200 0.000000 -0.543823 0.843064 0.843064 0.843064
3598.342041 0.000000 834.390259 0.000000 0.215157 0.000000 -0.976579 0.825689 0.825689 0.825689
3615.306641 0.000000 829.899048 0.000000 0.854192 0.000000 -0.519958 0.806007 0.806007 0.806007
3639.254150 0.000000 810.517578 0.000000 0.439074 0.000000 -0.898451 0.807803 0.807803 0.807803
3600.433105 0.000000 828.569763 0.000000 0.627362 0.000000 -0.778728 0.837439 0.837439 0.837439
3605.820801 0.000000 832.835510 0.000000 0.701158 0.000000 -0.713006 0.856280 0.856280 0.856280
3627.067627 0.000000 826.935364 0.000000 0.866060 0.000000 -0.499940 0.849144 0.849144 0.849144
3601.561035 0.000000 834.377808 0.000000 0.358724 0.000000 -0.933444 0.821640 0.821640 0.821640
3599.743652 0.000000 831.489990 0.000000 0.541361 0.000000 -0.840790 0.855852 0.855852 0.855852
3584.837402 0.000000 836.282532 0.000000 0.237068 0.000000 -0.971493 0.845207 0.845207 0.845207
3610.398926 0.000000 834.427246 0.000000 0.611171 0.000000 -0.791499 0.865664 0.865664 0.865664
3590.118652 0.000000 830.518066 0.000000 0.717936 0.000000 -0.696109 0.873814 0.873814 0.873814
3639.462646 0.000000 817.762878 0.000000 0.645587 0.000000 -0.763687 0.837316 0.837316 0.837316
3583.569580 0.000000 841.821106 0.000000 0.256603 0.000000 -0.966517 0.878569 0.878569 0.878569
3620.985596 0.000000 827.254822 0.000000 0.131936 0.000000 -0.991258 0.838785 0.838785 0.838785
3629.536621 0.000000 819.206299 0.000000 0.825186 0.000000 -0.564861 0.826375 0.826375 0.826375
3629.414795 0.000000 815.246826 0.000000 0.259667 0.000000 -0.965698 0.854865 0.854865 0.854865
3609.251709 0.000000 828.186584 0.000000 0.512138 0.000000 -0.858903 0.895948 0.895948 0.895948
3594.295410 0.000000 831.633667 0.000000 0.358272 0.000000 -0.933617 0.920272 0.920272 0.920272
3625.858887 0.000000 828.345459 0.000000 0.486450 0.000000 -0.873709 0.853065 0.853065 0.853065
3620.319336 0.000000 825.581421 0.000000 0.764920 0.000000 -0.644125 0.866397 0.866397 0.866397
3625.315186 0.000000 826.600952 0.000000 0.870676 0.000000 -0.491857 0.833378 0.833378 0.833378
3610.178711 0.000000 833.480225 0.000000 0.571914 0.000000 -0.820313 1.002693 1.002693 1.002693
3697.413086 0.000000 821.478882 0.000000 0.804782 0.000000 -0.593570 0.826019 0.826019 0.826019
3647.854004 0.000000 816.730286 0.000000 0.285183 0.000000 -0.958473 0.829436 0.829436 0.829436
3672.483887 0.000000 845.421204 0.000000 0.513906 0.000000 -0.857846 0.841186 0.841186 0.841186
3701.687256 0.000000 831.596924 0.000000 0.288151 0.000000 -0.957585 0.816598 0.816598 0.816598
3683.430908 0.000000 840.333069 0.000000 0.219763 0.000000 -0.975553 0.898357 0.898357 0.898357
3705.249268 0.000000 842.264160 0.000000 0.563154 0.000000 -0.826352 0.874787 0.874787 0.874787
3695.253906 0.000000 840.950012 0.000000 0.599799 0.000000 -0.800151 0.862060 0.862060 0.862060
3666.777100 0.000000 823.237976 0.000000 0.316986 0.000000 -0.948430 0.920913 0.920913 0.920913
3669.812988 0.000000 832.835510 0.000000 0.319931 0.000000 -0.947441 0.822382 0.822382 0.822382
3675.126953 0.000000 838.837463 0.000000 0.881596 0.000000 -0.472004 0.816690 0.816690 0.816690
3653.113770 0.000000 811.837708 0.000000 0.695331 0.000000 -0.718690 0.821622 0.821622 0.821622
3661.175537 0.000000 820.499756 0.000000 0.762019 0.000000 -0.647554 0.823212 0.823212 0.823212
3680.766113 0.000000 827.685913 0.000000 0.788749 0.000000 -0.614715 0.850244 0.850244 0.850244
3686.529541 0.000000 845.959045 0.000000 0.697485 0.000000 -0.716600 0.831913 0.831913 0.831913
3666.670898 0.000000 820.022217 0.000000 0.384406 0.000000 -0.923164 0.841111 0.841111 0.841111
3680.091309 0.000000 823.724365 0.000000 0.483385 0.000000 -0.875408 0.835139 0.835139 0.835139
3670.761963 0.000000 847.081116 0.000000 0.233112 0.000000 -0.972450 0.862683 0.862683 0.862683
3683.697266 0.000000 842.577881 0.000000 0.783179 0.000000 -0.621797 0.828815 0.828815 0.828815
3687.597168 0.000000 848.518860 0.000000 0.806585 0.000000 -0.591118 0.828421 0.828421 0.828421
3662.212402 0.000000 818.665344 0.000000 0.141773 0.000000 -0.989899 0.887021 0.887021 0.887021
3679.484131 0.000000 820.033203 0.000000 0.484866 0.000000 -0.874588 0.922258 0.922258 0.922258
3674.875732 0.000000 836.540039 0.000000 0.864618 0.000000 -0.502430 0.824181 0.824181 0.824181
3695.379639 0.000000 838.896667 0.000000 0.754807 0.000000 -0.655947 0.828578 0.828578 0.828578
3669.302734 0.000000 818.983521 0.000000 0.754518 0.000000 -0.656280 0.862195 0.862195 0.862195
3682.107910 0.000000 841.500366 0.000000 0.615770 0.000000 -0.787926 0.866151 0.866151 0.866151
3701.184326 0.000000 845.475647 0.000000 0.601668 0.000000 -0.798746 0.882230 0.882230 0.882230
3689.784424 0.000000 845.134216 0.000000 0.455012 0.000000 -0.890485 0.898720 0.898720 0.898720
3691.154785 0.000000 831.530762 0.000000 0.297233 0.000000 -0.954805 0.897578 0.897578 0.897578
3678.127197 0.000000 821.130310 0.000000 0.351568 0.000000 -0.936162 0.939136 0.939136 0.939136
3698.791748 0.000000 840.012634 0.000000 0.216325 0.000000 -0.976321 0.890509 0.890509 0.890509
3701.354736 0.000000 827.779114 0.000000 0.238133 0.000000 -0.971233 0.934180 0.934180 0.934180
3688.969727 0.000000 833.102051 0.000000 0.591595 0.000000 -0.806235 0.902075 0.902075 0.902075
3688.271729 0.000000 832.149780 0.000000 0.814927 0.000000 -0.579563 0.867290 0.867290 0.867290
3585.923096 0.000000 865.765625 0.000000 0.868883 0.000000 -0.495017 0.816031 0.816031 0.816031
3589.154053 0.000000 861.398621 0.000000 0.540878 0.000000 -0.841101 0.874845 0.874845 0.874845
3584.921631 0.000000 869.763184 0.000000 0.518785 0.000000 -0.854904 0.892156 0.892156 0.892156
3587.915039 0.000000 875.593872 0.000000 0.205925 0.000000 -0.978568 0.922535 0.922535 0.922535
3583.601807 0.000000 872.492310 0.000000 0.504559 0.000000 -0.863378 0.900927 0.900927 0.900927
3697.797852 0.000000 894.395996 0.000000 0.608342 0.000000 -0.793675 0.828382 0.828382 0.828382
3682.006836 0.000000 872.307068 0.000000 0.173548 0.000000 -0.984825 0.861355 0.861355 0.861355
3703.096191 0.000000 869.362244 0.000000 0.683819 0.000000 -0.729652 0.828584 0.828584 0.828584
3698.471924 0.000000 888.811218 0.000000 0.817219 0.000000 -0.576327 0.847230 0.847230 0.847230
3672.909912 0.000000 879.260803 0.000000 0.351311 0.000000 -0.936259 0.812102 0.812102 0.812102
3665.091553 0.000000 862.147095 0.000000 0.450311 0.000000 -0.892872 0.850699 0.850699 0.850699
3711.074707 0.000000 885.610718 0.000000 0.351334 0.000000 -0.936250 0.843565 0.843565 0.843565
3685.782715 0.000000 890.811401 0.000000 0.209238 0.000000 -0.977865 0.812223 0.812223 0.812223
3681.310059 0.000000 850.640137 0.000000 0.480812 0.000000 -0.876824 0.809610 0.809610 0.809610
3706.308594 0.000000 872.244019 0.000000 0.424698 0.000000 -0.905335 0.842963 0.842963 0.842963
3698.098389 0.000000 877.600647 0.000000 0.264003 0.000000 -0.964522 0.818226 0.818226 0.818226
3696.788818 0.000000 884.089478 0.000000 0.879693 0.000000 -0.475543 0.840087 0.840087 0.840087
3685.587646 0.000000 861.383240 0.000000 0.192980 0.000000 -0.981203 0.860487 0.860487 0.860487
3667.848145 0.000000 860.960388 0.000000 0.795506 0.000000 -0.605946 0.817552 0.817552 0.817552
3674.544678 0.000000 876.891785 0.000000 0.300369 0.000000 -0.953823 0.845503 0.845503 0.845503
3700.139648 0.000000 869.346130 0.000000 0.183429 0.000000 -0.983033 0.963360 0.963360 0.963360
3673.646973 0.000000 862.375977 0.000000 0.863091 0.000000 -0.505049 0.863445 0.863445 0.863445
3684.627686 0.000000 884.486755 0.000000 0.841106 0.000000 -0.540870 0.841089 0.841089 0.841089
3705.460938 0.000000 874.676331 0.000000 0.801646 0.000000 -0.597799 0.814717 0.814717 0.814717
3704.029297 0.000000 877.757019 0.000000 0.362644 0.000000 -0.931928 0.834743 0.834743 0.834743
3691.826172 0.000000 896.226990 0.000000 0.896650 0.000000 -0.442740 0.824733 0.824733 0.824733
3695.849365 0.000000 878.219482 0.000000 0.286130 0.000000 -0.958191 0.840923 0.840923 0.840923
3694.656250 0.000000 883.511292 0.000000 0.789892 0.000000 -0.613246 0.843511 0.843511 0.843511
3675.792725 0.000000 861.852966 0.000000 0.848640 0.000000 -0.528972 0.823935 0.823935 0.823935
3691.347168 0.000000 862.904480 0.000000 0.690645 0.000000 -0.723194 0.837943 0.837943 0.837943
3699.847656 0.000000 867.522827 0.000000 0.438958 0.000000 -0.898508 0.849052 0.849052 0.849052
3669.815430 0.000000 864.421631 0.000000 0.228604 0.000000 -0.973519 0.916432 0.916432 0.916432
3680.837402 0.000000 863.519775 0.000000 0.454199 0.000000 -0.890900 0.885629 0.885629 0.885629
3678.585693 0.000000 853.222656 0.000000 0.532361 0.000000 -0.846517 0.879633 0.879633 0.879633
3668.697754 0.000000 855.983398 0.000000 0.745236 0.000000 -0.666801 0.848107 0.848107 0.848107
3698.100098 0.000000 892.699036 0.000000 0.893138 0.000000 -0.449783 0.829350 0.829350 0.829350
3681.974121 0.000000 852.222351 0.000000 0.661968 0.000000 -0.749532 0.863464 0.863464 0.863464
3698.475830 0.000000 895.795959 0.000000 0.490070 0.000000 -0.871683 0.967032 0.967032 0.967032
3675.974609 0.000000 887.343750 0.000000 0.837936 0.000000 -0.545769 0.840932 0.840932 0.840932
3699.744629 0.000000 895.227661 0.000000 0.479655 0.000000 -0.877457 0.968911 0.968911 0.968911
3692.121582 0.000000 897.597595 0.000000 0.610881 0.000000 -0.791723 0.910396 0.910396 0.910396
3673.118896 0.000000 863.443848 0.000000 0.574737 0.000000 -0.818339 0.914863 0.914863 0.914863
3701.201172 0.000000 900.872803 0.000000 0.740533 0.000000 -0.672020 0.803680 0.803680 0.803680
3692.735840 0.000000 911.819397 0.000000 0.671754 0.000000 -0.740774 0.819161 0.819161 0.819161
3703.849609 0.000000 929.066956 0.000000 0.865357 0.000000 -0.501156 0.823589 0.823589 0.823589
3710.389893 0.000000 930.091919 0.000000 0.765287 0.000000 -0.643689 0.816062 0.816062 0.816062
3697.470947 0.000000 907.934021 0.000000 0.825102 0.000000 -0.564984 0.823384 0.823384 0.823384
3690.797607 0.000000 897.759277 0.000000 0.803553 0.000000 -0.595233 0.834380 0.834380 0.834380
3707.400391 0.000000 913.388611 0.000000 0.692353 0.000000 -0.721559 0.894983 0.894983 0.894983
3706.584473 0.000000 938.193787 0.000000 0.354828 0.000000 -0.934932 0.861526 0.861526 0.861526
3704.636230 0.000000 918.064880 0.000000 0.556707 0.000000 -0.830709 0.841119 0.841119 0.841119
3704.906738 0.000000 905.789551 0.000000 0.234361 0.000000 -0.972150 1.115777 1.115777 1.115777
3707.005615 0.000000 915.124939 0.000000 0.233447 0.000000 -0.972370 1.096000 1.096000 1.096000
3695.987305 0.000000 914.951843 0.000000 0.778118 0.000000 -0.628119 0.835944 0.835944 0.835944
3695.980469 0.000000 907.691895 0.000000 0.143300 0.000000 -0.989679 0.911152 0.911152 0.911152
3694.203369 0.000000 912.420349 0.000000 0.521070 0.000000 -0.853514 0.950128 0.950128 0.950128
3709.596924 0.000000 900.329834 0.000000 0.592861 0.000000 -0.805304 0.936495 0.936495 0.936495
3698.920898 0.000000 915.810303 0.000000 0.209378 0.000000 -0.977835 0.918144 0.918144 0.918144
3689.488037 0.000000 898.498779 0.000000 0.778583 0.000000 -0.627541 0.857584 0.857584 0.857584
3696.151367 0.000000 916.106750 0.000000 0.478888 0.000000 -0.877876 0.979748 0.979748 0.979748
3694.134766 0.000000 904.606079 0.000000 0.354275 0.000000 -0.935141 1.064330 1.064330 1.064330
3693.569092 0.000000 899.256470 0.000000 0.335012 0.000000 -0.942214 1.106870 1.106870 1.106870
3712.744873 0.000000 897.309814 0.000000 0.429404 0.000000 -0.903112 0.816881 0.816881 0.816881
3724.728760 0.000000 894.454407 0.000000 0.426865 0.000000 -0.904315 0.839487 0.839487 0.839487
3763.611816 0.000000 891.842590 0.000000 0.431985 0.000000 -0.901881 0.862863 0.862863 0.862863
3755.818359 0.000000 896.226990 0.000000 0.151472 0.000000 -0.988462 0.887840 0.887840 0.887840
3723.798584 0.000000 885.642212 0.000000 0.777914 0.000000 -0.628371 0.859710 0.859710 0.859710
3748.800537 0.000000 886.337769 0.000000 0.875048 0.000000 -0.484035 0.833806 0.833806 0.833806
3776.737061 0.000000 897.309814 0.000000 0.214224 0.000000 -0.976785 0.808118 0.808118 0.808118
3758.125000 0.000000 923.861267 0.000000 0.892843 0.000000 -0.450367 0.806998 0.806998 0.806998
3740.783936 0.000000 930.429199 0.000000 0.341051 0.000000 -0.940045 0.836632 0.836632 0.836632
3770.300781 0.000000 919.486206 0.000000 0.832878 0.000000 -0.553456 0.814642 0.814642 0.814642
3715.770752 0.000000 926.334961 0.000000 0.438428 0.000000 -0.898766 0.847962 0.847962 0.847962
3742.534424 0.000000 920.834961 0.000000 0.536718 0.000000 -0.843762 0.873209 0.873209 0.873209
3756.445801 0.000000 915.428650 0.000000 0.222722 0.000000 -0.974882 0.828231 0.828231 0.828231
3759.489502 0.000000 913.300720 0.000000 0.481054 0.000000 -0.876691 0.865115 0.865115 0.865115
3725.489014 0.000000 901.530762 0.000000 0.302214 0.000000 -0.953240 0.945134 0.945134 0.945134
3712.821777 0.000000 930.766907 0.000000 0.783830 0.000000 -0.620975 0.820741 0.820741 0.820741
3738.383301 0.000000 928.911621 0.000000 0.354074 0.000000 -0.935217 0.835009 0.835009 0.835009
3762.351807 0.000000 900.614380 0.000000 0.722589 0.000000 -0.691278 0.849543 0.849543 0.849543
3749.395752 0.000000 905.819031 0.000000 0.433466 0.000000 -0.901170 0.847078 0.847078 0.847078
3764.122314 0.000000 923.047546 0.000000 0.260992 0.000000 -0.965341 0.890041 0.890041 0.890041
3723.446045 0.000000 920.048279 0.000000 0.576175 0.000000 -0.817327 0.823886 0.823886 0.823886
3725.264160 0.000000 898.321472 0.000000 0.894242 0.000000 -0.447585 0.813439 0.813439 0.813439
3721.662354 0.000000 936.850159 0.000000 0.315536 0.000000 -0.948914 0.857410 0.857410 0.857410
3733.591064 0.000000 899.589966 0.000000 0.425021 0.000000 -0.905183 0.876857 0.876857 0.876857
3715.032227 0.000000 898.004211 0.000000 0.662024 0.000000 -0.749483 0.866843 0.866843 0.866843
3726.099854 0.000000 904.240906 0.000000 0.479553 0.000000 -0.877513 0.869496 0.869496 0.869496
3733.729492 0.000000 920.911865 0.000000 0.396804 0.000000 -0.917903 0.837157 0.837157 0.837157
3741.048340 0.000000 932.619263 0.000000 0.364392 0.000000 -0.931246 0.852631 0.852631 0.852631
3736.006348 0.000000 901.409668 0.000000 0.659561 0.000000 -0.751651 0.845867 0.845867 0.845867
3757.520996 0.000000 913.690674 0.000000 0.277842 0.000000 -0.960627 0.879823 0.879823 0.879823
3720.379150 0.000000 941.500916 0.000000 0.817079 0.000000 -0.576526 0.841113 0.841113 0.841113
3742.927002 0.000000 903.917542 0.000000 0.742749 0.000000 -0.669570 0.873262 0.873262 0.873262
3733.710938 0.000000 943.981323 0.000000 0.883832 0.000000 -0.467805 0.841807 0.841807 0.841807
3711.570557 0.000000 942.905029 0.000000 0.702292 0.000000 -0.711889 0.866452 0.866452 0.866452
3770.674561 0.000000 908.955872 0.000000 0.175002 0.000000 -0.984568 0.946261 0.946261 0.946261
3754.558838 0.000000 911.807495 0.000000 0.596379 0.000000 -0.802703 0.846526 0.846526 0.846526
3744.829590 0.000000 910.761963 0.000000 0.525977 0.000000 -0.850499 0.866009 0.866009 0.866009
3742.999512 0.000000 922.545654 0.000000 0.674493 0.000000 -0.738281 0.845615 0.845615 0.845615
3723.125977 0.000000 937.851562 0.000000 0.883879 0.000000 -0.467716 0.844715 0.844715 0.844715
3740.189941 0.000000 928.411011 0.000000 0.894250 0.000000 -0.447568 0.851901 0.851901 0.851901
3740.858398 0.000000 921.267212 0.000000 0.461868 0.000000 -0.886949 0.854459 0.854459 0.854459
3736.695068 0.000000 913.680054 0.000000 0.122914 0.000000 -0.992417 0.901190 0.901190 0.901190
3733.736816 0.000000 940.012268 0.000000 0.881620 0.000000 -0.471961 0.836813 0.836813 0.836813
3729.260010 0.000000 911.007507 0.000000 0.807222 0.000000 -0.590248 0.847918 0.847918 0.847918
3724.986572 0.000000 903.060425 0.000000 0.811471 0.000000 -0.584393 0.836150 0.836150 0.836150
3763.558350 0.000000 904.876709 0.000000 0.172408 0.000000 -0.985026 0.975845 0.975845 0.975845
3732.111084 0.000000 899.216187 0.000000 0.157315 0.000000 -0.987549 0.895939 0.895939 0.895939
3720.704102 0.000000 918.574402 0.000000 0.782203 0.000000 -0.623023 0.851719 0.851719 0.851719
3713.252197 0.000000 911.734924 0.000000 0.222136 0.000000 -0.975016 0.947942 0.947942 0.947942
3717.856689 0.000000 913.485352 0.000000 0.130049 0.000000 -0.991508 1.015758 1.015758 1.015758
3720.845703 0.000000 921.542847 0.000000 0.374176 0.000000 -0.927358 0.926864 0.926864 0.926864
3771.842041 0.000000 909.855286 0.000000 0.131619 0.000000 -0.991300 0.950865 0.950865 0.950865
3713.732910 0.000000 909.249695 0.000000 0.537948 0.000000 -0.842978 0.896135 0.896135 0.896135
3725.866455 0.000000 917.963684 0.000000 0.179604 0.000000 -0.983739 0.944382 0.944382 0.944382
3771.135986 0.000000 926.857910 0.000000 0.192350 0.000000 -0.981326 0.949912 0.949912 0.949912
3763.143311 0.000000 905.929199 0.000000 0.634490 0.000000 -0.772931 0.911161 0.911161 0.911161
3762.005859 0.000000 904.305664 0.000000 0.287465 0.000000 -0.957791 0.960959 0.960959 0.960959
3786.979492 0.000000 908.302856 0.000000 0.124755 0.000000 -0.992188 0.870742 0.870742 0.870742
3775.838379 0.000000 901.655823 0.000000 0.592798 0.000000 -0.805351 0.881343 0.881343 0.881343
3798.815186 0.000000 909.466980 0.000000 0.676408 0.000000 -0.736527 0.822323 0.822323 0.822323
3782.084717 0.000000 903.132751 0.000000 0.411855 0.000000 -0.911249 0.836631 0.836631 0.836631
3784.892090 0.000000 924.548584 0.000000 0.689165 0.000000 -0.724605 0.818615 0.818615 0.818615
3799.546143 0.000000 916.208557 0.000000 0.417954 0.000000 -0.908468 0.851211 0.851211 0.851211
3780.840332 0.000000 910.462830 0.000000 0.276784 0.000000 -0.960932 0.867006 0.867006 0.867006
3790.092041 0.000000 904.240906 0.000000 0.691580 0.000000 -0.722300 0.902363 0.902363 0.902363
3803.777100 0.000000 909.095154 0.000000 0.883850 0.000000 -0.467770 0.822360 0.822360 0.822360
3784.871826 0.000000 908.371094 0.000000 0.877515 0.000000 -0.479549 0.843952 0.843952 0.843952
3808.737061 0.000000 907.560913 0.000000 0.744162 0.000000 -0.667999 0.837256 0.837256 0.837256
3781.023193 0.000000 899.527954 0.000000 0.869965 0.000000 -0.493114 0.829352 0.829352 0.829352
3801.938232 0.000000 904.824707 0.000000 0.350010 0.000000 -0.936746 0.887231 0.887231 0.887231
3794.178711 0.000000 922.775146 0.000000 0.835248 0.000000 -0.549874 0.845350 0.845350 0.845350
3815.601074 0.000000 911.966797 0.000000 0.470463 0.000000 -0.882420 0.856133 0.856133 0.856133
3806.633545 0.000000 913.107788 0.000000 0.288175 0.000000 -0.957578 0.886816 0.886816 0.886816
3781.848877 0.000000 913.485352 0.000000 0.616977 0.000000 -0.786981 0.870563 0.870563 0.870563
3785.704102 0.000000 909.442505 0.000000 0.593614 0.000000 -0.804750 0.882189 0.882189 0.882189
3782.719482 0.000000 906.367615 0.000000 0.533923 0.000000 -0.845533 0.896593 0.896593 0.896593
3798.767822 0.000000 910.745911 0.000000 0.586171 0.000000 -0.810187 0.889601 0.889601 0.889601
3808.853271 0.000000 904.727356 0.000000 0.787739 0.000000 -0.616010 0.890134 0.890134 0.890134
3794.600830 0.000000 911.488647 0.000000 0.781930 0.000000 -0.623366 0.869227 0.869227 0.869227
3796.803955 0.000000 911.321594 0.000000 0.593184 0.000000 -0.805067 0.933633 0.933633 0.933633
3851.089844 0.000000 944.752686 0.000000 0.212951 0.000000 -0.977063 0.851465 0.851465 0.851465
3848.363525 0.000000 941.500916 0.000000 0.640903 0.000000 -0.767622 0.836704 0.836704 0.836704
3737.320068 0.000000 954.027771 0.000000 0.471267 0.000000 -0.881990 0.821572 0.821572 0.821572
3729.514404 0.000000 953.786316 0.000000 0.257901 0.000000 -0.966171 0.868023 0.868023 0.868023
3718.658936 0.000000 947.744995 0.000000 0.336033 0.000000 -0.941850 0.858867 0.858867 0.858867
3738.979980 0.000000 954.796082 0.000000 0.832418 0.000000 -0.554148 0.858653 0.858653 0.858653
3729.639160 0.000000 950.251404 0.000000 0.757422 0.000000 -0.652926 0.849732 0.849732 0.849732
3839.059082 0.000000 980.095093 0.000000 0.137690 0.000000 -0.990475 0.821460 0.821460 0.821460
3851.572998 0.000000 951.148193 0.000000 0.807658 0.000000 -0.589651 0.809446 0.809446 0.809446
3850.776855 0.000000 977.994629 0.000000 0.437269 0.000000 -0.899331 0.824567 0.824567 0.824567
3841.224609 0.000000 989.222473 0.000000 0.794311 0.000000 -0.607511 0.818257 0.818257 0.818257
3850.875732 0.000000 962.896423 0.000000 0.385911 0.000000 -0.922536 0.831670 0.831670 0.831670
3839.830566 0.000000 1005.699036 0.000000 0.215699 0.000000 -0.976460 0.832437 0.832437 0.832437
1616.911743 0.000000 2262.844727 0.000000 0.836350 0.000000 -0.548196 0.833605 0.833605 0.833605
1602.971558 0.000000 2257.291992 0.000000 0.609819 0.000000 -0.792541 0.863045 0.863045 0.863045
1627.125610 0.000000 2253.805908 0.000000 0.808981 0.000000 -0.587835 0.933033 0.933033 0.933033
1612.337280 0.000000 2266.077148 0.000000 0.154633 0.000000 -0.987972 0.907433 0.907433 0.907433
1604.737305 0.000000 2267.298096 0.000000 0.203514 0.000000 -0.979072 1.076885 1.076885 1.076885
1607.565063 0.000000 2254.160889 0.000000 0.613146 0.000000 -0.789970 0.893679 0.893679 0.893679
1630.775635 0.000000 2248.033691 0.000000 0.894655 0.000000 -0.446757 0.893887 0.893887 0.893887
484.933716 0.000000 2485.822266 0.000000 0.381084 0.000000 -0.924540 0.821208 0.821208 0.821208
487.217468 0.000000 2492.392822 0.000000 0.368865 0.000000 -0.929483 0.813105 0.813105 0.813105
493.747040 0.000000 2478.057861 0.000000 0.242017 0.000000 -0.970272 0.829139 0.829139 0.829139
492.844086 0.000000 2474.421143 0.000000 0.224882 0.000000 -0.974386 0.871132 0.871132 0.871132
485.018005 0.000000 2490.721191 0.000000 0.582979 0.000000 -0.812487 0.855879 0.855879 0.855879
488.042633 0.000000 2479.413086 0.000000 0.355108 0.000000 -0.934825 0.903725 0.903725 0.903725
483.657379 0.000000 2489.817627 0.000000 0.817193 0.000000 -0.576365 0.847234 0.847234 0.847234
489.952118 0.000000 2482.829834 0.000000 0.275377 0.000000 -0.961336 0.985764 0.985764 0.985764
4163.530762 0.000000 648.394958 0.000000 0.557189 0.000000 -0.830386 0.819569 0.819569 0.819569
4160.551758 0.000000 650.456848 0.000000 0.706653 0.000000 -0.707560 0.810989 0.810989 0.810989
4169.607910 0.000000 653.397034 0.000000 0.513200 0.000000 -0.858269 0.826792 0.826792 0.826792
4180.458496 0.000000 704.986877 0.000000 0.563191 0.000000 -0.826326 0.860215 0.860215 0.860215
4218.549316 0.000000 707.268494 0.000000 0.604284 0.000000 -0.796769 0.806445 0.806445 0.806445
4188.729492 0.000000 694.218262 0.000000 0.559979 0.000000 -0.828507 0.855580 0.855580 0.855580
4181.052734 0.000000 679.288391 0.000000 0.677918 0.000000 -0.735137 0.860205 0.860205 0.860205
4210.102051 0.000000 684.885437 0.000000 0.458937 0.000000 -0.888469 0.813110 0.813110 0.813110
4180.867188 0.000000 699.463806 0.000000 0.892625 0.000000 -0.450799 0.817747 0.817747 0.817747
4183.412598 0.000000 682.647156 0.000000 0.553917 0.000000 -0.832572 0.813753 0.813753 0.813753
4175.833008 0.000000 683.025330 0.000000 0.856894 0.000000 -0.515492 0.807031 0.807031 0.807031
4202.013184 0.000000 695.493530 0.000000 0.130122 0.000000 -0.991498 0.871916 0.871916 0.871916
4198.606934 0.000000 693.523926 0.000000 0.702827 0.000000 -0.711361 0.853743 0.853743 0.853743
4177.491211 0.000000 692.651245 0.000000 0.733298 0.000000 -0.679907 0.812692 0.812692 0.812692
4222.432129 0.000000 688.687073 0.000000 0.359291 0.000000 -0.933225 0.831242 0.831242 0.831242
4208.453613 0.000000 702.681946 0.000000 0.751074 0.000000 -0.660218 0.828084 0.828084 0.828084
4179.785645 0.000000 671.991638 0.000000 0.401002 0.000000 -0.916077 0.825445 0.825445 0.825445
4203.902344 0.000000 704.432739 0.000000 0.770913 0.000000 -0.636940 0.814481 0.814481 0.814481
4186.482422 0.000000 687.923035 0.000000 0.302862 0.000000 -0.953034 0.863068 0.863068 0.863068
4192.583496 0.000000 698.683533 0.000000 0.851698 0.000000 -0.524032 0.823685 0.823685 0.823685
4194.935547 0.000000 692.966492 0.000000 0.599214 0.000000 -0.800589 0.861182 0.861182 0.861182
4178.941895 0.000000 667.563843 0.000000 0.771765 0.000000 -0.635907 0.840606 0.840606 0.840606
4184.127930 0.000000 684.936829 0.000000 0.439312 0.000000 -0.898335 0.927044 0.927044 0.927044
4184.727539 0.000000 697.567261 0.000000 0.401934 0.000000 -0.915669 0.833512 0.833512 0.833512
4179.739746 0.000000 707.204712 0.000000 0.699919 0.000000 -0.714222 0.843693 0.843693 0.843693
4199.535156 0.000000 706.792297 0.000000 0.835386 0.000000 -0.549663 0.829639 0.829639 0.829639
4193.158691 0.000000 687.864746 0.000000 0.471611 0.000000 -0.881807 0.861457 0.861457 0.861457
4181.240234 0.000000 677.256958 0.000000 0.160178 0.000000 -0.987088 0.871807 0.871807 0.871807
4191.642578 0.000000 705.881409 0.000000 0.148099 0.000000 -0.988973 0.872430 0.872430 0.872430
4208.269531 0.000000 684.567505 0.000000 0.339210 0.000000 -0.940711 0.897842 0.897842 0.897842
4185.181641 0.000000 686.460022 0.000000 0.426779 0.000000 -0.904356 0.925242 0.925242 0.925242
4202.208496 0.000000 706.293091 0.000000 0.445489 0.000000 -0.895287 0.858700 0.858700 0.858700
4219.708984 0.000000 705.389404 0.000000 0.814766 0.000000 -0.579790 0.832734 0.832734 0.832734
4203.909668 0.000000 695.495605 0.000000 0.838797 0.000000 -0.544445 0.828747 0.828747 0.828747
4179.394531 0.000000 679.946350 0.000000 0.243163 0.000000 -0.969986 0.878077 0.878077 0.878077
4206.257324 0.000000 690.084900 0.000000 0.470814 0.000000 -0.882232 0.882011 0.882011 0.882011
4198.178223 0.000000 690.655823 0.000000 0.762967 0.000000 -0.646437 0.856155 0.856155 0.856155
4183.315918 0.000000 691.240967 0.000000 0.354984 0.000000 -0.934872 0.883230 0.883230 0.883230
4192.279785 0.000000 690.380432 0.000000 0.845881 0.000000 -0.533372 0.843259 0.843259 0.843259
4180.050781 0.000000 678.129883 0.000000 0.731395 0.000000 -0.681954 0.854706 0.854706 0.854706
4208.568359 0.000000 691.755432 0.000000 0.443808 0.000000 -0.896122 0.956428 0.956428 0.956428
4158.929688 0.000000 724.941345 0.000000 0.689981 0.000000 -0.723828 0.845260 0.845260 0.845260
4205.486816 0.000000 743.657593 0.000000 0.891411 0.000000 -0.453196 0.808455 0.808455 0.808455
4191.807129 0.000000 713.114014 0.000000 0.689622 0.000000 -0.724169 0.804852 0.804852 0.804852
4186.663086 0.000000 732.292114 0.000000 0.815663 0.000000 -0.578528 0.817866 0.817866 0.817866
4200.923340 0.000000 752.209778 0.000000 0.798615 0.000000 -0.601842 0.812898 0.812898 0.812898
4193.944824 0.000000 730.580505 0.000000 0.588985 0.000000 -0.808144 0.871417 0.871417 0.871417
4198.205078 0.000000 709.520203 0.000000 0.148735 0.000000 -0.988877 0.909305 0.909305 0.909305
4167.348633 0.000000 739.617310 0.000000 0.304750 0.000000 -0.952432 0.823928 0.823928 0.823928
4185.707031 0.000000 726.040161 0.000000 0.431636 0.000000 -0.902048 0.822459 0.822459 0.822459
4191.236328 0.000000 735.414673 0.000000 0.303047 0.000000 -0.952976 0.820179 0.820179 0.820179
4160.510254 0.000000 731.554016 0.000000 0.321607 0.000000 -0.946873 0.813658 0.813658 0.813658
4223.012695 0.000000 743.884155 0.000000 0.472108 0.000000 -0.881541 0.834484 0.834484 0.834484
4164.567871 0.000000 723.883789 0.000000 0.888997 0.000000 -0.457913 0.832299 0.832299 0.832299
4193.247559 0.000000 708.913574 0.000000 0.156258 0.000000 -0.987716 0.839534 0.839534 0.839534
4171.912109 0.000000 723.563171 0.000000 0.136287 0.000000 -0.990669 0.880198 0.880198 0.880198
4166.806152 0.000000 748.247253 0.000000 0.618414 0.000000 -0.785852 0.862295 0.862295 0.862295
4167.144043 0.000000 720.648193 0.000000 0.895842 0.000000 -0.444373 0.806438 0.806438 0.806438
4182.807617 0.000000 734.154968 0.000000 0.227185 0.000000 -0.973852 0.865648 0.865648 0.865648
4193.015137 0.000000 727.047974 0.000000 0.487534 0.000000 -0.873104 0.854063 0.854063 0.854063
4195.368652 0.000000 745.848694 0.000000 0.875390 0.000000 -0.483417 0.814108 0.814108 0.814108
4202.354980 0.000000 735.616089 0.000000 0.789723 0.000000 -0.613464 0.833636 0.833636 0.833636
4218.536621 0.000000 751.247131 0.000000 0.262496 0.000000 -0.964933 0.867776 0.867776 0.867776
4202.997559 0.000000 732.450989 0.000000 0.858012 0.000000 -0.513630 0.825856 0.825856 0.825856
4168.627441 0.000000 723.354736 0.000000 0.768868 0.000000 -0.639408 0.849187 0.849187 0.849187
4186.329102 0.000000 739.942871 0.000000 0.662302 0.000000 -0.749237 0.820298 0.820298 0.820298
4161.937988 0.000000 729.249084 0.000000 0.335689 0.000000 -0.941973 0.850297 0.850297 0.850297
4163.603027 0.000000 726.436646 0.000000 0.882400 0.000000 -0.470500 0.845494 0.845494 0.845494
4161.853027 0.000000 724.039062 0.000000 0.126648 0.000000 -0.991948 0.861998 0.861998 0.861998
4202.613770 0.000000 716.799072 0.000000 0.671820 0.000000 -0.740714 0.849146 0.849146 0.849146
4206.834473 0.000000 727.696472 0.000000 0.658870 0.000000 -0.752257 0.852719 0.852719 0.852719
4201.108887 0.000000 745.144409 0.000000 0.492542 0.000000 -0.870289 0.851662 0.851662 0.851662
4206.302246 0.000000 751.418823 0.000000 0.412528 0.000000 -0.910945 0.846904 0.846904 0.846904
4166.019531 0.000000 741.718018 0.000000 0.646817 0.000000 -0.762645 0.844176 0.844176 0.844176
4212.320801 0.000000 745.629150 0.000000 0.485021 0.000000 -0.874503 0.886098 0.886098 0.886098
4163.710449 0.000000 735.195801 0.000000 0.161403 0.000000 -0.986889 0.960368 0.960368 0.960368
4219.887207 0.000000 729.090820 0.000000 0.459154 0.000000 -0.888357 0.848059 0.848059 0.848059
4187.730469 0.000000 720.126404 0.000000 0.569840 0.000000 -0.821756 0.950252 0.950252 0.950252
4172.431152 0.000000 716.873352 0.000000 0.251810 0.000000 -0.967777 0.898582 0.898582 0.898582
4200.731445 0.000000 740.743835 0.000000 0.824993 0.000000 -0.565143 0.825191 0.825191 0.825191
4193.856934 0.000000 712.647095 0.000000 0.262715 0.000000 -0.964873 0.846914 0.846914 0.846914
4165.706055 0.000000 738.225159 0.000000 0.443540 0.000000 -0.896255 0.857705 0.857705 0.857705
4184.434570 0.000000 735.530884 0.000000 0.213567 0.000000 -0.976928 0.901528 0.901528 0.901528
4177.808105 0.000000 723.622192 0.000000 0.446275 0.000000 -0.894896 0.886320 0.886320 0.886320
4176.852051 0.000000 727.952942 0.000000 0.319289 0.000000 -0.947657 0.855984 0.855984 0.855984
4190.872559 0.000000 714.948792 0.000000 0.127889 0.000000 -0.991789 0.896518 0.896518 0.896518
4172.750977 0.000000 719.008301 0.000000 0.273457 0.000000 -0.961884 0.871061 0.871061 0.871061
4166.356934 0.000000 715.988647 0.000000 0.671018 0.000000 -0.741441 0.845039 0.845039 0.845039
4193.751465 0.000000 720.104919 0.000000 0.820860 0.000000 -0.571130 0.840672 0.840672 0.840672
4192.774902 0.000000 721.793213 0.000000 0.652911 0.000000 -0.757434 0.857499 0.857499 0.857499
4180.635254 0.000000 714.256836 0.000000 0.746477 0.000000 -0.665411 0.847258 0.847258 0.847258
4204.635254 0.000000 731.759033 0.000000 0.541886 0.000000 -0.840452 0.866782 0.866782 0.866782
4171.071777 0.000000 748.882812 0.000000 0.751769 0.000000 -0.659426 0.838829 0.838829 0.838829
4219.204102 0.000000 718.129333 0.000000 0.136052 0.000000 -0.990702 0.911723 0.911723 0.911723
4189.851074 0.000000 720.073181 0.000000 0.898952 0.000000 -0.438048 0.825810 0.825810 0.825810
4162.253906 0.000000 727.547974 0.000000 0.663968 0.000000 -0.747761 0.878447 0.878447 0.878447
4205.368164 0.000000 714.653442 0.000000 0.554171 0.000000 -0.832403 0.904100 0.904100 0.904100
4178.232422 0.000000 750.750793 0.000000 0.453007 0.000000 -0.891507 0.863750 0.863750 0.863750
4162.287598 0.000000 735.987732 0.000000 0.859648 0.000000 -0.510886 0.861044 0.861044 0.861044
4179.162109 0.000000 740.550659 0.000000 0.623576 0.000000 -0.781762 0.893210 0.893210 0.893210
4206.552246 0.000000 740.266968 0.000000 0.506093 0.000000 -0.862479 0.878942 0.878942 0.878942
4200.469238 0.000000 746.565308 0.000000 0.686631 0.000000 -0.727006 0.870716 0.870716 0.870716
4190.916016 0.000000 751.068420 0.000000 0.162450 0.000000 -0.986717 0.902615 0.902615 0.902615
4164.645020 0.000000 736.241699 0.000000 0.583003 0.000000 -0.812470 0.887130 0.887130 0.887130
4187.089844 0.000000 721.118042 0.000000 0.791353 0.000000 -0.611360 0.902472 0.902472 0.902472
4257.420898 0.000000 706.878906 0.000000 0.621008 0.000000 -0.783804 0.860268 0.860268 0.860268
4256.353027 0.000000 704.143677 0.000000 0.822272 0.000000 -0.569095 0.826601 0.826601 0.826601
4252.490723 0.000000 707.882568 0.000000 0.838673 0.000000 -0.544636 0.830483 0.830483 0.830483
4228.461914 0.000000 705.107422 0.000000 0.892028 0.000000 -0.451980 0.825290 0.825290 0.825290
4226.766113 0.000000 694.025818 0.000000 0.893262 0.000000 -0.449536 0.825143 0.825143 0.825143
4227.724121 0.000000 697.181213 0.000000 0.286928 0.000000 -0.957952 0.890739 0.890739 0.890739
4223.784180 0.000000 712.687073 0.000000 0.891368 0.000000 -0.453281 0.819262 0.819262 0.819262
4232.440430 0.000000 726.346008 0.000000 0.204228 0.000000 -0.978923 0.814996 0.814996 0.814996
4240.550781 0.000000 746.994263 0.000000 0.848165 0.000000 -0.529732 0.830663 0.830663 0.830663
4230.030273 0.000000 714.164001 0.000000 0.371760 0.000000 -0.928329 0.849906 0.849906 0.849906
4227.522949 0.000000 742.879333 0.000000 0.812322 0.000000 -0.583209 0.808705 0.808705 0.808705
4239.458496 0.000000 710.360107 0.000000 0.380099 0.000000 -0.924946 0.893162 0.893162 0.893162
4228.560059 0.000000 723.883789 0.000000 0.850429 0.000000 -0.526091 0.804426 0.804426 0.804426
4247.884277 0.000000 710.409302 0.000000 0.728416 0.000000 -0.685135 0.833165 0.833165 0.833165
4231.943359 0.000000 717.170654 0.000000 0.647142 0.000000 -0.762369 0.859738 0.859738 0.859738
4239.665527 0.000000 737.005615 0.000000 0.125724 0.000000 -0.992065 0.934175 0.934175 0.934175
4232.619629 0.000000 723.354736 0.000000 0.330625 0.000000 -0.943762 0.832035 0.832035 0.832035
4229.989258 0.000000 725.900635 0.000000 0.282848 0.000000 -0.959165 0.880783 0.880783 0.880783
4245.528809 0.000000 710.621216 0.000000 0.779488 0.000000 -0.626418 0.835829 0.835829 0.835829
4233.985840 0.000000 729.111206 0.000000 0.453581 0.000000 -0.891215 0.887880 0.887880 0.887880
4226.651367 0.000000 745.541931 0.000000 0.485026 0.000000 -0.874500 0.856335 0.856335 0.856335
4235.765137 0.000000 750.602295 0.000000 0.814770 0.000000 -0.579785 0.822234 0.822234 0.822234
4237.844727 0.000000 737.932922 0.000000 0.345609 0.000000 -0.938379 0.876622 0.876622 0.876622
4239.395020 0.000000 712.917236 0.000000 0.695527 0.000000 -0.718500 0.849633 0.849633 0.849633
4254.515625 0.000000 711.496094 0.000000 0.605109 0.000000 -0.796143 0.877248 0.877248 0.877248
4241.617676 0.000000 744.614807 0.000000 0.878500 0.000000 -0.477743 0.837802 0.837802 0.837802
4232.420410 0.000000 749.157959 0.000000 0.390893 0.000000 -0.920436 0.917926 0.917926 0.917926
4232.690918 0.000000 721.426758 0.000000 0.265599 0.000000 -0.964084 0.902714 0.902714 0.902714
4238.843262 0.000000 708.748657 0.000000 0.585437 0.000000 -0.810718 0.856644 0.856644 0.856644
4232.125000 0.000000 747.483582 0.000000 0.417141 0.000000 -0.908842 0.937810 0.937810 0.937810
4230.103516 0.000000 729.419128 0.000000 0.841403 0.000000 -0.540409 0.842190 0.842190 0.842190
4157.102539 0.000000 768.526245 0.000000 0.557300 0.000000 -0.830311 0.881200 0.881200 0.881200
4163.268066 0.000000 766.853943 0.000000 0.870582 0.000000 -0.492022 0.829281 0.829281 0.829281
4196.943848 0.000000 761.389709 0.000000 0.757816 0.000000 -0.652468 0.824845 0.824845 0.824845
4209.618652 0.000000 756.030945 0.000000 0.642253 0.000000 -0.766492 0.822676 0.822676 0.822676
4159.791992 0.000000 769.488098 0.000000 0.751039 0.000000 -0.660257 0.835288 0.835288 0.835288
4188.686035 0.000000 758.968933 0.000000 0.165422 0.000000 -0.986223 0.840677 0.840677 0.840677
4191.868652 0.000000 767.502380 0.000000 0.611180 0.000000 -0.791491 0.833743 0.833743 0.833743
4160.495605 0.000000 766.808350 0.000000 0.594465 0.000000 -0.804121 0.842914 0.842914 0.842914
4185.584473 0.000000 767.891602 0.000000 0.654316 0.000000 -0.756221 0.829972 0.829972 0.829972
4218.389648 0.000000 756.812134 0.000000 0.279640 0.000000 -0.960105 0.848853 0.848853 0.848853
4177.377441 0.000000 759.776794 0.000000 0.636065 0.000000 -0.771635 0.831687 0.831687 0.831687
4170.365234 0.000000 768.894836 0.000000 0.479199 0.000000 -0.877706 0.878079 0.878079 0.878079
4166.611328 0.000000 765.941772 0.000000 0.768417 0.000000 -0.639950 0.829819 0.829819 0.829819
4193.751465 0.000000 767.347107 0.000000 0.618029 0.000000 -0.786155 0.873168 0.873168 0.873168
4213.948730 0.000000 769.548584 0.000000 0.788167 0.000000 -0.615462 0.842372 0.842372 0.842372
4210.909668 0.000000 757.270996 0.000000 0.354389 0.000000 -0.935098 0.898963 0.898963 0.898963
4219.422852 0.000000 759.769653 0.000000 0.546318 0.000000 -0.837578 0.857505 0.857505 0.857505
4162.143066 0.000000 778.951050 0.000000 0.229151 0.000000 -0.973391 0.882940 0.882940 0.882940
4177.584473 0.000000 761.282654 0.000000 0.655312 0.000000 -0.755358 0.876952 0.876952 0.876952
4221.534668 0.000000 758.603271 0.000000 0.727775 0.000000 -0.685816 0.855092 0.855092 0.855092
4210.321289 0.000000 764.997131 0.000000 0.530169 0.000000 -0.847892 0.944516 0.944516 0.944516
4246.760742 0.000000 767.740417 0.000000 0.265564 0.000000 -0.964093 0.914418 0.914418 0.914418
4249.699219 0.000000 773.282349 0.000000 0.727930 0.000000 -0.685651 0.830933 0.830933 0.830933
4253.160645 0.000000 765.714355 0.000000 0.359131 0.000000 -0.933287 0.846870 0.846870 0.846870
4241.021484 0.000000 767.662720 0.000000 0.896930 0.000000 -0.442172 0.816466 0.816466 0.816466
4266.013184 0.000000 766.714417 0.000000 0.134053 0.000000 -0.990974 0.884627 0.884627 0.884627
4247.659180 0.000000 766.141357 0.000000 0.775320 0.000000 -0.631568 0.860071 0.860071 0.860071
4264.017578 0.000000 766.996704 0.000000 0.832342 0.000000 -0.554263 0.876853 0.876853 0.876853
4252.726074 0.000000 768.484863 0.000000 0.347987 0.000000 -0.937499 0.899523 0.899523 0.899523
4255.481934 0.000000 769.368774 0.000000 0.706397 0.000000 -0.707816 0.869108 0.869108 0.869108
4265.003418 0.000000 767.636597 0.000000 0.632817 0.000000 -0.774302 0.915855 0.915855 0.915855
5113.058105 0.000000 1265.891113 0.000000 0.138508 0.000000 -0.990361 0.938697 0.938697 0.938697
5114.036621 0.000000 1261.654907 0.000000 0.428769 0.000000 -0.903414 0.893467 0.893467 0.893467
5139.248535 0.000000 1027.612183 0.000000 0.759008 0.000000 -0.651081 0.917533 0.917533 0.917533
5140.676270 0.000000 1026.737061 0.000000 0.627216 0.000000 -0.778846 0.849929 0.849929 0.849929
5141.564941 0.000000 1034.496704 0.000000 0.513743 0.000000 -0.857944 0.868999 0.868999 0.868999
5140.072754 0.000000 1034.099731 0.000000 0.202515 0.000000 -0.979279 0.891454 0.891454 0.891454
5146.740723 0.000000 1080.311890 0.000000 0.868690 0.000000 -0.495355 0.820184 0.820184 0.820184
5169.937012 0.000000 1053.237061 0.000000 0.361670 0.000000 -0.932306 1.039816 1.039816 1.039816
5143.295410 0.000000 1107.826904 0.000000 0.427297 0.000000 -0.904111 0.811277 0.811277 0.811277
5150.755371 0.000000 1092.886353 0.000000 0.886423 0.000000 -0.462876 0.826431 0.826431 0.826431
5140.191895 0.000000 1115.414307 0.000000 0.553146 0.000000 -0.833085 0.865881 0.865881 0.865881
5356.027344 0.000000 1102.128540 0.000000 0.411682 0.000000 -0.911328 0.959143 0.959143 0.959143
5359.948242 0.000000 1105.075562 0.000000 0.607891 0.000000 -0.794020 0.930090 0.930090 0.930090
5177.491699 0.000000 1140.358276 0.000000 0.636702 0.000000 -0.771110 0.864194 0.864194 0.864194
5173.026855 0.000000 1139.866577 0.000000 0.767750 0.000000 -0.640750 0.818752 0.818752 0.818752
5166.881836 0.000000 1140.191772 0.000000 0.812213 0.000000 -0.583361 0.851004 0.851004 0.851004
5181.850586 0.000000 1151.099854 0.000000 0.416457 0.000000 -0.909155 0.923085 0.923085 0.923085
5181.969727 0.000000 1149.265625 0.000000 0.468248 0.000000 -0.883597 0.933085 0.933085 0.933085
5204.333496 0.000000 1177.408813 0.000000 0.835163 0.000000 -0.550003 0.805234 0.805234 0.805234
5206.643555 0.000000 1145.677979 0.000000 0.536791 0.000000 -0.843715 0.818050 0.818050 0.818050
5233.610840 0.000000 1177.849243 0.000000 0.250840 0.000000 -0.968029 0.901288 0.901288 0.901288
5209.135254 0.000000 1139.374878 0.000000 0.667783 0.000000 -0.744356 0.810061 0.810061 0.810061
5198.146973 0.000000 1165.085571 0.000000 0.704747 0.000000 -0.709459 0.803938 0.803938 0.803938
5223.785645 0.000000 1158.457031 0.000000 0.667021 0.000000 -0.745039 0.817628 0.817628 0.817628
5221.595215 0.000000 1174.264526 0.000000 0.852455 0.000000 -0.522800 0.845598 0.845598 0.845598
5231.731445 0.000000 1138.006592 0.000000 0.661431 0.000000 -0.750006 0.826254 0.826254 0.826254
5225.343262 0.000000 1172.920166 0.000000 0.747420 0.000000 -0.664352 0.826122 0.826122 0.826122
5184.354980 0.000000 1141.896851 0.000000 0.603160 0.000000 -0.797620 0.872843 0.872843 0.872843
5197.309570 0.000000 1137.741821 0.000000 0.863247 0.000000 -0.504782 0.832232 0.832232 0.832232
5228.074707 0.000000 1171.691284 0.000000 0.643905 0.000000 -0.765106 0.823490 0.823490 0.823490
5239.267578 0.000000 1148.458252 0.000000 0.250572 0.000000 -0.968098 0.849997 0.849997 0.849997
5197.084961 0.000000 1134.532471 0.000000 0.812737 0.000000 -0.582630 0.863974 0.863974 0.863974
5211.344727 0.000000 1141.953735 0.000000 0.818526 0.000000 -0.574469 0.828722 0.828722 0.828722
5203.419922 0.000000 1164.247559 0.000000 0.282492 0.000000 -0.959270 0.842327 0.842327 0.842327
5243.711914 0.000000 1162.090088 0.000000 0.878521 0.000000 -0.477704 0.818402 0.818402 0.818402
5199.246582 0.000000 1180.668945 0.000000 0.566039 0.000000 -0.824378 0.847421 0.847421 0.847421
5211.001465 0.000000 1138.654541 0.000000 0.535154 0.000000 -0.844754 0.846217 0.846217 0.846217
5199.668457 0.000000 1166.385742 0.000000 0.293121 0.000000 -0.956075 0.886465 0.886465 0.886465
5242.396973 0.000000 1174.404785 0.000000 0.823044 0.000000 -0.567978 0.828351 0.828351 0.828351
5213.752930 0.000000 1138.387573 0.000000 0.828704 0.000000 -0.559687 0.826100 0.826100 0.826100
5225.780762 0.000000 1140.183716 0.000000 0.318341 0.000000 -0.947976 0.856029 0.856029 0.856029
5243.079102 0.000000 1143.309082 0.000000 0.841618 0.000000 -0.540073 0.829057 0.829057 0.829057
5222.432617 0.000000 1149.624512 0.000000 0.131355 0.000000 -0.991335 0.907780 0.907780 0.907780
5232.418945 0.000000 1176.790527 0.000000 0.301112 0.000000 -0.953589 0.897266 0.897266 0.897266
5185.790527 0.000000 1141.272827 0.000000 0.863281 0.000000 -0.504724 0.841738 0.841738 0.841738
5240.697754 0.000000 1176.808472 0.000000 0.858742 0.000000 -0.512409 0.837607 0.837607 0.837607
5193.926270 0.000000 1156.855713 0.000000 0.729622 0.000000 -0.683850 0.857903 0.857903 0.857903
5206.973145 0.000000 1175.581055 0.000000 0.533408 0.000000 -0.845858 0.905712 0.905712 0.905712
5147.545898 0.000000 1225.763428 0.000000 0.716209 0.000000 -0.697886 0.824684 0.824684 0.824684
5165.244141 0.000000 1221.575195 0.000000 0.381091 0.000000 -0.924537 0.814138 0.814138 0.814138
5171.877441 0.000000 1215.853027 0.000000 0.842220 0.000000 -0.539134 0.822176 0.822176 0.822176
5177.069824 0.000000 1220.201660 0.000000 0.271211 0.000000 -0.962520 0.868601 0.868601 0.868601
5172.708496 0.000000 1225.125366 0.000000 0.335364 0.000000 -0.942089 0.853993 0.853993 0.853993
5174.359863 0.000000 1214.773682 0.000000 0.755343 0.000000 -0.655330 0.832827 0.832827 0.832827
5175.709961 0.000000 1203.395996 0.000000 0.645621 0.000000 -0.763658 0.848595 0.848595 0.848595
5142.582520 0.000000 1225.018677 0.000000 0.620594 0.000000 -0.784132 0.859403 0.859403 0.859403
5170.742188 0.000000 1214.203247 0.000000 0.544106 0.000000 -0.839016 0.838770 0.838770 0.838770
5156.994629 0.000000 1219.117554 0.000000 0.523281 0.000000 -0.852160 0.897794 0.897794 0.897794
5156.628906 0.000000 1217.033081 0.000000 0.717542 0.000000 -0.696515 0.859249 0.859249 0.859249
5175.643066 0.000000 1219.045898 0.000000 0.860933 0.000000 -0.508718 0.828247 0.828247 0.828247
5182.291504 0.000000 1206.668091 0.000000 0.672578 0.000000 -0.740027 0.849918 0.849918 0.849918
5168.426758 0.000000 1224.032715 0.000000 0.228579 0.000000 -0.973525 0.885653 0.885653 0.885653
5171.565430 0.000000 1225.923096 0.000000 0.733181 0.000000 -0.680033 0.868703 0.868703 0.868703
5157.863281 0.000000 1218.017334 0.000000 0.240711 0.000000 -0.970597 0.927283 0.927283 0.927283
5157.884277 0.000000 1220.237549 0.000000 0.806926 0.000000 -0.590653 0.873827 0.873827 0.873827
5184.565430 0.000000 1228.005127 0.000000 0.883587 0.000000 -0.468267 0.804867 0.804867 0.804867
5203.626953 0.000000 1181.169556 0.000000 0.346467 0.000000 -0.938062 0.821876 0.821876 0.821876
5224.191406 0.000000 1190.456909 0.000000 0.884397 0.000000 -0.466736 0.837824 0.837824 0.837824
5189.047852 0.000000 1205.865723 0.000000 0.234108 0.000000 -0.972211 0.854639 0.854639 0.854639
5238.908691 0.000000 1200.057617 0.000000 0.486863 0.000000 -0.873478 0.857285 0.857285 0.857285
5204.927734 0.000000 1198.952515 0.000000 0.391131 0.000000 -0.920335 0.850195 0.850195 0.850195
5221.202637 0.000000 1226.238281 0.000000 0.463902 0.000000 -0.885886 0.823912 0.823912 0.823912
5235.487793 0.000000 1190.393555 0.000000 0.664636 0.000000 -0.747167 0.820223 0.820223 0.820223
5214.354980 0.000000 1204.288208 0.000000 0.892246 0.000000 -0.451551 0.827136 0.827136 0.827136
5200.238281 0.000000 1206.507324 0.000000 0.579599 0.000000 -0.814902 0.860880 0.860880 0.860880
5212.358887 0.000000 1210.002197 0.000000 0.686565 0.000000 -0.727068 0.811381 0.811381 0.811381
5212.561035 0.000000 1184.148682 0.000000 0.408546 0.000000 -0.912738 0.847082 0.847082 0.847082
5203.660645 0.000000 1191.655762 0.000000 0.319970 0.000000 -0.947428 0.823624 0.823624 0.823624
5206.315430 0.000000 1186.317505 0.000000 0.778631 0.000000 -0.627482 0.822353 0.822353 0.822353
5194.330078 0.000000 1211.491211 0.000000 0.807669 0.000000 -0.589637 0.813854 0.813854 0.813854
5191.326660 0.000000 1201.236816 0.000000 0.594750 0.000000 -0.803911 0.831707 0.831707 0.831707
5186.448730 0.000000 1205.715698 0.000000 0.898822 0.000000 -0.438313 0.815858 0.815858 0.815858
5201.252441 0.000000 1184.956543 0.000000 0.868970 0.000000 -0.494865 0.822230 0.822230 0.822230
5220.790527 0.000000 1205.192383 0.000000 0.858832 0.000000 -0.512257 0.822557 0.822557 0.822557
5191.477539 0.000000 1205.917480 0.000000 0.710222 0.000000 -0.703978 0.852254 0.852254 0.852254
5205.411621 0.000000 1183.043213 0.000000 0.897877 0.000000 -0.440246 0.832778 0.832778 0.832778
5209.351562 0.000000 1195.686401 0.000000 0.841965 0.000000 -0.539532 0.818211 0.818211 0.818211
5214.710449 0.000000 1220.399536 0.000000 0.468069 0.000000 -0.883692 0.842206 0.842206 0.842206
5201.258789 0.000000 1181.107788 0.000000 0.256165 0.000000 -0.966633 0.843228 0.843228 0.843228
5243.538086 0.000000 1186.585571 0.000000 0.593073 0.000000 -0.805149 0.854209 0.854209 0.854209
5243.762207 0.000000 1201.512695 0.000000 0.475408 0.000000 -0.879766 0.885911 0.885911 0.885911
5227.159668 0.000000 1193.599854 0.000000 0.695777 0.000000 -0.718258 0.840009 0.840009 0.840009
5201.162109 0.000000 1204.630371 0.000000 0.751811 0.000000 -0.659379 0.846016 0.846016 0.846016
5213.222656 0.000000 1208.324829 0.000000 0.898053 0.000000 -0.439888 0.836388 0.836388 0.836388
5239.541016 0.000000 1191.647217 0.000000 0.157408 0.000000 -0.987534 0.895933 0.895933 0.895933
5220.621094 0.000000 1217.033081 0.000000 0.214109 0.000000 -0.976810 0.902839 0.902839 0.902839
5202.921875 0.000000 1189.203003 0.000000 0.178028 0.000000 -0.984025 0.875054 0.875054 0.875054
5214.819824 0.000000 1205.998901 0.000000 0.428058 0.000000 -0.903751 0.865360 0.865360 0.865360
5228.510254 0.000000 1204.180908 0.000000 0.894626 0.000000 -0.446817 0.825904 0.825904 0.825904
5189.848633 0.000000 1200.199097 0.000000 0.789846 0.000000 -0.613305 0.834285 0.834285 0.834285
5210.402832 0.000000 1182.428345 0.000000 0.427074 0.000000 -0.904217 0.875575 0.875575 0.875575
5192.303223 0.000000 1221.579956 0.000000 0.837031 0.000000 -0.547155 0.847987 0.847987 0.847987
5208.515625 0.000000 1197.133301 0.000000 0.292490 0.000000 -0.956268 0.881421 0.881421 0.881421
5201.938965 0.000000 1191.510010 0.000000 0.588658 0.000000 -0.808382 0.862987 0.862987 0.862987
5188.300293 0.000000 1227.969849 0.000000 0.337045 0.000000 -0.941489 0.896801 0.896801 0.896801
5239.422852 0.000000 1190.107666 0.000000 0.720093 0.000000 -0.693877 0.852074 0.852074 0.852074
5230.608398 0.000000 1222.315674 0.000000 0.440978 0.000000 -0.897518 0.914595 0.914595 0.914595
5191.093262 0.000000 1204.472778 0.000000 0.406757 0.000000 -0.913536 0.877070 0.877070 0.877070
5250.295898 0.000000 1172.882812 0.000000 0.822434 0.000000 -0.568860 0.809669 0.809669 0.809669
5251.135254 0.000000 1144.791504 0.000000 0.896204 0.000000 -0.443642 0.811476 0.811476 0.811476
5258.605469 0.000000 1166.963501 0.000000 0.373466 0.000000 -0.927644 0.835592 0.835592 0.835592
5255.818359 0.000000 1142.350464 0.000000 0.667419 0.000000 -0.744682 0.820134 0.820134 0.820134
5259.897461 0.000000 1161.985840 0.000000 0.718585 0.000000 -0.695439 0.816895 0.816895 0.816895
5262.535645 0.000000 1157.397217 0.000000 0.851875 0.000000 -0.523746 0.819817 0.819817 0.819817
5249.313965 0.000000 1162.643555 0.000000 0.386137 0.000000 -0.922441 0.851600 0.851600 0.851600
5247.457031 0.000000 1162.271118 0.000000 0.451382 0.000000 -0.892331 0.848442 0.848442 0.848442
5264.354980 0.000000 1177.841309 0.000000 0.512888 0.000000 -0.858455 0.873189 0.873189 0.873189
5247.659180 0.000000 1185.109009 0.000000 0.284500 0.000000 -0.958676 0.816647 0.816647 0.816647
5262.155762 0.000000 1190.340942 0.000000 0.404757 0.000000 -0.914424 0.884132 0.884132 0.884132
5248.436523 0.000000 1181.954224 0.000000 0.413910 0.000000 -0.910318 0.859409 0.859409 0.859409
5252.918945 0.000000 1189.775269 0.000000 0.772058 0.000000 -0.635552 0.870841 0.870841 0.870841
5256.461426 0.000000 1181.103760 0.000000 0.648257 0.000000 -0.761422 0.856180 0.856180 0.856180
5250.571777 0.000000 1189.875977 0.000000 0.322770 0.000000 -0.946477 0.869464 0.869464 0.869464
5263.874512 0.000000 1191.256958 0.000000 0.282624 0.000000 -0.959231 0.893622 0.893622 0.893622
5255.618652 0.000000 1186.452271 0.000000 0.787360 0.000000 -0.616493 0.845772 0.845772 0.845772
5252.697266 0.000000 1186.612305 0.000000 0.862501 0.000000 -0.506055 0.858286 0.858286 0.858286
5180.753418 0.000000 1228.499512 0.000000 0.183346 0.000000 -0.983048 0.876147 0.876147 0.876147
5148.612305 0.000000 1261.124634 0.000000 0.898817 0.000000 -0.438324 0.819937 0.819937 0.819937
5136.197266 0.000000 1234.521851 0.000000 0.718678 0.000000 -0.695343 0.803839 0.803839 0.803839
5147.643066 0.000000 1228.416992 0.000000 0.605294 0.000000 -0.796002 0.845050 0.845050 0.845050
5174.860352 0.000000 1269.917725 0.000000 0.819721 0.000000 -0.572763 0.835933 0.835933 0.835933
5136.912109 0.000000 1240.084595 0.000000 0.631959 0.000000 -0.775002 0.837191 0.837191 0.837191
5183.147949 0.000000 1240.623413 0.000000 0.355719 0.000000 -0.934593 0.902463 0.902463 0.902463
5175.066895 0.000000 1235.697266 0.000000 0.848567 0.000000 -0.529088 0.813362 0.813362 0.813362
5161.351074 0.000000 1267.404541 0.000000 0.486706 0.000000 -0.873566 0.811671 0.811671 0.811671
5143.774902 0.000000 1230.073486 0.000000 0.193896 0.000000 -0.981022 0.830223 0.830223 0.830223
5143.295410 0.000000 1249.553467 0.000000 0.684232 0.000000 -0.729265 0.827748 0.827748 0.827748
5144.304688 0.000000 1270.600952 0.000000 0.266140 0.000000 -0.963934 0.831191 0.831191 0.831191
5177.210449 0.000000 1244.702881 0.000000 0.814400 0.000000 -0.580303 0.872953 0.872953 0.872953
5168.609375 0.000000 1262.027100 0.000000 0.747462 0.000000 -0.664304 0.840631 0.840631 0.840631
5159.991699 0.000000 1234.223022 0.000000 0.714031 0.000000 -0.700115 0.833303 0.833303 0.833303
5148.568848 0.000000 1231.390869 0.000000 0.600626 0.000000 -0.799530 0.832383 0.832383 0.832383
5133.569824 0.000000 1240.597412 0.000000 0.869786 0.000000 -0.493429 0.823705 0.823705 0.823705
5181.052734 0.000000 1243.016113 0.000000 0.301147 0.000000 -0.953578 0.829053 0.829053 0.829053
5172.708496 0.000000 1272.367554 0.000000 0.246099 0.000000 -0.969245 0.826406 0.826406 0.826406
5153.993164 0.000000 1234.520508 0.000000 0.202283 0.000000 -0.979327 0.845052 0.845052 0.845052
5177.943848 0.000000 1247.422485 0.000000 0.316205 0.000000 -0.948691 0.851141 0.851141 0.851141
5171.950684 0.000000 1253.742920 0.000000 0.755434 0.000000 -0.655225 0.855653 0.855653 0.855653
5137.260254 0.000000 1232.198730 0.000000 0.735559 0.000000 -0.677461 0.862435 0.862435 0.862435
5124.676270 0.000000 1241.158203 0.000000 0.853702 0.000000 -0.520762 0.823520 0.823520 0.823520
5127.485352 0.000000 1253.159668 0.000000 0.881680 0.000000 -0.471848 0.828461 0.828461 0.828461
5141.419434 0.000000 1230.285400 0.000000 0.586530 0.000000 -0.809927 0.877303 0.877303 0.877303
5130.248047 0.000000 1241.316772 0.000000 0.253028 0.000000 -0.967459 0.886669 0.886669 0.886669
5123.473145 0.000000 1250.683105 0.000000 0.726285 0.000000 -0.687394 0.828760 0.828760 0.828760
5163.646484 0.000000 1274.164551 0.000000 0.588230 0.000000 -0.808694 0.855497 0.855497 0.855497
5166.476562 0.000000 1261.448853 0.000000 0.261357 0.000000 -0.965242 0.897842 0.897842 0.897842
5147.145508 0.000000 1244.164551 0.000000 0.718251 0.000000 -0.695784 0.853791 0.853791 0.853791
5153.739746 0.000000 1232.311157 0.000000 0.492939 0.000000 -0.870064 0.836886 0.836886 0.836886
5132.055664 0.000000 1259.960815 0.000000 0.275923 0.000000 -0.961180 0.854157 0.854157 0.854157
5181.866211 0.000000 1257.614624 0.000000 0.259087 0.000000 -0.965854 0.896712 0.896712 0.896712
5155.257812 0.000000 1273.251099 0.000000 0.271322 0.000000 -0.962489 0.850475 0.850475 0.850475
5175.240723 0.000000 1268.014771 0.000000 0.131793 0.000000 -0.991277 0.884761 0.884761 0.884761
5132.633789 0.000000 1238.672363 0.000000 0.692617 0.000000 -0.721306 0.890112 0.890112 0.890112
5169.917480 0.000000 1268.635742 0.000000 0.848155 0.000000 -0.529747 0.831222 0.831222 0.831222
5176.811035 0.000000 1269.848267 0.000000 0.886283 0.000000 -0.463145 0.830295 0.830295 0.830295
5148.018555 0.000000 1259.106323 0.000000 0.154894 0.000000 -0.987931 0.913066 0.913066 0.913066
5162.338867 0.000000 1265.930908 0.000000 0.153269 0.000000 -0.988185 0.913197 0.913197 0.913197
5128.581543 0.000000 1241.090820 0.000000 0.795303 0.000000 -0.606212 0.835772 0.835772 0.835772
5158.473145 0.000000 1233.400391 0.000000 0.522990 0.000000 -0.852339 0.892732 0.892732 0.892732
5134.499023 0.000000 1239.269287 0.000000 0.361474 0.000000 -0.932382 0.870758 0.870758 0.870758
5182.187500 0.000000 1241.966064 0.000000 0.119649 0.000000 -0.992816 0.923153 0.923153 0.923153
5155.488770 0.000000 1234.469971 0.000000 0.763669 0.000000 -0.645607 0.848359 0.848359 0.848359
5175.791504 0.000000 1244.388550 0.000000 0.806059 0.000000 -0.591835 0.855024 0.855024 0.855024
5154.313965 0.000000 1255.418213 0.000000 0.218670 0.000000 -0.975799 0.907879 0.907879 0.907879
5169.119141 0.000000 1266.088867 0.000000 0.147569 0.000000 -0.989052 0.916499 0.916499 0.916499
5169.953613 0.000000 1260.394531 0.000000 0.371547 0.000000 -0.928414 0.909340 0.909340 0.909340
5165.225098 0.000000 1239.079712 0.000000 0.778892 0.000000 -0.627159 0.875143 0.875143 0.875143
5164.049316 0.000000 1239.918335 0.000000 0.566491 0.000000 -0.824068 0.907361 0.907361 0.907361
5177.612793 0.000000 1245.905151 0.000000 0.675188 0.000000 -0.737646 0.897755 0.897755 0.897755
5215.682129 0.000000 1232.778198 0.000000 0.839172 0.000000 -0.543867 0.831009 0.831009 0.831009
5189.817383 0.000000 1228.541016 0.000000 0.406616 0.000000 -0.913599 0.825310 0.825310 0.825310
5199.341309 0.000000 1230.024170 0.000000 0.636025 0.000000 -0.771668 0.816725 0.816725 0.816725
5201.252441 0.000000 1232.198730 0.000000 0.739214 0.000000 -0.673470 0.845010 0.845010 0.845010
5205.411621 0.000000 1230.285400 0.000000 0.514728 0.000000 -0.857353 0.884352 0.884352 0.884352
5194.182129 0.000000 1236.683228 0.000000 0.191206 0.000000 -0.981550 0.878461 0.878461 0.878461
5186.853027 0.000000 1228.699585 0.000000 0.774676 0.000000 -0.632358 0.845804 0.845804 0.845804
5193.868652 0.000000 1248.775269 0.000000 0.485596 0.000000 -0.874183 0.837180 0.837180 0.837180
5199.252441 0.000000 1240.880249 0.000000 0.688955 0.000000 -0.724804 0.864771 0.864771 0.864771
5193.732910 0.000000 1238.037476 0.000000 0.133109 0.000000 -0.991101 0.930613 0.930613 0.930613
5205.013672 0.000000 1228.879517 0.000000 0.493691 0.000000 -0.869637 0.885294 0.885294 0.885294
5155.749023 0.000000 1275.594727 0.000000 0.893094 0.000000 -0.449871 0.818173 0.818173 0.818173
5362.614746 0.000000 1234.220703 0.000000 0.870515 0.000000 -0.492142 0.807194 0.807194 0.807194
5364.231445 0.000000 1228.838135 0.000000 0.468156 0.000000 -0.883646 0.821642 0.821642 0.821642
5436.275879 0.000000 1173.764526 0.000000 0.493919 0.000000 -0.869508 0.812633 0.812633 0.812633
5452.567383 0.000000 1158.656250 0.000000 0.492324 0.000000 -0.870412 0.802109 0.802109 0.802109
5445.016602 0.000000 1158.623535 0.000000 0.637823 0.000000 -0.770183 0.804390 0.804390 0.804390
5426.866211 0.000000 1211.993164 0.000000 0.656722 0.000000 -0.754133 0.834126 0.834126 0.834126
5439.116699 0.000000 1193.381226 0.000000 0.188106 0.000000 -0.982149 0.813797 0.813797 0.813797
5379.567871 0.000000 1209.788208 0.000000 0.538848 0.000000 -0.842403 0.815005 0.815005 0.815005
5407.658691 0.000000 1232.778198 0.000000 0.853529 0.000000 -0.521046 0.802189 0.802189 0.802189
5375.643555 0.000000 1232.351196 0.000000 0.819892 0.000000 -0.572519 0.806696 0.806696 0.806696
5428.990234 0.000000 1231.568237 0.000000 0.847235 0.000000 -0.531219 0.802237 0.802237 0.802237
5405.020020 0.000000 1238.136353 0.000000 0.881455 0.000000 -0.472267 0.802456 0.802456 0.802456
5387.385742 0.000000 1234.601440 0.000000 0.198792 0.000000 -0.980042 0.812319 0.812319 0.812319
5423.708008 0.000000 1232.490967 0.000000 0.852783 0.000000 -0.522266 0.804939 0.804939 0.804939
5367.991699 0.000000 1414.300781 0.000000 0.862298 0.000000 -0.506402 0.829165 0.829165 0.829165
5364.972656 0.000000 1415.654297 0.000000 0.399525 0.000000 -0.916722 0.927402 0.927402 0.927402
5357.641602 0.000000 1413.987183 0.000000 0.758082 0.000000 -0.652159 0.896485 0.896485 0.896485
5359.715820 0.000000 1421.459717 0.000000 0.811484 0.000000 -0.584374 0.821190 0.821190 0.821190
5364.231445 0.000000 1417.806885 0.000000 0.152807 0.000000 -0.988256 0.860864 0.860864 0.860864
5359.378418 0.000000 1418.940796 0.000000 0.570708 0.000000 -0.821153 0.857726 0.857726 0.857726
5413.571777 0.000000 1363.233276 0.000000 0.226268 0.000000 -0.974065 0.824133 0.824133 0.824133
5433.038574 0.000000 1361.928223 0.000000 0.581292 0.000000 -0.813695 0.886374 0.886374 0.886374
5427.409180 0.000000 1364.264526 0.000000 0.144197 0.000000 -0.989549 0.865510 0.865510 0.865510
5397.507812 0.000000 1369.161133 0.000000 0.775551 0.000000 -0.631285 0.830020 0.830020 0.830020
5411.226562 0.000000 1367.735474 0.000000 0.486627 0.000000 -0.873610 0.877461 0.877461 0.877461
5431.611816 0.000000 1360.772461 0.000000 0.650786 0.000000 -0.759261 0.881794 0.881794 0.881794
5432.923340 0.000000 1358.220947 0.000000 0.650026 0.000000 -0.759912 0.853443 0.853443 0.853443
5422.584961 0.000000 1364.042236 0.000000 0.523682 0.000000 -0.851914 0.919132 0.919132 0.919132
5418.235840 0.000000 1366.124023 0.000000 0.563029 0.000000 -0.826437 0.888398 0.888398 0.888398
5427.752930 0.000000 1361.093750 0.000000 0.863477 0.000000 -0.504387 0.843291 0.843291 0.843291
5428.985352 0.000000 1360.563599 0.000000 0.325080 0.000000 -0.945687 0.953511 0.953511 0.953511
5386.784668 0.000000 1380.724731 0.000000 0.674273 0.000000 -0.738482 0.837335 0.837335 0.837335
5382.995605 0.000000 1382.038940 0.000000 0.171341 0.000000 -0.985212 0.975981 0.975981 0.975981
5437.418457 0.000000 1374.181763 0.000000 0.766690 0.000000 -0.642017 0.811139 0.811139 0.811139
5417.479980 0.000000 1372.310669 0.000000 0.427430 0.000000 -0.904049 0.957862 0.957862 0.957862
5402.417480 0.000000 1390.500244 0.000000 0.744697 0.000000 -0.667403 0.902159 0.902159 0.902159
5425.260254 0.000000 1380.355957 0.000000 0.352548 0.000000 -0.935794 0.841100 0.841100 0.841100
5416.255371 0.000000 1370.058472 0.000000 0.342410 0.000000 -0.939551 0.936598 0.936598 0.936598
5375.441406 0.000000 1398.482056 0.000000 0.115566 0.000000 -0.993300 0.861024 0.861024 0.861024
5428.761719 0.000000 1377.910400 0.000000 0.876647 0.000000 -0.481135 0.842106 0.842106 0.842106
5384.879395 0.000000 1401.482788 0.000000 0.406810 0.000000 -0.913513 0.906973 0.906973 0.906973
5379.119629 0.000000 1386.268433 0.000000 0.809531 0.000000 -0.587076 0.850753 0.850753 0.850753
5438.741211 0.000000 1375.227905 0.000000 0.682955 0.000000 -0.730460 0.873608 0.873608 0.873608
5416.304199 0.000000 1373.471313 0.000000 0.298217 0.000000 -0.954498 0.977271 0.977271 0.977271
5437.291016 0.000000 1377.886963 0.000000 0.125091 0.000000 -0.992145 0.905367 0.905367 0.905367
5422.358887 0.000000 1378.459717 0.000000 0.217851 0.000000 -0.975982 0.937631 0.937631 0.937631
5409.597168 0.000000 1387.332886 0.000000 0.840735 0.000000 -0.541447 0.884562 0.884562 0.884562
5403.344238 0.000000 1391.159912 0.000000 0.585209 0.000000 -0.810882 0.932209 0.932209 0.932209
5445.786133 0.000000 1370.267578 0.000000 0.361720 0.000000 -0.932287 0.814388 0.814388 0.814388
5447.508789 0.000000 1373.927368 0.000000 0.660118 0.000000 -0.751162 0.862800 0.862800 0.862800
5444.294434 0.000000 1373.209351 0.000000 0.399845 0.000000 -0.916583 0.969046 0.969046 0.969046
5521.132812 0.000000 1368.445679 0.000000 0.693205 0.000000 -0.720740 0.813664 0.813664 0.813664
5518.812988 0.000000 1367.598389 0.000000 0.862288 0.000000 -0.506418 0.824924 0.824924 0.824924
5523.575684 0.000000 1368.595459 0.000000 0.211706 0.000000 -0.977333 0.850157 0.850157 0.850157
5531.377930 0.000000 1361.239014 0.000000 0.153893 0.000000 -0.988088 1.006493 1.006493 1.006493
5519.821777 0.000000 1368.415283 0.000000 0.531566 0.000000 -0.847017 0.910985 0.910985 0.910985
5628.554199 0.000000 1340.378906 0.000000 0.398109 0.000000 -0.917338 0.828993 0.828993 0.828993
5582.215332 0.000000 1347.965576 0.000000 0.800746 0.000000 -0.599004 0.846820 0.846820 0.846820
5593.245117 0.000000 1346.170410 0.000000 0.131198 0.000000 -0.991356 0.942286 0.942286 0.942286
5544.759277 0.000000 1413.600464 0.000000 0.606027 0.000000 -0.795444 0.824799 0.824799 0.824799
5545.436523 0.000000 1416.713989 0.000000 0.776644 0.000000 -0.629939 0.897997 0.897997 0.897997
5534.338379 0.000000 1370.805176 0.000000 0.596183 0.000000 -0.802848 0.823269 0.823269 0.823269
5530.008789 0.000000 1416.442383 0.000000 0.353826 0.000000 -0.935311 0.879693 0.879693 0.879693
5518.687012 0.000000 1370.139404 0.000000 0.624068 0.000000 -0.781370 0.860902 0.860902 0.860902
5542.426270 0.000000 1375.126953 0.000000 0.703645 0.000000 -0.710551 0.897070 0.897070 0.897070
5523.892578 0.000000 1371.638062 0.000000 0.379914 0.000000 -0.925022 0.948612 0.948612 0.948612
5532.381836 0.000000 1413.891235 0.000000 0.897749 0.000000 -0.440507 0.854209 0.854209 0.854209
5548.636230 0.000000 1372.026978 0.000000 0.224396 0.000000 -0.974498 0.983939 0.983939 0.983939
5533.373047 0.000000 1412.664551 0.000000 0.174332 0.000000 -0.984687 0.965843 0.965843 0.965843
5548.071777 0.000000 1373.375122 0.000000 0.648890 0.000000 -0.760883 0.918297 0.918297 0.918297
5376.347168 0.000000 1428.198975 0.000000 0.504382 0.000000 -0.863480 0.885337 0.885337 0.885337
5535.643066 0.000000 1421.746948 0.000000 0.663037 0.000000 -0.748587 0.892924 0.892924 0.892924
5553.186523 0.000000 1435.627441 0.000000 0.721366 0.000000 -0.692554 0.859589 0.859589 0.859589
5551.270996 0.000000 1432.964844 0.000000 0.250421 0.000000 -0.968137 0.821054 0.821054 0.821054
5534.359375 0.000000 1420.128906 0.000000 0.841384 0.000000 -0.540438 0.862719 0.862719 0.862719
5552.736816 0.000000 1433.555542 0.000000 0.596296 0.000000 -0.802765 0.869797 0.869797 0.869797
5872.250488 0.000000 1222.346069 0.000000 0.130897 0.000000 -0.991396 0.861814 0.861814 0.861814
5880.034668 0.000000 1206.714233 0.000000 0.431334 0.000000 -0.902193 0.902218 0.902218 0.902218
5880.350586 0.000000 1209.820923 0.000000 0.515732 0.000000 -0.856750 0.923302 0.923302 0.923302
5658.483398 0.000000 1299.198364 0.000000 0.415976 0.000000 -0.909376 0.955068 0.955068 0.955068
5672.710938 0.000000 1294.548462 0.000000 0.802625 0.000000 -0.596484 0.812765 0.812765 0.812765
5660.765137 0.000000 1300.960693 0.000000 0.288298 0.000000 -0.957541 0.875318 0.875318 0.875318
5684.933594 0.000000 1321.169922 0.000000 0.400687 0.000000 -0.916215 0.983952 0.983952 0.983952
5673.438477 0.000000 1316.042358 0.000000 0.523876 0.000000 -0.851794 0.883475 0.883475 0.883475
5697.573730 0.000000 1310.410522 0.000000 0.855624 0.000000 -0.517598 0.829338 0.829338 0.829338
5881.195312 0.000000 1252.613892 0.000000 0.463453 0.000000 -0.886122 0.846758 0.846758 0.846758
5882.828613 0.000000 1253.552856 0.000000 0.371481 0.000000 -0.928440 0.920043 0.920043 0.920043
5883.405762 0.000000 1250.701416 0.000000 0.463061 0.000000 -0.886326 0.894643 0.894643 0.894643
5870.795898 0.000000 1281.918335 0.000000 0.659785 0.000000 -0.751454 0.903589 0.903589 0.903589
5870.207031 0.000000 1280.330444 0.000000 0.326663 0.000000 -0.945141 0.950831 0.950831 0.950831
5886.930664 0.000000 1290.370850 0.000000 0.163988 0.000000 -0.986462 0.976919 0.976919 0.976919
5871.618652 0.000000 1281.066772 0.000000 0.130556 0.000000 -0.991441 0.975421 0.975421 0.975421
6089.364746 0.000000 1175.590332 0.000000 0.707200 0.000000 -0.707014 0.817252 0.817252 0.817252
6071.321289 0.000000 1190.107666 0.000000 0.411401 0.000000 -0.911454 0.994688 0.994688 0.994688
6068.811523 0.000000 1193.428955 0.000000 0.398258 0.000000 -0.917273 0.914798 0.914798 0.914798
6069.627930 0.000000 1200.257690 0.000000 0.763421 0.000000 -0.645902 0.917106 0.917106 0.917106
6093.811035 0.000000 1187.694092 0.000000 0.515668 0.000000 -0.856789 0.875014 0.875014 0.875014
6105.115234 0.000000 1181.156494 0.000000 0.772474 0.000000 -0.635046 0.837791 0.837791 0.837791
6102.213379 0.000000 1181.074829 0.000000 0.196282 0.000000 -0.980548 0.908336 0.908336 0.908336
6087.517090 0.000000 1186.452271 0.000000 0.766634 0.000000 -0.642085 0.847345 0.847345 0.847345
5887.434570 0.000000 1261.661011 0.000000 0.565645 0.000000 -0.824649 0.918126 0.918126 0.918126
5887.373535 0.000000 1290.352905 0.000000 0.402139 0.000000 -0.915579 0.945574 0.945574 0.945574
5584.857422 0.000000 1712.506470 0.000000 0.721913 0.000000 -0.691984 0.806869 0.806869 0.806869
5601.703125 0.000000 1734.791382 0.000000 0.898210 0.000000 -0.439566 0.835450 0.835450 0.835450
5604.393555 0.000000 1734.846191 0.000000 0.529387 0.000000 -0.848380 0.878899 0.878899 0.878899
5596.772949 0.000000 1726.140381 0.000000 0.756253 0.000000 -0.654280 0.819943 0.819943 0.819943
5586.437012 0.000000 1717.623779 0.000000 0.181905 0.000000 -0.983316 1.005122 1.005122 1.005122
5589.503418 0.000000 1724.029175 0.000000 0.515008 0.000000 -0.857185 0.927516 0.927516 0.927516
5604.739746 0.000000 1732.010498 0.000000 0.566558 0.000000 -0.824022 0.863831 0.863831 0.863831
5587.222656 0.000000 1719.274536 0.000000 0.863087 0.000000 -0.505055 0.832252 0.832252 0.832252
5588.786133 0.000000 1737.067261 0.000000 0.791462 0.000000 -0.611219 0.910981 0.910981 0.910981
5589.070801 0.000000 1725.639038 0.000000 0.795080 0.000000 -0.606504 0.880694 0.880694 0.880694
5587.878906 0.000000 1717.458008 0.000000 0.389500 0.000000 -0.921026 0.973025 0.973025 0.973025
5586.915039 0.000000 1716.331177 0.000000 0.464033 0.000000 -0.885818 0.960839 0.960839 0.960839
5594.609375 0.000000 1715.330078 0.000000 0.613655 0.000000 -0.789574 0.964503 0.964503 0.964503
5595.776855 0.000000 1715.635620 0.000000 0.565221 0.000000 -0.824939 0.975345 0.975345 0.975345
5598.291504 0.000000 1728.369629 0.000000 0.744083 0.000000 -0.668087 0.949778 0.949778 0.949778
5599.341797 0.000000 1728.895996 0.000000 0.649218 0.000000 -0.760603 0.976925 0.976925 0.976925
5593.636719 0.000000 1734.517212 0.000000 0.868388 0.000000 -0.495886 0.901555 0.901555 0.901555
5592.662598 0.000000 1735.405518 0.000000 0.225709 0.000000 -0.974195 1.062889 1.062889 1.062889
5307.205566 0.000000 2094.443359 0.000000 0.653310 0.000000 -0.757091 0.831734 0.831734 0.831734
5465.550781 0.000000 2096.063721 0.000000 0.541052 0.000000 -0.840989 0.829932 0.829932 0.829932
5476.787598 0.000000 2084.171143 0.000000 0.482815 0.000000 -0.875723 0.841553 0.841553 0.841553
5488.059570 0.000000 2099.986816 0.000000 0.742729 0.000000 -0.669593 0.846157 0.846157 0.846157
5490.583984 0.000000 2099.802002 0.000000 0.657250 0.000000 -0.753673 0.830688 0.830688 0.830688
5468.019043 0.000000 2098.841064 0.000000 0.369910 0.000000 -0.929067 0.883317 0.883317 0.883317
5564.112793 0.000000 2109.145020 0.000000 0.495143 0.000000 -0.868812 0.818924 0.818924 0.818924
5566.163574 0.000000 2111.146729 0.000000 0.358080 0.000000 -0.933691 0.855334 0.855334 0.855334
5578.762695 0.000000 2080.352051 0.000000 0.881151 0.000000 -0.472834 0.810328 0.810328 0.810328
5573.000977 0.000000 2103.467285 0.000000 0.757775 0.000000 -0.652516 0.834076 0.834076 0.834076
5571.090820 0.000000 2081.403809 0.000000 0.362044 0.000000 -0.932161 0.822775 0.822775 0.822775
5571.431152 0.000000 2096.460205 0.000000 0.896987 0.000000 -0.442058 0.831551 0.831551 0.831551
5570.401855 0.000000 2103.317383 0.000000 0.840518 0.000000 -0.541784 0.822299 0.822299 0.822299
5573.847656 0.000000 2111.741699 0.000000 0.298181 0.000000 -0.954509 0.848118 0.848118 0.848118
5577.479980 0.000000 2113.551025 0.000000 0.345357 0.000000 -0.938471 0.875423 0.875423 0.875423
5580.579102 0.000000 2089.031982 0.000000 0.360899 0.000000 -0.932605 0.893593 0.893593 0.893593
5581.932129 0.000000 2081.221680 0.000000 0.360597 0.000000 -0.932722 0.905620 0.905620 0.905620
5886.491699 0.000000 2474.856445 0.000000 0.114151 0.000000 -0.993463 0.898898 0.898898 0.898898
5892.500000 0.000000 2476.946289 0.000000 0.257919 0.000000 -0.966167 0.854941 0.854941 0.854941
5895.240723 0.000000 2476.775879 0.000000 0.560498 0.000000 -0.828156 0.827285 0.827285 0.827285
5937.823730 0.000000 2496.932617 0.000000 0.575958 0.000000 -0.817479 0.843962 0.843962 0.843962
5936.576660 0.000000 2495.647217 0.000000 0.814948 0.000000 -0.579534 0.859878 0.859878 0.859878
5937.025391 0.000000 2494.385986 0.000000 0.380820 0.000000 -0.924649 0.914313 0.914313 0.914313
5926.128906 0.000000 2527.479004 0.000000 0.872279 0.000000 -0.489008 0.839289 0.839289 0.839289
6649.922852 0.000000 2346.797363 0.000000 0.592830 0.000000 -0.805328 0.884144 0.884144 0.884144
6634.159180 0.000000 2352.501221 0.000000 0.174862 0.000000 -0.984593 0.900304 0.900304 0.900304
6637.401367 0.000000 2353.684814 0.000000 0.665789 0.000000 -0.746140 0.877380 0.877380 0.877380
6652.789551 0.000000 2363.591797 0.000000 0.159371 0.000000 -0.987219 0.945106 0.945106 0.945106
6594.971191 0.000000 2420.330811 0.000000 0.557190 0.000000 -0.830385 0.817612 0.817612 0.817612
6612.755859 0.000000 2427.249512 0.000000 0.195814 0.000000 -0.980641 0.820577 0.820577 0.820577
6619.447754 0.000000 2423.033203 0.000000 0.543064 0.000000 -0.839692 0.814930 0.814930 0.814930
6611.488770 0.000000 2419.952881 0.000000 0.844936 0.000000 -0.534868 0.812399 0.812399 0.812399
6601.708008 0.000000 2433.931641 0.000000 0.724177 0.000000 -0.689615 0.828117 0.828117 0.828117
6599.305664 0.000000 2434.214600 0.000000 0.225414 0.000000 -0.974263 0.887202 0.887202 0.887202
6622.647949 0.000000 2434.295898 0.000000 0.650402 0.000000 -0.759590 0.842213 0.842213 0.842213
6524.123047 0.000000 2498.606445 0.000000 0.824518 0.000000 -0.565836 0.827028 0.827028 0.827028
6513.753418 0.000000 2496.932617 0.000000 0.406337 0.000000 -0.913723 0.856387 0.856387 0.856387
6524.427246 0.000000 2481.237061 0.000000 0.489710 0.000000 -0.871885 0.886721 0.886721 0.886721
6524.187012 0.000000 2514.692871 0.000000 0.755958 0.000000 -0.654620 0.864142 0.864142 0.864142
6516.862793 0.000000 2509.890137 0.000000 0.820440 0.000000 -0.571733 0.823703 0.823703 0.823703
6516.628906 0.000000 2511.722900 0.000000 0.815333 0.000000 -0.578992 0.836382 0.836382 0.836382
6525.974121 0.000000 2514.787354 0.000000 0.340703 0.000000 -0.940171 0.909930 0.909930 0.909930
6533.749023 0.000000 2509.367432 0.000000 0.890964 0.000000 -0.454073 0.815062 0.815062 0.815062
6528.697266 0.000000 2509.760254 0.000000 0.666100 0.000000 -0.745863 0.830264 0.830264 0.830264
6550.762695 0.000000 2541.739502 0.000000 0.702566 0.000000 -0.711618 0.909117 0.909117 0.909117
6529.626465 0.000000 2511.296387 0.000000 0.220993 0.000000 -0.975275 1.022107 1.022107 1.022107
6528.629883 0.000000 2510.927002 0.000000 0.758706 0.000000 -0.651433 0.916901 0.916901 0.916901
6529.598145 0.000000 2510.215088 0.000000 0.349050 0.000000 -0.937104 1.000073 1.000073 1.000073
6525.694824 0.000000 2575.064697 0.000000 0.717822 0.000000 -0.696226 0.808460 0.808460 0.808460
6487.131348 0.000000 2572.334717 0.000000 0.569827 0.000000 -0.821765 0.821190 0.821190 0.821190
6469.767578 0.000000 2578.479248 0.000000 0.677300 0.000000 -0.735707 0.840453 0.840453 0.840453
6513.630859 0.000000 2558.916260 0.000000 0.122888 0.000000 -0.992421 0.865052 0.865052 0.865052
6471.319336 0.000000 2578.990479 0.000000 0.825629 0.000000 -0.564213 0.889199 0.889199 0.889199
6504.830078 0.000000 2565.683350 0.000000 0.841148 0.000000 -0.540805 0.841084 0.841084 0.841084
6518.902832 0.000000 2605.720947 0.000000 0.399291 0.000000 -0.916824 0.832437 0.832437 0.832437
6496.966309 0.000000 2598.601318 0.000000 0.622739 0.000000 -0.782430 0.829611 0.829611 0.829611
6494.221191 0.000000 2599.102051 0.000000 0.474877 0.000000 -0.880052 0.891331 0.891331 0.891331
6478.569824 0.000000 2598.436279 0.000000 0.183858 0.000000 -0.982953 0.884422 0.884422 0.884422
6483.775391 0.000000 2599.935059 0.000000 0.892808 0.000000 -0.450438 0.837795 0.837795 0.837795
6528.262695 0.000000 2587.386719 0.000000 0.851365 0.000000 -0.524574 0.865623 0.865623 0.865623
6545.007812 0.000000 2596.742676 0.000000 0.127620 0.000000 -0.991823 0.919589 0.919589 0.919589
6528.896484 0.000000 2595.457031 0.000000 0.458184 0.000000 -0.888857 0.862320 0.862320 0.862320
6529.503418 0.000000 2587.097168 0.000000 0.399573 0.000000 -0.916701 0.937819 0.937819 0.937819
6534.837402 0.000000 2559.007080 0.000000 0.290287 0.000000 -0.956940 1.034509 1.034509 1.034509
6550.151367 0.000000 2603.583252 0.000000 0.874962 0.000000 -0.484191 0.841893 0.841893 0.841893
6538.018066 0.000000 2606.706787 0.000000 0.521291 0.000000 -0.853379 0.837778 0.837778 0.837778
6551.662598 0.000000 2602.128662 0.000000 0.849032 0.000000 -0.528341 0.846138 0.846138 0.846138
6665.303223 0.000000 2354.115967 0.000000 0.445034 0.000000 -0.895514 0.920778 0.920778 0.920778
6662.126953 0.000000 2352.978027 0.000000 0.240494 0.000000 -0.970651 0.932609 0.932609 0.932609
6658.820801 0.000000 2346.271729 0.000000 0.885467 0.000000 -0.464702 0.877221 0.877221 0.877221
6696.585938 0.000000 2381.118896 0.000000 0.467136 0.000000 -0.884185 0.810833 0.810833 0.810833
6683.455566 0.000000 2362.229492 0.000000 0.716943 0.000000 -0.697132 0.816177 0.816177 0.816177
6698.692871 0.000000 2385.927734 0.000000 0.631024 0.000000 -0.775763 0.817734 0.817734 0.817734
6690.630859 0.000000 2393.685303 0.000000 0.527885 0.000000 -0.849316 0.862824 0.862824 0.862824
6702.177734 0.000000 2385.846924 0.000000 0.805795 0.000000 -0.592194 0.835443 0.835443 0.835443
6684.054199 0.000000 2384.112305 0.000000 0.626368 0.000000 -0.779527 0.854453 0.854453 0.854453
6676.470215 0.000000 2374.643799 0.000000 0.335113 0.000000 -0.942178 0.865051 0.865051 0.865051
6699.822754 0.000000 2387.723877 0.000000 0.547871 0.000000 -0.836563 0.876200 0.876200 0.876200
6698.292480 0.000000 2380.159668 0.000000 0.579330 0.000000 -0.815093 0.898012 0.898012 0.898012
6692.386230 0.000000 2374.972168 0.000000 0.820807 0.000000 -0.571205 0.871035 0.871035 0.871035
6694.252930 0.000000 2377.921631 0.000000 0.780146 0.000000 -0.625598 0.891120 0.891120 0.891120
6704.482910 0.000000 2401.162842 0.000000 0.324966 0.000000 -0.945726 0.977049 0.977049 0.977049
6704.083008 0.000000 2381.807861 0.000000 0.650930 0.000000 -0.759138 0.897270 0.897270 0.897270
6706.554199 0.000000 2380.318359 0.000000 0.764209 0.000000 -0.644969 0.872101 0.872101 0.872101
6698.072754 0.000000 2381.349365 0.000000 0.662128 0.000000 -0.749390 0.887135 0.887135 0.887135
6683.435059 0.000000 2385.328857 0.000000 0.350782 0.000000 -0.936457 0.942864 0.942864 0.942864
6705.476074 0.000000 2401.452148 0.000000 0.400181 0.000000 -0.916436 0.965520 0.965520 0.965520
6688.471191 0.000000 2373.104980 0.000000 0.291980 0.000000 -0.956424 0.993457 0.993457 0.993457
6680.008789 0.000000 2381.217041 0.000000 0.125485 0.000000 -0.992096 1.038092 1.038092 1.038092
6691.837891 0.000000 2395.310547 0.000000 0.302372 0.000000 -0.953190 1.039756 1.039756 1.039756
6726.493652 0.000000 2637.934814 0.000000 0.256344 0.000000 -0.966586 0.840602 0.840602 0.840602
6764.619141 0.000000 2643.854736 0.000000 0.845933 0.000000 -0.533289 0.894928 0.894928 0.894928
6727.161133 0.000000 2638.658691 0.000000 0.725859 0.000000 -0.687844 0.961341 0.961341 0.961341
6727.906250 0.000000 2639.759521 0.000000 0.666497 0.000000 -0.745508 0.978949 0.978949 0.978949
6727.059570 0.000000 2639.529785 0.000000 0.508123 0.000000 -0.861285 1.020745 1.020745 1.020745
6561.139648 0.000000 2691.051025 0.000000 0.815982 0.000000 -0.578077 0.819697 0.819697 0.819697
6561.717773 0.000000 2689.291016 0.000000 0.893067 0.000000 -0.449924 0.825632 0.825632 0.825632
6559.017578 0.000000 2691.204346 0.000000 0.731178 0.000000 -0.682187 0.956690 0.956690 0.956690
6619.366211 0.000000 2690.271484 0.000000 0.264231 0.000000 -0.964459 0.935365 0.935365 0.935365
6618.091797 0.000000 2690.631592 0.000000 0.649491 0.000000 -0.760369 0.889720 0.889720 0.889720
6620.003906 0.000000 2691.104492 0.000000 0.642711 0.000000 -0.766109 0.949908 0.949908 0.949908
6577.812988 0.000000 2716.299805 0.000000 0.755480 0.000000 -0.655171 0.831391 0.831391 0.831391
6579.778809 0.000000 2718.250977 0.000000 0.432525 0.000000 -0.901622 0.903220 0.903220 0.903220
6570.968750 0.000000 2712.922363 0.000000 0.784270 0.000000 -0.620419 0.817377 0.817377 0.817377
6570.507324 0.000000 2708.796387 0.000000 0.477914 0.000000 -0.878407 0.992787 0.992787 0.992787
6570.308105 0.000000 2710.854980 0.000000 0.470284 0.000000 -0.882515 0.939280 0.939280 0.939280
6570.215332 0.000000 2707.010742 0.000000 0.624475 0.000000 -0.781045 0.841175 0.841175 0.841175
6561.623047 0.000000 2694.667725 0.000000 0.195706 0.000000 -0.980663 0.996185 0.996185 0.996185
6579.694824 0.000000 2719.992188 0.000000 0.263595 0.000000 -0.964634 0.919807 0.919807 0.919807
6577.294434 0.000000 2718.809814 0.000000 0.447257 0.000000 -0.894406 0.902818 0.902818 0.902818
6559.360352 0.000000 2694.013916 0.000000 0.296076 0.000000 -0.955164 0.928115 0.928115 0.928115
6570.728516 0.000000 2717.820068 0.000000 0.603694 0.000000 -0.797216 0.906882 0.906882 0.906882
6562.203125 0.000000 2697.822510 0.000000 0.810537 0.000000 -0.585688 0.881857 0.881857 0.881857
6570.104492 0.000000 2714.042236 0.000000 0.418650 0.000000 -0.908148 0.945570 0.945570 0.945570
6560.482910 0.000000 2694.125000 0.000000 0.761979 0.000000 -0.647602 0.900595 0.900595 0.900595
6628.268555 0.000000 2726.932129 0.000000 0.148000 0.000000 -0.988987 0.839768 0.839768 0.839768
6641.979492 0.000000 2708.694824 0.000000 0.506024 0.000000 -0.862520 0.923616 0.923616 0.923616
6596.679688 0.000000 2694.731201 0.000000 0.272931 0.000000 -0.962034 0.964157 0.964157 0.964157
6628.580078 0.000000 2732.336670 0.000000 0.148777 0.000000 -0.988871 0.973179 0.973179 0.973179
6630.451660 0.000000 2722.825684 0.000000 0.188757 0.000000 -0.982024 1.103379 1.103379 1.103379
6259.535645 0.000000 2946.179199 0.000000 0.532201 0.000000 -0.846618 0.846377 0.846377 0.846377
6260.894043 0.000000 2982.312012 0.000000 0.387954 0.000000 -0.921679 0.833952 0.833952 0.833952
6279.693359 0.000000 2984.795898 0.000000 0.425437 0.000000 -0.904988 0.845192 0.845192 0.845192
6279.036621 0.000000 2977.574219 0.000000 0.759826 0.000000 -0.650127 0.853715 0.853715 0.853715
6680.542969 0.000000 2674.464111 0.000000 0.413490 0.000000 -0.910509 0.838860 0.838860 0.838860
6701.690918 0.000000 2690.852539 0.000000 0.571313 0.000000 -0.820732 0.866334 0.866334 0.866334
6684.179199 0.000000 2674.510010 0.000000 0.366967 0.000000 -0.930234 0.862057 0.862057 0.862057
6677.445801 0.000000 2675.281006 0.000000 0.828026 0.000000 -0.560690 0.860034 0.860034 0.860034
6704.915039 0.000000 2681.917236 0.000000 0.583207 0.000000 -0.812323 0.892788 0.892788 0.892788
6718.022461 0.000000 2686.978027 0.000000 0.585467 0.000000 -0.810696 0.892515 0.892515 0.892515
6716.099609 0.000000 2687.575195 0.000000 0.149844 0.000000 -0.988710 0.875177 0.875177 0.875177
6682.327148 0.000000 2674.999023 0.000000 0.334966 0.000000 -0.942230 1.028321 1.028321 1.028321
6665.920898 0.000000 2674.079102 0.000000 0.243950 0.000000 -0.969788 0.919028 0.919028 0.919028
6689.523438 0.000000 2660.177979 0.000000 0.858447 0.000000 -0.512903 0.843563 0.843563 0.843563
6705.802246 0.000000 2680.406494 0.000000 0.474589 0.000000 -0.880208 0.905332 0.905332 0.905332
6708.297363 0.000000 2678.757812 0.000000 0.305319 0.000000 -0.952250 1.047980 1.047980 1.047980
6692.370117 0.000000 2689.166260 0.000000 0.157812 0.000000 -0.987469 1.146951 1.146951 1.146951
6692.642090 0.000000 2687.520996 0.000000 0.797381 0.000000 -0.603476 0.851757 0.851757 0.851757
6700.242188 0.000000 2690.066650 0.000000 0.600548 0.000000 -0.799589 0.863848 0.863848 0.863848
6718.922363 0.000000 2689.428711 0.000000 0.549674 0.000000 -0.835379 0.890846 0.890846 0.890846
6695.583008 0.000000 2688.156006 0.000000 0.297294 0.000000 -0.954786 1.017956 1.017956 1.017956
6704.931641 0.000000 2683.354736 0.000000 0.152509 0.000000 -0.988302 1.019439 1.019439 1.019439
6696.575684 0.000000 2690.647949 0.000000 0.355645 0.000000 -0.934621 0.900059 0.900059 0.900059
6678.275391 0.000000 2672.525879 0.000000 0.659023 0.000000 -0.752123 0.923265 0.923265 0.923265
6704.418945 0.000000 2680.682861 0.000000 0.415249 0.000000 -0.909708 0.911818 0.911818 0.911818
6718.409180 0.000000 2688.208008 0.000000 0.527548 0.000000 -0.849525 0.893259 0.893259 0.893259
6689.440918 0.000000 2662.872070 0.000000 0.698527 0.000000 -0.715584 0.913083 0.913083 0.913083
6692.009277 0.000000 2688.255859 0.000000 0.349043 0.000000 -0.937107 1.098292 1.098292 1.098292
6682.254883 0.000000 2674.052734 0.000000 0.466361 0.000000 -0.884595 1.001647 1.001647 1.001647
6774.089844 0.000000 2657.516113 0.000000 0.242234 0.000000 -0.970218 0.923160 0.923160 0.923160
6723.218262 0.000000 2679.809082 0.000000 0.875493 0.000000 -0.483231 0.804029 0.804029 0.804029
6778.405762 0.000000 2658.760986 0.000000 0.696180 0.000000 -0.717868 0.825588 0.825588 0.825588
6724.398438 0.000000 2665.915039 0.000000 0.754228 0.000000 -0.656613 0.903723 0.903723 0.903723
6742.843262 0.000000 2660.802246 0.000000 0.281807 0.000000 -0.959471 0.846200 0.846200 0.846200
6751.542480 0.000000 2653.658203 0.000000 0.383127 0.000000 -0.923696 0.842336 0.842336 0.842336
6737.178711 0.000000 2676.823242 0.000000 0.698815 0.000000 -0.715303 0.858901 0.858901 0.858901
6727.139160 0.000000 2665.744629 0.000000 0.845997 0.000000 -0.533187 0.828079 0.828079 0.828079
6771.755371 0.000000 2671.008789 0.000000 0.898916 0.000000 -0.438121 0.813134 0.813134 0.813134
6722.261230 0.000000 2670.223633 0.000000 0.459629 0.000000 -0.888111 1.054368 1.054368 1.054368
6725.684570 0.000000 2662.830566 0.000000 0.365580 0.000000 -0.930780 0.860939 0.860939 0.860939
6732.897461 0.000000 2646.282715 0.000000 0.383252 0.000000 -0.923644 0.924641 0.924641 0.924641
6724.480957 0.000000 2658.423828 0.000000 0.877081 0.000000 -0.480342 0.845032 0.845032 0.845032
6739.232422 0.000000 2675.997803 0.000000 0.815407 0.000000 -0.578888 0.838840 0.838840 0.838840
6769.599609 0.000000 2653.400635 0.000000 0.720682 0.000000 -0.693266 0.912448 0.912448 0.912448
6779.025879 0.000000 2661.349609 0.000000 0.649205 0.000000 -0.760613 0.963119 0.963119 0.963119
6763.814941 0.000000 2671.177002 0.000000 0.883249 0.000000 -0.468904 0.835578 0.835578 0.835578
6771.973145 0.000000 2669.052246 0.000000 0.843909 0.000000 -0.536487 0.841281 0.841281 0.841281
6725.661133 0.000000 2664.707031 0.000000 0.189066 0.000000 -0.981964 0.999908 0.999908 0.999908
6758.245117 0.000000 2661.374756 0.000000 0.402711 0.000000 -0.915327 0.903925 0.903925 0.903925
6728.562012 0.000000 2664.911865 0.000000 0.849812 0.000000 -0.527086 0.878171 0.878171 0.878171
6726.119141 0.000000 2683.673340 0.000000 0.891141 0.000000 -0.453727 0.833861 0.833861 0.833861
6733.791504 0.000000 2648.127930 0.000000 0.848147 0.000000 -0.529760 0.853525 0.853525 0.853525
6758.566406 0.000000 2672.302979 0.000000 0.401851 0.000000 -0.915705 0.899387 0.899387 0.899387
6725.798828 0.000000 2666.348877 0.000000 0.660859 0.000000 -0.750510 0.889004 0.889004 0.889004
6745.073242 0.000000 2656.134521 0.000000 0.459247 0.000000 -0.888309 0.884095 0.884095 0.884095
6724.248047 0.000000 2664.432861 0.000000 0.482588 0.000000 -0.875847 0.954529 0.954529 0.954529
6767.317383 0.000000 2672.023682 0.000000 0.329786 0.000000 -0.944056 0.923302 0.923302 0.923302
6753.130371 0.000000 2668.955811 0.000000 0.458739 0.000000 -0.888571 0.932218 0.932218 0.932218
6725.489746 0.000000 2661.446533 0.000000 0.766168 0.000000 -0.642640 0.868304 0.868304 0.868304
6723.532227 0.000000 2670.797119 0.000000 0.445336 0.000000 -0.895364 1.058098 1.058098 1.058098
6768.270508 0.000000 2652.924316 0.000000 0.782895 0.000000 -0.622154 0.898573 0.898573 0.898573
6722.260742 0.000000 2671.509521 0.000000 0.330131 0.000000 -0.943935 1.087207 1.087207 1.087207
6768.747070 0.000000 2669.808594 0.000000 0.737264 0.000000 -0.675604 0.922225 0.922225 0.922225
6725.988281 0.000000 2669.810547 0.000000 0.695763 0.000000 -0.718272 0.963243 0.963243 0.963243
6752.494141 0.000000 2652.688477 0.000000 0.238286 0.000000 -0.971195 0.930179 0.930179 0.930179
6738.241699 0.000000 2659.449707 0.000000 0.442524 0.000000 -0.896757 0.967738 0.967738 0.967738
6752.946777 0.000000 2666.475342 0.000000 0.760290 0.000000 -0.649584 0.888258 0.888258 0.888258
6764.641113 0.000000 2671.933838 0.000000 0.882884 0.000000 -0.469591 0.875664 0.875664 0.875664
6741.714844 0.000000 2660.666260 0.000000 0.335057 0.000000 -0.942198 1.024620 1.024620 1.024620
6743.487793 0.000000 2671.563477 0.000000 0.424319 0.000000 -0.905513 1.062397 1.062397 1.062397
6773.874512 0.000000 2669.802734 0.000000 0.711032 0.000000 -0.703160 0.953415 0.953415 0.953415
6725.221191 0.000000 2683.728271 0.000000 0.457361 0.000000 -0.889281 1.022135 1.022135 1.022135
6731.609863 0.000000 2670.312500 0.000000 0.168571 0.000000 -0.985689 1.142873 1.142873 1.142873
6700.855469 0.000000 2693.677734 0.000000 0.455530 0.000000 -0.890221 0.835082 0.835082 0.835082
6701.690918 0.000000 2738.094727 0.000000 0.754759 0.000000 -0.656002 0.862878 0.862878 0.862878
6700.964355 0.000000 2700.647461 0.000000 0.656697 0.000000 -0.754155 0.859723 0.859723 0.859723
6699.458984 0.000000 2738.672363 0.000000 0.851093 0.000000 -0.525015 0.837534 0.837534 0.837534
6677.058105 0.000000 2720.337646 0.000000 0.801953 0.000000 -0.597386 0.911248 0.911248 0.911248
6677.833984 0.000000 2696.322510 0.000000 0.144974 0.000000 -0.989435 1.002115 1.002115 1.002115
6661.627441 0.000000 2724.265137 0.000000 0.785079 0.000000 -0.619395 0.862036 0.862036 0.862036
6666.632324 0.000000 2731.377930 0.000000 0.157942 0.000000 -0.987448 0.897307 0.897307 0.897307
6674.368164 0.000000 2697.286133 0.000000 0.415262 0.000000 -0.909702 0.930073 0.930073 0.930073
6676.853516 0.000000 2697.215820 0.000000 0.426555 0.000000 -0.904462 0.960255 0.960255 0.960255
6678.341309 0.000000 2694.135254 0.000000 0.111050 0.000000 -0.993815 0.942835 0.942835 0.942835
6686.498047 0.000000 2704.984131 0.000000 0.883085 0.000000 -0.469214 0.902910 0.902910 0.902910
6677.609863 0.000000 2721.371094 0.000000 0.859856 0.000000 -0.510536 0.893102 0.893102 0.893102
6700.651367 0.000000 2702.531006 0.000000 0.477222 0.000000 -0.878783 1.005790 1.005790 1.005790
6665.912598 0.000000 2730.746338 0.000000 0.152000 0.000000 -0.988381 1.073336 1.073336 1.073336
6763.341797 0.000000 2698.521973 0.000000 0.205059 0.000000 -0.978750 0.926702 0.926702 0.926702
6740.554688 0.000000 2730.878174 0.000000 0.291324 0.000000 -0.956625 0.900601 0.900601 0.900601
6723.277832 0.000000 2715.191162 0.000000 0.346536 0.000000 -0.938037 0.841318 0.841318 0.841318
6775.316406 0.000000 2695.266357 0.000000 0.670217 0.000000 -0.742165 0.837581 0.837581 0.837581
6742.739258 0.000000 2730.708252 0.000000 0.209236 0.000000 -0.977865 0.882846 0.882846 0.882846
6746.500977 0.000000 2726.227783 0.000000 0.480216 0.000000 -0.877150 0.863037 0.863037 0.863037
6753.694336 0.000000 2736.533203 0.000000 0.255538 0.000000 -0.966799 0.872082 0.872082 0.872082
6753.326660 0.000000 2700.912598 0.000000 0.871045 0.000000 -0.491203 0.855378 0.855378 0.855378
6740.330078 0.000000 2732.559082 0.000000 0.724805 0.000000 -0.688954 0.849335 0.849335 0.849335
6776.868164 0.000000 2694.842285 0.000000 0.119115 0.000000 -0.992881 0.942041 0.942041 0.942041
6741.930176 0.000000 2732.009521 0.000000 0.697354 0.000000 -0.716727 0.851870 0.851870 0.851870
6735.294922 0.000000 2719.604980 0.000000 0.683921 0.000000 -0.729556 0.922482 0.922482 0.922482
6763.919434 0.000000 2701.719238 0.000000 0.682781 0.000000 -0.730623 0.931714 0.931714 0.931714
6755.293457 0.000000 2698.977783 0.000000 0.604955 0.000000 -0.796260 0.904859 0.904859 0.904859
6735.665039 0.000000 2716.873779 0.000000 0.679719 0.000000 -0.733472 0.863316 0.863316 0.863316
6777.019043 0.000000 2692.924561 0.000000 0.238075 0.000000 -0.971247 0.912929 0.912929 0.912929
6739.005371 0.000000 2735.763428 0.000000 0.758266 0.000000 -0.651946 0.897156 0.897156 0.897156
6734.918945 0.000000 2718.595215 0.000000 0.363105 0.000000 -0.931748 0.979631 0.979631 0.979631
6754.154297 0.000000 2735.628174 0.000000 0.826744 0.000000 -0.562579 0.912772 0.912772 0.912772
6717.671387 0.000000 2764.033447 0.000000 0.684979 0.000000 -0.728562 0.900257 0.900257 0.900257
6710.879395 0.000000 2747.447510 0.000000 0.166861 0.000000 -0.985980 1.127884 1.127884 1.127884
6714.020996 0.000000 2766.749268 0.000000 0.573404 0.000000 -0.819273 0.850817 0.850817 0.850817
6710.866699 0.000000 2744.893799 0.000000 0.556184 0.000000 -0.831059 0.824491 0.824491 0.824491
6698.430664 0.000000 2740.204834 0.000000 0.290992 0.000000 -0.956726 0.875153 0.875153 0.875153
6715.916016 0.000000 2772.540039 0.000000 0.571636 0.000000 -0.820507 0.926848 0.926848 0.926848
6716.820312 0.000000 2759.269775 0.000000 0.726914 0.000000 -0.686729 0.852160 0.852160 0.852160
6714.727051 0.000000 2765.302979 0.000000 0.587401 0.000000 -0.809296 0.960081 0.960081 0.960081
6716.724121 0.000000 2767.358887 0.000000 0.386104 0.000000 -0.922455 1.021654 1.021654 1.021654
6715.304199 0.000000 2762.451416 0.000000 0.900576 0.000000 -0.434698 0.842663 0.842663 0.842663
6714.797363 0.000000 2772.785156 0.000000 0.762504 0.000000 -0.646984 0.892750 0.892750 0.892750
6712.049316 0.000000 2747.299561 0.000000 0.678730 0.000000 -0.734388 0.930133 0.930133 0.930133
6711.001465 0.000000 2746.572266 0.000000 0.320305 0.000000 -0.947314 1.090868 1.090868 1.090868
6728.135742 0.000000 2757.760254 0.000000 0.440712 0.000000 -0.897649 0.853418 0.853418 0.853418
6778.013184 0.000000 2766.749268 0.000000 0.887645 0.000000 -0.460529 0.822941 0.822941 0.822941
6730.524414 0.000000 2758.099609 0.000000 0.155363 0.000000 -0.987857 0.915854 0.915854 0.915854
6778.719238 0.000000 2765.302979 0.000000 0.525580 0.000000 -0.850744 0.865024 0.865024 0.865024
6729.925293 0.000000 2745.460938 0.000000 0.839654 0.000000 -0.543122 0.835548 0.835548 0.835548
6729.717773 0.000000 2743.141357 0.000000 0.152004 0.000000 -0.988380 1.026599 1.026599 1.026599
6780.395996 0.000000 2764.690186 0.000000 0.672422 0.000000 -0.740168 0.868238 0.868238 0.868238
6728.249512 0.000000 2743.281250 0.000000 0.880908 0.000000 -0.473288 0.878774 0.878774 0.878774
6909.244141 0.000000 2783.630371 0.000000 0.811220 0.000000 -0.584741 0.831809 0.831809 0.831809
6906.208496 0.000000 2829.903564 0.000000 0.710818 0.000000 -0.703376 0.838174 0.838174 0.838174
6909.139648 0.000000 2823.085693 0.000000 0.627520 0.000000 -0.778601 0.881099 0.881099 0.881099
6912.354492 0.000000 2834.239746 0.000000 0.758052 0.000000 -0.652195 0.802838 0.802838 0.802838
6905.078125 0.000000 2844.482666 0.000000 0.688857 0.000000 -0.724898 0.812956 0.812956 0.812956
6902.843262 0.000000 2839.378174 0.000000 0.715903 0.000000 -0.698200 0.827013 0.827013 0.827013
6915.553223 0.000000 2839.191895 0.000000 0.654462 0.000000 -0.756095 0.833390 0.833390 0.833390
2990.218750 0.000000 4372.541504 0.000000 0.223241 0.000000 -0.974763 0.822845 0.822845 0.822845
2993.558838 0.000000 4375.757812 0.000000 0.210912 0.000000 -0.977505 0.885454 0.885454 0.885454
2976.427979 0.000000 4375.271484 0.000000 0.266831 0.000000 -0.963743 0.884428 0.884428 0.884428
3019.211914 0.000000 4386.531738 0.000000 0.730849 0.000000 -0.682539 0.953040 0.953040 0.953040
3026.455322 0.000000 4385.552246 0.000000 0.380166 0.000000 -0.924918 1.032300 1.032300 1.032300
3033.041504 0.000000 4392.965820 0.000000 0.646874 0.000000 -0.762597 0.882281 0.882281 0.882281
3018.011230 0.000000 4386.880859 0.000000 0.657446 0.000000 -0.753502 0.973848 0.973848 0.973848
3027.910400 0.000000 4384.086426 0.000000 0.343824 0.000000 -0.939034 1.039971 1.039971 1.039971
3061.080322 0.000000 4409.221191 0.000000 0.178150 0.000000 -0.984003 0.819457 0.819457 0.819457
3067.779785 0.000000 4417.282227 0.000000 0.657386 0.000000 -0.753554 0.829830 0.829830 0.829830
3030.588135 0.000000 4393.543945 0.000000 0.841824 0.000000 -0.539753 0.838716 0.838716 0.838716
3032.029053 0.000000 4393.808594 0.000000 0.114461 0.000000 -0.993428 0.938137 0.938137 0.938137
3224.538574 0.000000 4246.858887 0.000000 0.286300 0.000000 -0.958140 0.844753 0.844753 0.844753
3302.314209 0.000000 4299.926758 0.000000 0.872514 0.000000 -0.488590 0.806117 0.806117 0.806117
3321.605713 0.000000 4326.991211 0.000000 0.748454 0.000000 -0.663187 0.852133 0.852133 0.852133
3349.154053 0.000000 4316.937012 0.000000 0.550956 0.000000 -0.834534 0.807887 0.807887 0.807887
3109.044189 0.000000 4424.815430 0.000000 0.522664 0.000000 -0.852539 0.876456 0.876456 0.876456
3090.264648 0.000000 4418.697266 0.000000 0.397035 0.000000 -0.917804 0.906804 0.906804 0.906804
3110.337646 0.000000 4441.653320 0.000000 0.147783 0.000000 -0.989020 0.855400 0.855400 0.855400
3117.401611 0.000000 4448.608398 0.000000 0.863292 0.000000 -0.504704 0.850189 0.850189 0.850189
3129.531250 0.000000 4465.083008 0.000000 0.749430 0.000000 -0.662084 0.818065 0.818065 0.818065
3129.061035 0.000000 4482.317383 0.000000 0.849383 0.000000 -0.527777 0.845527 0.845527 0.845527
3121.315430 0.000000 4442.564941 0.000000 0.542068 0.000000 -0.840334 0.861784 0.861784 0.861784
3133.410889 0.000000 4479.270020 0.000000 0.646306 0.000000 -0.763078 0.874550 0.874550 0.874550
3126.743164 0.000000 4473.048340 0.000000 0.730787 0.000000 -0.682606 0.878780 0.878780 0.878780
3138.553467 0.000000 4479.836426 0.000000 0.217286 0.000000 -0.976108 0.809449 0.809449 0.809449
3104.260010 0.000000 4518.685059 0.000000 0.857057 0.000000 -0.515222 0.819459 0.819459 0.819459
3100.510742 0.000000 4530.650879 0.000000 0.227512 0.000000 -0.973775 1.128159 1.128159 1.128159
3110.248291 0.000000 4521.788086 0.000000 0.813505 0.000000 -0.581558 0.872515 0.872515 0.872515
3100.044922 0.000000 4524.992676 0.000000 0.703083 0.000000 -0.711107 0.964316 0.964316 0.964316
3100.678223 0.000000 4531.875977 0.000000 0.241053 0.000000 -0.970512 1.124751 1.124751 1.124751
3101.669922 0.000000 4530.649414 0.000000 0.541383 0.000000 -0.840776 1.044347 1.044347 1.044347
3432.984375 0.000000 4412.533203 0.000000 0.281291 0.000000 -0.959623 0.810271 0.810271 0.810271
3435.351318 0.000000 4413.641113 0.000000 0.736460 0.000000 -0.676481 0.831162 0.831162 0.831162
2938.375732 0.000000 4614.422363 0.000000 0.882268 0.000000 -0.470748 0.823005 0.823005 0.823005
2952.993652 0.000000 4609.439453 0.000000 0.158367 0.000000 -0.987380 0.900097 0.900097 0.900097
2950.196777 0.000000 4609.893555 0.000000 0.872101 0.000000 -0.489325 0.813276 0.813276 0.813276
2949.597412 0.000000 4610.944336 0.000000 0.380795 0.000000 -0.924660 0.940243 0.940243 0.940243
2830.435791 0.000000 4708.250000 0.000000 0.867386 0.000000 -0.497636 0.818726 0.818726 0.818726
2834.491943 0.000000 4720.789551 0.000000 0.883034 0.000000 -0.469309 0.867321 0.867321 0.867321
2835.773926 0.000000 4721.507812 0.000000 0.839814 0.000000 -0.542875 0.879083 0.879083 0.879083
2832.481445 0.000000 4708.459961 0.000000 0.284508 0.000000 -0.958674 1.079156 1.079156 1.079156
2825.277100 0.000000 4705.077148 0.000000 0.844596 0.000000 -0.535403 0.890837 0.890837 0.890837
2832.741943 0.000000 4709.278809 0.000000 0.587006 0.000000 -0.809582 1.005386 1.005386 1.005386
3245.277100 0.000000 4583.365234 0.000000 0.428550 0.000000 -0.903518 0.825906 0.825906 0.825906
3247.999756 0.000000 4590.972168 0.000000 0.672627 0.000000 -0.739982 0.809151 0.809151 0.809151
3258.835205 0.000000 4595.690918 0.000000 0.126310 0.000000 -0.991991 0.840380 0.840380 0.840380
3244.234863 0.000000 4592.885254 0.000000 0.437012 0.000000 -0.899456 0.831275 0.831275 0.831275
3237.066406 0.000000 4598.964844 0.000000 0.151685 0.000000 -0.988429 0.886410 0.886410 0.886410
3251.902344 0.000000 4599.656250 0.000000 0.886374 0.000000 -0.462970 0.827399 0.827399 0.827399
3243.370117 0.000000 4586.440918 0.000000 0.462928 0.000000 -0.886396 0.865280 0.865280 0.865280
3094.572754 0.000000 4682.239746 0.000000 0.536625 0.000000 -0.843821 0.896286 0.896286 0.896286
3089.516113 0.000000 4677.029785 0.000000 0.869532 0.000000 -0.493877 0.821149 0.821149 0.821149
3094.076904 0.000000 4683.638184 0.000000 0.298056 0.000000 -0.954548 0.921573 0.921573 0.921573
3312.562744 0.000000 4859.994629 0.000000 0.869879 0.000000 -0.493265 0.825756 0.825756 0.825756
3300.674561 0.000000 4852.831055 0.000000 0.619193 0.000000 -0.785239 0.837877 0.837877 0.837877
3304.218262 0.000000 4871.871582 0.000000 0.460846 0.000000 -0.887480 0.820717 0.820717 0.820717
7398.629883 0.000000 3109.030273 0.000000 0.705370 0.000000 -0.708840 0.845632 0.845632 0.845632
7400.078613 0.000000 3108.674805 0.000000 0.734981 0.000000 -0.678088 0.855066 0.855066 0.855066
7400.199707 0.000000 3110.654297 0.000000 0.460499 0.000000 -0.887660 0.948339 0.948339 0.948339
"}
object={
	name="tree_mangrove_01_generator_1_3"
	render_pass=Map
	clamp_to_water_level=no
	generated_content=yes
	layer="tree_high_layer"
	pdxmesh="tree_swamp_01_a_mesh"
	count=100
	transform="303.911133 0.000000 1480.207031 0.000000 0.072075 0.000000 -0.997399 0.853877 0.853877 0.853877
301.942657 0.000000 1480.596924 0.000000 0.084078 0.000000 -0.996459 0.856414 0.856414 0.856414
3937.905762 0.000000 553.736572 0.000000 0.028793 0.000000 -0.999585 0.810779 0.810779 0.810779
3885.505371 0.000000 630.237549 0.000000 0.079274 0.000000 -0.996853 0.856596 0.856596 0.856596
3604.757568 0.000000 835.991821 0.000000 0.014972 0.000000 -0.999888 0.873023 0.873023 0.873023
3635.855469 0.000000 820.280640 0.000000 0.098788 0.000000 -0.995108 0.863202 0.863202 0.863202
3695.987305 0.000000 820.467468 0.000000 0.058837 0.000000 -0.998268 0.892100 0.892100 0.892100
3589.121582 0.000000 859.079895 0.000000 0.074734 0.000000 -0.997203 0.832866 0.832866 0.832866
3667.814209 0.000000 850.474182 0.000000 0.109985 0.000000 -0.993933 0.878763 0.878763 0.878763
3703.739990 0.000000 886.552307 0.000000 0.079038 0.000000 -0.996872 0.823834 0.823834 0.823834
3672.188477 0.000000 862.107666 0.000000 0.024958 0.000000 -0.999689 0.985244 0.985244 0.985244
3698.164307 0.000000 921.096375 0.000000 0.073017 0.000000 -0.997331 0.814956 0.814956 0.814956
3708.530762 0.000000 908.458313 0.000000 0.081758 0.000000 -0.996652 0.862449 0.862449 0.862449
3772.670166 0.000000 895.966797 0.000000 0.080554 0.000000 -0.996750 0.925000 0.925000 0.925000
3781.588135 0.000000 892.471191 0.000000 0.056560 0.000000 -0.998399 0.927018 0.927018 0.927018
3765.193359 0.000000 900.872803 0.000000 0.019206 0.000000 -0.999816 0.913110 0.913110 0.913110
3716.866943 0.000000 904.362976 0.000000 0.018171 0.000000 -0.999835 0.891478 0.891478 0.891478
3781.989258 0.000000 897.845642 0.000000 0.082523 0.000000 -0.996589 0.808917 0.808917 0.808917
3795.855713 0.000000 923.442566 0.000000 0.070861 0.000000 -0.997486 0.916829 0.916829 0.916829
3778.620361 0.000000 922.262573 0.000000 0.065390 0.000000 -0.997860 0.962354 0.962354 0.962354
3787.975098 0.000000 909.799194 0.000000 0.093430 0.000000 -0.995626 0.872284 0.872284 0.872284
3856.638428 0.000000 940.063293 0.000000 0.026788 0.000000 -0.999641 0.830837 0.830837 0.830837
3849.637695 0.000000 939.379333 0.000000 0.039926 0.000000 -0.999203 0.821402 0.821402 0.821402
3735.721191 0.000000 955.110107 0.000000 0.012248 0.000000 -0.999925 1.036572 1.036572 1.036572
3834.436279 0.000000 993.023071 0.000000 0.080130 0.000000 -0.996784 0.847633 0.847633 0.847633
1623.363892 0.000000 2258.286377 0.000000 0.019485 0.000000 -0.999810 0.944073 0.944073 0.944073
1631.043457 0.000000 2249.237793 0.000000 0.017888 0.000000 -0.999840 1.114805 1.114805 1.114805
486.390991 0.000000 2478.401611 0.000000 0.023175 0.000000 -0.999731 0.875729 0.875729 0.875729
482.175995 0.000000 2484.981201 0.000000 0.093649 0.000000 -0.995605 0.848674 0.848674 0.848674
4192.704102 0.000000 685.959351 0.000000 0.047193 0.000000 -0.998886 0.834994 0.834994 0.834994
4183.089355 0.000000 689.591064 0.000000 0.099165 0.000000 -0.995071 0.913147 0.913147 0.913147
4188.135742 0.000000 692.200073 0.000000 0.102060 0.000000 -0.994778 0.901191 0.901191 0.901191
4178.672852 0.000000 665.871887 0.000000 0.098732 0.000000 -0.995114 0.930818 0.930818 0.930818
4189.168457 0.000000 718.472168 0.000000 0.045263 0.000000 -0.998975 0.841132 0.841132 0.841132
4179.544922 0.000000 739.067810 0.000000 0.012939 0.000000 -0.999916 0.899565 0.899565 0.899565
4178.611816 0.000000 741.986206 0.000000 0.103445 0.000000 -0.994635 0.952375 0.952375 0.952375
4192.255859 0.000000 731.348022 0.000000 0.107321 0.000000 -0.994224 0.911055 0.911055 0.911055
4206.733398 0.000000 749.893677 0.000000 0.010765 0.000000 -0.999942 0.937093 0.937093 0.937093
4228.703125 0.000000 728.985291 0.000000 0.030787 0.000000 -0.999526 0.864591 0.864591 0.864591
4234.447266 0.000000 739.069336 0.000000 0.016040 0.000000 -0.999871 0.882288 0.882288 0.882288
4239.999512 0.000000 718.835022 0.000000 0.049824 0.000000 -0.998758 0.888093 0.888093 0.888093
4221.566895 0.000000 760.033325 0.000000 0.015007 0.000000 -0.999887 0.823305 0.823305 0.823305
4211.331055 0.000000 767.355286 0.000000 0.068846 0.000000 -0.997627 0.937984 0.937984 0.937984
5172.792969 0.000000 1141.699463 0.000000 0.032979 0.000000 -0.999456 0.876784 0.876784 0.876784
5215.682129 0.000000 1138.293823 0.000000 0.062454 0.000000 -0.998048 0.861755 0.861755 0.861755
5209.582031 0.000000 1151.219849 0.000000 0.027692 0.000000 -0.999617 0.821574 0.821574 0.821574
5192.567383 0.000000 1156.288696 0.000000 0.091337 0.000000 -0.995820 0.913751 0.913751 0.913751
5232.601562 0.000000 1167.542725 0.000000 0.029641 0.000000 -0.999561 0.829241 0.829241 0.829241
5198.852051 0.000000 1178.629639 0.000000 0.064399 0.000000 -0.997924 0.891761 0.891761 0.891761
5204.833008 0.000000 1170.161011 0.000000 0.022363 0.000000 -0.999750 0.889685 0.889685 0.889685
5171.576660 0.000000 1227.364624 0.000000 0.037326 0.000000 -0.999303 0.913319 0.913319 0.913319
5212.696777 0.000000 1187.220459 0.000000 0.044016 0.000000 -0.999031 0.870134 0.870134 0.870134
5199.667969 0.000000 1217.354004 0.000000 0.082448 0.000000 -0.996595 0.874310 0.874310 0.874310
5264.466797 0.000000 1176.274292 0.000000 0.106943 0.000000 -0.994265 0.903776 0.903776 0.903776
5265.164062 0.000000 1179.476929 0.000000 0.071869 0.000000 -0.997414 0.832930 0.832930 0.832930
5252.918945 0.000000 1142.533081 0.000000 0.026863 0.000000 -0.999639 0.889424 0.889424 0.889424
5374.872070 0.000000 1216.306030 0.000000 0.090219 0.000000 -0.995922 0.813306 0.813306 0.813306
5169.501465 0.000000 1228.452881 0.000000 0.067918 0.000000 -0.997691 0.822511 0.822511 0.822511
5162.091309 0.000000 1273.199463 0.000000 0.066228 0.000000 -0.997805 0.888644 0.888644 0.888644
5184.642090 0.000000 1261.462280 0.000000 0.010845 0.000000 -0.999941 0.848292 0.848292 0.848292
5186.534180 0.000000 1265.206055 0.000000 0.082049 0.000000 -0.996628 0.863924 0.863924 0.863924
5375.375000 0.000000 1404.582520 0.000000 0.029706 0.000000 -0.999559 0.918500 0.918500 0.918500
5402.208496 0.000000 1391.544678 0.000000 0.014887 0.000000 -0.999889 1.017527 1.017527 1.017527
5585.959961 0.000000 1347.954956 0.000000 0.110062 0.000000 -0.993925 0.977936 0.977936 0.977936
5389.187500 0.000000 1431.250366 0.000000 0.095970 0.000000 -0.995384 0.941374 0.941374 0.941374
5882.122559 0.000000 1207.756836 0.000000 0.091296 0.000000 -0.995824 0.845797 0.845797 0.845797
5584.655273 0.000000 1715.364868 0.000000 0.072778 0.000000 -0.997348 1.148541 1.148541 1.148541
5306.416504 0.000000 2077.291992 0.000000 0.027792 0.000000 -0.999614 0.840063 0.840063 0.840063
5306.403809 0.000000 2074.028320 0.000000 0.048348 0.000000 -0.998831 0.827366 0.827366 0.827366
5580.433105 0.000000 2081.058838 0.000000 0.062679 0.000000 -0.998034 0.932527 0.932527 0.932527
5927.378906 0.000000 2526.655273 0.000000 0.034519 0.000000 -0.999404 0.918130 0.918130 0.918130
6502.256836 0.000000 2560.629639 0.000000 0.086846 0.000000 -0.996222 0.906689 0.906689 0.906689
6470.275879 0.000000 2579.404297 0.000000 0.085341 0.000000 -0.996352 1.021012 1.021012 1.021012
6479.185059 0.000000 2600.047852 0.000000 0.064107 0.000000 -0.997943 0.956475 0.956475 0.956475
6678.395020 0.000000 2358.831299 0.000000 0.046166 0.000000 -0.998934 0.935503 0.935503 0.935503
6704.915039 0.000000 2398.464111 0.000000 0.030234 0.000000 -0.999543 0.899998 0.899998 0.899998
6571.746582 0.000000 2711.892334 0.000000 0.059410 0.000000 -0.998234 0.994695 0.994695 0.994695
6614.150879 0.000000 2692.824951 0.000000 0.054584 0.000000 -0.998509 1.025600 1.025600 1.025600
6640.604004 0.000000 2709.094727 0.000000 0.080428 0.000000 -0.996760 0.977099 0.977099 0.977099
6245.155273 0.000000 2993.852783 0.000000 0.095749 0.000000 -0.995406 0.970852 0.970852 0.970852
6703.792969 0.000000 2682.507324 0.000000 0.035059 0.000000 -0.999385 0.965630 0.965630 0.965630
6679.832031 0.000000 2673.497314 0.000000 0.073664 0.000000 -0.997283 1.016775 1.016775 1.016775
6694.950684 0.000000 2688.976318 0.000000 0.031221 0.000000 -0.999512 1.064440 1.064440 1.064440
6733.122070 0.000000 2649.491943 0.000000 0.109068 0.000000 -0.994034 0.940111 0.940111 0.940111
6727.590820 0.000000 2682.926270 0.000000 0.018272 0.000000 -0.999833 0.911627 0.911627 0.911627
6740.462402 0.000000 2658.096924 0.000000 0.059845 0.000000 -0.998208 0.851300 0.851300 0.851300
6778.301270 0.000000 2660.281738 0.000000 0.095301 0.000000 -0.995449 1.078456 1.078456 1.078456
6768.926758 0.000000 2668.578125 0.000000 0.105662 0.000000 -0.994402 1.041381 1.041381 1.041381
6724.313965 0.000000 2683.686523 0.000000 0.100774 0.000000 -0.994909 1.097968 1.097968 1.097968
6698.430664 0.000000 2692.962646 0.000000 0.091846 0.000000 -0.995773 0.872362 0.872362 0.872362
6667.044434 0.000000 2725.138184 0.000000 0.082468 0.000000 -0.996594 1.083860 1.083860 1.083860
6713.022949 0.000000 2756.452881 0.000000 0.109546 0.000000 -0.993982 1.072835 1.072835 1.072835
6714.247559 0.000000 2760.465088 0.000000 0.061056 0.000000 -0.998134 1.081925 1.081925 1.081925
6730.695801 0.000000 2759.480957 0.000000 0.050209 0.000000 -0.998739 0.924514 0.924514 0.924514
3091.455566 0.000000 4416.772461 0.000000 0.110860 0.000000 -0.993836 0.839358 0.839358 0.839358
3131.771973 0.000000 4464.524414 0.000000 0.060545 0.000000 -0.998165 0.873898 0.873898 0.873898
3107.059082 0.000000 4511.715332 0.000000 0.095883 0.000000 -0.995393 0.948746 0.948746 0.948746
3093.368164 0.000000 4532.936035 0.000000 0.033801 0.000000 -0.999429 0.935068 0.935068 0.935068
3244.790527 0.000000 4596.710449 0.000000 0.097922 0.000000 -0.995194 0.811765 0.811765 0.811765
3245.385986 0.000000 4590.334961 0.000000 0.090462 0.000000 -0.995900 0.836954 0.836954 0.836954
"}
object={
	name="tree_mangrove_01_generator_1_4"
	render_pass=Map
	clamp_to_water_level=no
	generated_content=yes
	layer="tree_high_layer"
	pdxmesh="tree_swamp_01_b_mesh"
	count=8
	transform="3779.472656 0.000000 893.721924 0.000000 0.005052 0.000000 -0.999987 1.029847 1.029847 1.029847
4171.912109 0.000000 770.805359 0.000000 0.005504 0.000000 -0.999985 0.853146 0.853146 0.853146
4183.943848 0.000000 769.340027 0.000000 0.009031 0.000000 -0.999959 0.895136 0.895136 0.895136
5430.466309 0.000000 1206.151733 0.000000 0.006158 0.000000 -0.999981 0.818750 0.818750 0.818750
6487.610840 0.000000 2600.096924 0.000000 0.007212 0.000000 -0.999974 0.843720 0.843720 0.843720
6670.429199 0.000000 2349.557861 0.000000 0.008570 0.000000 -0.999963 0.949767 0.949767 0.949767
6619.587402 0.000000 2696.308350 0.000000 0.001018 0.000000 -0.999999 1.152712 1.152712 1.152712
6747.636230 0.000000 2660.479492 0.000000 0.006606 0.000000 -0.999978 1.034305 1.034305 1.034305
"}
