object={
	name="tree_cypress_01_generator_1_0"
	render_pass=Map
	clamp_to_water_level=no
	generated_content=yes
	layer="tree_high_layer"
	pdxmesh="tree_cypress_01_a_mesh"
	count=1818
	transform="3319.786865 0.000000 508.614746 0.000000 0.808802 0.000000 0.588080 1.000000 1.000000 1.000000
3312.835693 0.000000 506.151947 0.000000 0.661934 0.000000 0.749562 1.000000 1.000000 1.000000
3308.782715 0.000000 533.881897 0.000000 0.835261 0.000000 0.549853 1.000000 1.000000 1.000000
3322.827393 0.000000 532.862366 0.000000 0.978794 0.000000 0.204845 1.000000 1.000000 1.000000
3321.948730 0.000000 523.303589 0.000000 0.807370 0.000000 0.590046 1.000000 1.000000 1.000000
3328.791748 0.000000 519.372253 0.000000 0.932202 0.000000 0.361939 1.000000 1.000000 1.000000
3327.596924 0.000000 514.790894 0.000000 0.341263 0.000000 0.939968 1.000000 1.000000 1.000000
3328.670654 0.000000 520.563538 0.000000 0.545112 0.000000 0.838363 1.000000 1.000000 1.000000
3368.474365 0.000000 535.607117 0.000000 0.996578 0.000000 0.082663 1.000000 1.000000 1.000000
3408.652100 0.000000 558.025513 0.000000 0.998932 0.000000 0.046194 1.000000 1.000000 1.000000
3578.324219 0.000000 494.306488 0.000000 0.989602 0.000000 0.143832 1.000000 1.000000 1.000000
3458.514404 0.000000 605.976440 0.000000 0.931109 0.000000 0.364742 1.000000 1.000000 1.000000
3481.345947 0.000000 572.468506 0.000000 0.148090 0.000000 0.988974 1.000000 1.000000 1.000000
3465.684570 0.000000 608.684021 0.000000 0.982958 0.000000 0.183830 1.000000 1.000000 1.000000
3490.760986 0.000000 579.951538 0.000000 0.995860 0.000000 0.090897 1.000000 1.000000 1.000000
3460.957275 0.000000 604.062805 0.000000 0.868995 0.000000 0.494821 1.000000 1.000000 1.000000
3464.713379 0.000000 581.628174 0.000000 0.449654 0.000000 0.893203 1.000000 1.000000 1.000000
3495.012695 0.000000 570.385864 0.000000 0.999017 0.000000 0.044326 1.000000 1.000000 1.000000
3474.688965 0.000000 569.036133 0.000000 0.530685 0.000000 0.847569 1.000000 1.000000 1.000000
3469.937988 0.000000 596.206360 0.000000 0.423708 0.000000 0.905799 1.000000 1.000000 1.000000
3473.049072 0.000000 569.281250 0.000000 0.722984 0.000000 0.690865 1.000000 1.000000 1.000000
3477.961914 0.000000 588.619446 0.000000 0.994768 0.000000 0.102157 1.000000 1.000000 1.000000
3473.524414 0.000000 568.197632 0.000000 0.710783 0.000000 0.703411 1.000000 1.000000 1.000000
3520.768311 0.000000 613.856689 0.000000 0.941839 0.000000 0.336065 1.000000 1.000000 1.000000
3522.506592 0.000000 605.976440 0.000000 0.335904 0.000000 0.941896 1.000000 1.000000 1.000000
3526.390869 0.000000 610.668030 0.000000 0.531156 0.000000 0.847274 1.000000 1.000000 1.000000
3529.676758 0.000000 608.684021 0.000000 0.825707 0.000000 0.564100 1.000000 1.000000 1.000000
3526.009766 0.000000 598.366577 0.000000 0.942140 0.000000 0.335220 1.000000 1.000000 1.000000
3570.487549 0.000000 652.600281 0.000000 0.777097 0.000000 0.629381 1.000000 1.000000 1.000000
3571.635254 0.000000 655.631653 0.000000 0.954949 0.000000 0.296771 1.000000 1.000000 1.000000
3568.531494 0.000000 655.439758 0.000000 0.994690 0.000000 0.102914 1.000000 1.000000 1.000000
3566.560059 0.000000 637.885803 0.000000 0.966273 0.000000 0.257518 1.000000 1.000000 1.000000
3558.545166 0.000000 656.990295 0.000000 0.122095 0.000000 0.992518 1.000000 1.000000 1.000000
3575.905029 0.000000 636.489746 0.000000 0.953170 0.000000 0.302434 1.000000 1.000000 1.000000
3570.112305 0.000000 654.487244 0.000000 0.218790 0.000000 0.975772 1.000000 1.000000 1.000000
3526.435059 0.000000 621.504272 0.000000 0.001389 0.000000 0.999999 1.000000 1.000000 1.000000
3564.712891 0.000000 637.274658 0.000000 0.235398 0.000000 0.971899 1.000000 1.000000 1.000000
3563.587158 0.000000 653.512085 0.000000 0.458078 0.000000 0.888912 1.000000 1.000000 1.000000
3570.148682 0.000000 646.246094 0.000000 0.465039 0.000000 0.885290 1.000000 1.000000 1.000000
3583.090332 0.000000 696.641968 0.000000 0.208140 0.000000 0.978099 1.000000 1.000000 1.000000
3580.677246 0.000000 698.427917 0.000000 0.983233 0.000000 0.182352 1.000000 1.000000 1.000000
3581.356201 0.000000 699.894531 0.000000 0.237859 0.000000 0.971300 1.000000 1.000000 1.000000
3577.917480 0.000000 712.272339 0.000000 0.498287 0.000000 0.867012 1.000000 1.000000 1.000000
3677.230469 0.000000 435.019012 0.000000 0.774247 0.000000 0.632883 1.000000 1.000000 1.000000
3620.551025 0.000000 501.650238 0.000000 0.988514 0.000000 0.151130 1.000000 1.000000 1.000000
3595.004395 0.000000 474.117493 0.000000 0.650248 0.000000 0.759722 1.000000 1.000000 1.000000
3595.409180 0.000000 476.166687 0.000000 0.300483 0.000000 0.953787 1.000000 1.000000 1.000000
3671.954346 0.000000 568.682739 0.000000 0.493156 0.000000 0.869941 1.000000 1.000000 1.000000
3667.805664 0.000000 581.314270 0.000000 0.999024 0.000000 0.044162 1.000000 1.000000 1.000000
3666.670898 0.000000 583.811279 0.000000 0.999437 0.000000 0.033550 1.000000 1.000000 1.000000
3584.841553 0.000000 631.983276 0.000000 0.212991 0.000000 0.977054 1.000000 1.000000 1.000000
3600.669678 0.000000 656.610168 0.000000 0.142784 0.000000 0.989754 1.000000 1.000000 1.000000
3585.923096 0.000000 629.554688 0.000000 0.751026 0.000000 0.660273 1.000000 1.000000 1.000000
3586.774658 0.000000 622.969666 0.000000 0.629906 0.000000 0.776671 1.000000 1.000000 1.000000
3595.814209 0.000000 649.431274 0.000000 0.240049 0.000000 0.970761 1.000000 1.000000 1.000000
3608.299561 0.000000 654.437622 0.000000 0.418253 0.000000 0.908331 1.000000 1.000000 1.000000
3584.760498 0.000000 708.341064 0.000000 0.818516 0.000000 0.574484 1.000000 1.000000 1.000000
3588.941650 0.000000 698.547180 0.000000 0.535031 0.000000 0.844833 1.000000 1.000000 1.000000
3587.694580 0.000000 699.459290 0.000000 0.118084 0.000000 0.993004 1.000000 1.000000 1.000000
3604.528809 0.000000 752.229065 0.000000 0.977497 0.000000 0.210948 1.000000 1.000000 1.000000
3587.047852 0.000000 709.035461 0.000000 0.334837 0.000000 0.942276 1.000000 1.000000 1.000000
3985.052490 0.000000 673.178345 0.000000 0.314320 0.000000 0.949317 1.000000 1.000000 1.000000
3583.861816 0.000000 759.929260 0.000000 0.814761 0.000000 0.579797 1.000000 1.000000 1.000000
3613.238281 0.000000 765.714355 0.000000 0.944575 0.000000 0.328297 1.000000 1.000000 1.000000
3609.335693 0.000000 765.059021 0.000000 0.953306 0.000000 0.302005 1.000000 1.000000 1.000000
3611.539795 0.000000 764.016174 0.000000 0.524123 0.000000 0.851643 1.000000 1.000000 1.000000
3589.501221 0.000000 759.880676 0.000000 0.657043 0.000000 0.753853 1.000000 1.000000 1.000000
3588.520752 0.000000 759.060852 0.000000 0.673185 0.000000 0.739474 1.000000 1.000000 1.000000
3830.661377 0.000000 875.456360 0.000000 0.003839 0.000000 0.999993 1.000000 1.000000 1.000000
3804.732422 0.000000 853.453308 0.000000 0.247804 0.000000 0.968810 1.000000 1.000000 1.000000
3806.570068 0.000000 853.222656 0.000000 0.339706 0.000000 0.940532 1.000000 1.000000 1.000000
3855.871582 0.000000 919.236267 0.000000 0.846414 0.000000 0.532525 1.000000 1.000000 1.000000
3854.707520 0.000000 921.186218 0.000000 0.994617 0.000000 0.103616 1.000000 1.000000 1.000000
3921.060303 0.000000 1098.358032 0.000000 0.692360 0.000000 0.721553 1.000000 1.000000 1.000000
3921.839111 0.000000 1101.559692 0.000000 0.986087 0.000000 0.166233 1.000000 1.000000 1.000000
1513.251221 0.000000 2216.717773 0.000000 0.380356 0.000000 0.924840 1.000000 1.000000 1.000000
1514.536377 0.000000 2218.043213 0.000000 0.568337 0.000000 0.822796 1.000000 1.000000 1.000000
1506.272461 0.000000 2242.330811 0.000000 0.026371 0.000000 0.999652 1.000000 1.000000 1.000000
1543.668579 0.000000 2251.367432 0.000000 0.592182 0.000000 0.805804 1.000000 1.000000 1.000000
1569.748657 0.000000 2265.871338 0.000000 0.960864 0.000000 0.277020 1.000000 1.000000 1.000000
1549.141724 0.000000 2260.246338 0.000000 0.108256 0.000000 0.994123 1.000000 1.000000 1.000000
1483.378784 0.000000 2362.018555 0.000000 0.583662 0.000000 0.811996 1.000000 1.000000 1.000000
1477.379272 0.000000 2370.830078 0.000000 0.849892 0.000000 0.526956 1.000000 1.000000 1.000000
1480.921997 0.000000 2362.158691 0.000000 0.304982 0.000000 0.952358 1.000000 1.000000 1.000000
1473.099243 0.000000 2427.186523 0.000000 0.121339 0.000000 0.992611 1.000000 1.000000 1.000000
1475.595825 0.000000 2425.596680 0.000000 0.157008 0.000000 0.987597 1.000000 1.000000 1.000000
1661.555298 0.000000 2349.225098 0.000000 0.153596 0.000000 0.988134 1.000000 1.000000 1.000000
1669.098022 0.000000 2280.486328 0.000000 0.002653 0.000000 0.999996 1.000000 1.000000 1.000000
1674.541992 0.000000 2273.039062 0.000000 0.637853 0.000000 0.770158 1.000000 1.000000 1.000000
1669.497437 0.000000 2281.702148 0.000000 0.607252 0.000000 0.794510 1.000000 1.000000 1.000000
1672.752319 0.000000 2332.580566 0.000000 0.619671 0.000000 0.784861 1.000000 1.000000 1.000000
1702.032959 0.000000 2329.176270 0.000000 0.146385 0.000000 0.989228 1.000000 1.000000 1.000000
1685.127319 0.000000 2322.525391 0.000000 0.538674 0.000000 0.842515 1.000000 1.000000 1.000000
1671.413452 0.000000 2349.937256 0.000000 0.896783 0.000000 0.442472 1.000000 1.000000 1.000000
1711.495972 0.000000 2352.700195 0.000000 0.254949 0.000000 0.966955 1.000000 1.000000 1.000000
1672.932007 0.000000 2329.589355 0.000000 0.685156 0.000000 0.728396 1.000000 1.000000 1.000000
1708.503906 0.000000 2352.746094 0.000000 0.416503 0.000000 0.909134 1.000000 1.000000 1.000000
1668.909790 0.000000 2355.427246 0.000000 0.613840 0.000000 0.789430 1.000000 1.000000 1.000000
1699.939331 0.000000 2354.328125 0.000000 0.038134 0.000000 0.999273 1.000000 1.000000 1.000000
1703.548340 0.000000 2322.536377 0.000000 0.405616 0.000000 0.914044 1.000000 1.000000 1.000000
1701.050537 0.000000 2350.845703 0.000000 0.135534 0.000000 0.990773 1.000000 1.000000 1.000000
1703.858765 0.000000 2329.232666 0.000000 0.999469 0.000000 0.032597 1.000000 1.000000 1.000000
1669.461792 0.000000 2353.810059 0.000000 0.465122 0.000000 0.885247 1.000000 1.000000 1.000000
1741.953491 0.000000 2351.101318 0.000000 0.573030 0.000000 0.819534 1.000000 1.000000 1.000000
1727.819824 0.000000 2349.426270 0.000000 0.958843 0.000000 0.283937 1.000000 1.000000 1.000000
1724.279053 0.000000 2370.001465 0.000000 0.916374 0.000000 0.400323 1.000000 1.000000 1.000000
1698.933350 0.000000 2371.800537 0.000000 0.976037 0.000000 0.217606 1.000000 1.000000 1.000000
3543.791992 0.000000 2172.083740 0.000000 0.641956 0.000000 0.766742 1.000000 1.000000 1.000000
3541.734375 0.000000 2172.278320 0.000000 0.464341 0.000000 0.885656 1.000000 1.000000 1.000000
3549.246094 0.000000 2182.980225 0.000000 0.975873 0.000000 0.218341 1.000000 1.000000 1.000000
3543.969971 0.000000 2174.917236 0.000000 0.253500 0.000000 0.967335 1.000000 1.000000 1.000000
3551.946777 0.000000 2184.768311 0.000000 0.984801 0.000000 0.173687 1.000000 1.000000 1.000000
3542.525635 0.000000 2173.160889 0.000000 0.795730 0.000000 0.605652 1.000000 1.000000 1.000000
3770.603760 0.000000 2077.291992 0.000000 0.228514 0.000000 0.973541 1.000000 1.000000 1.000000
3768.874512 0.000000 2065.334473 0.000000 0.698679 0.000000 0.715435 1.000000 1.000000 1.000000
3761.465088 0.000000 2060.890137 0.000000 0.988702 0.000000 0.149896 1.000000 1.000000 1.000000
3760.908936 0.000000 2062.976074 0.000000 0.502322 0.000000 0.864681 1.000000 1.000000 1.000000
3772.670166 0.000000 2077.021484 0.000000 0.999755 0.000000 0.022114 1.000000 1.000000 1.000000
4001.302490 0.000000 2071.416260 0.000000 0.989581 0.000000 0.143978 1.000000 1.000000 1.000000
4000.606689 0.000000 2068.707031 0.000000 0.322578 0.000000 0.946543 1.000000 1.000000 1.000000
3743.861816 0.000000 2083.137695 0.000000 0.021862 0.000000 0.999761 1.000000 1.000000 1.000000
3761.718750 0.000000 2091.635986 0.000000 0.716564 0.000000 0.697521 1.000000 1.000000 1.000000
3712.534424 0.000000 2086.740723 0.000000 0.675300 0.000000 0.737543 1.000000 1.000000 1.000000
3758.113281 0.000000 2088.363037 0.000000 0.863415 0.000000 0.504494 1.000000 1.000000 1.000000
3738.582520 0.000000 2080.030029 0.000000 0.909375 0.000000 0.415977 1.000000 1.000000 1.000000
3767.732178 0.000000 2209.333740 0.000000 0.971112 0.000000 0.238625 1.000000 1.000000 1.000000
3764.375000 0.000000 2210.137207 0.000000 0.149281 0.000000 0.988795 1.000000 1.000000 1.000000
3762.783936 0.000000 2210.036377 0.000000 0.734303 0.000000 0.678822 1.000000 1.000000 1.000000
3775.542236 0.000000 2215.509766 0.000000 0.661873 0.000000 0.749616 1.000000 1.000000 1.000000
3796.913574 0.000000 2211.214111 0.000000 0.318384 0.000000 0.947962 1.000000 1.000000 1.000000
3780.343750 0.000000 2204.633057 0.000000 0.875264 0.000000 0.483645 1.000000 1.000000 1.000000
3812.612061 0.000000 2207.268066 0.000000 0.017822 0.000000 0.999841 1.000000 1.000000 1.000000
3816.333252 0.000000 2214.346436 0.000000 0.971366 0.000000 0.237590 1.000000 1.000000 1.000000
3800.773926 0.000000 2209.317383 0.000000 0.854146 0.000000 0.520034 1.000000 1.000000 1.000000
3819.021484 0.000000 2214.063721 0.000000 0.905315 0.000000 0.424741 1.000000 1.000000 1.000000
3799.098389 0.000000 2211.044189 0.000000 0.093629 0.000000 0.995607 1.000000 1.000000 1.000000
3777.438232 0.000000 2214.226074 0.000000 0.989697 0.000000 0.143175 1.000000 1.000000 1.000000
3817.768799 0.000000 2215.157959 0.000000 0.999998 0.000000 0.001969 1.000000 1.000000 1.000000
3786.979492 0.000000 2231.084229 0.000000 0.341116 0.000000 0.940021 1.000000 1.000000 1.000000
3782.043945 0.000000 2237.650879 0.000000 0.458946 0.000000 0.888464 1.000000 1.000000 1.000000
3895.716553 0.000000 2162.091553 0.000000 0.051286 0.000000 0.998684 1.000000 1.000000 1.000000
3900.764648 0.000000 2143.496338 0.000000 0.361786 0.000000 0.932261 1.000000 1.000000 1.000000
3903.303955 0.000000 2138.225098 0.000000 0.939100 0.000000 0.343643 1.000000 1.000000 1.000000
3898.757080 0.000000 2139.096924 0.000000 0.753224 0.000000 0.657764 1.000000 1.000000 1.000000
3886.034424 0.000000 2171.188477 0.000000 0.280910 0.000000 0.959734 1.000000 1.000000 1.000000
3901.208984 0.000000 2140.617920 0.000000 0.883139 0.000000 0.469111 1.000000 1.000000 1.000000
3887.771973 0.000000 2170.227295 0.000000 0.995636 0.000000 0.093327 1.000000 1.000000 1.000000
3901.133789 0.000000 2138.549805 0.000000 0.417790 0.000000 0.908544 1.000000 1.000000 1.000000
3884.585693 0.000000 2170.402588 0.000000 0.830302 0.000000 0.557314 1.000000 1.000000 1.000000
3916.754639 0.000000 2150.742432 0.000000 0.999641 0.000000 0.026807 1.000000 1.000000 1.000000
3948.704590 0.000000 2140.116455 0.000000 0.052779 0.000000 0.998606 1.000000 1.000000 1.000000
3903.822754 0.000000 2139.511719 0.000000 0.726196 0.000000 0.687488 1.000000 1.000000 1.000000
3951.466064 0.000000 2141.597900 0.000000 0.132996 0.000000 0.991117 1.000000 1.000000 1.000000
3918.699707 0.000000 2149.483154 0.000000 0.855823 0.000000 0.517268 1.000000 1.000000 1.000000
3918.417969 0.000000 2151.082764 0.000000 0.735913 0.000000 0.677076 1.000000 1.000000 1.000000
3999.830566 0.000000 2083.137695 0.000000 0.235923 0.000000 0.971772 1.000000 1.000000 1.000000
3995.783691 0.000000 2078.776367 0.000000 0.364577 0.000000 0.931173 1.000000 1.000000 1.000000
3998.525635 0.000000 2079.437988 0.000000 0.394111 0.000000 0.919063 1.000000 1.000000 1.000000
3994.106445 0.000000 2081.752197 0.000000 0.420524 0.000000 0.907281 1.000000 1.000000 1.000000
3860.726318 0.000000 2206.015381 0.000000 0.726113 0.000000 0.687575 1.000000 1.000000 1.000000
3846.351807 0.000000 2216.902588 0.000000 0.841434 0.000000 0.540360 1.000000 1.000000 1.000000
3874.149414 0.000000 2179.364502 0.000000 0.686478 0.000000 0.727151 1.000000 1.000000 1.000000
3863.904541 0.000000 2204.474365 0.000000 0.860564 0.000000 0.509343 1.000000 1.000000 1.000000
3875.468750 0.000000 2180.975830 0.000000 0.610569 0.000000 0.791963 1.000000 1.000000 1.000000
3845.580322 0.000000 2215.252686 0.000000 0.999911 0.000000 0.013319 1.000000 1.000000 1.000000
3873.677979 0.000000 2181.248535 0.000000 0.585482 0.000000 0.810686 1.000000 1.000000 1.000000
3860.832520 0.000000 2207.791992 0.000000 0.853202 0.000000 0.521581 1.000000 1.000000 1.000000
3872.845459 0.000000 2180.266602 0.000000 0.987717 0.000000 0.156253 1.000000 1.000000 1.000000
3861.662109 0.000000 2206.914795 0.000000 0.012256 0.000000 0.999925 1.000000 1.000000 1.000000
3432.004150 0.000000 2622.965088 0.000000 0.971044 0.000000 0.238899 1.000000 1.000000 1.000000
3775.907959 0.000000 2534.193359 0.000000 0.958980 0.000000 0.283475 1.000000 1.000000 1.000000
3382.503418 0.000000 2704.758301 0.000000 0.906522 0.000000 0.422159 1.000000 1.000000 1.000000
3404.817139 0.000000 2717.648682 0.000000 0.844628 0.000000 0.535354 1.000000 1.000000 1.000000
3468.809326 0.000000 2717.648682 0.000000 0.995240 0.000000 0.097457 1.000000 1.000000 1.000000
3476.773193 0.000000 2725.679443 0.000000 0.463521 0.000000 0.886086 1.000000 1.000000 1.000000
3470.357666 0.000000 2724.077881 0.000000 0.687249 0.000000 0.726422 1.000000 1.000000 1.000000
3459.616455 0.000000 2727.051270 0.000000 0.204027 0.000000 0.978965 1.000000 1.000000 1.000000
3476.544434 0.000000 2783.643311 0.000000 0.999758 0.000000 0.021987 1.000000 1.000000 1.000000
3466.389893 0.000000 2776.933838 0.000000 0.611693 0.000000 0.791095 1.000000 1.000000 1.000000
3460.653564 0.000000 2755.298096 0.000000 0.978129 0.000000 0.208000 1.000000 1.000000 1.000000
3476.952637 0.000000 2778.120361 0.000000 0.906327 0.000000 0.422578 1.000000 1.000000 1.000000
3465.684570 0.000000 2781.824707 0.000000 0.885215 0.000000 0.465181 1.000000 1.000000 1.000000
3510.700439 0.000000 2812.386230 0.000000 0.776409 0.000000 0.630229 1.000000 1.000000 1.000000
3462.123779 0.000000 2792.820557 0.000000 0.338187 0.000000 0.941079 1.000000 1.000000 1.000000
3519.939209 0.000000 2817.646484 0.000000 0.372301 0.000000 0.928112 1.000000 1.000000 1.000000
3578.627197 0.000000 2833.167236 0.000000 0.642292 0.000000 0.766460 1.000000 1.000000 1.000000
3583.343018 0.000000 2941.342285 0.000000 0.741347 0.000000 0.671122 1.000000 1.000000 1.000000
3554.706787 0.000000 2938.706787 0.000000 0.380490 0.000000 0.924785 1.000000 1.000000 1.000000
3577.917480 0.000000 2932.655273 0.000000 0.376181 0.000000 0.926546 1.000000 1.000000 1.000000
3550.510010 0.000000 2975.005371 0.000000 0.905964 0.000000 0.423354 1.000000 1.000000 1.000000
3582.333740 0.000000 2938.168213 0.000000 0.915365 0.000000 0.402625 1.000000 1.000000 1.000000
3579.740967 0.000000 2934.546631 0.000000 0.461438 0.000000 0.887172 1.000000 1.000000 1.000000
3546.250732 0.000000 2975.434814 0.000000 0.154017 0.000000 0.988068 1.000000 1.000000 1.000000
3552.768311 0.000000 2938.975098 0.000000 0.039306 0.000000 0.999227 1.000000 1.000000 1.000000
3577.013184 0.000000 2934.038330 0.000000 0.501631 0.000000 0.865082 1.000000 1.000000 1.000000
3549.210693 0.000000 2974.116943 0.000000 0.280332 0.000000 0.959903 1.000000 1.000000 1.000000
3554.680420 0.000000 2939.798096 0.000000 0.566576 0.000000 0.824009 1.000000 1.000000 1.000000
3555.554688 0.000000 2939.329590 0.000000 0.921594 0.000000 0.388154 1.000000 1.000000 1.000000
3554.706787 0.000000 2985.948975 0.000000 0.837703 0.000000 0.546125 1.000000 1.000000 1.000000
3575.865234 0.000000 3007.723389 0.000000 0.833726 0.000000 0.552179 1.000000 1.000000 1.000000
3550.580322 0.000000 2977.039551 0.000000 0.963756 0.000000 0.266785 1.000000 1.000000 1.000000
3554.930664 0.000000 2994.072754 0.000000 0.420395 0.000000 0.907341 1.000000 1.000000 1.000000
3577.294434 0.000000 3007.063721 0.000000 0.904232 0.000000 0.427042 1.000000 1.000000 1.000000
3595.002930 0.000000 2797.990479 0.000000 0.824568 0.000000 0.565763 1.000000 1.000000 1.000000
3629.556641 0.000000 2822.313965 0.000000 0.233509 0.000000 0.972355 1.000000 1.000000 1.000000
3617.349365 0.000000 2827.291260 0.000000 0.709865 0.000000 0.704337 1.000000 1.000000 1.000000
3608.917725 0.000000 2910.675049 0.000000 0.845598 0.000000 0.533820 1.000000 1.000000 1.000000
3613.941895 0.000000 2912.622314 0.000000 0.105132 0.000000 0.994458 1.000000 1.000000 1.000000
3755.423340 0.000000 2917.579834 0.000000 0.997650 0.000000 0.068514 1.000000 1.000000 1.000000
3595.002930 0.000000 2939.717041 0.000000 0.874645 0.000000 0.484763 1.000000 1.000000 1.000000
3627.724365 0.000000 2934.732910 0.000000 0.174845 0.000000 0.984596 1.000000 1.000000 1.000000
3584.550049 0.000000 2937.100098 0.000000 0.999863 0.000000 0.016562 1.000000 1.000000 1.000000
3585.968750 0.000000 2939.209961 0.000000 0.551213 0.000000 0.834365 1.000000 1.000000 1.000000
3692.180176 0.000000 2939.408447 0.000000 0.738652 0.000000 0.674087 1.000000 1.000000 1.000000
3690.675781 0.000000 2937.182129 0.000000 0.648361 0.000000 0.761333 1.000000 1.000000 1.000000
3657.039551 0.000000 2935.534668 0.000000 0.290297 0.000000 0.956936 1.000000 1.000000 1.000000
3691.347168 0.000000 2941.560791 0.000000 0.558017 0.000000 0.829829 1.000000 1.000000 1.000000
3690.965820 0.000000 2938.601318 0.000000 0.397144 0.000000 0.917756 1.000000 1.000000 1.000000
3658.333008 0.000000 2935.996338 0.000000 0.028870 0.000000 0.999583 1.000000 1.000000 1.000000
3611.733398 0.000000 3020.966797 0.000000 0.931085 0.000000 0.364802 1.000000 1.000000 1.000000
3642.606445 0.000000 3018.872314 0.000000 0.130873 0.000000 0.991399 1.000000 1.000000 1.000000
3613.854248 0.000000 3020.043945 0.000000 0.823450 0.000000 0.567389 1.000000 1.000000 1.000000
3612.448242 0.000000 3018.900391 0.000000 0.822555 0.000000 0.568686 1.000000 1.000000 1.000000
3665.359375 0.000000 3021.922363 0.000000 0.419861 0.000000 0.907588 1.000000 1.000000 1.000000
3695.497314 0.000000 2991.957275 0.000000 0.294690 0.000000 0.955593 1.000000 1.000000 1.000000
3678.494385 0.000000 3022.247559 0.000000 0.182733 0.000000 0.983163 1.000000 1.000000 1.000000
3661.369629 0.000000 3023.188721 0.000000 0.916234 0.000000 0.400643 1.000000 1.000000 1.000000
3655.965576 0.000000 3013.621582 0.000000 0.972864 0.000000 0.231376 1.000000 1.000000 1.000000
3667.802002 0.000000 3022.072021 0.000000 0.241514 0.000000 0.970397 1.000000 1.000000 1.000000
3693.528809 0.000000 2992.347168 0.000000 0.965531 0.000000 0.260288 1.000000 1.000000 1.000000
3660.087402 0.000000 3021.952148 0.000000 0.269233 0.000000 0.963075 1.000000 1.000000 1.000000
3656.523926 0.000000 3012.133789 0.000000 0.299367 0.000000 0.954138 1.000000 1.000000 1.000000
3661.714111 0.000000 3021.731201 0.000000 0.275208 0.000000 0.961385 1.000000 1.000000 1.000000
3744.037598 0.000000 2943.776367 0.000000 0.761428 0.000000 0.648250 1.000000 1.000000 1.000000
3774.030273 0.000000 2953.002197 0.000000 0.703980 0.000000 0.710220 1.000000 1.000000 1.000000
3749.783203 0.000000 2943.324707 0.000000 0.998496 0.000000 0.054827 1.000000 1.000000 1.000000
3746.729736 0.000000 2942.061035 0.000000 0.241031 0.000000 0.970517 1.000000 1.000000 1.000000
3747.680176 0.000000 2940.321533 0.000000 0.244903 0.000000 0.969547 1.000000 1.000000 1.000000
3747.921631 0.000000 2943.488525 0.000000 0.551972 0.000000 0.833863 1.000000 1.000000 1.000000
3748.745117 0.000000 2941.878418 0.000000 0.700432 0.000000 0.713719 1.000000 1.000000 1.000000
3745.882568 0.000000 2943.631104 0.000000 0.003466 0.000000 0.999994 1.000000 1.000000 1.000000
3779.762939 0.000000 2957.749268 0.000000 0.997893 0.000000 0.064885 1.000000 1.000000 1.000000
3802.612549 0.000000 2949.492676 0.000000 0.026828 0.000000 0.999640 1.000000 1.000000 1.000000
3805.381348 0.000000 2945.610840 0.000000 0.905071 0.000000 0.425260 1.000000 1.000000 1.000000
3783.949951 0.000000 2966.379395 0.000000 0.195628 0.000000 0.980678 1.000000 1.000000 1.000000
3806.132568 0.000000 2942.232910 0.000000 0.717647 0.000000 0.696407 1.000000 1.000000 1.000000
3775.575195 0.000000 2953.883301 0.000000 0.835661 0.000000 0.549245 1.000000 1.000000 1.000000
3807.468506 0.000000 2945.931885 0.000000 0.271579 0.000000 0.962416 1.000000 1.000000 1.000000
3806.633545 0.000000 2944.521973 0.000000 0.025042 0.000000 0.999686 1.000000 1.000000 1.000000
3761.405273 0.000000 2994.619629 0.000000 0.924305 0.000000 0.381654 1.000000 1.000000 1.000000
3752.427490 0.000000 2992.201172 0.000000 0.931785 0.000000 0.363009 1.000000 1.000000 1.000000
3725.361816 0.000000 3023.188721 0.000000 0.913345 0.000000 0.407187 1.000000 1.000000 1.000000
3762.331055 0.000000 2992.147949 0.000000 0.601361 0.000000 0.798978 1.000000 1.000000 1.000000
3750.937744 0.000000 2995.997559 0.000000 0.893751 0.000000 0.448563 1.000000 1.000000 1.000000
3727.426270 0.000000 3023.114502 0.000000 0.993869 0.000000 0.110560 1.000000 1.000000 1.000000
3719.550293 0.000000 3021.854004 0.000000 0.594688 0.000000 0.803956 1.000000 1.000000 1.000000
3762.938965 0.000000 2990.625977 0.000000 0.989780 0.000000 0.142602 1.000000 1.000000 1.000000
3762.118896 0.000000 2993.451660 0.000000 0.648825 0.000000 0.760937 1.000000 1.000000 1.000000
3787.580811 0.000000 2982.562500 0.000000 0.872093 0.000000 0.489340 1.000000 1.000000 1.000000
3801.312256 0.000000 2985.441895 0.000000 0.558860 0.000000 0.829262 1.000000 1.000000 1.000000
3793.506592 0.000000 2985.200684 0.000000 0.720287 0.000000 0.693676 1.000000 1.000000 1.000000
3793.424072 0.000000 2980.159912 0.000000 0.576666 0.000000 0.816980 1.000000 1.000000 1.000000
3799.303467 0.000000 2984.044922 0.000000 0.034186 0.000000 0.999415 1.000000 1.000000 1.000000
3797.583252 0.000000 2978.246338 0.000000 0.474600 0.000000 0.880202 1.000000 1.000000 1.000000
3791.449219 0.000000 2980.542480 0.000000 0.085846 0.000000 0.996308 1.000000 1.000000 1.000000
3798.068848 0.000000 2984.534424 0.000000 0.979122 0.000000 0.203274 1.000000 1.000000 1.000000
3795.066162 0.000000 2985.762207 0.000000 0.989741 0.000000 0.142872 1.000000 1.000000 1.000000
3799.866455 0.000000 2985.209473 0.000000 0.996208 0.000000 0.087005 1.000000 1.000000 1.000000
4153.847168 0.000000 759.514526 0.000000 0.955966 0.000000 0.293478 1.000000 1.000000 1.000000
4148.075684 0.000000 781.320984 0.000000 0.984550 0.000000 0.175105 1.000000 1.000000 1.000000
4152.827637 0.000000 789.795471 0.000000 0.990176 0.000000 0.139826 1.000000 1.000000 1.000000
4151.636230 0.000000 758.336365 0.000000 0.357446 0.000000 0.933934 1.000000 1.000000 1.000000
4146.917480 0.000000 757.270996 0.000000 0.551748 0.000000 0.834011 1.000000 1.000000 1.000000
4144.256348 0.000000 756.351624 0.000000 0.980444 0.000000 0.196800 1.000000 1.000000 1.000000
4236.330566 0.000000 775.875000 0.000000 0.979673 0.000000 0.200601 1.000000 1.000000 1.000000
4247.404785 0.000000 777.131531 0.000000 0.739039 0.000000 0.673663 1.000000 1.000000 1.000000
4225.845215 0.000000 771.281250 0.000000 0.279517 0.000000 0.960141 1.000000 1.000000 1.000000
4242.601074 0.000000 772.780029 0.000000 0.061294 0.000000 0.998120 1.000000 1.000000 1.000000
4249.269043 0.000000 777.809509 0.000000 0.998072 0.000000 0.062061 1.000000 1.000000 1.000000
4159.020020 0.000000 885.610718 0.000000 0.714264 0.000000 0.699877 1.000000 1.000000 1.000000
4149.635742 0.000000 889.159180 0.000000 0.510161 0.000000 0.860079 1.000000 1.000000 1.000000
4155.895020 0.000000 870.817383 0.000000 0.375911 0.000000 0.926656 1.000000 1.000000 1.000000
4152.581543 0.000000 870.822693 0.000000 0.467905 0.000000 0.883779 1.000000 1.000000 1.000000
4183.499512 0.000000 963.450745 0.000000 0.997593 0.000000 0.069340 1.000000 1.000000 1.000000
4438.737305 0.000000 1145.677979 0.000000 0.937050 0.000000 0.349196 1.000000 1.000000 1.000000
4435.711914 0.000000 1148.220581 0.000000 0.245224 0.000000 0.969466 1.000000 1.000000 1.000000
5376.541992 0.000000 944.552002 0.000000 0.053894 0.000000 0.998547 1.000000 1.000000 1.000000
5372.585449 0.000000 962.441345 0.000000 0.180111 0.000000 0.983646 1.000000 1.000000 1.000000
5132.606445 0.000000 1064.171875 0.000000 0.869430 0.000000 0.494057 1.000000 1.000000 1.000000
5140.570312 0.000000 1072.202881 0.000000 0.399734 0.000000 0.916631 1.000000 1.000000 1.000000
5124.593750 0.000000 1059.680664 0.000000 0.383495 0.000000 0.923543 1.000000 1.000000 1.000000
5143.038574 0.000000 1054.567627 0.000000 0.888889 0.000000 0.458123 1.000000 1.000000 1.000000
5375.643555 0.000000 948.898010 0.000000 0.878316 0.000000 0.478080 1.000000 1.000000 1.000000
5379.119629 0.000000 955.822693 0.000000 0.124496 0.000000 0.992220 1.000000 1.000000 1.000000
5380.419434 0.000000 960.094727 0.000000 0.062728 0.000000 0.998031 1.000000 1.000000 1.000000
5417.479980 0.000000 994.373108 0.000000 0.667973 0.000000 0.744186 1.000000 1.000000 1.000000
5485.003906 0.000000 992.958740 0.000000 0.640168 0.000000 0.768235 1.000000 1.000000 1.000000
5481.472168 0.000000 994.373108 0.000000 0.726266 0.000000 0.687414 1.000000 1.000000 1.000000
5133.981445 0.000000 1364.878784 0.000000 0.721120 0.000000 0.692810 1.000000 1.000000 1.000000
5143.295410 0.000000 1391.280029 0.000000 0.992092 0.000000 0.125514 1.000000 1.000000 1.000000
5156.826660 0.000000 1422.780396 0.000000 0.172444 0.000000 0.985019 1.000000 1.000000 1.000000
5159.991699 0.000000 1423.191772 0.000000 0.045914 0.000000 0.998945 1.000000 1.000000 1.000000
5154.792480 0.000000 1433.320435 0.000000 0.239904 0.000000 0.970797 1.000000 1.000000 1.000000
4927.767578 0.000000 1636.591797 0.000000 0.951594 0.000000 0.307358 1.000000 1.000000 1.000000
4931.437012 0.000000 1640.480957 0.000000 0.925107 0.000000 0.379707 1.000000 1.000000 1.000000
4937.191406 0.000000 1651.973877 0.000000 0.994894 0.000000 0.100927 1.000000 1.000000 1.000000
4501.013672 0.000000 2143.796387 0.000000 0.750473 0.000000 0.660901 1.000000 1.000000 1.000000
4544.463379 0.000000 2148.819824 0.000000 0.446285 0.000000 0.894891 1.000000 1.000000 1.000000
4552.798828 0.000000 2152.845703 0.000000 0.539566 0.000000 0.841943 1.000000 1.000000 1.000000
5207.287598 0.000000 1769.217529 0.000000 0.927151 0.000000 0.374689 1.000000 1.000000 1.000000
5205.129395 0.000000 1768.235962 0.000000 0.564541 0.000000 0.825405 1.000000 1.000000 1.000000
5328.888672 0.000000 1712.506470 0.000000 0.930107 0.000000 0.367290 1.000000 1.000000 1.000000
5321.864258 0.000000 1725.298706 0.000000 0.998894 0.000000 0.047018 1.000000 1.000000 1.000000
5325.904297 0.000000 1727.509399 0.000000 0.988020 0.000000 0.154328 1.000000 1.000000 1.000000
5329.146484 0.000000 1724.294434 0.000000 0.998588 0.000000 0.053116 1.000000 1.000000 1.000000
5318.470703 0.000000 1710.785645 0.000000 0.349198 0.000000 0.937049 1.000000 1.000000 1.000000
5330.656250 0.000000 1713.364502 0.000000 0.295549 0.000000 0.955328 1.000000 1.000000 1.000000
5329.991211 0.000000 1725.892456 0.000000 0.929736 0.000000 0.368227 1.000000 1.000000 1.000000
5324.221680 0.000000 1727.063721 0.000000 0.806399 0.000000 0.591372 1.000000 1.000000 1.000000
5320.650879 0.000000 1724.660156 0.000000 0.882322 0.000000 0.470646 1.000000 1.000000 1.000000
5232.835449 0.000000 1841.480957 0.000000 0.732368 0.000000 0.680909 1.000000 1.000000 1.000000
5232.418945 0.000000 1838.181152 0.000000 0.257560 0.000000 0.966262 1.000000 1.000000 1.000000
5239.059082 0.000000 1849.845703 0.000000 0.163127 0.000000 0.986605 1.000000 1.000000 1.000000
5231.394043 0.000000 1844.120483 0.000000 0.818216 0.000000 0.574912 1.000000 1.000000 1.000000
5239.922363 0.000000 1848.629883 0.000000 0.082369 0.000000 0.996602 1.000000 1.000000 1.000000
5325.085938 0.000000 1828.872681 0.000000 0.268789 0.000000 0.963199 1.000000 1.000000 1.000000
5327.728516 0.000000 1825.524536 0.000000 0.286552 0.000000 0.958065 1.000000 1.000000 1.000000
5474.828613 0.000000 1868.106079 0.000000 0.508184 0.000000 0.861248 1.000000 1.000000 1.000000
5443.460449 0.000000 2076.851074 0.000000 0.992996 0.000000 0.118149 1.000000 1.000000 1.000000
5599.811523 0.000000 1998.932617 0.000000 0.686769 0.000000 0.726876 1.000000 1.000000 1.000000
5587.150879 0.000000 2007.420410 0.000000 0.107396 0.000000 0.994216 1.000000 1.000000 1.000000
5607.738770 0.000000 2008.816406 0.000000 0.970205 0.000000 0.242285 1.000000 1.000000 1.000000
5605.556641 0.000000 1998.480835 0.000000 0.185509 0.000000 0.982643 1.000000 1.000000 1.000000
5584.191406 0.000000 2009.624512 0.000000 0.999999 0.000000 0.001140 1.000000 1.000000 1.000000
5597.162598 0.000000 2000.766846 0.000000 0.998684 0.000000 0.051285 1.000000 1.000000 1.000000
5520.976562 0.000000 2071.764404 0.000000 0.832331 0.000000 0.554279 1.000000 1.000000 1.000000
5238.277344 0.000000 2090.609863 0.000000 0.054057 0.000000 0.998538 1.000000 1.000000 1.000000
5239.738281 0.000000 2078.772461 0.000000 0.310820 0.000000 0.950469 1.000000 1.000000 1.000000
5235.487793 0.000000 2087.995117 0.000000 0.862962 0.000000 0.505269 1.000000 1.000000 1.000000
5234.630371 0.000000 2084.580322 0.000000 0.315082 0.000000 0.949064 1.000000 1.000000 1.000000
5431.529297 0.000000 2114.849365 0.000000 0.697168 0.000000 0.716908 1.000000 1.000000 1.000000
5405.641602 0.000000 2098.342285 0.000000 0.929113 0.000000 0.369797 1.000000 1.000000 1.000000
5423.003906 0.000000 2108.796387 0.000000 0.855094 0.000000 0.518473 1.000000 1.000000 1.000000
5406.331543 0.000000 2101.889893 0.000000 0.359100 0.000000 0.933299 1.000000 1.000000 1.000000
5409.574707 0.000000 2107.043701 0.000000 0.995620 0.000000 0.093494 1.000000 1.000000 1.000000
5425.071289 0.000000 2115.010986 0.000000 0.660671 0.000000 0.750675 1.000000 1.000000 1.000000
5422.445312 0.000000 2111.808350 0.000000 0.783920 0.000000 0.620862 1.000000 1.000000 1.000000
5436.501465 0.000000 2107.832031 0.000000 0.631464 0.000000 0.775405 1.000000 1.000000 1.000000
5445.881836 0.000000 2084.187744 0.000000 0.932924 0.000000 0.360073 1.000000 1.000000 1.000000
5460.666992 0.000000 2086.314453 0.000000 0.583096 0.000000 0.812403 1.000000 1.000000 1.000000
5442.995117 0.000000 2085.199951 0.000000 0.991361 0.000000 0.131163 1.000000 1.000000 1.000000
5453.947754 0.000000 2081.221680 0.000000 0.967439 0.000000 0.253106 1.000000 1.000000 1.000000
5537.780762 0.000000 2100.604248 0.000000 0.553654 0.000000 0.832747 1.000000 1.000000 1.000000
5526.276367 0.000000 2083.919189 0.000000 0.642626 0.000000 0.766180 1.000000 1.000000 1.000000
5536.091797 0.000000 2101.371582 0.000000 0.105060 0.000000 0.994466 1.000000 1.000000 1.000000
5562.385254 0.000000 2171.776611 0.000000 0.260136 0.000000 0.965572 1.000000 1.000000 1.000000
5562.372559 0.000000 2168.512939 0.000000 0.978125 0.000000 0.208019 1.000000 1.000000 1.000000
5563.672852 0.000000 2154.176270 0.000000 0.968579 0.000000 0.248707 1.000000 1.000000 1.000000
5580.649902 0.000000 2165.761963 0.000000 0.999885 0.000000 0.015146 1.000000 1.000000 1.000000
5592.618652 0.000000 2206.808594 0.000000 0.719136 0.000000 0.694870 1.000000 1.000000 1.000000
5601.772949 0.000000 2242.330811 0.000000 0.368382 0.000000 0.929674 1.000000 1.000000 1.000000
5618.237793 0.000000 2258.834961 0.000000 0.323534 0.000000 0.946217 1.000000 1.000000 1.000000
5621.453125 0.000000 2248.862793 0.000000 0.788621 0.000000 0.614880 1.000000 1.000000 1.000000
5604.393555 0.000000 2254.510254 0.000000 0.999836 0.000000 0.018113 1.000000 1.000000 1.000000
6138.012207 0.000000 2147.783203 0.000000 0.937735 0.000000 0.347350 1.000000 1.000000 1.000000
6124.157227 0.000000 2143.725830 0.000000 0.607511 0.000000 0.794311 1.000000 1.000000 1.000000
6137.164062 0.000000 2150.215576 0.000000 0.016474 0.000000 0.999864 1.000000 1.000000 1.000000
6040.195312 0.000000 2215.444824 0.000000 0.552775 0.000000 0.833331 1.000000 1.000000 1.000000
6135.628906 0.000000 2173.256836 0.000000 0.792666 0.000000 0.609656 1.000000 1.000000 1.000000
6134.937012 0.000000 2177.987549 0.000000 0.242999 0.000000 0.970027 1.000000 1.000000 1.000000
6044.459473 0.000000 2223.476807 0.000000 0.411347 0.000000 0.911479 1.000000 1.000000 1.000000
5617.446777 0.000000 2267.781006 0.000000 0.999169 0.000000 0.040769 1.000000 1.000000 1.000000
5822.194824 0.000000 2416.051025 0.000000 0.973807 0.000000 0.227377 1.000000 1.000000 1.000000
5840.826172 0.000000 2421.139404 0.000000 0.922385 0.000000 0.386272 1.000000 1.000000 1.000000
5844.849609 0.000000 2427.249512 0.000000 0.818596 0.000000 0.574370 1.000000 1.000000 1.000000
5839.631836 0.000000 2423.594238 0.000000 0.389349 0.000000 0.921090 1.000000 1.000000 1.000000
5847.296387 0.000000 2427.958740 0.000000 0.913699 0.000000 0.406392 1.000000 1.000000 1.000000
5837.006836 0.000000 2410.071777 0.000000 0.992600 0.000000 0.121428 1.000000 1.000000 1.000000
5837.842285 0.000000 2415.990967 0.000000 0.840890 0.000000 0.541206 1.000000 1.000000 1.000000
5944.976074 0.000000 2306.772217 0.000000 0.995422 0.000000 0.095581 1.000000 1.000000 1.000000
5942.266113 0.000000 2301.343994 0.000000 0.994552 0.000000 0.104239 1.000000 1.000000 1.000000
5958.094238 0.000000 2311.386963 0.000000 0.055262 0.000000 0.998472 1.000000 1.000000 1.000000
5961.389160 0.000000 2306.873779 0.000000 0.775064 0.000000 0.631883 1.000000 1.000000 1.000000
5957.580566 0.000000 2313.624756 0.000000 0.900946 0.000000 0.433931 1.000000 1.000000 1.000000
5958.925293 0.000000 2326.882812 0.000000 0.561953 0.000000 0.827169 1.000000 1.000000 1.000000
5958.310059 0.000000 2328.961426 0.000000 0.891946 0.000000 0.452142 1.000000 1.000000 1.000000
5883.771484 0.000000 2606.212402 0.000000 0.753485 0.000000 0.657465 1.000000 1.000000 1.000000
5905.085938 0.000000 2502.258301 0.000000 0.485271 0.000000 0.874364 1.000000 1.000000 1.000000
5908.612305 0.000000 2511.494141 0.000000 0.374878 0.000000 0.927074 1.000000 1.000000 1.000000
5901.223633 0.000000 2507.765381 0.000000 0.611710 0.000000 0.791082 1.000000 1.000000 1.000000
5950.710938 0.000000 2542.530518 0.000000 0.987221 0.000000 0.159357 1.000000 1.000000 1.000000
5905.172852 0.000000 2503.889160 0.000000 0.983193 0.000000 0.182570 1.000000 1.000000 1.000000
5896.766113 0.000000 2510.354980 0.000000 0.670571 0.000000 0.741845 1.000000 1.000000 1.000000
5952.471680 0.000000 2550.786621 0.000000 0.009725 0.000000 0.999953 1.000000 1.000000 1.000000
5952.966797 0.000000 2548.214844 0.000000 0.315691 0.000000 0.948862 1.000000 1.000000 1.000000
5951.280762 0.000000 2542.540039 0.000000 0.998986 0.000000 0.045019 1.000000 1.000000 1.000000
5962.266113 0.000000 2547.672363 0.000000 0.271273 0.000000 0.962502 1.000000 1.000000 1.000000
5961.015625 0.000000 2541.684082 0.000000 0.222681 0.000000 0.974891 1.000000 1.000000 1.000000
6076.197754 0.000000 2496.545898 0.000000 0.097482 0.000000 0.995237 1.000000 1.000000 1.000000
6057.374023 0.000000 2503.284424 0.000000 0.487858 0.000000 0.872923 1.000000 1.000000 1.000000
6078.695312 0.000000 2495.288330 0.000000 0.459734 0.000000 0.888057 1.000000 1.000000 1.000000
6087.668945 0.000000 2493.957520 0.000000 0.585832 0.000000 0.810433 1.000000 1.000000 1.000000
6070.957520 0.000000 2511.236572 0.000000 0.841847 0.000000 0.539716 1.000000 1.000000 1.000000
6061.042480 0.000000 2511.678711 0.000000 0.761412 0.000000 0.648269 1.000000 1.000000 1.000000
6070.944824 0.000000 2508.682861 0.000000 0.499835 0.000000 0.866121 1.000000 1.000000 1.000000
6074.134766 0.000000 2508.826660 0.000000 0.974238 0.000000 0.225522 1.000000 1.000000 1.000000
5911.502930 0.000000 2597.263428 0.000000 0.552295 0.000000 0.833649 1.000000 1.000000 1.000000
5948.257324 0.000000 2561.935059 0.000000 0.874902 0.000000 0.484299 1.000000 1.000000 1.000000
5912.992188 0.000000 2595.522949 0.000000 0.781865 0.000000 0.623447 1.000000 1.000000 1.000000
6007.568848 0.000000 2582.543701 0.000000 0.181615 0.000000 0.983370 1.000000 1.000000 1.000000
6010.106934 0.000000 2577.780518 0.000000 0.125691 0.000000 0.992069 1.000000 1.000000 1.000000
6006.258301 0.000000 2584.797119 0.000000 0.777224 0.000000 0.629225 1.000000 1.000000 1.000000
5953.434570 0.000000 2551.084229 0.000000 0.859187 0.000000 0.511661 1.000000 1.000000 1.000000
5898.722168 0.000000 2609.021729 0.000000 0.009354 0.000000 0.999956 1.000000 1.000000 1.000000
5889.727051 0.000000 2618.936768 0.000000 0.951481 0.000000 0.307708 1.000000 1.000000 1.000000
5896.383301 0.000000 2598.369629 0.000000 0.129822 0.000000 0.991537 1.000000 1.000000 1.000000
5889.642090 0.000000 2613.726807 0.000000 0.484055 0.000000 0.875038 1.000000 1.000000 1.000000
5901.938965 0.000000 2613.868652 0.000000 0.209592 0.000000 0.977789 1.000000 1.000000 1.000000
6019.489746 0.000000 2579.811768 0.000000 0.735811 0.000000 0.677187 1.000000 1.000000 1.000000
6016.958984 0.000000 2595.457031 0.000000 0.959608 0.000000 0.281339 1.000000 1.000000 1.000000
6415.559570 0.000000 1911.322266 0.000000 0.999821 0.000000 0.018906 1.000000 1.000000 1.000000
6443.490234 0.000000 1935.555176 0.000000 0.123661 0.000000 0.992324 1.000000 1.000000 1.000000
6560.990234 0.000000 1929.689697 0.000000 0.944973 0.000000 0.327149 1.000000 1.000000 1.000000
6559.838379 0.000000 1920.364502 0.000000 0.602932 0.000000 0.797792 1.000000 1.000000 1.000000
6558.442383 0.000000 1918.542236 0.000000 0.949797 0.000000 0.312866 1.000000 1.000000 1.000000
6230.526855 0.000000 2111.956299 0.000000 0.992675 0.000000 0.120812 1.000000 1.000000 1.000000
6228.992676 0.000000 2103.576660 0.000000 0.824281 0.000000 0.566181 1.000000 1.000000 1.000000
6232.911133 0.000000 2110.874756 0.000000 0.392207 0.000000 0.919877 1.000000 1.000000 1.000000
6144.943359 0.000000 2170.277344 0.000000 0.892089 0.000000 0.451860 1.000000 1.000000 1.000000
6143.273926 0.000000 2171.202148 0.000000 0.798197 0.000000 0.602397 1.000000 1.000000 1.000000
6232.171875 0.000000 2168.202637 0.000000 0.601642 0.000000 0.798766 1.000000 1.000000 1.000000
6232.953125 0.000000 2170.343262 0.000000 0.454380 0.000000 0.890808 1.000000 1.000000 1.000000
6235.510254 0.000000 2173.260742 0.000000 0.022931 0.000000 0.999737 1.000000 1.000000 1.000000
6238.229980 0.000000 2196.374268 0.000000 0.126237 0.000000 0.992000 1.000000 1.000000 1.000000
6240.454102 0.000000 2197.709473 0.000000 0.352625 0.000000 0.935765 1.000000 1.000000 1.000000
6222.366211 0.000000 2184.113037 0.000000 0.166231 0.000000 0.986087 1.000000 1.000000 1.000000
6538.644043 0.000000 2231.084229 0.000000 0.846628 0.000000 0.532185 1.000000 1.000000 1.000000
6565.439453 0.000000 2234.691895 0.000000 0.110881 0.000000 0.993834 1.000000 1.000000 1.000000
6553.060547 0.000000 2220.484863 0.000000 0.068288 0.000000 0.997666 1.000000 1.000000 1.000000
6687.502441 0.000000 2035.895386 0.000000 0.071428 0.000000 0.997446 1.000000 1.000000 1.000000
6700.855469 0.000000 2032.286865 0.000000 0.914720 0.000000 0.404087 1.000000 1.000000 1.000000
6689.805664 0.000000 2037.637695 0.000000 0.043353 0.000000 0.999060 1.000000 1.000000 1.000000
6715.972168 0.000000 2250.871582 0.000000 0.615458 0.000000 0.788170 1.000000 1.000000 1.000000
6732.411133 0.000000 2245.226807 0.000000 0.999727 0.000000 0.023376 1.000000 1.000000 1.000000
6562.695801 0.000000 2529.496826 0.000000 0.634598 0.000000 0.772843 1.000000 1.000000 1.000000
6565.236328 0.000000 2514.859863 0.000000 0.654120 0.000000 0.756391 1.000000 1.000000 1.000000
6586.742676 0.000000 2529.092041 0.000000 0.148289 0.000000 0.988944 1.000000 1.000000 1.000000
6609.086914 0.000000 2503.889160 0.000000 0.855516 0.000000 0.517777 1.000000 1.000000 1.000000
6608.908691 0.000000 2517.242188 0.000000 0.994899 0.000000 0.100877 1.000000 1.000000 1.000000
6483.470703 0.000000 2598.435303 0.000000 0.767413 0.000000 0.641153 1.000000 1.000000 1.000000
6464.229004 0.000000 2621.241699 0.000000 0.605689 0.000000 0.795702 1.000000 1.000000 1.000000
6530.979004 0.000000 2609.299561 0.000000 0.033198 0.000000 0.999449 1.000000 1.000000 1.000000
6771.682129 0.000000 2349.665527 0.000000 0.094584 0.000000 0.995517 1.000000 1.000000 1.000000
6754.672363 0.000000 2340.528076 0.000000 0.986393 0.000000 0.164404 1.000000 1.000000 1.000000
6768.414062 0.000000 2348.597412 0.000000 0.826582 0.000000 0.562817 1.000000 1.000000 1.000000
6770.546875 0.000000 2348.015869 0.000000 0.973483 0.000000 0.228758 1.000000 1.000000 1.000000
6808.527344 0.000000 2296.526611 0.000000 0.751254 0.000000 0.660013 1.000000 1.000000 1.000000
6802.288574 0.000000 2284.530273 0.000000 0.287169 0.000000 0.957880 1.000000 1.000000 1.000000
6838.657227 0.000000 2403.730469 0.000000 0.417536 0.000000 0.908660 1.000000 1.000000 1.000000
6799.514648 0.000000 2376.352051 0.000000 0.592716 0.000000 0.805412 1.000000 1.000000 1.000000
6806.400879 0.000000 2375.253906 0.000000 0.999898 0.000000 0.014249 1.000000 1.000000 1.000000
6798.977051 0.000000 2377.414551 0.000000 0.642344 0.000000 0.766416 1.000000 1.000000 1.000000
6844.550293 0.000000 2409.554443 0.000000 0.191675 0.000000 0.981458 1.000000 1.000000 1.000000
6842.069336 0.000000 2410.288818 0.000000 0.469873 0.000000 0.882734 1.000000 1.000000 1.000000
6873.378906 0.000000 2426.759033 0.000000 0.734102 0.000000 0.679039 1.000000 1.000000 1.000000
6877.461914 0.000000 2429.037598 0.000000 0.044246 0.000000 0.999021 1.000000 1.000000 1.000000
6875.494629 0.000000 2427.911377 0.000000 0.892088 0.000000 0.451861 1.000000 1.000000 1.000000
6899.703125 0.000000 2451.879150 0.000000 0.981299 0.000000 0.192490 1.000000 1.000000 1.000000
6951.006348 0.000000 2496.455566 0.000000 0.874013 0.000000 0.485903 1.000000 1.000000 1.000000
6947.119629 0.000000 2506.442627 0.000000 0.287921 0.000000 0.957654 1.000000 1.000000 1.000000
6958.794922 0.000000 2515.239014 0.000000 0.068785 0.000000 0.997631 1.000000 1.000000 1.000000
6960.485352 0.000000 2506.988281 0.000000 0.896261 0.000000 0.443527 1.000000 1.000000 1.000000
6846.602051 0.000000 2756.355713 0.000000 0.491902 0.000000 0.870651 1.000000 1.000000 1.000000
6848.443359 0.000000 2757.881836 0.000000 0.249123 0.000000 0.968472 1.000000 1.000000 1.000000
6858.508789 0.000000 2758.099609 0.000000 0.952749 0.000000 0.303760 1.000000 1.000000 1.000000
6937.371094 0.000000 2662.969971 0.000000 0.805201 0.000000 0.593002 1.000000 1.000000 1.000000
6940.832520 0.000000 2655.402100 0.000000 0.556736 0.000000 0.830689 1.000000 1.000000 1.000000
6930.866211 0.000000 2686.261963 0.000000 0.212175 0.000000 0.977232 1.000000 1.000000 1.000000
6938.589844 0.000000 2655.514893 0.000000 0.963136 0.000000 0.269013 1.000000 1.000000 1.000000
6931.945801 0.000000 2654.662598 0.000000 0.539060 0.000000 0.842268 1.000000 1.000000 1.000000
6931.407227 0.000000 2707.212891 0.000000 0.706825 0.000000 0.707388 1.000000 1.000000 1.000000
6940.147949 0.000000 2721.752197 0.000000 0.873181 0.000000 0.487396 1.000000 1.000000 1.000000
6940.998535 0.000000 2709.399902 0.000000 0.324814 0.000000 0.945778 1.000000 1.000000 1.000000
6941.536133 0.000000 2723.653564 0.000000 0.863190 0.000000 0.504878 1.000000 1.000000 1.000000
6945.608887 0.000000 2761.994873 0.000000 0.309347 0.000000 0.950949 1.000000 1.000000 1.000000
6939.408691 0.000000 2753.728516 0.000000 0.915037 0.000000 0.403370 1.000000 1.000000 1.000000
6941.750000 0.000000 2753.264160 0.000000 0.383861 0.000000 0.923391 1.000000 1.000000 1.000000
6954.168457 0.000000 2754.252930 0.000000 0.964653 0.000000 0.263524 1.000000 1.000000 1.000000
6924.971680 0.000000 2834.219971 0.000000 0.971909 0.000000 0.235356 1.000000 1.000000 1.000000
6918.268555 0.000000 2837.432617 0.000000 0.924945 0.000000 0.380102 1.000000 1.000000 1.000000
6924.874023 0.000000 2835.251465 0.000000 0.955235 0.000000 0.295848 1.000000 1.000000 1.000000
6992.302734 0.000000 2916.212158 0.000000 0.688859 0.000000 0.724896 1.000000 1.000000 1.000000
6994.268066 0.000000 2915.126953 0.000000 0.454855 0.000000 0.890566 1.000000 1.000000 1.000000
6997.658203 0.000000 2913.377441 0.000000 0.002061 0.000000 0.999998 1.000000 1.000000 1.000000
7042.077148 0.000000 3015.328125 0.000000 0.998574 0.000000 0.053393 1.000000 1.000000 1.000000
7046.454590 0.000000 3015.872314 0.000000 0.222725 0.000000 0.974881 1.000000 1.000000 1.000000
7152.991211 0.000000 2994.619629 0.000000 0.482073 0.000000 0.876131 1.000000 1.000000 1.000000
7143.551270 0.000000 3000.902588 0.000000 0.420067 0.000000 0.907493 1.000000 1.000000 1.000000
7140.165039 0.000000 2994.658447 0.000000 0.995684 0.000000 0.092807 1.000000 1.000000 1.000000
7145.995605 0.000000 3003.241211 0.000000 0.443316 0.000000 0.896365 1.000000 1.000000 1.000000
7150.475098 0.000000 2995.321533 0.000000 0.269959 0.000000 0.962872 1.000000 1.000000 1.000000
7268.190430 0.000000 2632.447754 0.000000 0.759615 0.000000 0.650373 1.000000 1.000000 1.000000
7283.318848 0.000000 2644.630371 0.000000 0.017685 0.000000 0.999844 1.000000 1.000000 1.000000
7290.146973 0.000000 2638.912842 0.000000 0.613326 0.000000 0.789830 1.000000 1.000000 1.000000
7277.323242 0.000000 2637.137939 0.000000 0.422104 0.000000 0.906547 1.000000 1.000000 1.000000
7266.870605 0.000000 2633.469482 0.000000 0.993445 0.000000 0.114314 1.000000 1.000000 1.000000
7267.080566 0.000000 2648.169189 0.000000 0.390148 0.000000 0.920752 1.000000 1.000000 1.000000
7272.028809 0.000000 2645.597656 0.000000 0.059856 0.000000 0.998207 1.000000 1.000000 1.000000
7396.090332 0.000000 2674.791016 0.000000 0.294227 0.000000 0.955736 1.000000 1.000000 1.000000
7359.104980 0.000000 2687.931641 0.000000 0.261663 0.000000 0.965159 1.000000 1.000000 1.000000
7398.216309 0.000000 2677.696045 0.000000 0.834705 0.000000 0.550697 1.000000 1.000000 1.000000
7406.203125 0.000000 2678.714600 0.000000 0.790366 0.000000 0.612635 1.000000 1.000000 1.000000
7396.355469 0.000000 2681.541016 0.000000 0.997866 0.000000 0.065296 1.000000 1.000000 1.000000
7393.484375 0.000000 2726.877441 0.000000 0.412502 0.000000 0.910957 1.000000 1.000000 1.000000
7389.399414 0.000000 2712.490723 0.000000 0.524486 0.000000 0.851419 1.000000 1.000000 1.000000
7380.476562 0.000000 2730.878174 0.000000 0.599586 0.000000 0.800311 1.000000 1.000000 1.000000
7396.559082 0.000000 2709.277344 0.000000 0.067505 0.000000 0.997719 1.000000 1.000000 1.000000
7273.225586 0.000000 2833.979736 0.000000 0.977342 0.000000 0.211668 1.000000 1.000000 1.000000
7337.765137 0.000000 2770.516602 0.000000 0.912326 0.000000 0.409464 1.000000 1.000000 1.000000
7305.216309 0.000000 2781.824707 0.000000 0.978502 0.000000 0.206239 1.000000 1.000000 1.000000
7311.931641 0.000000 2793.514160 0.000000 0.902836 0.000000 0.429985 1.000000 1.000000 1.000000
7330.292480 0.000000 2800.334473 0.000000 0.635866 0.000000 0.771799 1.000000 1.000000 1.000000
7309.662598 0.000000 2793.928467 0.000000 0.876094 0.000000 0.482141 1.000000 1.000000 1.000000
7332.716309 0.000000 2790.990723 0.000000 0.863161 0.000000 0.504928 1.000000 1.000000 1.000000
7332.308105 0.000000 2800.151855 0.000000 0.896180 0.000000 0.443691 1.000000 1.000000 1.000000
7324.528320 0.000000 2788.757812 0.000000 0.088012 0.000000 0.996119 1.000000 1.000000 1.000000
7325.629883 0.000000 2789.109619 0.000000 0.352397 0.000000 0.935851 1.000000 1.000000 1.000000
7362.587402 0.000000 2787.691895 0.000000 0.553866 0.000000 0.832606 1.000000 1.000000 1.000000
7434.652832 0.000000 2739.956055 0.000000 0.221248 0.000000 0.975218 1.000000 1.000000 1.000000
7435.626953 0.000000 2738.499023 0.000000 0.924691 0.000000 0.380719 1.000000 1.000000 1.000000
7444.837402 0.000000 2737.732910 0.000000 0.241656 0.000000 0.970362 1.000000 1.000000 1.000000
7442.088379 0.000000 2737.922119 0.000000 0.088650 0.000000 0.996063 1.000000 1.000000 1.000000
7439.916016 0.000000 2746.271973 0.000000 0.910963 0.000000 0.412487 1.000000 1.000000 1.000000
7437.890137 0.000000 2749.333252 0.000000 0.905752 0.000000 0.423808 1.000000 1.000000 1.000000
7439.372559 0.000000 2748.105713 0.000000 0.764922 0.000000 0.644123 1.000000 1.000000 1.000000
7578.151855 0.000000 2760.523926 0.000000 0.617836 0.000000 0.786307 1.000000 1.000000 1.000000
7588.535645 0.000000 2756.519531 0.000000 0.977405 0.000000 0.211374 1.000000 1.000000 1.000000
7579.761230 0.000000 2760.231689 0.000000 0.148404 0.000000 0.988927 1.000000 1.000000 1.000000
7281.360840 0.000000 2878.568115 0.000000 0.519077 0.000000 0.854727 1.000000 1.000000 1.000000
7285.885254 0.000000 2881.104248 0.000000 0.952858 0.000000 0.303417 1.000000 1.000000 1.000000
7283.318848 0.000000 2880.841309 0.000000 0.748042 0.000000 0.663651 1.000000 1.000000 1.000000
7274.238770 0.000000 2889.939941 0.000000 0.701443 0.000000 0.712725 1.000000 1.000000 1.000000
7281.033691 0.000000 2892.105957 0.000000 0.599069 0.000000 0.800698 1.000000 1.000000 1.000000
7298.885254 0.000000 2845.510498 0.000000 0.967252 0.000000 0.253819 1.000000 1.000000 1.000000
7301.634277 0.000000 2856.970459 0.000000 0.481356 0.000000 0.876525 1.000000 1.000000 1.000000
7308.368164 0.000000 2844.906982 0.000000 0.838766 0.000000 0.544492 1.000000 1.000000 1.000000
7295.208984 0.000000 2844.075439 0.000000 0.674876 0.000000 0.737931 1.000000 1.000000 1.000000
7301.728516 0.000000 2855.317627 0.000000 0.101724 0.000000 0.994813 1.000000 1.000000 1.000000
7326.853516 0.000000 2955.797607 0.000000 0.639490 0.000000 0.768799 1.000000 1.000000 1.000000
7332.141602 0.000000 2947.416260 0.000000 0.061239 0.000000 0.998123 1.000000 1.000000 1.000000
7324.562012 0.000000 2954.437500 0.000000 0.609755 0.000000 0.792590 1.000000 1.000000 1.000000
7319.745117 0.000000 2952.562012 0.000000 0.385020 0.000000 0.922908 1.000000 1.000000 1.000000
7325.703125 0.000000 2942.232910 0.000000 0.552420 0.000000 0.833566 1.000000 1.000000 1.000000
7361.462402 0.000000 2944.422119 0.000000 0.901477 0.000000 0.432826 1.000000 1.000000 1.000000
7364.254395 0.000000 2956.624756 0.000000 0.788747 0.000000 0.614718 1.000000 1.000000 1.000000
2903.870117 0.000000 3400.380615 0.000000 0.710496 0.000000 0.703701 1.000000 1.000000 1.000000
2902.603760 0.000000 3401.457764 0.000000 0.022871 0.000000 0.999738 1.000000 1.000000 1.000000
3574.479980 0.000000 3035.453613 0.000000 0.713771 0.000000 0.700380 1.000000 1.000000 1.000000
3582.405518 0.000000 3055.990479 0.000000 0.977079 0.000000 0.212876 1.000000 1.000000 1.000000
3606.838623 0.000000 3035.365723 0.000000 0.313163 0.000000 0.949699 1.000000 1.000000 1.000000
3633.805664 0.000000 3067.536865 0.000000 0.186687 0.000000 0.982419 1.000000 1.000000 1.000000
3609.330322 0.000000 3029.062500 0.000000 0.503678 0.000000 0.863891 1.000000 1.000000 1.000000
3621.798828 0.000000 3037.809082 0.000000 0.989739 0.000000 0.142884 1.000000 1.000000 1.000000
3609.335693 0.000000 3032.684082 0.000000 0.885931 0.000000 0.463817 1.000000 1.000000 1.000000
3607.226074 0.000000 3038.739746 0.000000 0.796142 0.000000 0.605109 1.000000 1.000000 1.000000
3625.670898 0.000000 3070.190674 0.000000 0.550137 0.000000 0.835074 1.000000 1.000000 1.000000
3618.745361 0.000000 3036.545410 0.000000 0.949592 0.000000 0.313489 1.000000 1.000000 1.000000
3618.979980 0.000000 3039.554932 0.000000 0.844739 0.000000 0.535178 1.000000 1.000000 1.000000
3609.654785 0.000000 3035.516846 0.000000 0.912083 0.000000 0.410005 1.000000 1.000000 1.000000
3609.455811 0.000000 3034.072021 0.000000 0.854871 0.000000 0.518841 1.000000 1.000000 1.000000
3620.906494 0.000000 3038.719971 0.000000 0.502043 0.000000 0.864842 1.000000 1.000000 1.000000
3681.310059 0.000000 3023.781006 0.000000 0.961778 0.000000 0.273831 1.000000 1.000000 1.000000
3676.884277 0.000000 3029.666016 0.000000 0.610139 0.000000 0.792294 1.000000 1.000000 1.000000
3674.145508 0.000000 3026.595947 0.000000 0.696952 0.000000 0.717118 1.000000 1.000000 1.000000
3680.301758 0.000000 3025.810547 0.000000 0.564754 0.000000 0.825259 1.000000 1.000000 1.000000
3673.411865 0.000000 3023.602051 0.000000 0.911352 0.000000 0.411629 1.000000 1.000000 1.000000
3666.665527 0.000000 3025.630127 0.000000 0.352789 0.000000 0.935703 1.000000 1.000000 1.000000
3681.918945 0.000000 3027.514404 0.000000 0.666658 0.000000 0.745363 1.000000 1.000000 1.000000
3675.188721 0.000000 3028.342285 0.000000 0.471840 0.000000 0.881684 1.000000 1.000000 1.000000
3678.934814 0.000000 3029.816162 0.000000 0.114562 0.000000 0.993416 1.000000 1.000000 1.000000
3677.940186 0.000000 3031.517822 0.000000 0.596116 0.000000 0.802898 1.000000 1.000000 1.000000
3677.940186 0.000000 3028.075195 0.000000 0.365240 0.000000 0.930913 1.000000 1.000000 1.000000
3638.472168 0.000000 3082.695801 0.000000 0.108982 0.000000 0.994044 1.000000 1.000000 1.000000
3603.822021 0.000000 3070.857178 0.000000 0.317749 0.000000 0.948175 1.000000 1.000000 1.000000
3613.238281 0.000000 3080.581787 0.000000 0.514497 0.000000 0.857492 1.000000 1.000000 1.000000
3601.099365 0.000000 3082.530029 0.000000 0.996674 0.000000 0.081493 1.000000 1.000000 1.000000
3633.688721 0.000000 3070.898193 0.000000 0.991414 0.000000 0.130764 1.000000 1.000000 1.000000
3598.358887 0.000000 3080.028564 0.000000 0.354821 0.000000 0.934934 1.000000 1.000000 1.000000
3619.525879 0.000000 3073.348877 0.000000 0.531117 0.000000 0.847299 1.000000 1.000000 1.000000
3616.309570 0.000000 3073.052734 0.000000 0.901775 0.000000 0.432206 1.000000 1.000000 1.000000
3613.947998 0.000000 3075.317383 0.000000 0.985439 0.000000 0.170032 1.000000 1.000000 1.000000
3614.593506 0.000000 3073.605713 0.000000 0.594532 0.000000 0.804072 1.000000 1.000000 1.000000
3617.981934 0.000000 3072.605225 0.000000 0.387215 0.000000 0.921989 1.000000 1.000000 1.000000
3599.447266 0.000000 3083.325684 0.000000 0.991772 0.000000 0.128018 1.000000 1.000000 1.000000
3612.747559 0.000000 3078.218506 0.000000 0.026139 0.000000 0.999658 1.000000 1.000000 1.000000
3616.772461 0.000000 3074.263672 0.000000 0.800732 0.000000 0.599023 1.000000 1.000000 1.000000
3617.350342 0.000000 3075.851562 0.000000 0.275686 0.000000 0.961248 1.000000 1.000000 1.000000
3615.621826 0.000000 3074.045654 0.000000 0.029909 0.000000 0.999553 1.000000 1.000000 1.000000
3615.864990 0.000000 3077.684570 0.000000 0.509024 0.000000 0.860752 1.000000 1.000000 1.000000
3725.167725 0.000000 3040.882812 0.000000 0.999999 0.000000 0.001298 1.000000 1.000000 1.000000
3718.051758 0.000000 3040.768066 0.000000 0.793331 0.000000 0.608791 1.000000 1.000000 1.000000
3725.264160 0.000000 3024.220215 0.000000 0.854482 0.000000 0.519482 1.000000 1.000000 1.000000
3726.204590 0.000000 3039.048340 0.000000 0.819913 0.000000 0.572488 1.000000 1.000000 1.000000
3726.905518 0.000000 3023.615967 0.000000 0.999248 0.000000 0.038783 1.000000 1.000000 1.000000
4095.027832 0.000000 3200.478027 0.000000 0.997608 0.000000 0.069123 1.000000 1.000000 1.000000
3770.603760 0.000000 3400.073486 0.000000 0.012013 0.000000 0.999928 1.000000 1.000000 1.000000
3766.669189 0.000000 3379.292480 0.000000 0.263983 0.000000 0.964527 1.000000 1.000000 1.000000
3759.489502 0.000000 3369.894775 0.000000 0.994541 0.000000 0.104344 1.000000 1.000000 1.000000
3788.770264 0.000000 3379.039307 0.000000 0.882712 0.000000 0.469914 1.000000 1.000000 1.000000
3885.525391 0.000000 3247.493652 0.000000 0.644364 0.000000 0.764719 1.000000 1.000000 1.000000
3895.016357 0.000000 3254.089844 0.000000 0.340162 0.000000 0.940367 1.000000 1.000000 1.000000
3886.034424 0.000000 3257.758789 0.000000 0.853395 0.000000 0.521265 1.000000 1.000000 1.000000
3892.864502 0.000000 3256.539551 0.000000 0.641980 0.000000 0.766722 1.000000 1.000000 1.000000
3894.440918 0.000000 3271.664551 0.000000 0.964751 0.000000 0.263163 1.000000 1.000000 1.000000
3898.588135 0.000000 3305.589111 0.000000 0.949523 0.000000 0.313698 1.000000 1.000000 1.000000
3880.929688 0.000000 3278.720459 0.000000 0.999438 0.000000 0.033519 1.000000 1.000000 1.000000
3900.909424 0.000000 3259.913818 0.000000 0.425056 0.000000 0.905167 1.000000 1.000000 1.000000
3885.198975 0.000000 3260.583984 0.000000 0.931144 0.000000 0.364653 1.000000 1.000000 1.000000
3894.653564 0.000000 3284.808105 0.000000 0.625736 0.000000 0.780035 1.000000 1.000000 1.000000
3880.355225 0.000000 3269.113281 0.000000 0.938172 0.000000 0.346169 1.000000 1.000000 1.000000
3887.921631 0.000000 3268.190430 0.000000 0.002991 0.000000 0.999996 1.000000 1.000000 1.000000
3889.657471 0.000000 3259.866943 0.000000 0.418020 0.000000 0.908438 1.000000 1.000000 1.000000
3887.895264 0.000000 3263.905273 0.000000 0.180562 0.000000 0.983564 1.000000 1.000000 1.000000
3895.902100 0.000000 3259.827148 0.000000 0.997425 0.000000 0.071719 1.000000 1.000000 1.000000
3924.489746 0.000000 3303.307373 0.000000 0.178731 0.000000 0.983898 1.000000 1.000000 1.000000
3914.963867 0.000000 3270.412354 0.000000 0.988080 0.000000 0.153940 1.000000 1.000000 1.000000
3903.822754 0.000000 3263.765381 0.000000 0.928918 0.000000 0.370287 1.000000 1.000000 1.000000
4085.154297 0.000000 3215.740234 0.000000 0.993664 0.000000 0.112389 1.000000 1.000000 1.000000
4068.930908 0.000000 3236.606445 0.000000 0.859239 0.000000 0.511575 1.000000 1.000000 1.000000
3880.929688 0.000000 3325.962646 0.000000 0.027153 0.000000 0.999631 1.000000 1.000000 1.000000
3885.198975 0.000000 3307.826172 0.000000 0.988086 0.000000 0.153900 1.000000 1.000000 1.000000
3876.519775 0.000000 3336.181641 0.000000 0.584539 0.000000 0.811366 1.000000 1.000000 1.000000
3958.433105 0.000000 3318.906738 0.000000 0.941468 0.000000 0.337103 1.000000 1.000000 1.000000
3949.517578 0.000000 3341.978027 0.000000 0.893650 0.000000 0.448764 1.000000 1.000000 1.000000
3958.645752 0.000000 3332.050293 0.000000 0.957444 0.000000 0.288618 1.000000 1.000000 1.000000
3946.178955 0.000000 3337.422852 0.000000 0.614776 0.000000 0.788702 1.000000 1.000000 1.000000
3885.525391 0.000000 3389.220215 0.000000 0.932681 0.000000 0.360701 1.000000 1.000000 1.000000
3866.702148 0.000000 3377.854736 0.000000 0.977071 0.000000 0.212914 1.000000 1.000000 1.000000
3988.481934 0.000000 3350.549561 0.000000 0.950171 0.000000 0.311729 1.000000 1.000000 1.000000
3967.884521 0.000000 3337.310547 0.000000 0.272299 0.000000 0.962213 1.000000 1.000000 1.000000
3994.686523 0.000000 3330.612549 0.000000 0.870018 0.000000 0.493019 1.000000 1.000000 1.000000
4000.006348 0.000000 3321.713867 0.000000 0.378765 0.000000 0.925493 1.000000 1.000000 1.000000
4090.564697 0.000000 3352.831299 0.000000 0.946335 0.000000 0.323187 1.000000 1.000000 1.000000
4081.750977 0.000000 3350.989990 0.000000 0.053214 0.000000 0.998583 1.000000 1.000000 1.000000
3999.830566 0.000000 3358.676758 0.000000 0.979808 0.000000 0.199941 1.000000 1.000000 1.000000
3994.686523 0.000000 3377.854736 0.000000 0.966167 0.000000 0.257916 1.000000 1.000000 1.000000
3980.746826 0.000000 3379.039307 0.000000 0.947724 0.000000 0.319090 1.000000 1.000000 1.000000
4093.991211 0.000000 3378.181885 0.000000 0.331351 0.000000 0.943508 1.000000 1.000000 1.000000
3105.411865 0.000000 3535.924072 0.000000 0.264652 0.000000 0.964344 1.000000 1.000000 1.000000
3179.779053 0.000000 3548.881348 0.000000 0.494984 0.000000 0.868902 1.000000 1.000000 1.000000
3165.752197 0.000000 3580.474365 0.000000 0.658377 0.000000 0.752688 1.000000 1.000000 1.000000
3152.724365 0.000000 3585.625977 0.000000 0.438585 0.000000 0.898690 1.000000 1.000000 1.000000
3153.421875 0.000000 3588.828613 0.000000 0.765265 0.000000 0.643715 1.000000 1.000000 1.000000
3176.233887 0.000000 3549.090332 0.000000 0.196689 0.000000 0.980466 1.000000 1.000000 1.000000
3175.580078 0.000000 3571.312256 0.000000 0.972204 0.000000 0.234136 1.000000 1.000000 1.000000
3166.959961 0.000000 3582.509033 0.000000 0.282511 0.000000 0.959264 1.000000 1.000000 1.000000
3176.528809 0.000000 3543.199219 0.000000 0.533189 0.000000 0.845996 1.000000 1.000000 1.000000
3153.265381 0.000000 3583.514404 0.000000 0.054303 0.000000 0.998525 1.000000 1.000000 1.000000
3154.452881 0.000000 3586.976562 0.000000 0.984399 0.000000 0.175950 1.000000 1.000000 1.000000
3223.373779 0.000000 3503.708984 0.000000 0.564296 0.000000 0.825573 1.000000 1.000000 1.000000
3146.579834 0.000000 3620.843018 0.000000 0.936743 0.000000 0.350018 1.000000 1.000000 1.000000
3185.085449 0.000000 3636.684082 0.000000 0.215225 0.000000 0.976565 1.000000 1.000000 1.000000
3165.908936 0.000000 3634.192383 0.000000 0.948186 0.000000 0.317716 1.000000 1.000000 1.000000
3154.794189 0.000000 3628.086670 0.000000 0.499537 0.000000 0.866292 1.000000 1.000000 1.000000
3157.367188 0.000000 3615.326660 0.000000 0.566380 0.000000 0.824144 1.000000 1.000000 1.000000
3154.439697 0.000000 3629.677002 0.000000 0.650120 0.000000 0.759831 1.000000 1.000000 1.000000
3155.744629 0.000000 3629.115967 0.000000 0.974289 0.000000 0.225302 1.000000 1.000000 1.000000
3170.069336 0.000000 3659.596436 0.000000 0.007280 0.000000 0.999973 1.000000 1.000000 1.000000
3185.743408 0.000000 3637.804443 0.000000 0.442203 0.000000 0.896915 1.000000 1.000000 1.000000
3187.682129 0.000000 3679.131836 0.000000 0.999567 0.000000 0.029423 1.000000 1.000000 1.000000
3168.153809 0.000000 3658.255859 0.000000 0.953957 0.000000 0.299942 1.000000 1.000000 1.000000
3185.307617 0.000000 3639.447510 0.000000 0.962848 0.000000 0.270044 1.000000 1.000000 1.000000
3291.931885 0.000000 3608.966064 0.000000 0.070139 0.000000 0.997537 1.000000 1.000000 1.000000
3135.986084 0.000000 3715.248047 0.000000 0.303012 0.000000 0.952987 1.000000 1.000000 1.000000
3183.559814 0.000000 3700.590088 0.000000 0.618837 0.000000 0.785520 1.000000 1.000000 1.000000
3182.384033 0.000000 3702.416992 0.000000 0.942753 0.000000 0.333490 1.000000 1.000000 1.000000
3254.519043 0.000000 3696.844238 0.000000 0.436334 0.000000 0.899785 1.000000 1.000000 1.000000
3236.597900 0.000000 3714.119141 0.000000 0.979211 0.000000 0.202845 1.000000 1.000000 1.000000
3224.964600 0.000000 3713.792236 0.000000 0.558342 0.000000 0.829611 1.000000 1.000000 1.000000
3263.382080 0.000000 3697.217285 0.000000 0.929349 0.000000 0.369201 1.000000 1.000000 1.000000
3210.854980 0.000000 3718.041748 0.000000 0.527581 0.000000 0.849505 1.000000 1.000000 1.000000
3235.485596 0.000000 3722.106689 0.000000 0.372041 0.000000 0.928216 1.000000 1.000000 1.000000
3256.647217 0.000000 3697.464111 0.000000 0.576229 0.000000 0.817288 1.000000 1.000000 1.000000
3259.320801 0.000000 3694.387451 0.000000 0.832415 0.000000 0.554152 1.000000 1.000000 1.000000
3262.372314 0.000000 3695.842041 0.000000 0.838728 0.000000 0.544550 1.000000 1.000000 1.000000
3276.783447 0.000000 3728.985840 0.000000 0.298479 0.000000 0.954416 1.000000 1.000000 1.000000
3276.139404 0.000000 3713.064209 0.000000 0.831545 0.000000 0.555457 1.000000 1.000000 1.000000
3279.782715 0.000000 3713.263672 0.000000 0.999914 0.000000 0.013100 1.000000 1.000000 1.000000
3277.961426 0.000000 3714.190918 0.000000 0.999047 0.000000 0.043643 1.000000 1.000000 1.000000
3263.700928 0.000000 3694.434814 0.000000 0.988989 0.000000 0.147991 1.000000 1.000000 1.000000
3304.528320 0.000000 3758.619141 0.000000 0.933979 0.000000 0.357327 1.000000 1.000000 1.000000
3310.366455 0.000000 3760.827148 0.000000 0.061992 0.000000 0.998077 1.000000 1.000000 1.000000
3561.186768 0.000000 3674.160156 0.000000 0.797726 0.000000 0.603020 1.000000 1.000000 1.000000
3563.446777 0.000000 3673.454834 0.000000 0.981616 0.000000 0.190864 1.000000 1.000000 1.000000
3327.893066 0.000000 3745.746094 0.000000 0.514181 0.000000 0.857682 1.000000 1.000000 1.000000
3451.732910 0.000000 3755.891602 0.000000 0.656677 0.000000 0.754172 1.000000 1.000000 1.000000
3567.125977 0.000000 3732.072998 0.000000 0.849163 0.000000 0.528130 1.000000 1.000000 1.000000
3569.696533 0.000000 3732.288818 0.000000 0.881228 0.000000 0.472691 1.000000 1.000000 1.000000
3561.391113 0.000000 3753.827148 0.000000 0.993867 0.000000 0.110578 1.000000 1.000000 1.000000
3565.544434 0.000000 3748.222168 0.000000 0.931529 0.000000 0.363667 1.000000 1.000000 1.000000
3577.191895 0.000000 3743.461670 0.000000 0.593840 0.000000 0.804583 1.000000 1.000000 1.000000
3694.132812 0.000000 3427.697510 0.000000 0.897551 0.000000 0.440910 1.000000 1.000000 1.000000
3708.338867 0.000000 3431.926270 0.000000 0.137636 0.000000 0.990483 1.000000 1.000000 1.000000
3694.920654 0.000000 3423.593994 0.000000 0.086092 0.000000 0.996287 1.000000 1.000000 1.000000
3694.903564 0.000000 3422.085693 0.000000 0.947964 0.000000 0.318378 1.000000 1.000000 1.000000
3660.785889 0.000000 3473.523682 0.000000 0.996191 0.000000 0.087200 1.000000 1.000000 1.000000
3669.114990 0.000000 3466.577637 0.000000 0.288805 0.000000 0.957388 1.000000 1.000000 1.000000
3658.517334 0.000000 3479.116455 0.000000 0.167709 0.000000 0.985837 1.000000 1.000000 1.000000
3686.734863 0.000000 3466.212402 0.000000 0.846942 0.000000 0.531685 1.000000 1.000000 1.000000
3662.106934 0.000000 3475.470459 0.000000 0.978038 0.000000 0.208427 1.000000 1.000000 1.000000
3662.730957 0.000000 3472.264404 0.000000 0.765247 0.000000 0.643737 1.000000 1.000000 1.000000
3666.390381 0.000000 3492.492188 0.000000 0.723784 0.000000 0.690026 1.000000 1.000000 1.000000
3663.855225 0.000000 3484.979248 0.000000 0.707009 0.000000 0.707205 1.000000 1.000000 1.000000
3672.702881 0.000000 3464.758301 0.000000 0.999376 0.000000 0.035308 1.000000 1.000000 1.000000
3766.456543 0.000000 3413.391113 0.000000 0.995878 0.000000 0.090700 1.000000 1.000000 1.000000
3772.925049 0.000000 3401.640381 0.000000 0.728090 0.000000 0.685482 1.000000 1.000000 1.000000
3730.757568 0.000000 3476.882568 0.000000 0.244113 0.000000 0.969747 1.000000 1.000000 1.000000
3735.466797 0.000000 3469.936279 0.000000 0.208601 0.000000 0.978001 1.000000 1.000000 1.000000
3724.876221 0.000000 3488.543213 0.000000 0.882447 0.000000 0.470412 1.000000 1.000000 1.000000
3731.863525 0.000000 3474.520996 0.000000 0.627865 0.000000 0.778322 1.000000 1.000000 1.000000
3735.553955 0.000000 3467.286865 0.000000 0.997421 0.000000 0.071767 1.000000 1.000000 1.000000
3726.153076 0.000000 3490.777344 0.000000 0.941136 0.000000 0.338028 1.000000 1.000000 1.000000
3664.376709 0.000000 3502.146973 0.000000 0.054073 0.000000 0.998537 1.000000 1.000000 1.000000
3654.004883 0.000000 3496.166260 0.000000 0.395930 0.000000 0.918281 1.000000 1.000000 1.000000
3657.117920 0.000000 3500.198730 0.000000 0.989531 0.000000 0.144323 1.000000 1.000000 1.000000
3679.931152 0.000000 3507.549561 0.000000 0.829931 0.000000 0.557866 1.000000 1.000000 1.000000
3710.984375 0.000000 3512.230713 0.000000 0.576595 0.000000 0.817030 1.000000 1.000000 1.000000
3659.401367 0.000000 3499.666992 0.000000 0.723837 0.000000 0.689972 1.000000 1.000000 1.000000
3629.556641 0.000000 3578.188965 0.000000 0.737084 0.000000 0.675802 1.000000 1.000000 1.000000
3633.805664 0.000000 3587.200928 0.000000 0.365396 0.000000 0.930852 1.000000 1.000000 1.000000
3617.498779 0.000000 3588.652588 0.000000 0.882799 0.000000 0.469750 1.000000 1.000000 1.000000
3626.083252 0.000000 3577.267090 0.000000 0.770369 0.000000 0.637598 1.000000 1.000000 1.000000
3628.683350 0.000000 3572.212891 0.000000 0.125047 0.000000 0.992151 1.000000 1.000000 1.000000
3754.067627 0.000000 3530.024902 0.000000 0.607113 0.000000 0.794616 1.000000 1.000000 1.000000
3741.905518 0.000000 3507.362549 0.000000 0.991841 0.000000 0.127477 1.000000 1.000000 1.000000
3743.427246 0.000000 3514.827637 0.000000 0.207702 0.000000 0.978192 1.000000 1.000000 1.000000
3742.956543 0.000000 3516.077148 0.000000 0.887202 0.000000 0.461382 1.000000 1.000000 1.000000
3821.407959 0.000000 3536.442383 0.000000 0.998619 0.000000 0.052530 1.000000 1.000000 1.000000
3817.647461 0.000000 3542.612549 0.000000 0.986906 0.000000 0.161299 1.000000 1.000000 1.000000
3817.155518 0.000000 3532.433594 0.000000 0.985395 0.000000 0.170281 1.000000 1.000000 1.000000
3824.901123 0.000000 3527.483887 0.000000 0.792693 0.000000 0.609620 1.000000 1.000000 1.000000
3827.976807 0.000000 3527.893799 0.000000 0.035100 0.000000 0.999384 1.000000 1.000000 1.000000
3773.621338 0.000000 3547.322510 0.000000 0.732063 0.000000 0.681237 1.000000 1.000000 1.000000
3814.811523 0.000000 3578.963135 0.000000 0.637785 0.000000 0.770214 1.000000 1.000000 1.000000
3838.022461 0.000000 3567.150635 0.000000 0.904810 0.000000 0.425816 1.000000 1.000000 1.000000
3819.700928 0.000000 3548.881348 0.000000 0.526088 0.000000 0.850430 1.000000 1.000000 1.000000
3831.833984 0.000000 3574.629639 0.000000 0.842009 0.000000 0.539463 1.000000 1.000000 1.000000
3823.903076 0.000000 3547.358398 0.000000 0.671146 0.000000 0.741325 1.000000 1.000000 1.000000
3829.369385 0.000000 3565.102539 0.000000 0.980469 0.000000 0.196674 1.000000 1.000000 1.000000
3793.537598 0.000000 3574.424805 0.000000 0.189829 0.000000 0.981817 1.000000 1.000000 1.000000
3823.177490 0.000000 3554.567139 0.000000 0.982474 0.000000 0.186398 1.000000 1.000000 1.000000
3830.523682 0.000000 3576.883057 0.000000 0.999996 0.000000 0.002689 1.000000 1.000000 1.000000
3813.458008 0.000000 3569.725342 0.000000 0.895661 0.000000 0.444737 1.000000 1.000000 1.000000
3821.383789 0.000000 3546.830322 0.000000 0.915880 0.000000 0.401452 1.000000 1.000000 1.000000
3810.973145 0.000000 3566.871582 0.000000 0.144529 0.000000 0.989501 1.000000 1.000000 1.000000
3824.168701 0.000000 3555.832275 0.000000 0.978311 0.000000 0.207140 1.000000 1.000000 1.000000
3900.909424 0.000000 3401.640381 0.000000 0.278386 0.000000 0.960469 1.000000 1.000000 1.000000
3914.965332 0.000000 3403.133301 0.000000 0.741286 0.000000 0.671190 1.000000 1.000000 1.000000
3920.345459 0.000000 3407.662598 0.000000 0.998603 0.000000 0.052841 1.000000 1.000000 1.000000
3923.959961 0.000000 3405.322754 0.000000 0.727218 0.000000 0.686407 1.000000 1.000000 1.000000
3917.465576 0.000000 3405.366943 0.000000 0.178660 0.000000 0.983911 1.000000 1.000000 1.000000
3999.830566 0.000000 3405.918945 0.000000 0.521960 0.000000 0.852970 1.000000 1.000000 1.000000
4044.739014 0.000000 3426.281494 0.000000 0.412837 0.000000 0.910805 1.000000 1.000000 1.000000
4029.999023 0.000000 3472.666260 0.000000 0.831286 0.000000 0.555845 1.000000 1.000000 1.000000
4055.171387 0.000000 3463.919434 0.000000 0.104173 0.000000 0.994559 1.000000 1.000000 1.000000
3880.962402 0.000000 3539.499023 0.000000 0.872454 0.000000 0.488696 1.000000 1.000000 1.000000
3890.448486 0.000000 3534.374023 0.000000 0.959758 0.000000 0.280829 1.000000 1.000000 1.000000
3893.666992 0.000000 3534.721924 0.000000 0.776304 0.000000 0.630359 1.000000 1.000000 1.000000
3890.073242 0.000000 3536.260742 0.000000 0.998463 0.000000 0.055416 1.000000 1.000000 1.000000
3891.992920 0.000000 3535.571533 0.000000 0.552257 0.000000 0.833674 1.000000 1.000000 1.000000
3882.247559 0.000000 3540.824463 0.000000 0.868711 0.000000 0.495319 1.000000 1.000000 1.000000
3860.497559 0.000000 3586.760498 0.000000 0.904098 0.000000 0.427325 1.000000 1.000000 1.000000
3854.310791 0.000000 3574.437256 0.000000 0.175378 0.000000 0.984501 1.000000 1.000000 1.000000
3847.387451 0.000000 3574.148682 0.000000 0.915960 0.000000 0.401269 1.000000 1.000000 1.000000
3871.275391 0.000000 3569.946045 0.000000 0.282719 0.000000 0.959203 1.000000 1.000000 1.000000
3840.548828 0.000000 3566.085449 0.000000 0.482081 0.000000 0.876126 1.000000 1.000000 1.000000
3843.755127 0.000000 3571.897705 0.000000 0.726791 0.000000 0.686859 1.000000 1.000000 1.000000
3856.638428 0.000000 3585.625977 0.000000 0.633080 0.000000 0.774086 1.000000 1.000000 1.000000
3888.765381 0.000000 3576.894287 0.000000 0.909942 0.000000 0.414736 1.000000 1.000000 1.000000
3859.404541 0.000000 3578.690430 0.000000 0.995410 0.000000 0.095705 1.000000 1.000000 1.000000
3841.224609 0.000000 3587.542969 0.000000 0.165889 0.000000 0.986144 1.000000 1.000000 1.000000
3842.698242 0.000000 3580.073242 0.000000 0.709302 0.000000 0.704904 1.000000 1.000000 1.000000
3841.430420 0.000000 3584.249512 0.000000 0.895636 0.000000 0.444787 1.000000 1.000000 1.000000
3855.410645 0.000000 3590.020752 0.000000 0.973465 0.000000 0.228834 1.000000 1.000000 1.000000
3890.898193 0.000000 3576.312744 0.000000 0.745378 0.000000 0.666642 1.000000 1.000000 1.000000
3841.800049 0.000000 3578.035645 0.000000 0.718905 0.000000 0.695108 1.000000 1.000000 1.000000
3870.983887 0.000000 3568.108398 0.000000 0.833010 0.000000 0.553258 1.000000 1.000000 1.000000
3849.066650 0.000000 3574.623535 0.000000 0.181832 0.000000 0.983330 1.000000 1.000000 1.000000
3860.832520 0.000000 3577.815430 0.000000 0.864225 0.000000 0.503105 1.000000 1.000000 1.000000
3865.800781 0.000000 3583.092773 0.000000 0.944406 0.000000 0.328781 1.000000 1.000000 1.000000
3924.718506 0.000000 3576.038818 0.000000 0.452527 0.000000 0.891751 1.000000 1.000000 1.000000
3964.756836 0.000000 3560.761963 0.000000 0.566276 0.000000 0.824215 1.000000 1.000000 1.000000
3942.795898 0.000000 3578.963135 0.000000 0.854653 0.000000 0.519200 1.000000 1.000000 1.000000
3931.095703 0.000000 3578.884521 0.000000 0.501821 0.000000 0.864972 1.000000 1.000000 1.000000
3945.139893 0.000000 3579.675781 0.000000 0.942584 0.000000 0.333971 1.000000 1.000000 1.000000
3911.934326 0.000000 3580.527832 0.000000 0.689416 0.000000 0.724366 1.000000 1.000000 1.000000
3926.807617 0.000000 3576.464111 0.000000 0.183928 0.000000 0.982940 1.000000 1.000000 1.000000
3930.844482 0.000000 3576.587158 0.000000 0.575846 0.000000 0.817558 1.000000 1.000000 1.000000
4030.455322 0.000000 3523.218506 0.000000 0.949877 0.000000 0.312623 1.000000 1.000000 1.000000
4015.458252 0.000000 3511.621338 0.000000 0.834825 0.000000 0.550516 1.000000 1.000000 1.000000
4008.396240 0.000000 3511.865234 0.000000 0.732644 0.000000 0.680612 1.000000 1.000000 1.000000
3974.071777 0.000000 3523.322998 0.000000 0.820888 0.000000 0.571090 1.000000 1.000000 1.000000
4011.787109 0.000000 3541.789551 0.000000 0.851569 0.000000 0.524243 1.000000 1.000000 1.000000
4027.662598 0.000000 3519.680664 0.000000 0.666393 0.000000 0.745601 1.000000 1.000000 1.000000
4012.570068 0.000000 3540.426025 0.000000 0.999403 0.000000 0.034549 1.000000 1.000000 1.000000
4038.053467 0.000000 3501.453369 0.000000 0.472488 0.000000 0.881337 1.000000 1.000000 1.000000
4031.543945 0.000000 3520.789551 0.000000 0.933980 0.000000 0.357325 1.000000 1.000000 1.000000
4055.959229 0.000000 3509.386963 0.000000 0.901876 0.000000 0.431994 1.000000 1.000000 1.000000
4039.766846 0.000000 3501.319580 0.000000 0.915075 0.000000 0.403283 1.000000 1.000000 1.000000
3975.371826 0.000000 3574.148682 0.000000 0.376370 0.000000 0.926470 1.000000 1.000000 1.000000
4012.696777 0.000000 3557.382080 0.000000 0.042755 0.000000 0.999086 1.000000 1.000000 1.000000
4007.933838 0.000000 3567.808838 0.000000 0.880049 0.000000 0.474883 1.000000 1.000000 1.000000
4001.451904 0.000000 3588.652588 0.000000 0.330898 0.000000 0.943667 1.000000 1.000000 1.000000
3996.507324 0.000000 3572.111572 0.000000 0.017294 0.000000 0.999850 1.000000 1.000000 1.000000
4010.378418 0.000000 3570.147461 0.000000 0.254234 0.000000 0.967143 1.000000 1.000000 1.000000
4019.580566 0.000000 3584.647461 0.000000 0.224971 0.000000 0.974366 1.000000 1.000000 1.000000
4015.458252 0.000000 3558.863525 0.000000 0.995684 0.000000 0.092812 1.000000 1.000000 1.000000
3972.320312 0.000000 3574.656494 0.000000 0.039545 0.000000 0.999218 1.000000 1.000000 1.000000
4009.336426 0.000000 3564.858398 0.000000 0.597232 0.000000 0.802068 1.000000 1.000000 1.000000
4009.132080 0.000000 3579.675781 0.000000 0.433415 0.000000 0.901195 1.000000 1.000000 1.000000
3998.109131 0.000000 3556.381348 0.000000 0.957929 0.000000 0.287004 1.000000 1.000000 1.000000
4019.717041 0.000000 3589.474121 0.000000 0.999884 0.000000 0.015204 1.000000 1.000000 1.000000
4027.034180 0.000000 3581.544189 0.000000 0.989725 0.000000 0.142985 1.000000 1.000000 1.000000
4007.613037 0.000000 3565.983398 0.000000 0.463806 0.000000 0.885937 1.000000 1.000000 1.000000
4018.436768 0.000000 3588.600830 0.000000 0.455288 0.000000 0.890344 1.000000 1.000000 1.000000
3969.701660 0.000000 3554.812500 0.000000 0.361578 0.000000 0.932342 1.000000 1.000000 1.000000
3968.816895 0.000000 3555.880615 0.000000 0.905873 0.000000 0.423549 1.000000 1.000000 1.000000
4057.185547 0.000000 3581.685059 0.000000 0.817416 0.000000 0.576047 1.000000 1.000000 1.000000
4037.958008 0.000000 3543.408447 0.000000 0.862624 0.000000 0.505846 1.000000 1.000000 1.000000
4052.882324 0.000000 3581.237549 0.000000 0.761055 0.000000 0.648688 1.000000 1.000000 1.000000
4044.837158 0.000000 3583.027588 0.000000 0.503117 0.000000 0.864218 1.000000 1.000000 1.000000
4046.304199 0.000000 3552.450439 0.000000 0.166781 0.000000 0.985994 1.000000 1.000000 1.000000
4049.506348 0.000000 3574.424805 0.000000 0.074679 0.000000 0.997208 1.000000 1.000000 1.000000
4054.060791 0.000000 3583.904785 0.000000 0.353273 0.000000 0.935520 1.000000 1.000000 1.000000
4033.201172 0.000000 3587.542969 0.000000 0.896476 0.000000 0.443093 1.000000 1.000000 1.000000
4070.482666 0.000000 3586.006104 0.000000 0.997340 0.000000 0.072896 1.000000 1.000000 1.000000
4045.241699 0.000000 3576.833740 0.000000 0.979247 0.000000 0.202669 1.000000 1.000000 1.000000
4034.993164 0.000000 3543.566895 0.000000 0.993108 0.000000 0.117201 1.000000 1.000000 1.000000
4038.034912 0.000000 3576.249512 0.000000 0.999418 0.000000 0.034118 1.000000 1.000000 1.000000
4072.434570 0.000000 3569.650391 0.000000 0.523077 0.000000 0.852285 1.000000 1.000000 1.000000
4073.804199 0.000000 3568.392578 0.000000 0.766607 0.000000 0.642116 1.000000 1.000000 1.000000
4034.077148 0.000000 3589.192383 0.000000 0.355992 0.000000 0.934489 1.000000 1.000000 1.000000
3644.494629 0.000000 3630.358398 0.000000 0.231790 0.000000 0.972766 1.000000 1.000000 1.000000
3633.734375 0.000000 3603.385986 0.000000 0.962591 0.000000 0.270959 1.000000 1.000000 1.000000
3614.572510 0.000000 3591.187988 0.000000 0.977975 0.000000 0.208720 1.000000 1.000000 1.000000
3646.397217 0.000000 3631.821777 0.000000 0.898055 0.000000 0.439882 1.000000 1.000000 1.000000
3644.291016 0.000000 3622.899414 0.000000 0.792599 0.000000 0.609743 1.000000 1.000000 1.000000
3634.053467 0.000000 3602.114746 0.000000 0.922007 0.000000 0.387173 1.000000 1.000000 1.000000
3635.028320 0.000000 3603.141113 0.000000 0.891031 0.000000 0.453943 1.000000 1.000000 1.000000
3668.520996 0.000000 3634.002686 0.000000 0.485212 0.000000 0.874397 1.000000 1.000000 1.000000
3654.375244 0.000000 3634.168213 0.000000 0.923089 0.000000 0.384586 1.000000 1.000000 1.000000
3647.854004 0.000000 3604.019531 0.000000 0.840743 0.000000 0.541434 1.000000 1.000000 1.000000
3671.776367 0.000000 3636.591553 0.000000 0.511456 0.000000 0.859310 1.000000 1.000000 1.000000
3664.708740 0.000000 3624.844971 0.000000 0.713112 0.000000 0.701050 1.000000 1.000000 1.000000
3657.661133 0.000000 3632.184082 0.000000 0.734212 0.000000 0.678921 1.000000 1.000000 1.000000
3655.570312 0.000000 3632.448730 0.000000 0.494632 0.000000 0.869102 1.000000 1.000000 1.000000
3656.386963 0.000000 3634.305908 0.000000 0.524540 0.000000 0.851386 1.000000 1.000000 1.000000
3669.718750 0.000000 3636.786133 0.000000 0.270230 0.000000 0.962796 1.000000 1.000000 1.000000
3647.839844 0.000000 3630.801758 0.000000 0.764054 0.000000 0.645153 1.000000 1.000000 1.000000
3630.065674 0.000000 3682.938477 0.000000 0.813695 0.000000 0.581292 1.000000 1.000000 1.000000
3621.397461 0.000000 3682.832275 0.000000 0.486194 0.000000 0.873851 1.000000 1.000000 1.000000
3636.137939 0.000000 3663.094727 0.000000 0.832726 0.000000 0.553685 1.000000 1.000000 1.000000
3630.372314 0.000000 3680.434570 0.000000 0.980646 0.000000 0.195789 1.000000 1.000000 1.000000
3637.091309 0.000000 3639.528564 0.000000 0.637818 0.000000 0.770187 1.000000 1.000000 1.000000
3658.995117 0.000000 3648.349854 0.000000 0.402903 0.000000 0.915243 1.000000 1.000000 1.000000
3692.453613 0.000000 3655.475830 0.000000 0.318337 0.000000 0.947978 1.000000 1.000000 1.000000
3701.385010 0.000000 3659.586914 0.000000 0.552533 0.000000 0.833491 1.000000 1.000000 1.000000
3698.802490 0.000000 3658.794189 0.000000 0.780223 0.000000 0.625501 1.000000 1.000000 1.000000
3690.858643 0.000000 3653.640137 0.000000 0.763425 0.000000 0.645897 1.000000 1.000000 1.000000
3697.472900 0.000000 3667.124756 0.000000 0.546622 0.000000 0.837380 1.000000 1.000000 1.000000
3696.916748 0.000000 3669.210449 0.000000 0.913047 0.000000 0.407854 1.000000 1.000000 1.000000
3670.510010 0.000000 3637.668701 0.000000 0.164794 0.000000 0.986328 1.000000 1.000000 1.000000
3698.653809 0.000000 3657.215576 0.000000 0.612760 0.000000 0.790269 1.000000 1.000000 1.000000
3679.575684 0.000000 3659.399170 0.000000 0.114484 0.000000 0.993425 1.000000 1.000000 1.000000
3716.351562 0.000000 3669.140869 0.000000 0.959508 0.000000 0.281682 1.000000 1.000000 1.000000
3739.596436 0.000000 3676.106201 0.000000 0.725703 0.000000 0.688008 1.000000 1.000000 1.000000
3737.816406 0.000000 3677.577148 0.000000 0.986608 0.000000 0.163111 1.000000 1.000000 1.000000
3586.064453 0.000000 3716.012939 0.000000 0.676771 0.000000 0.736194 1.000000 1.000000 1.000000
3586.843994 0.000000 3717.526123 0.000000 0.969959 0.000000 0.243268 1.000000 1.000000 1.000000
3583.575684 0.000000 3731.437256 0.000000 0.527855 0.000000 0.849335 1.000000 1.000000 1.000000
3706.308594 0.000000 3706.775391 0.000000 0.272438 0.000000 0.962173 1.000000 1.000000 1.000000
3596.744385 0.000000 3776.228027 0.000000 0.593048 0.000000 0.805167 1.000000 1.000000 1.000000
3590.876465 0.000000 3771.747314 0.000000 0.940981 0.000000 0.338461 1.000000 1.000000 1.000000
3587.203369 0.000000 3774.525635 0.000000 0.871913 0.000000 0.489661 1.000000 1.000000 1.000000
3722.988770 0.000000 3686.586426 0.000000 0.222523 0.000000 0.974928 1.000000 1.000000 1.000000
3763.069092 0.000000 3715.829346 0.000000 0.981991 0.000000 0.188926 1.000000 1.000000 1.000000
3762.464111 0.000000 3723.342773 0.000000 0.288444 0.000000 0.957497 1.000000 1.000000 1.000000
3718.860840 0.000000 3724.505127 0.000000 0.595246 0.000000 0.803544 1.000000 1.000000 1.000000
3728.654053 0.000000 3727.352539 0.000000 0.976275 0.000000 0.216534 1.000000 1.000000 1.000000
3765.679443 0.000000 3713.370605 0.000000 0.385362 0.000000 0.922765 1.000000 1.000000 1.000000
3747.436035 0.000000 3727.420654 0.000000 0.304014 0.000000 0.952667 1.000000 1.000000 1.000000
3772.653809 0.000000 3721.928223 0.000000 0.971253 0.000000 0.238049 1.000000 1.000000 1.000000
3770.164307 0.000000 3721.481201 0.000000 0.457362 0.000000 0.889281 1.000000 1.000000 1.000000
3763.522705 0.000000 3713.705322 0.000000 0.985716 0.000000 0.168414 1.000000 1.000000 1.000000
3774.819092 0.000000 3707.220459 0.000000 0.790335 0.000000 0.612675 1.000000 1.000000 1.000000
3722.084717 0.000000 3687.985107 0.000000 0.995937 0.000000 0.090048 1.000000 1.000000 1.000000
3799.202637 0.000000 3700.130371 0.000000 0.209612 0.000000 0.977785 1.000000 1.000000 1.000000
3778.041016 0.000000 3716.012939 0.000000 0.963697 0.000000 0.266998 1.000000 1.000000 1.000000
3799.990479 0.000000 3698.355713 0.000000 0.561640 0.000000 0.827382 1.000000 1.000000 1.000000
3798.676025 0.000000 3701.858887 0.000000 0.966851 0.000000 0.255341 1.000000 1.000000 1.000000
3799.918945 0.000000 3729.712646 0.000000 0.681243 0.000000 0.732058 1.000000 1.000000 1.000000
3799.948486 0.000000 3728.390625 0.000000 0.908248 0.000000 0.418432 1.000000 1.000000 1.000000
3732.513184 0.000000 3775.729248 0.000000 0.975709 0.000000 0.219069 1.000000 1.000000 1.000000
3722.988770 0.000000 3733.828613 0.000000 0.909727 0.000000 0.415207 1.000000 1.000000 1.000000
3731.377441 0.000000 3755.381592 0.000000 0.970708 0.000000 0.240264 1.000000 1.000000 1.000000
3721.110107 0.000000 3736.409668 0.000000 0.427434 0.000000 0.904047 1.000000 1.000000 1.000000
3722.509521 0.000000 3762.569580 0.000000 0.372614 0.000000 0.927987 1.000000 1.000000 1.000000
3750.521729 0.000000 3774.974854 0.000000 0.025296 0.000000 0.999680 1.000000 1.000000 1.000000
3735.311279 0.000000 3739.919922 0.000000 0.377183 0.000000 0.926139 1.000000 1.000000 1.000000
3730.382568 0.000000 3775.945312 0.000000 0.613121 0.000000 0.789989 1.000000 1.000000 1.000000
3733.736816 0.000000 3774.543701 0.000000 0.053228 0.000000 0.998582 1.000000 1.000000 1.000000
3730.286621 0.000000 3774.250977 0.000000 0.974669 0.000000 0.223652 1.000000 1.000000 1.000000
3873.286621 0.000000 3590.687256 0.000000 0.732602 0.000000 0.680657 1.000000 1.000000 1.000000
3870.541260 0.000000 3591.187988 0.000000 0.341155 0.000000 0.940007 1.000000 1.000000 1.000000
3865.623535 0.000000 3602.423096 0.000000 0.958375 0.000000 0.285513 1.000000 1.000000 1.000000
3879.059326 0.000000 3628.694336 0.000000 0.962958 0.000000 0.269653 1.000000 1.000000 1.000000
3862.815430 0.000000 3623.706299 0.000000 0.993813 0.000000 0.111071 1.000000 1.000000 1.000000
3928.878662 0.000000 3619.307861 0.000000 0.990802 0.000000 0.135318 1.000000 1.000000 1.000000
3916.369385 0.000000 3610.406494 0.000000 0.999997 0.000000 0.002480 1.000000 1.000000 1.000000
3941.358398 0.000000 3635.590088 0.000000 0.983832 0.000000 0.179092 1.000000 1.000000 1.000000
3907.182129 0.000000 3596.949951 0.000000 0.445292 0.000000 0.895386 1.000000 1.000000 1.000000
3900.909424 0.000000 3637.851318 0.000000 0.399781 0.000000 0.916611 1.000000 1.000000 1.000000
3882.186768 0.000000 3668.118164 0.000000 0.673197 0.000000 0.739463 1.000000 1.000000 1.000000
3855.505127 0.000000 3639.375977 0.000000 0.790093 0.000000 0.612987 1.000000 1.000000 1.000000
3882.652344 0.000000 3645.814941 0.000000 0.440806 0.000000 0.897602 1.000000 1.000000 1.000000
3887.038086 0.000000 3644.027832 0.000000 0.852391 0.000000 0.522904 1.000000 1.000000 1.000000
3880.770508 0.000000 3669.759766 0.000000 0.655882 0.000000 0.754863 1.000000 1.000000 1.000000
3855.441406 0.000000 3641.933105 0.000000 0.881722 0.000000 0.471769 1.000000 1.000000 1.000000
3899.777832 0.000000 3638.682861 0.000000 0.346656 0.000000 0.937992 1.000000 1.000000 1.000000
3929.291260 0.000000 3643.210938 0.000000 0.964432 0.000000 0.264332 1.000000 1.000000 1.000000
3932.853027 0.000000 3643.814453 0.000000 0.929318 0.000000 0.369281 1.000000 1.000000 1.000000
4012.696777 0.000000 3604.624268 0.000000 0.238431 0.000000 0.971160 1.000000 1.000000 1.000000
4013.384521 0.000000 3630.926758 0.000000 0.653176 0.000000 0.757206 1.000000 1.000000 1.000000
4017.641846 0.000000 3590.562256 0.000000 0.941016 0.000000 0.338361 1.000000 1.000000 1.000000
4025.862793 0.000000 3594.045898 0.000000 0.911115 0.000000 0.412152 1.000000 1.000000 1.000000
4001.270996 0.000000 3590.687256 0.000000 0.323350 0.000000 0.946280 1.000000 1.000000 1.000000
4026.269531 0.000000 3612.291016 0.000000 0.035980 0.000000 0.999353 1.000000 1.000000 1.000000
4014.325439 0.000000 3633.192383 0.000000 0.023256 0.000000 0.999730 1.000000 1.000000 1.000000
4027.910645 0.000000 3610.864502 0.000000 0.981886 0.000000 0.189473 1.000000 1.000000 1.000000
4014.738281 0.000000 3603.885742 0.000000 0.014957 0.000000 0.999888 1.000000 1.000000 1.000000
4018.932861 0.000000 3591.802490 0.000000 0.925254 0.000000 0.379347 1.000000 1.000000 1.000000
4051.758789 0.000000 3604.814453 0.000000 0.986467 0.000000 0.163962 1.000000 1.000000 1.000000
4053.766113 0.000000 3620.124756 0.000000 0.654154 0.000000 0.756362 1.000000 1.000000 1.000000
4042.322510 0.000000 3598.792725 0.000000 0.576602 0.000000 0.817025 1.000000 1.000000 1.000000
4060.514160 0.000000 3636.898438 0.000000 0.992826 0.000000 0.119567 1.000000 1.000000 1.000000
4019.037842 0.000000 3668.587158 0.000000 0.818848 0.000000 0.574011 1.000000 1.000000 1.000000
4013.317627 0.000000 3659.112549 0.000000 0.376773 0.000000 0.926306 1.000000 1.000000 1.000000
4018.059326 0.000000 3664.889893 0.000000 0.775151 0.000000 0.631776 1.000000 1.000000 1.000000
4021.648193 0.000000 3666.128418 0.000000 0.297824 0.000000 0.954621 1.000000 1.000000 1.000000
4024.155518 0.000000 3681.926025 0.000000 0.698347 0.000000 0.715759 1.000000 1.000000 1.000000
4002.958496 0.000000 3669.224365 0.000000 0.934471 0.000000 0.356040 1.000000 1.000000 1.000000
3989.559814 0.000000 3639.636963 0.000000 0.821704 0.000000 0.569915 1.000000 1.000000 1.000000
4019.491455 0.000000 3666.463135 0.000000 0.929894 0.000000 0.367828 1.000000 1.000000 1.000000
3999.547363 0.000000 3678.715088 0.000000 0.913446 0.000000 0.406959 1.000000 1.000000 1.000000
4068.496338 0.000000 3666.876953 0.000000 0.834770 0.000000 0.550598 1.000000 1.000000 1.000000
4059.775879 0.000000 3637.768555 0.000000 0.158155 0.000000 0.987414 1.000000 1.000000 1.000000
4082.051514 0.000000 3664.889893 0.000000 0.052303 0.000000 0.998631 1.000000 1.000000 1.000000
4069.540771 0.000000 3648.672363 0.000000 0.374439 0.000000 0.927252 1.000000 1.000000 1.000000
4067.396973 0.000000 3680.178467 0.000000 0.997861 0.000000 0.065366 1.000000 1.000000 1.000000
4067.390381 0.000000 3682.602783 0.000000 0.906706 0.000000 0.421763 1.000000 1.000000 1.000000
4068.927002 0.000000 3668.940186 0.000000 0.810639 0.000000 0.585546 1.000000 1.000000 1.000000
4073.737549 0.000000 3679.665771 0.000000 0.233660 0.000000 0.972318 1.000000 1.000000 1.000000
4006.228271 0.000000 3685.778076 0.000000 0.841596 0.000000 0.540107 1.000000 1.000000 1.000000
4025.429199 0.000000 3694.842041 0.000000 0.608133 0.000000 0.793835 1.000000 1.000000 1.000000
4086.992920 0.000000 3726.511719 0.000000 0.375871 0.000000 0.926672 1.000000 1.000000 1.000000
4086.275879 0.000000 3731.463623 0.000000 0.935685 0.000000 0.352836 1.000000 1.000000 1.000000
4065.030762 0.000000 3703.305908 0.000000 0.270342 0.000000 0.962764 1.000000 1.000000 1.000000
4084.841064 0.000000 3728.961426 0.000000 0.774199 0.000000 0.632943 1.000000 1.000000 1.000000
4084.387695 0.000000 3685.431885 0.000000 0.991377 0.000000 0.131044 1.000000 1.000000 1.000000
4082.291992 0.000000 3700.780762 0.000000 0.819782 0.000000 0.572676 1.000000 1.000000 1.000000
4083.709229 0.000000 3731.200684 0.000000 0.559895 0.000000 0.828564 1.000000 1.000000 1.000000
4083.800781 0.000000 3702.054199 0.000000 0.963800 0.000000 0.266627 1.000000 1.000000 1.000000
4064.705811 0.000000 3694.850098 0.000000 0.976136 0.000000 0.217160 1.000000 1.000000 1.000000
4081.634033 0.000000 3732.288818 0.000000 0.385244 0.000000 0.922815 1.000000 1.000000 1.000000
4093.582275 0.000000 3736.291260 0.000000 0.427178 0.000000 0.904167 1.000000 1.000000 1.000000
4084.387695 0.000000 3732.674072 0.000000 0.015922 0.000000 0.999873 1.000000 1.000000 1.000000
4082.312744 0.000000 3735.145752 0.000000 0.847279 0.000000 0.531148 1.000000 1.000000 1.000000
4087.186768 0.000000 3736.979736 0.000000 0.889063 0.000000 0.457785 1.000000 1.000000 1.000000
4087.644287 0.000000 3734.594482 0.000000 0.087567 0.000000 0.996159 1.000000 1.000000 1.000000
4082.925049 0.000000 3733.529053 0.000000 0.447679 0.000000 0.894194 1.000000 1.000000 1.000000
4089.195801 0.000000 3734.170410 0.000000 0.568589 0.000000 0.822622 1.000000 1.000000 1.000000
4088.171875 0.000000 3735.914795 0.000000 0.605277 0.000000 0.796015 1.000000 1.000000 1.000000
4085.623779 0.000000 3732.156006 0.000000 0.341553 0.000000 0.939863 1.000000 1.000000 1.000000
4083.176270 0.000000 3732.176270 0.000000 0.430773 0.000000 0.902460 1.000000 1.000000 1.000000
4086.218506 0.000000 3734.505371 0.000000 0.943249 0.000000 0.332087 1.000000 1.000000 1.000000
2518.248291 0.000000 4481.506348 0.000000 0.980714 0.000000 0.195446 1.000000 1.000000 1.000000
2512.071777 0.000000 4471.087402 0.000000 0.988561 0.000000 0.150820 1.000000 1.000000 1.000000
2510.937012 0.000000 4475.456543 0.000000 0.837837 0.000000 0.545921 1.000000 1.000000 1.000000
2519.301270 0.000000 4482.534668 0.000000 0.150023 0.000000 0.988682 1.000000 1.000000 1.000000
2510.796631 0.000000 4474.043457 0.000000 0.890628 0.000000 0.454732 1.000000 1.000000 1.000000
2511.821777 0.000000 4474.664062 0.000000 0.596513 0.000000 0.802603 1.000000 1.000000 1.000000
2863.294678 0.000000 4263.200195 0.000000 0.498319 0.000000 0.866993 1.000000 1.000000 1.000000
2853.505127 0.000000 4260.014648 0.000000 0.998852 0.000000 0.047904 1.000000 1.000000 1.000000
2954.452393 0.000000 4288.684082 0.000000 0.772920 0.000000 0.634503 1.000000 1.000000 1.000000
2969.318359 0.000000 4290.317871 0.000000 0.994762 0.000000 0.102217 1.000000 1.000000 1.000000
2965.015137 0.000000 4289.870605 0.000000 0.748529 0.000000 0.663102 1.000000 1.000000 1.000000
2960.794678 0.000000 4286.235840 0.000000 0.034870 0.000000 0.999392 1.000000 1.000000 1.000000
2970.780273 0.000000 4281.233398 0.000000 0.966246 0.000000 0.257620 1.000000 1.000000 1.000000
2961.773926 0.000000 4287.779297 0.000000 0.057678 0.000000 0.998335 1.000000 1.000000 1.000000
2967.464111 0.000000 4281.647461 0.000000 0.998301 0.000000 0.058267 1.000000 1.000000 1.000000
2575.868652 0.000000 4469.138672 0.000000 0.983593 0.000000 0.180404 1.000000 1.000000 1.000000
2587.053223 0.000000 4481.750000 0.000000 0.933809 0.000000 0.357771 1.000000 1.000000 1.000000
2580.004150 0.000000 4466.606934 0.000000 0.968872 0.000000 0.247562 1.000000 1.000000 1.000000
2581.870117 0.000000 4464.076172 0.000000 0.232202 0.000000 0.972668 1.000000 1.000000 1.000000
2670.257812 0.000000 4514.268066 0.000000 0.847643 0.000000 0.530567 1.000000 1.000000 1.000000
2677.815430 0.000000 4526.808105 0.000000 0.999968 0.000000 0.008051 1.000000 1.000000 1.000000
2762.475830 0.000000 4524.895020 0.000000 0.957099 0.000000 0.289760 1.000000 1.000000 1.000000
2773.038574 0.000000 4526.081543 0.000000 0.479460 0.000000 0.877564 1.000000 1.000000 1.000000
2755.788330 0.000000 4533.445312 0.000000 0.981791 0.000000 0.189966 1.000000 1.000000 1.000000
3405.837158 0.000000 3801.093750 0.000000 0.744118 0.000000 0.668048 1.000000 1.000000 1.000000
3519.007812 0.000000 3795.683838 0.000000 0.265691 0.000000 0.964058 1.000000 1.000000 1.000000
3563.732178 0.000000 3785.092285 0.000000 0.986077 0.000000 0.166292 1.000000 1.000000 1.000000
3519.869629 0.000000 3792.988281 0.000000 0.974200 0.000000 0.225684 1.000000 1.000000 1.000000
3556.602539 0.000000 3797.775635 0.000000 0.198064 0.000000 0.980189 1.000000 1.000000 1.000000
3551.932617 0.000000 3787.470703 0.000000 0.243090 0.000000 0.970004 1.000000 1.000000 1.000000
3551.946777 0.000000 3791.002686 0.000000 0.095704 0.000000 0.995410 1.000000 1.000000 1.000000
3075.663330 0.000000 4144.317383 0.000000 0.899254 0.000000 0.437426 1.000000 1.000000 1.000000
3075.749268 0.000000 4155.507812 0.000000 0.994598 0.000000 0.103802 1.000000 1.000000 1.000000
3072.899902 0.000000 4143.235840 0.000000 0.361128 0.000000 0.932516 1.000000 1.000000 1.000000
3075.843262 0.000000 4136.633789 0.000000 0.813884 0.000000 0.581028 1.000000 1.000000 1.000000
3073.579346 0.000000 4138.901855 0.000000 0.594183 0.000000 0.804330 1.000000 1.000000 1.000000
3071.722168 0.000000 4138.529297 0.000000 0.518227 0.000000 0.855243 1.000000 1.000000 1.000000
3516.811523 0.000000 4080.426025 0.000000 0.269903 0.000000 0.962888 1.000000 1.000000 1.000000
3518.239502 0.000000 4083.419189 0.000000 0.118512 0.000000 0.992953 1.000000 1.000000 1.000000
3519.939209 0.000000 4093.185547 0.000000 0.942409 0.000000 0.334462 1.000000 1.000000 1.000000
3525.250732 0.000000 4087.639160 0.000000 0.634419 0.000000 0.772989 1.000000 1.000000 1.000000
3527.426514 0.000000 4093.812744 0.000000 0.979110 0.000000 0.203331 1.000000 1.000000 1.000000
3520.587891 0.000000 4085.749512 0.000000 0.727070 0.000000 0.686563 1.000000 1.000000 1.000000
3528.770264 0.000000 4085.304443 0.000000 0.163790 0.000000 0.986495 1.000000 1.000000 1.000000
3541.828613 0.000000 4092.546631 0.000000 0.843953 0.000000 0.536416 1.000000 1.000000 1.000000
3522.015869 0.000000 4083.444580 0.000000 0.449351 0.000000 0.893355 1.000000 1.000000 1.000000
3541.440674 0.000000 4090.361084 0.000000 0.454836 0.000000 0.890575 1.000000 1.000000 1.000000
3521.524658 0.000000 4091.659180 0.000000 0.067305 0.000000 0.997732 1.000000 1.000000 1.000000
3542.854492 0.000000 4096.128418 0.000000 0.989183 0.000000 0.146688 1.000000 1.000000 1.000000
3543.890625 0.000000 4097.662598 0.000000 0.983010 0.000000 0.183551 1.000000 1.000000 1.000000
3604.757568 0.000000 3812.249756 0.000000 0.041184 0.000000 0.999152 1.000000 1.000000 1.000000
3625.538086 0.000000 3818.482910 0.000000 0.931893 0.000000 0.362732 1.000000 1.000000 1.000000
3593.125732 0.000000 3783.651855 0.000000 0.850042 0.000000 0.526715 1.000000 1.000000 1.000000
3693.548828 0.000000 3861.642090 0.000000 0.446862 0.000000 0.894603 1.000000 1.000000 1.000000
3651.213379 0.000000 3833.160889 0.000000 0.678128 0.000000 0.734944 1.000000 1.000000 1.000000
3752.163574 0.000000 3785.301270 0.000000 0.520291 0.000000 0.853989 1.000000 1.000000 1.000000
3809.325928 0.000000 3819.377197 0.000000 0.016557 0.000000 0.999863 1.000000 1.000000 1.000000
3843.569580 0.000000 3813.621582 0.000000 0.193993 0.000000 0.981003 1.000000 1.000000 1.000000
4089.202393 0.000000 3818.522217 0.000000 0.284595 0.000000 0.958648 1.000000 1.000000 1.000000
3196.724121 0.000000 4241.592285 0.000000 0.808430 0.000000 0.588592 1.000000 1.000000 1.000000
3199.046631 0.000000 4243.249512 0.000000 0.435277 0.000000 0.900297 1.000000 1.000000 1.000000
3194.344482 0.000000 4236.484863 0.000000 0.356777 0.000000 0.934189 1.000000 1.000000 1.000000
3197.403076 0.000000 4243.059082 0.000000 0.998969 0.000000 0.045397 1.000000 1.000000 1.000000
3201.508545 0.000000 4245.640137 0.000000 0.034847 0.000000 0.999393 1.000000 1.000000 1.000000
3173.068359 0.000000 4257.312012 0.000000 0.965672 0.000000 0.259765 1.000000 1.000000 1.000000
3194.185791 0.000000 4270.922852 0.000000 0.068892 0.000000 0.997624 1.000000 1.000000 1.000000
3213.424316 0.000000 4345.970215 0.000000 0.393078 0.000000 0.919505 1.000000 1.000000 1.000000
3219.482666 0.000000 4334.565918 0.000000 0.420307 0.000000 0.907382 1.000000 1.000000 1.000000
3215.228027 0.000000 4339.111328 0.000000 0.794800 0.000000 0.606872 1.000000 1.000000 1.000000
3218.728760 0.000000 4332.393066 0.000000 0.041079 0.000000 0.999156 1.000000 1.000000 1.000000
3218.445068 0.000000 4342.852051 0.000000 0.589392 0.000000 0.807847 1.000000 1.000000 1.000000
3219.279053 0.000000 4330.957520 0.000000 0.926576 0.000000 0.376108 1.000000 1.000000 1.000000
3484.771484 0.000000 4302.133301 0.000000 0.991482 0.000000 0.130240 1.000000 1.000000 1.000000
3476.721191 0.000000 4304.663574 0.000000 0.999943 0.000000 0.010702 1.000000 1.000000 1.000000
3484.996582 0.000000 4300.508301 0.000000 0.117511 0.000000 0.993071 1.000000 1.000000 1.000000
3542.426514 0.000000 4381.628418 0.000000 0.865826 0.000000 0.500345 1.000000 1.000000 1.000000
3539.886963 0.000000 4372.122559 0.000000 0.726220 0.000000 0.687462 1.000000 1.000000 1.000000
3533.304199 0.000000 4379.951172 0.000000 0.295146 0.000000 0.955452 1.000000 1.000000 1.000000
3542.854492 0.000000 4379.581543 0.000000 0.983256 0.000000 0.182228 1.000000 1.000000 1.000000
3538.646484 0.000000 4372.958984 0.000000 0.605132 0.000000 0.796125 1.000000 1.000000 1.000000
3484.907715 0.000000 4446.931641 0.000000 0.730854 0.000000 0.682534 1.000000 1.000000 1.000000
3485.963623 0.000000 4448.783691 0.000000 0.955856 0.000000 0.293837 1.000000 1.000000 1.000000
3584.841553 0.000000 4364.116699 0.000000 0.009647 0.000000 0.999953 1.000000 1.000000 1.000000
2459.955322 0.000000 4596.173828 0.000000 0.955270 0.000000 0.295734 1.000000 1.000000 1.000000
2459.680420 0.000000 4590.633789 0.000000 0.402378 0.000000 0.915474 1.000000 1.000000 1.000000
2446.255371 0.000000 4609.283203 0.000000 0.930439 0.000000 0.366446 1.000000 1.000000 1.000000
2446.879395 0.000000 4606.077148 0.000000 0.828203 0.000000 0.560429 1.000000 1.000000 1.000000
2457.487305 0.000000 4604.427246 0.000000 0.990289 0.000000 0.139021 1.000000 1.000000 1.000000
2455.300049 0.000000 4610.692871 0.000000 0.398656 0.000000 0.917100 1.000000 1.000000 1.000000
2458.439453 0.000000 4595.847656 0.000000 0.686912 0.000000 0.726740 1.000000 1.000000 1.000000
2524.025635 0.000000 4601.052246 0.000000 0.462957 0.000000 0.886381 1.000000 1.000000 1.000000
2514.078857 0.000000 4604.283203 0.000000 0.961252 0.000000 0.275673 1.000000 1.000000 1.000000
2516.090332 0.000000 4604.020020 0.000000 0.840944 0.000000 0.541122 1.000000 1.000000 1.000000
2533.302246 0.000000 4586.194336 0.000000 0.694321 0.000000 0.719665 1.000000 1.000000 1.000000
2522.094482 0.000000 4589.715820 0.000000 0.813239 0.000000 0.581930 1.000000 1.000000 1.000000
2452.019775 0.000000 4655.575684 0.000000 0.583285 0.000000 0.812267 1.000000 1.000000 1.000000
2455.262451 0.000000 4667.638184 0.000000 0.066461 0.000000 0.997789 1.000000 1.000000 1.000000
2450.342773 0.000000 4654.908203 0.000000 0.782076 0.000000 0.623183 1.000000 1.000000 1.000000
2454.453369 0.000000 4668.939453 0.000000 0.736459 0.000000 0.676482 1.000000 1.000000 1.000000
2450.779297 0.000000 4656.412109 0.000000 0.920744 0.000000 0.390167 1.000000 1.000000 1.000000
2453.707520 0.000000 4655.947266 0.000000 0.904868 0.000000 0.425692 1.000000 1.000000 1.000000
2461.378906 0.000000 4734.058594 0.000000 0.959715 0.000000 0.280976 1.000000 1.000000 1.000000
2497.388672 0.000000 4768.598145 0.000000 0.337608 0.000000 0.941287 1.000000 1.000000 1.000000
2507.253906 0.000000 4771.370117 0.000000 0.411788 0.000000 0.911280 1.000000 1.000000 1.000000
2534.967773 0.000000 4807.260254 0.000000 0.997714 0.000000 0.067585 1.000000 1.000000 1.000000
2527.439453 0.000000 4798.243164 0.000000 0.251814 0.000000 0.967776 1.000000 1.000000 1.000000
2522.531738 0.000000 4802.771484 0.000000 0.633328 0.000000 0.773883 1.000000 1.000000 1.000000
2537.311768 0.000000 4807.973145 0.000000 0.019365 0.000000 0.999812 1.000000 1.000000 1.000000
2524.338379 0.000000 4802.270996 0.000000 0.764859 0.000000 0.644198 1.000000 1.000000 1.000000
2503.954346 0.000000 4776.858887 0.000000 0.917211 0.000000 0.398401 1.000000 1.000000 1.000000
2659.122559 0.000000 4566.826172 0.000000 0.705093 0.000000 0.709115 1.000000 1.000000 1.000000
2729.070312 0.000000 4554.259766 0.000000 0.311280 0.000000 0.950318 1.000000 1.000000 1.000000
2700.853760 0.000000 4579.345703 0.000000 0.557812 0.000000 0.829967 1.000000 1.000000 1.000000
2743.363525 0.000000 4542.650879 0.000000 0.384494 0.000000 0.923127 1.000000 1.000000 1.000000
2739.792236 0.000000 4544.589355 0.000000 0.998429 0.000000 0.056036 1.000000 1.000000 1.000000
2688.731201 0.000000 4571.558594 0.000000 0.626183 0.000000 0.779676 1.000000 1.000000 1.000000
2728.288574 0.000000 4541.176270 0.000000 0.169305 0.000000 0.985564 1.000000 1.000000 1.000000
2722.854736 0.000000 4548.295898 0.000000 0.876358 0.000000 0.481661 1.000000 1.000000 1.000000
2725.094971 0.000000 4559.388184 0.000000 0.235285 0.000000 0.971926 1.000000 1.000000 1.000000
2743.808350 0.000000 4537.711914 0.000000 0.999999 0.000000 0.001039 1.000000 1.000000 1.000000
2727.207031 0.000000 4547.842285 0.000000 0.358465 0.000000 0.933543 1.000000 1.000000 1.000000
2739.510498 0.000000 4546.730469 0.000000 0.774844 0.000000 0.632153 1.000000 1.000000 1.000000
2727.423340 0.000000 4542.919434 0.000000 0.523640 0.000000 0.851940 1.000000 1.000000 1.000000
2742.423828 0.000000 4536.416992 0.000000 0.957931 0.000000 0.287000 1.000000 1.000000 1.000000
2704.667236 0.000000 4579.279297 0.000000 0.899881 0.000000 0.436136 1.000000 1.000000 1.000000
2751.963379 0.000000 4539.304688 0.000000 0.972787 0.000000 0.231703 1.000000 1.000000 1.000000
2783.006836 0.000000 4669.079590 0.000000 0.603976 0.000000 0.797002 1.000000 1.000000 1.000000
2784.482666 0.000000 4668.543945 0.000000 0.585002 0.000000 0.811032 1.000000 1.000000 1.000000
2807.355713 0.000000 4684.377441 0.000000 0.895130 0.000000 0.445805 1.000000 1.000000 1.000000
2799.302490 0.000000 4688.379883 0.000000 0.960014 0.000000 0.279953 1.000000 1.000000 1.000000
3007.070068 0.000000 4715.671387 0.000000 0.386500 0.000000 0.922289 1.000000 1.000000 1.000000
3014.946777 0.000000 4716.591309 0.000000 0.598917 0.000000 0.800811 1.000000 1.000000 1.000000
3011.757080 0.000000 4722.414062 0.000000 0.775149 0.000000 0.631778 1.000000 1.000000 1.000000
2578.798340 0.000000 4915.317871 0.000000 0.748959 0.000000 0.662616 1.000000 1.000000 1.000000
3156.812256 0.000000 4709.851562 0.000000 0.835651 0.000000 0.549261 1.000000 1.000000 1.000000
3149.781738 0.000000 4713.210938 0.000000 0.999938 0.000000 0.011159 1.000000 1.000000 1.000000
3157.875488 0.000000 4706.695312 0.000000 0.916463 0.000000 0.400119 1.000000 1.000000 1.000000
3148.317383 0.000000 4706.937012 0.000000 0.096938 0.000000 0.995290 1.000000 1.000000 1.000000
3559.667725 0.000000 4652.554199 0.000000 0.093828 0.000000 0.995588 1.000000 1.000000 1.000000
3690.210205 0.000000 4565.719727 0.000000 0.951783 0.000000 0.306772 1.000000 1.000000 1.000000
3676.546387 0.000000 4564.197754 0.000000 0.565472 0.000000 0.824768 1.000000 1.000000 1.000000
3694.544434 0.000000 4558.987793 0.000000 0.964492 0.000000 0.264112 1.000000 1.000000 1.000000
3677.409912 0.000000 4562.520508 0.000000 0.030067 0.000000 0.999548 1.000000 1.000000 1.000000
4200.923340 0.000000 3161.561523 0.000000 0.801659 0.000000 0.597782 1.000000 1.000000 1.000000
4201.468262 0.000000 3157.092285 0.000000 0.855532 0.000000 0.517750 1.000000 1.000000 1.000000
4118.776367 0.000000 3177.092285 0.000000 0.474558 0.000000 0.880224 1.000000 1.000000 1.000000
4149.146484 0.000000 3168.498047 0.000000 0.577195 0.000000 0.816606 1.000000 1.000000 1.000000
4133.736328 0.000000 3179.535645 0.000000 0.114419 0.000000 0.993433 1.000000 1.000000 1.000000
4099.723633 0.000000 3193.960205 0.000000 0.989744 0.000000 0.142854 1.000000 1.000000 1.000000
4137.146484 0.000000 3178.175781 0.000000 0.125500 0.000000 0.992094 1.000000 1.000000 1.000000
4133.532715 0.000000 3176.250488 0.000000 0.776541 0.000000 0.630066 1.000000 1.000000 1.000000
4121.592285 0.000000 3177.243408 0.000000 0.719935 0.000000 0.694041 1.000000 1.000000 1.000000
4099.718262 0.000000 3191.789795 0.000000 0.711072 0.000000 0.703119 1.000000 1.000000 1.000000
4131.633301 0.000000 3176.532471 0.000000 0.998111 0.000000 0.061438 1.000000 1.000000 1.000000
4138.512207 0.000000 3179.432617 0.000000 0.854744 0.000000 0.519050 1.000000 1.000000 1.000000
4163.268066 0.000000 3176.205811 0.000000 0.969292 0.000000 0.245913 1.000000 1.000000 1.000000
4168.448242 0.000000 3182.939941 0.000000 0.638878 0.000000 0.769308 1.000000 1.000000 1.000000
4176.314453 0.000000 3171.451660 0.000000 0.680582 0.000000 0.732672 1.000000 1.000000 1.000000
4168.692383 0.000000 3187.702881 0.000000 0.395653 0.000000 0.918400 1.000000 1.000000 1.000000
4164.793457 0.000000 3178.087891 0.000000 0.999723 0.000000 0.023551 1.000000 1.000000 1.000000
4167.602539 0.000000 3190.089600 0.000000 0.999581 0.000000 0.028936 1.000000 1.000000 1.000000
4163.322754 0.000000 3179.354980 0.000000 0.193997 0.000000 0.981002 1.000000 1.000000 1.000000
4168.874512 0.000000 3184.575928 0.000000 0.975519 0.000000 0.219914 1.000000 1.000000 1.000000
4166.300781 0.000000 3189.474609 0.000000 0.535628 0.000000 0.844454 1.000000 1.000000 1.000000
4240.550781 0.000000 3156.345947 0.000000 0.483729 0.000000 0.875218 1.000000 1.000000 1.000000
4224.759277 0.000000 3151.149902 0.000000 0.928893 0.000000 0.370349 1.000000 1.000000 1.000000
4234.299316 0.000000 3173.613037 0.000000 0.999911 0.000000 0.013312 1.000000 1.000000 1.000000
4241.375977 0.000000 3165.279785 0.000000 0.982852 0.000000 0.184398 1.000000 1.000000 1.000000
4232.817383 0.000000 3175.996338 0.000000 0.590355 0.000000 0.807144 1.000000 1.000000 1.000000
4238.843262 0.000000 3165.342529 0.000000 0.265857 0.000000 0.964013 1.000000 1.000000 1.000000
4321.263672 0.000000 3205.228760 0.000000 0.973632 0.000000 0.228125 1.000000 1.000000 1.000000
4319.967773 0.000000 3179.987305 0.000000 0.668557 0.000000 0.743661 1.000000 1.000000 1.000000
4348.710449 0.000000 3182.824463 0.000000 0.792403 0.000000 0.609999 1.000000 1.000000 1.000000
4296.432617 0.000000 3182.939941 0.000000 0.631428 0.000000 0.775435 1.000000 1.000000 1.000000
4315.647461 0.000000 3209.935547 0.000000 0.820020 0.000000 0.572335 1.000000 1.000000 1.000000
4319.220703 0.000000 3192.008545 0.000000 0.995103 0.000000 0.098840 1.000000 1.000000 1.000000
4308.807617 0.000000 3172.884766 0.000000 0.871019 0.000000 0.491250 1.000000 1.000000 1.000000
4300.322754 0.000000 3185.226807 0.000000 0.886239 0.000000 0.463228 1.000000 1.000000 1.000000
4311.698242 0.000000 3211.411865 0.000000 0.482298 0.000000 0.876007 1.000000 1.000000 1.000000
4320.111816 0.000000 3195.903809 0.000000 0.663346 0.000000 0.748313 1.000000 1.000000 1.000000
4312.406250 0.000000 3207.530762 0.000000 0.982978 0.000000 0.183725 1.000000 1.000000 1.000000
4350.138184 0.000000 3185.817627 0.000000 0.410635 0.000000 0.911800 1.000000 1.000000 1.000000
4323.366211 0.000000 3207.756592 0.000000 0.985365 0.000000 0.170459 1.000000 1.000000 1.000000
4331.886719 0.000000 3208.268799 0.000000 0.100910 0.000000 0.994896 1.000000 1.000000 1.000000
4320.345215 0.000000 3207.979736 0.000000 0.938699 0.000000 0.344739 1.000000 1.000000 1.000000
4345.712402 0.000000 3194.644287 0.000000 0.482002 0.000000 0.876170 1.000000 1.000000 1.000000
4321.707520 0.000000 3193.614014 0.000000 0.875421 0.000000 0.483360 1.000000 1.000000 1.000000
4301.097656 0.000000 3182.609375 0.000000 0.110519 0.000000 0.993874 1.000000 1.000000 1.000000
4328.270996 0.000000 3206.432373 0.000000 0.552214 0.000000 0.833702 1.000000 1.000000 1.000000
4298.821289 0.000000 3183.279297 0.000000 0.984731 0.000000 0.174085 1.000000 1.000000 1.000000
4318.070312 0.000000 3178.443848 0.000000 0.911456 0.000000 0.411397 1.000000 1.000000 1.000000
4298.349609 0.000000 3178.246582 0.000000 0.585231 0.000000 0.810867 1.000000 1.000000 1.000000
4330.959473 0.000000 3206.149658 0.000000 0.341704 0.000000 0.939808 1.000000 1.000000 1.000000
4323.619629 0.000000 3204.687500 0.000000 0.797538 0.000000 0.603268 1.000000 1.000000 1.000000
4315.807129 0.000000 3183.786377 0.000000 0.611853 0.000000 0.790971 1.000000 1.000000 1.000000
4313.187500 0.000000 3209.671387 0.000000 0.185727 0.000000 0.982601 1.000000 1.000000 1.000000
4339.452637 0.000000 3194.041260 0.000000 0.445376 0.000000 0.895344 1.000000 1.000000 1.000000
4314.539062 0.000000 3208.249023 0.000000 0.458378 0.000000 0.888757 1.000000 1.000000 1.000000
4323.736328 0.000000 3192.712402 0.000000 0.992279 0.000000 0.124023 1.000000 1.000000 1.000000
4316.928711 0.000000 3204.938477 0.000000 0.940415 0.000000 0.340029 1.000000 1.000000 1.000000
4320.759277 0.000000 3178.387207 0.000000 0.371016 0.000000 0.928626 1.000000 1.000000 1.000000
4308.293457 0.000000 3194.070801 0.000000 0.985624 0.000000 0.168954 1.000000 1.000000 1.000000
4349.109375 0.000000 3184.449463 0.000000 0.932116 0.000000 0.362160 1.000000 1.000000 1.000000
4299.701172 0.000000 3181.776611 0.000000 0.119362 0.000000 0.992851 1.000000 1.000000 1.000000
4334.717773 0.000000 3206.487549 0.000000 0.709193 0.000000 0.705014 1.000000 1.000000 1.000000
4314.237793 0.000000 3184.170654 0.000000 0.986901 0.000000 0.161326 1.000000 1.000000 1.000000
4332.309570 0.000000 3206.820068 0.000000 0.993311 0.000000 0.115471 1.000000 1.000000 1.000000
4308.035156 0.000000 3181.966064 0.000000 0.604981 0.000000 0.796240 1.000000 1.000000 1.000000
4308.585449 0.000000 3196.582520 0.000000 0.938763 0.000000 0.344564 1.000000 1.000000 1.000000
4300.091797 0.000000 3183.718018 0.000000 0.999768 0.000000 0.021542 1.000000 1.000000 1.000000
4323.212402 0.000000 3193.851074 0.000000 0.755239 0.000000 0.655449 1.000000 1.000000 1.000000
4335.555664 0.000000 3207.392822 0.000000 0.465618 0.000000 0.884986 1.000000 1.000000 1.000000
4308.658691 0.000000 3195.230713 0.000000 0.515188 0.000000 0.857077 1.000000 1.000000 1.000000
4314.241211 0.000000 3207.151367 0.000000 0.006274 0.000000 0.999980 1.000000 1.000000 1.000000
4298.906738 0.000000 3180.504639 0.000000 0.998715 0.000000 0.050675 1.000000 1.000000 1.000000
4352.486816 0.000000 3188.147949 0.000000 0.997350 0.000000 0.072759 1.000000 1.000000 1.000000
4381.766602 0.000000 3184.912598 0.000000 0.992671 0.000000 0.120846 1.000000 1.000000 1.000000
4382.456543 0.000000 3188.460205 0.000000 0.018647 0.000000 0.999826 1.000000 1.000000 1.000000
4353.914551 0.000000 3185.843018 0.000000 0.725544 0.000000 0.688176 1.000000 1.000000 1.000000
4354.550293 0.000000 3189.887695 0.000000 0.679744 0.000000 0.733450 1.000000 1.000000 1.000000
4357.993652 0.000000 3187.665771 0.000000 0.627608 0.000000 0.778529 1.000000 1.000000 1.000000
4380.335449 0.000000 3187.229492 0.000000 0.478036 0.000000 0.878340 1.000000 1.000000 1.000000
4355.566895 0.000000 3187.613037 0.000000 0.999808 0.000000 0.019617 1.000000 1.000000 1.000000
4382.342285 0.000000 3186.621582 0.000000 0.144336 0.000000 0.989529 1.000000 1.000000 1.000000
4352.522461 0.000000 3186.602783 0.000000 0.961618 0.000000 0.274390 1.000000 1.000000 1.000000
4355.792969 0.000000 3186.481445 0.000000 0.999199 0.000000 0.040014 1.000000 1.000000 1.000000
4575.760254 0.000000 3122.465820 0.000000 0.970435 0.000000 0.241362 1.000000 1.000000 1.000000
4552.401367 0.000000 3135.697754 0.000000 0.888432 0.000000 0.459008 1.000000 1.000000 1.000000
4599.816406 0.000000 3118.100586 0.000000 0.681402 0.000000 0.731909 1.000000 1.000000 1.000000
4563.696289 0.000000 3132.392578 0.000000 0.332875 0.000000 0.942971 1.000000 1.000000 1.000000
4578.063477 0.000000 3124.208252 0.000000 0.802320 0.000000 0.596894 1.000000 1.000000 1.000000
4577.676270 0.000000 3146.371826 0.000000 0.553554 0.000000 0.832813 1.000000 1.000000 1.000000
4554.790039 0.000000 3136.037109 0.000000 0.065701 0.000000 0.997839 1.000000 1.000000 1.000000
4578.103516 0.000000 3137.969482 0.000000 0.954710 0.000000 0.297537 1.000000 1.000000 1.000000
4577.592285 0.000000 3126.092285 0.000000 0.907932 0.000000 0.419117 1.000000 1.000000 1.000000
4578.726562 0.000000 3147.770996 0.000000 0.982525 0.000000 0.186130 1.000000 1.000000 1.000000
4314.647461 0.000000 3236.128174 0.000000 0.820044 0.000000 0.572300 1.000000 1.000000 1.000000
4319.220703 0.000000 3239.250732 0.000000 0.946392 0.000000 0.323020 1.000000 1.000000 1.000000
4312.832031 0.000000 3241.370361 0.000000 0.318726 0.000000 0.947847 1.000000 1.000000 1.000000
4315.729004 0.000000 3226.150391 0.000000 0.483019 0.000000 0.875610 1.000000 1.000000 1.000000
4310.791992 0.000000 3237.990967 0.000000 0.891036 0.000000 0.453933 1.000000 1.000000 1.000000
4317.740723 0.000000 3253.952393 0.000000 0.805113 0.000000 0.593122 1.000000 1.000000 1.000000
4316.468262 0.000000 3241.416260 0.000000 0.377944 0.000000 0.925828 1.000000 1.000000 1.000000
4317.318848 0.000000 3229.063965 0.000000 0.313787 0.000000 0.949493 1.000000 1.000000 1.000000
4316.670410 0.000000 3215.562744 0.000000 0.456433 0.000000 0.889758 1.000000 1.000000 1.000000
4312.112305 0.000000 3236.015137 0.000000 0.993291 0.000000 0.115637 1.000000 1.000000 1.000000
4315.247070 0.000000 3228.336670 0.000000 0.232215 0.000000 0.972664 1.000000 1.000000 1.000000
4312.418945 0.000000 3239.366943 0.000000 0.796218 0.000000 0.605010 1.000000 1.000000 1.000000
4317.862305 0.000000 3217.043945 0.000000 0.115907 0.000000 0.993260 1.000000 1.000000 1.000000
4313.856445 0.000000 3240.325684 0.000000 0.411554 0.000000 0.911385 1.000000 1.000000 1.000000
4319.166504 0.000000 3250.407471 0.000000 0.014042 0.000000 0.999901 1.000000 1.000000 1.000000
4315.225586 0.000000 3229.731445 0.000000 0.885456 0.000000 0.464723 1.000000 1.000000 1.000000
4313.244629 0.000000 3265.273438 0.000000 0.688806 0.000000 0.724946 1.000000 1.000000 1.000000
4340.062012 0.000000 3278.697754 0.000000 0.236293 0.000000 0.971682 1.000000 1.000000 1.000000
4314.067383 0.000000 3262.806885 0.000000 0.912755 0.000000 0.408506 1.000000 1.000000 1.000000
4338.724609 0.000000 3280.856689 0.000000 0.803331 0.000000 0.595533 1.000000 1.000000 1.000000
4341.169434 0.000000 3279.906982 0.000000 0.962731 0.000000 0.270461 1.000000 1.000000 1.000000
4339.816406 0.000000 3279.988281 0.000000 1.000000 0.000000 0.000608 1.000000 1.000000 1.000000
4095.868896 0.000000 3384.552734 0.000000 0.966628 0.000000 0.256183 1.000000 1.000000 1.000000
4150.622559 0.000000 3379.292480 0.000000 0.411253 0.000000 0.911521 1.000000 1.000000 1.000000
4096.487793 0.000000 3362.279785 0.000000 0.667488 0.000000 0.744621 1.000000 1.000000 1.000000
4473.155762 0.000000 3346.100342 0.000000 0.915779 0.000000 0.401683 1.000000 1.000000 1.000000
4482.620117 0.000000 3343.862305 0.000000 0.035074 0.000000 0.999385 1.000000 1.000000 1.000000
4576.657227 0.000000 3331.521973 0.000000 0.481698 0.000000 0.876337 1.000000 1.000000 1.000000
4577.111816 0.000000 3333.427490 0.000000 0.309644 0.000000 0.950853 1.000000 1.000000 1.000000
4576.010742 0.000000 3332.674072 0.000000 0.016338 0.000000 0.999867 1.000000 1.000000 1.000000
4571.692871 0.000000 3330.172607 0.000000 0.965421 0.000000 0.260695 1.000000 1.000000 1.000000
4611.213379 0.000000 3128.963623 0.000000 0.864251 0.000000 0.503060 1.000000 1.000000 1.000000
4613.887695 0.000000 3118.228760 0.000000 0.747047 0.000000 0.664771 1.000000 1.000000 1.000000
4608.514648 0.000000 3118.884033 0.000000 0.798099 0.000000 0.602526 1.000000 1.000000 1.000000
4988.521973 0.000000 3163.592041 0.000000 0.117379 0.000000 0.993087 1.000000 1.000000 1.000000
4989.414551 0.000000 3164.698486 0.000000 0.427107 0.000000 0.904201 1.000000 1.000000 1.000000
4991.171387 0.000000 3177.553223 0.000000 0.631614 0.000000 0.775283 1.000000 1.000000 1.000000
4985.746094 0.000000 3168.866211 0.000000 0.865906 0.000000 0.500207 1.000000 1.000000 1.000000
4985.233887 0.000000 3181.632568 0.000000 0.732827 0.000000 0.680415 1.000000 1.000000 1.000000
4989.076172 0.000000 3179.946045 0.000000 0.824420 0.000000 0.565978 1.000000 1.000000 1.000000
4990.892578 0.000000 3165.401123 0.000000 0.622771 0.000000 0.782404 1.000000 1.000000 1.000000
4991.414551 0.000000 3163.288086 0.000000 0.985186 0.000000 0.171492 1.000000 1.000000 1.000000
4991.403809 0.000000 3164.531006 0.000000 0.788111 0.000000 0.615533 1.000000 1.000000 1.000000
4991.690430 0.000000 3178.839844 0.000000 0.704898 0.000000 0.709309 1.000000 1.000000 1.000000
5011.641602 0.000000 3179.634766 0.000000 0.568174 0.000000 0.822908 1.000000 1.000000 1.000000
4617.230469 0.000000 3352.692871 0.000000 0.973975 0.000000 0.226654 1.000000 1.000000 1.000000
4652.004883 0.000000 3354.191406 0.000000 0.899690 0.000000 0.436529 1.000000 1.000000 1.000000
4653.105469 0.000000 3355.068359 0.000000 0.984637 0.000000 0.174613 1.000000 1.000000 1.000000
4666.663574 0.000000 3367.393799 0.000000 0.855141 0.000000 0.518395 1.000000 1.000000 1.000000
4616.539551 0.000000 3354.244629 0.000000 0.675701 0.000000 0.737175 1.000000 1.000000 1.000000
4610.923340 0.000000 3354.598145 0.000000 0.774180 0.000000 0.632965 1.000000 1.000000 1.000000
4670.867676 0.000000 3370.504150 0.000000 0.509237 0.000000 0.860626 1.000000 1.000000 1.000000
4671.729492 0.000000 3358.249756 0.000000 0.659119 0.000000 0.752039 1.000000 1.000000 1.000000
4680.629883 0.000000 3376.671631 0.000000 0.924936 0.000000 0.380122 1.000000 1.000000 1.000000
4722.692871 0.000000 3360.119385 0.000000 0.726180 0.000000 0.687505 1.000000 1.000000 1.000000
4673.790527 0.000000 3369.601807 0.000000 0.738681 0.000000 0.674055 1.000000 1.000000 1.000000
4681.931152 0.000000 3374.673828 0.000000 0.605148 0.000000 0.796113 1.000000 1.000000 1.000000
4673.822754 0.000000 3358.316895 0.000000 0.405091 0.000000 0.914276 1.000000 1.000000 1.000000
4766.295410 0.000000 3375.590332 0.000000 0.964666 0.000000 0.263478 1.000000 1.000000 1.000000
4804.391602 0.000000 3397.912354 0.000000 0.718087 0.000000 0.695954 1.000000 1.000000 1.000000
4821.604004 0.000000 3396.606201 0.000000 0.480992 0.000000 0.876725 1.000000 1.000000 1.000000
4820.111816 0.000000 3396.209229 0.000000 0.781114 0.000000 0.624389 1.000000 1.000000 1.000000
5096.781250 0.000000 3278.720459 0.000000 0.941243 0.000000 0.337732 1.000000 1.000000 1.000000
5101.185059 0.000000 3281.175049 0.000000 0.081938 0.000000 0.996637 1.000000 1.000000 1.000000
5097.203613 0.000000 3281.405273 0.000000 0.714107 0.000000 0.700036 1.000000 1.000000 1.000000
4108.730957 0.000000 3426.281494 0.000000 0.535687 0.000000 0.844416 1.000000 1.000000 1.000000
4108.370117 0.000000 3427.782715 0.000000 0.442159 0.000000 0.896937 1.000000 1.000000 1.000000
4108.681641 0.000000 3492.774902 0.000000 0.894113 0.000000 0.447841 1.000000 1.000000 1.000000
4141.368652 0.000000 3489.200195 0.000000 0.776689 0.000000 0.629884 1.000000 1.000000 1.000000
4096.517578 0.000000 3471.601074 0.000000 0.427235 0.000000 0.904140 1.000000 1.000000 1.000000
4143.199219 0.000000 3486.512695 0.000000 0.387742 0.000000 0.921768 1.000000 1.000000 1.000000
4140.207031 0.000000 3486.558594 0.000000 0.998878 0.000000 0.047349 1.000000 1.000000 1.000000
4282.541504 0.000000 3447.315674 0.000000 0.870089 0.000000 0.492895 1.000000 1.000000 1.000000
4108.681641 0.000000 3540.017090 0.000000 0.319647 0.000000 0.947537 1.000000 1.000000 1.000000
4113.304688 0.000000 3541.586426 0.000000 0.973622 0.000000 0.228168 1.000000 1.000000 1.000000
4110.984863 0.000000 3540.739258 0.000000 0.235718 0.000000 0.971821 1.000000 1.000000 1.000000
4135.562012 0.000000 3510.287354 0.000000 0.917559 0.000000 0.397600 1.000000 1.000000 1.000000
4103.151367 0.000000 3555.179688 0.000000 0.997749 0.000000 0.067053 1.000000 1.000000 1.000000
4134.680176 0.000000 3560.696777 0.000000 0.990050 0.000000 0.140717 1.000000 1.000000 1.000000
4104.833008 0.000000 3553.933838 0.000000 0.998445 0.000000 0.055740 1.000000 1.000000 1.000000
4133.119141 0.000000 3581.227051 0.000000 0.184599 0.000000 0.982814 1.000000 1.000000 1.000000
4278.394531 0.000000 3507.875488 0.000000 0.963304 0.000000 0.268412 1.000000 1.000000 1.000000
4308.442871 0.000000 3586.760498 0.000000 0.983402 0.000000 0.181438 1.000000 1.000000 1.000000
4136.324219 0.000000 3599.808594 0.000000 0.909239 0.000000 0.416274 1.000000 1.000000 1.000000
4113.304688 0.000000 3636.070801 0.000000 0.969908 0.000000 0.243472 1.000000 1.000000 1.000000
4136.116699 0.000000 3596.332520 0.000000 0.543035 0.000000 0.839710 1.000000 1.000000 1.000000
4122.865723 0.000000 3631.390137 0.000000 0.266246 0.000000 0.963905 1.000000 1.000000 1.000000
4100.612793 0.000000 3630.966309 0.000000 0.015462 0.000000 0.999880 1.000000 1.000000 1.000000
4139.771484 0.000000 3636.273926 0.000000 0.929138 0.000000 0.369734 1.000000 1.000000 1.000000
4111.379395 0.000000 3637.262939 0.000000 0.996318 0.000000 0.085734 1.000000 1.000000 1.000000
4156.228516 0.000000 3622.899414 0.000000 0.963361 0.000000 0.268209 1.000000 1.000000 1.000000
4101.549316 0.000000 3632.518311 0.000000 0.996575 0.000000 0.082688 1.000000 1.000000 1.000000
4154.153320 0.000000 3623.764404 0.000000 0.109607 0.000000 0.993975 1.000000 1.000000 1.000000
4170.304199 0.000000 3627.293213 0.000000 0.083836 0.000000 0.996480 1.000000 1.000000 1.000000
4172.187988 0.000000 3628.160400 0.000000 0.215531 0.000000 0.976497 1.000000 1.000000 1.000000
4106.940430 0.000000 3648.349854 0.000000 0.034566 0.000000 0.999402 1.000000 1.000000 1.000000
4124.736816 0.000000 3670.476318 0.000000 0.999945 0.000000 0.010499 1.000000 1.000000 1.000000
4155.982422 0.000000 3645.540527 0.000000 0.033452 0.000000 0.999440 1.000000 1.000000 1.000000
4102.045410 0.000000 3643.179932 0.000000 0.146798 0.000000 0.989167 1.000000 1.000000 1.000000
4099.538086 0.000000 3671.895020 0.000000 0.830780 0.000000 0.556600 1.000000 1.000000 1.000000
4108.037598 0.000000 3665.822021 0.000000 0.854283 0.000000 0.519808 1.000000 1.000000 1.000000
4124.829590 0.000000 3643.814453 0.000000 0.032897 0.000000 0.999459 1.000000 1.000000 1.000000
4109.694824 0.000000 3649.949219 0.000000 0.962975 0.000000 0.269592 1.000000 1.000000 1.000000
4100.304688 0.000000 3669.140869 0.000000 0.648132 0.000000 0.761528 1.000000 1.000000 1.000000
4125.001465 0.000000 3672.666260 0.000000 0.847124 0.000000 0.531395 1.000000 1.000000 1.000000
4110.858398 0.000000 3637.764404 0.000000 0.425370 0.000000 0.905020 1.000000 1.000000 1.000000
4308.442871 0.000000 3634.002686 0.000000 0.266130 0.000000 0.963937 1.000000 1.000000 1.000000
4342.386719 0.000000 3602.359863 0.000000 0.838091 0.000000 0.545530 1.000000 1.000000 1.000000
4348.710449 0.000000 3608.004150 0.000000 0.490042 0.000000 0.871699 1.000000 1.000000 1.000000
4104.853027 0.000000 3711.837891 0.000000 0.053753 0.000000 0.998554 1.000000 1.000000 1.000000
4112.607422 0.000000 3727.352539 0.000000 0.471788 0.000000 0.881712 1.000000 1.000000 1.000000
4110.105957 0.000000 3726.988281 0.000000 0.529204 0.000000 0.848494 1.000000 1.000000 1.000000
4108.730957 0.000000 3756.976807 0.000000 0.491504 0.000000 0.870875 1.000000 1.000000 1.000000
4136.324219 0.000000 3741.535156 0.000000 0.538358 0.000000 0.842716 1.000000 1.000000 1.000000
4136.931152 0.000000 3775.709961 0.000000 0.068202 0.000000 0.997672 1.000000 1.000000 1.000000
4156.432129 0.000000 3772.084961 0.000000 0.126712 0.000000 0.991940 1.000000 1.000000 1.000000
4104.853027 0.000000 3759.080078 0.000000 0.951086 0.000000 0.308925 1.000000 1.000000 1.000000
4112.654297 0.000000 3766.571533 0.000000 0.651782 0.000000 0.758406 1.000000 1.000000 1.000000
4106.745605 0.000000 3765.283936 0.000000 0.713700 0.000000 0.700451 1.000000 1.000000 1.000000
4140.398926 0.000000 3749.960205 0.000000 0.158800 0.000000 0.987311 1.000000 1.000000 1.000000
4105.292969 0.000000 3777.872559 0.000000 0.258022 0.000000 0.966139 1.000000 1.000000 1.000000
4108.037598 0.000000 3760.306396 0.000000 0.634858 0.000000 0.772629 1.000000 1.000000 1.000000
4109.664551 0.000000 3768.366943 0.000000 0.087265 0.000000 0.996185 1.000000 1.000000 1.000000
4113.304688 0.000000 3777.797363 0.000000 0.922654 0.000000 0.385628 1.000000 1.000000 1.000000
4117.758301 0.000000 3761.851318 0.000000 0.172358 0.000000 0.985034 1.000000 1.000000 1.000000
4100.878906 0.000000 3769.289551 0.000000 0.584373 0.000000 0.811485 1.000000 1.000000 1.000000
4109.233887 0.000000 3765.802490 0.000000 0.999958 0.000000 0.009166 1.000000 1.000000 1.000000
4105.615234 0.000000 3771.381592 0.000000 0.605200 0.000000 0.796074 1.000000 1.000000 1.000000
4136.293945 0.000000 3773.338623 0.000000 0.492633 0.000000 0.870237 1.000000 1.000000 1.000000
4138.982422 0.000000 3773.055908 0.000000 0.999998 0.000000 0.001966 1.000000 1.000000 1.000000
4158.334961 0.000000 3773.548340 0.000000 0.286498 0.000000 0.958081 1.000000 1.000000 1.000000
4104.418945 0.000000 3765.303711 0.000000 0.921796 0.000000 0.387676 1.000000 1.000000 1.000000
4101.807129 0.000000 3778.132568 0.000000 0.598725 0.000000 0.800955 1.000000 1.000000 1.000000
4108.195312 0.000000 3769.886963 0.000000 0.003274 0.000000 0.999995 1.000000 1.000000 1.000000
4105.659668 0.000000 3767.027588 0.000000 0.846697 0.000000 0.532075 1.000000 1.000000 1.000000
4109.859863 0.000000 3761.433105 0.000000 0.940233 0.000000 0.340532 1.000000 1.000000 1.000000
4110.741699 0.000000 3766.823486 0.000000 0.995115 0.000000 0.098724 1.000000 1.000000 1.000000
4097.155762 0.000000 3770.080078 0.000000 0.973660 0.000000 0.228005 1.000000 1.000000 1.000000
4102.401367 0.000000 3768.654053 0.000000 0.258967 0.000000 0.965886 1.000000 1.000000 1.000000
4104.331543 0.000000 3766.611328 0.000000 0.874935 0.000000 0.484240 1.000000 1.000000 1.000000
4105.244629 0.000000 3768.776611 0.000000 0.965617 0.000000 0.259969 1.000000 1.000000 1.000000
4098.226074 0.000000 3770.062744 0.000000 0.983334 0.000000 0.181808 1.000000 1.000000 1.000000
4193.279297 0.000000 3772.135010 0.000000 0.705803 0.000000 0.708408 1.000000 1.000000 1.000000
4160.551758 0.000000 3768.441406 0.000000 0.704396 0.000000 0.709807 1.000000 1.000000 1.000000
4159.499512 0.000000 3770.836914 0.000000 0.995064 0.000000 0.099240 1.000000 1.000000 1.000000
4346.533691 0.000000 3730.768799 0.000000 0.963821 0.000000 0.266550 1.000000 1.000000 1.000000
4378.639648 0.000000 3614.065674 0.000000 0.496896 0.000000 0.867810 1.000000 1.000000 1.000000
4364.700195 0.000000 3615.250244 0.000000 0.223832 0.000000 0.974628 1.000000 1.000000 1.000000
4790.544434 0.000000 3426.534668 0.000000 0.992068 0.000000 0.125702 1.000000 1.000000 1.000000
4794.255371 0.000000 3428.139893 0.000000 0.852039 0.000000 0.523479 1.000000 1.000000 1.000000
4789.558105 0.000000 3440.237549 0.000000 0.560721 0.000000 0.828005 1.000000 1.000000 1.000000
4793.990723 0.000000 3420.563232 0.000000 0.905216 0.000000 0.424951 1.000000 1.000000 1.000000
4791.896973 0.000000 3428.835449 0.000000 0.548502 0.000000 0.836149 1.000000 1.000000 1.000000
4788.250488 0.000000 3438.434082 0.000000 0.187262 0.000000 0.982310 1.000000 1.000000 1.000000
4792.503418 0.000000 3421.901123 0.000000 0.722209 0.000000 0.691675 1.000000 1.000000 1.000000
4790.689453 0.000000 3422.261230 0.000000 0.402364 0.000000 0.915480 1.000000 1.000000 1.000000
4793.001465 0.000000 3436.877197 0.000000 0.980040 0.000000 0.198802 1.000000 1.000000 1.000000
4795.559082 0.000000 3428.354492 0.000000 0.699977 0.000000 0.714166 1.000000 1.000000 1.000000
4811.456055 0.000000 3407.742188 0.000000 0.275566 0.000000 0.961282 1.000000 1.000000 1.000000
4799.713867 0.000000 3415.050781 0.000000 0.145325 0.000000 0.989384 1.000000 1.000000 1.000000
4847.778320 0.000000 3405.631836 0.000000 0.996169 0.000000 0.087454 1.000000 1.000000 1.000000
4828.743652 0.000000 3407.603516 0.000000 0.879689 0.000000 0.475549 1.000000 1.000000 1.000000
4847.440918 0.000000 3403.112793 0.000000 0.140599 0.000000 0.990067 1.000000 1.000000 1.000000
4827.652344 0.000000 3412.931152 0.000000 0.941776 0.000000 0.336242 1.000000 1.000000 1.000000
4799.818848 0.000000 3417.426270 0.000000 0.605710 0.000000 0.795686 1.000000 1.000000 1.000000
4830.794434 0.000000 3407.753662 0.000000 0.982697 0.000000 0.185218 1.000000 1.000000 1.000000
4829.799805 0.000000 3409.455322 0.000000 0.982696 0.000000 0.185223 1.000000 1.000000 1.000000
4828.599609 0.000000 3408.913818 0.000000 0.924319 0.000000 0.381622 1.000000 1.000000 1.000000
4811.609375 0.000000 3406.445312 0.000000 0.512418 0.000000 0.858736 1.000000 1.000000 1.000000
4829.855469 0.000000 3407.166260 0.000000 0.993867 0.000000 0.110583 1.000000 1.000000 1.000000
4850.936523 0.000000 3479.618408 0.000000 0.999484 0.000000 0.032119 1.000000 1.000000 1.000000
4843.576172 0.000000 3454.396973 0.000000 0.734422 0.000000 0.678693 1.000000 1.000000 1.000000
4841.060547 0.000000 3461.628906 0.000000 0.642280 0.000000 0.766470 1.000000 1.000000 1.000000
4838.805176 0.000000 3468.419434 0.000000 0.795504 0.000000 0.605949 1.000000 1.000000 1.000000
4848.776367 0.000000 3480.241699 0.000000 0.697760 0.000000 0.716332 1.000000 1.000000 1.000000
4849.992676 0.000000 3480.777588 0.000000 0.362232 0.000000 0.932088 1.000000 1.000000 1.000000
4880.006348 0.000000 3418.562988 0.000000 0.337787 0.000000 0.941222 1.000000 1.000000 1.000000
4879.749023 0.000000 3415.680176 0.000000 0.564589 0.000000 0.825372 1.000000 1.000000 1.000000
4871.365723 0.000000 3421.619629 0.000000 0.039540 0.000000 0.999218 1.000000 1.000000 1.000000
4879.291504 0.000000 3414.020996 0.000000 0.284900 0.000000 0.958557 1.000000 1.000000 1.000000
4872.788574 0.000000 3420.786865 0.000000 0.852527 0.000000 0.522684 1.000000 1.000000 1.000000
4881.833008 0.000000 3419.693115 0.000000 0.999761 0.000000 0.021856 1.000000 1.000000 1.000000
4875.365234 0.000000 3425.530029 0.000000 0.517378 0.000000 0.855757 1.000000 1.000000 1.000000
4880.334961 0.000000 3417.061523 0.000000 0.177889 0.000000 0.984051 1.000000 1.000000 1.000000
4957.074707 0.000000 3458.519287 0.000000 0.731819 0.000000 0.681499 1.000000 1.000000 1.000000
4978.315918 0.000000 3487.131836 0.000000 0.997949 0.000000 0.064007 1.000000 1.000000 1.000000
4962.535156 0.000000 3458.370850 0.000000 0.276209 0.000000 0.961098 1.000000 1.000000 1.000000
4951.318848 0.000000 3469.936279 0.000000 0.420812 0.000000 0.907148 1.000000 1.000000 1.000000
4953.490723 0.000000 3460.696533 0.000000 0.727006 0.000000 0.686631 1.000000 1.000000 1.000000
4957.992188 0.000000 3461.896973 0.000000 0.768894 0.000000 0.639377 1.000000 1.000000 1.000000
4979.860352 0.000000 3488.329346 0.000000 0.313300 0.000000 0.949654 1.000000 1.000000 1.000000
4962.508789 0.000000 3459.462158 0.000000 0.831678 0.000000 0.555258 1.000000 1.000000 1.000000
4918.528809 0.000000 3521.019043 0.000000 0.380999 0.000000 0.924576 1.000000 1.000000 1.000000
4916.854004 0.000000 3511.619141 0.000000 0.142267 0.000000 0.989828 1.000000 1.000000 1.000000
4892.397949 0.000000 3524.869385 0.000000 0.623832 0.000000 0.781558 1.000000 1.000000 1.000000
4903.369629 0.000000 3524.070068 0.000000 0.991632 0.000000 0.129095 1.000000 1.000000 1.000000
4898.849609 0.000000 3527.497803 0.000000 0.566606 0.000000 0.823989 1.000000 1.000000 1.000000
4900.479492 0.000000 3530.049316 0.000000 0.162848 0.000000 0.986651 1.000000 1.000000 1.000000
4921.312500 0.000000 3520.239014 0.000000 0.228275 0.000000 0.973597 1.000000 1.000000 1.000000
4913.133789 0.000000 3532.276611 0.000000 0.225726 0.000000 0.974191 1.000000 1.000000 1.000000
4893.786133 0.000000 3526.770752 0.000000 0.991653 0.000000 0.128932 1.000000 1.000000 1.000000
4894.645508 0.000000 3524.776855 0.000000 0.911520 0.000000 0.411257 1.000000 1.000000 1.000000
4885.916016 0.000000 3527.525879 0.000000 0.720836 0.000000 0.693105 1.000000 1.000000 1.000000
4917.186035 0.000000 3513.777344 0.000000 0.180897 0.000000 0.983502 1.000000 1.000000 1.000000
4884.515137 0.000000 3527.277832 0.000000 0.823009 0.000000 0.568028 1.000000 1.000000 1.000000
4912.011719 0.000000 3532.866699 0.000000 0.364659 0.000000 0.931141 1.000000 1.000000 1.000000
4893.604004 0.000000 3527.961670 0.000000 0.839071 0.000000 0.544023 1.000000 1.000000 1.000000
4986.152832 0.000000 3517.806641 0.000000 0.764711 0.000000 0.644373 1.000000 1.000000 1.000000
4988.374512 0.000000 3506.778809 0.000000 0.682352 0.000000 0.731023 1.000000 1.000000 1.000000
4986.295898 0.000000 3496.859131 0.000000 0.834676 0.000000 0.550741 1.000000 1.000000 1.000000
4986.526367 0.000000 3507.276367 0.000000 0.200550 0.000000 0.979683 1.000000 1.000000 1.000000
4985.086914 0.000000 3497.959473 0.000000 0.825495 0.000000 0.564409 1.000000 1.000000 1.000000
4989.345703 0.000000 3503.785645 0.000000 0.953983 0.000000 0.299860 1.000000 1.000000 1.000000
4984.119141 0.000000 3515.230957 0.000000 0.754875 0.000000 0.655869 1.000000 1.000000 1.000000
4916.124023 0.000000 3556.488525 0.000000 0.232168 0.000000 0.972676 1.000000 1.000000 1.000000
4917.099121 0.000000 3563.360107 0.000000 0.460519 0.000000 0.887650 1.000000 1.000000 1.000000
4914.505371 0.000000 3562.731201 0.000000 0.850640 0.000000 0.525748 1.000000 1.000000 1.000000
4973.393066 0.000000 3578.188965 0.000000 0.717956 0.000000 0.696089 1.000000 1.000000 1.000000
4959.889648 0.000000 3557.924805 0.000000 0.999797 0.000000 0.020130 1.000000 1.000000 1.000000
4972.297852 0.000000 3560.991455 0.000000 0.980548 0.000000 0.196281 1.000000 1.000000 1.000000
4981.229004 0.000000 3565.102539 0.000000 0.716140 0.000000 0.697957 1.000000 1.000000 1.000000
4975.097656 0.000000 3580.997070 0.000000 0.995468 0.000000 0.095093 1.000000 1.000000 1.000000
4972.105957 0.000000 3581.042969 0.000000 0.830443 0.000000 0.557104 1.000000 1.000000 1.000000
4978.646484 0.000000 3564.309814 0.000000 0.115592 0.000000 0.993297 1.000000 1.000000 1.000000
4971.164062 0.000000 3563.281738 0.000000 0.154896 0.000000 0.987931 1.000000 1.000000 1.000000
4955.375977 0.000000 3551.305420 0.000000 0.971150 0.000000 0.238470 1.000000 1.000000 1.000000
4974.905273 0.000000 3549.543457 0.000000 0.105382 0.000000 0.994432 1.000000 1.000000 1.000000
4960.145996 0.000000 3545.474609 0.000000 0.720228 0.000000 0.693737 1.000000 1.000000 1.000000
4978.765625 0.000000 3576.312744 0.000000 0.498707 0.000000 0.866770 1.000000 1.000000 1.000000
4963.336426 0.000000 3550.999268 0.000000 0.982360 0.000000 0.187000 1.000000 1.000000 1.000000
4961.657715 0.000000 3554.636230 0.000000 0.131681 0.000000 0.991292 1.000000 1.000000 1.000000
4960.681152 0.000000 3556.324707 0.000000 0.983247 0.000000 0.182280 1.000000 1.000000 1.000000
4953.797852 0.000000 3550.387451 0.000000 0.166849 0.000000 0.985983 1.000000 1.000000 1.000000
4971.855469 0.000000 3550.340576 0.000000 0.104941 0.000000 0.994478 1.000000 1.000000 1.000000
4963.512207 0.000000 3549.337158 0.000000 0.266122 0.000000 0.963939 1.000000 1.000000 1.000000
4974.734375 0.000000 3546.480713 0.000000 0.716125 0.000000 0.697972 1.000000 1.000000 1.000000
4960.608887 0.000000 3546.685547 0.000000 0.011201 0.000000 0.999937 1.000000 1.000000 1.000000
4962.398438 0.000000 3548.181885 0.000000 0.627370 0.000000 0.778722 1.000000 1.000000 1.000000
5010.613281 0.000000 3563.284912 0.000000 0.639235 0.000000 0.769011 1.000000 1.000000 1.000000
5005.333008 0.000000 3547.093506 0.000000 0.542441 0.000000 0.840094 1.000000 1.000000 1.000000
5013.152832 0.000000 3563.439209 0.000000 0.943332 0.000000 0.331851 1.000000 1.000000 1.000000
5128.575195 0.000000 3187.702881 0.000000 0.200170 0.000000 0.979761 1.000000 1.000000 1.000000
5123.485840 0.000000 3183.030518 0.000000 0.899190 0.000000 0.437558 1.000000 1.000000 1.000000
5125.879883 0.000000 3182.494629 0.000000 0.144615 0.000000 0.989488 1.000000 1.000000 1.000000
5267.261719 0.000000 3136.540283 0.000000 0.868671 0.000000 0.495389 1.000000 1.000000 1.000000
5251.457520 0.000000 3187.613037 0.000000 0.967752 0.000000 0.251904 1.000000 1.000000 1.000000
5204.333496 0.000000 3256.065186 0.000000 0.972048 0.000000 0.234783 1.000000 1.000000 1.000000
5229.169434 0.000000 3233.932861 0.000000 0.900915 0.000000 0.433996 1.000000 1.000000 1.000000
5234.615234 0.000000 3233.614502 0.000000 0.203535 0.000000 0.979068 1.000000 1.000000 1.000000
5199.667969 0.000000 3248.768311 0.000000 0.740627 0.000000 0.671916 1.000000 1.000000 1.000000
5175.670410 0.000000 3291.176514 0.000000 0.029216 0.000000 0.999573 1.000000 1.000000 1.000000
5203.626953 0.000000 3259.825928 0.000000 0.021702 0.000000 0.999765 1.000000 1.000000 1.000000
5209.135254 0.000000 3265.273438 0.000000 0.663409 0.000000 0.748257 1.000000 1.000000 1.000000
5218.503906 0.000000 3269.402100 0.000000 0.975762 0.000000 0.218833 1.000000 1.000000 1.000000
5225.503418 0.000000 3261.998291 0.000000 0.700729 0.000000 0.713427 1.000000 1.000000 1.000000
5221.216309 0.000000 3267.928467 0.000000 0.956431 0.000000 0.291958 1.000000 1.000000 1.000000
5209.958008 0.000000 3262.806885 0.000000 0.770996 0.000000 0.636840 1.000000 1.000000 1.000000
5194.711914 0.000000 3277.763672 0.000000 0.996220 0.000000 0.086864 1.000000 1.000000 1.000000
5195.591797 0.000000 3276.260986 0.000000 0.939547 0.000000 0.342420 1.000000 1.000000 1.000000
5248.638672 0.000000 3230.303711 0.000000 0.974475 0.000000 0.224494 1.000000 1.000000 1.000000
5248.377441 0.000000 3235.390137 0.000000 0.611746 0.000000 0.791055 1.000000 1.000000 1.000000
5247.442871 0.000000 3232.577637 0.000000 0.646236 0.000000 0.763138 1.000000 1.000000 1.000000
5307.205566 0.000000 3228.255859 0.000000 0.215330 0.000000 0.976541 1.000000 1.000000 1.000000
5287.421875 0.000000 3226.834229 0.000000 0.220303 0.000000 0.975432 1.000000 1.000000 1.000000
5306.810547 0.000000 3229.992188 0.000000 0.080489 0.000000 0.996756 1.000000 1.000000 1.000000
4141.494141 0.000000 3814.399902 0.000000 0.963463 0.000000 0.267843 1.000000 1.000000 1.000000
4108.730957 0.000000 3804.218994 0.000000 0.510511 0.000000 0.859871 1.000000 1.000000 1.000000
4129.287109 0.000000 3819.377197 0.000000 0.109400 0.000000 0.993998 1.000000 1.000000 1.000000
4103.355957 0.000000 3810.359619 0.000000 0.998391 0.000000 0.056705 1.000000 1.000000 1.000000
4138.020996 0.000000 3813.478027 0.000000 0.348249 0.000000 0.937402 1.000000 1.000000 1.000000
4116.289062 0.000000 3788.475098 0.000000 0.126627 0.000000 0.991950 1.000000 1.000000 1.000000
4177.383789 0.000000 3779.428223 0.000000 0.010906 0.000000 0.999941 1.000000 1.000000 1.000000
4924.190918 0.000000 3857.105957 0.000000 0.300520 0.000000 0.953775 1.000000 1.000000 1.000000
4915.471680 0.000000 3868.100586 0.000000 0.043506 0.000000 0.999053 1.000000 1.000000 1.000000
4927.767578 0.000000 3856.974609 0.000000 0.996421 0.000000 0.084532 1.000000 1.000000 1.000000
4924.625488 0.000000 3883.222412 0.000000 0.050380 0.000000 0.998730 1.000000 1.000000 1.000000
4925.415527 0.000000 3883.996094 0.000000 0.798076 0.000000 0.602557 1.000000 1.000000 1.000000
4936.354492 0.000000 3891.572754 0.000000 0.252827 0.000000 0.967511 1.000000 1.000000 1.000000
4944.935547 0.000000 3885.647217 0.000000 0.983187 0.000000 0.182604 1.000000 1.000000 1.000000
4946.518066 0.000000 3907.212891 0.000000 0.613878 0.000000 0.789401 1.000000 1.000000 1.000000
4772.410645 0.000000 4044.814453 0.000000 0.951963 0.000000 0.306214 1.000000 1.000000 1.000000
4751.603027 0.000000 4043.958984 0.000000 0.836580 0.000000 0.547846 1.000000 1.000000 1.000000
4770.703125 0.000000 4045.372559 0.000000 0.697838 0.000000 0.716255 1.000000 1.000000 1.000000
4790.281738 0.000000 4038.911133 0.000000 0.945576 0.000000 0.325402 1.000000 1.000000 1.000000
4786.659180 0.000000 4052.481689 0.000000 0.966139 0.000000 0.258023 1.000000 1.000000 1.000000
4791.716309 0.000000 4039.629883 0.000000 0.972613 0.000000 0.232430 1.000000 1.000000 1.000000
4806.728027 0.000000 4055.200439 0.000000 0.121659 0.000000 0.992572 1.000000 1.000000 1.000000
4803.538574 0.000000 4061.022949 0.000000 0.343721 0.000000 0.939072 1.000000 1.000000 1.000000
4805.970703 0.000000 4042.987061 0.000000 0.895486 0.000000 0.445090 1.000000 1.000000 1.000000
4804.527344 0.000000 4056.145996 0.000000 0.436033 0.000000 0.899931 1.000000 1.000000 1.000000
4821.597168 0.000000 4038.896484 0.000000 0.995096 0.000000 0.098915 1.000000 1.000000 1.000000
4805.463379 0.000000 4057.697998 0.000000 0.991468 0.000000 0.130353 1.000000 1.000000 1.000000
4822.906738 0.000000 4038.242676 0.000000 0.993773 0.000000 0.111423 1.000000 1.000000 1.000000
4798.640625 0.000000 4064.686523 0.000000 0.950368 0.000000 0.311129 1.000000 1.000000 1.000000
4787.433594 0.000000 4070.103516 0.000000 0.839602 0.000000 0.543201 1.000000 1.000000 1.000000
4786.250977 0.000000 4071.950439 0.000000 0.810788 0.000000 0.585340 1.000000 1.000000 1.000000
4799.713867 0.000000 4066.882568 0.000000 0.755642 0.000000 0.654985 1.000000 1.000000 1.000000
4837.249512 0.000000 4108.011719 0.000000 0.203284 0.000000 0.979120 1.000000 1.000000 1.000000
4800.417480 0.000000 4073.761719 0.000000 0.995619 0.000000 0.093502 1.000000 1.000000 1.000000
4801.999512 0.000000 4075.832520 0.000000 0.354481 0.000000 0.935063 1.000000 1.000000 1.000000
4799.450684 0.000000 4087.695801 0.000000 0.777093 0.000000 0.629386 1.000000 1.000000 1.000000
4800.715820 0.000000 4075.544678 0.000000 0.865164 0.000000 0.501490 1.000000 1.000000 1.000000
4844.595703 0.000000 4124.288574 0.000000 0.992071 0.000000 0.125676 1.000000 1.000000 1.000000
4819.850586 0.000000 4113.956055 0.000000 0.818200 0.000000 0.574933 1.000000 1.000000 1.000000
4988.183105 0.000000 4046.074707 0.000000 0.691112 0.000000 0.722747 1.000000 1.000000 1.000000
4969.374512 0.000000 4054.693848 0.000000 0.721943 0.000000 0.691952 1.000000 1.000000 1.000000
4985.967285 0.000000 4034.711670 0.000000 0.898878 0.000000 0.438199 1.000000 1.000000 1.000000
4986.428223 0.000000 4056.178467 0.000000 0.814834 0.000000 0.579695 1.000000 1.000000 1.000000
4992.588867 0.000000 4062.536621 0.000000 0.966912 0.000000 0.255109 1.000000 1.000000 1.000000
4993.836426 0.000000 4036.202393 0.000000 0.613130 0.000000 0.789982 1.000000 1.000000 1.000000
4958.386230 0.000000 4086.061768 0.000000 0.021669 0.000000 0.999765 1.000000 1.000000 1.000000
4984.834473 0.000000 4104.379883 0.000000 0.893961 0.000000 0.448146 1.000000 1.000000 1.000000
4869.086914 0.000000 4134.881836 0.000000 0.291516 0.000000 0.956566 1.000000 1.000000 1.000000
4880.472656 0.000000 4148.432129 0.000000 0.096936 0.000000 0.995291 1.000000 1.000000 1.000000
4901.241699 0.000000 4155.254395 0.000000 0.676810 0.000000 0.736157 1.000000 1.000000 1.000000
4864.577637 0.000000 4136.887695 0.000000 0.227157 0.000000 0.973858 1.000000 1.000000 1.000000
4896.929199 0.000000 4128.485840 0.000000 0.946150 0.000000 0.323727 1.000000 1.000000 1.000000
4912.367676 0.000000 4151.361816 0.000000 0.352696 0.000000 0.935738 1.000000 1.000000 1.000000
4867.624512 0.000000 4136.633789 0.000000 0.850907 0.000000 0.525316 1.000000 1.000000 1.000000
4975.789062 0.000000 4118.550293 0.000000 0.996930 0.000000 0.078292 1.000000 1.000000 1.000000
4985.312500 0.000000 4120.021973 0.000000 0.126208 0.000000 0.992004 1.000000 1.000000 1.000000
4975.097656 0.000000 4147.903809 0.000000 0.866434 0.000000 0.499292 1.000000 1.000000 1.000000
4974.740723 0.000000 4129.134277 0.000000 0.982762 0.000000 0.184873 1.000000 1.000000 1.000000
4977.818359 0.000000 4117.908691 0.000000 0.539201 0.000000 0.842177 1.000000 1.000000 1.000000
4973.250977 0.000000 4122.200195 0.000000 0.513147 0.000000 0.858300 1.000000 1.000000 1.000000
4992.588867 0.000000 4109.778809 0.000000 0.718837 0.000000 0.695179 1.000000 1.000000 1.000000
5015.790527 0.000000 4064.604736 0.000000 0.510477 0.000000 0.859891 1.000000 1.000000 1.000000
5005.585449 0.000000 4075.128906 0.000000 0.912362 0.000000 0.409384 1.000000 1.000000 1.000000
5014.037109 0.000000 4066.345947 0.000000 0.183700 0.000000 0.982982 1.000000 1.000000 1.000000
4999.247070 0.000000 4141.055176 0.000000 0.896320 0.000000 0.443408 1.000000 1.000000 1.000000
4999.500977 0.000000 4134.933594 0.000000 0.115827 0.000000 0.993269 1.000000 1.000000 1.000000
4602.502441 0.000000 4344.917480 0.000000 0.894519 0.000000 0.447029 1.000000 1.000000 1.000000
4595.510742 0.000000 4340.522461 0.000000 0.578884 0.000000 0.815410 1.000000 1.000000 1.000000
4604.568848 0.000000 4344.646973 0.000000 0.648633 0.000000 0.761101 1.000000 1.000000 1.000000
4602.475098 0.000000 4339.631836 0.000000 0.544372 0.000000 0.838844 1.000000 1.000000 1.000000
4597.075195 0.000000 4341.397949 0.000000 0.771951 0.000000 0.635683 1.000000 1.000000 1.000000
4593.688965 0.000000 4390.318359 0.000000 0.905598 0.000000 0.424137 1.000000 1.000000 1.000000
4593.303711 0.000000 4364.643555 0.000000 0.139515 0.000000 0.990220 1.000000 1.000000 1.000000
4603.927734 0.000000 4354.173828 0.000000 0.706452 0.000000 0.707761 1.000000 1.000000 1.000000
4594.362793 0.000000 4384.733398 0.000000 0.866413 0.000000 0.499328 1.000000 1.000000 1.000000
4598.930664 0.000000 4387.902344 0.000000 0.989444 0.000000 0.144913 1.000000 1.000000 1.000000
4593.617676 0.000000 4359.261230 0.000000 0.219998 0.000000 0.975500 1.000000 1.000000 1.000000
4572.437012 0.000000 4375.229004 0.000000 0.159528 0.000000 0.987193 1.000000 1.000000 1.000000
4600.085449 0.000000 4390.559082 0.000000 0.971109 0.000000 0.238634 1.000000 1.000000 1.000000
4592.168945 0.000000 4367.611816 0.000000 0.787802 0.000000 0.615929 1.000000 1.000000 1.000000
4594.693359 0.000000 4367.427246 0.000000 0.917404 0.000000 0.397957 1.000000 1.000000 1.000000
4593.361816 0.000000 4356.614258 0.000000 0.905612 0.000000 0.424106 1.000000 1.000000 1.000000
4595.284180 0.000000 4357.761719 0.000000 0.408246 0.000000 0.912872 1.000000 1.000000 1.000000
4594.812500 0.000000 4379.430176 0.000000 0.949207 0.000000 0.314653 1.000000 1.000000 1.000000
4585.741699 0.000000 4371.509766 0.000000 0.471250 0.000000 0.881999 1.000000 1.000000 1.000000
4592.340820 0.000000 4365.979980 0.000000 0.600429 0.000000 0.799678 1.000000 1.000000 1.000000
4533.585938 0.000000 4422.003418 0.000000 0.203540 0.000000 0.979067 1.000000 1.000000 1.000000
4531.429199 0.000000 4422.338379 0.000000 0.909931 0.000000 0.414760 1.000000 1.000000 1.000000
4532.760254 0.000000 4423.544922 0.000000 0.242952 0.000000 0.970038 1.000000 1.000000 1.000000
4543.814453 0.000000 4423.881348 0.000000 0.747679 0.000000 0.664060 1.000000 1.000000 1.000000
4593.571777 0.000000 4393.679688 0.000000 0.502927 0.000000 0.864329 1.000000 1.000000 1.000000
4602.278809 0.000000 4420.226074 0.000000 0.294097 0.000000 0.955776 1.000000 1.000000 1.000000
4589.948730 0.000000 4438.813965 0.000000 0.239397 0.000000 0.970922 1.000000 1.000000 1.000000
4581.280762 0.000000 4438.707520 0.000000 0.838596 0.000000 0.544754 1.000000 1.000000 1.000000
4594.708496 0.000000 4399.447754 0.000000 0.927366 0.000000 0.374157 1.000000 1.000000 1.000000
4592.406738 0.000000 4434.814941 0.000000 0.973504 0.000000 0.228672 1.000000 1.000000 1.000000
4596.030762 0.000000 4412.510742 0.000000 0.810838 0.000000 0.585270 1.000000 1.000000 1.000000
4590.255371 0.000000 4436.310059 0.000000 0.736524 0.000000 0.676411 1.000000 1.000000 1.000000
4545.947754 0.000000 4424.645996 0.000000 0.168699 0.000000 0.985668 1.000000 1.000000 1.000000
4545.344727 0.000000 4434.608887 0.000000 0.917989 0.000000 0.396606 1.000000 1.000000 1.000000
4600.557617 0.000000 4411.626953 0.000000 0.030322 0.000000 0.999540 1.000000 1.000000 1.000000
4585.675293 0.000000 4435.541016 0.000000 0.667623 0.000000 0.744499 1.000000 1.000000 1.000000
4575.760254 0.000000 4445.247070 0.000000 0.951519 0.000000 0.307590 1.000000 1.000000 1.000000
4577.897949 0.000000 4462.713867 0.000000 0.993042 0.000000 0.117758 1.000000 1.000000 1.000000
4578.582031 0.000000 4450.457031 0.000000 0.803456 0.000000 0.595365 1.000000 1.000000 1.000000
4559.419434 0.000000 4442.493164 0.000000 0.901317 0.000000 0.433160 1.000000 1.000000 1.000000
4588.071289 0.000000 4451.158691 0.000000 0.999646 0.000000 0.026617 1.000000 1.000000 1.000000
4563.881836 0.000000 4444.651367 0.000000 0.930905 0.000000 0.365263 1.000000 1.000000 1.000000
4605.525391 0.000000 4484.349609 0.000000 0.577945 0.000000 0.816076 1.000000 1.000000 1.000000
4581.478516 0.000000 4451.790039 0.000000 0.736268 0.000000 0.676690 1.000000 1.000000 1.000000
4601.351562 0.000000 4465.083008 0.000000 0.677719 0.000000 0.735321 1.000000 1.000000 1.000000
4602.062988 0.000000 4477.356445 0.000000 0.419509 0.000000 0.907751 1.000000 1.000000 1.000000
4603.592773 0.000000 4464.524414 0.000000 0.210429 0.000000 0.977609 1.000000 1.000000 1.000000
4556.125977 0.000000 4472.430176 0.000000 0.998914 0.000000 0.046588 1.000000 1.000000 1.000000
4567.896973 0.000000 4454.230957 0.000000 0.002255 0.000000 0.999997 1.000000 1.000000 1.000000
4603.662109 0.000000 4484.764648 0.000000 0.618515 0.000000 0.785773 1.000000 1.000000 1.000000
4605.231445 0.000000 4479.270020 0.000000 0.595610 0.000000 0.803274 1.000000 1.000000 1.000000
4578.641113 0.000000 4441.506836 0.000000 0.905703 0.000000 0.423914 1.000000 1.000000 1.000000
4594.708496 0.000000 4493.932129 0.000000 0.320802 0.000000 0.947146 1.000000 1.000000 1.000000
4685.245117 0.000000 4298.728027 0.000000 0.413177 0.000000 0.910651 1.000000 1.000000 1.000000
4620.668945 0.000000 4323.883301 0.000000 0.774821 0.000000 0.632181 1.000000 1.000000 1.000000
4630.713867 0.000000 4310.904785 0.000000 0.000304 0.000000 1.000000 1.000000 1.000000 1.000000
4668.671387 0.000000 4316.637207 0.000000 0.312449 0.000000 0.949935 1.000000 1.000000 1.000000
4636.674805 0.000000 4331.867188 0.000000 0.924674 0.000000 0.380759 1.000000 1.000000 1.000000
4627.268066 0.000000 4322.288086 0.000000 0.981446 0.000000 0.191740 1.000000 1.000000 1.000000
4608.455566 0.000000 4321.960449 0.000000 0.611469 0.000000 0.791268 1.000000 1.000000 1.000000
4628.768555 0.000000 4306.697266 0.000000 0.542606 0.000000 0.839987 1.000000 1.000000 1.000000
4635.689941 0.000000 4312.720703 0.000000 0.017310 0.000000 0.999850 1.000000 1.000000 1.000000
4621.602539 0.000000 4335.273438 0.000000 0.999172 0.000000 0.040679 1.000000 1.000000 1.000000
4621.632324 0.000000 4311.339844 0.000000 0.443709 0.000000 0.896171 1.000000 1.000000 1.000000
4623.618652 0.000000 4327.412109 0.000000 0.975027 0.000000 0.222085 1.000000 1.000000 1.000000
4630.293945 0.000000 4334.386230 0.000000 0.923699 0.000000 0.383120 1.000000 1.000000 1.000000
4609.883301 0.000000 4319.655762 0.000000 0.961440 0.000000 0.275015 1.000000 1.000000 1.000000
4633.529785 0.000000 4311.056152 0.000000 0.090800 0.000000 0.995869 1.000000 1.000000 1.000000
4670.335449 0.000000 4305.738770 0.000000 0.442797 0.000000 0.896622 1.000000 1.000000 1.000000
4663.337891 0.000000 4313.685059 0.000000 0.475947 0.000000 0.879474 1.000000 1.000000 1.000000
4619.336914 0.000000 4321.486328 0.000000 0.855786 0.000000 0.517330 1.000000 1.000000 1.000000
4633.421875 0.000000 4313.671387 0.000000 0.143132 0.000000 0.989704 1.000000 1.000000 1.000000
4611.535645 0.000000 4321.425781 0.000000 0.985201 0.000000 0.171404 1.000000 1.000000 1.000000
4613.964844 0.000000 4332.124512 0.000000 0.987289 0.000000 0.158934 1.000000 1.000000 1.000000
4634.758789 0.000000 4332.462402 0.000000 0.269757 0.000000 0.962928 1.000000 1.000000 1.000000
4642.871582 0.000000 4322.746582 0.000000 0.131518 0.000000 0.991314 1.000000 1.000000 1.000000
4665.339355 0.000000 4313.601074 0.000000 0.938611 0.000000 0.344976 1.000000 1.000000 1.000000
4628.903320 0.000000 4335.387695 0.000000 0.926830 0.000000 0.375481 1.000000 1.000000 1.000000
4608.491211 0.000000 4320.415527 0.000000 0.382977 0.000000 0.923758 1.000000 1.000000 1.000000
4632.071289 0.000000 4310.787598 0.000000 0.617298 0.000000 0.786730 1.000000 1.000000 1.000000
4609.191406 0.000000 4323.077637 0.000000 0.071850 0.000000 0.997415 1.000000 1.000000 1.000000
4672.708984 0.000000 4316.874512 0.000000 0.178005 0.000000 0.984030 1.000000 1.000000 1.000000
4701.105957 0.000000 4308.878906 0.000000 0.355722 0.000000 0.934592 1.000000 1.000000 1.000000
4677.879883 0.000000 4299.283691 0.000000 0.755614 0.000000 0.655017 1.000000 1.000000 1.000000
4672.447754 0.000000 4321.960449 0.000000 0.542663 0.000000 0.839951 1.000000 1.000000 1.000000
4701.271973 0.000000 4315.634277 0.000000 0.909812 0.000000 0.415020 1.000000 1.000000 1.000000
4683.329102 0.000000 4321.486328 0.000000 0.799133 0.000000 0.601154 1.000000 1.000000 1.000000
4689.314941 0.000000 4302.941406 0.000000 0.283902 0.000000 0.958853 1.000000 1.000000 1.000000
4681.942383 0.000000 4323.619141 0.000000 0.431533 0.000000 0.902097 1.000000 1.000000 1.000000
4685.147461 0.000000 4299.759277 0.000000 0.054008 0.000000 0.998541 1.000000 1.000000 1.000000
4671.513184 0.000000 4319.147949 0.000000 0.991005 0.000000 0.133824 1.000000 1.000000 1.000000
4691.824707 0.000000 4320.566895 0.000000 0.890851 0.000000 0.454296 1.000000 1.000000 1.000000
4672.789062 0.000000 4318.443359 0.000000 0.588082 0.000000 0.808802 1.000000 1.000000 1.000000
4820.789062 0.000000 4337.112793 0.000000 0.382838 0.000000 0.923816 1.000000 1.000000 1.000000
4809.207031 0.000000 4344.778809 0.000000 0.943322 0.000000 0.331879 1.000000 1.000000 1.000000
4822.270508 0.000000 4334.386230 0.000000 0.741557 0.000000 0.670890 1.000000 1.000000 1.000000
4895.721191 0.000000 4161.793945 0.000000 0.562370 0.000000 0.826885 1.000000 1.000000 1.000000
4919.098145 0.000000 4164.713379 0.000000 0.418181 0.000000 0.908364 1.000000 1.000000 1.000000
4926.625000 0.000000 4159.170898 0.000000 0.844821 0.000000 0.535049 1.000000 1.000000 1.000000
4913.826172 0.000000 4165.150879 0.000000 0.439783 0.000000 0.898104 1.000000 1.000000 1.000000
4940.580566 0.000000 4201.408203 0.000000 0.741447 0.000000 0.671012 1.000000 1.000000 1.000000
4945.203125 0.000000 4202.977539 0.000000 0.760841 0.000000 0.648939 1.000000 1.000000 1.000000
4947.658203 0.000000 4204.669922 0.000000 0.596572 0.000000 0.802560 1.000000 1.000000 1.000000
4955.666504 0.000000 4204.675293 0.000000 0.922448 0.000000 0.386121 1.000000 1.000000 1.000000
4945.290039 0.000000 4204.607910 0.000000 0.770269 0.000000 0.637719 1.000000 1.000000 1.000000
4944.464844 0.000000 4337.400879 0.000000 0.020337 0.000000 0.999793 1.000000 1.000000 1.000000
4653.940918 0.000000 4391.571777 0.000000 0.833191 0.000000 0.552986 1.000000 1.000000 1.000000
4637.701660 0.000000 4387.765137 0.000000 0.357581 0.000000 0.933882 1.000000 1.000000 1.000000
4651.847656 0.000000 4389.323730 0.000000 0.125878 0.000000 0.992046 1.000000 1.000000 1.000000
4633.148438 0.000000 4390.726562 0.000000 0.924031 0.000000 0.382318 1.000000 1.000000 1.000000
4668.349609 0.000000 4388.294434 0.000000 0.919827 0.000000 0.392323 1.000000 1.000000 1.000000
4657.979980 0.000000 4386.620605 0.000000 0.773249 0.000000 0.634103 1.000000 1.000000 1.000000
4681.222656 0.000000 4392.020996 0.000000 0.441969 0.000000 0.897030 1.000000 1.000000 1.000000
4613.887695 0.000000 4393.768066 0.000000 0.197499 0.000000 0.980303 1.000000 1.000000 1.000000
4644.889160 0.000000 4399.038574 0.000000 0.803106 0.000000 0.595836 1.000000 1.000000 1.000000
4615.089355 0.000000 4405.539062 0.000000 0.878719 0.000000 0.477339 1.000000 1.000000 1.000000
4608.425293 0.000000 4401.608398 0.000000 0.685268 0.000000 0.728291 1.000000 1.000000 1.000000
4649.083984 0.000000 4406.472656 0.000000 0.326803 0.000000 0.945093 1.000000 1.000000 1.000000
4633.210938 0.000000 4402.708008 0.000000 0.513231 0.000000 0.858251 1.000000 1.000000 1.000000
4643.400879 0.000000 4396.130371 0.000000 0.370388 0.000000 0.928877 1.000000 1.000000 1.000000
4642.620605 0.000000 4406.569336 0.000000 0.567049 0.000000 0.823684 1.000000 1.000000 1.000000
4642.055664 0.000000 4399.747559 0.000000 0.153563 0.000000 0.988139 1.000000 1.000000 1.000000
4646.872559 0.000000 4397.003418 0.000000 0.355656 0.000000 0.934617 1.000000 1.000000 1.000000
4670.867676 0.000000 4409.832520 0.000000 0.995107 0.000000 0.098806 1.000000 1.000000 1.000000
4698.600586 0.000000 4417.183105 0.000000 0.925813 0.000000 0.377981 1.000000 1.000000 1.000000
4726.552246 0.000000 4418.621094 0.000000 0.420433 0.000000 0.907324 1.000000 1.000000 1.000000
4672.708984 0.000000 4411.358887 0.000000 0.472593 0.000000 0.881281 1.000000 1.000000 1.000000
4721.288086 0.000000 4411.885742 0.000000 0.371946 0.000000 0.928254 1.000000 1.000000 1.000000
4730.184082 0.000000 4415.408691 0.000000 0.999948 0.000000 0.010213 1.000000 1.000000 1.000000
4699.682129 0.000000 4407.205078 0.000000 0.569299 0.000000 0.822131 1.000000 1.000000 1.000000
4730.263184 0.000000 4420.226074 0.000000 0.914454 0.000000 0.404691 1.000000 1.000000 1.000000
4714.292480 0.000000 4420.507324 0.000000 0.424483 0.000000 0.905436 1.000000 1.000000 1.000000
4714.935059 0.000000 4417.342285 0.000000 0.998964 0.000000 0.045503 1.000000 1.000000 1.000000
4734.369629 0.000000 4420.820312 0.000000 0.130682 0.000000 0.991424 1.000000 1.000000 1.000000
4734.327637 0.000000 4400.223145 0.000000 0.806956 0.000000 0.590611 1.000000 1.000000 1.000000
4673.790527 0.000000 4408.930176 0.000000 0.488585 0.000000 0.872516 1.000000 1.000000 1.000000
4679.389160 0.000000 4413.706055 0.000000 0.945428 0.000000 0.325830 1.000000 1.000000 1.000000
4734.193359 0.000000 4402.676270 0.000000 0.618866 0.000000 0.785496 1.000000 1.000000 1.000000
4696.065430 0.000000 4417.070312 0.000000 0.093439 0.000000 0.995625 1.000000 1.000000 1.000000
4680.762695 0.000000 4404.293457 0.000000 0.171172 0.000000 0.985241 1.000000 1.000000 1.000000
4716.064941 0.000000 4419.138184 0.000000 0.513722 0.000000 0.857957 1.000000 1.000000 1.000000
4671.834473 0.000000 4409.512695 0.000000 0.658235 0.000000 0.752812 1.000000 1.000000 1.000000
4728.175293 0.000000 4419.183594 0.000000 0.031350 0.000000 0.999509 1.000000 1.000000 1.000000
4733.062500 0.000000 4412.746582 0.000000 0.771079 0.000000 0.636739 1.000000 1.000000 1.000000
4680.812012 0.000000 4412.873047 0.000000 0.862264 0.000000 0.506459 1.000000 1.000000 1.000000
4733.870117 0.000000 4424.486816 0.000000 0.518308 0.000000 0.855194 1.000000 1.000000 1.000000
4717.400391 0.000000 4418.387695 0.000000 0.646664 0.000000 0.762775 1.000000 1.000000 1.000000
4729.434082 0.000000 4421.475586 0.000000 0.775111 0.000000 0.631825 1.000000 1.000000 1.000000
4689.521973 0.000000 4398.931641 0.000000 0.943316 0.000000 0.331897 1.000000 1.000000 1.000000
4718.078613 0.000000 4408.342773 0.000000 0.988491 0.000000 0.151280 1.000000 1.000000 1.000000
4714.955078 0.000000 4418.539062 0.000000 0.155922 0.000000 0.987769 1.000000 1.000000 1.000000
4790.332031 0.000000 4358.235352 0.000000 0.904533 0.000000 0.426403 1.000000 1.000000 1.000000
4781.291016 0.000000 4386.802246 0.000000 0.968629 0.000000 0.248513 1.000000 1.000000 1.000000
4798.942383 0.000000 4381.533203 0.000000 0.778201 0.000000 0.628016 1.000000 1.000000 1.000000
4773.649902 0.000000 4386.733887 0.000000 0.565268 0.000000 0.824907 1.000000 1.000000 1.000000
4777.397949 0.000000 4385.389160 0.000000 0.409875 0.000000 0.912142 1.000000 1.000000 1.000000
4783.121094 0.000000 4384.114746 0.000000 0.961375 0.000000 0.275243 1.000000 1.000000 1.000000
4780.129395 0.000000 4384.160645 0.000000 0.430053 0.000000 0.902803 1.000000 1.000000 1.000000
4788.755371 0.000000 4390.352051 0.000000 0.260415 0.000000 0.965497 1.000000 1.000000 1.000000
4762.787598 0.000000 4387.265625 0.000000 0.985372 0.000000 0.170419 1.000000 1.000000 1.000000
4791.322266 0.000000 4360.927246 0.000000 0.484960 0.000000 0.874536 1.000000 1.000000 1.000000
4774.950195 0.000000 4384.569336 0.000000 0.979819 0.000000 0.199889 1.000000 1.000000 1.000000
4789.073730 0.000000 4352.335449 0.000000 0.999834 0.000000 0.018206 1.000000 1.000000 1.000000
4773.041504 0.000000 4384.344238 0.000000 0.388063 0.000000 0.921633 1.000000 1.000000 1.000000
4788.839844 0.000000 4354.168457 0.000000 0.508898 0.000000 0.860827 1.000000 1.000000 1.000000
4787.883789 0.000000 4385.931152 0.000000 0.971207 0.000000 0.238236 1.000000 1.000000 1.000000
4767.453613 0.000000 4387.348145 0.000000 0.754865 0.000000 0.655881 1.000000 1.000000 1.000000
4781.627930 0.000000 4385.099121 0.000000 0.635114 0.000000 0.772418 1.000000 1.000000 1.000000
4789.051758 0.000000 4388.640137 0.000000 0.295967 0.000000 0.955198 1.000000 1.000000 1.000000
4787.230957 0.000000 4389.672363 0.000000 0.553286 0.000000 0.832991 1.000000 1.000000 1.000000
4775.271973 0.000000 4386.143555 0.000000 0.567242 0.000000 0.823551 1.000000 1.000000 1.000000
4786.343262 0.000000 4391.718262 0.000000 0.993846 0.000000 0.110775 1.000000 1.000000 1.000000
4756.119629 0.000000 4388.295410 0.000000 0.412518 0.000000 0.910949 1.000000 1.000000 1.000000
4757.165527 0.000000 4391.209473 0.000000 0.726638 0.000000 0.687020 1.000000 1.000000 1.000000
4780.254883 0.000000 4387.875000 0.000000 0.223924 0.000000 0.974607 1.000000 1.000000 1.000000
4749.581543 0.000000 4391.754883 0.000000 0.987473 0.000000 0.157791 1.000000 1.000000 1.000000
4789.042969 0.000000 4391.912598 0.000000 0.234628 0.000000 0.972085 1.000000 1.000000 1.000000
4798.518066 0.000000 4380.167480 0.000000 0.685355 0.000000 0.728209 1.000000 1.000000 1.000000
4780.619141 0.000000 4385.667480 0.000000 0.997738 0.000000 0.067222 1.000000 1.000000 1.000000
4799.713867 0.000000 4350.335938 0.000000 0.154503 0.000000 0.987992 1.000000 1.000000 1.000000
4831.905273 0.000000 4361.042480 0.000000 0.620711 0.000000 0.784039 1.000000 1.000000 1.000000
4816.236328 0.000000 4352.506348 0.000000 0.999245 0.000000 0.038840 1.000000 1.000000 1.000000
4825.182129 0.000000 4351.843750 0.000000 0.956761 0.000000 0.290874 1.000000 1.000000 1.000000
4825.091797 0.000000 4384.802246 0.000000 0.242746 0.000000 0.970090 1.000000 1.000000 1.000000
4829.090332 0.000000 4356.121094 0.000000 0.940071 0.000000 0.340978 1.000000 1.000000 1.000000
4818.625000 0.000000 4374.484375 0.000000 0.436945 0.000000 0.899488 1.000000 1.000000 1.000000
4811.456055 0.000000 4352.585938 0.000000 0.360256 0.000000 0.932853 1.000000 1.000000 1.000000
4811.833984 0.000000 4361.211914 0.000000 0.677632 0.000000 0.735401 1.000000 1.000000 1.000000
4799.713867 0.000000 4359.895020 0.000000 0.268870 0.000000 0.963176 1.000000 1.000000 1.000000
4832.049316 0.000000 4376.958496 0.000000 0.430933 0.000000 0.902384 1.000000 1.000000 1.000000
4800.491211 0.000000 4347.181152 0.000000 0.992829 0.000000 0.119544 1.000000 1.000000 1.000000
4817.381836 0.000000 4355.224121 0.000000 0.466629 0.000000 0.884453 1.000000 1.000000 1.000000
4805.970703 0.000000 4373.682617 0.000000 0.909409 0.000000 0.415902 1.000000 1.000000 1.000000
4828.866699 0.000000 4371.703125 0.000000 0.766394 0.000000 0.642371 1.000000 1.000000 1.000000
4828.280762 0.000000 4368.284668 0.000000 0.553846 0.000000 0.832619 1.000000 1.000000 1.000000
4822.369629 0.000000 4346.301758 0.000000 0.689281 0.000000 0.724494 1.000000 1.000000 1.000000
4827.048340 0.000000 4351.123535 0.000000 0.457610 0.000000 0.889153 1.000000 1.000000 1.000000
4810.130859 0.000000 4362.306641 0.000000 0.399328 0.000000 0.916808 1.000000 1.000000 1.000000
4799.445312 0.000000 4380.840820 0.000000 0.995319 0.000000 0.096641 1.000000 1.000000 1.000000
4735.791016 0.000000 4423.881348 0.000000 0.977278 0.000000 0.211963 1.000000 1.000000 1.000000
4795.904297 0.000000 4401.416016 0.000000 0.925921 0.000000 0.377717 1.000000 1.000000 1.000000
4780.603516 0.000000 4407.741699 0.000000 0.095013 0.000000 0.995476 1.000000 1.000000 1.000000
4752.958984 0.000000 4405.311523 0.000000 0.828387 0.000000 0.560157 1.000000 1.000000 1.000000
4736.409668 0.000000 4401.608398 0.000000 0.989544 0.000000 0.144228 1.000000 1.000000 1.000000
4755.672852 0.000000 4407.931641 0.000000 0.836254 0.000000 0.548342 1.000000 1.000000 1.000000
4777.068359 0.000000 4406.472656 0.000000 0.956823 0.000000 0.290670 1.000000 1.000000 1.000000
4739.192383 0.000000 4396.271484 0.000000 0.121914 0.000000 0.992541 1.000000 1.000000 1.000000
4761.195312 0.000000 4402.708008 0.000000 0.519071 0.000000 0.854731 1.000000 1.000000 1.000000
4776.038574 0.000000 4399.449707 0.000000 0.679841 0.000000 0.733360 1.000000 1.000000 1.000000
4770.839355 0.000000 4409.578613 0.000000 0.620230 0.000000 0.784420 1.000000 1.000000 1.000000
4739.532715 0.000000 4411.327637 0.000000 0.399518 0.000000 0.916725 1.000000 1.000000 1.000000
4795.592773 0.000000 4399.054688 0.000000 0.361463 0.000000 0.932386 1.000000 1.000000 1.000000
4737.924316 0.000000 4424.645996 0.000000 0.887184 0.000000 0.461417 1.000000 1.000000 1.000000
4763.660156 0.000000 4405.017578 0.000000 0.792355 0.000000 0.610060 1.000000 1.000000 1.000000
4782.644531 0.000000 4407.002930 0.000000 0.850621 0.000000 0.525780 1.000000 1.000000 1.000000
4772.620605 0.000000 4406.386230 0.000000 0.871020 0.000000 0.491247 1.000000 1.000000 1.000000
4769.051758 0.000000 4409.812988 0.000000 0.603049 0.000000 0.797704 1.000000 1.000000 1.000000
4769.757812 0.000000 4408.139160 0.000000 0.996210 0.000000 0.086983 1.000000 1.000000 1.000000
4741.903320 0.000000 4412.668457 0.000000 0.985166 0.000000 0.171602 1.000000 1.000000 1.000000
4786.813965 0.000000 4407.891602 0.000000 0.968333 0.000000 0.249664 1.000000 1.000000 1.000000
4735.460449 0.000000 4400.152832 0.000000 0.047359 0.000000 0.998878 1.000000 1.000000 1.000000
4747.380859 0.000000 4417.616211 0.000000 0.140631 0.000000 0.990062 1.000000 1.000000 1.000000
4797.464355 0.000000 4396.251953 0.000000 0.793700 0.000000 0.608309 1.000000 1.000000 1.000000
4740.490234 0.000000 4412.394043 0.000000 0.634446 0.000000 0.772967 1.000000 1.000000 1.000000
4763.170898 0.000000 4410.786621 0.000000 0.008742 0.000000 0.999962 1.000000 1.000000 1.000000
4744.807129 0.000000 4419.063477 0.000000 0.908276 0.000000 0.418372 1.000000 1.000000 1.000000
4786.888184 0.000000 4406.258301 0.000000 0.318465 0.000000 0.947935 1.000000 1.000000 1.000000
4854.536621 0.000000 4418.621094 0.000000 0.720861 0.000000 0.693080 1.000000 1.000000 1.000000
4799.713867 0.000000 4397.578125 0.000000 0.997374 0.000000 0.072428 1.000000 1.000000 1.000000
4844.313477 0.000000 4411.351074 0.000000 0.870003 0.000000 0.493046 1.000000 1.000000 1.000000
4822.362305 0.000000 4398.786621 0.000000 0.597723 0.000000 0.801702 1.000000 1.000000 1.000000
4857.320312 0.000000 4417.840820 0.000000 0.438768 0.000000 0.898601 1.000000 1.000000 1.000000
4806.450684 0.000000 4407.617676 0.000000 0.813733 0.000000 0.581239 1.000000 1.000000 1.000000
4805.997559 0.000000 4406.362305 0.000000 0.196120 0.000000 0.980580 1.000000 1.000000 1.000000
4805.115234 0.000000 4407.601074 0.000000 0.909129 0.000000 0.416515 1.000000 1.000000 1.000000
4807.645020 0.000000 4407.227051 0.000000 0.988164 0.000000 0.153399 1.000000 1.000000 1.000000
5025.145996 0.000000 4346.562500 0.000000 0.977722 0.000000 0.209903 1.000000 1.000000 1.000000
6140.636230 0.000000 3968.546631 0.000000 0.265960 0.000000 0.963984 1.000000 1.000000 1.000000
6929.124023 0.000000 3079.685059 0.000000 0.960333 0.000000 0.278857 1.000000 1.000000 1.000000
7042.626465 0.000000 3023.902832 0.000000 0.200431 0.000000 0.979708 1.000000 1.000000 1.000000
6928.263672 0.000000 3160.446289 0.000000 0.999622 0.000000 0.027492 1.000000 1.000000 1.000000
6398.999512 0.000000 3744.459473 0.000000 0.962508 0.000000 0.271255 1.000000 1.000000 1.000000
6402.994629 0.000000 3743.112061 0.000000 0.997743 0.000000 0.067145 1.000000 1.000000 1.000000
6400.236816 0.000000 3755.054199 0.000000 0.976894 0.000000 0.213726 1.000000 1.000000 1.000000
6408.418945 0.000000 3754.609131 0.000000 0.987624 0.000000 0.156843 1.000000 1.000000 1.000000
7318.424805 0.000000 3049.022217 0.000000 0.991722 0.000000 0.128403 1.000000 1.000000 1.000000
7324.101074 0.000000 3052.447510 0.000000 0.897742 0.000000 0.440522 1.000000 1.000000 1.000000
7322.171875 0.000000 3066.522461 0.000000 0.799442 0.000000 0.600743 1.000000 1.000000 1.000000
7324.964844 0.000000 3050.770264 0.000000 0.639109 0.000000 0.769116 1.000000 1.000000 1.000000
7329.344727 0.000000 3059.387451 0.000000 0.954296 0.000000 0.298862 1.000000 1.000000 1.000000
7414.224121 0.000000 3048.597168 0.000000 0.941331 0.000000 0.337485 1.000000 1.000000 1.000000
7411.077637 0.000000 3052.314697 0.000000 0.968197 0.000000 0.250189 1.000000 1.000000 1.000000
7382.377930 0.000000 3082.607910 0.000000 0.721241 0.000000 0.692684 1.000000 1.000000 1.000000
7385.193848 0.000000 3082.759033 0.000000 0.460063 0.000000 0.887886 1.000000 1.000000 1.000000
7383.108887 0.000000 3089.349365 0.000000 0.174220 0.000000 0.984707 1.000000 1.000000 1.000000
6228.208496 0.000000 3917.455811 0.000000 0.565834 0.000000 0.824519 1.000000 1.000000 1.000000
6224.308594 0.000000 3912.220947 0.000000 0.981433 0.000000 0.191806 1.000000 1.000000 1.000000
6232.171875 0.000000 3916.163574 0.000000 0.313218 0.000000 0.949681 1.000000 1.000000 1.000000
6218.488281 0.000000 3907.010498 0.000000 0.991931 0.000000 0.126776 1.000000 1.000000 1.000000
6251.652344 0.000000 3916.901611 0.000000 0.488529 0.000000 0.872548 1.000000 1.000000 1.000000
6150.070801 0.000000 3964.863525 0.000000 0.907301 0.000000 0.420482 1.000000 1.000000 1.000000
6245.478516 0.000000 3935.410645 0.000000 0.958605 0.000000 0.284740 1.000000 1.000000 1.000000
6177.037109 0.000000 4055.588135 0.000000 0.451976 0.000000 0.892030 1.000000 1.000000 1.000000
6182.522461 0.000000 4051.385010 0.000000 0.867330 0.000000 0.497734 1.000000 1.000000 1.000000
6185.905762 0.000000 4046.055664 0.000000 0.927278 0.000000 0.374373 1.000000 1.000000 1.000000
6169.840820 0.000000 4065.924072 0.000000 0.743426 0.000000 0.668818 1.000000 1.000000 1.000000
"}
object={
	name="tree_cypress_01_generator_1_1"
	render_pass=Map
	clamp_to_water_level=no
	generated_content=yes
	layer="tree_high_layer"
	pdxmesh="tree_cypress_01_b_mesh"
	count=1066
	transform="3578.627197 0.000000 471.057556 0.000000 0.763368 0.000000 -0.645964 1.000000 1.000000 1.000000
3382.503418 0.000000 531.617554 0.000000 0.756091 0.000000 -0.654466 1.000000 1.000000 1.000000
3375.984131 0.000000 528.143433 0.000000 0.991874 0.000000 -0.127224 1.000000 1.000000 1.000000
3404.915283 0.000000 559.527344 0.000000 0.784463 0.000000 -0.620176 1.000000 1.000000 1.000000
3580.803711 0.000000 490.019440 0.000000 0.853425 0.000000 -0.521215 1.000000 1.000000 1.000000
3573.400635 0.000000 494.360168 0.000000 0.977042 0.000000 -0.213046 1.000000 1.000000 1.000000
3570.375244 0.000000 475.434692 0.000000 0.956211 0.000000 -0.292677 1.000000 1.000000 1.000000
3490.714600 0.000000 576.597290 0.000000 0.864061 0.000000 -0.503387 1.000000 1.000000 1.000000
3467.998047 0.000000 581.836609 0.000000 0.961709 0.000000 -0.274073 1.000000 1.000000 1.000000
3473.463135 0.000000 570.808044 0.000000 0.857876 0.000000 -0.513857 1.000000 1.000000 1.000000
3461.791992 0.000000 596.498596 0.000000 0.901910 0.000000 -0.431924 1.000000 1.000000 1.000000
3521.263672 0.000000 611.284973 0.000000 0.804296 0.000000 -0.594229 1.000000 1.000000 1.000000
3535.055176 0.000000 611.723328 0.000000 0.964989 0.000000 -0.262291 1.000000 1.000000 1.000000
3535.449707 0.000000 613.762634 0.000000 0.885901 0.000000 -0.463875 1.000000 1.000000 1.000000
3513.694824 0.000000 620.694153 0.000000 0.871765 0.000000 -0.489924 1.000000 1.000000 1.000000
3574.837402 0.000000 634.971863 0.000000 0.591534 0.000000 -0.806280 1.000000 1.000000 1.000000
3590.012695 0.000000 472.665924 0.000000 0.881981 0.000000 -0.471284 1.000000 1.000000 1.000000
3592.915527 0.000000 499.368835 0.000000 0.999623 0.000000 -0.027445 1.000000 1.000000 1.000000
3619.005371 0.000000 503.997711 0.000000 0.814387 0.000000 -0.580323 1.000000 1.000000 1.000000
3660.736572 0.000000 563.759094 0.000000 0.611049 0.000000 -0.791593 1.000000 1.000000 1.000000
3665.439697 0.000000 570.808044 0.000000 0.986032 0.000000 -0.166557 1.000000 1.000000 1.000000
3594.808105 0.000000 647.299316 0.000000 0.982993 0.000000 -0.183641 1.000000 1.000000 1.000000
3602.398193 0.000000 657.960754 0.000000 0.824786 0.000000 -0.565444 1.000000 1.000000 1.000000
3609.832031 0.000000 654.076965 0.000000 0.996248 0.000000 -0.086547 1.000000 1.000000 1.000000
3604.671143 0.000000 645.504333 0.000000 0.624767 0.000000 -0.780811 1.000000 1.000000 1.000000
3594.708008 0.000000 659.525391 0.000000 0.999680 0.000000 -0.025286 1.000000 1.000000 1.000000
3600.628662 0.000000 699.752075 0.000000 0.863063 0.000000 -0.505096 1.000000 1.000000 1.000000
3610.635986 0.000000 681.867432 0.000000 0.640488 0.000000 -0.767968 1.000000 1.000000 1.000000
3586.729492 0.000000 698.299744 0.000000 0.992632 0.000000 -0.121171 1.000000 1.000000 1.000000
3610.323486 0.000000 680.334412 0.000000 0.820505 0.000000 -0.571639 1.000000 1.000000 1.000000
3594.374268 0.000000 745.519470 0.000000 0.895319 0.000000 -0.445426 1.000000 1.000000 1.000000
3605.726562 0.000000 755.012573 0.000000 0.804605 0.000000 -0.593810 1.000000 1.000000 1.000000
3968.713623 0.000000 661.098877 0.000000 0.752280 0.000000 -0.658844 1.000000 1.000000 1.000000
3603.822021 0.000000 755.989807 0.000000 0.998809 0.000000 -0.048796 1.000000 1.000000 1.000000
3598.358887 0.000000 765.161133 0.000000 0.804860 0.000000 -0.593465 1.000000 1.000000 1.000000
3585.056396 0.000000 761.799011 0.000000 0.812290 0.000000 -0.583254 1.000000 1.000000 1.000000
3822.117188 0.000000 876.619080 0.000000 0.855006 0.000000 -0.518619 1.000000 1.000000 1.000000
3838.968750 0.000000 913.910095 0.000000 0.638014 0.000000 -0.770025 1.000000 1.000000 1.000000
3905.884033 0.000000 1149.218750 0.000000 0.959427 0.000000 -0.281958 1.000000 1.000000 1.000000
1543.429077 0.000000 2255.452881 0.000000 0.916030 0.000000 -0.401110 1.000000 1.000000 1.000000
1475.930786 0.000000 2427.155518 0.000000 0.998688 0.000000 -0.051211 1.000000 1.000000 1.000000
1474.180908 0.000000 2424.758057 0.000000 0.703442 0.000000 -0.710753 1.000000 1.000000 1.000000
1473.314087 0.000000 2415.275879 0.000000 0.971538 0.000000 -0.236884 1.000000 1.000000 1.000000
1672.996582 0.000000 2337.343506 0.000000 0.862984 0.000000 -0.505231 1.000000 1.000000 1.000000
1692.049072 0.000000 2328.548828 0.000000 0.640086 0.000000 -0.768303 1.000000 1.000000 1.000000
1687.716675 0.000000 2336.123779 0.000000 0.617780 0.000000 -0.786351 1.000000 1.000000 1.000000
1669.175781 0.000000 2352.023926 0.000000 0.602517 0.000000 -0.798106 1.000000 1.000000 1.000000
1726.631836 0.000000 2347.357666 0.000000 0.945000 0.000000 -0.327070 1.000000 1.000000 1.000000
1687.561279 0.000000 2322.654297 0.000000 0.984437 0.000000 -0.175736 1.000000 1.000000 1.000000
1710.002319 0.000000 2353.684814 0.000000 0.985048 0.000000 -0.172281 1.000000 1.000000 1.000000
1684.585815 0.000000 2323.967285 0.000000 0.999325 0.000000 -0.036744 1.000000 1.000000 1.000000
1728.986938 0.000000 2361.817871 0.000000 0.614492 0.000000 -0.788923 1.000000 1.000000 1.000000
1739.034668 0.000000 2348.018311 0.000000 0.996849 0.000000 -0.079323 1.000000 1.000000 1.000000
1722.144043 0.000000 2365.749023 0.000000 0.808867 0.000000 -0.587992 1.000000 1.000000 1.000000
1724.772827 0.000000 2372.966309 0.000000 0.990542 0.000000 -0.137211 1.000000 1.000000 1.000000
1701.645630 0.000000 2370.326904 0.000000 0.855847 0.000000 -0.517229 1.000000 1.000000 1.000000
1677.514160 0.000000 2362.829590 0.000000 0.845227 0.000000 -0.534407 1.000000 1.000000 1.000000
3551.932617 0.000000 2181.236328 0.000000 0.810956 0.000000 -0.585107 1.000000 1.000000 1.000000
3562.691406 0.000000 2181.307129 0.000000 0.712334 0.000000 -0.701841 1.000000 1.000000 1.000000
3551.062500 0.000000 2182.708008 0.000000 0.596499 0.000000 -0.802614 1.000000 1.000000 1.000000
3763.069092 0.000000 2062.352539 0.000000 0.998931 0.000000 -0.046216 1.000000 1.000000 1.000000
3763.522705 0.000000 2060.228760 0.000000 0.740358 0.000000 -0.672212 1.000000 1.000000 1.000000
3769.126221 0.000000 2066.853760 0.000000 0.757324 0.000000 -0.653040 1.000000 1.000000 1.000000
3763.984619 0.000000 2063.385742 0.000000 0.953549 0.000000 -0.301238 1.000000 1.000000 1.000000
3710.452393 0.000000 2085.355713 0.000000 0.920396 0.000000 -0.390987 1.000000 1.000000 1.000000
3710.318115 0.000000 2087.808838 0.000000 0.887129 0.000000 -0.461522 1.000000 1.000000 1.000000
3748.998047 0.000000 2084.171143 0.000000 0.831774 0.000000 -0.555114 1.000000 1.000000 1.000000
3746.165039 0.000000 2084.880127 0.000000 0.969488 0.000000 -0.245139 1.000000 1.000000 1.000000
3712.549805 0.000000 2089.589844 0.000000 0.870547 0.000000 -0.492085 1.000000 1.000000 1.000000
3761.463135 0.000000 2088.988770 0.000000 0.843893 0.000000 -0.536511 1.000000 1.000000 1.000000
3714.132080 0.000000 2091.660645 0.000000 0.994492 0.000000 -0.104810 1.000000 1.000000 1.000000
3747.607178 0.000000 2083.132812 0.000000 0.974605 0.000000 -0.223932 1.000000 1.000000 1.000000
3767.031982 0.000000 2214.761719 0.000000 0.649464 0.000000 -0.760392 1.000000 1.000000 1.000000
3775.066895 0.000000 2208.392090 0.000000 0.745863 0.000000 -0.666099 1.000000 1.000000 1.000000
3765.682617 0.000000 2211.940674 0.000000 0.948193 0.000000 -0.317694 1.000000 1.000000 1.000000
3774.381592 0.000000 2214.556152 0.000000 0.881869 0.000000 -0.471495 1.000000 1.000000 1.000000
3765.899414 0.000000 2208.683594 0.000000 0.903823 0.000000 -0.427906 1.000000 1.000000 1.000000
3768.292480 0.000000 2198.800293 0.000000 0.801640 0.000000 -0.597807 1.000000 1.000000 1.000000
3766.784668 0.000000 2200.901123 0.000000 0.723219 0.000000 -0.690619 1.000000 1.000000 1.000000
3816.970215 0.000000 2216.717773 0.000000 0.967427 0.000000 -0.253149 1.000000 1.000000 1.000000
3801.216797 0.000000 2211.661621 0.000000 0.954571 0.000000 -0.297985 1.000000 1.000000 1.000000
3817.514648 0.000000 2212.248535 0.000000 0.812821 0.000000 -0.582513 1.000000 1.000000 1.000000
3776.813965 0.000000 2206.306152 0.000000 0.927332 0.000000 -0.374239 1.000000 1.000000 1.000000
3798.395264 0.000000 2208.487793 0.000000 0.780172 0.000000 -0.625565 1.000000 1.000000 1.000000
3784.457764 0.000000 2206.311523 0.000000 0.991742 0.000000 -0.128252 1.000000 1.000000 1.000000
3775.558350 0.000000 2205.187988 0.000000 0.965705 0.000000 -0.259641 1.000000 1.000000 1.000000
3781.989258 0.000000 2220.627197 0.000000 0.602168 0.000000 -0.798369 1.000000 1.000000 1.000000
3896.569092 0.000000 2138.471924 0.000000 0.721978 0.000000 -0.691916 1.000000 1.000000 1.000000
3899.376953 0.000000 2141.685547 0.000000 0.990676 0.000000 -0.136240 1.000000 1.000000 1.000000
3897.433105 0.000000 2140.460449 0.000000 0.943674 0.000000 -0.330878 1.000000 1.000000 1.000000
3951.161865 0.000000 2137.301514 0.000000 0.924975 0.000000 -0.380029 1.000000 1.000000 1.000000
3917.075928 0.000000 2149.121582 0.000000 0.762410 0.000000 -0.647094 1.000000 1.000000 1.000000
3996.708984 0.000000 2081.750244 0.000000 0.762105 0.000000 -0.647454 1.000000 1.000000 1.000000
3996.934082 0.000000 2080.125000 0.000000 0.690898 0.000000 -0.722952 1.000000 1.000000 1.000000
3844.508789 0.000000 2216.857666 0.000000 0.900413 0.000000 -0.435036 1.000000 1.000000 1.000000
3392.864990 0.000000 2710.639648 0.000000 0.687659 0.000000 -0.726034 1.000000 1.000000 1.000000
3466.389893 0.000000 2729.691650 0.000000 0.997270 0.000000 -0.073836 1.000000 1.000000 1.000000
3456.857178 0.000000 2757.881836 0.000000 0.829205 0.000000 -0.558944 1.000000 1.000000 1.000000
3472.644287 0.000000 2778.408447 0.000000 0.756072 0.000000 -0.654488 1.000000 1.000000 1.000000
3505.436523 0.000000 2805.650879 0.000000 0.795850 0.000000 -0.605494 1.000000 1.000000 1.000000
3462.028320 0.000000 2787.533447 0.000000 0.935987 0.000000 -0.352035 1.000000 1.000000 1.000000
3546.741211 0.000000 2858.190674 0.000000 0.943814 0.000000 -0.330477 1.000000 1.000000 1.000000
3545.784912 0.000000 2851.938721 0.000000 0.935790 0.000000 -0.352557 1.000000 1.000000 1.000000
3531.012207 0.000000 2883.469238 0.000000 0.766011 0.000000 -0.642827 1.000000 1.000000 1.000000
3577.687012 0.000000 2935.561523 0.000000 0.685647 0.000000 -0.727934 1.000000 1.000000 1.000000
3548.576660 0.000000 2975.507812 0.000000 0.945816 0.000000 -0.324703 1.000000 1.000000 1.000000
3555.507812 0.000000 2936.850830 0.000000 0.984833 0.000000 -0.173503 1.000000 1.000000 1.000000
3582.333252 0.000000 2939.967041 0.000000 0.778700 0.000000 -0.627397 1.000000 1.000000 1.000000
3556.432373 0.000000 2938.651367 0.000000 0.779437 0.000000 -0.626480 1.000000 1.000000 1.000000
3551.997314 0.000000 2975.625000 0.000000 0.783782 0.000000 -0.621037 1.000000 1.000000 1.000000
3564.751465 0.000000 2990.475830 0.000000 0.619602 0.000000 -0.784917 1.000000 1.000000 1.000000
3559.988525 0.000000 3000.902588 0.000000 0.705989 0.000000 -0.708223 1.000000 1.000000 1.000000
3555.683594 0.000000 2982.430908 0.000000 0.617321 0.000000 -0.786712 1.000000 1.000000 1.000000
3610.702148 0.000000 2911.209961 0.000000 0.776060 0.000000 -0.630659 1.000000 1.000000 1.000000
3754.067627 0.000000 2915.876465 0.000000 0.664447 0.000000 -0.747335 1.000000 1.000000 1.000000
3756.253906 0.000000 2919.652344 0.000000 0.987004 0.000000 -0.160697 1.000000 1.000000 1.000000
3624.179199 0.000000 2934.941895 0.000000 0.601340 0.000000 -0.798994 1.000000 1.000000 1.000000
3584.565430 0.000000 2939.949219 0.000000 0.883089 0.000000 -0.469206 1.000000 1.000000 1.000000
3626.683594 0.000000 2937.182129 0.000000 0.945206 0.000000 -0.326473 1.000000 1.000000 1.000000
3625.975830 0.000000 2935.386963 0.000000 0.949959 0.000000 -0.312374 1.000000 1.000000 1.000000
3659.596436 0.000000 2935.320312 0.000000 0.682976 0.000000 -0.730441 1.000000 1.000000 1.000000
3689.200928 0.000000 2941.964844 0.000000 0.739704 0.000000 -0.672932 1.000000 1.000000 1.000000
3656.013428 0.000000 2937.553711 0.000000 0.894702 0.000000 -0.446664 1.000000 1.000000 1.000000
3690.083496 0.000000 2939.855225 0.000000 0.890169 0.000000 -0.455631 1.000000 1.000000 1.000000
3658.299805 0.000000 2934.429688 0.000000 0.954882 0.000000 -0.296984 1.000000 1.000000 1.000000
3659.749756 0.000000 2934.023438 0.000000 0.948617 0.000000 -0.316425 1.000000 1.000000 1.000000
3624.993652 0.000000 3019.834961 0.000000 0.995857 0.000000 -0.090931 1.000000 1.000000 1.000000
3610.625000 0.000000 3019.280273 0.000000 0.711035 0.000000 -0.703157 1.000000 1.000000 1.000000
3618.628174 0.000000 3022.792969 0.000000 0.677429 0.000000 -0.735588 1.000000 1.000000 1.000000
3692.453613 0.000000 2994.085205 0.000000 0.978591 0.000000 -0.205815 1.000000 1.000000 1.000000
3657.661133 0.000000 3018.035645 0.000000 0.728462 0.000000 -0.685087 1.000000 1.000000 1.000000
3657.347656 0.000000 3021.997559 0.000000 0.632868 0.000000 -0.774260 1.000000 1.000000 1.000000
3657.670166 0.000000 3015.506592 0.000000 0.775773 0.000000 -0.631012 1.000000 1.000000 1.000000
3659.835449 0.000000 3018.227539 0.000000 0.989323 0.000000 -0.145740 1.000000 1.000000 1.000000
3658.547119 0.000000 3020.094238 0.000000 0.869752 0.000000 -0.493489 1.000000 1.000000 1.000000
3663.434082 0.000000 3023.114502 0.000000 0.949091 0.000000 -0.315003 1.000000 1.000000 1.000000
3695.987305 0.000000 2993.608154 0.000000 0.660601 0.000000 -0.750737 1.000000 1.000000 1.000000
3694.321533 0.000000 2993.784180 0.000000 0.855576 0.000000 -0.517678 1.000000 1.000000 1.000000
3767.412354 0.000000 2968.733643 0.000000 0.655613 0.000000 -0.755097 1.000000 1.000000 1.000000
3744.829590 0.000000 2942.176270 0.000000 0.748979 0.000000 -0.662594 1.000000 1.000000 1.000000
3808.029785 0.000000 2943.776367 0.000000 0.972388 0.000000 -0.233372 1.000000 1.000000 1.000000
3776.556641 0.000000 2951.937012 0.000000 0.999970 0.000000 -0.007737 1.000000 1.000000 1.000000
3782.853027 0.000000 2968.630127 0.000000 0.904712 0.000000 -0.426023 1.000000 1.000000 1.000000
3799.458984 0.000000 2950.272217 0.000000 0.612210 0.000000 -0.790695 1.000000 1.000000 1.000000
3776.710205 0.000000 2955.832764 0.000000 0.962519 0.000000 -0.271214 1.000000 1.000000 1.000000
3780.918213 0.000000 2966.172363 0.000000 0.779261 0.000000 -0.626700 1.000000 1.000000 1.000000
3800.823486 0.000000 2948.967285 0.000000 0.987651 0.000000 -0.156671 1.000000 1.000000 1.000000
3752.945312 0.000000 2995.267334 0.000000 0.941863 0.000000 -0.335996 1.000000 1.000000 1.000000
3724.728760 0.000000 3020.353027 0.000000 0.995770 0.000000 -0.091879 1.000000 1.000000 1.000000
3718.367432 0.000000 3020.019775 0.000000 0.687570 0.000000 -0.726118 1.000000 1.000000 1.000000
3719.562500 0.000000 3018.300293 0.000000 0.665710 0.000000 -0.746211 1.000000 1.000000 1.000000
3726.742432 0.000000 3022.218994 0.000000 0.975429 0.000000 -0.220314 1.000000 1.000000 1.000000
3798.494385 0.000000 2976.278076 0.000000 0.909860 0.000000 -0.414915 1.000000 1.000000 1.000000
3795.093506 0.000000 2984.406250 0.000000 0.863839 0.000000 -0.503768 1.000000 1.000000 1.000000
3793.631348 0.000000 2981.665527 0.000000 0.784123 0.000000 -0.620606 1.000000 1.000000 1.000000
4143.890625 0.000000 764.354370 0.000000 0.876584 0.000000 -0.481249 1.000000 1.000000 1.000000
4151.794922 0.000000 787.340393 0.000000 0.915279 0.000000 -0.402820 1.000000 1.000000 1.000000
4142.066406 0.000000 765.581482 0.000000 0.664955 0.000000 -0.746883 1.000000 1.000000 1.000000
4166.017090 0.000000 825.556213 0.000000 0.935635 0.000000 -0.352969 1.000000 1.000000 1.000000
4159.777344 0.000000 843.512451 0.000000 0.677196 0.000000 -0.735802 1.000000 1.000000 1.000000
4151.685547 0.000000 886.552307 0.000000 0.899419 0.000000 -0.437088 1.000000 1.000000 1.000000
4145.743164 0.000000 894.395996 0.000000 0.882216 0.000000 -0.470844 1.000000 1.000000 1.000000
4145.625977 0.000000 897.757507 0.000000 0.840370 0.000000 -0.542013 1.000000 1.000000 1.000000
4173.852539 0.000000 974.143860 0.000000 0.999974 0.000000 -0.007214 1.000000 1.000000 1.000000
4441.229004 0.000000 1139.374878 0.000000 0.957385 0.000000 -0.288814 1.000000 1.000000 1.000000
4435.897461 0.000000 1137.697754 0.000000 0.779629 0.000000 -0.626242 1.000000 1.000000 1.000000
5148.366699 0.000000 1068.275635 0.000000 0.760436 0.000000 -0.649413 1.000000 1.000000 1.000000
5137.690918 0.000000 1054.317505 0.000000 0.626848 0.000000 -0.779141 1.000000 1.000000 1.000000
5414.318848 0.000000 987.685608 0.000000 0.886972 0.000000 -0.461824 1.000000 1.000000 1.000000
5485.839355 0.000000 990.133728 0.000000 0.981840 0.000000 -0.189713 1.000000 1.000000 1.000000
5501.416016 0.000000 988.427185 0.000000 0.789636 0.000000 -0.613576 1.000000 1.000000 1.000000
5501.410645 0.000000 996.244263 0.000000 0.987438 0.000000 -0.158007 1.000000 1.000000 1.000000
5485.180664 0.000000 995.752014 0.000000 0.931505 0.000000 -0.363729 1.000000 1.000000 1.000000
5482.579102 0.000000 992.243652 0.000000 0.882644 0.000000 -0.470041 1.000000 1.000000 1.000000
5480.247559 0.000000 992.120911 0.000000 0.667688 0.000000 -0.744441 1.000000 1.000000 1.000000
5483.489258 0.000000 994.472229 0.000000 0.840806 0.000000 -0.541336 1.000000 1.000000 1.000000
5132.704590 0.000000 1362.644653 0.000000 0.926056 0.000000 -0.377387 1.000000 1.000000 1.000000
5138.585938 0.000000 1398.226196 0.000000 0.881478 0.000000 -0.472225 1.000000 1.000000 1.000000
5135.349121 0.000000 1371.750732 0.000000 0.973466 0.000000 -0.228833 1.000000 1.000000 1.000000
5141.137207 0.000000 1390.298462 0.000000 0.996989 0.000000 -0.077537 1.000000 1.000000 1.000000
5141.558105 0.000000 1393.333862 0.000000 0.701320 0.000000 -0.712847 1.000000 1.000000 1.000000
5154.558105 0.000000 1430.310913 0.000000 0.736189 0.000000 -0.676776 1.000000 1.000000 1.000000
5157.224121 0.000000 1425.483154 0.000000 0.903337 0.000000 -0.428931 1.000000 1.000000 1.000000
5158.420898 0.000000 1426.816895 0.000000 0.708022 0.000000 -0.706190 1.000000 1.000000 1.000000
4928.673340 0.000000 1639.399780 0.000000 0.957524 0.000000 -0.288354 1.000000 1.000000 1.000000
4479.822266 0.000000 2109.013672 0.000000 0.800333 0.000000 -0.599556 1.000000 1.000000 1.000000
4511.944336 0.000000 2140.659180 0.000000 0.723047 0.000000 -0.690799 1.000000 1.000000 1.000000
4563.275879 0.000000 2149.147217 0.000000 0.962872 0.000000 -0.269957 1.000000 1.000000 1.000000
5215.743652 0.000000 1759.588379 0.000000 0.996754 0.000000 -0.080506 1.000000 1.000000 1.000000
5211.001465 0.000000 1752.802979 0.000000 0.590508 0.000000 -0.807032 1.000000 1.000000 1.000000
5213.752930 0.000000 1752.536011 0.000000 0.971952 0.000000 -0.235178 1.000000 1.000000 1.000000
5319.003418 0.000000 1712.734253 0.000000 0.961522 0.000000 -0.274728 1.000000 1.000000 1.000000
5233.610840 0.000000 1839.239868 0.000000 0.880930 0.000000 -0.473247 1.000000 1.000000 1.000000
5221.595215 0.000000 1835.655151 0.000000 0.998859 0.000000 -0.047753 1.000000 1.000000 1.000000
5220.986816 0.000000 1833.265991 0.000000 0.642139 0.000000 -0.766588 1.000000 1.000000 1.000000
5221.855469 0.000000 1832.165771 0.000000 0.965689 0.000000 -0.259702 1.000000 1.000000 1.000000
5229.035156 0.000000 1843.318115 0.000000 0.953048 0.000000 -0.302819 1.000000 1.000000 1.000000
5238.390137 0.000000 1848.664673 0.000000 0.989651 0.000000 -0.143498 1.000000 1.000000 1.000000
5335.725098 0.000000 1826.536865 0.000000 0.990790 0.000000 -0.135407 1.000000 1.000000 1.000000
5339.401367 0.000000 1833.660889 0.000000 0.905095 0.000000 -0.425209 1.000000 1.000000 1.000000
5334.636230 0.000000 1828.503174 0.000000 0.999315 0.000000 -0.037004 1.000000 1.000000 1.000000
5465.120605 0.000000 1864.379883 0.000000 0.729615 0.000000 -0.683858 1.000000 1.000000 1.000000
5451.485352 0.000000 2074.704102 0.000000 0.685934 0.000000 -0.727664 1.000000 1.000000 1.000000
5451.358887 0.000000 2075.911621 0.000000 0.971495 0.000000 -0.237058 1.000000 1.000000 1.000000
5568.491699 0.000000 2010.988892 0.000000 0.968566 0.000000 -0.248755 1.000000 1.000000 1.000000
5604.743652 0.000000 2008.309570 0.000000 0.974413 0.000000 -0.224765 1.000000 1.000000 1.000000
5513.443848 0.000000 2070.662842 0.000000 0.908032 0.000000 -0.418901 1.000000 1.000000 1.000000
5240.405273 0.000000 2091.229736 0.000000 0.895528 0.000000 -0.445006 1.000000 1.000000 1.000000
5407.087891 0.000000 2105.438232 0.000000 0.995326 0.000000 -0.096576 1.000000 1.000000 1.000000
5433.691406 0.000000 2082.295898 0.000000 0.922341 0.000000 -0.386377 1.000000 1.000000 1.000000
5407.979004 0.000000 2109.333496 0.000000 0.957574 0.000000 -0.288186 1.000000 1.000000 1.000000
5437.021484 0.000000 2093.375732 0.000000 0.980425 0.000000 -0.196891 1.000000 1.000000 1.000000
5432.671875 0.000000 2112.576904 0.000000 0.999632 0.000000 -0.027138 1.000000 1.000000 1.000000
5407.880859 0.000000 2099.263672 0.000000 0.999518 0.000000 -0.031041 1.000000 1.000000 1.000000
5406.583008 0.000000 2107.511230 0.000000 0.871306 0.000000 -0.490739 1.000000 1.000000 1.000000
5423.168945 0.000000 2114.436035 0.000000 0.991911 0.000000 -0.126937 1.000000 1.000000 1.000000
5406.217285 0.000000 2100.051270 0.000000 0.745622 0.000000 -0.666369 1.000000 1.000000 1.000000
5391.458984 0.000000 2105.456543 0.000000 0.824076 0.000000 -0.566479 1.000000 1.000000 1.000000
5437.599609 0.000000 2106.812500 0.000000 0.997804 0.000000 -0.066232 1.000000 1.000000 1.000000
5456.158203 0.000000 2084.881348 0.000000 0.812520 0.000000 -0.582933 1.000000 1.000000 1.000000
5458.785645 0.000000 2084.829590 0.000000 0.797579 0.000000 -0.603214 1.000000 1.000000 1.000000
5452.448730 0.000000 2081.058838 0.000000 0.994653 0.000000 -0.103269 1.000000 1.000000 1.000000
5533.004395 0.000000 2088.495850 0.000000 0.965101 0.000000 -0.261877 1.000000 1.000000 1.000000
5527.728027 0.000000 2080.432861 0.000000 0.988016 0.000000 -0.154351 1.000000 1.000000 1.000000
5541.177246 0.000000 2086.873779 0.000000 0.996420 0.000000 -0.084546 1.000000 1.000000 1.000000
5527.787598 0.000000 2082.464600 0.000000 0.976001 0.000000 -0.217765 1.000000 1.000000 1.000000
5534.820312 0.000000 2088.223633 0.000000 0.984572 0.000000 -0.174977 1.000000 1.000000 1.000000
5562.161621 0.000000 2152.600830 0.000000 0.846066 0.000000 -0.533078 1.000000 1.000000 1.000000
5580.551758 0.000000 2150.742432 0.000000 0.921866 0.000000 -0.387510 1.000000 1.000000 1.000000
5586.531250 0.000000 2154.101318 0.000000 0.982454 0.000000 -0.186505 1.000000 1.000000 1.000000
5590.635742 0.000000 2151.420654 0.000000 0.955579 0.000000 -0.294734 1.000000 1.000000 1.000000
5581.485352 0.000000 2162.132568 0.000000 0.991856 0.000000 -0.127362 1.000000 1.000000 1.000000
5584.427734 0.000000 2215.602539 0.000000 0.841786 0.000000 -0.539812 1.000000 1.000000 1.000000
5598.260254 0.000000 2219.130371 0.000000 0.904762 0.000000 -0.425917 1.000000 1.000000 1.000000
5587.580078 0.000000 2220.497803 0.000000 0.874204 0.000000 -0.485559 1.000000 1.000000 1.000000
5622.305176 0.000000 2254.101807 0.000000 0.999376 0.000000 -0.035323 1.000000 1.000000 1.000000
6134.380371 0.000000 2150.995605 0.000000 0.749570 0.000000 -0.661925 1.000000 1.000000 1.000000
6137.093262 0.000000 2142.304443 0.000000 0.996759 0.000000 -0.080450 1.000000 1.000000 1.000000
6140.365234 0.000000 2162.936035 0.000000 0.644704 0.000000 -0.764432 1.000000 1.000000 1.000000
6142.485352 0.000000 2171.701416 0.000000 0.928468 0.000000 -0.371413 1.000000 1.000000 1.000000
6138.708984 0.000000 2143.421875 0.000000 0.769944 0.000000 -0.638112 1.000000 1.000000 1.000000
6051.142090 0.000000 2210.356689 0.000000 0.990757 0.000000 -0.135648 1.000000 1.000000 1.000000
6043.533691 0.000000 2220.502930 0.000000 0.947905 0.000000 -0.318553 1.000000 1.000000 1.000000
6054.700684 0.000000 2223.862549 0.000000 0.647348 0.000000 -0.762195 1.000000 1.000000 1.000000
6055.576172 0.000000 2222.205811 0.000000 0.658886 0.000000 -0.752243 1.000000 1.000000 1.000000
6049.412598 0.000000 2228.490723 0.000000 0.719924 0.000000 -0.694053 1.000000 1.000000 1.000000
5834.251953 0.000000 2439.788330 0.000000 0.796104 0.000000 -0.605160 1.000000 1.000000 1.000000
5836.401855 0.000000 2411.754150 0.000000 0.895567 0.000000 -0.444927 1.000000 1.000000 1.000000
5943.576660 0.000000 2299.090576 0.000000 0.666679 0.000000 -0.745345 1.000000 1.000000 1.000000
5956.386719 0.000000 2308.185059 0.000000 0.849144 0.000000 -0.528162 1.000000 1.000000 1.000000
5949.355957 0.000000 2319.025635 0.000000 0.899817 0.000000 -0.436268 1.000000 1.000000 1.000000
5945.397949 0.000000 2321.413086 0.000000 0.734719 0.000000 -0.678371 1.000000 1.000000 1.000000
5959.504395 0.000000 2328.570801 0.000000 0.782092 0.000000 -0.623162 1.000000 1.000000 1.000000
5897.388184 0.000000 2498.371582 0.000000 0.953178 0.000000 -0.302411 1.000000 1.000000 1.000000
5895.740234 0.000000 2512.374023 0.000000 0.997594 0.000000 -0.069329 1.000000 1.000000 1.000000
5900.999023 0.000000 2504.556152 0.000000 0.999121 0.000000 -0.041910 1.000000 1.000000 1.000000
6065.509277 0.000000 2500.630615 0.000000 0.804194 0.000000 -0.594367 1.000000 1.000000 1.000000
6065.811523 0.000000 2498.933594 0.000000 0.877148 0.000000 -0.480221 1.000000 1.000000 1.000000
6079.265137 0.000000 2495.297852 0.000000 0.982757 0.000000 -0.184903 1.000000 1.000000 1.000000
6075.436523 0.000000 2509.366943 0.000000 0.636117 0.000000 -0.771592 1.000000 1.000000 1.000000
5897.074219 0.000000 2596.817871 0.000000 0.919154 0.000000 -0.393899 1.000000 1.000000 1.000000
5913.961914 0.000000 2597.497314 0.000000 0.722266 0.000000 -0.691615 1.000000 1.000000 1.000000
6018.061035 0.000000 2578.433105 0.000000 0.907216 0.000000 -0.420666 1.000000 1.000000 1.000000
6440.649902 0.000000 1933.264526 0.000000 0.748881 0.000000 -0.662705 1.000000 1.000000 1.000000
6403.257324 0.000000 1923.934082 0.000000 0.778982 0.000000 -0.627046 1.000000 1.000000 1.000000
6218.488281 0.000000 2111.807373 0.000000 0.901898 0.000000 -0.431949 1.000000 1.000000 1.000000
6225.046875 0.000000 2124.320801 0.000000 0.816768 0.000000 -0.576967 1.000000 1.000000 1.000000
6226.078125 0.000000 2122.468750 0.000000 0.786270 0.000000 -0.617883 1.000000 1.000000 1.000000
6225.133789 0.000000 2125.951660 0.000000 0.735824 0.000000 -0.677173 1.000000 1.000000 1.000000
6241.694824 0.000000 2195.088623 0.000000 0.766584 0.000000 -0.642144 1.000000 1.000000 1.000000
6224.779297 0.000000 2184.928467 0.000000 0.994424 0.000000 -0.105457 1.000000 1.000000 1.000000
6242.378906 0.000000 2182.831787 0.000000 0.866134 0.000000 -0.499813 1.000000 1.000000 1.000000
6222.038574 0.000000 2182.427002 0.000000 0.610060 0.000000 -0.792355 1.000000 1.000000 1.000000
6221.437012 0.000000 2185.441406 0.000000 0.981762 0.000000 -0.190115 1.000000 1.000000 1.000000
6223.127441 0.000000 2185.724121 0.000000 0.903792 0.000000 -0.427972 1.000000 1.000000 1.000000
6551.603027 0.000000 2222.159424 0.000000 0.927621 0.000000 -0.373523 1.000000 1.000000 1.000000
6542.477539 0.000000 2239.773193 0.000000 0.821777 0.000000 -0.569809 1.000000 1.000000 1.000000
6694.021484 0.000000 2030.759277 0.000000 0.932216 0.000000 -0.361902 1.000000 1.000000 1.000000
6722.261230 0.000000 2245.043945 0.000000 0.743156 0.000000 -0.669118 1.000000 1.000000 1.000000
6609.000000 0.000000 2502.258301 0.000000 0.781899 0.000000 -0.623405 1.000000 1.000000 1.000000
6577.061523 0.000000 2522.197754 0.000000 0.735517 0.000000 -0.677506 1.000000 1.000000 1.000000
6562.339844 0.000000 2513.527100 0.000000 0.735892 0.000000 -0.677098 1.000000 1.000000 1.000000
6555.455566 0.000000 2517.517578 0.000000 0.973927 0.000000 -0.226862 1.000000 1.000000 1.000000
6565.052246 0.000000 2512.053467 0.000000 0.644367 0.000000 -0.764716 1.000000 1.000000 1.000000
6608.732422 0.000000 2515.623779 0.000000 0.965154 0.000000 -0.261681 1.000000 1.000000 1.000000
6466.147461 0.000000 2590.148438 0.000000 0.992475 0.000000 -0.122450 1.000000 1.000000 1.000000
6531.843262 0.000000 2608.122559 0.000000 0.998296 0.000000 -0.058345 1.000000 1.000000 1.000000
6752.846191 0.000000 2341.341553 0.000000 0.994594 0.000000 -0.103839 1.000000 1.000000 1.000000
6802.382812 0.000000 2295.827881 0.000000 0.998331 0.000000 -0.057757 1.000000 1.000000 1.000000
6805.430176 0.000000 2297.343506 0.000000 0.838217 0.000000 -0.545336 1.000000 1.000000 1.000000
6805.042480 0.000000 2295.157959 0.000000 0.946176 0.000000 -0.323653 1.000000 1.000000 1.000000
6871.084473 0.000000 2430.608154 0.000000 0.955481 0.000000 -0.295052 1.000000 1.000000 1.000000
6951.950684 0.000000 2497.799561 0.000000 0.613444 0.000000 -0.789738 1.000000 1.000000 1.000000
6949.869141 0.000000 2504.723389 0.000000 0.921180 0.000000 -0.389137 1.000000 1.000000 1.000000
6855.623047 0.000000 2748.584961 0.000000 0.998591 0.000000 -0.053069 1.000000 1.000000 1.000000
6854.283203 0.000000 2750.113770 0.000000 0.929078 0.000000 -0.369883 1.000000 1.000000 1.000000
6933.709473 0.000000 2686.303223 0.000000 0.899389 0.000000 -0.437150 1.000000 1.000000 1.000000
6939.486816 0.000000 2664.122314 0.000000 0.971191 0.000000 -0.238303 1.000000 1.000000 1.000000
6925.407715 0.000000 2667.281250 0.000000 0.855545 0.000000 -0.517729 1.000000 1.000000 1.000000
6933.608398 0.000000 2652.223877 0.000000 0.706875 0.000000 -0.707338 1.000000 1.000000 1.000000
6931.416016 0.000000 2692.919678 0.000000 0.993897 0.000000 -0.110308 1.000000 1.000000 1.000000
6943.647461 0.000000 2707.565430 0.000000 0.958627 0.000000 -0.284666 1.000000 1.000000 1.000000
6945.608887 0.000000 2714.752686 0.000000 0.995816 0.000000 -0.091378 1.000000 1.000000 1.000000
6946.292969 0.000000 2749.738037 0.000000 0.737695 0.000000 -0.675134 1.000000 1.000000 1.000000
6953.292480 0.000000 2742.334229 0.000000 0.830458 0.000000 -0.557081 1.000000 1.000000 1.000000
6955.832031 0.000000 2755.605225 0.000000 0.666878 0.000000 -0.745167 1.000000 1.000000 1.000000
6919.012695 0.000000 2818.273682 0.000000 0.761869 0.000000 -0.647731 1.000000 1.000000 1.000000
6995.021973 0.000000 2917.299805 0.000000 0.951546 0.000000 -0.307506 1.000000 1.000000 1.000000
7040.338867 0.000000 3023.208496 0.000000 0.756457 0.000000 -0.654043 1.000000 1.000000 1.000000
7153.676758 0.000000 3003.499268 0.000000 0.598960 0.000000 -0.800779 1.000000 1.000000 1.000000
7141.051758 0.000000 3002.819092 0.000000 0.974675 0.000000 -0.223625 1.000000 1.000000 1.000000
7142.523926 0.000000 2995.997559 0.000000 0.764319 0.000000 -0.644838 1.000000 1.000000 1.000000
7269.830078 0.000000 2646.449951 0.000000 0.971131 0.000000 -0.238545 1.000000 1.000000 1.000000
7405.096191 0.000000 2680.587402 0.000000 0.842837 0.000000 -0.538169 1.000000 1.000000 1.000000
7369.913574 0.000000 2682.449463 0.000000 0.943204 0.000000 -0.332213 1.000000 1.000000 1.000000
7363.906250 0.000000 2677.054932 0.000000 0.794713 0.000000 -0.606985 1.000000 1.000000 1.000000
7396.133789 0.000000 2711.205322 0.000000 0.839636 0.000000 -0.543149 1.000000 1.000000 1.000000
7368.203613 0.000000 2692.854004 0.000000 0.801117 0.000000 -0.598508 1.000000 1.000000 1.000000
7356.041504 0.000000 2779.999023 0.000000 0.986931 0.000000 -0.161142 1.000000 1.000000 1.000000
7342.808594 0.000000 2777.879883 0.000000 0.654089 0.000000 -0.756418 1.000000 1.000000 1.000000
7360.299805 0.000000 2786.997559 0.000000 0.900881 0.000000 -0.434066 1.000000 1.000000 1.000000
7298.885254 0.000000 2798.268311 0.000000 0.892313 0.000000 -0.451418 1.000000 1.000000 1.000000
7363.965820 0.000000 2787.911621 0.000000 0.978898 0.000000 -0.204351 1.000000 1.000000 1.000000
7589.314453 0.000000 2754.355957 0.000000 0.965372 0.000000 -0.260877 1.000000 1.000000 1.000000
7586.570801 0.000000 2765.707764 0.000000 0.884467 0.000000 -0.466603 1.000000 1.000000 1.000000
7586.495605 0.000000 2756.101807 0.000000 0.710785 0.000000 -0.703409 1.000000 1.000000 1.000000
7576.862793 0.000000 2761.981445 0.000000 0.759325 0.000000 -0.650712 1.000000 1.000000 1.000000
7280.585449 0.000000 2880.809082 0.000000 0.649989 0.000000 -0.759943 1.000000 1.000000 1.000000
7291.599609 0.000000 2889.665527 0.000000 0.894903 0.000000 -0.446261 1.000000 1.000000 1.000000
7275.743164 0.000000 2892.166260 0.000000 0.756350 0.000000 -0.654167 1.000000 1.000000 1.000000
7300.328125 0.000000 2854.883789 0.000000 0.829481 0.000000 -0.558535 1.000000 1.000000 1.000000
7301.614258 0.000000 2851.799316 0.000000 0.935306 0.000000 -0.353839 1.000000 1.000000 1.000000
7300.410645 0.000000 2847.392578 0.000000 0.987250 0.000000 -0.159178 1.000000 1.000000 1.000000
7300.701172 0.000000 2845.570801 0.000000 0.941635 0.000000 -0.336636 1.000000 1.000000 1.000000
7322.280273 0.000000 2952.675049 0.000000 0.627415 0.000000 -0.778685 1.000000 1.000000 1.000000
7360.380859 0.000000 2946.850586 0.000000 0.982772 0.000000 -0.184821 1.000000 1.000000 1.000000
2904.048096 0.000000 3403.214111 0.000000 0.937661 0.000000 -0.347552 1.000000 1.000000 1.000000
3644.940674 0.000000 3023.702881 0.000000 0.862064 0.000000 -0.506800 1.000000 1.000000 1.000000
3622.275146 0.000000 3024.387451 0.000000 0.937802 0.000000 -0.347171 1.000000 1.000000 1.000000
3621.013672 0.000000 3029.014893 0.000000 0.965876 0.000000 -0.259005 1.000000 1.000000 1.000000
3617.317871 0.000000 3023.781006 0.000000 0.916805 0.000000 -0.399334 1.000000 1.000000 1.000000
3620.594727 0.000000 3041.900635 0.000000 0.757483 0.000000 -0.652855 1.000000 1.000000 1.000000
3630.065674 0.000000 3068.790039 0.000000 0.879297 0.000000 -0.476273 1.000000 1.000000 1.000000
3615.924805 0.000000 3031.595703 0.000000 0.698487 0.000000 -0.715622 1.000000 1.000000 1.000000
3619.525879 0.000000 3026.106689 0.000000 0.954926 0.000000 -0.296844 1.000000 1.000000 1.000000
3618.180664 0.000000 3029.723877 0.000000 0.991220 0.000000 -0.132221 1.000000 1.000000 1.000000
3621.411377 0.000000 3031.717529 0.000000 0.870205 0.000000 -0.492689 1.000000 1.000000 1.000000
3619.936035 0.000000 3023.555664 0.000000 0.902065 0.000000 -0.431601 1.000000 1.000000 1.000000
3585.516846 0.000000 3052.331055 0.000000 0.944395 0.000000 -0.328812 1.000000 1.000000 1.000000
3608.013916 0.000000 3036.965088 0.000000 0.938639 0.000000 -0.344902 1.000000 1.000000 1.000000
3619.500000 0.000000 3031.335205 0.000000 0.755831 0.000000 -0.654767 1.000000 1.000000 1.000000
3619.695801 0.000000 3034.805908 0.000000 0.980587 0.000000 -0.196085 1.000000 1.000000 1.000000
3617.821289 0.000000 3034.972168 0.000000 0.677764 0.000000 -0.735280 1.000000 1.000000 1.000000
3618.758057 0.000000 3024.240723 0.000000 0.988104 0.000000 -0.153787 1.000000 1.000000 1.000000
3675.822754 0.000000 3023.620117 0.000000 0.907545 0.000000 -0.419956 1.000000 1.000000 1.000000
3677.230469 0.000000 3033.339600 0.000000 0.728267 0.000000 -0.685293 1.000000 1.000000 1.000000
3679.916992 0.000000 3031.595703 0.000000 0.762238 0.000000 -0.647297 1.000000 1.000000 1.000000
3678.564697 0.000000 3024.281738 0.000000 0.998536 0.000000 -0.054101 1.000000 1.000000 1.000000
3665.445801 0.000000 3023.553223 0.000000 0.999057 0.000000 -0.043419 1.000000 1.000000 1.000000
3672.014160 0.000000 3027.308350 0.000000 0.989424 0.000000 -0.145051 1.000000 1.000000 1.000000
3662.913330 0.000000 3023.615967 0.000000 0.661056 0.000000 -0.750337 1.000000 1.000000 1.000000
3675.203369 0.000000 3029.921875 0.000000 0.604336 0.000000 -0.796730 1.000000 1.000000 1.000000
3676.739746 0.000000 3030.976318 0.000000 0.689333 0.000000 -0.724445 1.000000 1.000000 1.000000
3625.698486 0.000000 3073.029541 0.000000 0.899870 0.000000 -0.436159 1.000000 1.000000 1.000000
3599.905029 0.000000 3084.984863 0.000000 0.998572 0.000000 -0.053418 1.000000 1.000000 1.000000
3613.947998 0.000000 3078.760010 0.000000 0.993680 0.000000 -0.112248 1.000000 1.000000 1.000000
3616.501953 0.000000 3076.677734 0.000000 0.849498 0.000000 -0.527592 1.000000 1.000000 1.000000
3614.938477 0.000000 3075.875244 0.000000 0.999437 0.000000 -0.033557 1.000000 1.000000 1.000000
3616.841797 0.000000 3072.062500 0.000000 0.647928 0.000000 -0.761702 1.000000 1.000000 1.000000
3614.784912 0.000000 3074.624268 0.000000 0.597630 0.000000 -0.801772 1.000000 1.000000 1.000000
3716.622314 0.000000 3038.751221 0.000000 0.912914 0.000000 -0.408151 1.000000 1.000000 1.000000
3719.261475 0.000000 3039.403809 0.000000 0.832832 0.000000 -0.553526 1.000000 1.000000 1.000000
3873.318115 0.000000 3252.470947 0.000000 0.971125 0.000000 -0.238570 1.000000 1.000000 1.000000
3894.299316 0.000000 3259.041748 0.000000 0.598298 0.000000 -0.801273 1.000000 1.000000 1.000000
3924.489746 0.000000 3256.065186 0.000000 0.960432 0.000000 -0.278513 1.000000 1.000000 1.000000
3904.721436 0.000000 3259.419434 0.000000 0.999055 0.000000 -0.043472 1.000000 1.000000 1.000000
3885.525391 0.000000 3294.735840 0.000000 0.899920 0.000000 -0.436055 1.000000 1.000000 1.000000
3871.846191 0.000000 3264.192383 0.000000 0.999468 0.000000 -0.032602 1.000000 1.000000 1.000000
3903.892334 0.000000 3290.068359 0.000000 0.998340 0.000000 -0.057592 1.000000 1.000000 1.000000
3904.721436 0.000000 3306.661621 0.000000 0.944293 0.000000 -0.329107 1.000000 1.000000 1.000000
4068.496338 0.000000 3241.697266 0.000000 0.941356 0.000000 -0.337414 1.000000 1.000000 1.000000
3894.440918 0.000000 3318.906738 0.000000 0.634112 0.000000 -0.773241 1.000000 1.000000 1.000000
3866.702148 0.000000 3330.612549 0.000000 0.664369 0.000000 -0.747405 1.000000 1.000000 1.000000
3900.909424 0.000000 3307.156006 0.000000 0.817240 0.000000 -0.576297 1.000000 1.000000 1.000000
3872.021973 0.000000 3321.713867 0.000000 0.721280 0.000000 -0.692644 1.000000 1.000000 1.000000
3880.355225 0.000000 3316.355469 0.000000 0.728649 0.000000 -0.684888 1.000000 1.000000 1.000000
3900.764648 0.000000 3324.551025 0.000000 0.593974 0.000000 -0.804484 1.000000 1.000000 1.000000
3871.846191 0.000000 3358.676758 0.000000 0.905762 0.000000 -0.423786 1.000000 1.000000 1.000000
3894.653564 0.000000 3379.292480 0.000000 0.796264 0.000000 -0.604949 1.000000 1.000000 1.000000
3903.892334 0.000000 3384.552734 0.000000 0.991533 0.000000 -0.129854 1.000000 1.000000 1.000000
4013.509766 0.000000 3341.978027 0.000000 0.611668 0.000000 -0.791115 1.000000 1.000000 1.000000
4068.496338 0.000000 3336.181641 0.000000 0.977797 0.000000 -0.209555 1.000000 1.000000 1.000000
4072.938965 0.000000 3350.530273 0.000000 0.754768 0.000000 -0.655991 1.000000 1.000000 1.000000
4067.000244 0.000000 3332.614014 0.000000 0.987749 0.000000 -0.156051 1.000000 1.000000 1.000000
4080.468994 0.000000 3348.244629 0.000000 0.880668 0.000000 -0.473733 1.000000 1.000000 1.000000
3978.956055 0.000000 3364.896729 0.000000 0.999986 0.000000 -0.005277 1.000000 1.000000 1.000000
4008.914062 0.000000 3373.204834 0.000000 0.999079 0.000000 -0.042920 1.000000 1.000000 1.000000
4068.496338 0.000000 3383.423828 0.000000 0.610897 0.000000 -0.791710 1.000000 1.000000 1.000000
3178.137939 0.000000 3577.267090 0.000000 0.843132 0.000000 -0.537707 1.000000 1.000000 1.000000
3196.724121 0.000000 3580.201660 0.000000 0.721579 0.000000 -0.692333 1.000000 1.000000 1.000000
3178.030518 0.000000 3549.535400 0.000000 0.745917 0.000000 -0.666039 1.000000 1.000000 1.000000
3152.612549 0.000000 3587.192871 0.000000 0.901865 0.000000 -0.432018 1.000000 1.000000 1.000000
3199.894531 0.000000 3583.559570 0.000000 0.995544 0.000000 -0.094300 1.000000 1.000000 1.000000
3184.851318 0.000000 3671.378662 0.000000 0.730574 0.000000 -0.682834 1.000000 1.000000 1.000000
3171.876465 0.000000 3665.134277 0.000000 0.849686 0.000000 -0.527289 1.000000 1.000000 1.000000
3293.443848 0.000000 3607.001465 0.000000 0.915736 0.000000 -0.401781 1.000000 1.000000 1.000000
3223.831055 0.000000 3731.075928 0.000000 0.820877 0.000000 -0.571105 1.000000 1.000000 1.000000
3238.723633 0.000000 3717.024170 0.000000 0.742124 0.000000 -0.670263 1.000000 1.000000 1.000000
3232.700439 0.000000 3722.183594 0.000000 0.992639 0.000000 -0.121109 1.000000 1.000000 1.000000
3262.372803 0.000000 3694.043213 0.000000 0.996237 0.000000 -0.086667 1.000000 1.000000 1.000000
3208.645508 0.000000 3714.035156 0.000000 0.943510 0.000000 -0.331343 1.000000 1.000000 1.000000
3240.848633 0.000000 3717.001953 0.000000 0.958249 0.000000 -0.285936 1.000000 1.000000 1.000000
3264.604492 0.000000 3695.824219 0.000000 0.835525 0.000000 -0.549452 1.000000 1.000000 1.000000
3279.086426 0.000000 3729.708008 0.000000 0.899499 0.000000 -0.436923 1.000000 1.000000 1.000000
3211.049805 0.000000 3742.834229 0.000000 0.783607 0.000000 -0.621257 1.000000 1.000000 1.000000
3291.869629 0.000000 3732.252930 0.000000 0.975126 0.000000 -0.221653 1.000000 1.000000 1.000000
3304.019775 0.000000 3756.777588 0.000000 0.914850 0.000000 -0.403793 1.000000 1.000000 1.000000
3555.446533 0.000000 3674.864502 0.000000 0.709094 0.000000 -0.705114 1.000000 1.000000 1.000000
3552.661377 0.000000 3674.941406 0.000000 0.716977 0.000000 -0.697097 1.000000 1.000000 1.000000
3419.756836 0.000000 3729.599609 0.000000 0.958605 0.000000 -0.284741 1.000000 1.000000 1.000000
3419.854004 0.000000 3732.252930 0.000000 0.609460 0.000000 -0.792817 1.000000 1.000000 1.000000
3426.768799 0.000000 3745.178223 0.000000 0.976142 0.000000 -0.217132 1.000000 1.000000 1.000000
3576.922363 0.000000 3693.078857 0.000000 0.986862 0.000000 -0.161568 1.000000 1.000000 1.000000
3577.483887 0.000000 3742.084229 0.000000 0.986316 0.000000 -0.164867 1.000000 1.000000 1.000000
3537.568848 0.000000 3763.393555 0.000000 0.833442 0.000000 -0.552607 1.000000 1.000000 1.000000
3696.331543 0.000000 3424.614502 0.000000 0.831865 0.000000 -0.554977 1.000000 1.000000 1.000000
3673.769287 0.000000 3466.087158 0.000000 0.915332 0.000000 -0.402700 1.000000 1.000000 1.000000
3719.403076 0.000000 3432.422119 0.000000 0.943534 0.000000 -0.331276 1.000000 1.000000 1.000000
3718.073975 0.000000 3434.522949 0.000000 0.744292 0.000000 -0.667855 1.000000 1.000000 1.000000
3648.833740 0.000000 3513.756836 0.000000 0.950785 0.000000 -0.309850 1.000000 1.000000 1.000000
3658.996582 0.000000 3497.617676 0.000000 0.995764 0.000000 -0.091945 1.000000 1.000000 1.000000
3675.806885 0.000000 3509.603516 0.000000 1.000000 0.000000 -0.000181 1.000000 1.000000 1.000000
3654.666748 0.000000 3498.823242 0.000000 0.999929 0.000000 -0.011884 1.000000 1.000000 1.000000
3649.453857 0.000000 3537.007324 0.000000 0.966226 0.000000 -0.257697 1.000000 1.000000 1.000000
3676.796387 0.000000 3508.531982 0.000000 0.942999 0.000000 -0.332795 1.000000 1.000000 1.000000
3626.218018 0.000000 3573.633789 0.000000 0.784414 0.000000 -0.620238 1.000000 1.000000 1.000000
3632.523682 0.000000 3584.455566 0.000000 0.640015 0.000000 -0.768362 1.000000 1.000000 1.000000
3772.522949 0.000000 3506.778809 0.000000 0.999935 0.000000 -0.011406 1.000000 1.000000 1.000000
3742.420410 0.000000 3517.316895 0.000000 0.774529 0.000000 -0.632539 1.000000 1.000000 1.000000
3818.059814 0.000000 3530.024902 0.000000 0.914459 0.000000 -0.404679 1.000000 1.000000 1.000000
3834.266357 0.000000 3527.852051 0.000000 0.751381 0.000000 -0.659869 1.000000 1.000000 1.000000
3781.846191 0.000000 3541.921631 0.000000 0.996817 0.000000 -0.079721 1.000000 1.000000 1.000000
3816.900391 0.000000 3530.966797 0.000000 0.822567 0.000000 -0.568669 1.000000 1.000000 1.000000
3816.265869 0.000000 3542.513184 0.000000 0.896285 0.000000 -0.443479 1.000000 1.000000 1.000000
3775.838379 0.000000 3547.218506 0.000000 0.978059 0.000000 -0.208327 1.000000 1.000000 1.000000
3834.372314 0.000000 3569.866455 0.000000 0.620172 0.000000 -0.784466 1.000000 1.000000 1.000000
3811.031494 0.000000 3568.824951 0.000000 0.804473 0.000000 -0.593989 1.000000 1.000000 1.000000
3816.450684 0.000000 3543.199219 0.000000 0.959181 0.000000 -0.282793 1.000000 1.000000 1.000000
3815.870361 0.000000 3577.149902 0.000000 0.727871 0.000000 -0.685714 1.000000 1.000000 1.000000
3829.231689 0.000000 3563.360107 0.000000 0.967137 0.000000 -0.254257 1.000000 1.000000 1.000000
3894.440918 0.000000 3413.391113 0.000000 0.657965 0.000000 -0.753048 1.000000 1.000000 1.000000
3919.497314 0.000000 3403.165039 0.000000 0.713470 0.000000 -0.700686 1.000000 1.000000 1.000000
3915.565186 0.000000 3407.742188 0.000000 0.999879 0.000000 -0.015532 1.000000 1.000000 1.000000
3891.596191 0.000000 3537.405273 0.000000 0.712826 0.000000 -0.701341 1.000000 1.000000 1.000000
3893.443848 0.000000 3536.626953 0.000000 0.611858 0.000000 -0.790968 1.000000 1.000000 1.000000
3860.726318 0.000000 3576.038818 0.000000 0.702757 0.000000 -0.711430 1.000000 1.000000 1.000000
3891.053467 0.000000 3574.102783 0.000000 0.641971 0.000000 -0.766729 1.000000 1.000000 1.000000
3865.208984 0.000000 3581.685059 0.000000 0.759120 0.000000 -0.650951 1.000000 1.000000 1.000000
3870.518799 0.000000 3566.397705 0.000000 0.931911 0.000000 -0.362688 1.000000 1.000000 1.000000
3840.590576 0.000000 3579.472656 0.000000 0.803130 0.000000 -0.595803 1.000000 1.000000 1.000000
3857.529785 0.000000 3574.424805 0.000000 0.950283 0.000000 -0.311387 1.000000 1.000000 1.000000
3854.137451 0.000000 3585.261719 0.000000 0.831970 0.000000 -0.554820 1.000000 1.000000 1.000000
3899.875732 0.000000 3571.441895 0.000000 0.991651 0.000000 -0.128954 1.000000 1.000000 1.000000
3861.695312 0.000000 3589.543945 0.000000 0.865926 0.000000 -0.500171 1.000000 1.000000 1.000000
3861.274414 0.000000 3588.092285 0.000000 0.857635 0.000000 -0.514259 1.000000 1.000000 1.000000
3961.870605 0.000000 3546.803711 0.000000 0.999936 0.000000 -0.011316 1.000000 1.000000 1.000000
3911.140137 0.000000 3578.234131 0.000000 0.900937 0.000000 -0.433950 1.000000 1.000000 1.000000
3910.425049 0.000000 3579.685303 0.000000 0.999901 0.000000 -0.014084 1.000000 1.000000 1.000000
3973.196045 0.000000 3520.732910 0.000000 0.780714 0.000000 -0.624888 1.000000 1.000000 1.000000
3993.193359 0.000000 3534.442871 0.000000 0.788700 0.000000 -0.614778 1.000000 1.000000 1.000000
4012.696777 0.000000 3510.139893 0.000000 0.811993 0.000000 -0.583667 1.000000 1.000000 1.000000
4000.384033 0.000000 3538.675049 0.000000 0.701398 0.000000 -0.712770 1.000000 1.000000 1.000000
3991.074951 0.000000 3533.825439 0.000000 0.900385 0.000000 -0.435093 1.000000 1.000000 1.000000
3999.547363 0.000000 3536.988525 0.000000 0.997723 0.000000 -0.067446 1.000000 1.000000 1.000000
4010.527588 0.000000 3510.127930 0.000000 0.996494 0.000000 -0.083660 1.000000 1.000000 1.000000
4009.641357 0.000000 3536.425293 0.000000 0.949464 0.000000 -0.313875 1.000000 1.000000 1.000000
4052.790039 0.000000 3508.456299 0.000000 0.866089 0.000000 -0.499889 1.000000 1.000000 1.000000
3996.752686 0.000000 3575.991943 0.000000 0.866497 0.000000 -0.499183 1.000000 1.000000 1.000000
4015.175781 0.000000 3573.304199 0.000000 0.954129 0.000000 -0.299396 1.000000 1.000000 1.000000
4005.961426 0.000000 3564.971924 0.000000 0.646763 0.000000 -0.762691 1.000000 1.000000 1.000000
4016.749756 0.000000 3576.894287 0.000000 0.965206 0.000000 -0.261492 1.000000 1.000000 1.000000
3971.156494 0.000000 3585.556885 0.000000 0.963434 0.000000 -0.267945 1.000000 1.000000 1.000000
4024.155518 0.000000 3587.441650 0.000000 0.975399 0.000000 -0.220447 1.000000 1.000000 1.000000
4007.770996 0.000000 3564.348633 0.000000 0.890387 0.000000 -0.455204 1.000000 1.000000 1.000000
4048.661865 0.000000 3577.602783 0.000000 0.706580 0.000000 -0.707633 1.000000 1.000000 1.000000
4051.758789 0.000000 3557.572266 0.000000 0.944426 0.000000 -0.328725 1.000000 1.000000 1.000000
4045.672363 0.000000 3579.398193 0.000000 0.877917 0.000000 -0.478813 1.000000 1.000000 1.000000
4035.632080 0.000000 3588.601074 0.000000 0.878066 0.000000 -0.478540 1.000000 1.000000 1.000000
4042.470459 0.000000 3573.600830 0.000000 0.999933 0.000000 -0.011619 1.000000 1.000000 1.000000
4037.814941 0.000000 3589.163818 0.000000 0.821524 0.000000 -0.570174 1.000000 1.000000 1.000000
3639.254150 0.000000 3597.806885 0.000000 0.664925 0.000000 -0.746910 1.000000 1.000000 1.000000
3645.642334 0.000000 3633.989746 0.000000 0.833182 0.000000 -0.552999 1.000000 1.000000 1.000000
3634.954590 0.000000 3604.774414 0.000000 0.865074 0.000000 -0.501645 1.000000 1.000000 1.000000
3635.622314 0.000000 3605.981201 0.000000 0.607099 0.000000 -0.794626 1.000000 1.000000 1.000000
3665.687988 0.000000 3626.388428 0.000000 0.999982 0.000000 -0.005920 1.000000 1.000000 1.000000
3647.595703 0.000000 3602.517090 0.000000 0.970763 0.000000 -0.240041 1.000000 1.000000 1.000000
3639.747803 0.000000 3673.841553 0.000000 0.709640 0.000000 -0.704564 1.000000 1.000000 1.000000
3629.431396 0.000000 3678.168945 0.000000 0.768084 0.000000 -0.640348 1.000000 1.000000 1.000000
3613.697510 0.000000 3674.958740 0.000000 0.973531 0.000000 -0.228555 1.000000 1.000000 1.000000
3638.314453 0.000000 3638.815186 0.000000 0.859626 0.000000 -0.510924 1.000000 1.000000 1.000000
3620.294922 0.000000 3684.224121 0.000000 0.985157 0.000000 -0.171657 1.000000 1.000000 1.000000
3680.091309 0.000000 3658.255859 0.000000 0.934472 0.000000 -0.356036 1.000000 1.000000 1.000000
3660.493164 0.000000 3645.889160 0.000000 0.994517 0.000000 -0.104577 1.000000 1.000000 1.000000
3690.659180 0.000000 3655.698730 0.000000 0.601825 0.000000 -0.798628 1.000000 1.000000 1.000000
3689.851074 0.000000 3662.876953 0.000000 0.977553 0.000000 -0.210688 1.000000 1.000000 1.000000
3659.990723 0.000000 3649.846191 0.000000 0.962333 0.000000 -0.271874 1.000000 1.000000 1.000000
3686.384521 0.000000 3662.775146 0.000000 0.859421 0.000000 -0.511268 1.000000 1.000000 1.000000
3681.321533 0.000000 3658.561279 0.000000 0.843047 0.000000 -0.537840 1.000000 1.000000 1.000000
3737.224609 0.000000 3676.169434 0.000000 0.980747 0.000000 -0.195283 1.000000 1.000000 1.000000
3717.986328 0.000000 3669.108887 0.000000 0.899976 0.000000 -0.435939 1.000000 1.000000 1.000000
3607.962158 0.000000 3686.667236 0.000000 0.844661 0.000000 -0.535302 1.000000 1.000000 1.000000
3583.586182 0.000000 3730.194336 0.000000 0.814293 0.000000 -0.580454 1.000000 1.000000 1.000000
3707.701660 0.000000 3708.649414 0.000000 0.736578 0.000000 -0.676352 1.000000 1.000000 1.000000
3604.937012 0.000000 3770.206299 0.000000 0.998560 0.000000 -0.053652 1.000000 1.000000 1.000000
3595.843262 0.000000 3774.102539 0.000000 0.835219 0.000000 -0.549917 1.000000 1.000000 1.000000
3594.554932 0.000000 3775.969238 0.000000 0.607022 0.000000 -0.794685 1.000000 1.000000 1.000000
3762.090576 0.000000 3712.132080 0.000000 0.747693 0.000000 -0.664044 1.000000 1.000000 1.000000
3726.153076 0.000000 3726.988281 0.000000 0.908743 0.000000 -0.417356 1.000000 1.000000 1.000000
3747.689453 0.000000 3724.351562 0.000000 0.736476 0.000000 -0.676464 1.000000 1.000000 1.000000
3773.522461 0.000000 3720.687256 0.000000 0.636344 0.000000 -0.771405 1.000000 1.000000 1.000000
3799.760742 0.000000 3731.075928 0.000000 0.628570 0.000000 -0.777753 1.000000 1.000000 1.000000
3727.520752 0.000000 3733.860352 0.000000 0.844903 0.000000 -0.534920 1.000000 1.000000 1.000000
3749.381836 0.000000 3777.316650 0.000000 0.980424 0.000000 -0.196896 1.000000 1.000000 1.000000
3751.589355 0.000000 3777.534668 0.000000 0.992479 0.000000 -0.122415 1.000000 1.000000 1.000000
3722.406494 0.000000 3763.970459 0.000000 0.994790 0.000000 -0.101941 1.000000 1.000000 1.000000
3731.372559 0.000000 3775.091553 0.000000 0.934835 0.000000 -0.355082 1.000000 1.000000 1.000000
3791.449219 0.000000 3736.417480 0.000000 0.794413 0.000000 -0.607378 1.000000 1.000000 1.000000
3898.588135 0.000000 3636.284424 0.000000 0.677215 0.000000 -0.735785 1.000000 1.000000 1.000000
3860.726318 0.000000 3623.281006 0.000000 0.863783 0.000000 -0.503864 1.000000 1.000000 1.000000
3853.725830 0.000000 3602.707031 0.000000 0.995107 0.000000 -0.098808 1.000000 1.000000 1.000000
3867.301270 0.000000 3606.274170 0.000000 0.865172 0.000000 -0.501476 1.000000 1.000000 1.000000
3877.138184 0.000000 3594.107910 0.000000 0.978297 0.000000 -0.207208 1.000000 1.000000 1.000000
3907.298828 0.000000 3601.385498 0.000000 0.891864 0.000000 -0.452304 1.000000 1.000000 1.000000
3921.060303 0.000000 3602.194092 0.000000 0.673669 0.000000 -0.739033 1.000000 1.000000 1.000000
3887.921631 0.000000 3646.127930 0.000000 0.869366 0.000000 -0.494168 1.000000 1.000000 1.000000
3891.053467 0.000000 3668.587158 0.000000 0.855702 0.000000 -0.517468 1.000000 1.000000 1.000000
3883.693115 0.000000 3643.365723 0.000000 0.863727 0.000000 -0.503960 1.000000 1.000000 1.000000
3847.147949 0.000000 3672.718506 0.000000 0.947496 0.000000 -0.319767 1.000000 1.000000 1.000000
3885.307861 0.000000 3645.491211 0.000000 0.619592 0.000000 -0.784924 1.000000 1.000000 1.000000
3898.428467 0.000000 3638.585693 0.000000 0.611444 0.000000 -0.791288 1.000000 1.000000 1.000000
3893.374756 0.000000 3669.302734 0.000000 0.744840 0.000000 -0.667243 1.000000 1.000000 1.000000
3886.097656 0.000000 3647.355225 0.000000 0.813489 0.000000 -0.581581 1.000000 1.000000 1.000000
3892.640625 0.000000 3670.843750 0.000000 0.664641 0.000000 -0.747163 1.000000 1.000000 1.000000
3935.838379 0.000000 3642.129883 0.000000 0.888931 0.000000 -0.458041 1.000000 1.000000 1.000000
3924.854004 0.000000 3645.306641 0.000000 0.715119 0.000000 -0.699003 1.000000 1.000000 1.000000
3932.716797 0.000000 3640.742432 0.000000 0.631159 0.000000 -0.775653 1.000000 1.000000 1.000000
3930.114258 0.000000 3640.744385 0.000000 0.999974 0.000000 -0.007229 1.000000 1.000000 1.000000
3927.287842 0.000000 3645.435547 0.000000 0.990079 0.000000 -0.140514 1.000000 1.000000 1.000000
4023.000732 0.000000 3632.027344 0.000000 0.845015 0.000000 -0.534743 1.000000 1.000000 1.000000
4015.214844 0.000000 3628.239258 0.000000 0.932696 0.000000 -0.360662 1.000000 1.000000 1.000000
4019.184082 0.000000 3590.449707 0.000000 0.633564 0.000000 -0.773691 1.000000 1.000000 1.000000
4059.678711 0.000000 3635.115234 0.000000 0.949154 0.000000 -0.314812 1.000000 1.000000 1.000000
4052.616455 0.000000 3621.762207 0.000000 0.911555 0.000000 -0.411178 1.000000 1.000000 1.000000
3987.775146 0.000000 3637.763428 0.000000 0.991182 0.000000 -0.132510 1.000000 1.000000 1.000000
3970.451904 0.000000 3676.718750 0.000000 0.998284 0.000000 -0.058551 1.000000 1.000000 1.000000
4020.963135 0.000000 3653.345703 0.000000 0.878976 0.000000 -0.476867 1.000000 1.000000 1.000000
4000.150635 0.000000 3668.325684 0.000000 0.883221 0.000000 -0.468957 1.000000 1.000000 1.000000
4018.299805 0.000000 3653.538574 0.000000 0.720118 0.000000 -0.693852 1.000000 1.000000 1.000000
4011.281006 0.000000 3657.766113 0.000000 0.692854 0.000000 -0.721078 1.000000 1.000000 1.000000
4022.527100 0.000000 3681.045898 0.000000 0.925564 0.000000 -0.378592 1.000000 1.000000 1.000000
4069.744141 0.000000 3651.957520 0.000000 0.979384 0.000000 -0.202005 1.000000 1.000000 1.000000
4074.990234 0.000000 3678.571533 0.000000 0.999994 0.000000 -0.003433 1.000000 1.000000 1.000000
4084.955322 0.000000 3700.587891 0.000000 0.765452 0.000000 -0.643493 1.000000 1.000000 1.000000
4089.743164 0.000000 3714.308350 0.000000 0.999965 0.000000 -0.008416 1.000000 1.000000 1.000000
4089.414062 0.000000 3709.207764 0.000000 0.644003 0.000000 -0.765023 1.000000 1.000000 1.000000
4085.128662 0.000000 3730.521729 0.000000 0.702362 0.000000 -0.711820 1.000000 1.000000 1.000000
4087.878662 0.000000 3732.249023 0.000000 0.994285 0.000000 -0.106754 1.000000 1.000000 1.000000
4091.438477 0.000000 3736.027588 0.000000 0.991257 0.000000 -0.131946 1.000000 1.000000 1.000000
4083.757812 0.000000 3734.873779 0.000000 0.999552 0.000000 -0.029946 1.000000 1.000000 1.000000
4085.036621 0.000000 3734.012939 0.000000 0.899857 0.000000 -0.436184 1.000000 1.000000 1.000000
3070.123535 0.000000 4139.388672 0.000000 0.954217 0.000000 -0.299115 1.000000 1.000000 1.000000
3069.383545 0.000000 4144.428223 0.000000 0.740312 0.000000 -0.672263 1.000000 1.000000 1.000000
2514.906006 0.000000 4468.968750 0.000000 0.918680 0.000000 -0.395002 1.000000 1.000000 1.000000
2520.993164 0.000000 4474.434082 0.000000 0.944898 0.000000 -0.327366 1.000000 1.000000 1.000000
2518.979492 0.000000 4474.065918 0.000000 0.992837 0.000000 -0.119477 1.000000 1.000000 1.000000
2505.854736 0.000000 4475.660645 0.000000 0.665618 0.000000 -0.746293 1.000000 1.000000 1.000000
2514.334961 0.000000 4465.939453 0.000000 0.999924 0.000000 -0.012341 1.000000 1.000000 1.000000
2513.486328 0.000000 4470.021484 0.000000 0.814518 0.000000 -0.580138 1.000000 1.000000 1.000000
2520.015625 0.000000 4475.600586 0.000000 0.994608 0.000000 -0.103710 1.000000 1.000000 1.000000
2504.526611 0.000000 4475.244141 0.000000 0.753583 0.000000 -0.657353 1.000000 1.000000 1.000000
2864.046631 0.000000 4260.276855 0.000000 0.733214 0.000000 -0.679998 1.000000 1.000000 1.000000
2873.491211 0.000000 4268.203125 0.000000 0.974990 0.000000 -0.222247 1.000000 1.000000 1.000000
2864.612549 0.000000 4277.144043 0.000000 0.953116 0.000000 -0.302606 1.000000 1.000000 1.000000
2959.821777 0.000000 4280.169922 0.000000 0.691878 0.000000 -0.722014 1.000000 1.000000 1.000000
2971.690186 0.000000 4290.254883 0.000000 0.628424 0.000000 -0.777871 1.000000 1.000000 1.000000
2958.000488 0.000000 4281.097656 0.000000 0.747621 0.000000 -0.664126 1.000000 1.000000 1.000000
2958.882324 0.000000 4286.487793 0.000000 0.654735 0.000000 -0.755858 1.000000 1.000000 1.000000
2955.595215 0.000000 4288.712891 0.000000 0.998290 0.000000 -0.058450 1.000000 1.000000 1.000000
2587.737061 0.000000 4479.223633 0.000000 0.910472 0.000000 -0.413570 1.000000 1.000000 1.000000
2576.063965 0.000000 4471.087402 0.000000 0.982240 0.000000 -0.187628 1.000000 1.000000 1.000000
2679.864990 0.000000 4524.201172 0.000000 0.811108 0.000000 -0.584896 1.000000 1.000000 1.000000
2748.604004 0.000000 4527.959961 0.000000 0.983406 0.000000 -0.181419 1.000000 1.000000 1.000000
2765.828613 0.000000 4524.242188 0.000000 0.598059 0.000000 -0.801452 1.000000 1.000000 1.000000
3407.926270 0.000000 3801.009766 0.000000 0.952434 0.000000 -0.304746 1.000000 1.000000 1.000000
3519.974854 0.000000 3795.363770 0.000000 0.708543 0.000000 -0.705667 1.000000 1.000000 1.000000
3072.796143 0.000000 4136.887695 0.000000 0.986721 0.000000 -0.162422 1.000000 1.000000 1.000000
3073.524170 0.000000 4151.155762 0.000000 0.867631 0.000000 -0.497209 1.000000 1.000000 1.000000
3518.413330 0.000000 4095.318604 0.000000 0.932891 0.000000 -0.360158 1.000000 1.000000 1.000000
3520.849365 0.000000 4080.663086 0.000000 0.831131 0.000000 -0.556077 1.000000 1.000000 1.000000
3542.426514 0.000000 4098.175293 0.000000 0.893113 0.000000 -0.449831 1.000000 1.000000 1.000000
3526.094971 0.000000 4085.267334 0.000000 0.965942 0.000000 -0.258759 1.000000 1.000000 1.000000
3542.079590 0.000000 4094.432129 0.000000 0.992032 0.000000 -0.125982 1.000000 1.000000 1.000000
4086.992920 0.000000 3820.996094 0.000000 0.884909 0.000000 -0.465763 1.000000 1.000000 1.000000
4065.444092 0.000000 3824.863525 0.000000 0.653904 0.000000 -0.756577 1.000000 1.000000 1.000000
4069.342773 0.000000 3824.558838 0.000000 0.959192 0.000000 -0.282757 1.000000 1.000000 1.000000
4018.778564 0.000000 3832.541260 0.000000 0.727029 0.000000 -0.686606 1.000000 1.000000 1.000000
4059.485107 0.000000 3834.758545 0.000000 0.768484 0.000000 -0.639869 1.000000 1.000000 1.000000
3075.110352 0.000000 4157.715332 0.000000 0.974893 0.000000 -0.222674 1.000000 1.000000 1.000000
3193.852539 0.000000 4233.972656 0.000000 0.997381 0.000000 -0.072328 1.000000 1.000000 1.000000
3195.961670 0.000000 4232.832520 0.000000 0.646650 0.000000 -0.762787 1.000000 1.000000 1.000000
3194.801514 0.000000 4232.414062 0.000000 0.695697 0.000000 -0.718336 1.000000 1.000000 1.000000
3173.074219 0.000000 4268.269531 0.000000 0.812156 0.000000 -0.583440 1.000000 1.000000 1.000000
3468.760010 0.000000 4295.892578 0.000000 0.896604 0.000000 -0.442833 1.000000 1.000000 1.000000
3464.679932 0.000000 4299.088379 0.000000 0.740608 0.000000 -0.671938 1.000000 1.000000 1.000000
3540.765381 0.000000 4379.156250 0.000000 0.962499 0.000000 -0.271285 1.000000 1.000000 1.000000
3537.225098 0.000000 4373.446777 0.000000 0.973863 0.000000 -0.227136 1.000000 1.000000 1.000000
3533.446777 0.000000 4378.583984 0.000000 0.828763 0.000000 -0.559600 1.000000 1.000000 1.000000
3493.029297 0.000000 4446.280762 0.000000 0.992008 0.000000 -0.126173 1.000000 1.000000 1.000000
3490.196289 0.000000 4446.989746 0.000000 0.798424 0.000000 -0.602096 1.000000 1.000000 1.000000
3483.816162 0.000000 4452.259766 0.000000 0.921372 0.000000 -0.388682 1.000000 1.000000 1.000000
3587.673096 0.000000 4364.085449 0.000000 0.834853 0.000000 -0.550473 1.000000 1.000000 1.000000
2448.857178 0.000000 4616.931152 0.000000 0.657567 0.000000 -0.753396 1.000000 1.000000 1.000000
2448.573730 0.000000 4607.945312 0.000000 0.849239 0.000000 -0.528008 1.000000 1.000000 1.000000
2458.776611 0.000000 4602.969238 0.000000 0.994954 0.000000 -0.100329 1.000000 1.000000 1.000000
2446.944824 0.000000 4617.183105 0.000000 0.879070 0.000000 -0.476693 1.000000 1.000000 1.000000
2515.525879 0.000000 4605.741211 0.000000 0.785652 0.000000 -0.618668 1.000000 1.000000 1.000000
2530.878174 0.000000 4595.538086 0.000000 0.760114 0.000000 -0.649790 1.000000 1.000000 1.000000
2525.537598 0.000000 4599.087402 0.000000 0.596218 0.000000 -0.802822 1.000000 1.000000 1.000000
2532.893555 0.000000 4595.354980 0.000000 0.999987 0.000000 -0.005056 1.000000 1.000000 1.000000
2446.482666 0.000000 4661.007812 0.000000 0.805517 0.000000 -0.592572 1.000000 1.000000 1.000000
2447.884277 0.000000 4658.107422 0.000000 0.645586 0.000000 -0.763688 1.000000 1.000000 1.000000
2453.453125 0.000000 4654.654785 0.000000 0.628160 0.000000 -0.778084 1.000000 1.000000 1.000000
2455.443115 0.000000 4666.196777 0.000000 0.965023 0.000000 -0.262164 1.000000 1.000000 1.000000
2508.877197 0.000000 4768.314453 0.000000 0.946469 0.000000 -0.322794 1.000000 1.000000 1.000000
2502.002441 0.000000 4770.218750 0.000000 0.823419 0.000000 -0.567433 1.000000 1.000000 1.000000
2502.240967 0.000000 4776.992676 0.000000 0.757591 0.000000 -0.652730 1.000000 1.000000 1.000000
2502.145508 0.000000 4771.705566 0.000000 0.979175 0.000000 -0.203020 1.000000 1.000000 1.000000
2537.670898 0.000000 4810.568848 0.000000 0.996592 0.000000 -0.082494 1.000000 1.000000 1.000000
2524.687012 0.000000 4800.408691 0.000000 0.968121 0.000000 -0.250484 1.000000 1.000000 1.000000
2529.926270 0.000000 4799.848633 0.000000 0.720366 0.000000 -0.693594 1.000000 1.000000 1.000000
2508.633789 0.000000 4779.701660 0.000000 0.640100 0.000000 -0.768291 1.000000 1.000000 1.000000
2537.925049 0.000000 4813.478516 0.000000 0.982500 0.000000 -0.186264 1.000000 1.000000 1.000000
2534.318604 0.000000 4805.241211 0.000000 0.817292 0.000000 -0.576224 1.000000 1.000000 1.000000
2523.719482 0.000000 4803.533691 0.000000 0.958905 0.000000 -0.283727 1.000000 1.000000 1.000000
2666.335205 0.000000 4565.719727 0.000000 0.998335 0.000000 -0.057687 1.000000 1.000000 1.000000
2658.062012 0.000000 4569.322754 0.000000 0.731267 0.000000 -0.682092 1.000000 1.000000 1.000000
2659.172119 0.000000 4560.911133 0.000000 0.594906 0.000000 -0.803795 1.000000 1.000000 1.000000
2728.090088 0.000000 4559.895020 0.000000 0.896338 0.000000 -0.443372 1.000000 1.000000 1.000000
2732.570801 0.000000 4553.077637 0.000000 0.830198 0.000000 -0.557468 1.000000 1.000000 1.000000
2738.091553 0.000000 4543.088379 0.000000 0.999187 0.000000 -0.040306 1.000000 1.000000 1.000000
2687.971191 0.000000 4586.546875 0.000000 0.999885 0.000000 -0.015191 1.000000 1.000000 1.000000
2691.441895 0.000000 4585.240234 0.000000 0.949080 0.000000 -0.315036 1.000000 1.000000 1.000000
2785.450928 0.000000 4669.736816 0.000000 0.993695 0.000000 -0.112117 1.000000 1.000000 1.000000
2797.532959 0.000000 4670.255371 0.000000 0.908913 0.000000 -0.416986 1.000000 1.000000 1.000000
2787.540283 0.000000 4666.950684 0.000000 0.998417 0.000000 -0.056240 1.000000 1.000000 1.000000
2796.073730 0.000000 4672.776855 0.000000 0.818512 0.000000 -0.574490 1.000000 1.000000 1.000000
2787.806641 0.000000 4669.195312 0.000000 0.745867 0.000000 -0.666095 1.000000 1.000000 1.000000
2785.899414 0.000000 4665.622070 0.000000 0.970654 0.000000 -0.240482 1.000000 1.000000 1.000000
2801.835938 0.000000 4689.956543 0.000000 0.990275 0.000000 -0.139123 1.000000 1.000000 1.000000
2801.354492 0.000000 4678.775879 0.000000 0.609458 0.000000 -0.792818 1.000000 1.000000 1.000000
3007.639893 0.000000 4715.680664 0.000000 0.981877 0.000000 -0.189520 1.000000 1.000000 1.000000
2581.851562 0.000000 4912.325684 0.000000 0.777801 0.000000 -0.628511 1.000000 1.000000 1.000000
3149.977051 0.000000 4706.277344 0.000000 0.954011 0.000000 -0.299771 1.000000 1.000000 1.000000
3690.417480 0.000000 4562.233887 0.000000 0.867994 0.000000 -0.496574 1.000000 1.000000 1.000000
3692.675537 0.000000 4564.298828 0.000000 0.897407 0.000000 -0.441204 1.000000 1.000000 1.000000
4140.681152 0.000000 3179.444580 0.000000 0.614854 0.000000 -0.788641 1.000000 1.000000 1.000000
4130.636719 0.000000 3174.917725 0.000000 0.877091 0.000000 -0.480325 1.000000 1.000000 1.000000
4129.022949 0.000000 3183.641846 0.000000 0.989852 0.000000 -0.142102 1.000000 1.000000 1.000000
4130.682617 0.000000 3178.271973 0.000000 0.859550 0.000000 -0.511052 1.000000 1.000000 1.000000
4100.878906 0.000000 3202.383301 0.000000 0.655351 0.000000 -0.755324 1.000000 1.000000 1.000000
4130.917480 0.000000 3181.281494 0.000000 0.639486 0.000000 -0.768803 1.000000 1.000000 1.000000
4098.666992 0.000000 3202.135742 0.000000 0.952253 0.000000 -0.305311 1.000000 1.000000 1.000000
4139.292480 0.000000 3177.771729 0.000000 0.788776 0.000000 -0.614681 1.000000 1.000000 1.000000
4129.129395 0.000000 3181.516113 0.000000 0.965565 0.000000 -0.260162 1.000000 1.000000 1.000000
4185.584473 0.000000 3177.243408 0.000000 0.919720 0.000000 -0.392575 1.000000 1.000000 1.000000
4167.218262 0.000000 3188.644775 0.000000 0.797011 0.000000 -0.603965 1.000000 1.000000 1.000000
4168.791504 0.000000 3189.167969 0.000000 0.999991 0.000000 -0.004358 1.000000 1.000000 1.000000
4249.162109 0.000000 3156.505371 0.000000 0.750169 0.000000 -0.661246 1.000000 1.000000 1.000000
4237.299805 0.000000 3164.915283 0.000000 0.643413 0.000000 -0.765519 1.000000 1.000000 1.000000
4259.627441 0.000000 3157.445312 0.000000 0.992366 0.000000 -0.123330 1.000000 1.000000 1.000000
4239.363770 0.000000 3164.841064 0.000000 0.657850 0.000000 -0.753149 1.000000 1.000000 1.000000
4235.526367 0.000000 3171.531250 0.000000 0.636305 0.000000 -0.771438 1.000000 1.000000 1.000000
4233.047852 0.000000 3169.503418 0.000000 0.961090 0.000000 -0.276234 1.000000 1.000000 1.000000
4235.331543 0.000000 3168.971680 0.000000 0.868784 0.000000 -0.495192 1.000000 1.000000 1.000000
4328.907715 0.000000 3208.803711 0.000000 0.973205 0.000000 -0.229938 1.000000 1.000000 1.000000
4325.704590 0.000000 3205.678711 0.000000 0.791308 0.000000 -0.611417 1.000000 1.000000 1.000000
4299.896484 0.000000 3180.157227 0.000000 0.995621 0.000000 -0.093484 1.000000 1.000000 1.000000
4317.740723 0.000000 3206.710205 0.000000 0.608908 0.000000 -0.793241 1.000000 1.000000 1.000000
4323.353027 0.000000 3202.442627 0.000000 0.989601 0.000000 -0.143838 1.000000 1.000000 1.000000
4314.550293 0.000000 3185.703613 0.000000 0.791040 0.000000 -0.611764 1.000000 1.000000 1.000000
4296.611816 0.000000 3179.948730 0.000000 0.797696 0.000000 -0.603060 1.000000 1.000000 1.000000
4332.611816 0.000000 3197.409180 0.000000 0.966419 0.000000 -0.256970 1.000000 1.000000 1.000000
4346.045410 0.000000 3184.352295 0.000000 0.999225 0.000000 -0.039351 1.000000 1.000000 1.000000
4314.842285 0.000000 3206.210449 0.000000 0.906384 0.000000 -0.422455 1.000000 1.000000 1.000000
4311.241211 0.000000 3173.013672 0.000000 0.708816 0.000000 -0.705394 1.000000 1.000000 1.000000
4307.529297 0.000000 3195.661865 0.000000 0.765293 0.000000 -0.643682 1.000000 1.000000 1.000000
4321.991211 0.000000 3208.955078 0.000000 0.921993 0.000000 -0.387207 1.000000 1.000000 1.000000
4309.986328 0.000000 3196.830566 0.000000 0.796953 0.000000 -0.604041 1.000000 1.000000 1.000000
4321.812500 0.000000 3179.842041 0.000000 0.964653 0.000000 -0.263522 1.000000 1.000000 1.000000
4322.757812 0.000000 3195.013184 0.000000 0.989251 0.000000 -0.146229 1.000000 1.000000 1.000000
4316.159668 0.000000 3185.411377 0.000000 0.798080 0.000000 -0.602551 1.000000 1.000000 1.000000
4323.617676 0.000000 3206.236084 0.000000 0.811494 0.000000 -0.584360 1.000000 1.000000 1.000000
4296.820312 0.000000 3181.538330 0.000000 0.964432 0.000000 -0.264330 1.000000 1.000000 1.000000
4315.628906 0.000000 3205.118896 0.000000 0.994972 0.000000 -0.100153 1.000000 1.000000 1.000000
4320.668945 0.000000 3206.240479 0.000000 0.802594 0.000000 -0.596526 1.000000 1.000000 1.000000
4315.353027 0.000000 3207.253662 0.000000 0.781706 0.000000 -0.623647 1.000000 1.000000 1.000000
4602.502441 0.000000 3116.620361 0.000000 0.917291 0.000000 -0.398218 1.000000 1.000000 1.000000
4354.416992 0.000000 3187.071289 0.000000 0.761362 0.000000 -0.648327 1.000000 1.000000 1.000000
4597.091797 0.000000 3121.255859 0.000000 0.997954 0.000000 -0.063935 1.000000 1.000000 1.000000
4563.275879 0.000000 3141.233154 0.000000 0.866135 0.000000 -0.499810 1.000000 1.000000 1.000000
4578.582031 0.000000 3127.675537 0.000000 0.656797 0.000000 -0.754067 1.000000 1.000000 1.000000
4580.477539 0.000000 3136.385010 0.000000 0.999996 0.000000 -0.002815 1.000000 1.000000 1.000000
4576.080566 0.000000 3148.661621 0.000000 0.860220 0.000000 -0.509923 1.000000 1.000000 1.000000
4575.808105 0.000000 3126.080078 0.000000 0.955518 0.000000 -0.294934 1.000000 1.000000 1.000000
4567.818848 0.000000 3149.318115 0.000000 0.963630 0.000000 -0.267241 1.000000 1.000000 1.000000
4598.197754 0.000000 3119.151123 0.000000 0.812587 0.000000 -0.582840 1.000000 1.000000 1.000000
4319.791504 0.000000 3216.950195 0.000000 0.938585 0.000000 -0.345049 1.000000 1.000000 1.000000
4317.611816 0.000000 3249.779053 0.000000 0.617929 0.000000 -0.786234 1.000000 1.000000 1.000000
4314.067383 0.000000 3215.564697 0.000000 0.702451 0.000000 -0.711732 1.000000 1.000000 1.000000
4318.819824 0.000000 3251.813721 0.000000 0.797612 0.000000 -0.603171 1.000000 1.000000 1.000000
4315.807129 0.000000 3231.028564 0.000000 0.891705 0.000000 -0.452616 1.000000 1.000000 1.000000
4313.166016 0.000000 3237.538330 0.000000 0.992478 0.000000 -0.122427 1.000000 1.000000 1.000000
4310.564453 0.000000 3239.432129 0.000000 0.945647 0.000000 -0.325195 1.000000 1.000000 1.000000
4313.443848 0.000000 3238.609863 0.000000 0.963888 0.000000 -0.266310 1.000000 1.000000 1.000000
4337.334961 0.000000 3278.072754 0.000000 0.999078 0.000000 -0.042923 1.000000 1.000000 1.000000
4315.370605 0.000000 3262.389160 0.000000 0.932304 0.000000 -0.361676 1.000000 1.000000 1.000000
4122.670898 0.000000 3377.854736 0.000000 0.997034 0.000000 -0.076967 1.000000 1.000000 1.000000
4474.490723 0.000000 3347.545654 0.000000 0.966567 0.000000 -0.256414 1.000000 1.000000 1.000000
4480.512695 0.000000 3343.261719 0.000000 0.901594 0.000000 -0.432582 1.000000 1.000000 1.000000
4570.616211 0.000000 3330.612549 0.000000 0.949035 0.000000 -0.315172 1.000000 1.000000 1.000000
4570.247070 0.000000 3331.743164 0.000000 0.892909 0.000000 -0.450237 1.000000 1.000000 1.000000
4614.751465 0.000000 3110.356689 0.000000 0.989150 0.000000 -0.146910 1.000000 1.000000 1.000000
4610.923340 0.000000 3118.387207 0.000000 0.968068 0.000000 -0.250690 1.000000 1.000000 1.000000
4990.625977 0.000000 3163.787354 0.000000 0.954070 0.000000 -0.299583 1.000000 1.000000 1.000000
4986.624512 0.000000 3178.425049 0.000000 0.775759 0.000000 -0.631029 1.000000 1.000000 1.000000
4988.374512 0.000000 3176.083496 0.000000 0.995547 0.000000 -0.094262 1.000000 1.000000 1.000000
4992.588867 0.000000 3164.935059 0.000000 0.929524 0.000000 -0.368762 1.000000 1.000000 1.000000
5008.927734 0.000000 3177.014404 0.000000 0.672698 0.000000 -0.739917 1.000000 1.000000 1.000000
5013.836426 0.000000 3174.881592 0.000000 0.921633 0.000000 -0.388062 1.000000 1.000000 1.000000
4662.347656 0.000000 3366.148926 0.000000 0.809896 0.000000 -0.586573 1.000000 1.000000 1.000000
4667.283691 0.000000 3369.982422 0.000000 0.861897 0.000000 -0.507084 1.000000 1.000000 1.000000
4723.550293 0.000000 3363.534180 0.000000 0.645553 0.000000 -0.763715 1.000000 1.000000 1.000000
4675.200195 0.000000 3356.942871 0.000000 0.746771 0.000000 -0.665082 1.000000 1.000000 1.000000
4721.849609 0.000000 3362.033447 0.000000 0.999164 0.000000 -0.040870 1.000000 1.000000 1.000000
4675.826660 0.000000 3358.855957 0.000000 0.904429 0.000000 -0.426624 1.000000 1.000000 1.000000
4767.958984 0.000000 3374.802734 0.000000 0.955473 0.000000 -0.295078 1.000000 1.000000 1.000000
4820.380371 0.000000 3397.791748 0.000000 0.867468 0.000000 -0.497493 1.000000 1.000000 1.000000
4805.463379 0.000000 3396.307373 0.000000 0.970083 0.000000 -0.242774 1.000000 1.000000 1.000000
4804.185059 0.000000 3396.050781 0.000000 0.829314 0.000000 -0.558782 1.000000 1.000000 1.000000
4821.489746 0.000000 3397.909668 0.000000 0.820137 0.000000 -0.572167 1.000000 1.000000 1.000000
4137.116699 0.000000 3485.191406 0.000000 0.603090 0.000000 -0.797673 1.000000 1.000000 1.000000
4106.311523 0.000000 3532.808838 0.000000 0.676381 0.000000 -0.736552 1.000000 1.000000 1.000000
4134.565430 0.000000 3511.734131 0.000000 0.986349 0.000000 -0.164669 1.000000 1.000000 1.000000
4137.475586 0.000000 3582.271973 0.000000 0.998872 0.000000 -0.047490 1.000000 1.000000 1.000000
4135.462891 0.000000 3571.312256 0.000000 0.827154 0.000000 -0.561975 1.000000 1.000000 1.000000
4133.418945 0.000000 3569.725342 0.000000 0.999701 0.000000 -0.024440 1.000000 1.000000 1.000000
4102.618652 0.000000 3553.230957 0.000000 0.958032 0.000000 -0.286662 1.000000 1.000000 1.000000
4100.878906 0.000000 3627.562988 0.000000 0.681365 0.000000 -0.731944 1.000000 1.000000 1.000000
4126.439453 0.000000 3636.395996 0.000000 0.927853 0.000000 -0.372947 1.000000 1.000000 1.000000
4132.923340 0.000000 3614.543945 0.000000 0.688734 0.000000 -0.725014 1.000000 1.000000 1.000000
4125.791504 0.000000 3634.192383 0.000000 0.999115 0.000000 -0.042054 1.000000 1.000000 1.000000
4137.913086 0.000000 3596.777588 0.000000 0.988618 0.000000 -0.150449 1.000000 1.000000 1.000000
4141.255859 0.000000 3637.011475 0.000000 0.952084 0.000000 -0.305837 1.000000 1.000000 1.000000
4140.066895 0.000000 3637.644531 0.000000 0.776304 0.000000 -0.630359 1.000000 1.000000 1.000000
4121.177734 0.000000 3676.169434 0.000000 0.962997 0.000000 -0.269512 1.000000 1.000000 1.000000
4138.743164 0.000000 3637.806396 0.000000 0.906808 0.000000 -0.421543 1.000000 1.000000 1.000000
4098.666992 0.000000 3674.557617 0.000000 0.901241 0.000000 -0.433319 1.000000 1.000000 1.000000
4328.875000 0.000000 3609.415771 0.000000 0.628903 0.000000 -0.777484 1.000000 1.000000 1.000000
4111.410156 0.000000 3689.175293 0.000000 0.995328 0.000000 -0.096551 1.000000 1.000000 1.000000
4098.436523 0.000000 3771.203125 0.000000 0.867884 0.000000 -0.496767 1.000000 1.000000 1.000000
4141.368652 0.000000 3772.653320 0.000000 0.989395 0.000000 -0.145253 1.000000 1.000000 1.000000
4141.301758 0.000000 3753.596924 0.000000 0.898684 0.000000 -0.438597 1.000000 1.000000 1.000000
4137.475586 0.000000 3771.240723 0.000000 0.995689 0.000000 -0.092756 1.000000 1.000000 1.000000
4096.487793 0.000000 3740.217285 0.000000 0.966194 0.000000 -0.257816 1.000000 1.000000 1.000000
4103.116699 0.000000 3767.202881 0.000000 0.636946 0.000000 -0.770908 1.000000 1.000000 1.000000
4138.362793 0.000000 3759.116211 0.000000 0.735101 0.000000 -0.677957 1.000000 1.000000 1.000000
4118.356445 0.000000 3767.479980 0.000000 0.998229 0.000000 -0.059490 1.000000 1.000000 1.000000
4158.929688 0.000000 3770.827393 0.000000 0.982509 0.000000 -0.186215 1.000000 1.000000 1.000000
4103.911133 0.000000 3769.496582 0.000000 0.999492 0.000000 -0.031875 1.000000 1.000000 1.000000
4100.612793 0.000000 3772.692871 0.000000 0.789525 0.000000 -0.613719 1.000000 1.000000 1.000000
4098.666992 0.000000 3769.041992 0.000000 0.714789 0.000000 -0.699340 1.000000 1.000000 1.000000
4107.751465 0.000000 3767.415771 0.000000 0.935926 0.000000 -0.352197 1.000000 1.000000 1.000000
4113.633301 0.000000 3768.114990 0.000000 0.721244 0.000000 -0.692681 1.000000 1.000000 1.000000
4101.165039 0.000000 3771.075684 0.000000 0.616334 0.000000 -0.787485 1.000000 1.000000 1.000000
4104.469238 0.000000 3768.008789 0.000000 0.999983 0.000000 -0.005886 1.000000 1.000000 1.000000
4099.632324 0.000000 3770.201660 0.000000 0.884729 0.000000 -0.466106 1.000000 1.000000 1.000000
4102.439453 0.000000 3770.243652 0.000000 0.946626 0.000000 -0.322335 1.000000 1.000000 1.000000
4099.695312 0.000000 3771.650146 0.000000 0.701409 0.000000 -0.712759 1.000000 1.000000 1.000000
4107.885742 0.000000 3766.022949 0.000000 0.905964 0.000000 -0.423354 1.000000 1.000000 1.000000
4103.442871 0.000000 3768.385986 0.000000 0.975518 0.000000 -0.219922 1.000000 1.000000 1.000000
4175.371582 0.000000 3778.989502 0.000000 0.668454 0.000000 -0.743753 1.000000 1.000000 1.000000
4352.748047 0.000000 3608.241211 0.000000 0.959551 0.000000 -0.281536 1.000000 1.000000 1.000000
4791.756836 0.000000 3423.779053 0.000000 0.848433 0.000000 -0.529304 1.000000 1.000000 1.000000
4792.750000 0.000000 3435.358154 0.000000 0.601656 0.000000 -0.798755 1.000000 1.000000 1.000000
4798.852051 0.000000 3417.746338 0.000000 0.954549 0.000000 -0.298054 1.000000 1.000000 1.000000
4798.234375 0.000000 3415.106934 0.000000 0.994294 0.000000 -0.106679 1.000000 1.000000 1.000000
4793.015137 0.000000 3422.989746 0.000000 0.900671 0.000000 -0.434501 1.000000 1.000000 1.000000
4794.606445 0.000000 3429.296387 0.000000 0.934031 0.000000 -0.357191 1.000000 1.000000 1.000000
4858.283203 0.000000 3406.428223 0.000000 0.944286 0.000000 -0.329125 1.000000 1.000000 1.000000
4855.105957 0.000000 3456.080322 0.000000 0.913036 0.000000 -0.407878 1.000000 1.000000 1.000000
4849.332520 0.000000 3478.156006 0.000000 0.858762 0.000000 -0.512375 1.000000 1.000000 1.000000
4852.832031 0.000000 3456.566650 0.000000 0.734666 0.000000 -0.678429 1.000000 1.000000 1.000000
4839.669434 0.000000 3469.864258 0.000000 0.717086 0.000000 -0.696985 1.000000 1.000000 1.000000
4843.871094 0.000000 3455.856201 0.000000 0.854403 0.000000 -0.519611 1.000000 1.000000 1.000000
4873.907715 0.000000 3421.916016 0.000000 0.953108 0.000000 -0.302630 1.000000 1.000000 1.000000
4878.063965 0.000000 3416.985840 0.000000 0.925483 0.000000 -0.378788 1.000000 1.000000 1.000000
4981.534668 0.000000 3487.479736 0.000000 0.986839 0.000000 -0.161707 1.000000 1.000000 1.000000
4951.405762 0.000000 3467.286865 0.000000 0.868722 0.000000 -0.495301 1.000000 1.000000 1.000000
4955.636719 0.000000 3460.173340 0.000000 0.985745 0.000000 -0.168244 1.000000 1.000000 1.000000
4963.531738 0.000000 3459.985596 0.000000 0.749225 0.000000 -0.662315 1.000000 1.000000 1.000000
4952.032227 0.000000 3460.428223 0.000000 0.756336 0.000000 -0.654183 1.000000 1.000000 1.000000
4902.678711 0.000000 3531.720947 0.000000 0.928401 0.000000 -0.371580 1.000000 1.000000 1.000000
4896.041504 0.000000 3526.599121 0.000000 0.957666 0.000000 -0.287883 1.000000 1.000000 1.000000
4905.241699 0.000000 3524.644287 0.000000 0.824840 0.000000 -0.565366 1.000000 1.000000 1.000000
4913.150391 0.000000 3533.714111 0.000000 0.956530 0.000000 -0.291633 1.000000 1.000000 1.000000
4904.821289 0.000000 3525.906982 0.000000 0.881700 0.000000 -0.471811 1.000000 1.000000 1.000000
4985.746094 0.000000 3499.561523 0.000000 0.977568 0.000000 -0.210620 1.000000 1.000000 1.000000
4990.296387 0.000000 3502.621338 0.000000 0.848309 0.000000 -0.529502 1.000000 1.000000 1.000000
4981.854980 0.000000 3509.595703 0.000000 0.902703 0.000000 -0.430265 1.000000 1.000000 1.000000
4988.764160 0.000000 3502.469482 0.000000 0.922138 0.000000 -0.386862 1.000000 1.000000 1.000000
4919.306641 0.000000 3557.810059 0.000000 0.879686 0.000000 -0.475555 1.000000 1.000000 1.000000
4881.291504 0.000000 3547.066162 0.000000 0.908923 0.000000 -0.416964 1.000000 1.000000 1.000000
4917.862793 0.000000 3556.837891 0.000000 0.883311 0.000000 -0.468788 1.000000 1.000000 1.000000
4975.762695 0.000000 3547.358398 0.000000 0.693678 0.000000 -0.720285 1.000000 1.000000 1.000000
4972.024414 0.000000 3553.556885 0.000000 0.604539 0.000000 -0.796576 1.000000 1.000000 1.000000
4959.774902 0.000000 3554.791748 0.000000 0.999988 0.000000 -0.004967 1.000000 1.000000 1.000000
4970.520020 0.000000 3551.330566 0.000000 0.627806 0.000000 -0.778370 1.000000 1.000000 1.000000
4961.763184 0.000000 3547.178467 0.000000 0.822169 0.000000 -0.569244 1.000000 1.000000 1.000000
4973.573242 0.000000 3580.063232 0.000000 0.999994 0.000000 -0.003420 1.000000 1.000000 1.000000
4961.818359 0.000000 3545.027100 0.000000 0.859875 0.000000 -0.510505 1.000000 1.000000 1.000000
4973.055664 0.000000 3562.932617 0.000000 0.748296 0.000000 -0.663364 1.000000 1.000000 1.000000
4979.664062 0.000000 3565.329590 0.000000 0.805234 0.000000 -0.592957 1.000000 1.000000 1.000000
4962.418945 0.000000 3550.396729 0.000000 0.623387 0.000000 -0.781914 1.000000 1.000000 1.000000
5021.654785 0.000000 3584.647705 0.000000 0.891642 0.000000 -0.452741 1.000000 1.000000 1.000000
5022.264160 0.000000 3564.559082 0.000000 0.992977 0.000000 -0.118311 1.000000 1.000000 1.000000
5233.285645 0.000000 3194.702881 0.000000 0.602090 0.000000 -0.798428 1.000000 1.000000 1.000000
5235.343262 0.000000 3194.041260 0.000000 0.999550 0.000000 -0.029997 1.000000 1.000000 1.000000
5244.732910 0.000000 3171.774170 0.000000 0.769200 0.000000 -0.639008 1.000000 1.000000 1.000000
5267.189941 0.000000 3141.233154 0.000000 0.711522 0.000000 -0.702664 1.000000 1.000000 1.000000
5271.279785 0.000000 3139.240967 0.000000 0.990410 0.000000 -0.138160 1.000000 1.000000 1.000000
5263.540527 0.000000 3146.357422 0.000000 0.995362 0.000000 -0.096199 1.000000 1.000000 1.000000
5273.144043 0.000000 3139.918945 0.000000 0.860505 0.000000 -0.509441 1.000000 1.000000 1.000000
5210.538086 0.000000 3236.128174 0.000000 0.786227 0.000000 -0.617938 1.000000 1.000000 1.000000
5197.532227 0.000000 3248.702881 0.000000 0.986097 0.000000 -0.166172 1.000000 1.000000 1.000000
5205.531250 0.000000 3258.848633 0.000000 0.841035 0.000000 -0.540981 1.000000 1.000000 1.000000
5205.117676 0.000000 3237.389160 0.000000 0.790960 0.000000 -0.611868 1.000000 1.000000 1.000000
5184.385254 0.000000 3282.632324 0.000000 0.588779 0.000000 -0.808294 1.000000 1.000000 1.000000
5196.988281 0.000000 3277.093750 0.000000 0.922035 0.000000 -0.387108 1.000000 1.000000 1.000000
5187.465332 0.000000 3282.097412 0.000000 0.959897 0.000000 -0.280353 1.000000 1.000000 1.000000
5285.595703 0.000000 3226.777832 0.000000 0.894448 0.000000 -0.447172 1.000000 1.000000 1.000000
5305.194824 0.000000 3228.874756 0.000000 0.927504 0.000000 -0.373813 1.000000 1.000000 1.000000
5288.240234 0.000000 3228.412109 0.000000 0.712180 0.000000 -0.701997 1.000000 1.000000 1.000000
5249.805176 0.000000 3233.085205 0.000000 0.710282 0.000000 -0.703918 1.000000 1.000000 1.000000
5253.886719 0.000000 3245.554199 0.000000 0.949990 0.000000 -0.312280 1.000000 1.000000 1.000000
5250.641113 0.000000 3245.104248 0.000000 0.754563 0.000000 -0.656227 1.000000 1.000000 1.000000
4122.670898 0.000000 3803.034424 0.000000 0.980195 0.000000 -0.198035 1.000000 1.000000 1.000000
4121.267578 0.000000 3784.937500 0.000000 0.959475 0.000000 -0.281795 1.000000 1.000000 1.000000
4099.538086 0.000000 3813.621582 0.000000 0.771108 0.000000 -0.636705 1.000000 1.000000 1.000000
4116.830566 0.000000 3787.033203 0.000000 0.987004 0.000000 -0.160698 1.000000 1.000000 1.000000
4115.936523 0.000000 3783.260254 0.000000 0.912432 0.000000 -0.409229 1.000000 1.000000 1.000000
4131.375977 0.000000 3816.591064 0.000000 0.699957 0.000000 -0.714185 1.000000 1.000000 1.000000
4096.576660 0.000000 3780.274658 0.000000 0.995858 0.000000 -0.090924 1.000000 1.000000 1.000000
4118.447754 0.000000 3784.637939 0.000000 0.958829 0.000000 -0.283984 1.000000 1.000000 1.000000
4100.304688 0.000000 3810.867432 0.000000 0.887057 0.000000 -0.461660 1.000000 1.000000 1.000000
4137.320801 0.000000 3801.069336 0.000000 0.920806 0.000000 -0.390021 1.000000 1.000000 1.000000
4109.217285 0.000000 3780.095215 0.000000 0.744708 0.000000 -0.667390 1.000000 1.000000 1.000000
4117.945312 0.000000 3789.030029 0.000000 0.915020 0.000000 -0.403408 1.000000 1.000000 1.000000
4130.053223 0.000000 3817.758301 0.000000 0.785612 0.000000 -0.618720 1.000000 1.000000 1.000000
4132.951172 0.000000 3832.132080 0.000000 0.889114 0.000000 -0.457687 1.000000 1.000000 1.000000
4136.116699 0.000000 3832.543457 0.000000 0.987106 0.000000 -0.160065 1.000000 1.000000 1.000000
4942.010254 0.000000 3876.424805 0.000000 0.839494 0.000000 -0.543369 1.000000 1.000000 1.000000
4769.208984 0.000000 4055.588135 0.000000 0.994019 0.000000 -0.109204 1.000000 1.000000 1.000000
4771.157715 0.000000 4044.210449 0.000000 0.989720 0.000000 -0.143020 1.000000 1.000000 1.000000
4802.495605 0.000000 4040.247070 0.000000 0.930216 0.000000 -0.367012 1.000000 1.000000 1.000000
4832.625977 0.000000 4040.154785 0.000000 0.997046 0.000000 -0.076804 1.000000 1.000000 1.000000
4807.430176 0.000000 4057.628418 0.000000 0.971244 0.000000 -0.238085 1.000000 1.000000 1.000000
4810.717773 0.000000 4042.065186 0.000000 0.804781 0.000000 -0.593572 1.000000 1.000000 1.000000
4781.089844 0.000000 4063.701172 0.000000 0.993655 0.000000 -0.112468 1.000000 1.000000 1.000000
4783.786133 0.000000 4067.022461 0.000000 0.999883 0.000000 -0.015319 1.000000 1.000000 1.000000
4788.139648 0.000000 4076.152588 0.000000 0.981344 0.000000 -0.192259 1.000000 1.000000 1.000000
4817.218750 0.000000 4108.492676 0.000000 0.977936 0.000000 -0.208906 1.000000 1.000000 1.000000
4835.296875 0.000000 4107.782227 0.000000 0.996638 0.000000 -0.081931 1.000000 1.000000 1.000000
4801.600098 0.000000 4074.476562 0.000000 0.992523 0.000000 -0.122054 1.000000 1.000000 1.000000
4819.673828 0.000000 4110.185547 0.000000 0.667801 0.000000 -0.744340 1.000000 1.000000 1.000000
4847.804688 0.000000 4118.550293 0.000000 0.908708 0.000000 -0.417431 1.000000 1.000000 1.000000
4831.776855 0.000000 4118.166016 0.000000 0.976393 0.000000 -0.216000 1.000000 1.000000 1.000000
4846.920898 0.000000 4116.450195 0.000000 0.871703 0.000000 -0.490035 1.000000 1.000000 1.000000
4983.693848 0.000000 4047.051514 0.000000 0.869888 0.000000 -0.493250 1.000000 1.000000 1.000000
4979.983887 0.000000 4034.572754 0.000000 0.729129 0.000000 -0.684376 1.000000 1.000000 1.000000
4969.015137 0.000000 4052.097656 0.000000 0.972965 0.000000 -0.230951 1.000000 1.000000 1.000000
4984.729004 0.000000 4105.824219 0.000000 0.756360 0.000000 -0.654156 1.000000 1.000000 1.000000
4898.840332 0.000000 4133.777832 0.000000 0.998481 0.000000 -0.055104 1.000000 1.000000 1.000000
4982.308594 0.000000 4122.024414 0.000000 0.921210 0.000000 -0.389066 1.000000 1.000000 1.000000
4990.162109 0.000000 4119.223145 0.000000 0.940061 0.000000 -0.341007 1.000000 1.000000 1.000000
4976.813477 0.000000 4116.151855 0.000000 0.968968 0.000000 -0.247188 1.000000 1.000000 1.000000
5004.649414 0.000000 4073.203857 0.000000 0.921874 0.000000 -0.387490 1.000000 1.000000 1.000000
4598.930664 0.000000 4340.660156 0.000000 0.991585 0.000000 -0.129457 1.000000 1.000000 1.000000
4605.525391 0.000000 4342.623047 0.000000 0.633506 0.000000 -0.773737 1.000000 1.000000 1.000000
4586.101074 0.000000 4376.750977 0.000000 0.661084 0.000000 -0.750312 1.000000 1.000000 1.000000
4593.989258 0.000000 4373.522949 0.000000 0.671063 0.000000 -0.741400 1.000000 1.000000 1.000000
4581.891602 0.000000 4368.089355 0.000000 0.999346 0.000000 -0.036166 1.000000 1.000000 1.000000
4586.308105 0.000000 4373.265137 0.000000 0.989728 0.000000 -0.142966 1.000000 1.000000 1.000000
4602.489746 0.000000 4388.895996 0.000000 0.878382 0.000000 -0.477959 1.000000 1.000000 1.000000
4595.510742 0.000000 4387.764648 0.000000 0.833133 0.000000 -0.553073 1.000000 1.000000 1.000000
4592.406738 0.000000 4387.572754 0.000000 0.766250 0.000000 -0.642543 1.000000 1.000000 1.000000
4594.229492 0.000000 4362.171387 0.000000 0.859009 0.000000 -0.511960 1.000000 1.000000 1.000000
4603.616211 0.000000 4351.812500 0.000000 0.698228 0.000000 -0.715875 1.000000 1.000000 1.000000
4584.684570 0.000000 4378.392578 0.000000 0.956782 0.000000 -0.290806 1.000000 1.000000 1.000000
4573.300781 0.000000 4373.551758 0.000000 0.999940 0.000000 -0.011000 1.000000 1.000000 1.000000
4593.987793 0.000000 4386.620605 0.000000 0.854847 0.000000 -0.518881 1.000000 1.000000 1.000000
4603.662109 0.000000 4390.280273 0.000000 0.917559 0.000000 -0.397600 1.000000 1.000000 1.000000
4538.510254 0.000000 4439.401855 0.000000 0.765910 0.000000 -0.642948 1.000000 1.000000 1.000000
4530.975586 0.000000 4424.462402 0.000000 0.999960 0.000000 -0.008925 1.000000 1.000000 1.000000
4534.938477 0.000000 4435.144531 0.000000 0.670539 0.000000 -0.741875 1.000000 1.000000 1.000000
4533.589355 0.000000 4432.323730 0.000000 0.798383 0.000000 -0.602149 1.000000 1.000000 1.000000
4533.366211 0.000000 4434.228516 0.000000 0.731798 0.000000 -0.681521 1.000000 1.000000 1.000000
4598.567871 0.000000 4418.621094 0.000000 0.976062 0.000000 -0.217491 1.000000 1.000000 1.000000
4604.679199 0.000000 4411.121582 0.000000 0.972868 0.000000 -0.231362 1.000000 1.000000 1.000000
4550.266113 0.000000 4437.285645 0.000000 0.908132 0.000000 -0.418685 1.000000 1.000000 1.000000
4585.421387 0.000000 4432.631348 0.000000 0.774705 0.000000 -0.632322 1.000000 1.000000 1.000000
4605.520020 0.000000 4397.682129 0.000000 0.861553 0.000000 -0.507667 1.000000 1.000000 1.000000
4601.280762 0.000000 4409.929688 0.000000 0.831344 0.000000 -0.555758 1.000000 1.000000 1.000000
4547.086426 0.000000 4435.916504 0.000000 0.746445 0.000000 -0.665447 1.000000 1.000000 1.000000
4605.123047 0.000000 4408.243164 0.000000 0.999929 0.000000 -0.011951 1.000000 1.000000 1.000000
4596.020996 0.000000 4418.969727 0.000000 0.989233 0.000000 -0.146351 1.000000 1.000000 1.000000
4584.239746 0.000000 4434.729492 0.000000 0.888636 0.000000 -0.458614 1.000000 1.000000 1.000000
4549.752441 0.000000 4439.523438 0.000000 0.634315 0.000000 -0.773074 1.000000 1.000000 1.000000
4591.686523 0.000000 4437.852539 0.000000 0.929597 0.000000 -0.368577 1.000000 1.000000 1.000000
4578.511230 0.000000 4440.058594 0.000000 0.588473 0.000000 -0.808517 1.000000 1.000000 1.000000
4584.269531 0.000000 4450.168457 0.000000 0.851180 0.000000 -0.524873 1.000000 1.000000 1.000000
4577.200684 0.000000 4441.046875 0.000000 0.755206 0.000000 -0.655488 1.000000 1.000000 1.000000
4602.199707 0.000000 4462.650879 0.000000 0.992101 0.000000 -0.125439 1.000000 1.000000 1.000000
4602.489746 0.000000 4483.380371 0.000000 0.867459 0.000000 -0.497509 1.000000 1.000000 1.000000
4567.452637 0.000000 4459.373047 0.000000 0.925014 0.000000 -0.379934 1.000000 1.000000 1.000000
4596.163086 0.000000 4454.090332 0.000000 0.975468 0.000000 -0.220140 1.000000 1.000000 1.000000
4579.819336 0.000000 4440.821777 0.000000 0.946395 0.000000 -0.323013 1.000000 1.000000 1.000000
4565.489746 0.000000 4442.754395 0.000000 0.895321 0.000000 -0.445421 1.000000 1.000000 1.000000
4576.192871 0.000000 4443.076660 0.000000 0.769182 0.000000 -0.639029 1.000000 1.000000 1.000000
4602.963867 0.000000 4479.145996 0.000000 0.800074 0.000000 -0.599901 1.000000 1.000000 1.000000
4593.439941 0.000000 4492.502441 0.000000 0.936693 0.000000 -0.350153 1.000000 1.000000 1.000000
4677.736816 0.000000 4297.796875 0.000000 0.951868 0.000000 -0.306507 1.000000 1.000000 1.000000
4662.347656 0.000000 4310.993164 0.000000 0.797026 0.000000 -0.603944 1.000000 1.000000 1.000000
4641.890137 0.000000 4320.987305 0.000000 0.996292 0.000000 -0.086038 1.000000 1.000000 1.000000
4616.393555 0.000000 4316.752441 0.000000 0.828579 0.000000 -0.559872 1.000000 1.000000 1.000000
4632.792969 0.000000 4327.940918 0.000000 0.920795 0.000000 -0.390048 1.000000 1.000000 1.000000
4611.476074 0.000000 4333.286133 0.000000 0.856882 0.000000 -0.515512 1.000000 1.000000 1.000000
4623.778320 0.000000 4320.674316 0.000000 0.884206 0.000000 -0.467097 1.000000 1.000000 1.000000
4608.608887 0.000000 4325.856445 0.000000 0.805520 0.000000 -0.592569 1.000000 1.000000 1.000000
4665.272949 0.000000 4315.445312 0.000000 0.853996 0.000000 -0.520279 1.000000 1.000000 1.000000
4670.099121 0.000000 4319.630371 0.000000 0.931065 0.000000 -0.364854 1.000000 1.000000 1.000000
4634.511230 0.000000 4319.516113 0.000000 0.801324 0.000000 -0.598230 1.000000 1.000000 1.000000
4650.741699 0.000000 4315.030762 0.000000 0.892501 0.000000 -0.451046 1.000000 1.000000 1.000000
4635.675781 0.000000 4310.533203 0.000000 0.919034 0.000000 -0.394178 1.000000 1.000000 1.000000
4639.770996 0.000000 4331.800781 0.000000 0.642223 0.000000 -0.766517 1.000000 1.000000 1.000000
4620.133301 0.000000 4336.793457 0.000000 0.887020 0.000000 -0.461732 1.000000 1.000000 1.000000
4612.450684 0.000000 4332.156738 0.000000 0.946405 0.000000 -0.322983 1.000000 1.000000 1.000000
4671.729492 0.000000 4303.093750 0.000000 0.999098 0.000000 -0.042453 1.000000 1.000000 1.000000
4703.920898 0.000000 4313.800293 0.000000 0.908334 0.000000 -0.418245 1.000000 1.000000 1.000000
4687.403809 0.000000 4300.766602 0.000000 0.984929 0.000000 -0.172961 1.000000 1.000000 1.000000
4680.629883 0.000000 4321.515625 0.000000 0.943632 0.000000 -0.330996 1.000000 1.000000 1.000000
4699.682129 0.000000 4312.720703 0.000000 0.630687 0.000000 -0.776037 1.000000 1.000000 1.000000
4690.652344 0.000000 4319.160156 0.000000 0.773895 0.000000 -0.633313 1.000000 1.000000 1.000000
4693.191895 0.000000 4319.314453 0.000000 0.998612 0.000000 -0.052662 1.000000 1.000000 1.000000
4702.023438 0.000000 4312.256836 0.000000 0.617520 0.000000 -0.786555 1.000000 1.000000 1.000000
4813.229492 0.000000 4345.970215 0.000000 0.874394 0.000000 -0.485217 1.000000 1.000000 1.000000
4810.406738 0.000000 4342.875488 0.000000 0.726733 0.000000 -0.686920 1.000000 1.000000 1.000000
4896.153809 0.000000 4159.623535 0.000000 0.977196 0.000000 -0.212340 1.000000 1.000000 1.000000
4897.826172 0.000000 4159.175781 0.000000 0.988859 0.000000 -0.148857 1.000000 1.000000 1.000000
4940.728027 0.000000 4197.176270 0.000000 0.988561 0.000000 -0.150824 1.000000 1.000000 1.000000
4983.769531 0.000000 4157.429199 0.000000 0.964503 0.000000 -0.264073 1.000000 1.000000 1.000000
4961.185547 0.000000 4339.041504 0.000000 0.971141 0.000000 -0.238505 1.000000 1.000000 1.000000
5025.327148 0.000000 4344.527832 0.000000 0.837070 0.000000 -0.547096 1.000000 1.000000 1.000000
4608.635742 0.000000 4393.231934 0.000000 0.999999 0.000000 -0.001404 1.000000 1.000000 1.000000
4614.258301 0.000000 4390.043457 0.000000 0.701757 0.000000 -0.712417 1.000000 1.000000 1.000000
4634.803223 0.000000 4387.265625 0.000000 0.775500 0.000000 -0.631348 1.000000 1.000000 1.000000
4609.130859 0.000000 4390.660645 0.000000 0.838691 0.000000 -0.544607 1.000000 1.000000 1.000000
4613.744629 0.000000 4392.281250 0.000000 0.750194 0.000000 -0.661218 1.000000 1.000000 1.000000
4668.561035 0.000000 4391.889160 0.000000 0.999962 0.000000 -0.008736 1.000000 1.000000 1.000000
4650.153809 0.000000 4391.184082 0.000000 0.958702 0.000000 -0.284413 1.000000 1.000000 1.000000
4615.441406 0.000000 4391.877930 0.000000 0.753559 0.000000 -0.657380 1.000000 1.000000 1.000000
4671.433105 0.000000 4388.650879 0.000000 0.953748 0.000000 -0.300608 1.000000 1.000000 1.000000
4677.736816 0.000000 4392.281250 0.000000 0.948473 0.000000 -0.316859 1.000000 1.000000 1.000000
4607.737305 0.000000 4397.578125 0.000000 0.796120 0.000000 -0.605138 1.000000 1.000000 1.000000
4645.044434 0.000000 4397.225586 0.000000 0.636396 0.000000 -0.771363 1.000000 1.000000 1.000000
4633.836914 0.000000 4400.747070 0.000000 0.966709 0.000000 -0.255878 1.000000 1.000000 1.000000
4682.870605 0.000000 4404.225098 0.000000 0.779862 0.000000 -0.625951 1.000000 1.000000 1.000000
4732.663574 0.000000 4411.121582 0.000000 0.986625 0.000000 -0.163005 1.000000 1.000000 1.000000
4677.879883 0.000000 4393.768066 0.000000 1.000000 0.000000 -0.000029 1.000000 1.000000 1.000000
4676.505371 0.000000 4408.774902 0.000000 0.654291 0.000000 -0.756243 1.000000 1.000000 1.000000
4702.417480 0.000000 4416.757324 0.000000 0.730883 0.000000 -0.682503 1.000000 1.000000 1.000000
4697.203125 0.000000 4402.708008 0.000000 0.929697 0.000000 -0.368325 1.000000 1.000000 1.000000
4719.372559 0.000000 4409.223145 0.000000 0.809585 0.000000 -0.587003 1.000000 1.000000 1.000000
4700.882324 0.000000 4418.945312 0.000000 0.922429 0.000000 -0.386167 1.000000 1.000000 1.000000
4727.904785 0.000000 4420.921387 0.000000 0.998165 0.000000 -0.060550 1.000000 1.000000 1.000000
4693.612793 0.000000 4416.833984 0.000000 0.645444 0.000000 -0.763808 1.000000 1.000000 1.000000
4687.340332 0.000000 4397.808105 0.000000 0.961074 0.000000 -0.276292 1.000000 1.000000 1.000000
4698.863281 0.000000 4403.476074 0.000000 0.812436 0.000000 -0.583051 1.000000 1.000000 1.000000
4756.388184 0.000000 4389.877930 0.000000 0.890250 0.000000 -0.455472 1.000000 1.000000 1.000000
4748.604004 0.000000 4390.376953 0.000000 0.953156 0.000000 -0.302478 1.000000 1.000000 1.000000
4799.194824 0.000000 4358.608398 0.000000 0.658701 0.000000 -0.752405 1.000000 1.000000 1.000000
4791.113770 0.000000 4353.682129 0.000000 0.692418 0.000000 -0.721497 1.000000 1.000000 1.000000
4765.686035 0.000000 4387.765137 0.000000 0.645850 0.000000 -0.763465 1.000000 1.000000 1.000000
4787.542480 0.000000 4355.620605 0.000000 0.994539 0.000000 -0.104369 1.000000 1.000000 1.000000
4797.496582 0.000000 4350.439941 0.000000 0.983356 0.000000 -0.181689 1.000000 1.000000 1.000000
4796.397949 0.000000 4357.138184 0.000000 0.999424 0.000000 -0.033951 1.000000 1.000000 1.000000
4750.028320 0.000000 4388.379395 0.000000 0.844582 0.000000 -0.535427 1.000000 1.000000 1.000000
4798.640625 0.000000 4348.139648 0.000000 0.972725 0.000000 -0.231962 1.000000 1.000000 1.000000
4750.906738 0.000000 4391.098633 0.000000 0.827282 0.000000 -0.561787 1.000000 1.000000 1.000000
4796.444336 0.000000 4372.277832 0.000000 0.847583 0.000000 -0.530663 1.000000 1.000000 1.000000
4789.825195 0.000000 4355.893066 0.000000 0.852658 0.000000 -0.522470 1.000000 1.000000 1.000000
4783.124023 0.000000 4386.043457 0.000000 0.949151 0.000000 -0.314820 1.000000 1.000000 1.000000
4757.611816 0.000000 4388.692383 0.000000 0.605224 0.000000 -0.796055 1.000000 1.000000 1.000000
4826.584961 0.000000 4369.940918 0.000000 0.868531 0.000000 -0.495635 1.000000 1.000000 1.000000
4808.370117 0.000000 4363.994629 0.000000 0.858887 0.000000 -0.512165 1.000000 1.000000 1.000000
4807.031250 0.000000 4381.351562 0.000000 0.721116 0.000000 -0.692815 1.000000 1.000000 1.000000
4808.549316 0.000000 4361.003418 0.000000 0.650677 0.000000 -0.759355 1.000000 1.000000 1.000000
4833.645020 0.000000 4374.668945 0.000000 0.984819 0.000000 -0.173586 1.000000 1.000000 1.000000
4819.730957 0.000000 4372.122559 0.000000 0.997346 0.000000 -0.072801 1.000000 1.000000 1.000000
4820.696777 0.000000 4358.815918 0.000000 0.999697 0.000000 -0.024598 1.000000 1.000000 1.000000
4765.098145 0.000000 4403.363281 0.000000 0.982144 0.000000 -0.188129 1.000000 1.000000 1.000000
4785.594238 0.000000 4406.503418 0.000000 0.933758 0.000000 -0.357906 1.000000 1.000000 1.000000
4756.982422 0.000000 4411.421387 0.000000 0.931208 0.000000 -0.364489 1.000000 1.000000 1.000000
4740.640625 0.000000 4413.876465 0.000000 0.904473 0.000000 -0.426530 1.000000 1.000000 1.000000
4768.944824 0.000000 4411.938965 0.000000 0.945732 0.000000 -0.324946 1.000000 1.000000 1.000000
4770.604980 0.000000 4406.569336 0.000000 0.933438 0.000000 -0.358739 1.000000 1.000000 1.000000
4793.538574 0.000000 4400.069336 0.000000 0.694265 0.000000 -0.719719 1.000000 1.000000 1.000000
4747.321289 0.000000 4415.970703 0.000000 0.991331 0.000000 -0.131387 1.000000 1.000000 1.000000
4737.376465 0.000000 4422.354980 0.000000 0.924314 0.000000 -0.381632 1.000000 1.000000 1.000000
4749.673340 0.000000 4415.242676 0.000000 0.660331 0.000000 -0.750975 1.000000 1.000000 1.000000
4775.173828 0.000000 4401.192871 0.000000 0.986937 0.000000 -0.161107 1.000000 1.000000 1.000000
4740.906250 0.000000 4395.450195 0.000000 0.936094 0.000000 -0.351751 1.000000 1.000000 1.000000
4738.703613 0.000000 4426.159180 0.000000 0.804295 0.000000 -0.594230 1.000000 1.000000 1.000000
4762.855469 0.000000 4403.476074 0.000000 0.994558 0.000000 -0.104182 1.000000 1.000000 1.000000
4792.864746 0.000000 4398.546387 0.000000 0.991000 0.000000 -0.133859 1.000000 1.000000 1.000000
4794.500000 0.000000 4395.895020 0.000000 0.930658 0.000000 -0.365891 1.000000 1.000000 1.000000
4746.963379 0.000000 4418.786133 0.000000 0.930936 0.000000 -0.365184 1.000000 1.000000 1.000000
4840.812500 0.000000 4412.533203 0.000000 0.900779 0.000000 -0.434277 1.000000 1.000000 1.000000
4804.489746 0.000000 4408.774902 0.000000 0.938128 0.000000 -0.346289 1.000000 1.000000 1.000000
4804.715332 0.000000 4406.385254 0.000000 0.915812 0.000000 -0.401606 1.000000 1.000000 1.000000
4843.179688 0.000000 4413.641113 0.000000 0.820416 0.000000 -0.571767 1.000000 1.000000 1.000000
4809.779785 0.000000 4403.264160 0.000000 0.611345 0.000000 -0.791364 1.000000 1.000000 1.000000
4921.522949 0.000000 4352.827148 0.000000 0.690248 0.000000 -0.723572 1.000000 1.000000 1.000000
4973.066406 0.000000 4347.154297 0.000000 0.978409 0.000000 -0.206679 1.000000 1.000000 1.000000
5023.705566 0.000000 4350.762695 0.000000 0.906857 0.000000 -0.421439 1.000000 1.000000 1.000000
4996.466309 0.000000 4361.532715 0.000000 0.942172 0.000000 -0.335129 1.000000 1.000000 1.000000
7048.242676 0.000000 3023.549316 0.000000 0.682936 0.000000 -0.730479 1.000000 1.000000 1.000000
6922.402344 0.000000 3151.135498 0.000000 0.963998 0.000000 -0.265909 1.000000 1.000000 1.000000
7119.732910 0.000000 3135.109863 0.000000 0.859583 0.000000 -0.510996 1.000000 1.000000 1.000000
6408.174805 0.000000 3749.846191 0.000000 0.952422 0.000000 -0.304783 1.000000 1.000000 1.000000
6399.518555 0.000000 3745.746094 0.000000 0.842108 0.000000 -0.539310 1.000000 1.000000 1.000000
7320.787109 0.000000 3062.020996 0.000000 0.920163 0.000000 -0.391536 1.000000 1.000000 1.000000
7325.401367 0.000000 3067.286133 0.000000 0.679953 0.000000 -0.733255 1.000000 1.000000 1.000000
7399.520020 0.000000 3048.144775 0.000000 0.967008 0.000000 -0.254747 1.000000 1.000000 1.000000
7405.076172 0.000000 3039.589355 0.000000 0.841536 0.000000 -0.540201 1.000000 1.000000 1.000000
7374.202148 0.000000 3088.596436 0.000000 0.942892 0.000000 -0.333099 1.000000 1.000000 1.000000
7406.091797 0.000000 3141.721924 0.000000 0.792677 0.000000 -0.609642 1.000000 1.000000 1.000000
6248.673340 0.000000 3917.436523 0.000000 0.998798 0.000000 -0.049012 1.000000 1.000000 1.000000
6211.280762 0.000000 3908.105957 0.000000 0.939491 0.000000 -0.342573 1.000000 1.000000 1.000000
6224.396484 0.000000 3908.298096 0.000000 0.786149 0.000000 -0.618037 1.000000 1.000000 1.000000
6214.859375 0.000000 3908.929443 0.000000 0.989215 0.000000 -0.146473 1.000000 1.000000 1.000000
6208.517090 0.000000 3907.024902 0.000000 0.912818 0.000000 -0.408367 1.000000 1.000000 1.000000
6144.448242 0.000000 3968.052246 0.000000 0.794512 0.000000 -0.607248 1.000000 1.000000 1.000000
6153.042969 0.000000 3966.841309 0.000000 0.696979 0.000000 -0.717091 1.000000 1.000000 1.000000
6164.445312 0.000000 4048.460693 0.000000 0.833689 0.000000 -0.552234 1.000000 1.000000 1.000000
6162.460938 0.000000 4043.788818 0.000000 0.615646 0.000000 -0.788023 1.000000 1.000000 1.000000
6160.121094 0.000000 4041.038818 0.000000 0.941357 0.000000 -0.337413 1.000000 1.000000 1.000000
"}
object={
	name="tree_cypress_01_generator_1_2"
	render_pass=Map
	clamp_to_water_level=no
	generated_content=yes
	layer="tree_high_layer"
	pdxmesh="tree_cypress_01_c_mesh"
	count=740
	transform="3319.293213 0.000000 527.064453 0.000000 0.351448 0.000000 -0.936207 1.000000 1.000000 1.000000
3411.295654 0.000000 560.363281 0.000000 0.100471 0.000000 -0.994940 1.000000 1.000000 1.000000
3412.022461 0.000000 570.791382 0.000000 0.034817 0.000000 -0.999394 1.000000 1.000000 1.000000
3467.858887 0.000000 608.875732 0.000000 0.552394 0.000000 -0.833583 1.000000 1.000000 1.000000
3468.278320 0.000000 596.866089 0.000000 0.312426 0.000000 -0.949942 1.000000 1.000000 1.000000
3537.568848 0.000000 598.166870 0.000000 0.138815 0.000000 -0.990318 1.000000 1.000000 1.000000
3526.097412 0.000000 599.991455 0.000000 0.174958 0.000000 -0.984576 1.000000 1.000000 1.000000
3521.225830 0.000000 604.853271 0.000000 0.518221 0.000000 -0.855247 1.000000 1.000000 1.000000
3564.277344 0.000000 652.027161 0.000000 0.529237 0.000000 -0.848474 1.000000 1.000000 1.000000
3570.937256 0.000000 647.296997 0.000000 0.509768 0.000000 -0.860312 1.000000 1.000000 1.000000
3582.523926 0.000000 698.323486 0.000000 0.529281 0.000000 -0.848446 1.000000 1.000000 1.000000
3618.014648 0.000000 494.369537 0.000000 0.392630 0.000000 -0.919697 1.000000 1.000000 1.000000
3667.991211 0.000000 570.791382 0.000000 0.076831 0.000000 -0.997044 1.000000 1.000000 1.000000
3609.240234 0.000000 652.669189 0.000000 0.484414 0.000000 -0.874839 1.000000 1.000000 1.000000
3603.272217 0.000000 654.847656 0.000000 0.230229 0.000000 -0.973136 1.000000 1.000000 1.000000
3589.121582 0.000000 622.868958 0.000000 0.219223 0.000000 -0.975675 1.000000 1.000000 1.000000
3592.598633 0.000000 690.534851 0.000000 0.184227 0.000000 -0.982884 1.000000 1.000000 1.000000
3586.060791 0.000000 709.961182 0.000000 0.243571 0.000000 -0.969883 1.000000 1.000000 1.000000
3582.967529 0.000000 761.079468 0.000000 0.404631 0.000000 -0.914480 1.000000 1.000000 1.000000
3598.115479 0.000000 762.514343 0.000000 0.221831 0.000000 -0.975085 1.000000 1.000000 1.000000
3800.468262 0.000000 845.421204 0.000000 0.305402 0.000000 -0.952223 1.000000 1.000000 1.000000
3829.674805 0.000000 877.021912 0.000000 0.406009 0.000000 -0.913869 1.000000 1.000000 1.000000
3828.030273 0.000000 877.546570 0.000000 0.390181 0.000000 -0.920738 1.000000 1.000000 1.000000
3850.343018 0.000000 1028.972656 0.000000 0.382707 0.000000 -0.923870 1.000000 1.000000 1.000000
1534.303711 0.000000 2244.369385 0.000000 0.088584 0.000000 -0.996069 1.000000 1.000000 1.000000
1509.271484 0.000000 2225.897705 0.000000 0.136942 0.000000 -0.990579 1.000000 1.000000 1.000000
1546.624023 0.000000 2257.269775 0.000000 0.372857 0.000000 -0.927889 1.000000 1.000000 1.000000
1472.119629 0.000000 2366.163818 0.000000 0.182936 0.000000 -0.983125 1.000000 1.000000 1.000000
1483.262085 0.000000 2363.805176 0.000000 0.312609 0.000000 -0.949882 1.000000 1.000000 1.000000
1472.119629 0.000000 2413.406006 0.000000 0.455471 0.000000 -0.890251 1.000000 1.000000 1.000000
1667.723999 0.000000 2279.987061 0.000000 0.430807 0.000000 -0.902444 1.000000 1.000000 1.000000
1701.248047 0.000000 2320.382080 0.000000 0.248390 0.000000 -0.968660 1.000000 1.000000 1.000000
1677.961304 0.000000 2351.101318 0.000000 0.009365 0.000000 -0.999956 1.000000 1.000000 1.000000
1699.685913 0.000000 2357.397217 0.000000 0.020657 0.000000 -0.999787 1.000000 1.000000 1.000000
1693.449707 0.000000 2329.671387 0.000000 0.129131 0.000000 -0.991628 1.000000 1.000000 1.000000
1731.827148 0.000000 2349.113770 0.000000 0.241006 0.000000 -0.970524 1.000000 1.000000 1.000000
1731.913086 0.000000 2360.304199 0.000000 0.087936 0.000000 -0.996126 1.000000 1.000000 1.000000
1741.522827 0.000000 2348.536865 0.000000 0.083804 0.000000 -0.996482 1.000000 1.000000 1.000000
1740.040527 0.000000 2350.150146 0.000000 0.453196 0.000000 -0.891411 1.000000 1.000000 1.000000
1730.358398 0.000000 2360.895508 0.000000 0.444542 0.000000 -0.895758 1.000000 1.000000 1.000000
3563.732178 0.000000 2178.857910 0.000000 0.333536 0.000000 -0.942737 1.000000 1.000000 1.000000
3560.187012 0.000000 2179.066895 0.000000 0.442340 0.000000 -0.896848 1.000000 1.000000 1.000000
3541.614502 0.000000 2175.129150 0.000000 0.534849 0.000000 -0.844948 1.000000 1.000000 1.000000
3771.219482 0.000000 2065.738770 0.000000 0.509766 0.000000 -0.860313 1.000000 1.000000 1.000000
3773.626709 0.000000 2074.997559 0.000000 0.123441 0.000000 -0.992352 1.000000 1.000000 1.000000
3708.036865 0.000000 2086.548340 0.000000 0.506582 0.000000 -0.862192 1.000000 1.000000 1.000000
3756.172363 0.000000 2089.049072 0.000000 0.102125 0.000000 -0.994772 1.000000 1.000000 1.000000
3759.185303 0.000000 2090.059326 0.000000 0.571799 0.000000 -0.820394 1.000000 1.000000 1.000000
3765.679443 0.000000 2201.620605 0.000000 0.351737 0.000000 -0.936099 1.000000 1.000000 1.000000
3776.737061 0.000000 2220.091309 0.000000 0.380351 0.000000 -0.924842 1.000000 1.000000 1.000000
3783.395264 0.000000 2204.125244 0.000000 0.279392 0.000000 -0.960177 1.000000 1.000000 1.000000
3782.066162 0.000000 2206.226074 0.000000 0.101774 0.000000 -0.994808 1.000000 1.000000 1.000000
3819.555908 0.000000 2212.504395 0.000000 0.417316 0.000000 -0.908762 1.000000 1.000000 1.000000
3781.978516 0.000000 2204.601074 0.000000 0.519601 0.000000 -0.854409 1.000000 1.000000 1.000000
3769.894043 0.000000 2224.022461 0.000000 0.022386 0.000000 -0.999749 1.000000 1.000000 1.000000
3784.494629 0.000000 2238.096191 0.000000 0.390657 0.000000 -0.920536 1.000000 1.000000 1.000000
3779.024414 0.000000 2220.785645 0.000000 0.073417 0.000000 -0.997301 1.000000 1.000000 1.000000
3895.431396 0.000000 2140.544434 0.000000 0.146197 0.000000 -0.989256 1.000000 1.000000 1.000000
3953.695312 0.000000 2138.878174 0.000000 0.072242 0.000000 -0.997387 1.000000 1.000000 1.000000
3950.746094 0.000000 2139.377930 0.000000 0.117028 0.000000 -0.993129 1.000000 1.000000 1.000000
3864.886475 0.000000 2202.042236 0.000000 0.131108 0.000000 -0.991368 1.000000 1.000000 1.000000
3877.380127 0.000000 2181.358154 0.000000 0.136347 0.000000 -0.990661 1.000000 1.000000 1.000000
3862.815430 0.000000 2206.440674 0.000000 0.179335 0.000000 -0.983788 1.000000 1.000000 1.000000
3872.729248 0.000000 2183.100098 0.000000 0.533105 0.000000 -0.846049 1.000000 1.000000 1.000000
3862.040527 0.000000 2204.744629 0.000000 0.214570 0.000000 -0.976709 1.000000 1.000000 1.000000
3860.639893 0.000000 2204.496582 0.000000 0.320817 0.000000 -0.947141 1.000000 1.000000 1.000000
3863.061035 0.000000 2205.218506 0.000000 0.235884 0.000000 -0.971781 1.000000 1.000000 1.000000
3874.551758 0.000000 2180.373291 0.000000 0.083964 0.000000 -0.996469 1.000000 1.000000 1.000000
3480.933350 0.000000 2721.706299 0.000000 0.370322 0.000000 -0.928903 1.000000 1.000000 1.000000
3474.788818 0.000000 2721.007568 0.000000 0.196727 0.000000 -0.980458 1.000000 1.000000 1.000000
3481.255859 0.000000 2778.567871 0.000000 0.231216 0.000000 -0.972902 1.000000 1.000000 1.000000
3463.229492 0.000000 2752.062500 0.000000 0.228138 0.000000 -0.973629 1.000000 1.000000 1.000000
3473.382812 0.000000 2785.711426 0.000000 0.568829 0.000000 -0.822456 1.000000 1.000000 1.000000
3496.402100 0.000000 2796.691406 0.000000 0.410079 0.000000 -0.912050 1.000000 1.000000 1.000000
3495.996338 0.000000 2811.933838 0.000000 0.021965 0.000000 -0.999759 1.000000 1.000000 1.000000
3496.976562 0.000000 2853.540771 0.000000 0.457925 0.000000 -0.888991 1.000000 1.000000 1.000000
3547.741211 0.000000 2973.724609 0.000000 0.085128 0.000000 -0.996370 1.000000 1.000000 1.000000
3557.419189 0.000000 2937.233154 0.000000 0.139927 0.000000 -0.990162 1.000000 1.000000 1.000000
3576.125000 0.000000 2935.200439 0.000000 0.015003 0.000000 -0.999887 1.000000 1.000000 1.000000
3566.148438 0.000000 3002.517822 0.000000 0.265448 0.000000 -0.964125 1.000000 1.000000 1.000000
3569.428711 0.000000 2994.619629 0.000000 0.440957 0.000000 -0.897528 1.000000 1.000000 1.000000
3557.021484 0.000000 2981.772705 0.000000 0.565042 0.000000 -0.825062 1.000000 1.000000 1.000000
3556.602539 0.000000 2994.658447 0.000000 0.175514 0.000000 -0.984477 1.000000 1.000000 1.000000
3553.093262 0.000000 2994.673096 0.000000 0.558342 0.000000 -0.829611 1.000000 1.000000 1.000000
3554.188477 0.000000 2982.481689 0.000000 0.341019 0.000000 -0.940057 1.000000 1.000000 1.000000
3554.987793 0.000000 2992.312744 0.000000 0.526143 0.000000 -0.850396 1.000000 1.000000 1.000000
3577.805664 0.000000 3005.675537 0.000000 0.013688 0.000000 -0.999906 1.000000 1.000000 1.000000
3548.988770 0.000000 2977.726562 0.000000 0.343292 0.000000 -0.939229 1.000000 1.000000 1.000000
3612.554199 0.000000 2910.720947 0.000000 0.054386 0.000000 -0.998520 1.000000 1.000000 1.000000
3610.398926 0.000000 2913.083740 0.000000 0.094012 0.000000 -0.995571 1.000000 1.000000 1.000000
3611.586670 0.000000 2913.845947 0.000000 0.250072 0.000000 -0.968227 1.000000 1.000000 1.000000
3756.696289 0.000000 2917.765137 0.000000 0.012101 0.000000 -0.999927 1.000000 1.000000 1.000000
3583.661865 0.000000 2938.559814 0.000000 0.431392 0.000000 -0.902164 1.000000 1.000000 1.000000
3658.369385 0.000000 2937.402100 0.000000 0.272557 0.000000 -0.962140 1.000000 1.000000 1.000000
3658.366455 0.000000 3013.144775 0.000000 0.553956 0.000000 -0.832546 1.000000 1.000000 1.000000
3692.735840 0.000000 2990.475830 0.000000 0.133296 0.000000 -0.991076 1.000000 1.000000 1.000000
3663.039551 0.000000 3021.075195 0.000000 0.458255 0.000000 -0.888821 1.000000 1.000000 1.000000
3749.579834 0.000000 2940.039551 0.000000 0.502977 0.000000 -0.864300 1.000000 1.000000 1.000000
3774.463135 0.000000 2954.629150 0.000000 0.319427 0.000000 -0.947611 1.000000 1.000000 1.000000
3781.219482 0.000000 2953.826660 0.000000 0.050248 0.000000 -0.998737 1.000000 1.000000 1.000000
3778.620361 0.000000 2953.676758 0.000000 0.307263 0.000000 -0.951625 1.000000 1.000000 1.000000
3801.323242 0.000000 2950.950195 0.000000 0.117456 0.000000 -0.993078 1.000000 1.000000 1.000000
3781.204102 0.000000 2967.958496 0.000000 0.191220 0.000000 -0.981547 1.000000 1.000000 1.000000
3778.189941 0.000000 2952.091797 0.000000 0.073277 0.000000 -0.997312 1.000000 1.000000 1.000000
3777.292725 0.000000 2953.054199 0.000000 0.544984 0.000000 -0.838447 1.000000 1.000000 1.000000
3727.031738 0.000000 3021.075195 0.000000 0.077139 0.000000 -0.997020 1.000000 1.000000 1.000000
3763.839844 0.000000 2993.421387 0.000000 0.281333 0.000000 -0.959610 1.000000 1.000000 1.000000
3786.979492 0.000000 2986.959229 0.000000 0.271934 0.000000 -0.962316 1.000000 1.000000 1.000000
3796.869629 0.000000 2983.916016 0.000000 0.577233 0.000000 -0.816580 1.000000 1.000000 1.000000
3800.700439 0.000000 2984.105225 0.000000 0.522553 0.000000 -0.852607 1.000000 1.000000 1.000000
4150.622559 0.000000 780.971985 0.000000 0.373844 0.000000 -0.927491 1.000000 1.000000 1.000000
4145.190430 0.000000 757.673767 0.000000 0.504461 0.000000 -0.863435 1.000000 1.000000 1.000000
4245.044922 0.000000 773.772766 0.000000 0.347579 0.000000 -0.937651 1.000000 1.000000 1.000000
4226.069824 0.000000 768.879211 0.000000 0.536969 0.000000 -0.843602 1.000000 1.000000 1.000000
4142.078125 0.000000 876.619080 0.000000 0.418815 0.000000 -0.908071 1.000000 1.000000 1.000000
4160.767090 0.000000 883.524719 0.000000 0.200517 0.000000 -0.979690 1.000000 1.000000 1.000000
4433.265625 0.000000 1132.234741 0.000000 0.485750 0.000000 -0.874098 1.000000 1.000000 1.000000
4441.234375 0.000000 1142.996582 0.000000 0.049554 0.000000 -0.998771 1.000000 1.000000 1.000000
4430.257324 0.000000 1143.098755 0.000000 0.111712 0.000000 -0.993741 1.000000 1.000000 1.000000
4852.861816 0.000000 1291.236206 0.000000 0.410524 0.000000 -0.911850 1.000000 1.000000 1.000000
4855.314453 0.000000 1290.184814 0.000000 0.563101 0.000000 -0.826388 1.000000 1.000000 1.000000
5372.729980 0.000000 945.046387 0.000000 0.366504 0.000000 -0.930417 1.000000 1.000000 1.000000
5364.799316 0.000000 960.540833 0.000000 0.276433 0.000000 -0.961033 1.000000 1.000000 1.000000
5125.879883 0.000000 1056.596069 0.000000 0.518071 0.000000 -0.855338 1.000000 1.000000 1.000000
5376.331543 0.000000 952.928040 0.000000 0.290025 0.000000 -0.957019 1.000000 1.000000 1.000000
5379.114258 0.000000 947.591248 0.000000 0.070951 0.000000 -0.997480 1.000000 1.000000 1.000000
5411.307129 0.000000 994.692505 0.000000 0.304594 0.000000 -0.952482 1.000000 1.000000 1.000000
5416.304199 0.000000 995.533813 0.000000 0.529471 0.000000 -0.848328 1.000000 1.000000 1.000000
5475.299316 0.000000 994.692505 0.000000 0.206159 0.000000 -0.978519 1.000000 1.000000 1.000000
5492.215820 0.000000 992.627075 0.000000 0.544213 0.000000 -0.838947 1.000000 1.000000 1.000000
5144.610352 0.000000 1406.200073 0.000000 0.144523 0.000000 -0.989501 1.000000 1.000000 1.000000
5140.657715 0.000000 1382.557739 0.000000 0.441716 0.000000 -0.897155 1.000000 1.000000 1.000000
4476.245605 0.000000 2109.145020 0.000000 0.170982 0.000000 -0.985274 1.000000 1.000000 1.000000
4556.676758 0.000000 2150.742432 0.000000 0.231263 0.000000 -0.972891 1.000000 1.000000 1.000000
5207.374512 0.000000 1766.567993 0.000000 0.192941 0.000000 -0.981210 1.000000 1.000000 1.000000
5320.705078 0.000000 1727.665771 0.000000 0.311539 0.000000 -0.950233 1.000000 1.000000 1.000000
5331.602539 0.000000 1715.126831 0.000000 0.426785 0.000000 -0.904353 1.000000 1.000000 1.000000
5229.903809 0.000000 1844.688232 0.000000 0.272476 0.000000 -0.962163 1.000000 1.000000 1.000000
5462.651367 0.000000 1867.967529 0.000000 0.049960 0.000000 -0.998751 1.000000 1.000000 1.000000
5477.782227 0.000000 1864.252930 0.000000 0.047751 0.000000 -0.998859 1.000000 1.000000 1.000000
5469.715820 0.000000 1873.294067 0.000000 0.313579 0.000000 -0.949562 1.000000 1.000000 1.000000
5238.135254 0.000000 2077.986816 0.000000 0.395438 0.000000 -0.918493 1.000000 1.000000 1.000000
5449.232422 0.000000 2074.507324 0.000000 0.383877 0.000000 -0.923384 1.000000 1.000000 1.000000
5592.675781 0.000000 2013.073364 0.000000 0.141200 0.000000 -0.989981 1.000000 1.000000 1.000000
5520.435547 0.000000 2073.875732 0.000000 0.462294 0.000000 -0.886727 1.000000 1.000000 1.000000
5435.826172 0.000000 2086.548340 0.000000 0.373013 0.000000 -0.927826 1.000000 1.000000 1.000000
5424.706055 0.000000 2110.218262 0.000000 0.517617 0.000000 -0.855613 1.000000 1.000000 1.000000
5437.834961 0.000000 2107.974121 0.000000 0.092257 0.000000 -0.995735 1.000000 1.000000 1.000000
5467.604004 0.000000 2078.776367 0.000000 0.019215 0.000000 -0.999815 1.000000 1.000000 1.000000
5568.338379 0.000000 2148.819824 0.000000 0.520614 0.000000 -0.853792 1.000000 1.000000 1.000000
5570.401855 0.000000 2150.559570 0.000000 0.327580 0.000000 -0.944824 1.000000 1.000000 1.000000
5582.805176 0.000000 2217.958008 0.000000 0.195167 0.000000 -0.980770 1.000000 1.000000 1.000000
5617.563965 0.000000 2264.419678 0.000000 0.415499 0.000000 -0.909594 1.000000 1.000000 1.000000
5618.842773 0.000000 2251.321533 0.000000 0.308783 0.000000 -0.951133 1.000000 1.000000 1.000000
5603.196777 0.000000 2257.598877 0.000000 0.142255 0.000000 -0.989830 1.000000 1.000000 1.000000
5621.164062 0.000000 2252.037109 0.000000 0.142075 0.000000 -0.989856 1.000000 1.000000 1.000000
6142.778320 0.000000 2161.149902 0.000000 0.584853 0.000000 -0.811139 1.000000 1.000000 1.000000
6129.867676 0.000000 2149.393555 0.000000 0.234285 0.000000 -0.972168 1.000000 1.000000 1.000000
6134.025879 0.000000 2172.471436 0.000000 0.176639 0.000000 -0.984276 1.000000 1.000000 1.000000
6129.801758 0.000000 2153.139893 0.000000 0.151648 0.000000 -0.988435 1.000000 1.000000 1.000000
6126.600098 0.000000 2144.962158 0.000000 0.551380 0.000000 -0.834254 1.000000 1.000000 1.000000
6139.652832 0.000000 2146.356689 0.000000 0.014604 0.000000 -0.999893 1.000000 1.000000 1.000000
6057.401855 0.000000 2222.670166 0.000000 0.554642 0.000000 -0.832089 1.000000 1.000000 1.000000
6047.628418 0.000000 2228.478516 0.000000 0.544178 0.000000 -0.838970 1.000000 1.000000 1.000000
5834.731445 0.000000 2411.047363 0.000000 0.478280 0.000000 -0.878208 1.000000 1.000000 1.000000
5837.231445 0.000000 2413.281006 0.000000 0.250216 0.000000 -0.968190 1.000000 1.000000 1.000000
5962.085449 0.000000 2304.511963 0.000000 0.497673 0.000000 -0.867365 1.000000 1.000000 1.000000
5957.322754 0.000000 2309.737061 0.000000 0.580480 0.000000 -0.814275 1.000000 1.000000 1.000000
5945.628906 0.000000 2318.506836 0.000000 0.488421 0.000000 -0.872608 1.000000 1.000000 1.000000
6064.317383 0.000000 2499.571777 0.000000 0.476274 0.000000 -0.879297 1.000000 1.000000 1.000000
6073.382324 0.000000 2510.381836 0.000000 0.519978 0.000000 -0.854180 1.000000 1.000000 1.000000
5908.656250 0.000000 2589.151611 0.000000 0.342363 0.000000 -0.939568 1.000000 1.000000 1.000000
5952.350586 0.000000 2551.977783 0.000000 0.093570 0.000000 -0.995613 1.000000 1.000000 1.000000
5888.560547 0.000000 2616.155273 0.000000 0.350482 0.000000 -0.936569 1.000000 1.000000 1.000000
5900.540039 0.000000 2608.696045 0.000000 0.125587 0.000000 -0.992083 1.000000 1.000000 1.000000
6017.835449 0.000000 2597.106445 0.000000 0.287638 0.000000 -0.957739 1.000000 1.000000 1.000000
6025.007812 0.000000 2588.926270 0.000000 0.550626 0.000000 -0.834752 1.000000 1.000000 1.000000
6400.236816 0.000000 1912.608765 0.000000 0.205808 0.000000 -0.978592 1.000000 1.000000 1.000000
6567.997559 0.000000 1930.893066 0.000000 0.164704 0.000000 -0.986343 1.000000 1.000000 1.000000
6227.072754 0.000000 2101.905029 0.000000 0.236507 0.000000 -0.971630 1.000000 1.000000 1.000000
6223.121582 0.000000 2125.512939 0.000000 0.033246 0.000000 -0.999447 1.000000 1.000000 1.000000
6232.526855 0.000000 2193.092285 0.000000 0.513715 0.000000 -0.857961 1.000000 1.000000 1.000000
6726.796875 0.000000 2255.452881 0.000000 0.465118 0.000000 -0.885249 1.000000 1.000000 1.000000
6577.375488 0.000000 2516.815674 0.000000 0.112822 0.000000 -0.993615 1.000000 1.000000 1.000000
6598.307617 0.000000 2506.737305 0.000000 0.436419 0.000000 -0.899744 1.000000 1.000000 1.000000
6765.989746 0.000000 2357.653320 0.000000 0.549420 0.000000 -0.835546 1.000000 1.000000 1.000000
6812.163574 0.000000 2296.572510 0.000000 0.283228 0.000000 -0.959053 1.000000 1.000000 1.000000
6807.623535 0.000000 2375.574463 0.000000 0.225526 0.000000 -0.974237 1.000000 1.000000 1.000000
6896.398438 0.000000 2443.081787 0.000000 0.073397 0.000000 -0.997303 1.000000 1.000000 1.000000
6970.200684 0.000000 2499.208252 0.000000 0.431503 0.000000 -0.902112 1.000000 1.000000 1.000000
6959.546875 0.000000 2512.315430 0.000000 0.444423 0.000000 -0.895817 1.000000 1.000000 1.000000
6961.961426 0.000000 2506.848877 0.000000 0.249776 0.000000 -0.968304 1.000000 1.000000 1.000000
6855.020508 0.000000 2771.031494 0.000000 0.579322 0.000000 -0.815099 1.000000 1.000000 1.000000
6847.568848 0.000000 2756.035645 0.000000 0.465247 0.000000 -0.885181 1.000000 1.000000 1.000000
6932.122559 0.000000 2689.158936 0.000000 0.564261 0.000000 -0.825597 1.000000 1.000000 1.000000
6924.002441 0.000000 2665.562744 0.000000 0.425893 0.000000 -0.904773 1.000000 1.000000 1.000000
6935.377930 0.000000 2691.747803 0.000000 0.468295 0.000000 -0.883572 1.000000 1.000000 1.000000
6929.124023 0.000000 2654.505371 0.000000 0.107172 0.000000 -0.994240 1.000000 1.000000 1.000000
6920.489258 0.000000 2656.332275 0.000000 0.451868 0.000000 -0.892085 1.000000 1.000000 1.000000
6927.671387 0.000000 2655.764893 0.000000 0.430167 0.000000 -0.902749 1.000000 1.000000 1.000000
6925.034180 0.000000 2664.401611 0.000000 0.471518 0.000000 -0.881857 1.000000 1.000000 1.000000
6938.229980 0.000000 2713.281738 0.000000 0.298343 0.000000 -0.954459 1.000000 1.000000 1.000000
6944.368164 0.000000 2717.373535 0.000000 0.012731 0.000000 -0.999919 1.000000 1.000000 1.000000
6930.267090 0.000000 2694.934814 0.000000 0.356313 0.000000 -0.934367 1.000000 1.000000 1.000000
6917.683594 0.000000 2820.374512 0.000000 0.451254 0.000000 -0.892396 1.000000 1.000000 1.000000
6920.258301 0.000000 2834.580566 0.000000 0.082382 0.000000 -0.996601 1.000000 1.000000 1.000000
6988.379883 0.000000 2906.617432 0.000000 0.458500 0.000000 -0.888694 1.000000 1.000000 1.000000
7048.933594 0.000000 3021.997559 0.000000 0.091663 0.000000 -0.995790 1.000000 1.000000 1.000000
7151.427734 0.000000 3004.118164 0.000000 0.414754 0.000000 -0.909934 1.000000 1.000000 1.000000
7278.816406 0.000000 2636.153320 0.000000 0.514378 0.000000 -0.857564 1.000000 1.000000 1.000000
7273.225586 0.000000 2645.010986 0.000000 0.125474 0.000000 -0.992097 1.000000 1.000000 1.000000
7267.006836 0.000000 2640.850342 0.000000 0.138839 0.000000 -0.990315 1.000000 1.000000 1.000000
7280.585449 0.000000 2644.598145 0.000000 0.433924 0.000000 -0.900949 1.000000 1.000000 1.000000
7281.243652 0.000000 2645.718506 0.000000 0.025850 0.000000 -0.999666 1.000000 1.000000 1.000000
7268.724121 0.000000 2649.264160 0.000000 0.206296 0.000000 -0.978490 1.000000 1.000000 1.000000
7368.894531 0.000000 2691.302246 0.000000 0.269277 0.000000 -0.963063 1.000000 1.000000 1.000000
7369.217285 0.000000 2684.811279 0.000000 0.028385 0.000000 -0.999597 1.000000 1.000000 1.000000
7401.993652 0.000000 2688.905273 0.000000 0.258609 0.000000 -0.965982 1.000000 1.000000 1.000000
7386.175293 0.000000 2713.281738 0.000000 0.083298 0.000000 -0.996525 1.000000 1.000000 1.000000
7384.336914 0.000000 2728.981445 0.000000 0.480930 0.000000 -0.876759 1.000000 1.000000 1.000000
7376.993164 0.000000 2692.857910 0.000000 0.127998 0.000000 -0.991774 1.000000 1.000000 1.000000
7275.388672 0.000000 2833.156738 0.000000 0.433645 0.000000 -0.901084 1.000000 1.000000 1.000000
7342.811523 0.000000 2779.808838 0.000000 0.561374 0.000000 -0.827562 1.000000 1.000000 1.000000
7363.226074 0.000000 2785.483887 0.000000 0.035755 0.000000 -0.999361 1.000000 1.000000 1.000000
7333.345703 0.000000 2801.598145 0.000000 0.323128 0.000000 -0.946355 1.000000 1.000000 1.000000
7333.142578 0.000000 2798.312988 0.000000 0.378887 0.000000 -0.925443 1.000000 1.000000 1.000000
7334.544434 0.000000 2790.768799 0.000000 0.585566 0.000000 -0.810625 1.000000 1.000000 1.000000
7444.060059 0.000000 2736.401123 0.000000 0.186193 0.000000 -0.982513 1.000000 1.000000 1.000000
7436.909180 0.000000 2739.735596 0.000000 0.430477 0.000000 -0.902602 1.000000 1.000000 1.000000
7436.032715 0.000000 2748.287598 0.000000 0.160102 0.000000 -0.987100 1.000000 1.000000 1.000000
7578.249023 0.000000 2763.706299 0.000000 0.148205 0.000000 -0.988957 1.000000 1.000000 1.000000
7588.997070 0.000000 2766.608154 0.000000 0.262148 0.000000 -0.965028 1.000000 1.000000 1.000000
7588.501465 0.000000 2764.184570 0.000000 0.585371 0.000000 -0.810766 1.000000 1.000000 1.000000
7281.243652 0.000000 2881.929443 0.000000 0.303386 0.000000 -0.952868 1.000000 1.000000 1.000000
7301.590820 0.000000 2853.675781 0.000000 0.409851 0.000000 -0.912153 1.000000 1.000000 1.000000
7357.593262 0.000000 2953.002197 0.000000 0.225764 0.000000 -0.974182 1.000000 1.000000 1.000000
7322.099609 0.000000 2955.548096 0.000000 0.528577 0.000000 -0.848886 1.000000 1.000000 1.000000
7317.292480 0.000000 2952.326172 0.000000 0.046012 0.000000 -0.998941 1.000000 1.000000 1.000000
7354.955566 0.000000 2944.802734 0.000000 0.103385 0.000000 -0.994641 1.000000 1.000000 1.000000
3594.374268 0.000000 3060.386963 0.000000 0.567947 0.000000 -0.823065 1.000000 1.000000 1.000000
3609.546875 0.000000 3038.131836 0.000000 0.306535 0.000000 -0.951859 1.000000 1.000000 1.000000
3616.309570 0.000000 3025.810547 0.000000 0.487343 0.000000 -0.873211 1.000000 1.000000 1.000000
3622.627930 0.000000 3039.312256 0.000000 0.227243 0.000000 -0.973838 1.000000 1.000000 1.000000
3619.947510 0.000000 3024.867432 0.000000 0.549970 0.000000 -0.835185 1.000000 1.000000 1.000000
3679.869629 0.000000 3027.981445 0.000000 0.139126 0.000000 -0.990275 1.000000 1.000000 1.000000
3673.322510 0.000000 3029.062500 0.000000 0.558015 0.000000 -0.829831 1.000000 1.000000 1.000000
3676.748047 0.000000 3026.593994 0.000000 0.161859 0.000000 -0.986814 1.000000 1.000000 1.000000
3669.598877 0.000000 3025.488525 0.000000 0.407131 0.000000 -0.913370 1.000000 1.000000 1.000000
3622.275146 0.000000 3071.629639 0.000000 0.522625 0.000000 -0.852563 1.000000 1.000000 1.000000
3615.924805 0.000000 3078.837891 0.000000 0.062315 0.000000 -0.998057 1.000000 1.000000 1.000000
3617.926758 0.000000 3074.756592 0.000000 0.400850 0.000000 -0.916143 1.000000 1.000000 1.000000
3619.622803 0.000000 3075.218750 0.000000 0.015486 0.000000 -0.999880 1.000000 1.000000 1.000000
3614.003662 0.000000 3076.470947 0.000000 0.422784 0.000000 -0.906231 1.000000 1.000000 1.000000
3656.510254 0.000000 3088.455566 0.000000 0.432440 0.000000 -0.901663 1.000000 1.000000 1.000000
3720.502441 0.000000 3041.213379 0.000000 0.459474 0.000000 -0.888191 1.000000 1.000000 1.000000
3717.997070 0.000000 3023.744385 0.000000 0.126295 0.000000 -0.991993 1.000000 1.000000 1.000000
3727.520752 0.000000 3025.227539 0.000000 0.252714 0.000000 -0.967541 1.000000 1.000000 1.000000
3727.889404 0.000000 3037.742676 0.000000 0.344449 0.000000 -0.938805 1.000000 1.000000 1.000000
3898.588135 0.000000 3258.346924 0.000000 0.287514 0.000000 -0.957777 1.000000 1.000000 1.000000
3889.774414 0.000000 3256.505615 0.000000 0.320351 0.000000 -0.947299 1.000000 1.000000 1.000000
3920.589600 0.000000 3298.072510 0.000000 0.219842 0.000000 -0.975535 1.000000 1.000000 1.000000
3871.846191 0.000000 3311.434570 0.000000 0.385415 0.000000 -0.922743 1.000000 1.000000 1.000000
3873.318115 0.000000 3346.955322 0.000000 0.516018 0.000000 -0.856578 1.000000 1.000000 1.000000
3904.802490 0.000000 3324.788086 0.000000 0.130500 0.000000 -0.991448 1.000000 1.000000 1.000000
3894.440918 0.000000 3366.148926 0.000000 0.271812 0.000000 -0.962350 1.000000 1.000000 1.000000
3880.929688 0.000000 3373.204834 0.000000 0.581041 0.000000 -0.813874 1.000000 1.000000 1.000000
4092.885986 0.000000 3354.398193 0.000000 0.411881 0.000000 -0.911238 1.000000 1.000000 1.000000
4085.154297 0.000000 3357.466797 0.000000 0.474674 0.000000 -0.880162 1.000000 1.000000 1.000000
4092.291992 0.000000 3384.684082 0.000000 0.488860 0.000000 -0.872362 1.000000 1.000000 1.000000
4087.186768 0.000000 3359.042236 0.000000 0.377716 0.000000 -0.925921 1.000000 1.000000 1.000000
4087.644287 0.000000 3356.656982 0.000000 0.447683 0.000000 -0.894192 1.000000 1.000000 1.000000
3130.681885 0.000000 3494.557861 0.000000 0.406217 0.000000 -0.913777 1.000000 1.000000 1.000000
3177.725586 0.000000 3542.612549 0.000000 0.117604 0.000000 -0.993061 1.000000 1.000000 1.000000
3155.326904 0.000000 3583.863525 0.000000 0.490160 0.000000 -0.871633 1.000000 1.000000 1.000000
3144.572754 0.000000 3608.119629 0.000000 0.546700 0.000000 -0.837329 1.000000 1.000000 1.000000
3148.463135 0.000000 3610.406494 0.000000 0.378013 0.000000 -0.925800 1.000000 1.000000 1.000000
3146.961670 0.000000 3608.458984 0.000000 0.241591 0.000000 -0.970378 1.000000 1.000000 1.000000
3167.767578 0.000000 3634.897217 0.000000 0.544338 0.000000 -0.838866 1.000000 1.000000 1.000000
3186.534424 0.000000 3676.100586 0.000000 0.056312 0.000000 -0.998413 1.000000 1.000000 1.000000
3151.591064 0.000000 3639.375977 0.000000 0.150860 0.000000 -0.988555 1.000000 1.000000 1.000000
3171.109619 0.000000 3663.309326 0.000000 0.043651 0.000000 -0.999047 1.000000 1.000000 1.000000
3184.979248 0.000000 3669.210449 0.000000 0.329112 0.000000 -0.944291 1.000000 1.000000 1.000000
3182.959229 0.000000 3703.954346 0.000000 0.136293 0.000000 -0.990669 1.000000 1.000000 1.000000
3292.838623 0.000000 3717.718506 0.000000 0.585563 0.000000 -0.810627 1.000000 1.000000 1.000000
3264.589111 0.000000 3692.975098 0.000000 0.540009 0.000000 -0.841659 1.000000 1.000000 1.000000
3295.125977 0.000000 3719.627930 0.000000 0.032167 0.000000 -0.999483 1.000000 1.000000 1.000000
3202.002441 0.000000 3736.254395 0.000000 0.052588 0.000000 -0.998616 1.000000 1.000000 1.000000
3310.179688 0.000000 3758.392822 0.000000 0.255455 0.000000 -0.966821 1.000000 1.000000 1.000000
3327.374268 0.000000 3744.459473 0.000000 0.134997 0.000000 -0.990846 1.000000 1.000000 1.000000
3306.464355 0.000000 3759.116211 0.000000 0.288560 0.000000 -0.957462 1.000000 1.000000 1.000000
3308.722412 0.000000 3761.181641 0.000000 0.450659 0.000000 -0.892696 1.000000 1.000000 1.000000
3361.380615 0.000000 3724.892822 0.000000 0.152794 0.000000 -0.988258 1.000000 1.000000 1.000000
3422.525635 0.000000 3730.880371 0.000000 0.420773 0.000000 -0.907166 1.000000 1.000000 1.000000
3450.339844 0.000000 3754.017578 0.000000 0.357546 0.000000 -0.933895 1.000000 1.000000 1.000000
3577.687012 0.000000 3691.436523 0.000000 0.551867 0.000000 -0.833932 1.000000 1.000000 1.000000
3582.797607 0.000000 3730.693604 0.000000 0.544623 0.000000 -0.838681 1.000000 1.000000 1.000000
3540.765381 0.000000 3765.007568 0.000000 0.240040 0.000000 -0.970763 1.000000 1.000000 1.000000
3534.349854 0.000000 3763.406006 0.000000 0.466494 0.000000 -0.884525 1.000000 1.000000 1.000000
3564.751465 0.000000 3746.350830 0.000000 0.492859 0.000000 -0.870109 1.000000 1.000000 1.000000
3564.469238 0.000000 3749.960205 0.000000 0.541849 0.000000 -0.840476 1.000000 1.000000 1.000000
3567.596680 0.000000 3733.808105 0.000000 0.406594 0.000000 -0.913609 1.000000 1.000000 1.000000
3566.794922 0.000000 3732.583252 0.000000 0.416061 0.000000 -0.909337 1.000000 1.000000 1.000000
3564.246094 0.000000 3747.691162 0.000000 0.020916 0.000000 -0.999781 1.000000 1.000000 1.000000
3719.163574 0.000000 3436.507568 0.000000 0.157472 0.000000 -0.987523 1.000000 1.000000 1.000000
3775.838379 0.000000 3405.491943 0.000000 0.586621 0.000000 -0.809861 1.000000 1.000000 1.000000
3651.665283 0.000000 3513.725830 0.000000 0.239020 0.000000 -0.971015 1.000000 1.000000 1.000000
3635.627441 0.000000 3584.647461 0.000000 0.502790 0.000000 -0.864409 1.000000 1.000000 1.000000
3619.445068 0.000000 3588.118408 0.000000 0.149158 0.000000 -0.988813 1.000000 1.000000 1.000000
3741.222656 0.000000 3505.761475 0.000000 0.096207 0.000000 -0.995361 1.000000 1.000000 1.000000
3739.799072 0.000000 3509.603516 0.000000 0.088013 0.000000 -0.996119 1.000000 1.000000 1.000000
3740.413330 0.000000 3517.924805 0.000000 0.058138 0.000000 -0.998309 1.000000 1.000000 1.000000
3743.567871 0.000000 3517.672607 0.000000 0.176457 0.000000 -0.984308 1.000000 1.000000 1.000000
3814.811523 0.000000 3531.720947 0.000000 0.099547 0.000000 -0.995033 1.000000 1.000000 1.000000
3827.061279 0.000000 3526.860596 0.000000 0.236980 0.000000 -0.971514 1.000000 1.000000 1.000000
3821.341064 0.000000 3517.385986 0.000000 0.279816 0.000000 -0.960054 1.000000 1.000000 1.000000
3837.979492 0.000000 3526.885010 0.000000 0.265352 0.000000 -0.964152 1.000000 1.000000 1.000000
3833.233643 0.000000 3582.311279 0.000000 0.153142 0.000000 -0.988204 1.000000 1.000000 1.000000
3776.615967 0.000000 3544.063721 0.000000 0.100606 0.000000 -0.994926 1.000000 1.000000 1.000000
3812.962158 0.000000 3567.301758 0.000000 0.485315 0.000000 -0.874339 1.000000 1.000000 1.000000
3823.045898 0.000000 3549.543457 0.000000 0.485426 0.000000 -0.874278 1.000000 1.000000 1.000000
3791.839844 0.000000 3575.737305 0.000000 0.302540 0.000000 -0.953137 1.000000 1.000000 1.000000
3821.414551 0.000000 3549.184814 0.000000 0.545638 0.000000 -0.838021 1.000000 1.000000 1.000000
3820.791504 0.000000 3548.009521 0.000000 0.470783 0.000000 -0.882249 1.000000 1.000000 1.000000
3903.892334 0.000000 3431.794922 0.000000 0.520139 0.000000 -0.854082 1.000000 1.000000 1.000000
3883.802734 0.000000 3541.789551 0.000000 0.265341 0.000000 -0.964155 1.000000 1.000000 1.000000
3886.771973 0.000000 3537.182861 0.000000 0.448526 0.000000 -0.893770 1.000000 1.000000 1.000000
3892.033447 0.000000 3577.962402 0.000000 0.317842 0.000000 -0.948144 1.000000 1.000000 1.000000
3875.023682 0.000000 3568.824951 0.000000 0.163495 0.000000 -0.986544 1.000000 1.000000 1.000000
3840.702393 0.000000 3569.981201 0.000000 0.501388 0.000000 -0.865222 1.000000 1.000000 1.000000
3864.268311 0.000000 3583.453369 0.000000 0.121008 0.000000 -0.992652 1.000000 1.000000 1.000000
3855.832031 0.000000 3575.737305 0.000000 0.048251 0.000000 -0.998835 1.000000 1.000000 1.000000
3873.197510 0.000000 3569.638428 0.000000 0.011058 0.000000 -0.999939 1.000000 1.000000 1.000000
3875.790527 0.000000 3570.649902 0.000000 0.007641 0.000000 -0.999971 1.000000 1.000000 1.000000
3857.664551 0.000000 3579.146240 0.000000 0.149006 0.000000 -0.988836 1.000000 1.000000 1.000000
3967.296143 0.000000 3555.490723 0.000000 0.503476 0.000000 -0.864009 1.000000 1.000000 1.000000
3986.726318 0.000000 3524.124756 0.000000 0.064624 0.000000 -0.997910 1.000000 1.000000 1.000000
4009.491211 0.000000 3535.029785 0.000000 0.339166 0.000000 -0.940726 1.000000 1.000000 1.000000
4010.819580 0.000000 3511.913574 0.000000 0.540713 0.000000 -0.841207 1.000000 1.000000 1.000000
3998.858398 0.000000 3535.266846 0.000000 0.277884 0.000000 -0.960615 1.000000 1.000000 1.000000
3992.750488 0.000000 3532.098633 0.000000 0.187303 0.000000 -0.982302 1.000000 1.000000 1.000000
4010.231934 0.000000 3540.824463 0.000000 0.020760 0.000000 -0.999784 1.000000 1.000000 1.000000
4009.745361 0.000000 3537.939209 0.000000 0.018222 0.000000 -0.999834 1.000000 1.000000 1.000000
4094.937500 0.000000 3512.230713 0.000000 0.533401 0.000000 -0.845863 1.000000 1.000000 1.000000
4094.710449 0.000000 3514.184570 0.000000 0.059272 0.000000 -0.998242 1.000000 1.000000 1.000000
4017.758789 0.000000 3587.200928 0.000000 0.207778 0.000000 -0.978176 1.000000 1.000000 1.000000
4016.476807 0.000000 3584.455566 0.000000 0.099044 0.000000 -0.995083 1.000000 1.000000 1.000000
4007.050781 0.000000 3555.756104 0.000000 0.535225 0.000000 -0.844710 1.000000 1.000000 1.000000
4061.350098 0.000000 3559.759277 0.000000 0.469509 0.000000 -0.882928 1.000000 1.000000 1.000000
4056.244873 0.000000 3583.453369 0.000000 0.511911 0.000000 -0.859038 1.000000 1.000000 1.000000
4083.765381 0.000000 3547.645020 0.000000 0.370462 0.000000 -0.928847 1.000000 1.000000 1.000000
4057.777344 0.000000 3583.092773 0.000000 0.361042 0.000000 -0.932550 1.000000 1.000000 1.000000
3636.280273 0.000000 3603.730713 0.000000 0.582944 0.000000 -0.812512 1.000000 1.000000 1.000000
3651.665283 0.000000 3608.210205 0.000000 0.165012 0.000000 -0.986291 1.000000 1.000000 1.000000
3650.316162 0.000000 3609.321533 0.000000 0.137333 0.000000 -0.990525 1.000000 1.000000 1.000000
3650.070801 0.000000 3624.041504 0.000000 0.403602 0.000000 -0.914935 1.000000 1.000000 1.000000
3638.684814 0.000000 3662.745605 0.000000 0.328553 0.000000 -0.944485 1.000000 1.000000 1.000000
3622.834961 0.000000 3673.447510 0.000000 0.113669 0.000000 -0.993519 1.000000 1.000000 1.000000
3700.139648 0.000000 3656.635254 0.000000 0.412030 0.000000 -0.911170 1.000000 1.000000 1.000000
3656.887451 0.000000 3648.418213 0.000000 0.474754 0.000000 -0.880119 1.000000 1.000000 1.000000
3678.428223 0.000000 3659.043457 0.000000 0.092473 0.000000 -0.995715 1.000000 1.000000 1.000000
3661.873047 0.000000 3645.647949 0.000000 0.240361 0.000000 -0.970683 1.000000 1.000000 1.000000
3660.805176 0.000000 3644.569580 0.000000 0.461242 0.000000 -0.887275 1.000000 1.000000 1.000000
3736.283936 0.000000 3677.937744 0.000000 0.540559 0.000000 -0.841306 1.000000 1.000000 1.000000
3737.224609 0.000000 3723.411621 0.000000 0.022028 0.000000 -0.999757 1.000000 1.000000 1.000000
3719.562500 0.000000 3726.933105 0.000000 0.425212 0.000000 -0.905094 1.000000 1.000000 1.000000
3784.575195 0.000000 3714.035156 0.000000 0.158880 0.000000 -0.987298 1.000000 1.000000 1.000000
3790.694580 0.000000 3698.537842 0.000000 0.004536 0.000000 -0.999990 1.000000 1.000000 1.000000
3720.648682 0.000000 3732.182129 0.000000 0.466087 0.000000 -0.884739 1.000000 1.000000 1.000000
3797.984375 0.000000 3741.787842 0.000000 0.416961 0.000000 -0.908925 1.000000 1.000000 1.000000
3876.982422 0.000000 3595.921143 0.000000 0.252549 0.000000 -0.967584 1.000000 1.000000 1.000000
3879.381104 0.000000 3630.268066 0.000000 0.545305 0.000000 -0.838238 1.000000 1.000000 1.000000
3878.937744 0.000000 3631.767090 0.000000 0.127579 0.000000 -0.991828 1.000000 1.000000 1.000000
3951.466064 0.000000 3606.105713 0.000000 0.214928 0.000000 -0.976630 1.000000 1.000000 1.000000
3880.929688 0.000000 3656.657959 0.000000 0.326217 0.000000 -0.945295 1.000000 1.000000 1.000000
3878.922119 0.000000 3657.388184 0.000000 0.421046 0.000000 -0.907039 1.000000 1.000000 1.000000
3883.988281 0.000000 3644.824951 0.000000 0.235788 0.000000 -0.971804 1.000000 1.000000 1.000000
3926.471191 0.000000 3642.911377 0.000000 0.389354 0.000000 -0.921088 1.000000 1.000000 1.000000
3971.739502 0.000000 3619.139893 0.000000 0.149482 0.000000 -0.988764 1.000000 1.000000 1.000000
4012.414551 0.000000 3608.233643 0.000000 0.098379 0.000000 -0.995149 1.000000 1.000000 1.000000
4014.857666 0.000000 3609.469971 0.000000 0.173717 0.000000 -0.984796 1.000000 1.000000 1.000000
4015.217285 0.000000 3630.168213 0.000000 0.239628 0.000000 -0.970865 1.000000 1.000000 1.000000
4056.863037 0.000000 3619.307861 0.000000 0.211392 0.000000 -0.977401 1.000000 1.000000 1.000000
4058.188232 0.000000 3636.825439 0.000000 0.520667 0.000000 -0.853760 1.000000 1.000000 1.000000
4084.925293 0.000000 3598.293213 0.000000 0.520409 0.000000 -0.853917 1.000000 1.000000 1.000000
4081.501953 0.000000 3594.900635 0.000000 0.400247 0.000000 -0.916407 1.000000 1.000000 1.000000
4014.018799 0.000000 3682.938477 0.000000 0.307892 0.000000 -0.951421 1.000000 1.000000 1.000000
3972.628662 0.000000 3678.208496 0.000000 0.198263 0.000000 -0.980149 1.000000 1.000000 1.000000
4073.328613 0.000000 3659.342773 0.000000 0.267846 0.000000 -0.963462 1.000000 1.000000 1.000000
4072.302002 0.000000 3678.854248 0.000000 0.551045 0.000000 -0.834476 1.000000 1.000000 1.000000
4013.183350 0.000000 3685.763672 0.000000 0.531958 0.000000 -0.846771 1.000000 1.000000 1.000000
4065.766602 0.000000 3696.362793 0.000000 0.146391 0.000000 -0.989227 1.000000 1.000000 1.000000
4065.137207 0.000000 3701.180176 0.000000 0.016384 0.000000 -0.999866 1.000000 1.000000 1.000000
4082.428955 0.000000 3730.327393 0.000000 0.519774 0.000000 -0.854304 1.000000 1.000000 1.000000
4095.027832 0.000000 3767.384277 0.000000 0.536016 0.000000 -0.844208 1.000000 1.000000 1.000000
4094.405518 0.000000 3738.832275 0.000000 0.486842 0.000000 -0.873490 1.000000 1.000000 1.000000
4091.678467 0.000000 3737.663818 0.000000 0.201236 0.000000 -0.979543 1.000000 1.000000 1.000000
4086.559326 0.000000 3735.638916 0.000000 0.410886 0.000000 -0.911687 1.000000 1.000000 1.000000
4083.977295 0.000000 3733.815674 0.000000 0.516787 0.000000 -0.856114 1.000000 1.000000 1.000000
2515.525879 0.000000 4464.014648 0.000000 0.538641 0.000000 -0.842536 1.000000 1.000000 1.000000
2503.312012 0.000000 4475.835938 0.000000 0.526300 0.000000 -0.850299 1.000000 1.000000 1.000000
2517.877930 0.000000 4464.076172 0.000000 0.365407 0.000000 -0.930848 1.000000 1.000000 1.000000
2515.747559 0.000000 4471.201172 0.000000 0.201820 0.000000 -0.979423 1.000000 1.000000 1.000000
2521.921143 0.000000 4475.764648 0.000000 0.218896 0.000000 -0.975748 1.000000 1.000000 1.000000
2871.197754 0.000000 4270.800293 0.000000 0.425225 0.000000 -0.905088 1.000000 1.000000 1.000000
2865.828125 0.000000 4264.776855 0.000000 0.322588 0.000000 -0.946539 1.000000 1.000000 1.000000
2860.555176 0.000000 4269.624512 0.000000 0.283259 0.000000 -0.959044 1.000000 1.000000 1.000000
2952.051514 0.000000 4289.160645 0.000000 0.426187 0.000000 -0.904635 1.000000 1.000000 1.000000
2574.047363 0.000000 4470.066406 0.000000 0.553014 0.000000 -0.833172 1.000000 1.000000 1.000000
2670.669434 0.000000 4511.745605 0.000000 0.577072 0.000000 -0.816693 1.000000 1.000000 1.000000
2742.439941 0.000000 4534.581055 0.000000 0.024129 0.000000 -0.999709 1.000000 1.000000 1.000000
2747.344482 0.000000 4522.333008 0.000000 0.490431 0.000000 -0.871480 1.000000 1.000000 1.000000
2752.862061 0.000000 4534.958496 0.000000 0.543600 0.000000 -0.839345 1.000000 1.000000 1.000000
2768.730225 0.000000 4526.369629 0.000000 0.273490 0.000000 -0.961875 1.000000 1.000000 1.000000
3361.380615 0.000000 3866.619385 0.000000 0.532256 0.000000 -0.846583 1.000000 1.000000 1.000000
3519.869629 0.000000 3783.429443 0.000000 0.220183 0.000000 -0.975459 1.000000 1.000000 1.000000
3557.806641 0.000000 3793.684082 0.000000 0.515942 0.000000 -0.856624 1.000000 1.000000 1.000000
3753.960205 0.000000 3785.746338 0.000000 0.341830 0.000000 -0.939762 1.000000 1.000000 1.000000
3753.009033 0.000000 3787.215332 0.000000 0.131337 0.000000 -0.991338 1.000000 1.000000 1.000000
4065.263184 0.000000 3826.898193 0.000000 0.379609 0.000000 -0.925147 1.000000 1.000000 1.000000
3195.289795 0.000000 4238.879883 0.000000 0.444467 0.000000 -0.895795 1.000000 1.000000 1.000000
3195.206299 0.000000 4233.811523 0.000000 0.447762 0.000000 -0.894153 1.000000 1.000000 1.000000
3202.545654 0.000000 4243.625488 0.000000 0.058553 0.000000 -0.998284 1.000000 1.000000 1.000000
3199.616455 0.000000 4243.258789 0.000000 0.547543 0.000000 -0.836778 1.000000 1.000000 1.000000
3176.441162 0.000000 4261.199707 0.000000 0.487890 0.000000 -0.872905 1.000000 1.000000 1.000000
3195.764160 0.000000 4275.555664 0.000000 0.184890 0.000000 -0.982759 1.000000 1.000000 1.000000
3195.961670 0.000000 4280.074707 0.000000 0.403579 0.000000 -0.914945 1.000000 1.000000 1.000000
3485.029785 0.000000 4291.508789 0.000000 0.347656 0.000000 -0.937622 1.000000 1.000000 1.000000
3462.028320 0.000000 4299.283691 0.000000 0.042354 0.000000 -0.999103 1.000000 1.000000 1.000000
3485.963623 0.000000 4303.614258 0.000000 0.391265 0.000000 -0.920278 1.000000 1.000000 1.000000
3575.111816 0.000000 4365.284668 0.000000 0.357648 0.000000 -0.933857 1.000000 1.000000 1.000000
3487.940430 0.000000 4448.861328 0.000000 0.404286 0.000000 -0.914633 1.000000 1.000000 1.000000
3588.637939 0.000000 4361.532715 0.000000 0.529885 0.000000 -0.848070 1.000000 1.000000 1.000000
2453.263428 0.000000 4600.390137 0.000000 0.444334 0.000000 -0.895861 1.000000 1.000000 1.000000
2455.018311 0.000000 4608.014648 0.000000 0.038331 0.000000 -0.999265 1.000000 1.000000 1.000000
2453.295898 0.000000 4601.618164 0.000000 0.508005 0.000000 -0.861354 1.000000 1.000000 1.000000
2523.947510 0.000000 4596.173828 0.000000 0.249807 0.000000 -0.968296 1.000000 1.000000 1.000000
2525.024902 0.000000 4588.658203 0.000000 0.303658 0.000000 -0.952781 1.000000 1.000000 1.000000
2521.679688 0.000000 4597.124512 0.000000 0.559647 0.000000 -0.828731 1.000000 1.000000 1.000000
2517.877930 0.000000 4605.802734 0.000000 0.490438 0.000000 -0.871476 1.000000 1.000000 1.000000
2523.329346 0.000000 4587.334473 0.000000 0.278261 0.000000 -0.960505 1.000000 1.000000 1.000000
2450.913818 0.000000 4657.937500 0.000000 0.546622 0.000000 -0.837379 1.000000 1.000000 1.000000
2455.526611 0.000000 4659.584961 0.000000 0.173274 0.000000 -0.984874 1.000000 1.000000 1.000000
2454.979248 0.000000 4736.084473 0.000000 0.197326 0.000000 -0.980338 1.000000 1.000000 1.000000
2451.996582 0.000000 4734.820312 0.000000 0.412885 0.000000 -0.910783 1.000000 1.000000 1.000000
2509.510254 0.000000 4771.149902 0.000000 0.471582 0.000000 -0.881822 1.000000 1.000000 1.000000
2536.026611 0.000000 4805.446777 0.000000 0.571686 0.000000 -0.820473 1.000000 1.000000 1.000000
2525.892578 0.000000 4803.500977 0.000000 0.249877 0.000000 -0.968278 1.000000 1.000000 1.000000
2660.668213 0.000000 4564.479004 0.000000 0.177359 0.000000 -0.984146 1.000000 1.000000 1.000000
2666.542480 0.000000 4562.233887 0.000000 0.446174 0.000000 -0.894946 1.000000 1.000000 1.000000
2720.162598 0.000000 4550.011230 0.000000 0.259730 0.000000 -0.965681 1.000000 1.000000 1.000000
2690.608154 0.000000 4574.320801 0.000000 0.316003 0.000000 -0.948758 1.000000 1.000000 1.000000
2736.062256 0.000000 4543.729980 0.000000 0.174925 0.000000 -0.984582 1.000000 1.000000 1.000000
2726.117676 0.000000 4557.058105 0.000000 0.121282 0.000000 -0.992618 1.000000 1.000000 1.000000
2690.838867 0.000000 4572.159668 0.000000 0.428114 0.000000 -0.903725 1.000000 1.000000 1.000000
2752.740967 0.000000 4536.149902 0.000000 0.336708 0.000000 -0.941609 1.000000 1.000000 1.000000
2800.028076 0.000000 4681.170898 0.000000 0.392069 0.000000 -0.919936 1.000000 1.000000 1.000000
2995.162842 0.000000 4707.915527 0.000000 0.288062 0.000000 -0.957612 1.000000 1.000000 1.000000
3003.313232 0.000000 4711.301758 0.000000 0.469859 0.000000 -0.882742 1.000000 1.000000 1.000000
2997.773193 0.000000 4705.456543 0.000000 0.070682 0.000000 -0.997499 1.000000 1.000000 1.000000
3015.249512 0.000000 4712.046875 0.000000 0.553284 0.000000 -0.832993 1.000000 1.000000 1.000000
3018.625244 0.000000 4720.812988 0.000000 0.374084 0.000000 -0.927395 1.000000 1.000000 1.000000
2583.909180 0.000000 4912.130859 0.000000 0.030409 0.000000 -0.999538 1.000000 1.000000 1.000000
2585.455322 0.000000 4918.750000 0.000000 0.529165 0.000000 -0.848519 1.000000 1.000000 1.000000
3550.809326 0.000000 4658.589355 0.000000 0.529058 0.000000 -0.848586 1.000000 1.000000 1.000000
3558.417725 0.000000 4653.377441 0.000000 0.564187 0.000000 -0.825647 1.000000 1.000000 1.000000
4205.486816 0.000000 3153.009277 0.000000 0.119801 0.000000 -0.992798 1.000000 1.000000 1.000000
4098.436523 0.000000 3204.296875 0.000000 0.279382 0.000000 -0.960180 1.000000 1.000000 1.000000
4138.028809 0.000000 3176.066162 0.000000 0.527206 0.000000 -0.849738 1.000000 1.000000 1.000000
4130.860352 0.000000 3183.041504 0.000000 0.455629 0.000000 -0.890170 1.000000 1.000000 1.000000
4182.768555 0.000000 3177.092285 0.000000 0.077041 0.000000 -0.997028 1.000000 1.000000 1.000000
4165.172852 0.000000 3190.037598 0.000000 0.111369 0.000000 -0.993779 1.000000 1.000000 1.000000
4164.567871 0.000000 3180.477783 0.000000 0.037147 0.000000 -0.999310 1.000000 1.000000 1.000000
4201.628418 0.000000 3167.513916 0.000000 0.330916 0.000000 -0.943660 1.000000 1.000000 1.000000
4167.451660 0.000000 3185.408691 0.000000 0.061259 0.000000 -0.998122 1.000000 1.000000 1.000000
4169.993652 0.000000 3185.705078 0.000000 0.182625 0.000000 -0.983183 1.000000 1.000000 1.000000
4162.077637 0.000000 3178.230957 0.000000 0.499494 0.000000 -0.866317 1.000000 1.000000 1.000000
4231.340820 0.000000 3148.968994 0.000000 0.405155 0.000000 -0.914248 1.000000 1.000000 1.000000
4227.522949 0.000000 3152.230957 0.000000 0.197371 0.000000 -0.980329 1.000000 1.000000 1.000000
4244.859375 0.000000 3156.057861 0.000000 0.429508 0.000000 -0.903063 1.000000 1.000000 1.000000
4234.925293 0.000000 3175.927979 0.000000 0.447144 0.000000 -0.894462 1.000000 1.000000 1.000000
4234.926758 0.000000 3166.922363 0.000000 0.189811 0.000000 -0.981821 1.000000 1.000000 1.000000
4235.397461 0.000000 3174.559326 0.000000 0.390690 0.000000 -0.920522 1.000000 1.000000 1.000000
4234.022461 0.000000 3168.321045 0.000000 0.234183 0.000000 -0.972193 1.000000 1.000000 1.000000
4333.471191 0.000000 3200.251465 0.000000 0.474351 0.000000 -0.880336 1.000000 1.000000 1.000000
4317.774414 0.000000 3184.912598 0.000000 0.480745 0.000000 -0.876861 1.000000 1.000000 1.000000
4307.727539 0.000000 3179.634766 0.000000 0.562407 0.000000 -0.826861 1.000000 1.000000 1.000000
4309.734863 0.000000 3194.945068 0.000000 0.566131 0.000000 -0.824315 1.000000 1.000000 1.000000
4339.541992 0.000000 3206.709961 0.000000 0.253614 0.000000 -0.967306 1.000000 1.000000 1.000000
4336.437988 0.000000 3206.518066 0.000000 0.073983 0.000000 -0.997259 1.000000 1.000000 1.000000
4334.578125 0.000000 3198.378662 0.000000 0.543995 0.000000 -0.839089 1.000000 1.000000 1.000000
4298.193359 0.000000 3181.251465 0.000000 0.357134 0.000000 -0.934053 1.000000 1.000000 1.000000
4309.224609 0.000000 3181.093018 0.000000 0.433539 0.000000 -0.901135 1.000000 1.000000 1.000000
4309.737305 0.000000 3179.289062 0.000000 0.047212 0.000000 -0.998885 1.000000 1.000000 1.000000
4321.732910 0.000000 3206.896973 0.000000 0.296744 0.000000 -0.954957 1.000000 1.000000 1.000000
4322.415527 0.000000 3192.348145 0.000000 0.574179 0.000000 -0.818730 1.000000 1.000000 1.000000
4322.538574 0.000000 3205.436279 0.000000 0.049800 0.000000 -0.998759 1.000000 1.000000 1.000000
4313.222168 0.000000 3208.464355 0.000000 0.246740 0.000000 -0.969082 1.000000 1.000000 1.000000
4598.213379 0.000000 3117.315186 0.000000 0.191819 0.000000 -0.981430 1.000000 1.000000 1.000000
4378.639648 0.000000 3188.885986 0.000000 0.580079 0.000000 -0.814560 1.000000 1.000000 1.000000
4360.668945 0.000000 3187.702881 0.000000 0.493394 0.000000 -0.869806 1.000000 1.000000 1.000000
4570.616211 0.000000 3141.643799 0.000000 0.040101 0.000000 -0.999196 1.000000 1.000000 1.000000
4570.519043 0.000000 3138.461426 0.000000 0.559608 0.000000 -0.828757 1.000000 1.000000 1.000000
4564.728027 0.000000 3130.518799 0.000000 0.238622 0.000000 -0.971112 1.000000 1.000000 1.000000
4576.643555 0.000000 3127.943848 0.000000 0.111607 0.000000 -0.993752 1.000000 1.000000 1.000000
4321.263672 0.000000 3252.470947 0.000000 0.397811 0.000000 -0.917467 1.000000 1.000000 1.000000
4313.691406 0.000000 3229.876221 0.000000 0.173922 0.000000 -0.984760 1.000000 1.000000 1.000000
4318.715820 0.000000 3241.323730 0.000000 0.347014 0.000000 -0.937860 1.000000 1.000000 1.000000
4319.508301 0.000000 3253.535400 0.000000 0.195576 0.000000 -0.980688 1.000000 1.000000 1.000000
4318.083496 0.000000 3238.552246 0.000000 0.465615 0.000000 -0.884987 1.000000 1.000000 1.000000
4316.353516 0.000000 3216.815918 0.000000 0.158689 0.000000 -0.987329 1.000000 1.000000 1.000000
4341.307129 0.000000 3281.649414 0.000000 0.203236 0.000000 -0.979130 1.000000 1.000000 1.000000
4314.512207 0.000000 3261.084717 0.000000 0.571203 0.000000 -0.820809 1.000000 1.000000 1.000000
4338.575684 0.000000 3279.278076 0.000000 0.056517 0.000000 -0.998402 1.000000 1.000000 1.000000
4150.409668 0.000000 3366.148926 0.000000 0.585885 0.000000 -0.810394 1.000000 1.000000 1.000000
4142.078125 0.000000 3380.455322 0.000000 0.438034 0.000000 -0.898958 1.000000 1.000000 1.000000
4159.861328 0.000000 3384.552734 0.000000 0.453858 0.000000 -0.891074 1.000000 1.000000 1.000000
4575.189453 0.000000 3333.735107 0.000000 0.567707 0.000000 -0.823231 1.000000 1.000000 1.000000
4608.635742 0.000000 3117.692871 0.000000 0.542022 0.000000 -0.840364 1.000000 1.000000 1.000000
4986.455566 0.000000 3163.862549 0.000000 0.458069 0.000000 -0.888917 1.000000 1.000000 1.000000
4988.776855 0.000000 3165.429443 0.000000 0.177453 0.000000 -0.984129 1.000000 1.000000 1.000000
4985.515137 0.000000 3171.772461 0.000000 0.282634 0.000000 -0.959228 1.000000 1.000000 1.000000
4983.077637 0.000000 3170.073486 0.000000 0.282293 0.000000 -0.959328 1.000000 1.000000 1.000000
4983.535156 0.000000 3167.688232 0.000000 0.265744 0.000000 -0.964044 1.000000 1.000000 1.000000
4989.001465 0.000000 3177.877930 0.000000 0.430016 0.000000 -0.902821 1.000000 1.000000 1.000000
4987.666992 0.000000 3179.444336 0.000000 0.568826 0.000000 -0.822458 1.000000 1.000000 1.000000
5012.721680 0.000000 3172.884766 0.000000 0.491435 0.000000 -0.870914 1.000000 1.000000 1.000000
4991.427246 0.000000 3165.264160 0.000000 0.574632 0.000000 -0.818412 1.000000 1.000000 1.000000
4613.887695 0.000000 3354.439697 0.000000 0.477588 0.000000 -0.878584 1.000000 1.000000 1.000000
4664.475586 0.000000 3366.768799 0.000000 0.546134 0.000000 -0.837698 1.000000 1.000000 1.000000
4617.904297 0.000000 3354.830322 0.000000 0.390734 0.000000 -0.920504 1.000000 1.000000 1.000000
4679.389160 0.000000 3374.377441 0.000000 0.512658 0.000000 -0.858593 1.000000 1.000000 1.000000
4808.383789 0.000000 3390.071289 0.000000 0.352094 0.000000 -0.935965 1.000000 1.000000 1.000000
5072.205078 0.000000 3265.936035 0.000000 0.081470 0.000000 -0.996676 1.000000 1.000000 1.000000
4110.296387 0.000000 3410.723877 0.000000 0.513374 0.000000 -0.858165 1.000000 1.000000 1.000000
4150.985352 0.000000 3490.300781 0.000000 0.579406 0.000000 -0.815039 1.000000 1.000000 1.000000
4137.475586 0.000000 3487.787598 0.000000 0.077335 0.000000 -0.997005 1.000000 1.000000 1.000000
4153.881836 0.000000 3492.965820 0.000000 0.164467 0.000000 -0.986383 1.000000 1.000000 1.000000
4100.801270 0.000000 3508.783203 0.000000 0.473214 0.000000 -0.880948 1.000000 1.000000 1.000000
4214.614746 0.000000 3568.261230 0.000000 0.584440 0.000000 -0.811437 1.000000 1.000000 1.000000
4156.284180 0.000000 3620.895020 0.000000 0.017019 0.000000 -0.999855 1.000000 1.000000 1.000000
4103.116699 0.000000 3625.476318 0.000000 0.177533 0.000000 -0.984115 1.000000 1.000000 1.000000
4103.911133 0.000000 3627.770020 0.000000 0.205285 0.000000 -0.978702 1.000000 1.000000 1.000000
4128.697754 0.000000 3647.607910 0.000000 0.019590 0.000000 -0.999808 1.000000 1.000000 1.000000
4125.885742 0.000000 3642.223633 0.000000 0.331912 0.000000 -0.943310 1.000000 1.000000 1.000000
4163.262695 0.000000 3640.395996 0.000000 0.118955 0.000000 -0.992900 1.000000 1.000000 1.000000
4163.889160 0.000000 3642.309082 0.000000 0.483143 0.000000 -0.875541 1.000000 1.000000 1.000000
4116.466309 0.000000 3728.487061 0.000000 0.565139 0.000000 -0.824995 1.000000 1.000000 1.000000
4113.384766 0.000000 3688.792725 0.000000 0.477356 0.000000 -0.878710 1.000000 1.000000 1.000000
4106.311523 0.000000 3769.019775 0.000000 0.300151 0.000000 -0.953892 1.000000 1.000000 1.000000
4102.813965 0.000000 3771.747314 0.000000 0.332434 0.000000 -0.943126 1.000000 1.000000 1.000000
4096.559570 0.000000 3768.441406 0.000000 0.268256 0.000000 -0.963348 1.000000 1.000000 1.000000
4140.207031 0.000000 3770.011719 0.000000 0.516177 0.000000 -0.856482 1.000000 1.000000 1.000000
4109.314941 0.000000 3779.063721 0.000000 0.335707 0.000000 -0.941967 1.000000 1.000000 1.000000
4138.621094 0.000000 3740.299316 0.000000 0.405591 0.000000 -0.914055 1.000000 1.000000 1.000000
4104.536133 0.000000 3761.277344 0.000000 0.329370 0.000000 -0.944201 1.000000 1.000000 1.000000
4141.474121 0.000000 3748.222168 0.000000 0.070052 0.000000 -0.997543 1.000000 1.000000 1.000000
4106.232910 0.000000 3760.649414 0.000000 0.496329 0.000000 -0.868134 1.000000 1.000000 1.000000
4119.820312 0.000000 3766.967529 0.000000 0.573248 0.000000 -0.819382 1.000000 1.000000 1.000000
4097.018555 0.000000 3771.647949 0.000000 0.571185 0.000000 -0.820821 1.000000 1.000000 1.000000
4104.140137 0.000000 3770.983887 0.000000 0.437437 0.000000 -0.899249 1.000000 1.000000 1.000000
4105.241699 0.000000 3769.980957 0.000000 0.037745 0.000000 -0.999287 1.000000 1.000000 1.000000
4109.152832 0.000000 3767.160645 0.000000 0.244483 0.000000 -0.969654 1.000000 1.000000 1.000000
4106.782715 0.000000 3766.487305 0.000000 0.058013 0.000000 -0.998316 1.000000 1.000000 1.000000
4106.595215 0.000000 3767.841309 0.000000 0.304650 0.000000 -0.952464 1.000000 1.000000 1.000000
4115.164062 0.000000 3761.437500 0.000000 0.314450 0.000000 -0.949274 1.000000 1.000000 1.000000
4177.296875 0.000000 3777.797363 0.000000 0.021957 0.000000 -0.999759 1.000000 1.000000 1.000000
4175.985840 0.000000 3777.766846 0.000000 0.273368 0.000000 -0.961909 1.000000 1.000000 1.000000
4786.339355 0.000000 3439.889648 0.000000 0.029732 0.000000 -0.999558 1.000000 1.000000 1.000000
4789.554688 0.000000 3429.917480 0.000000 0.239952 0.000000 -0.970785 1.000000 1.000000 1.000000
4795.766602 0.000000 3429.715332 0.000000 0.417460 0.000000 -0.908695 1.000000 1.000000 1.000000
4789.558105 0.000000 3428.100342 0.000000 0.322568 0.000000 -0.946546 1.000000 1.000000 1.000000
4825.187500 0.000000 3410.621582 0.000000 0.359836 0.000000 -0.933016 1.000000 1.000000 1.000000
4825.506348 0.000000 3413.454346 0.000000 0.041374 0.000000 -0.999144 1.000000 1.000000 1.000000
4859.584961 0.000000 3406.968506 0.000000 0.024761 0.000000 -0.999693 1.000000 1.000000 1.000000
4829.799805 0.000000 3406.012695 0.000000 0.422414 0.000000 -0.906403 1.000000 1.000000 1.000000
4810.159668 0.000000 3406.851562 0.000000 0.345114 0.000000 -0.938561 1.000000 1.000000 1.000000
4841.827637 0.000000 3455.051025 0.000000 0.412674 0.000000 -0.910879 1.000000 1.000000 1.000000
4872.362305 0.000000 3419.150879 0.000000 0.402138 0.000000 -0.915579 1.000000 1.000000 1.000000
4881.722168 0.000000 3416.427002 0.000000 0.306512 0.000000 -0.951867 1.000000 1.000000 1.000000
4952.683105 0.000000 3468.631348 0.000000 0.440043 0.000000 -0.897977 1.000000 1.000000 1.000000
4887.779785 0.000000 3527.255615 0.000000 0.343538 0.000000 -0.939139 1.000000 1.000000 1.000000
4892.049805 0.000000 3526.731445 0.000000 0.106815 0.000000 -0.994279 1.000000 1.000000 1.000000
4920.151855 0.000000 3521.581543 0.000000 0.117531 0.000000 -0.993069 1.000000 1.000000 1.000000
4980.846191 0.000000 3511.619141 0.000000 0.335853 0.000000 -0.941914 1.000000 1.000000 1.000000
4978.182617 0.000000 3511.812012 0.000000 0.509771 0.000000 -0.860310 1.000000 1.000000 1.000000
4980.116211 0.000000 3509.246338 0.000000 0.510990 0.000000 -0.859587 1.000000 1.000000 1.000000
4915.991699 0.000000 3562.150879 0.000000 0.048155 0.000000 -0.998840 1.000000 1.000000 1.000000
4979.900879 0.000000 3577.962402 0.000000 0.229452 0.000000 -0.973320 1.000000 1.000000 1.000000
4962.016602 0.000000 3549.387939 0.000000 0.297940 0.000000 -0.954584 1.000000 1.000000 1.000000
4973.175293 0.000000 3551.006836 0.000000 0.320715 0.000000 -0.947176 1.000000 1.000000 1.000000
4961.734375 0.000000 3557.779541 0.000000 0.238129 0.000000 -0.971233 1.000000 1.000000 1.000000
4973.604492 0.000000 3581.981689 0.000000 0.476549 0.000000 -0.879148 1.000000 1.000000 1.000000
4974.316406 0.000000 3547.955566 0.000000 0.475723 0.000000 -0.879595 1.000000 1.000000 1.000000
4961.599121 0.000000 3555.769043 0.000000 0.124828 0.000000 -0.992178 1.000000 1.000000 1.000000
5025.625977 0.000000 3579.051514 0.000000 0.164240 0.000000 -0.986420 1.000000 1.000000 1.000000
5245.493652 0.000000 3170.680420 0.000000 0.586510 0.000000 -0.809942 1.000000 1.000000 1.000000
5266.476074 0.000000 3134.889648 0.000000 0.173726 0.000000 -0.984794 1.000000 1.000000 1.000000
5244.601074 0.000000 3230.066650 0.000000 0.289212 0.000000 -0.957265 1.000000 1.000000 1.000000
5207.588867 0.000000 3258.654053 0.000000 0.298227 0.000000 -0.954495 1.000000 1.000000 1.000000
5226.229980 0.000000 3239.452148 0.000000 0.141112 0.000000 -0.989994 1.000000 1.000000 1.000000
5246.028809 0.000000 3233.059814 0.000000 0.565619 0.000000 -0.824667 1.000000 1.000000 1.000000
5198.264160 0.000000 3250.621094 0.000000 0.071351 0.000000 -0.997451 1.000000 1.000000 1.000000
5206.322754 0.000000 3259.731201 0.000000 0.403386 0.000000 -0.915030 1.000000 1.000000 1.000000
4136.898438 0.000000 3798.384521 0.000000 0.560658 0.000000 -0.828047 1.000000 1.000000 1.000000
4133.728027 0.000000 3819.827148 0.000000 0.175080 0.000000 -0.984554 1.000000 1.000000 1.000000
4128.590820 0.000000 3816.667969 0.000000 0.116265 0.000000 -0.993218 1.000000 1.000000 1.000000
4119.264648 0.000000 3787.162109 0.000000 0.448521 0.000000 -0.893772 1.000000 1.000000 1.000000
4100.983887 0.000000 3781.301514 0.000000 0.162065 0.000000 -0.986780 1.000000 1.000000 1.000000
4909.208496 0.000000 3848.081299 0.000000 0.399329 0.000000 -0.916808 1.000000 1.000000 1.000000
4943.778320 0.000000 3876.948242 0.000000 0.041263 0.000000 -0.999148 1.000000 1.000000 1.000000
4780.542969 0.000000 4044.634766 0.000000 0.448918 0.000000 -0.893573 1.000000 1.000000 1.000000
4792.750000 0.000000 4049.506592 0.000000 0.146564 0.000000 -0.989201 1.000000 1.000000 1.000000
4792.799805 0.000000 4048.008057 0.000000 0.475088 0.000000 -0.879938 1.000000 1.000000 1.000000
4787.831055 0.000000 4053.898438 0.000000 0.576948 0.000000 -0.816781 1.000000 1.000000 1.000000
4811.952148 0.000000 4043.759521 0.000000 0.369112 0.000000 -0.929385 1.000000 1.000000 1.000000
4813.966797 0.000000 4042.376709 0.000000 0.168057 0.000000 -0.985777 1.000000 1.000000 1.000000
4804.566895 0.000000 4043.195068 0.000000 0.473022 0.000000 -0.881051 1.000000 1.000000 1.000000
4795.904297 0.000000 4070.720215 0.000000 0.353875 0.000000 -0.935293 1.000000 1.000000 1.000000
4797.905762 0.000000 4086.814697 0.000000 0.395565 0.000000 -0.918438 1.000000 1.000000 1.000000
4799.376953 0.000000 4086.328125 0.000000 0.154502 0.000000 -0.987993 1.000000 1.000000 1.000000
4803.189941 0.000000 4073.807373 0.000000 0.576732 0.000000 -0.816934 1.000000 1.000000 1.000000
4807.825195 0.000000 4100.191895 0.000000 0.019377 0.000000 -0.999812 1.000000 1.000000 1.000000
4827.666504 0.000000 4123.751953 0.000000 0.077488 0.000000 -0.996993 1.000000 1.000000 1.000000
4847.052734 0.000000 4121.473633 0.000000 0.469075 0.000000 -0.883158 1.000000 1.000000 1.000000
4825.398438 0.000000 4124.702637 0.000000 0.078262 0.000000 -0.996933 1.000000 1.000000 1.000000
4827.184570 0.000000 4125.938477 0.000000 0.106050 0.000000 -0.994361 1.000000 1.000000 1.000000
4975.097656 0.000000 4053.418945 0.000000 0.422348 0.000000 -0.906434 1.000000 1.000000 1.000000
4876.637695 0.000000 4134.914551 0.000000 0.395484 0.000000 -0.918473 1.000000 1.000000 1.000000
4972.580078 0.000000 4124.288574 0.000000 0.002521 0.000000 -0.999997 1.000000 1.000000 1.000000
4970.054199 0.000000 4140.540039 0.000000 0.273352 0.000000 -0.961914 1.000000 1.000000 1.000000
4982.166504 0.000000 4156.643555 0.000000 0.505339 0.000000 -0.862921 1.000000 1.000000 1.000000
4972.024414 0.000000 4120.463379 0.000000 0.310811 0.000000 -0.950472 1.000000 1.000000 1.000000
5007.990723 0.000000 4079.953613 0.000000 0.067729 0.000000 -0.997704 1.000000 1.000000 1.000000
4999.007812 0.000000 4097.898438 0.000000 0.148142 0.000000 -0.988966 1.000000 1.000000 1.000000
5017.248047 0.000000 4062.930176 0.000000 0.117854 0.000000 -0.993031 1.000000 1.000000 1.000000
5015.850098 0.000000 4066.636475 0.000000 0.146642 0.000000 -0.989190 1.000000 1.000000 1.000000
4995.518066 0.000000 4064.397461 0.000000 0.520887 0.000000 -0.853626 1.000000 1.000000 1.000000
4997.071289 0.000000 4134.881836 0.000000 0.527971 0.000000 -0.849262 1.000000 1.000000 1.000000
4604.229980 0.000000 4376.770020 0.000000 0.255530 0.000000 -0.966801 1.000000 1.000000 1.000000
4594.967773 0.000000 4377.220215 0.000000 0.514606 0.000000 -0.857427 1.000000 1.000000 1.000000
4583.863770 0.000000 4370.926270 0.000000 0.407155 0.000000 -0.913359 1.000000 1.000000 1.000000
4605.520020 0.000000 4350.439941 0.000000 0.421547 0.000000 -0.906806 1.000000 1.000000 1.000000
4586.950684 0.000000 4370.100098 0.000000 0.469319 0.000000 -0.883029 1.000000 1.000000 1.000000
4570.435547 0.000000 4372.813965 0.000000 0.460289 0.000000 -0.887769 1.000000 1.000000 1.000000
4583.542969 0.000000 4369.101074 0.000000 0.562160 0.000000 -0.827029 1.000000 1.000000 1.000000
4595.907227 0.000000 4385.931152 0.000000 0.023659 0.000000 -0.999720 1.000000 1.000000 1.000000
4595.937012 0.000000 4373.468750 0.000000 0.569000 0.000000 -0.822338 1.000000 1.000000 1.000000
4582.275391 0.000000 4371.408203 0.000000 0.456899 0.000000 -0.889518 1.000000 1.000000 1.000000
4533.296875 0.000000 4425.178223 0.000000 0.242116 0.000000 -0.970247 1.000000 1.000000 1.000000
4598.355469 0.000000 4405.477539 0.000000 0.405047 0.000000 -0.914296 1.000000 1.000000 1.000000
4606.664062 0.000000 4395.381836 0.000000 0.039572 0.000000 -0.999217 1.000000 1.000000 1.000000
4603.291504 0.000000 4409.311035 0.000000 0.375430 0.000000 -0.926851 1.000000 1.000000 1.000000
4602.502441 0.000000 4486.644043 0.000000 0.074647 0.000000 -0.997210 1.000000 1.000000 1.000000
4594.967773 0.000000 4471.704590 0.000000 0.024632 0.000000 -0.999697 1.000000 1.000000 1.000000
4590.435547 0.000000 4464.503418 0.000000 0.127216 0.000000 -0.991875 1.000000 1.000000 1.000000
4562.556152 0.000000 4442.895996 0.000000 0.412780 0.000000 -0.910831 1.000000 1.000000 1.000000
4602.475098 0.000000 4481.358398 0.000000 0.030356 0.000000 -0.999539 1.000000 1.000000 1.000000
4618.249512 0.000000 4335.926270 0.000000 0.408975 0.000000 -0.912546 1.000000 1.000000 1.000000
4639.928711 0.000000 4313.800293 0.000000 0.182229 0.000000 -0.983256 1.000000 1.000000 1.000000
4610.519043 0.000000 4323.700684 0.000000 0.384695 0.000000 -0.923044 1.000000 1.000000 1.000000
4640.649414 0.000000 4323.608398 0.000000 0.454981 0.000000 -0.890501 1.000000 1.000000 1.000000
4611.655762 0.000000 4325.602539 0.000000 0.202516 0.000000 -0.979279 1.000000 1.000000 1.000000
4613.169434 0.000000 4334.307129 0.000000 0.039333 0.000000 -0.999226 1.000000 1.000000 1.000000
4627.832520 0.000000 4320.566895 0.000000 0.317353 0.000000 -0.948308 1.000000 1.000000 1.000000
4608.796875 0.000000 4318.443359 0.000000 0.000817 0.000000 -1.000000 1.000000 1.000000 1.000000
4609.312988 0.000000 4321.190918 0.000000 0.230403 0.000000 -0.973095 1.000000 1.000000 1.000000
4673.875488 0.000000 4319.655762 0.000000 0.457069 0.000000 -0.889431 1.000000 1.000000 1.000000
4699.063965 0.000000 4303.881348 0.000000 0.185386 0.000000 -0.982666 1.000000 1.000000 1.000000
4800.612305 0.000000 4345.989746 0.000000 0.048942 0.000000 -0.998802 1.000000 1.000000 1.000000
4812.645508 0.000000 4323.883301 0.000000 0.084562 0.000000 -0.996418 1.000000 1.000000 1.000000
4825.091797 0.000000 4337.560059 0.000000 0.001464 0.000000 -0.999999 1.000000 1.000000 1.000000
4803.538574 0.000000 4344.476562 0.000000 0.379234 0.000000 -0.925301 1.000000 1.000000 1.000000
4897.161621 0.000000 4157.593750 0.000000 0.361713 0.000000 -0.932289 1.000000 1.000000 1.000000
4955.569336 0.000000 4202.021484 0.000000 0.446519 0.000000 -0.894774 1.000000 1.000000 1.000000
4607.806641 0.000000 4376.639160 0.000000 0.250019 0.000000 -0.968241 1.000000 1.000000 1.000000
4669.517578 0.000000 4389.865234 0.000000 0.130994 0.000000 -0.991383 1.000000 1.000000 1.000000
4666.481934 0.000000 4388.895996 0.000000 0.344956 0.000000 -0.938619 1.000000 1.000000 1.000000
4659.502930 0.000000 4387.764648 0.000000 0.162886 0.000000 -0.986645 1.000000 1.000000 1.000000
4656.398926 0.000000 4387.572754 0.000000 0.294281 0.000000 -0.955719 1.000000 1.000000 1.000000
4655.076172 0.000000 4404.926758 0.000000 0.349773 0.000000 -0.936835 1.000000 1.000000 1.000000
4625.405273 0.000000 4402.466309 0.000000 0.149281 0.000000 -0.988795 1.000000 1.000000 1.000000
4618.252441 0.000000 4401.910156 0.000000 0.393443 0.000000 -0.919349 1.000000 1.000000 1.000000
4654.660156 0.000000 4407.002930 0.000000 0.280824 0.000000 -0.959759 1.000000 1.000000 1.000000
4620.696289 0.000000 4403.899414 0.000000 0.454251 0.000000 -0.890873 1.000000 1.000000 1.000000
4680.385742 0.000000 4411.236816 0.000000 0.330187 0.000000 -0.943916 1.000000 1.000000 1.000000
4685.372070 0.000000 4397.453125 0.000000 0.065755 0.000000 -0.997836 1.000000 1.000000 1.000000
4724.147461 0.000000 4406.848145 0.000000 0.572615 0.000000 -0.819824 1.000000 1.000000 1.000000
4682.302734 0.000000 4406.543457 0.000000 0.543900 0.000000 -0.839150 1.000000 1.000000 1.000000
4731.824707 0.000000 4413.981934 0.000000 0.375758 0.000000 -0.926718 1.000000 1.000000 1.000000
4723.268555 0.000000 4405.003906 0.000000 0.032575 0.000000 -0.999469 1.000000 1.000000 1.000000
4683.865723 0.000000 4405.721680 0.000000 0.337642 0.000000 -0.941275 1.000000 1.000000 1.000000
4774.694336 0.000000 4382.080566 0.000000 0.448254 0.000000 -0.893906 1.000000 1.000000 1.000000
4788.869629 0.000000 4361.979004 0.000000 0.422959 0.000000 -0.906149 1.000000 1.000000 1.000000
4798.361816 0.000000 4373.578125 0.000000 0.049049 0.000000 -0.998796 1.000000 1.000000 1.000000
4798.319824 0.000000 4352.980957 0.000000 0.514454 0.000000 -0.857518 1.000000 1.000000 1.000000
4764.361328 0.000000 4387.336426 0.000000 0.522809 0.000000 -0.852450 1.000000 1.000000 1.000000
4820.789062 0.000000 4384.354980 0.000000 0.056008 0.000000 -0.998430 1.000000 1.000000 1.000000
4823.813965 0.000000 4348.058105 0.000000 0.511945 0.000000 -0.859018 1.000000 1.000000 1.000000
4813.356445 0.000000 4350.210938 0.000000 0.016018 0.000000 -0.999872 1.000000 1.000000 1.000000
4824.649414 0.000000 4382.458496 0.000000 0.120726 0.000000 -0.992686 1.000000 1.000000 1.000000
4831.951172 0.000000 4366.888672 0.000000 0.339292 0.000000 -0.940681 1.000000 1.000000 1.000000
4822.973633 0.000000 4384.185059 0.000000 0.429391 0.000000 -0.903119 1.000000 1.000000 1.000000
4829.772949 0.000000 4357.722168 0.000000 0.204397 0.000000 -0.978888 1.000000 1.000000 1.000000
4811.638672 0.000000 4362.831543 0.000000 0.523702 0.000000 -0.851901 1.000000 1.000000 1.000000
4739.460449 0.000000 4427.770508 0.000000 0.141095 0.000000 -0.989996 1.000000 1.000000 1.000000
4744.622070 0.000000 4416.000000 0.000000 0.248609 0.000000 -0.968604 1.000000 1.000000 1.000000
4736.593262 0.000000 4420.340820 0.000000 0.563623 0.000000 -0.826032 1.000000 1.000000 1.000000
4776.302734 0.000000 4409.466797 0.000000 0.207657 0.000000 -0.978202 1.000000 1.000000 1.000000
4755.715332 0.000000 4404.125000 0.000000 0.560799 0.000000 -0.827952 1.000000 1.000000 1.000000
4783.060547 0.000000 4404.926758 0.000000 0.257659 0.000000 -0.966236 1.000000 1.000000 1.000000
4741.926758 0.000000 4410.791504 0.000000 0.511473 0.000000 -0.859299 1.000000 1.000000 1.000000
4763.192383 0.000000 4409.391602 0.000000 0.510966 0.000000 -0.859601 1.000000 1.000000 1.000000
4758.559082 0.000000 4410.492188 0.000000 0.379712 0.000000 -0.925105 1.000000 1.000000 1.000000
4735.521484 0.000000 4403.067871 0.000000 0.524010 0.000000 -0.851712 1.000000 1.000000 1.000000
4793.110352 0.000000 4395.561035 0.000000 0.175557 0.000000 -0.984469 1.000000 1.000000 1.000000
4735.441406 0.000000 4425.571289 0.000000 0.304203 0.000000 -0.952607 1.000000 1.000000 1.000000
4754.729004 0.000000 4404.940430 0.000000 0.247982 0.000000 -0.968765 1.000000 1.000000 1.000000
4836.446289 0.000000 4411.924316 0.000000 0.075736 0.000000 -0.997128 1.000000 1.000000 1.000000
4807.065918 0.000000 4405.539062 0.000000 0.212743 0.000000 -0.977108 1.000000 1.000000 1.000000
4842.519043 0.000000 4411.573730 0.000000 0.379065 0.000000 -0.925370 1.000000 1.000000 1.000000
6935.377930 0.000000 3069.685303 0.000000 0.500301 0.000000 -0.865851 1.000000 1.000000 1.000000
6921.263184 0.000000 3159.762207 0.000000 0.140142 0.000000 -0.990131 1.000000 1.000000 1.000000
6920.949219 0.000000 3163.724121 0.000000 0.419118 0.000000 -0.907932 1.000000 1.000000 1.000000
7112.088867 0.000000 3135.697754 0.000000 0.513712 0.000000 -0.857963 1.000000 1.000000 1.000000
6399.518555 0.000000 3736.187256 0.000000 0.062296 0.000000 -0.998058 1.000000 1.000000 1.000000
6411.638672 0.000000 3747.063477 0.000000 0.545687 0.000000 -0.837989 1.000000 1.000000 1.000000
7323.159180 0.000000 3061.957764 0.000000 0.177156 0.000000 -0.984183 1.000000 1.000000 1.000000
7401.757324 0.000000 3053.969727 0.000000 0.406019 0.000000 -0.913865 1.000000 1.000000 1.000000
7417.935059 0.000000 3050.202393 0.000000 0.005547 0.000000 -0.999985 1.000000 1.000000 1.000000
7401.964355 0.000000 3050.483398 0.000000 0.079953 0.000000 -0.996799 1.000000 1.000000 1.000000
7393.332520 0.000000 3051.887451 0.000000 0.264452 0.000000 -0.964399 1.000000 1.000000 1.000000
7395.361328 0.000000 3050.985840 0.000000 0.520110 0.000000 -0.854099 1.000000 1.000000 1.000000
7329.474121 0.000000 3074.756592 0.000000 0.116440 0.000000 -0.993198 1.000000 1.000000 1.000000
7375.701660 0.000000 3087.867676 0.000000 0.390673 0.000000 -0.920529 1.000000 1.000000 1.000000
7380.662109 0.000000 3088.640137 0.000000 0.037214 0.000000 -0.999307 1.000000 1.000000 1.000000
6207.611328 0.000000 3904.216797 0.000000 0.095348 0.000000 -0.995444 1.000000 1.000000 1.000000
6221.057617 0.000000 3920.790283 0.000000 0.292257 0.000000 -0.956340 1.000000 1.000000 1.000000
6151.106445 0.000000 3952.086182 0.000000 0.163582 0.000000 -0.986530 1.000000 1.000000 1.000000
6153.356934 0.000000 3962.879395 0.000000 0.127234 0.000000 -0.991873 1.000000 1.000000 1.000000
6164.216309 0.000000 4059.182373 0.000000 0.152936 0.000000 -0.988236 1.000000 1.000000 1.000000
"}
